timestamp,elapsed_hours,outdoor_temperature_c,solar_radiation_w_m2,wind_m_s,raw_supply_target_c,applied_supply_setpoint_c,raw_pump_target_hz,applied_pump_frequency_hz,near_valve_pct,mid_valve_pct,far_valve_pct,total_flow_m3_h,near_flow_m3_h,mid_flow_m3_h,far_flow_m3_h,pump_pressure_kpa,pump_power_kw,delivered_supply_near_c,delivered_supply_mid_c,delivered_supply_far_c,return_near_c,return_mid_c,return_far_c,station_return_c,required_heat_load_mw,actual_heat_supply_mw,B01_indoor_c,B02_indoor_c,B03_indoor_c,B04_indoor_c,B05_indoor_c,B06_indoor_c,B07_indoor_c,B08_indoor_c,B09_indoor_c,B10_indoor_c,B11_indoor_c,B12_indoor_c,compliance_rate,comfort_rate,overheating_rate,severe_overheating_rate,underheating_rate,P10_c,P50_c,P90_c,near_transport_delay_min,mid_transport_delay_min,far_transport_delay_min,hydraulic_residual,heat_balance_residual,mass_residual,pipe_heat_balance_residual,building_heat_balance_residual,solver_status
2025-01-15T08:05:00+08:00,0.08333333333333333,-5.0,20.0,3.0,51.0,51.0,44.0,44.0,50.0,60.0,85.0,40.36071892016924,13.47054943281936,13.166090914783805,13.724078572566071,72.05862750356954,1.0629890389052437,51.0,51.0,51.0,43.0663640523868,41.97512848921817,41.73283492996985,42.25694425107961,0.3796124,0.4089088060159127,27.671334475422338,27.780643484089026,19.472674375829776,27.509211228106988,23.030927976476896,23.141151602653476,23.07387433206876,22.98068381716112,18.992093926341443,22.960666506895947,22.893268292436666,22.799826604958756,1.0,0.0,0.5,0.25,0.0,19.472674375829776,22.98068381716112,27.509211228106988,13.214011862524671,21.570563490572965,27.03278023645357,2.4750134849298585e-13,0.0,0.0,0.0,3.0009817338537775e-14,converged
2025-01-15T08:10:00+08:00,0.16666666666666666,-5.0,22.22222222222222,3.0055555555555555,51.0,51.0,44.0,44.0,50.0,60.0,85.0,40.36071892016924,13.47054943281936,13.166090914783805,13.724078572566071,72.05862750356954,1.0629890389052437,51.0,51.0,51.0,43.06634989788643,41.974933038618225,41.7325909813662,42.25679281772478,0.3786853333333333,0.40891588848617155,27.671658114840366,27.78095380055343,19.471475443584776,27.50982712399182,23.030346918808792,23.140524086646078,23.073326226470627,22.980235072119704,18.990850664370534,22.96002040424559,22.892701334252894,22.799358620088594,1.0,0.0,0.5,0.25,0.0,19.471475443584776,22.980235072119704,27.50982712399182,13.214011862524671,21.570563490572965,27.03278023645357,2.4750134849298585e-13,4.270388792836244e-16,0.0,4.270388792836242e-16,3.09830138685679e-14,converged
2025-01-15T08:15:00+08:00,0.25,-5.0,24.444444444444443,3.011111111111111,51.0,51.0,44.0,44.0,50.0,60.0,85.0,40.36071892016924,13.47054943281936,13.166090914783805,13.724078572566071,72.05862750356954,1.0629890389052437,51.0,51.0,51.0,43.066370543906004,41.97477407265924,41.73238359821008,42.25667733440597,0.3777582666666667,0.4089212895893286,27.672091596082744,27.781403261174656,19.470395063001963,27.5105236737109,23.029879121622756,23.14003908134433,23.072893263622138,22.97987029573369,18.9897244592511,22.959516869616294,22.892249575845117,22.798974661479434,1.0,0.0,0.5,0.25,0.0,19.470395063001963,22.97987029573369,27.5105236737109,13.214011862524671,21.570563490572965,27.03278023645357,2.4750134849298585e-13,5.693776518402764e-16,0.0,5.693776518402761e-16,3.012246857292911e-14,converged
2025-01-15T08:20:00+08:00,0.3333333333333333,-5.0,26.666666666666668,3.0166666666666666,51.0,51.0,44.0,44.0,50.0,60.0,85.0,40.36071892016924,13.47054943281936,13.166090914783805,13.724078572566071,72.05862750356954,1.0629890389052437,51.0,51.0,51.0,43.06642586728282,41.97465145224333,41.73221263504176,42.25659766518048,0.37683120000000003,0.4089250156833636,27.672634551503883,27.781991424703637,19.46943269246913,27.51130064582136,23.029524121635447,23.13969603444004,23.07257501955212,22.97958919351633,18.98871472496553,22.959155354121727,22.891912595829957,22.79867443638636,1.0,0.0,0.5,0.25,0.0,19.46943269246913,22.97958919351633,27.51130064582136,13.214011862524671,21.570563490572965,27.03278023645357,2.4750134849298585e-13,1.4234311592846749e-16,0.0,1.4234311592846746e-16,3.4185041287545834e-14,converged
2025-01-15T08:25:00+08:00,0.4166666666666667,-5.0,28.88888888888889,3.022222222222222,51.0,51.0,44.0,44.0,50.0,60.0,85.0,40.36071892016924,13.47054943281936,13.166090914783805,13.724078572566071,72.05862750356954,1.0629890389052437,51.0,51.0,51.0,43.06651574530445,41.97456503880455,41.73207794699164,42.256553674630055,0.3759041333333333,0.4089270731017266,27.673286614688717,27.78271785129058,19.468587792848464,27.512157809544476,23.029281457458552,23.139494395765517,23.07237107185051,22.979391472013667,18.987820878429964,22.95893531098876,22.891689974365406,22.79845765308436,1.0,0.0,0.5,0.25,0.0,19.468587792848464,22.979391472013667,27.512157809544476,13.214011862524671,21.570563490572965,27.03278023645357,2.4750134849298585e-13,1.1387391981061112e-15,0.0,1.1387391981061098e-15,3.119873214424681e-14,converged
2025-01-15T08:30:00+08:00,0.5,-5.0,31.11111111111111,3.0277777777777777,51.0,51.0,44.0,44.0,50.0,60.0,85.0,40.36071892016924,13.47054943281936,13.166090914783805,13.724078572566071,72.05862750356954,1.0629890389052437,51.0,51.0,51.0,43.06664005570706,41.97451469430689,41.731979389777806,42.2565452278589,0.37497706666666664,0.40892746815343495,27.674047420448588,27.78358210248053,19.467859827465247,27.513094934763764,23.029150669591033,23.13943361728528,23.072280999662638,22.979276838800928,18.987042339479625,22.95885619554934,22.891581293145162,22.798324020864786,1.0,0.0,0.5,0.25,0.0,19.467859827465247,22.979276838800928,27.513094934763764,13.214011862524671,21.570563490572965,27.03278023645357,2.4750134849298585e-13,5.693690490033517e-16,0.0,5.693690490033514e-16,3.498098070566167e-14,converged
2025-01-15T08:35:00+08:00,0.5833333333333334,-5.0,33.333333333333336,3.033333333333333,51.0,51.0,44.0,44.0,50.0,60.0,85.0,40.36071892016924,13.47054943281936,13.166090914783805,13.724078572566071,72.05862750356954,1.0629890389052437,51.0,51.0,51.0,43.06679867667372,41.974500281242115,41.731916819703585,42.25657219049152,0.37405,0.40892620712316957,27.67491660481714,27.784583741208944,19.467248262096597,27.514111792023076,23.029131300411404,23.13951315308779,23.07230438368346,22.9792450024789,18.98637853085419,22.958917465232386,22.89158613539303,22.79827325003182,1.0,0.0,0.5,0.25,0.0,19.467248262096597,22.9792450024789,27.514111792023076,13.214011862524671,21.570563490572965,27.03278023645357,2.4750134849298585e-13,7.117135060010365e-16,0.0,7.11713506001036e-16,3.327735278342063e-14,converged
2025-01-15T08:40:00+08:00,0.6666666666666666,-5.0,35.55555555555556,3.0388888888888888,51.0,51.0,44.0,44.0,50.0,60.0,85.0,40.36071892016924,13.47054943281936,13.166090914783805,13.724078572566071,72.05862750356954,1.0629890389052437,51.0,51.0,51.0,43.06699148683266,41.97452166262789,41.73189009365515,42.25663442867074,0.37312293333333335,0.4089232962713706,27.675893805046236,27.78572233179728,19.466752564960267,27.515208152524707,23.029222894170044,23.13973245937721,23.072440806151874,22.979295672670336,18.985828878183252,22.95911857955571,22.89170408585732,22.79830505189892,1.0,0.0,0.5,0.25,0.0,19.466752564960267,22.979295672670336,27.515208152524707,13.214011862524671,21.570563490572965,27.03278023645357,2.4750134849298585e-13,5.693748577712678e-16,0.0,5.693748577712674e-16,3.4542230283444646e-14,converged
2025-01-15T08:45:00+08:00,0.75,-5.0,37.77777777777778,3.0444444444444443,51.0,51.0,44.0,44.0,50.0,60.0,85.0,40.36071892016924,13.47054943281936,13.166090914783805,13.724078572566071,72.05862750356954,1.0629890389052437,51.0,51.0,51.0,43.067218365255684,41.97457870200567,41.73189906909908,42.25673180905565,0.37219586666666665,0.40891874183433313,27.67697865960186,27.78699743994861,19.4663722067035,27.51638378812751,23.02942499698154,23.140090994465226,23.072689850845034,22.97942856001637,18.985392809971856,22.959459000117985,22.891934730805268,22.798419138785334,1.0,0.0,0.5,0.25,0.0,19.4663722067035,22.97942856001637,27.51638378812751,13.214011862524671,21.570563490572965,27.03278023645357,2.4750134849298585e-13,9.964170988263119e-16,0.0,9.96417098826311e-16,3.3748159785539585e-14,converged
2025-01-15T08:50:00+08:00,0.8333333333333334,-5.0,40.0,3.05,51.0,51.0,44.0,44.0,50.0,60.0,85.0,40.36071892016924,13.47054943281936,13.166090914783805,13.724078572566071,72.05862750356954,1.0629890389052437,51.0,51.0,51.0,43.067479191456385,41.97467126343872,41.73194360407995,42.25686419881957,0.3712688,0.4089125500243018,27.678170808160083,27.78840863274323,19.466106660391933,27.517638471345002,23.029737156817067,23.140588218762854,23.07305110307268,22.97964337617295,18.9850697575861,22.959938190590716,22.892277658017484,22.798615224012565,1.0,0.0,0.5,0.25,0.0,19.466106660391933,22.97964337617295,27.517638471345002,13.214011862524671,21.570563490572965,27.03278023645357,2.4750134849298585e-13,2.846949104888471e-16,0.0,2.84694910488847e-16,2.923611854869316e-14,converged
2025-01-15T08:55:00+08:00,0.9166666666666666,-5.0,42.22222222222222,3.055555555555556,51.0,51.0,44.0,44.0,50.0,60.0,85.0,40.36071892016924,13.47054943281936,13.166090914783805,13.724078572566071,72.05862750356954,1.0629890389052437,51.0,51.0,51.0,43.067773845388544,41.97479921151009,41.73202355721796,42.257031465648,0.3703417333333333,0.4089047270295661,27.679469891602984,27.789955478634294,19.465955401498533,27.518971975343497,23.030158923496785,23.14122359477233,23.073524149671496,22.979939833807283,18.98485915523882,22.960555616710284,22.892732456782415,22.79889302190091,1.0,0.0,0.5,0.25,0.0,19.465955401498533,22.979939833807283,27.518971975343497,13.214011862524671,21.570563490572965,27.03278023645357,2.4750134849298585e-13,1.423501785765824e-16,0.0,1.4235017857658237e-16,3.880830290360962e-14,converged
2025-01-15T09:00:00+08:00,1.0,-5.0,44.44444444444444,3.0611111111111113,51.0,51.0,44.0,44.0,50.0,60.0,85.0,40.36071892016924,13.47054943281936,13.166090914783805,13.724078572566071,72.05862750356954,1.0629890389052437,51.0,51.0,51.0,43.068102207444454,41.974962411320675,41.732138787706496,42.25723347773664,0.36941466666666667,0.4088952790145541,27.680875552014633,27.791637547443464,19.46591790789261,27.520384073940228,23.030689848682282,23.141996587078985,23.074108578999496,22.980317646594266,18.984760439975325,22.961310746269973,22.893298717890822,22.799252247765953,1.0,0.0,0.5,0.25,0.0,19.46591790789261,22.980317646594266,27.520384073940228,13.214011862524671,21.570563490572965,27.03278023645357,2.4750134849298585e-13,1.4235346774790124e-16,0.0,1.4235346774790124e-16,3.427201385506418e-14,converged
2025-01-15T09:05:00+08:00,1.0833333333333333,-5.0,46.66666666666667,3.066666666666667,51.0,51.0,44.0,44.0,50.0,60.0,85.0,40.36071892016924,13.47054943281936,13.166090914783805,13.724078572566071,72.05862750356954,1.0629890389052437,51.0,51.0,51.0,43.06846415845324,41.97516072848716,41.73228915530983,42.25747010378935,0.36848759999999997,0.40888421211992704,27.682387432677057,27.79345441035657,19.46599365982887,27.52187454160147,23.03132948586904,23.142906662343183,23.074803980930408,22.98077652921298,18.984773051659232,22.962203049112066,22.8939760336303,22.79969261791512,1.0,0.0,0.5,0.25,0.0,19.46599365982887,22.98077652921298,27.52187454160147,13.214011862524671,21.570563490572965,27.03278023645357,2.4750134849298585e-13,1.2812158862899658e-15,0.0,1.281215886289964e-15,2.901917779488618e-14,converged
2025-01-15T09:10:00+08:00,1.1666666666666667,-5.0,48.888888888888886,3.0722222222222224,51.0,51.0,44.0,44.0,50.0,60.0,85.0,40.36071892016924,13.47054943281936,13.166090914783805,13.724078572566071,72.05862750356954,1.0629890389052437,51.0,51.0,51.0,43.06885957967925,41.97539402914013,41.73247452036072,42.257741213016224,0.36756053333333333,0.4088715324626722,27.684005178066236,27.79540563991928,19.46618213993652,27.523443153440695,23.032077390378934,23.14395328929227,23.075609946848108,22.981316197343155,18.984896432958344,22.963231997119948,22.89476399777979,22.80021384964421,1.0,0.0,0.5,0.25,0.0,19.46618213993652,22.981316197343155,27.523443153440695,13.214011862524671,21.570563490572965,27.03278023645357,2.4750134849298585e-13,1.4236173539125388e-16,0.0,1.4236173539125385e-16,3.361741405530437e-14,converged
2025-01-15T09:15:00+08:00,1.25,-5.0,51.111111111111114,3.077777777777778,51.0,51.0,44.0,44.0,50.0,60.0,85.0,40.36071892016924,13.47054943281936,13.166090914783805,13.724078572566071,72.05862750356954,1.0629890389052437,51.0,51.0,51.0,43.06928835282034,41.97566217992199,41.73269474375804,42.25804667513145,0.3666334666666667,0.40885724613619656,27.685728433848105,27.797490810032794,19.466482833208403,27.5250896852167,23.03293311935276,23.145135938712578,23.07652606964104,22.981936367661657,18.985130029330616,22.96439706421025,22.89566220560413,22.80081566123395,1.0,0.0,0.5,0.25,0.0,19.466482833208403,22.981936367661657,27.5250896852167,13.214011862524671,21.570563490572965,27.03278023645357,2.4750134849298585e-13,9.965669686542448e-16,0.0,9.965669686542438e-16,2.3368866078890326e-14,converged
2025-01-15T09:20:00+08:00,1.3333333333333333,-5.0,53.333333333333336,3.0833333333333335,51.0,51.0,44.0,44.0,50.0,60.0,85.0,40.36071892016924,13.47054943281936,13.166090914783805,13.724078572566071,72.05862750356954,1.0629890389052437,51.0,51.0,51.0,43.06975036000633,41.97596504798509,41.732949686964446,42.258386360351494,0.36570640000000004,0.40884135921041936,27.687556846874575,27.799709495949536,19.466895226990218,27.526813913331758,23.03389623174279,23.146454083441427,23.0775519436967,22.982636757838996,18.98547328901019,22.965697726325025,22.89667025384861,22.80149777194658,1.0,0.0,0.5,0.25,0.0,19.466895226990218,22.982636757838996,27.526813913331758,13.214011862524671,21.570563490572965,27.03278023645357,2.4750134849298585e-13,1.1389779356155507e-15,0.0,1.1389779356155493e-15,3.358893874262943e-14,converged
2025-01-15T09:25:00+08:00,1.4166666666666667,-5.0,55.55555555555556,3.088888888888889,51.0,51.0,44.0,44.0,50.0,60.0,85.0,40.36071892016924,13.47054943281936,13.166090914783805,13.724078572566071,72.05862750356954,1.0629890389052437,51.0,51.0,51.0,43.0702454837973,41.97630250098972,41.73323921200407,42.258760139393004,0.3647793333333333,0.4088238777318646,27.68949006517955,27.802061274268876,19.46741881096976,27.528615614829782,23.034966288305384,23.147907198359192,23.0786871648961,22.983417086535848,18.985925662993495,22.96713346142395,22.897787740733584,22.802259902022403,1.0,0.0,0.5,0.25,0.0,19.46741881096976,22.983417086535848,27.528615614829782,13.214011862524671,21.570563490572965,27.03278023645357,2.4750134849298585e-13,1.1390266387844219e-15,0.0,1.1390266387844207e-15,3.1963444939985824e-14,converged
2025-01-15T09:30:00+08:00,1.5,-5.0,57.77777777777778,3.0944444444444446,51.0,51.0,44.0,44.0,50.0,60.0,85.0,40.36071892016924,13.47054943281936,13.166090914783805,13.724078572566071,72.05862750356954,1.0629890389052437,51.0,51.0,51.0,43.07077360718199,41.9766744071022,41.73356318146015,42.259167883470894,0.36385226666666665,0.4088048077237534,27.691527737974994,27.80454572293286,19.46805307716623,27.530494567394474,23.036142851593578,23.149494760381373,23.079931330608268,22.984277073399564,18.986486605025412,22.968703749476546,22.899014265949035,22.803101772676413,1.0,0.0,0.5,0.25,0.0,19.46805307716623,22.984277073399564,27.530494567394474,13.214011862524671,21.570563490572965,27.03278023645357,2.4750134849298585e-13,7.119248577037379e-16,0.0,7.119248577037373e-16,2.6384451791118783e-14,converged
2025-01-15T09:35:00+08:00,1.5833333333333333,-5.0,60.0,3.1,51.0,51.0,44.0,44.0,50.0,60.0,85.0,40.36071892016924,13.47054943281936,13.166090914783805,13.724078572566071,72.05862750356954,1.0629890389052437,51.0,51.0,51.0,43.071334613576184,41.9770806349929,41.733921458472715,42.25960946429637,0.3629252,0.40878415518609507,27.69366951564696,27.80716242122195,19.46879751991957,27.532450549347487,23.037425485949758,23.151216248450716,23.081284039684782,22.98521643906073,18.987155571585525,22.97040807245446,22.90034943064923,22.804023106094878,1.0,0.0,0.5,0.25,0.0,19.46879751991957,22.98521643906073,27.532450549347487,13.214011862524671,21.570563490572965,27.03278023645357,2.4750134849298585e-13,7.119608254748638e-16,0.0,7.119608254748633e-16,3.1339926239406426e-14,converged
2025-01-15T09:40:00+08:00,1.6666666666666667,-5.0,62.22222222222222,3.1055555555555556,51.0,51.0,44.0,44.0,50.0,60.0,85.0,40.36071892016924,13.47054943281936,13.166090914783805,13.724078572566071,72.05862750356954,1.0629890389052437,51.0,51.0,51.0,43.071928386821085,41.977521053834344,41.73431390673635,42.26008475407498,0.36199813333333336,0.4087619260957789,27.695915049751687,27.809910949750773,19.469651635879874,27.534483339646602,23.038813757498335,23.153071143529356,23.082744892454294,22.9862349051297,18.987932021874425,22.97224591432374,22.90179283744735,22.805023625431954,1.0,0.0,0.5,0.25,0.0,19.469651635879874,22.9862349051297,27.534483339646602,13.214011862524671,21.570563490572965,27.03278023645357,2.4750134849298585e-13,0.0,0.0,0.0,3.032243131016479e-14,converged
2025-01-15T09:45:00+08:00,1.75,-5.0,64.44444444444444,3.111111111111111,51.0,51.0,44.0,44.0,50.0,60.0,85.0,40.36071892016924,13.47054943281936,13.166090914783805,13.724078572566071,72.05862750356954,1.0629890389052437,51.0,51.0,51.0,43.072554811181725,41.977995533299236,41.73474039049781,42.26059362550467,0.36107106666666666,0.40873812640666507,27.698263993011665,27.8127908904639,19.470614923996827,27.536592717883895,23.040307234138456,23.155058928590986,23.084313490717104,22.98733219419318,18.988815417800087,22.974216761037162,22.903344090410158,22.80610305480633,1.0,0.0,0.5,0.25,0.0,19.470614923996827,22.98733219419318,27.536592717883895,13.214011862524671,21.570563490572965,27.03278023645357,2.4750134849298585e-13,0.0,0.0,0.0,3.083337279077429e-14,converged
2025-01-15T09:50:00+08:00,1.8333333333333333,-5.0,66.66666666666667,3.1166666666666667,51.0,51.0,44.0,44.0,50.0,60.0,85.0,40.36071892016924,13.47054943281936,13.166090914783805,13.724078572566071,72.05862750356954,1.0629890389052437,51.0,51.0,51.0,43.07321377134535,41.97850394355861,41.73520077455379,42.26113595177384,0.360144,0.4087127620496751,27.700715999311736,27.81580182663163,19.471686885509197,27.538778464283926,23.041905485536738,23.15717908861306,23.08598943773974,22.988508029810784,18.989805223964314,22.976320100526586,22.90500279505268,22.807261119297845,1.0,0.0,0.5,0.25,0.0,19.471686885509197,22.988508029810784,27.538778464283926,13.214011862524671,21.570563490572965,27.03278023645357,2.4750134849298585e-13,4.2725111362971946e-16,0.0,4.2725111362971926e-16,1.8856814743972934e-14,converged
2025-01-15T09:55:00+08:00,1.9166666666666667,-5.0,68.88888888888889,3.1222222222222222,51.0,51.0,44.0,44.0,50.0,60.0,85.0,40.36071892016924,13.47054943281936,13.166090914783805,13.724078572566071,72.05862750356954,1.0629890389052437,51.0,51.0,51.0,43.07390515241985,41.97904615527985,41.73569492424863,42.26171160655944,0.3592169333333333,0.4086858389328822,27.703270723695212,27.818943342845774,19.47286702393438,27.541040359701917,23.04360808312005,23.15943111056903,23.087772338249557,22.98976213651164,18.99090090764926,22.97855542269533,22.906768558332914,22.808497544944164,1.0,0.0,0.5,0.25,0.0,19.47286702393438,22.98976213651164,27.541040359701917,13.214011862524671,21.570563490572965,27.03278023645357,2.4750134849298585e-13,0.0,0.0,0.0,3.066810607712519e-14,converged
2025-01-15T10:00:00+08:00,2.0,-5.0,71.11111111111111,3.1277777777777778,51.0,51.0,44.0,44.0,50.0,60.0,85.0,40.36071892016924,13.47054943281936,13.166090914783805,13.724078572566071,72.05862750356954,1.0629890389052437,51.0,51.0,51.0,43.07462883993213,41.979622039624836,41.73622270547205,42.262320464024995,0.3582898666666667,0.408657362941601,27.705927822359985,27.822215025015467,19.474154845058,27.54337818562194,23.0454146000683,23.161814483420624,23.089661798429347,22.99109423979097,18.992101938804,22.98092221941058,22.908640988646535,22.809812058737418,1.0,0.0,0.5,0.25,0.0,19.474154845058,22.99109423979097,27.54337818562194,13.214011862524671,21.570563490572965,27.03278023645357,2.4750134849298585e-13,7.121817222926869e-16,0.0,7.121817222926864e-16,3.2444795861691743e-14,converged
2025-01-15T10:05:00+08:00,2.0833333333333335,-5.0,73.33333333333334,3.1333333333333333,51.0,51.0,44.0,44.0,50.0,60.0,85.0,40.36071892016924,13.47054943281936,13.166090914783805,13.724078572566071,72.05862750356954,1.0629890389052437,51.0,51.0,51.0,43.07538471982658,41.98023146824802,41.73678398465691,42.26296239881877,0.3573628,0.40862733993847716,27.70868695265467,27.825616460363005,19.47554985692352,27.545791724155123,23.047324611307275,23.16432869811011,23.091657425912,22.992504066106726,18.993407790031192,22.983419984495836,22.91061969582166,22.811204388620894,1.0,0.0,0.5,0.25,0.0,19.47554985692352,22.992504066106726,27.545791724155123,13.214011862524671,21.570563490572965,27.03278023645357,2.4750134849298585e-13,1.4244680965848036e-16,0.0,1.4244680965848036e-16,2.9155567064452784e-14,converged
2025-01-15T10:10:00+08:00,2.1666666666666665,-5.0,75.55555555555556,3.138888888888889,51.0,51.0,44.0,44.0,50.0,60.0,85.0,40.36071892016924,13.47054943281936,13.166090914783805,13.724078572566071,72.05862750356954,1.0629890389052437,51.0,51.0,51.0,43.07617267846346,41.98087431329456,41.73737862877692,42.26363728607178,0.35643573333333334,0.4085957757635765,27.711547773074752,27.82914723741966,19.47705156982196,27.54828075803784,23.0493376935015,23.16697324755265,23.093758829775155,22.993991342876186,18.994817936573778,22.98604821372337,22.912704291113585,22.812674263485718,1.0,0.0,0.5,0.25,0.0,19.47705156982196,22.993991342876186,27.54828075803784,13.214011862524671,21.570563490572965,27.03278023645357,2.4750134849298585e-13,1.139662509817973e-15,0.0,1.1396625098179715e-15,3.308413410325857e-14,converged
2025-01-15T10:15:00+08:00,2.25,-5.0,77.77777777777777,3.1444444444444444,51.0,51.0,44.0,44.0,50.0,60.0,85.0,40.36071892016924,13.47054943281936,13.166090914783805,13.724078572566071,72.05862750356954,1.0629890389052437,51.0,51.0,51.0,43.07699260261734,41.9815504473984,41.738006505344465,42.26434500139595,0.3555086666666667,0.40856267623447384,27.714509943258747,27.832806946021552,19.4786594962816,27.550845070629926,23.05145342504711,23.169747626628634,23.095965620535875,22.99555579847261,18.996331856301772,22.988806404806738,22.914894387199585,22.814221413167548,1.0,0.0,0.5,0.25,0.0,19.4786594962816,22.99555579847261,27.550845070629926,13.214011862524671,21.570563490572965,27.03278023645357,2.4750134849298585e-13,1.13975483908495e-15,0.0,1.1397548390849487e-15,2.9544631157382956e-14,converged
2025-01-15T10:20:00+08:00,2.3333333333333335,-5.0,80.0,3.15,51.0,51.0,44.0,44.0,50.0,60.0,85.0,40.36071892016924,13.47054943281936,13.166090914783805,13.724078572566071,72.05862750356954,1.0629890389052437,51.0,51.0,51.0,43.07784437947555,41.98225974368044,41.73866748240831,42.26508542088222,0.3545816,0.4085280471463412,27.717573123984376,27.836595177305483,19.48037315105778,27.553484445912876,23.053671386064792,23.172651332176073,23.09827741014535,22.99719716222188,18.997949029699118,22.991694057393286,22.917189598173692,22.815845568443287,1.0,0.0,0.5,0.25,0.0,19.48037315105778,22.99719716222188,27.553484445912876,13.214011862524671,21.570563490572965,27.03278023645357,2.4750134849298585e-13,0.0,0.0,0.0,2.783879617333862e-14,converged
2025-01-15T10:25:00+08:00,2.4166666666666665,-5.0,82.22222222222223,3.155555555555556,51.0,51.0,44.0,44.0,50.0,60.0,85.0,40.36071892016924,13.47054943281936,13.166090914783805,13.724078572566071,72.05862750356954,1.0629890389052437,51.0,51.0,51.0,43.07872789663663,41.98300207574664,41.73936142855142,42.265858421098606,0.3536545333333333,0.40849189427203625,27.720736977164755,27.840511523704837,19.48219205112271,27.556198668488072,23.055991158392708,23.175683862983014,23.10069381198363,22.99891516439917,18.999668939850583,22.99471067305672,22.919589539541537,22.817546461027803,1.0,0.0,0.5,0.25,0.0,19.48219205112271,22.99891516439917,27.556198668488072,13.214011862524671,21.570563490572965,27.03278023645357,2.4750134849298585e-13,1.42494041447745e-16,0.0,1.4249404144774498e-16,3.1773214223864855e-14,converged
2025-01-15T10:30:00+08:00,2.5,-5.0,84.44444444444444,3.1611111111111114,51.0,51.0,44.0,44.0,50.0,60.0,85.0,40.36071892016924,13.47054943281936,13.166090914783805,13.724078572566071,72.05862750356954,1.0629890389052437,51.0,51.0,51.0,43.079643042108735,41.98377731768616,41.74008821288876,42.26666387908839,0.35272746666666666,0.4084542233621897,27.724001165844587,27.844555578945457,19.484115715655353,27.558987523575,23.058412325579475,23.178844719779978,23.103214440854334,23.000709536225585,19.00149107242876,22.997855755289688,22.92209382821516,22.81932382357066,1.0,0.0,0.5833333333333334,0.25,0.0,19.484115715655353,23.000709536225585,27.558987523575,13.214011862524671,21.570563490572965,27.03278023645357,2.4750134849298585e-13,8.550431003160829e-16,0.0,8.550431003160821e-16,3.0613012190700783e-14,converged
2025-01-15T10:35:00+08:00,2.5833333333333335,-5.0,86.66666666666667,3.166666666666667,51.0,51.0,44.0,44.0,50.0,60.0,85.0,40.36071892016924,13.47054943281936,13.166090914783805,13.724078572566071,72.05862750356954,1.0629890389052437,51.0,51.0,51.0,43.08058970430814,41.98458534406956,41.74084770506506,42.26750167236825,0.35180039999999996,0.4084150401452926,27.727365354196387,27.848726938041548,19.48614366603134,27.561850797009473,23.060934472877186,23.182133405232427,23.105838912979443,23.00258000986489,19.00341491568109,23.00112880949639,22.924702082507892,22.821177389652863,1.0,0.0,0.6666666666666666,0.25,0.0,19.48614366603134,23.00258000986489,27.561850797009473,13.214011862524671,21.570563490572965,27.03278023645357,2.4750134849298585e-13,4.275625664477991e-16,0.0,4.275625664477989e-16,3.4740308218587564e-14,converged
2025-01-15T10:40:00+08:00,2.6666666666666665,-5.0,88.8888888888889,3.1722222222222225,51.0,51.0,44.0,44.0,50.0,60.0,85.0,40.36071892016924,13.47054943281936,13.166090914783805,13.724078572566071,72.05862750356954,1.0629890389052437,51.0,51.0,51.0,43.081567772057674,41.98542602994686,41.74163977525265,42.26837167892633,0.3508733333333333,0.40837435032778396,27.730829207516692,27.853025197291593,19.48827542581293,27.564788275241874,23.06355718723442,23.185549423933278,23.10856684599405,23.00452631842016,19.005439960416997,23.00452934298521,22.9274139221292,22.823106893783617,1.0,0.0,0.6666666666666666,0.25,0.0,19.48827542581293,23.00452934298521,27.564788275241874,13.214011862524671,21.570563490572965,27.03278023645357,2.4750134849298585e-13,5.701402242011204e-16,0.0,5.701402242011201e-16,2.741592694659415e-14,converged
2025-01-15T10:45:00+08:00,2.75,-5.0,91.11111111111111,3.177777777777778,51.0,51.0,44.0,44.0,50.0,60.0,85.0,40.36071892016924,13.47054943281936,13.166090914783805,13.724078572566071,72.05862750356954,1.0629890389052437,51.0,51.0,51.0,43.08257713458521,41.98629925084575,41.74246429414928,42.26927377722048,0.34994626666666667,0.4083321595941367,27.73439239222231,27.85744995427428,19.490510520739026,27.567799745335375,23.06628005728931,23.18909228239542,23.111397858941174,23.00654819593052,19.007565699995034,23.008056864961407,22.930228968179616,22.825112071397083,1.0,0.0,0.6666666666666666,0.25,0.0,19.490510520739026,23.008056864961407,27.567799745335375,13.214011862524671,21.570563490572965,27.03278023645357,2.4750134849298585e-13,2.850995668395217e-16,0.0,2.850995668395217e-16,3.0551979235441176e-14,converged
2025-01-15T10:50:00+08:00,2.8333333333333335,-5.0,93.33333333333334,3.1833333333333336,51.0,51.0,44.0,44.0,50.0,60.0,85.0,40.36071892016924,13.47054943281936,13.166090914783805,13.724078572566071,72.05862750356954,1.0629890389052437,51.0,51.0,51.0,43.0836176815221,41.987204882769795,41.743321132975915,42.27020784617631,0.34901920000000003,0.40828847360694426,27.738054575846572,27.862000807844435,19.492848478715228,27.570884994964192,23.069102673362636,23.192761489044287,23.114331572266565,23.008645377367834,19.009791630310144,23.011710886519783,22.93314684314561,22.827192658849164,1.0,0.0,0.6666666666666666,0.25,0.0,19.492848478715228,23.011710886519783,27.570884994964192,13.214011862524671,21.570563490572965,27.03278023645357,2.4750134849298585e-13,5.702601437580961e-16,0.0,5.702601437580957e-16,2.7506078279254445e-14,converged
2025-01-15T10:55:00+08:00,2.9166666666666665,-5.0,95.55555555555556,3.188888888888889,51.0,51.0,44.0,44.0,50.0,60.0,85.0,40.36071892016924,13.47054943281936,13.166090914783805,13.724078572566071,72.05862750356954,1.0629890389052437,51.0,51.0,51.0,43.08468930290171,41.98814280219657,41.74421016347461,42.27117376518547,0.3480921333333334,0.40824329800700676,27.741815427035583,27.86667735812899,19.495288829803933,27.57404381241183,23.07202462745094,23.196556554210428,23.117367607813545,23.01081759863346,19.01211724978095,23.01549092063743,22.936167170894553,22.829348393414293,1.0,0.0,0.6666666666666666,0.25,0.0,19.495288829803933,23.01549092063743,27.57404381241183,13.214011862524671,21.570563490572965,27.03278023645357,2.4750134849298585e-13,5.70323247902709e-16,0.0,5.703232479027087e-16,3.3713614280534155e-14,converged
2025-01-15T11:00:00+08:00,3.0,-5.0,97.77777777777777,3.1944444444444446,51.0,51.0,44.0,44.0,50.0,60.0,85.0,40.36071892016924,13.47054943281936,13.166090914783805,13.724078572566071,72.05862750356954,1.0629890389052437,51.0,51.0,51.0,43.08579188915784,41.98911288607583,41.745131257906344,42.27217141410372,0.34716506666666663,0.40819663841341636,27.74567461554451,27.87147920652293,19.497831106214488,27.57727598656933,23.07504551321967,23.200476990122137,23.120505588817856,23.013064596554962,19.014542059337124,23.019396482166474,22.939289576669644,22.831579013282226,1.0,0.0,0.6666666666666666,0.25,0.0,19.497831106214488,23.019396482166474,27.57727598656933,13.214011862524671,21.570563490572965,27.03278023645357,2.4750134849298585e-13,8.555826594708323e-16,0.0,8.555826594708315e-16,3.185689981141497e-14,converged
2025-01-15T11:05:00+08:00,3.0833333333333335,-5.0,100.0,3.2,51.0,51.0,44.0,44.0,50.0,60.0,85.0,40.36071892016924,13.47054943281936,13.166090914783805,13.724078572566071,72.05862750356954,1.0629890389052437,51.0,51.0,51.0,43.08692533112327,41.990115011827704,41.74608428904888,42.273200673249136,0.346238,0.40814850042364254,27.749631812233854,27.876405955685296,19.500474842293375,27.580581306933524,23.078164925996354,23.204522310898096,23.123745139902542,23.01538610888289,19.017065562406817,23.023427087826864,22.94251368708489,22.83388425755486,1.0,0.0,0.6666666666666666,0.25,0.0,19.500474842293375,23.023427087826864,27.580581306933524,13.214011862524671,21.570563490572965,27.03278023645357,2.4750134849298585e-13,7.130696407441174e-16,0.0,7.130696407441169e-16,3.221112091741668e-14,converged
2025-01-15T11:10:00+08:00,3.1666666666666665,-5.083333333333334,100.83333333333333,3.2222222222222223,51.0,51.0,44.0,44.0,50.0,60.0,85.0,40.36071892016924,13.47054943281936,13.166090914783805,13.724078572566071,72.05862750356954,1.0629890389052437,51.0,51.0,51.0,43.088056209179456,41.99111092811887,41.7470290419644,42.27422423619699,0.3472579333333333,0.4081006288424804,27.753492570210373,27.881251396209823,19.502924417465287,27.583801061300335,23.081132974416033,23.208433762377272,23.12685298358606,23.01757588713704,19.019368620740323,23.02732398272507,22.945606223796432,22.836057876702952,1.0,0.0,0.6666666666666666,0.25,0.0,19.502924417465287,23.02732398272507,27.583801061300335,13.214011862524671,21.570563490572965,27.03278023645357,2.4750134849298585e-13,5.705226289757523e-16,0.0,5.705226289757519e-16,3.099296215701566e-14,converged
2025-01-15T11:15:00+08:00,3.25,-5.166666666666666,101.66666666666667,3.2444444444444445,51.0,51.0,44.0,44.0,50.0,60.0,85.0,40.36071892016924,13.47054943281936,13.166090914783805,13.724078572566071,72.05862750356954,1.0629890389052437,51.0,51.0,51.0,43.089151266091186,41.99206257752267,41.74792551799329,42.275204987515316,0.34827786666666666,0.40805475954207904,27.75725721225883,27.88601578593961,19.50518071876897,27.58693549520849,23.08395027762303,23.21221186337759,23.129829604832864,23.019634393322413,19.021452337942403,23.031087681647016,22.948567668080994,22.838100329304407,1.0,0.0,0.6666666666666666,0.25,0.0,19.50518071876897,23.031087681647016,27.58693549520849,13.214011862524671,21.570563490572965,27.03278023645357,2.4750134849298585e-13,1.426466903088897e-16,0.0,1.426466903088897e-16,3.2430727673705965e-14,converged
2025-01-15T11:20:00+08:00,3.3333333333333335,-5.25,102.5,3.2666666666666666,51.0,51.0,44.0,44.0,50.0,60.0,85.0,40.36071892016924,13.47054943281936,13.166090914783805,13.724078572566071,72.05862750356954,1.0629890389052437,51.0,51.0,51.0,43.090210636171655,41.992970128188766,41.74877391409738,42.276143093857875,0.3492978,0.40801088472811575,27.76092606008361,27.890699381900088,19.507244629190662,27.589984853492123,23.086617452229103,23.215857130706276,23.132675486821714,23.02156208782371,19.023317812092877,23.034718697396702,22.951398499454864,22.840012072339455,1.0,0.0,0.6666666666666666,0.25,0.0,19.507244629190662,23.034718697396702,27.589984853492123,13.214011862524671,21.570563490572965,27.03278023645357,2.4750134849298585e-13,8.559721775891587e-16,0.0,8.559721775891579e-16,3.0651874927197546e-14,converged
2025-01-15T11:25:00+08:00,3.4166666666666665,-5.333333333333334,103.33333333333333,3.288888888888889,51.0,51.0,44.0,44.0,50.0,60.0,85.0,40.36071892016924,13.47054943281936,13.166090914783805,13.724078572566071,72.05862750356954,1.0629890389052437,51.0,51.0,51.0,43.091234453211804,41.99383374762586,41.749574426415485,42.2770387212152,0.3503177333333334,0.4079689966372887,27.764499434312352,27.895302440301627,19.50911702768262,27.592949380282796,23.089135112323813,23.219370079167632,23.135391110952234,23.02335942941102,19.024966135774285,23.038217540803835,22.95409919568033,22.841793561196226,1.0,0.0,0.6666666666666666,0.25,0.0,19.50911702768262,23.038217540803835,27.592949380282796,13.214011862524671,21.570563490572965,27.03278023645357,2.4750134849298585e-13,4.2803003213416617e-16,0.0,4.2803003213416597e-16,2.6196568741238484e-14,converged
2025-01-15T11:30:00+08:00,3.5,-5.416666666666666,104.16666666666667,3.3111111111111113,51.0,51.0,44.0,44.0,50.0,60.0,85.0,40.36071892016924,13.47054943281936,13.166090914783805,13.724078572566071,72.05862750356954,1.0629890389052437,51.0,51.0,51.0,43.092222850482436,41.99465360270409,41.75032725026682,42.2778920349172,0.3513376666666666,0.407929087537191,27.767977654499532,27.89982521654211,19.510798789181536,27.595829319011518,23.091503869484836,23.22275122157081,23.13797695685147,23.025026875245473,19.026398396099413,23.04158472073143,22.956670232772105,22.843445249676293,1.0,0.0,0.6666666666666666,0.25,0.0,19.510798789181536,23.04158472073143,27.595829319011518,13.214011862524671,21.570563490572965,27.03278023645357,2.4750134849298585e-13,5.707625437047129e-16,0.0,5.707625437047125e-16,3.146049283790707e-14,converged
2025-01-15T11:35:00+08:00,3.5833333333333335,-5.5,105.0,3.3333333333333335,51.4,51.4,44.2,44.2,50.0,60.0,85.0,40.54417673343772,13.531779202966865,13.22593678257664,13.786460747894214,72.71519475005029,1.0775503315615431,51.0,51.0,51.0,43.12233035916238,42.02878061339269,41.78527901310278,42.31095796596264,0.3523576,0.4082298024108436,27.771404055903236,27.90430848928833,19.5123199201368,27.59866206653108,23.093768758854495,23.226042962392448,23.140473427267302,23.026603062718433,19.027656804234464,23.044865309852337,22.95915455577469,22.84500820587794,1.0,0.0,0.6666666666666666,0.25,0.0,19.5123199201368,23.044865309852337,27.59866206653108,13.154219953646097,21.47295913088977,26.910459963893757,1.1891713201276387e-16,5.703421021171507e-16,0.0,8.689792695782953e-16,3.3453854223249005e-14,converged
2025-01-15T11:40:00+08:00,3.6666666666666665,-5.583333333333334,105.83333333333333,3.3555555555555556,51.4,51.4,44.2,44.2,50.0,60.0,85.0,40.54417673343772,13.531779202966865,13.22593678257664,13.786460747894214,72.71519475005029,1.0775503315615431,51.0,51.0,51.0,43.123256663091844,42.02952391959203,41.785948057417116,42.311737096697904,0.3533775333333334,0.40819319718038616,27.774735788933025,27.908711851938065,19.51365201757137,27.601410599709894,23.095885775742136,23.229203749592447,23.142840922920506,23.028050127985747,19.028701099552926,23.048015070646716,22.96151000743924,22.846442120902513,1.0,0.0,0.6666666666666666,0.25,0.0,19.51365201757137,23.048015070646716,27.601410599709894,13.154219953646097,21.47295913088977,26.910459963893757,1.1891713201276387e-16,1.4259831206286528e-16,0.0,1.8744296926520637e-16,3.819482141384572e-14,converged
2025-01-15T11:45:00+08:00,3.75,-5.666666666666666,106.66666666666667,3.3777777777777778,51.4,51.4,44.2,44.2,50.0,60.0,85.0,40.54417673343772,13.531779202966865,13.22593678257664,13.786460747894214,72.71519475005029,1.0775503315615431,51.14766240370831,51.0,51.0,43.22589017477959,42.030224067243026,41.78657011564007,42.346431354225345,0.3543974666666666,0.40887860335069925,27.77824684318035,27.913294835225134,19.515073311715984,27.60430975756489,23.097855525243755,23.232234090886003,23.145079918898077,23.02936852406825,19.029532354235027,23.05103450701127,22.963737059352464,22.847747444511345,1.0,0.0,0.6666666666666666,0.25,0.0,19.515073311715984,23.05103450701127,27.60430975756489,13.154219953646097,21.47295913088977,26.910459963893757,1.1891713201276387e-16,0.0,0.0,2.352015888305017e-15,2.855584752745276e-14,converged
2025-01-15T11:50:00+08:00,3.8333333333333335,-5.75,107.5,3.4000000000000004,51.4,51.4,44.2,44.2,50.0,60.0,85.0,40.54417673343772,13.531779202966865,13.22593678257664,13.786460747894214,72.71519475005029,1.0775503315615431,51.4,51.0,51.0,43.40076272867807,42.03088122033642,41.78714537941428,42.4052057405051,0.35541740000000005,0.41007403028540795,27.78212983592119,27.9182399626817,19.51677893094111,27.60752483343077,23.099678609979286,23.235134492019874,23.147190888537,23.03055870239738,19.030151635092004,23.053924120901907,22.965836181375355,22.84892462489817,1.0,0.0,0.6666666666666666,0.25,0.0,19.51677893094111,23.053924120901907,27.60752483343077,13.154219953646097,21.47295913088977,26.910459963893757,1.1891713201276387e-16,1.8452755746283663e-15,0.0,2.3200368960834396e-15,2.9399882379019173e-14,converged
2025-01-15T11:55:00+08:00,3.9166666666666665,-5.833333333333334,108.33333333333333,3.4222222222222225,51.4,51.4,44.2,44.2,50.0,60.0,85.0,40.54417673343772,13.531779202966865,13.22593678257664,13.786460747894214,72.71519475005029,1.0775503315615431,51.4,51.282163269528816,51.0,43.401804133930206,42.22293232477565,41.7876740395818,42.46838216659852,0.3564373333333334,0.41143032011676395,27.78591663121202,27.923103714615323,19.51829467362666,27.610654597226883,23.1019004723494,23.23842166239124,23.149664732342405,23.032088216913305,19.030560003592985,23.05668441234121,22.967807841649517,22.84997410869458,1.0,0.0,0.6666666666666666,0.25,0.0,19.51829467362666,23.05668441234121,27.610654597226883,13.154219953646097,21.47295913088977,26.910459963893757,1.1891713201276387e-16,2.829527045889475e-16,0.0,2.4188081722577383e-15,4.514174636387341e-14,converged
2025-01-15T12:00:00+08:00,4.0,-5.916666666666666,109.16666666666667,3.4444444444444446,51.4,51.4,44.2,44.2,50.0,60.0,85.0,40.54417673343772,13.531779202966865,13.22593678257664,13.786460747894214,72.71519475005029,1.0775503315615431,51.4,51.4,51.2471632028885,43.40281022263165,42.3036474466871,41.95653599092296,42.552467137822795,0.3574572666666666,0.41323438176751015,27.789607551207933,27.92788634922375,19.519621407413204,27.613699293898538,23.10420170867203,23.2417930557456,23.15221411952698,23.03368350195552,19.031257043563166,23.05976182119011,22.9700761765252,22.851299857894357,1.0,0.0,0.6666666666666666,0.25,0.0,19.519621407413204,23.05976182119011,27.613699293898538,13.154219953646097,21.47295913088977,26.910459963893757,1.1891713201276387e-16,5.634348300303398e-16,0.0,3.3815373588962615e-15,3.027746672199566e-14,converged
2025-01-15T12:05:00+08:00,4.083333333333333,-6.0,110.0,3.466666666666667,51.8,51.8,44.4,44.4,50.0,60.0,85.0,40.727634546711194,13.593008973116037,13.285782650371106,13.848842923224051,73.37473962575456,1.0922439986980337,51.4,51.4,51.4,43.43315641467514,42.33797283669784,42.095729616469946,42.62112338115867,0.3584772,0.4143167150958445,27.79324630031399,27.932628985795972,19.520789247360664,27.616696639949186,23.106399611197105,23.245075319970255,23.154674495496227,23.035188008463148,19.032091579221433,23.063029228898596,22.97252065313911,22.85278733799343,1.0,0.0,0.6666666666666666,0.25,0.0,19.520789247360664,23.063029228898596,27.616696639949186,13.094966710611654,21.376234089759635,26.78924167576811,1.767723290916545e-16,1.1239259009861987e-15,0.0,8.06210325882186e-16,2.6801580617264403e-14,converged
2025-01-15T12:10:00+08:00,4.166666666666667,-6.083333333333333,110.83333333333333,3.488888888888889,51.8,51.8,44.4,44.4,50.0,60.0,85.0,40.727634546711194,13.593008973116037,13.285782650371106,13.848842923224051,73.37473962575456,1.0922439986980337,51.4,51.4,51.4,43.43410062332844,42.33869823585507,42.096356595347345,42.62188834245756,0.35949713333333333,0.4142806129535894,27.796789663317274,27.93729088114514,19.521769667164747,27.619609294413554,23.10844991199659,23.248226662501136,23.157006026252866,23.036563642305403,19.032714123695612,23.066165853985552,22.974836400650773,22.854146037943806,1.0,0.0,0.6666666666666666,0.25,0.0,19.521769667164747,23.066165853985552,27.619609294413554,13.094966710611654,21.376234089759635,26.78924167576811,1.767723290916545e-16,7.025149028635361e-16,0.0,4.073381223355513e-15,3.033163155306289e-14,converged
2025-01-15T12:15:00+08:00,4.25,-6.166666666666667,111.66666666666667,3.5111111111111115,51.8,51.8,44.4,44.4,50.0,60.0,85.0,40.727634546711194,13.593008973116037,13.285782650371106,13.848842923224051,73.37473962575456,1.0922439986980337,51.55240266315107,51.4,51.4,43.54019141527967,42.33938069182587,42.096936944243254,42.65771652706968,0.36051706666666666,0.41499027098045027,27.800520692461188,27.942140152574616,19.522849926093876,27.622679864976092,23.110353215291177,23.251247591125185,23.159209186589525,23.037810855801823,19.03312573881156,23.0691722003781,22.977023890319487,22.85537640678103,1.0,0.0,0.6666666666666666,0.25,0.0,19.522849926093876,23.0691722003781,27.622679864976092,13.094966710611654,21.376234089759635,26.78924167576811,1.767723290916545e-16,4.2078813637688514e-16,0.0,2.731850835796805e-15,5.981747007263093e-14,converged
2025-01-15T12:20:00+08:00,4.333333333333333,-6.25,112.5,3.533333333333333,51.8,51.8,44.4,44.4,50.0,60.0,85.0,40.727634546711194,13.593008973116037,13.285782650371106,13.848842923224051,73.37473962575456,1.0922439986980337,51.8,51.4,51.4,43.712098123608406,42.340020367846314,42.09747085329654,42.71548128739088,0.361537,0.41616409025751344,27.804614590946287,27.947342826905867,19.524207397995838,27.626058719147338,23.11211012282813,23.25413861165987,23.16128444954924,23.03893009968439,19.033327481076633,23.07204877006166,22.979083591679338,22.85647889197493,1.0,0.0,0.6666666666666666,0.25,0.0,19.524207397995838,23.07204877006166,27.626058719147338,13.094966710611654,21.376234089759635,26.78924167576811,1.767723290916545e-16,1.678405098646058e-15,0.0,3.3516744380420924e-16,3.039271481944275e-14,converged
2025-01-15T12:25:00+08:00,4.416666666666667,-6.333333333333333,113.33333333333333,3.5555555555555554,51.8,51.8,44.4,44.4,50.0,60.0,85.0,40.727634546711194,13.593008973116037,13.285782650371106,13.848842923224051,73.37473962575456,1.0922439986980337,51.8,51.68990127281923,51.4,43.71315711031815,42.537649739198514,42.09795851185202,42.78046932868411,0.3625569333333333,0.4175601482458598,27.808611578246506,27.95246329955297,19.525376583057877,27.6293517857581,23.114281453414574,23.257431003749502,23.16373655892022,23.0404021131987,19.03332040170634,23.074796063087405,22.981015972545514,22.857453939435075,1.0,0.0,0.6666666666666666,0.25,0.0,19.525376583057877,23.074796063087405,27.6293517857581,13.094966710611654,21.376234089759635,26.78924167576811,1.767723290916545e-16,6.969973207212615e-16,0.0,5.597885558659329e-16,3.8209362853396243e-14,converged
2025-01-15T12:30:00+08:00,4.5,-6.416666666666667,114.16666666666667,3.577777777777778,51.8,51.8,44.4,44.4,50.0,60.0,85.0,40.727634546711194,13.593008973116037,13.285782650371106,13.848842923224051,73.37473962575456,1.0922439986980337,51.8,51.8,51.656860665938545,43.714180881308316,42.61323077018715,42.273689558998086,42.865221143650494,0.3635768666666667,0.4193773955457965,27.812511979084938,27.9575018314779,19.526358341828807,27.63255931125386,23.116517615272762,23.26079362158034,23.16625101294936,23.041927452273743,19.03362393038615,23.077878400536086,22.983262158128188,22.85872169238164,1.0,0.0,0.6666666666666666,0.25,0.0,19.526358341828807,23.077878400536086,27.63255931125386,13.094966710611654,21.376234089759635,26.78924167576811,1.767723290916545e-16,5.551816719898635e-16,0.0,1.1463734655079593e-15,4.42627309282297e-14,converged
2025-01-15T12:35:00+08:00,4.583333333333333,-6.5,115.0,3.6,52.2,52.2,44.6,44.6,50.0,60.0,85.0,40.911092359984664,13.654238743265207,13.34562851816557,13.911225098553889,74.03726213069454,1.1070706392943126,51.8,51.8,51.8,43.74476143229737,42.64775150339504,42.406612617946664,42.931887112759696,0.3645968,0.42041345887076154,27.81635985780256,27.962499873528163,19.5271828971336,27.635719324282196,23.118650962647777,23.2640673740039,23.16867680989765,23.043362480836784,19.034047747147657,23.081133714894353,22.985668419312262,22.86013600670262,1.0,0.0,0.6666666666666666,0.25,0.0,19.5271828971336,23.081133714894353,27.635719324282196,13.036244886797252,21.28037653778762,26.669110547177223,1.1679365450009853e-16,1.2460803458298612e-15,0.0,9.190654298369208e-16,3.091774611945429e-14,converged
2025-01-15T12:40:00+08:00,4.666666666666667,-6.583333333333333,115.83333333333333,3.6222222222222222,52.2,52.2,44.6,44.6,50.0,60.0,85.0,40.911092359984664,13.654238743265207,13.34562851816557,13.911225098553889,74.03726213069454,1.1070706392943126,51.8,51.8,51.8,43.74572352907441,42.64845970306552,42.40719915867032,42.932638683227985,0.36561673333333333,0.42037782892962594,27.820111642751435,27.967416354966065,19.527821600582357,27.63879417355009,23.12063696933216,23.267210232984127,23.1709738857257,23.044668878747917,19.03426162953914,23.084258288222728,22.98794608780361,22.861421794074957,1.0,0.0,0.6666666666666666,0.25,0.0,19.527821600582357,23.084258288222728,27.63879417355009,13.036244886797252,21.28037653778762,26.669110547177223,1.1679365450009853e-16,8.307906398633373e-16,0.0,2.3019901821122257e-15,3.5881938620437536e-14,converged
2025-01-15T12:45:00+08:00,4.75,-6.666666666666667,116.66666666666667,3.644444444444445,52.2,52.2,44.6,44.6,50.0,60.0,85.0,40.911092359984664,13.654238743265207,13.34562851816557,13.911225098553889,74.03726213069454,1.1070706392943126,51.95710040905622,51.8,51.8,43.85525168362695,42.649125171210905,42.40773941700328,42.96959492736847,0.36663666666666667,0.4211115348575827,27.824059384768603,27.972527918986792,19.52857066783908,27.6420341805501,23.122476238708437,23.270222706392346,23.173142714950092,23.04584709764977,19.034266629349258,23.087252624492862,22.990095634553544,22.86257950283353,1.0,0.0,0.6666666666666666,0.25,0.0,19.52857066783908,23.087252624492862,27.6420341805501,13.036244886797252,21.28037653778762,26.669110547177223,1.1679365450009853e-16,5.528954312130432e-16,0.0,2.1615602957426616e-15,4.632157719139726e-14,converged
2025-01-15T12:50:00+08:00,4.833333333333333,-6.75,117.5,3.666666666666667,52.2,52.2,44.6,44.6,50.0,60.0,85.0,40.911092359984664,13.654238743265207,13.34562851816557,13.911225098553889,74.03726213069454,1.1070706392943126,52.2,51.8,51.8,44.02420914654417,42.64974807032549,42.408233581618205,43.02635637805467,0.3676566,0.42226387630752726,27.828360995595464,27.977984211821557,19.529589861387755,27.645574891989547,23.124169371688186,23.27310530012932,23.175183770338162,23.046897587599176,19.03406379309712,23.09011722573373,22.99211752878858,22.86360957974932,1.0,0.0,0.6666666666666666,0.25,0.0,19.529589861387755,23.09011722573373,27.645574891989547,13.036244886797252,21.28037653778762,26.669110547177223,1.1679365450009853e-16,1.3784665035158207e-16,0.0,3.601190186189464e-15,3.042855100072758e-14,converged
2025-01-15T12:55:00+08:00,4.916666666666667,-6.833333333333333,118.33333333333333,3.6888888888888887,52.2,52.2,44.6,44.6,50.0,60.0,85.0,40.911092359984664,13.654238743265207,13.34562851816557,13.911225098553889,74.03726213069454,1.1070706392943126,52.2,52.09756987697698,51.8,44.02528569428904,42.85292502254811,42.40868184040014,43.09314656230391,0.36867653333333333,0.4236993812480745,27.83256499149431,27.983357488465384,19.530422313326337,27.649029345426076,23.12629244902075,23.27640375566779,23.17761553600686,23.048314175134333,19.03365416205868,23.092852592039126,22.99401223801677,22.86451247003485,1.0,0.0,0.6666666666666666,0.25,0.0,19.530422313326337,23.092852592039126,27.649029345426076,13.036244886797252,21.28037653778762,26.669110547177223,1.1679365450009853e-16,4.1213886653792657e-16,0.0,9.269132806507084e-17,4.2754063913476456e-14,converged
2025-01-15T13:00:00+08:00,5.0,-6.916666666666667,119.16666666666667,3.7111111111111112,52.2,52.2,44.6,44.6,50.0,60.0,85.0,40.911092359984664,13.654238743265207,13.34562851816557,13.911225098553889,74.03726213069454,1.1070706392943126,52.2,52.2,52.06647115622582,44.026327124861005,42.923400537832435,42.59124473746296,43.178561870045186,0.36969646666666667,0.4255296895304518,27.836671699723993,27.98864801260923,19.53106887731083,27.652397788791298,23.128465915340144,23.279758540194702,23.180096541082214,23.049771729933543,19.033576856319343,23.095940794455785,22.99623775168644,22.86572437951052,1.0,0.0,0.6666666666666666,0.25,0.0,19.53106887731083,23.095940794455785,27.652397788791298,13.036244886797252,21.28037653778762,26.669110547177223,1.1679365450009853e-16,4.1036615549220296e-16,0.0,2.511475223459933e-15,4.808766574634051e-14,converged
2025-01-15T13:05:00+08:00,5.083333333333333,-7.0,120.0,3.7333333333333334,52.6,52.6,44.8,44.8,50.0,60.0,85.0,41.094550173258135,13.715468513414379,13.405474385960034,13.973607273883728,74.70276226487015,1.1220308523299272,52.2,52.2,52.2,44.05713776495809,42.95811360570797,42.717931115075785,43.24324668063196,0.3707164,0.42651977025310345,27.84072553556183,27.993897557811838,19.531559883041073,27.655718555530708,23.13053707214177,23.283024714510965,23.18248923329686,23.051139430675086,19.033602719113546,23.099185069423623,22.99860738468636,22.867067783330736,1.0,0.0,0.6666666666666666,0.25,0.0,19.531559883041073,23.099185069423623,27.655718555530708,12.978047364981194,21.185374856815358,26.550052017948754,5.787659084657407e-17,5.458847628931815e-16,1.1679695840535153e-16,3.3639044208266246e-15,2.974480541500368e-14,converged
2025-01-15T13:10:00+08:00,5.166666666666667,-7.083333333333333,120.83333333333333,3.7555555555555555,52.6,52.6,44.8,44.8,50.0,60.0,85.0,41.094550173258135,13.715468513414379,13.405474385960034,13.973607273883728,74.70276226487015,1.1220308523299272,52.2,52.2,52.2,44.05811772004199,42.95880529024427,42.718478789374586,43.243985608004806,0.37173633333333334,0.4264845825994908,27.844682579900564,27.999064734601827,19.53186656131796,27.658953691368744,23.132461139827114,23.286160020072604,23.184753323169826,23.052378735425943,19.033420641418473,23.102298640965344,23.000848555728037,22.86828290575369,1.0,0.0,0.75,0.25,0.0,19.53186656131796,23.102298640965344,27.658953691368744,12.978047364981194,21.185374856815358,26.550052017948754,5.787659084657407e-17,1.3648245045268118e-16,1.1679695840535153e-16,8.573734473493666e-16,3.094583033419862e-14,converged
2025-01-15T13:15:00+08:00,5.25,-7.166666666666667,121.66666666666667,3.777777777777778,52.6,52.6,44.8,44.8,50.0,60.0,85.0,41.094550173258135,13.715468513414379,13.405474385960034,13.973607273883728,74.70276226487015,1.1220308523299272,52.36175621080151,52.2,52.2,44.171063455803335,42.95945445131214,42.71898052061488,43.28206406325832,0.37275626666666667,0.42724213530373095,27.84884381877432,28.00443465201512,19.532294012427332,27.66236117731279,23.134238720976676,23.289164964847547,23.186889284959484,23.053490095175658,19.033031665293652,23.10528201311079,23.002961735473697,22.86937019443818,1.0,0.0,0.75,0.25,0.0,19.532294012427332,23.10528201311079,27.66236117731279,12.978047364981194,21.185374856815358,26.550052017948754,5.787659084657407e-17,2.7248090065876564e-16,1.1679695840535153e-16,2.1234970175469144e-15,5.979280433938357e-14,converged
2025-01-15T13:20:00+08:00,5.333333333333333,-7.25,122.5,3.8,52.6,52.6,44.8,44.8,50.0,60.0,85.0,41.094550173258135,13.715468513414379,13.405474385960034,13.973607273883728,74.70276226487015,1.1220308523299272,52.6,52.2,52.2,44.337088145701905,42.96006125067678,42.71943649603963,43.337828451770754,0.3737762,0.4283731280079609,27.853349993820725,28.010140690619426,19.532984528929692,27.666061843208816,23.135870415702357,23.292040054832043,23.188897591175238,23.054473959329677,19.0324368275765,23.108135687946113,23.004947392861137,22.870330095480814,1.0,0.0,0.75,0.25,0.0,19.532984528929692,23.108135687946113,27.666061843208816,12.978047364981194,21.185374856815358,26.550052017948754,5.787659084657407e-17,0.0,1.1679695840535153e-16,2.507450536706025e-15,2.5956568306010603e-14,converged
2025-01-15T13:25:00+08:00,5.416666666666667,-7.333333333333333,123.33333333333333,3.822222222222222,52.6,52.6,44.8,44.8,50.0,60.0,85.0,41.094550173258135,13.715468513414379,13.405474385960034,13.973607273883728,74.70276226487015,1.1220308523299272,52.6,52.505170011454766,52.2,44.33818222112689,43.16875529098809,42.71984690211038,43.40641134683376,0.3747961333333333,0.42984776282736614,27.857757860061255,28.015762910033146,19.533489805771115,27.669675785669675,23.13794745348804,23.295345386098262,23.191310364437538,23.055837144780302,19.031637159908495,23.11086016562128,23.00680599511005,22.87116305342148,1.0,0.0,0.75,0.25,0.0,19.533489805771115,23.11086016562128,27.669675785669675,12.978047364981194,21.185374856815358,26.550052017948754,5.787659084657407e-17,2.708291909237855e-16,1.1679695840535153e-16,2.370348464746449e-15,3.1737740380317373e-14,converged
2025-01-15T13:30:00+08:00,5.5,-7.416666666666667,124.16666666666667,3.8444444444444446,52.6,52.6,44.8,44.8,50.0,60.0,85.0,41.094550173258135,13.715468513414379,13.405474385960034,13.973607273883728,74.70276226487015,1.1220308523299272,52.6,52.6,52.475995838564096,44.33924127574044,43.23415366435774,42.90920461799108,43.49248679942735,0.37581606666666667,0.4316910094175839,27.86206774725865,28.021301576641367,19.533810689908492,27.673203254099143,23.140060537424674,23.2986932490643,23.193759364385652,23.057229025011253,19.031191319119657,23.11395513731296,23.00901227263028,22.872321219334218,1.0,0.0,0.75,0.25,0.0,19.533810689908492,23.11395513731296,27.673203254099143,12.978047364981194,21.185374856815358,26.550052017948754,5.787659084657407e-17,1.348363983581643e-16,1.1679695840535153e-16,4.419563661797156e-16,3.6935233223663055e-14,converged
2025-01-15T13:35:00+08:00,5.583333333333333,-7.5,125.0,3.8666666666666667,53.0,53.0,45.0,45.0,50.0,60.0,85.0,41.27800798653162,13.776698283563551,13.465320253754498,14.035989449213567,75.37124002828149,1.137125236784428,52.6,52.599999999999994,52.6,44.37027778960397,43.26905608616298,43.02968793391724,43.55519950413202,0.376836,0.43263539267700013,27.866324412833222,28.026798778077644,19.533977616984714,27.67668287955107,23.142071802783576,23.301952748689633,23.19612038599368,23.05853149630244,19.030831615357858,23.117189393634064,23.01134682200334,22.873595914062154,1.0,0.0,0.75,0.25,0.0,19.533977616984714,23.117189393634064,27.67668287955107,12.920367154470165,21.09121763522951,26.432051786757867,2.294531020102874e-16,5.381682765554456e-16,0.0,2.76209392769049e-15,2.4444421234552177e-14,converged
2025-01-15T13:40:00+08:00,5.666666666666667,-7.583333333333333,125.83333333333333,3.888888888888889,53.0,53.0,45.0,45.0,50.0,60.0,85.0,41.27800798653162,13.776698283563551,13.465320253754498,14.035989449213567,75.37124002828149,1.137125236784428,52.6,52.599999999999994,52.6,44.37127556067821,43.269731917420614,43.030198259799064,43.555926506366966,0.37785593333333334,0.43260061834477076,27.87048359898764,28.03221281474302,19.533961698299745,27.680076411955497,23.143936221394586,23.30508140080007,23.198352918865385,23.059705799082913,19.030265903886484,23.12029298026735,23.013553034625474,22.874742565471607,1.0,0.0,0.75,0.25,0.0,19.533961698299745,23.12029298026735,27.680076411955497,12.920367154470165,21.09121763522951,26.432051786757867,2.294531020102874e-16,8.07317305317546e-16,0.0,4.993090562160926e-16,2.732609695002039e-14,converged
2025-01-15T13:45:00+08:00,5.75,-7.666666666666667,126.66666666666667,3.9111111111111114,53.0,53.0,45.0,45.0,50.0,60.0,85.0,41.27800798653162,13.776698283563551,13.465320253754498,14.035989449213567,75.37124002828149,1.137125236784428,52.76637062764239,52.599999999999994,52.6,44.487619232219004,43.27036542975521,43.03066297394831,43.595121344206845,0.37887586666666667,0.43338181947908105,27.874855164209485,28.03783720208134,19.53407684784223,27.683649438099913,23.14565439507135,23.308079713471965,23.20045743701827,23.060752383712412,19.029495217335132,23.123266401314073,23.015631380888227,22.875761620569286,1.0,0.0,0.75,0.25,0.0,19.53407684784223,23.123266401314073,27.683649438099913,12.920367154470165,21.09121763522951,26.432051786757867,2.294531020102874e-16,2.686206864119598e-16,0.0,1.1806924088093736e-15,2.925806530386504e-14,converged
2025-01-15T13:50:00+08:00,5.833333333333333,-7.75,127.5,3.9333333333333336,53.0,53.0,45.0,45.0,50.0,60.0,85.0,41.27800798653162,13.776698283563551,13.465320253754498,14.035989449213567,75.37124002828149,1.137125236784428,53.0,52.599999999999994,52.6,44.65072749497981,43.27095678421512,43.03108226221354,43.64989485040905,0.3798958,0.4344915917679458,27.879562800143816,28.043789168745683,19.534448027998156,27.687508173846094,23.14722692316113,23.310948192808826,23.202434412721107,23.061671698968194,19.028520583157267,23.126110158930747,23.017582329459024,22.87665352480137,1.0,0.0,0.75,0.25,0.0,19.534448027998156,23.126110158930747,27.687508173846094,12.920367154470165,21.09121763522951,26.432051786757867,2.294531020102874e-16,6.698364481188289e-16,0.0,1.443839683947992e-15,3.0904097769860276e-14,converged
2025-01-15T13:55:00+08:00,5.916666666666667,-7.833333333333333,128.33333333333334,3.9555555555555553,53.0,53.0,45.0,45.0,50.0,60.0,85.0,41.27800798653162,13.776698283563551,13.465320253754498,14.035989449213567,75.37124002828149,1.137125236784428,53.0,52.912702589181634,52.6,44.65183905250269,43.48513761284107,43.03145630966795,43.720261065013005,0.38091573333333334,0.4360050434534858,27.884171443134186,28.049656524580787,19.534635428320048,27.69127972569668,23.1492600719132,23.31426118342593,23.204829506385515,23.062983456217133,19.02734302365616,23.128824753336655,23.01940634728749,22.877418722058962,1.0,0.0,0.75,0.25,0.0,19.534635428320048,23.128824753336655,27.69127972569668,12.920367154470165,21.09121763522951,26.432051786757867,2.294531020102874e-16,9.34515855979405e-16,0.0,6.14699155763472e-18,3.461525040059922e-14,converged
2025-01-15T14:00:00+08:00,6.0,-7.916666666666667,129.16666666666666,3.977777777777778,53.0,53.0,45.0,45.0,50.0,60.0,85.0,41.27800798653162,13.776698283563551,13.465320253754498,14.035989449213567,75.37124002828149,1.137125236784428,53.0,52.999999999999986,52.88543585705937,44.65291568348564,43.54548701777972,43.22757202862125,43.806993318373166,0.3819356666666667,0.437861107628611,27.888681425415683,28.055439538631397,19.53463988925424,27.69496434451372,23.15131502249365,23.317603006906847,23.207247905618928,23.06431172073087,19.02654058052861,23.131927367400134,23.021594783794566,22.87852519258473,1.0,0.0,0.75,0.25,0.0,19.53463988925424,23.131927367400134,27.69496434451372,12.920367154470165,21.09121763522951,26.432051786757867,2.294531020102874e-16,1.3293635789830985e-15,0.0,1.5708955984574815e-15,4.2116135061162124e-14,converged
2025-01-15T14:05:00+08:00,6.083333333333333,-8.0,130.0,4.0,53.4,53.4,45.2,45.2,50.0,60.0,85.0,41.46146579980509,13.837928053712723,13.525166121548963,14.098371624543402,76.04269542092851,1.152354391637362,53.0,53.0,53.0,44.68417391015051,43.58057584074078,43.34188564015364,43.86774290789617,0.38295559999999995,0.43876007632188957,27.893137837959422,28.061180604174975,19.534491951416182,27.698600951922902,23.153268631727897,23.32085670578506,23.209578651543882,23.065551010313914,19.025807330927904,23.135152593467634,23.023895752412614,22.879733326915453,1.0,0.0,0.75,0.25,0.0,19.534491951416182,23.135152593467634,27.698600951922902,12.863197388299943,20.99789366339221,26.315095805400535,1.1371351798565668e-16,1.3266398666309889e-15,0.0,1.024719861440278e-15,2.7148915204121728e-14,converged
2025-01-15T14:10:00+08:00,6.166666666666667,-8.083333333333332,128.19444444444446,4.006944444444445,53.4,53.4,45.2,45.2,50.0,60.0,85.0,41.46146579980509,13.837928053712723,13.525166121548963,14.098371624543402,76.04269542092851,1.152354391637362,53.0,53.0,53.0,44.68516932598167,43.58121568795673,43.34233942216962,43.86843815876309,0.385076425,0.43872667293427636,27.897364370055666,28.06667131848265,19.534028332636336,27.7020531343791,23.154943953836955,23.32381323229336,23.21164668246507,23.06656450834929,19.024738333681903,23.13808083499331,23.025934167663568,22.880715804090602,1.0,0.0,0.75,0.25,0.0,19.534028332636336,23.13808083499331,27.7020531343791,12.863197388299943,20.99789366339221,26.315095805400535,1.1371351798565668e-16,1.1940667858589148e-15,0.0,2.1925838093036144e-15,2.4457797489421605e-14,converged
2025-01-15T14:15:00+08:00,6.25,-8.166666666666668,126.38888888888889,4.013888888888889,53.4,53.4,45.2,45.2,50.0,60.0,85.0,41.46146579980509,13.837928053712723,13.525166121548963,14.098371624543402,76.04269542092851,1.152354391637362,53.17094420893601,53.0,53.0,44.80483116690601,43.5817719816166,43.34270670263156,43.908682128287644,0.38719725,0.4395342789129667,27.90168013286184,28.07221407398569,19.533572304703664,27.705594313039434,23.15634212973413,23.326473740771846,23.21345296794556,23.067353008521287,19.023335272165365,23.140713238147104,23.027710992263728,22.881473412205057,1.0,0.0,0.75,0.25,0.0,19.533572304703664,23.140713238147104,27.705594313039434,12.863197388299943,20.99789366339221,26.315095805400535,1.1371351798565668e-16,0.0,0.0,7.578936659362351e-16,3.06742036470566e-14,converged
2025-01-15T14:20:00+08:00,6.333333333333333,-8.25,124.58333333333333,4.020833333333333,53.4,53.4,45.2,45.2,50.0,60.0,85.0,41.46146579980509,13.837928053712723,13.525166121548963,14.098371624543402,76.04269542092851,1.152354391637362,53.4,53.0,53.0,44.96493896876295,43.582245040390205,43.34298782997672,43.9623686498874,0.389318075,0.44062786933046205,27.906192327744368,28.077910587727093,19.533232249280157,27.709316472569807,23.15746429565525,23.328839381076683,23.214998473970212,23.06791730172429,19.02159982131293,23.143050944675473,23.029227185399357,22.882006936601314,1.0,0.0,0.75,0.25,0.0,19.533232249280157,23.143050944675473,27.709316472569807,12.863197388299943,20.99789366339221,26.315095805400535,1.1371351798565668e-16,2.642032652265707e-16,0.0,4.051721255603245e-16,2.728781744547574e-14,converged
2025-01-15T14:25:00+08:00,6.416666666666667,-8.333333333333332,122.77777777777779,4.027777777777778,53.4,53.4,45.2,45.2,50.0,60.0,85.0,41.46146579980509,13.837928053712723,13.525166121548963,14.098371624543402,76.04269542092851,1.152354391637362,53.4,53.320168506928624,53.0,44.9659278402781,43.80173794655385,43.34318315120807,44.03436599983554,0.3914389,0.4421866913571485,27.910474454866275,28.083356891973132,19.532577391660823,27.71285396084983,23.158932179281607,23.33149928259968,23.216842791243447,23.068790240481963,19.019533647661426,23.145095091918463,23.030483702739627,22.882317159879115,1.0,0.0,0.75,0.25,0.0,19.532577391660823,23.145095091918463,27.71285396084983,12.863197388299943,20.99789366339221,26.315095805400535,1.1371351798565668e-16,3.949078209578259e-16,0.0,1.0025261136762583e-15,3.9337181982727104e-14,converged
2025-01-15T14:30:00+08:00,6.5,-8.416666666666668,120.97222222222221,4.034722222222222,53.4,53.4,45.2,45.2,50.0,60.0,85.0,41.46146579980509,13.837928053712723,13.525166121548963,14.098371624543402,76.04269542092851,1.152354391637362,53.4,53.4,53.294792335567955,44.966842161595864,43.85688079107407,43.54583573929947,44.12156841472867,0.393559725,0.4440642609581165,27.914527286778725,28.088553782759604,19.531609171751114,27.716207309532507,23.160278190300282,23.3340106424043,23.218565220948484,23.069571108109812,19.017734677655508,23.147380861956172,23.031988879252648,22.88288811475766,1.0,0.0,0.75,0.25,0.0,19.531609171751114,23.147380861956172,27.716207309532507,12.863197388299943,20.99789366339221,26.315095805400535,1.1371351798565668e-16,1.3107936402690481e-16,0.0,4.8348072145604955e-15,2.9726972499535874e-14,converged
2025-01-15T14:35:00+08:00,6.583333333333333,-8.5,119.16666666666667,4.041666666666667,53.8,53.8,45.4,45.4,50.0,60.0,85.0,41.644923613078554,13.899157823861891,13.585011989343426,14.160753799873238,76.71712844281119,1.1677189158682777,53.4,53.4,53.4,44.99810117073406,43.891929411944,43.65379032306067,44.180142855662496,0.39568054999999996,0.44492886741858056,27.918396680186365,28.093544478471856,19.53035883926137,27.71941600513165,23.161394330715844,23.336270975648926,23.220068442163377,23.070167290319876,19.01585970161804,23.149609530468197,23.033459066753707,22.883449822469593,1.0,0.0,0.75,0.25,0.0,19.53035883926137,23.149609530468197,27.71941600513165,12.806531320510079,20.905391929192245,26.199170273218158,1.1271384355674284e-16,1.3082464451268512e-16,0.0,3.886930956801812e-15,3.198842312025782e-14,converged
2025-01-15T14:40:00+08:00,6.666666666666667,-8.583333333333332,117.36111111111111,4.048611111111111,53.8,53.8,45.4,45.4,50.0,60.0,85.0,41.644923613078554,13.899157823861891,13.585011989343426,14.160753799873238,76.71712844281119,1.1677189158682777,53.4,53.4,53.4,44.99887648968075,43.892309382224084,43.65396576606535,44.18058522858124,0.397801375,0.4449075195301444,27.9220381576709,28.098287202074935,19.528797869421368,27.72244150297185,23.162235615949925,23.338237992124398,23.22131200051909,23.070539940950958,19.01365470483428,23.151545057343892,23.03466974521279,22.88378813001498,1.0,0.0,0.75,0.25,0.0,19.528797869421368,23.151545057343892,27.72244150297185,12.806531320510079,20.905391929192245,26.199170273218158,1.1271384355674284e-16,2.616618436790596e-16,0.0,2.8369631329842195e-15,2.8200998578476974e-14,converged
2025-01-15T14:45:00+08:00,6.75,-8.666666666666668,115.55555555555554,4.055555555555555,53.8,53.8,45.4,45.4,50.0,60.0,85.0,41.644923613078554,13.899157823861891,13.585011989343426,14.160753799873238,76.71712844281119,1.1677189158682777,53.5754774943592,53.4,53.4,45.12166057216906,43.892607084832456,43.65405614331575,44.22169274651463,0.3999222,0.44575004010313163,27.925779570666105,28.10309262560638,19.52725819184271,27.725564719477767,23.162803173262226,23.339912831615326,23.22229685466895,23.070689846033844,19.01112134236878,23.153188574367224,23.035621866557893,22.883903817913364,1.0,0.0,0.75,0.25,0.0,19.52725819184271,23.153188574367224,27.725564719477767,12.806531320510079,20.905391929192245,26.199170273218158,1.1271384355674284e-16,3.9175090752655975e-16,0.0,2.675986544981024e-15,5.65955801329358e-14,converged
2025-01-15T14:50:00+08:00,6.833333333333333,-8.75,113.75,4.0625,53.8,53.8,45.4,45.4,50.0,60.0,85.0,41.644923613078554,13.899157823861891,13.585011989343426,14.160753799873238,76.71712844281119,1.1677189158682777,53.8,53.4,53.4,45.27864843430032,43.892822833634284,43.65406179744793,44.2741603680026,0.402043025,0.4468342767466719,27.929711298515237,28.10804652849277,19.525831116065977,27.72886322327087,23.163098125289235,23.341296629477284,23.223023959727005,23.070617788835303,19.008261260985904,23.154541208952477,23.036316379225173,22.883797663957285,1.0,0.0,0.75,0.25,0.0,19.525831116065977,23.154541208952477,27.72886322327087,12.806531320510079,20.905391929192245,26.199170273218158,1.1271384355674284e-16,1.302667766163061e-16,0.0,1.9666039170877623e-15,2.90176603743318e-14,converged
2025-01-15T14:55:00+08:00,6.916666666666667,-8.833333333333332,111.94444444444444,4.069444444444445,53.8,53.8,45.4,45.4,50.0,60.0,85.0,41.644923613078554,13.899157823861891,13.585011989343426,14.160753799873238,76.71712844281119,1.1677189158682777,53.8,53.727568645664626,53.4,45.27941980959693,44.117500475690136,43.6539830696877,44.347683256700215,0.40416385,0.44844287143817074,27.933414901016548,28.112752576387106,19.524094211518136,27.731978270618765,23.163757003334467,23.342992540409394,23.224066235414902,23.070869320691187,19.005076099191424,23.155604084161126,23.036754228171738,22.88347044322182,1.0,0.0,0.75,0.25,0.0,19.524094211518136,23.155604084161126,27.731978270618765,12.806531320510079,20.905391929192245,26.199170273218158,1.1271384355674284e-16,5.191980037661748e-16,0.0,3.529139141950673e-16,3.3999501528001954e-14,converged
2025-01-15T15:00:00+08:00,7.0,-8.916666666666668,110.13888888888889,4.076388888888889,53.8,53.8,45.4,45.4,50.0,60.0,85.0,41.644923613078554,13.899157823861891,13.585011989343426,14.160753799873238,76.71712844281119,1.1677189158682777,53.8,53.8,53.704066378142535,45.28011769817082,44.16740914756907,43.86308125700875,44.435297726925505,0.406284675,0.4503445506328983,27.936891144601645,28.11721155824919,19.522048895628316,27.734910389955008,23.16428311445582,23.344530187232824,23.224976788794002,23.0710187795712,19.002182850601308,23.156929606685274,23.037460116941105,22.883421782240895,1.0,0.0,0.75,0.25,0.0,19.522048895628316,23.156929606685274,27.734910389955008,12.806531320510079,20.905391929192245,26.199170273218158,1.1271384355674284e-16,5.170055756790167e-16,0.0,5.70045767195254e-16,3.460308914604558e-14,converged
2025-01-15T15:05:00+08:00,7.083333333333333,-9.0,108.33333333333333,4.083333333333333,54.2,54.2,45.6,45.6,50.0,60.0,85.0,41.82838142635203,13.960387594011065,13.644857857137891,14.223135975203078,77.3945390939296,1.1832194084567254,53.8,53.8,53.8,45.31136494240784,44.202406388967695,43.964701620431796,44.49169762076407,0.4084055,0.4511758703350671,27.940186206709704,28.121466986920687,19.51972651097457,27.737699347942726,23.164582959217228,23.34582081118471,23.225671345369726,23.07098598345379,18.999200651478976,23.158185340278408,23.038118376885688,22.88335121305665,1.0,0.0,0.75,0.25,0.0,19.51972651097457,23.158185340278408,27.737699347942726,12.750362323490295,20.81370161371333,26.08426163166895,2.2345458774374424e-16,0.0,0.0,1.5694140134717053e-15,3.0667412171118227e-14,converged
2025-01-15T15:10:00+08:00,7.166666666666667,-9.083333333333332,106.52777777777779,4.090277777777778,54.2,54.2,45.6,45.6,50.0,60.0,85.0,41.82838142635203,13.960387594011065,13.644857857137891,14.223135975203078,77.3945390939296,1.1832194084567254,53.8,53.8,53.8,45.31192676554965,44.20253441036916,43.96460759856891,44.491894922610875,0.41052632499999997,0.45116630706253674,27.94325527688511,28.125476777073413,19.51709839564101,27.74030631313483,23.164611296412062,23.346821884875247,23.22610922383982,23.07073186769454,18.995893988192147,23.159151686940444,23.03852010533125,22.883059453014024,1.0,0.0,0.75,0.25,0.0,19.51709839564101,23.159151686940444,27.74030631313483,12.750362323490295,20.81370161371333,26.08426163166895,2.2345458774374424e-16,6.450798741205553e-16,0.0,2.4276158400377333e-15,2.8676247150931556e-14,converged
2025-01-15T15:15:00+08:00,7.25,-9.166666666666668,104.72222222222221,4.097222222222222,54.2,54.2,45.6,45.6,50.0,60.0,85.0,41.82838142635203,13.960387594011065,13.644857857137891,14.223135975203078,77.3945390939296,1.1832194084567254,53.979971014120785,53.8,53.8,45.43782050224555,44.202581418261516,43.96442990873289,44.53386736833733,0.41264715,0.45204330820913174,27.946434886158656,28.129559822891938,19.514505069066278,27.74301964519248,23.164369239978832,23.347534533865606,23.226291372185713,23.0702572108316,18.992264488332374,23.15982976439501,23.038666243650955,22.882547275215344,1.0,0.0,0.75,0.25,0.0,19.514505069066278,23.15982976439501,27.74301964519248,12.750362323490295,20.81370161371333,26.08426163166895,2.2345458774374424e-16,2.575313464723978e-16,0.0,3.9134750501264946e-15,2.7192346881293475e-14,converged
2025-01-15T15:20:00+08:00,7.333333333333333,-9.25,102.91666666666667,4.104166666666667,54.2,54.2,45.6,45.6,50.0,60.0,85.0,41.82838142635203,13.960387594011065,13.644857857137891,14.223135975203078,77.3945390939296,1.1832194084567254,54.2,53.8,53.8,45.59171102628403,44.20254772182268,43.964168887913985,44.58512919037748,0.41476797499999996,0.4531180743352898,27.949798708483208,28.13378607666112,19.512020903940044,27.745902596530815,23.163857899285787,23.34795987934158,23.226218734887688,23.069562788664456,18.988313771326816,23.16022068604866,23.03855772976348,22.881815450060806,1.0,0.0,0.75,0.25,0.0,19.512020903940044,23.16022068604866,27.745902596530815,12.750362323490295,20.81370161371333,26.08426163166895,2.2345458774374424e-16,1.2846024956928996e-16,0.0,4.6134817877087e-15,2.918775506379224e-14,converged
2025-01-15T15:25:00+08:00,7.416666666666667,-9.333333333333332,101.11111111111111,4.111111111111111,54.2,54.2,45.6,45.6,50.0,60.0,85.0,41.82838142635203,13.960387594011065,13.644857857137891,14.223135975203078,77.3945390939296,1.1832194084567254,54.2,54.13490387090293,53.8,45.592271430626425,44.43238762157335,43.963824871715545,44.66017544193241,0.4168888,0.4547758985325324,27.9529363077412,28.13776678482811,19.509231748401017,27.748603284190906,23.16372850119763,23.348714998990783,23.226477463437018,23.06920675868698,18.984043448479188,23.160325561007543,23.0381954981457,22.880864745257917,1.0,0.0,0.75,0.25,0.0,19.509231748401017,23.160325561007543,27.748603284190906,12.750362323490295,20.81370161371333,26.08426163166895,2.2345458774374424e-16,0.0,0.0,3.1863935784474486e-15,3.476872138304384e-14,converged
2025-01-15T15:30:00+08:00,7.5,-9.416666666666668,99.30555555555554,4.118055555555555,54.2,54.2,45.6,45.6,50.0,60.0,85.0,41.82838142635203,13.960387594011065,13.644857857137891,14.223135975203078,77.3945390939296,1.1832194084567254,54.2,54.2,54.11325906946648,45.592759385638075,44.47709691667554,44.17933987579604,44.74820570033172,0.419009625,0.45670133119243195,27.95584844436975,28.141502729409453,19.506138998009128,27.751122233444637,23.163455462982547,23.349302142950243,23.226594662094456,23.068738695597904,18.98008943442564,23.1607138965247,23.03812050304864,22.88021026888457,1.0,0.0,0.75,0.25,0.0,19.506138998009128,23.1607138965247,27.751122233444637,12.750362323490295,20.81370161371333,26.08426163166895,2.2345458774374424e-16,1.2745235657949396e-16,0.0,1.745015966955713e-15,4.679602848637927e-14,converged
2025-01-15T15:35:00+08:00,7.583333333333333,-9.5,97.5,4.125,54.6,54.6,45.8,45.8,50.0,60.0,85.0,42.01183923962551,14.021617364160235,13.704703724932356,14.285518150532917,78.07492737428362,1.1988564683822518,54.2,54.2,54.2,45.62400222220656,44.51205209810746,44.274670916819645,44.80245180959542,0.42113045,0.4574994525341209,27.9585816164478,28.14503771934067,19.502774091442177,27.75349948955413,23.162959682091387,23.349646183703285,23.226499011324254,23.068090761063804,18.976033506770495,23.161019792920047,23.03798528979599,22.879521285361022,1.0,0.0,0.75,0.25,0.0,19.502774091442177,23.161019792920047,27.75349948955413,12.69468388539645,20.722812087015893,25.970356559041576,1.1075364017916135e-16,1.1450701095257286e-15,0.0,3.1805541515512836e-15,2.4831216234926973e-14,converged
2025-01-15T15:40:00+08:00,7.666666666666667,-9.583333333333332,95.69444444444444,4.131944444444445,54.6,54.6,45.8,45.8,50.0,60.0,85.0,42.01183923962551,14.021617364160235,13.704703724932356,14.285518150532917,78.07492737428362,1.1988564683822518,54.2,54.2,54.2,45.624356967716764,44.511935879648966,44.274316044304705,44.80241162636329,0.423251275,0.4575014087684845,27.961090680789113,28.148329359578526,19.49910822756006,27.75569593594846,23.16219565886083,23.34970435353843,23.22614960119693,23.067223671737423,18.97165850611972,23.16103997077684,23.037596457162834,22.878613273532785,1.0,0.0,0.75,0.25,0.0,19.49910822756006,23.16103997077684,27.75569593594846,12.69468388539645,20.722812087015893,25.970356559041576,1.1075364017916135e-16,5.089178725823159e-16,0.0,2.570365355073904e-15,2.616615979655274e-14,converged
2025-01-15T15:45:00+08:00,7.75,-9.666666666666668,93.88888888888889,4.138888888888889,54.6,54.6,45.8,45.8,50.0,60.0,85.0,42.01183923962551,14.021617364160235,13.704703724932356,14.285518150532917,78.07492737428362,1.1988564683822518,54.38442528916829,54.2,54.2,45.753347733302576,44.51173987094367,44.2738788646499,44.845250207391885,0.4253721,0.4584124639556483,27.96372078795869,28.151704709579093,19.495490448423915,27.758007324022955,23.16116449423317,23.349477764118493,23.225547369255167,23.06613819882211,18.966966033405274,23.160775534077285,23.03695493619638,22.87748699924016,1.0,0.0,0.75,0.25,0.0,19.495490448423915,23.160775534077285,27.758007324022955,12.69468388539645,20.722812087015893,25.970356559041576,1.1075364017916135e-16,6.348830528209529e-16,0.0,1.0724969082170032e-16,3.174348509720595e-14,converged
2025-01-15T15:50:00+08:00,7.833333333333333,-9.75,92.08333333333333,4.145833333333333,54.6,54.6,45.8,45.8,50.0,60.0,85.0,42.01183923962551,14.021617364160235,13.704703724932356,14.285518150532917,78.07492737428362,1.1988564683822518,54.6,54.2,54.2,45.904163227474456,44.5114643765965,44.27335970935064,44.89531907414658,0.42749292499999997,0.4594776469530586,27.96652902196933,28.155218003840616,19.491978323544245,27.76048268881377,23.159867284632114,23.348967522783372,23.224693249577793,23.06483511080736,18.96195768152653,23.160227582537935,23.036061654525927,22.876143225645652,1.0,0.0,0.75,0.25,0.0,19.491978323544245,23.159867284632114,27.76048268881377,12.69468388539645,20.722812087015893,25.970356559041576,1.1075364017916135e-16,5.06728989316114e-16,0.0,5.813662794028288e-16,2.857974879590268e-14,converged
2025-01-15T15:55:00+08:00,7.916666666666667,-9.833333333333332,90.27777777777779,4.152777777777778,54.6,54.6,45.8,45.8,50.0,60.0,85.0,42.01183923962551,14.021617364160235,13.704703724932356,14.285518150532917,78.07492737428362,1.1988564683822518,54.6,54.54217503303873,54.2,45.90451900530719,44.7464440504118,44.27275890853818,44.971886363248075,0.42961375,0.4611841661588122,27.969112895795824,28.158488017541174,19.48816591511084,27.762776961000288,23.158969845585517,23.348804528991124,23.224186529224795,23.0638850796884,18.956635035390573,23.15939721162617,23.034917536375406,22.874582713243353,1.0,0.0,0.75,0.25,0.0,19.48816591511084,23.158969845585517,27.762776961000288,12.69468388539645,20.722812087015893,25.970356559041576,1.1075364017916135e-16,3.786404554927185e-16,0.0,1.5891571656219138e-15,4.499075314622684e-14,converged
2025-01-15T16:00:00+08:00,8.0,-9.916666666666668,88.47222222222221,4.159722222222222,54.6,54.6,45.8,45.8,50.0,60.0,85.0,42.01183923962551,14.021617364160235,13.704703724932356,14.285518150532917,78.07492737428362,1.1988564683822518,54.6,54.6,54.52237147527668,45.904803345814095,44.78598837271904,44.49466195404496,45.06033595713668,0.431734575,0.4631330028065754,27.9714731640037,28.16151552588469,19.484054597405702,27.764890662749654,23.157917915112968,23.34846385957789,23.223528498915297,23.062813097006895,18.951652786159105,23.158870906419963,23.034079670085053,22.873335940574634,1.0,0.0,0.75,0.25,0.0,19.484054597405702,23.157917915112968,27.764890662749654,12.69468388539645,20.722812087015893,25.970356559041576,1.1075364017916135e-16,8.797767032906578e-16,0.0,5.74776735295029e-16,2.8196486341851902e-14,converged
2025-01-15T16:05:00+08:00,8.083333333333334,-10.0,86.66666666666666,4.166666666666667,55.0,55.0,46.0,46.0,50.0,60.0,85.0,42.19529705289899,14.082847134309407,13.764549592726821,14.347900325862756,78.75829328387341,1.214630694624407,54.6,54.6,54.6,45.93604881090813,44.82091042436819,44.58374788681607,45.11244857768404,0.4338554,0.46389801448800416,27.973656645064292,28.16434463533265,19.479675908197482,27.76686411631286,23.156646686741347,23.34788392420317,23.22266070339654,23.06156358036223,18.94655564448979,23.158249549389748,23.033169046696745,22.872042123522032,1.0,0.0,0.75,0.25,0.0,19.479675908197482,23.156646686741347,27.76686411631286,12.639489607633859,20.632712904028867,25.857441965306613,1.0979265868875992e-16,1.254751240479228e-16,1.11648740867235e-16,3.145424899994934e-15,3.146947203942481e-14,converged
2025-01-15T16:10:00+08:00,8.166666666666666,-10.083333333333334,84.8611111111111,4.173611111111111,55.0,55.0,46.0,46.0,50.0,60.0,85.0,42.19529705289899,14.082847134309407,13.764549592726821,14.347900325862756,78.75829328387341,1.214630694624407,54.6,54.6,54.6,45.936202719135174,44.820557461944944,44.58314052550768,45.11217828068281,0.43597622500000005,0.4639112307791856,27.97561786351746,28.166932639908147,19.475000905255378,27.76865792170196,23.155110400769193,23.34702171197959,23.221542002623966,23.06009702761436,18.941144660347984,23.157346057751255,23.03200765195456,22.870531394874106,1.0,0.0,0.75,0.25,0.0,19.475000905255378,23.155110400769193,27.76865792170196,12.639489607633859,20.632712904028867,25.857441965306613,1.0979265868875992e-16,7.528292964458107e-16,1.11648740867235e-16,2.5885085812135274e-15,2.9337916096458347e-14,converged
2025-01-15T16:15:00+08:00,8.25,-10.166666666666666,83.05555555555557,4.180555555555555,55.0,55.0,46.0,46.0,50.0,60.0,85.0,42.19529705289899,14.082847134309407,13.764549592726821,14.347900325862756,78.75829328387341,1.214630694624407,54.788840831389294,54.6,54.6,46.068277854354484,44.82012590243703,44.582452181984785,45.1558840384766,0.43809704999999993,0.46485592082266153,27.977710530008036,28.169614708039255,19.470387086837363,27.77057517106586,23.15331014546027,23.345878320989883,23.220173323930016,23.058414202786672,18.935421408796326,23.156161522057584,23.03059640680416,22.86880451336141,1.0,0.0,0.75,0.25,0.0,19.470387086837363,23.15331014546027,27.77057517106586,12.639489607633859,20.632712904028867,25.857441965306613,1.0979265868875992e-16,2.5043312693729515e-16,1.11648740867235e-16,1.4511633503048447e-15,2.6118410580397992e-14,converged
2025-01-15T16:20:00+08:00,8.333333333333334,-10.25,81.25,4.1875,55.0,55.0,46.0,46.0,50.0,60.0,85.0,42.19529705289899,14.082847134309407,13.764549592726821,14.347900325862756,78.75829328387341,1.214630694624407,55.0,54.6,54.6,46.216040339124,44.819616045987814,44.58168318239467,45.20477254396002,0.440217875,0.4659114121194884,27.97997525289206,28.172429464687784,19.465875351372773,27.772650779891496,23.15124700461019,23.34445484504513,23.21855559121976,23.056515867212973,18.929387456992792,23.154697028646446,23.028936228809076,22.866862235060548,1.0,0.0,0.75,0.25,0.0,19.465875351372773,23.15124700461019,27.772650779891496,12.639489607633859,20.632712904028867,25.857441965306613,1.0979265868875992e-16,3.7479868103256103e-16,1.11648740867235e-16,1.1203901677047175e-15,2.6186561527125156e-14,converged
2025-01-15T16:25:00+08:00,8.416666666666666,-10.333333333333334,79.44444444444443,4.194444444444445,55.0,55.0,46.0,46.0,50.0,60.0,85.0,42.19529705289899,14.082847134309407,13.764549592726821,14.347900325862756,78.75829328387341,1.214630694624407,55.0,54.9493829676777,54.6,46.21619765909534,45.05971300957803,44.58083385154256,45.282858401655666,0.4423387000000001,0.4676661003429465,27.982017439796806,28.175003162221966,19.46106791118973,27.77454644583457,23.1496012766585,23.343395905241046,23.217301131952922,23.054985116716615,18.923044364230353,23.15295365965646,23.02702803216313,22.86470531340346,1.0,0.0,0.75,0.25,0.0,19.46106791118973,23.1496012766585,27.77454644583457,12.639489607633859,20.632712904028867,25.857441965306613,1.0979265868875992e-16,3.7339243236221015e-16,1.11648740867235e-16,9.45627775590398e-16,5.147432516766989e-14,converged
2025-01-15T16:30:00+08:00,8.5,-10.416666666666666,77.6388888888889,4.201388888888888,55.0,55.0,46.0,46.0,50.0,60.0,85.0,42.19529705289899,14.082847134309407,13.764549592726821,14.347900325862756,78.75829328387341,1.214630694624407,55.0,55.0,54.931404642775476,46.21628452903512,45.09412637761745,44.809096176343274,45.371730698651305,0.44445952499999997,0.4696379980252982,27.983837839536996,28.17733656916167,19.455966119868123,27.77626268801361,23.1477902286515,23.342149602351903,23.215885610532748,23.053322537862798,18.91706545533344,23.151534756551342,23.025444923909813,22.86287948748826,1.0,0.0,0.75,0.25,0.0,19.455966119868123,23.1477902286515,27.77626268801361,12.639489607633859,20.632712904028867,25.857441965306613,1.0979265868875992e-16,6.197077446694582e-16,1.11648740867235e-16,1.3054782118651385e-15,4.440982666991037e-14,converged
2025-01-15T16:35:00+08:00,8.583333333333334,-10.5,75.83333333333333,4.208333333333333,55.3,55.3,46.2,46.2,50.0,60.0,85.0,42.37875486617246,14.144076904458576,13.824395460521286,14.410282501192592,79.44463682269887,1.2305426861627389,55.0,55.0,55.0,46.24753934909538,45.129023853602206,44.891980548358546,45.421729673598065,0.44658034999999996,0.4703699890644414,27.98548359058334,28.17947409072944,19.450601617028752,27.777840104001747,23.14576325023867,23.340667789903712,23.21426334610142,23.05148471724402,18.910958662105248,23.150008226676857,23.02377656991249,22.860994141298292,1.0,0.0,0.75,0.25,0.0,19.450601617028752,23.14576325023867,27.777840104001747,12.584773202406009,20.543393800548223,25.74550498710182,2.1768826088849158e-16,8.662406953400466e-16,0.0,1.4098879295393227e-15,2.939603664688907e-14,converged
2025-01-15T16:40:00+08:00,8.666666666666666,-10.583333333333334,74.02777777777776,4.215277777777778,55.3,55.3,46.2,46.2,50.0,60.0,85.0,42.37875486617246,14.144076904458576,13.824395460521286,14.410282501192592,79.44463682269887,1.2305426861627389,55.0,55.0,55.0,46.247498487499996,45.128441435742815,44.89112881510678,45.421236425478845,0.44870117500000006,0.4703942115080077,27.986908885801547,28.181372708990846,19.44494531768524,27.779239012156573,23.143474320334402,23.338907211253268,23.212392967208483,23.04943193396111,18.904543100915788,23.148203063476018,23.021860229803856,22.858893955272194,1.0,0.0,0.75,0.25,0.0,19.44494531768524,23.143474320334402,27.779239012156573,12.584773202406009,20.543393800548223,25.74550498710182,2.1768826088849158e-16,9.899383876661759e-16,0.0,1.987242800060033e-15,3.13970871930801e-14,converged
2025-01-15T16:45:00+08:00,8.75,-10.666666666666666,72.22222222222223,4.222222222222222,55.3,55.3,46.2,46.2,50.0,60.0,85.0,42.37875486617246,14.144076904458576,13.824395460521286,14.410282501192592,79.44463682269887,1.2305426861627389,55.144913607855635,55.0,55.0,46.348831013217946,45.12778158464022,44.890197389668124,45.45452458825864,0.45082199999999994,0.471134629313884,27.98838556964295,28.183290030706438,19.439271972419263,27.78069232811593,23.140924514834502,23.336868951214786,23.210275391200085,23.04716494500936,18.897820321726165,23.146120344378645,23.019696814648015,22.856579681180197,1.0,0.0,0.75,0.25,0.0,19.439271972419263,23.140924514834502,27.78069232811593,12.584773202406009,20.543393800548223,25.74550498710182,2.1768826088849158e-16,3.7064348887855396e-16,0.0,3.694472601761466e-15,4.788626075445778e-14,converged
2025-01-15T16:50:00+08:00,8.833333333333334,-10.75,70.41666666666666,4.229166666666667,55.3,55.3,46.2,46.2,50.0,60.0,85.0,42.37875486617246,14.144076904458576,13.824395460521286,14.410282501192592,79.44463682269887,1.2305426861627389,55.3,55.0,55.0,46.45733452973458,45.12704459608479,44.88918659298427,45.49015394546316,0.452942825,0.47192680759904976,27.989932011404274,28.185243587716062,19.43360018210899,27.782215849905437,23.13811490521582,23.334554090380944,23.207911532030685,23.044684504718283,18.890791866716945,23.14376114264831,23.017287232161944,22.854052068161927,1.0,0.0,0.75,0.25,0.0,19.43360018210899,23.13811490521582,27.782215849905437,12.584773202406009,20.543393800548223,25.74550498710182,2.1768826088849158e-16,0.0,0.0,1.9861004342993144e-15,2.5056685805701217e-14,converged
2025-01-15T16:55:00+08:00,8.916666666666666,-10.833333333333334,68.6111111111111,4.236111111111111,55.3,55.3,46.2,46.2,50.0,60.0,85.0,42.37875486617246,14.144076904458576,13.824395460521286,14.410282501192592,79.44463682269887,1.2305426861627389,55.3,55.2673963719671,55.0,46.457246035775206,45.31073496800579,44.888096744676375,45.5496755539749,0.4550636500000001,0.4732873897631218,27.991258331675052,28.186958828215044,19.42763800215544,27.783561019420635,23.13556676579507,23.332456580601583,23.20577057262505,23.042437373467056,18.88345927032722,23.14112652739844,23.01463238672781,22.85131186273561,1.0,0.0,0.75,0.25,0.0,19.42763800215544,23.13556676579507,27.783561019420635,12.584773202406009,20.543393800548223,25.74550498710182,2.1768826088849158e-16,1.2298586899304475e-16,0.0,7.331889246948542e-16,2.3794110242475127e-14,converged
2025-01-15T17:00:00+08:00,9.0,-10.916666666666666,66.80555555555557,4.243055555555555,55.3,55.3,46.2,46.2,50.0,60.0,85.0,42.37875486617246,14.144076904458576,13.824395460521286,14.410282501192592,79.44463682269887,1.2305426861627389,55.3,55.3,55.25526970077389,46.45708824387959,45.33249941270941,45.06374924500738,45.61645077260985,0.457184475,0.47479310072584835,27.992365271522825,28.18843651236669,19.4213867620558,27.78472835145349,23.13282211383133,23.330142679804432,23.2034404072667,23.04003100690958,18.876341777165045,23.138681823140786,23.0121742622926,22.848779919057034,1.0,0.0,0.75,0.25,0.0,19.4213867620558,23.13282211383133,27.78472835145349,12.584773202406009,20.543393800548223,25.74550498710182,2.1768826088849158e-16,3.67787532029097e-16,0.0,1.0346902556030199e-15,4.761224256716518e-14,converged
2025-01-15T17:05:00+08:00,9.083333333333334,-11.0,65.0,4.25,55.6,55.6,46.4,46.4,50.0,60.0,85.0,42.56221267944593,14.20530667460775,13.884241328315749,14.472664676522431,80.13395799075995,1.246593041976795,55.3,55.3,55.3,46.488201017033305,45.36721487196302,45.129986940636336,45.66068250158993,0.45930529999999997,0.47541710710348967,27.99330011757971,28.189721183037754,19.41487811799698,27.78575857063407,23.129865473729005,23.32759752334663,23.20090697439245,23.037452106887358,18.869053982699494,23.136090342929865,23.00959313906025,22.84615190261975,1.0,0.0,0.75,0.25,0.0,19.41487811799698,23.129865473729005,27.78575857063407,12.53052849032667,20.454844689338962,25.634532982847073,5.395392059894658e-17,0.0,0.0,2.2523391023194952e-15,2.0839194025895144e-14,converged
2025-01-15T17:10:00+08:00,9.166666666666666,-11.083333333333334,63.19444444444443,4.256944444444445,55.6,55.6,46.4,46.4,50.0,60.0,85.0,42.56221267944593,14.20530667460775,13.884241328315749,14.472664676522431,80.13395799075995,1.246593041976795,55.3,55.3,55.3,46.48791864000768,45.36635488215216,45.12884406177529,45.659919099999726,0.4614261250000001,0.4754547585425711,27.994016899754815,28.190769668875475,19.408082921303887,27.786611860021637,23.12665070498252,23.3247777423876,23.19812879938661,23.034660857291698,18.861463357454017,23.13322435138001,23.006767386857724,22.843311648731795,1.0,0.0,0.75,0.25,0.0,19.408082921303887,23.12665070498252,27.786611860021637,12.53052849032667,20.454844689338962,25.634532982847073,5.395392059894658e-17,9.794018861755593e-16,0.0,1.821768642270853e-15,2.4466725804282888e-14,converged
2025-01-15T17:15:00+08:00,9.25,-11.166666666666666,61.3888888888889,4.263888888888888,55.6,55.6,46.4,46.4,50.0,60.0,85.0,42.56221267944593,14.20530667460775,13.884241328315749,14.472664676522431,80.13395799075995,1.246593041976795,55.44816829058041,55.3,55.3,46.5914459500863,45.36541880509064,45.127622965714124,45.69375117461609,0.46354694999999996,0.4762251307264011,27.994793791229053,28.191845571782068,19.40128215792471,27.787526563434458,23.123178868162846,23.321684406003747,23.19510678744831,23.031658006181466,18.853571421941872,23.13008491038332,23.003697904755313,22.84025990033795,1.0,0.0,0.75,0.25,0.0,19.40128215792471,23.123178868162846,27.787526563434458,12.53052849032667,20.454844689338962,25.634532982847073,5.395392059894658e-17,3.66681578676968e-16,0.0,1.1578513488372498e-15,3.393633463759972e-14,converged
2025-01-15T17:20:00+08:00,9.333333333333334,-11.25,59.58333333333333,4.270833333333333,55.6,55.6,46.4,46.4,50.0,60.0,85.0,42.56221267944593,14.20530667460775,13.884241328315749,14.472664676522431,80.13395799075995,1.246593041976795,55.6,55.3,55.3,46.69759309196849,45.364406931514615,45.12632396743203,45.72840641330641,0.465667775,0.4770152073084249,27.995636969918966,28.192954872976262,19.394482111286642,27.788508031713622,23.119451019483392,23.318318579109697,23.191841840428722,23.028444298980286,18.84537968904182,23.126673077724178,23.00038558851901,22.836997397782287,1.0,0.0,0.75,0.25,0.0,19.394482111286642,23.119451019483392,27.788508031713622,12.53052849032667,20.454844689338962,25.634532982847073,5.395392059894658e-17,2.4404949788459023e-16,0.0,1.9240732918381906e-15,2.7819488621759115e-14,converged
2025-01-15T17:25:00+08:00,9.416666666666666,-11.333333333333334,57.777777777777764,4.277777777777778,55.6,55.6,46.4,46.4,50.0,60.0,85.0,42.56221267944593,14.20530667460775,13.884241328315749,14.472664676522431,80.13395799075995,1.246593041976795,55.6,55.57270931863966,55.3,46.697266029673685,45.551792239057164,45.12494738061239,45.788956224263664,0.46778860000000005,0.4784164473494246,27.99626239349317,28.193828548999686,19.387396846394797,27.78931271098442,23.11599913312335,23.31518435101149,23.188812776290582,23.025475676349018,18.83688966403646,23.122989907095135,22.99683133062265,22.83352487881727,1.0,0.0,0.6666666666666666,0.25,0.0,19.387396846394797,23.11599913312335,27.78931271098442,12.53052849032667,20.454844689338962,25.634532982847073,5.395392059894658e-17,4.866693963884886e-16,0.0,2.631385491487268e-16,3.0975796333680234e-14,converged
2025-01-15T17:30:00+08:00,9.5,-11.416666666666666,55.97222222222223,4.284722222222222,55.6,55.6,46.4,46.4,50.0,60.0,85.0,42.56221267944593,14.20530667460775,13.884241328315749,14.472664676522431,80.13395799075995,1.246593041976795,55.6,55.6,55.561928021029175,46.69687079310935,45.56964981888342,45.30521458699598,45.85594689842996,0.46990942499999994,0.47994423576027206,27.996670795423057,28.194467351810957,19.380027669310632,27.789941111784643,23.11234417432119,23.31182803276823,23.18558854116022,23.022341549473236,18.828634345070988,23.119513180150285,22.99348895399046,22.83027447707171,1.0,0.0,0.6666666666666666,0.25,0.0,19.380027669310632,23.11234417432119,27.789941111784643,12.53052849032667,20.454844689338962,25.634532982847073,5.395392059894658e-17,4.85120200027085e-16,0.0,4.053462255435848e-15,2.6567456015655974e-14,converged
2025-01-15T17:35:00+08:00,9.583333333333334,-11.5,54.166666666666664,4.291666666666667,55.9,55.9,46.6,46.6,50.0,60.0,85.0,42.745670492719405,14.266536444756921,13.944087196110214,14.53504685185227,80.82625678805677,1.2627823610461257,55.6,55.6,55.6,46.72785161593727,45.604195385141864,45.366698837740095,45.898462827420616,0.47203025,0.4805482588352979,27.99690961421768,28.19491596684069,19.372406257483206,27.790434087552704,23.108481081652464,23.308244623567337,23.18216444473274,23.019037545788823,18.820201089113837,23.115881751804267,22.990015502679146,22.82691972763256,1.0,0.0,0.6666666666666666,0.25,0.0,19.372406257483206,23.108481081652464,27.790434087552704,12.476749398093508,20.36705565633751,25.524513527985064,0.0,1.2112760756754167e-16,0.0,1.7844452558960325e-15,2.946459481058607e-14,converged
2025-01-15T17:40:00+08:00,9.666666666666666,-11.583333333333334,52.36111111111109,4.298611111111111,55.9,55.9,46.6,46.6,50.0,60.0,85.0,42.745670492719405,14.266536444756921,13.944087196110214,14.53504685185227,80.82625678805677,1.2627823610461257,55.6,55.6,55.6,46.72733485357768,45.60306627586646,45.3652740688261,45.897437556565365,0.4741510750000001,0.48059904378984286,27.996932713359623,28.195131064638044,19.364503395078287,27.79075168441118,23.104363590461645,23.304390636754896,23.17849890499557,23.01552375114453,18.81147076376733,23.111979840426795,22.986300706882766,22.82335528924937,1.0,0.0,0.6666666666666666,0.25,0.0,19.364503395078287,23.104363590461645,27.79075168441118,12.476749398093508,20.36705565633751,25.524513527985064,0.0,1.2111480799974406e-16,0.0,1.5419551162413628e-15,2.7648543017238373e-14,converged
2025-01-15T17:45:00+08:00,9.75,-11.666666666666666,50.555555555555564,4.305555555555555,55.9,55.9,46.6,46.6,50.0,60.0,85.0,42.745670492719405,14.266536444756921,13.944087196110214,14.53504685185227,80.82625678805677,1.2627823610461257,55.75139503611438,55.6,55.6,46.83305021167165,45.601862391678914,45.36377251831796,45.93181717487541,0.47627189999999997,0.4813989591948807,27.997024551565143,28.19538220134283,19.35660625552533,27.791137637298128,23.099992746362027,23.300267126024437,23.17459281526154,23.011800904846258,18.80244486096305,23.107808492719755,22.982345453933103,22.819581896221173,1.0,0.0,0.6666666666666666,0.25,0.0,19.35660625552533,23.099992746362027,27.791137637298128,12.476749398093508,20.36705565633751,25.524513527985064,0.0,3.627406736243297e-16,0.0,1.2378185758233199e-15,2.847421344642024e-14,converged
2025-01-15T17:50:00+08:00,9.833333333333334,-11.75,48.74999999999999,4.3125,55.9,55.9,46.6,46.6,50.0,60.0,85.0,42.745670492719405,14.266536444756921,13.944087196110214,14.53504685185227,80.82625678805677,1.2627823610461257,55.9,55.6,55.6,46.93685967798198,45.60058401838615,45.362194495393204,45.965510391802816,0.47839272499999996,0.482186749056384,27.997179198588046,28.195663886376288,19.348708900675394,27.791586921087024,23.09536959066928,23.295875140966153,23.170447065538326,23.007869743594583,18.793124865139863,23.10336875133456,22.978150627899556,22.815600280275596,1.0,0.0,0.6666666666666666,0.25,0.0,19.348708900675394,23.09536959066928,27.791586921087024,12.476749398093508,20.36705565633751,25.524513527985064,0.0,1.2071601102140813e-15,0.0,2.365746070079918e-16,2.5312940236067395e-14,converged
2025-01-15T17:55:00+08:00,9.916666666666666,-11.833333333333334,46.94444444444443,4.319444444444445,55.9,55.9,46.6,46.6,50.0,60.0,85.0,42.745670492719405,14.266536444756921,13.944087196110214,14.53504685185227,80.82625678805677,1.2627823610461257,55.9,55.87797666061974,55.6,46.93630109598945,45.79165066344509,45.36054030795761,46.02708942908069,0.48051355000000007,0.4836281590896911,27.997118409618874,28.19571258717393,19.340531359067477,27.79186095220493,23.091036720763125,23.291728835746774,23.16655003980595,23.004195322551716,18.783512253281536,23.09866165488782,22.973717109601136,22.811411170577866,1.0,0.0,0.6666666666666666,0.25,0.0,19.340531359067477,23.091036720763125,27.79186095220493,12.476749398093508,20.36705565633751,25.524513527985064,0.0,9.628498228561175e-16,0.0,1.030310863572283e-15,2.934569994616549e-14,converged
2025-01-15T18:00:00+08:00,10.0,-11.916666666666666,45.1388888888889,4.326388888888888,55.9,55.9,46.6,46.6,50.0,60.0,85.0,42.745670492719405,14.266536444756921,13.944087196110214,14.53504685185227,80.82625678805677,1.2627823610461257,55.9,55.9,55.8685291883209,46.93567543571433,45.80562928677792,45.54540416525466,46.094300866670224,0.48263437499999995,0.4851776704248467,27.996842910681373,28.19552904763919,19.33207491395741,27.79196023700683,23.086494201254542,23.287354717925247,23.162451872103546,23.000349137914267,18.77415367380515,23.094177354060992,22.969510477192618,22.8074579004398,1.0,0.0,0.6666666666666666,0.25,0.0,19.33207491395741,23.086494201254542,27.79196023700683,12.476749398093508,20.36705565633751,25.524513527985064,0.0,5.99859231593426e-16,0.0,1.5916371944522205e-17,2.5847937046405977e-14,converged
2025-01-15T18:05:00+08:00,10.083333333333334,-12.0,43.33333333333333,4.333333333333333,56.2,56.2,46.8,46.8,50.0,60.0,85.0,42.929128305992876,14.327766214906092,14.003933063904677,14.597429027182107,81.52153321458924,1.2791112423502784,55.9,55.9,55.9,46.96653402492172,45.84001663083574,45.602172531226685,46.135120817569096,0.4847552,0.4857616964711396,27.996400295635162,28.19515810040847,19.323371268480656,27.7919257593571,23.081747315968414,23.282757586363125,23.158157181289788,22.996335682352573,18.76460945740664,23.089530425786204,22.965164708402774,22.803392034880105,1.0,0.0,0.5833333333333334,0.25,0.0,19.323371268480656,23.081747315968414,27.7919257593571,12.423429956221314,20.280016956951453,25.41543441034411,2.65177863824759e-16,1.1982760546235387e-16,0.0,6.866367041424368e-16,2.4226952738128195e-14,converged
2025-01-15T18:10:00+08:00,10.166666666666666,-12.083333333333334,41.52777777777776,4.340277777777778,56.2,56.2,46.8,46.8,50.0,60.0,85.0,42.929128305992876,14.327766214906092,14.003933063904677,14.597429027182107,81.52153321458924,1.2791112423502784,55.9,55.9,55.9,46.965789813557265,45.8386266226905,45.600474859064505,46.13384172995343,0.48687602500000005,0.48582532570387404,27.99574425830531,28.194556253528372,19.314391136414425,27.79171742693618,23.076749671684837,23.277893831317517,23.153624273986587,22.992114941029808,18.754773762281513,23.084616951109716,22.960580808428663,22.799118976042514,1.0,0.0,0.5833333333333334,0.25,0.0,19.314391136414425,23.076749671684837,27.79171742693618,12.423429956221314,20.280016956951453,25.41543441034411,2.65177863824759e-16,3.5943573441216704e-16,0.0,1.1515141644600909e-15,1.8745813811214007e-14,converged
2025-01-15T18:15:00+08:00,10.25,-12.166666666666666,39.72222222222223,4.347222222222222,56.2,56.2,46.8,46.8,50.0,60.0,85.0,42.929128305992876,14.327766214906092,14.003933063904677,14.597429027182107,81.52153321458924,1.2791112423502784,56.054594202626724,55.9,55.9,47.07368639456151,45.83716311918725,45.59870180263683,46.16877232781849,0.48899685,0.48665438060706345,27.99516550018111,28.19399897688124,19.305427831327545,27.79158432911216,23.071502299418384,23.27276449144658,23.14885403187603,22.987687644678914,18.744648052621248,23.079437961883528,22.95575965311386,22.7946394497567,1.0,0.0,0.5833333333333334,0.25,0.0,19.305427831327545,23.071502299418384,27.79158432911216,12.423429956221314,20.280016956951453,25.41543441034411,2.65177863824759e-16,7.176468134225922e-16,0.0,1.0972009752254192e-15,3.721094651298494e-14,converged
2025-01-15T18:20:00+08:00,10.333333333333334,-12.25,37.916666666666664,4.354166666666667,56.2,56.2,46.8,46.8,50.0,60.0,85.0,42.929128305992876,14.327766214906092,14.003933063904677,14.597429027182107,81.52153321458924,1.2791112423502784,56.2,55.9,55.9,47.17517661046005,45.83562640132552,45.596853665475884,46.201515362602755,0.491117675,0.4874397038069761,27.99464606523943,28.19346938612709,19.296463288254877,27.791511135297316,23.066006225944538,23.26737060136228,23.143847333376943,22.983054521456825,18.734233785262216,23.073994485965148,22.9507021150806,22.789954179309646,1.0,0.0,0.5833333333333334,0.25,0.0,19.296463288254877,23.066006225944538,27.791511135297316,12.423429956221314,20.280016956951453,25.41543441034411,2.65177863824759e-16,0.0,0.0,4.937116344587533e-16,2.922530996087573e-14,converged
2025-01-15T18:25:00+08:00,10.416666666666666,-12.333333333333334,36.11111111111109,4.361111111111111,56.2,56.2,46.8,46.8,50.0,60.0,85.0,42.929128305992876,14.327766214906092,14.003933063904677,14.597429027182107,81.52153321458924,1.2791112423502784,56.2,56.18319898258291,55.9,47.174393365830156,46.03036071067645,45.59493074986549,46.26412447136788,0.4932385000000001,0.48892080418496825,27.993913467027568,28.192709402514037,19.287223453720717,27.791264198629012,23.06081459599135,23.262236308263248,23.139102060195608,22.978689675942615,18.72353240972263,23.068287547233044,22.945409063741625,22.785063885454544,1.0,0.0,0.5833333333333334,0.25,0.0,19.287223453720717,23.06081459599135,27.791264198629012,12.423429956221314,20.280016956951453,25.41543441034411,2.65177863824759e-16,4.762134105583801e-16,0.0,1.744399591064335e-15,2.752698263606727e-14,converged
2025-01-15T18:30:00+08:00,10.5,-12.416666666666666,34.305555555555564,4.368055555555555,56.2,56.2,46.8,46.8,50.0,60.0,85.0,42.929128305992876,14.327766214906092,14.003933063904677,14.597429027182107,81.52153321458924,1.2791112423502784,56.2,56.2,56.17507393537936,47.17354411195332,46.04048792782789,45.78437313031468,46.33156177507506,0.49535932499999996,0.4904916907431385,27.9929684242676,28.19171976203749,19.27770958878893,27.790844021349777,23.055406723326133,23.25686845805406,23.134149668910624,22.97414681745131,18.713104122570332,23.06281957819879,22.940357749608253,22.78042302222787,1.0,0.0,0.5833333333333334,0.25,0.0,19.27770958878893,23.055406723326133,27.790844021349777,12.423429956221314,20.280016956951453,25.41543441034411,2.65177863824759e-16,8.307044422647474e-16,0.0,3.0685812971830606e-15,4.331928841642439e-14,converged
2025-01-15T18:35:00+08:00,10.583333333333334,-12.5,32.49999999999999,4.375,56.5,56.5,47.0,47.0,50.0,60.0,85.0,43.112586119266346,14.38899598505526,14.063778931699142,14.659811202511943,82.21978727035744,1.2955802848688027,56.2,56.2,56.2,47.204289816985636,46.07472828234781,45.83646250927948,46.37070507906036,0.49748015,0.49105570747075283,27.99185868941071,28.19054544891396,19.26795342644569,27.79029171923878,23.04979816856919,23.251281585517287,23.12900402589251,22.969439244009415,18.70248243775623,23.057181055798374,22.935159251904015,22.775661343082025,1.0,0.0,0.5833333333333334,0.25,0.0,19.26795342644569,23.04979816856919,27.79029171923878,12.370564296833141,20.193719012453787,25.30728362561924,2.1034066617058945e-16,7.11214552987566e-16,1.113298667353138e-16,4.82026964955103e-15,2.6380154201821803e-14,converged
2025-01-15T18:40:00+08:00,10.666666666666666,-12.583333333333334,30.694444444444425,4.381944444444445,56.5,56.5,47.0,47.0,50.0,60.0,85.0,43.112586119266346,14.38899598505526,14.063778931699142,14.659811202511943,82.21978727035744,1.2955802848688027,56.2,56.2,56.2,47.20332490446768,46.07308537025867,45.83450065968775,46.36918000192364,0.49960097500000006,0.49113189786267236,27.990537783623164,28.189142804548144,19.25792560708012,27.78956706015679,23.043942405824005,23.245431952871925,23.123623322681503,22.96452683763392,18.69157469907149,23.051279833910886,22.92972576657634,22.770694914504112,1.0,0.0,0.5833333333333334,0.25,0.0,19.25792560708012,23.043942405824005,27.78956706015679,12.370564296833141,20.193719012453787,25.30728362561924,2.1034066617058945e-16,7.111042206801618e-16,1.113298667353138e-16,1.3477472074976182e-15,2.144014923500145e-14,converged
2025-01-15T18:45:00+08:00,10.75,-12.666666666666666,28.888888888888896,4.388888888888888,56.5,56.5,47.0,47.0,50.0,60.0,85.0,43.112586119266346,14.38899598505526,14.063778931699142,14.659811202511943,82.21978727035744,1.2955802848688027,56.35776614219001,56.2,56.2,47.31339579900278,46.071370210428576,45.832464785953924,46.404664825359006,0.5017217999999999,0.49198969583408103,27.989302608831252,28.18779317247357,19.24792553759377,27.788924451578204,23.037840451857377,23.23932058408098,23.118008429579426,22.959410320661426,18.68038234378507,23.045116929871725,22.924058158226014,22.765524454027556,1.0,0.0,0.5833333333333334,0.25,0.0,19.24792553759377,23.037840451857377,27.788924451578204,12.370564296833141,20.193719012453787,25.30728362561924,2.1034066617058945e-16,3.549321951638845e-16,1.113298667353138e-16,8.872298330436979e-16,5.201690321864479e-14,converged
2025-01-15T18:50:00+08:00,10.833333333333334,-12.75,27.08333333333333,4.395833333333333,56.5,56.5,47.0,47.0,50.0,60.0,85.0,43.112586119266346,14.38899598505526,14.063778931699142,14.659811202511943,82.21978727035744,1.2955802848688027,56.5,56.2,56.2,47.412584921478384,46.06958307916829,45.83035518611679,46.43646926703591,0.503842625,0.4927723773991893,27.988123264799825,28.186468351848085,19.237923119867514,27.788338327259197,23.03149331925415,23.23294849911712,23.112160213665845,22.954090412881246,18.668906801944413,23.038693357076532,22.918157288272663,22.760150676671223,1.0,0.0,0.5833333333333334,0.25,0.0,19.237923119867514,23.03149331925415,27.788338327259197,12.370564296833141,20.193719012453787,25.30728362561924,2.1034066617058945e-16,8.268597126827146e-16,1.113298667353138e-16,6.295361053797624e-16,3.365889309235737e-14,converged
2025-01-15T18:55:00+08:00,10.916666666666666,-12.833333333333334,25.27777777777776,4.402777777777778,56.5,56.5,47.0,47.0,50.0,60.0,85.0,43.112586119266346,14.38899598505526,14.063778931699142,14.659811202511943,82.21978727035744,1.2955802848688027,56.5,56.488376859252774,56.2,47.41158368492372,46.267971309747615,45.82817215698949,46.50010911982292,0.5059634500000001,0.494292696559644,27.986732984654704,28.18491568101748,19.227650173376183,27.78757994378813,23.02546462503701,23.226849767138166,23.1065859868018,22.949050203891012,18.657149496411737,23.032010124996457,22.91202401496645,22.75457429494824,1.0,0.0,0.5833333333333334,0.25,0.0,19.227650173376183,23.02546462503701,27.78757994378813,12.370564296833141,20.193719012453787,25.30728362561924,2.1034066617058945e-16,5.887975011425621e-16,1.113298667353138e-16,2.951070128813382e-15,2.0839163466765308e-14,converged
2025-01-15T19:00:00+08:00,11.0,-12.916666666666666,23.47222222222223,4.409722222222222,56.5,56.5,47.0,47.0,50.0,60.0,85.0,43.112586119266346,14.38899598505526,14.063778931699142,14.659811202511943,82.21978727035744,1.2955802848688027,56.5,56.5,56.48156298246284,47.41051748191509,46.2742743196368,46.022174866730026,46.56777719328011,0.508084275,0.4958846173300221,27.985132479959812,28.183135888213997,19.217107937589297,27.786649799364476,23.01921308032659,23.22051171273862,23.10079866130875,22.943825742878598,18.645684070912083,23.02558186168114,22.906147179161998,22.74926080548173,1.0,0.0,0.5833333333333334,0.25,0.0,19.217107937589297,23.01921308032659,27.786649799364476,12.370564296833141,20.193719012453787,25.30728362561924,2.1034066617058945e-16,5.869073054420735e-16,1.113298667353138e-16,1.5938451503267112e-15,2.20929191898518e-14,converged
2025-01-15T19:05:00+08:00,11.083333333333334,-13.0,21.66666666666666,4.416666666666667,56.8,56.8,47.2,47.2,50.0,60.0,85.0,43.29604393253983,14.450225755204437,14.123624799493609,14.722193377841785,82.92101895536132,1.3121900875812469,56.5,56.5,56.5,47.441159297159835,46.308378493489855,46.069621511889146,46.605262705608304,0.5102051000000001,0.49642861388491444,27.98336966477519,28.181174113350764,19.206328179259465,27.78558914304702,23.01276445455477,23.21395854327517,23.094821289860832,22.938439073828157,18.634017429530076,23.0189751199246,22.90011512743784,22.743818306853317,1.0,0.0,0.5833333333333334,0.25,0.0,19.206328179259465,23.01276445455477,27.78558914304702,12.318146651507572,20.10815240646881,25.200049372968305,3.649833157897138e-16,1.1725283209996737e-16,1.134216625131959e-16,1.4225304894453168e-15,2.0568746548999015e-14,converged
2025-01-15T19:10:00+08:00,11.166666666666666,-13.083333333333334,19.861111111111093,4.423611111111111,56.8,56.8,47.2,47.2,50.0,60.0,85.0,43.29604393253983,14.450225755204437,14.123624799493609,14.722193377841785,82.92101895536132,1.3121900875812469,56.5,56.5,56.5,47.439980248003536,46.306490452771946,46.06740395723893,46.603499247180174,0.5123259250000001,0.49651708831299424,27.981397884827746,28.178986527306563,19.195281462607475,27.7843576016224,23.006072085325556,23.207146388292788,23.08861194544276,22.932849973324966,18.622069998109595,23.01210943780417,22.893851163328556,22.73817345182059,1.0,0.0,0.5833333333333334,0.25,0.0,19.195281462607475,23.006072085325556,27.7843576016224,12.318146651507572,20.10815240646881,25.200049372968305,3.649833157897138e-16,3.516958164193605e-16,1.134216625131959e-16,1.4578415781390023e-15,2.956351388215897e-14,converged
2025-01-15T19:15:00+08:00,11.25,-13.166666666666666,18.05555555555556,4.430555555555555,56.8,56.8,47.2,47.2,50.0,60.0,85.0,43.29604393253983,14.450225755204437,14.123624799493609,14.722193377841785,82.92101895536132,1.3121900875812469,56.66091120090954,56.5,56.5,47.55221846675418,46.304531380818425,46.06511370240618,46.63954135832504,0.51444675,0.4974032400777321,27.979520200565553,28.176860307573218,19.18427324158817,27.783214864708917,22.999136975501063,23.20007625739238,23.0821714872216,22.927059155482574,18.609843187791387,23.00498581846501,22.887356140432743,22.732326949790618,1.0,0.0,0.5,0.25,0.0,19.18427324158817,22.999136975501063,27.783214864708917,12.318146651507572,20.10815240646881,25.200049372968305,3.649833157897138e-16,3.5106925060060496e-16,1.134216625131959e-16,8.88512753460929e-16,2.9462870521088504e-14,converged
2025-01-15T19:20:00+08:00,11.333333333333334,-13.25,16.249999999999993,4.4375,56.8,56.8,47.2,47.2,50.0,60.0,85.0,43.29604393253983,14.450225755204437,14.123624799493609,14.722193377841785,82.92101895536132,1.3121900875812469,56.8,56.5,56.5,47.64912439021346,46.30250154936705,46.06275104008388,46.67041855171632,0.5165675750000001,0.49818310989617937,27.97769484829599,28.17475601329826,19.173261477509797,27.782125199519406,22.991960123817208,23.192749156239127,23.075500771182284,22.92106733189537,18.597338402624366,22.997605261166058,22.88063090920717,22.726279507683483,1.0,0.0,0.4166666666666667,0.25,0.0,19.173261477509797,22.991960123817208,27.782125199519406,12.318146651507572,20.10815240646881,25.200049372968305,3.649833157897138e-16,5.841994615754617e-16,1.134216625131959e-16,2.018669560746429e-15,2.862224454896228e-14,converged
2025-01-15T19:25:00+08:00,11.416666666666666,-13.333333333333334,14.444444444444425,4.444444444444445,56.8,56.8,47.2,47.2,50.0,60.0,85.0,43.29604393253983,14.450225755204437,14.123624799493609,14.722193377841785,82.92101895536132,1.3121900875812469,56.8,56.79351085561187,56.5,47.647911651182284,46.50452989337726,46.060316261761486,46.73508965432211,0.5186884,0.49974218421334865,27.975660742327197,28.172426363571926,19.161983818269146,27.780864733161877,22.98511554532513,23.18570900562299,23.069116472478708,22.915366513457936,18.58455703960124,22.989968761295085,22.87367631697833,22.720031829940996,1.0,0.0,0.4166666666666667,0.25,0.0,19.161983818269146,22.98511554532513,27.780864733161877,12.318146651507572,20.10815240646881,25.200049372968305,3.649833157897138e-16,1.1647538021048378e-16,1.134216625131959e-16,5.601419692288617e-16,2.772730491025646e-14,converged
2025-01-15T19:30:00+08:00,11.5,-13.416666666666666,12.638888888888895,4.451388888888888,56.8,56.8,47.2,47.2,50.0,60.0,85.0,43.29604393253983,14.450225755204437,14.123624799493609,14.722193377841785,82.92101895536132,1.3121900875812469,56.8,56.8,56.78799703762191,47.64663496293687,46.50703555006247,46.25886104712033,46.802993208058545,0.5208092249999999,0.5013548047459286,27.973418587206005,28.16987207900586,19.150441482323394,27.779433959861155,22.9780414951309,23.178423747691976,23.06251309097499,22.90947521465118,18.57208608972187,22.9826030570407,22.866992713780018,22.714060378444124,1.0,0.0,0.4166666666666667,0.25,0.0,19.150441482323394,22.9780414951309,27.779433959861155,12.318146651507572,20.10815240646881,25.200049372968305,3.649833157897138e-16,9.28805873404808e-16,1.134216625131959e-16,2.322596684867734e-15,3.283233093871558e-14,converged
2025-01-15T19:35:00+08:00,11.583333333333334,-13.5,10.833333333333327,4.458333333333333,57.1,57.1,47.4,47.4,50.0,60.0,85.0,43.4795017458133,14.511455525353606,14.183470667288072,14.78457555317162,83.62522826960084,1.3289412494671582,56.8,56.8,56.8,47.67718153952541,46.54101394221361,46.301700584342036,46.838839322391735,0.52293005,0.501878771708035,27.971016461403508,28.167138459077915,19.138666273869585,27.777874263201163,22.97077388396615,23.17092719943909,23.055722804884443,22.90342416649617,18.559406051485254,22.97505095081476,22.860145877476945,22.707951751822208,1.0,0.0,0.4166666666666667,0.25,0.0,19.138666273869585,22.97077388396615,27.777874263201163,12.266171349180537,20.023307881547,25.093720050719494,5.170139796538483e-17,6.958771423868398e-16,1.1294309009752838e-16,1.9351181640252984e-16,2.5808616052587474e-14,converged
2025-01-15T19:40:00+08:00,11.666666666666666,-13.583333333333334,9.027777777777759,4.465277777777778,57.1,57.1,47.4,47.4,50.0,60.0,85.0,43.4795017458133,14.511455525353606,14.183470667288072,14.78457555317162,83.62522826960084,1.3289412494671582,56.8,56.8,56.8,47.675794739907644,46.5388883344679,46.29923555087512,46.836844877972226,0.525050875,0.5019792589251274,27.968407532638853,28.164181500502835,19.126628678389018,27.776145127758333,22.963265909389538,23.163175353399794,23.048703565394984,22.897173038028953,18.546450330667135,22.967243577442083,22.853070137095486,22.701643111990244,1.0,0.0,0.4166666666666667,0.25,0.0,19.126628678389018,22.963265909389538,27.776145127758333,12.266171349180537,20.023307881547,25.093720050719494,5.170139796538483e-17,5.797815335847308e-16,1.1294309009752838e-16,3.1061405171552472e-15,2.4854388626905308e-14,converged
2025-01-15T19:45:00+08:00,11.75,-13.666666666666666,7.2222222222222285,4.472222222222222,57.1,57.1,47.4,47.4,50.0,60.0,85.0,43.4795017458133,14.511455525353606,14.183470667288072,14.78457555317162,83.62522826960084,1.3289412494671582,56.96402971904918,56.8,56.8,47.79019321781843,46.536692881684395,46.296699106033124,46.87344716088511,0.5271716999999999,0.5028933822277153,27.965900978382052,28.1612941754312,19.11464015112984,27.77451148968913,22.95551856069387,23.155169205138925,23.04145622077952,22.890722535310033,18.533220313051718,22.95918192619718,22.845766335467925,22.695135160395676,1.0,0.0,0.4166666666666667,0.25,0.0,19.11464015112984,22.95551856069387,27.77451148968913,12.266171349180537,20.023307881547,25.093720050719494,5.170139796538483e-17,8.102187079681487e-16,1.1294309009752838e-16,1.4050607227169317e-15,3.598173945924666e-14,converged
2025-01-15T19:50:00+08:00,11.833333333333334,-13.75,5.41666666666666,4.479166666666667,57.1,57.1,47.4,47.4,50.0,60.0,85.0,43.4795017458133,14.511455525353606,14.183470667288072,14.78457555317162,83.62522826960084,1.3289412494671582,57.1,56.8,56.8,47.8848335795366,46.534427851140606,46.29409153730673,46.903408212795696,0.529292525,0.50367027494443,27.963443251437607,28.158425878734707,19.102646804344648,27.772927518092335,22.947532823100207,23.146909746339,23.033981616168102,22.88407336190831,18.519717377457226,22.950866982520676,22.838235312323217,22.688428596025965,1.0,0.0,0.4166666666666667,0.25,0.0,19.102646804344648,22.947532823100207,27.772927518092335,12.266171349180537,20.023307881547,25.093720050719494,5.170139796538483e-17,6.934019791406924e-16,1.1294309009752838e-16,5.311014831483347e-17,2.8977279851376924e-14,converged
2025-01-15T19:55:00+08:00,11.916666666666666,-13.833333333333334,3.611111111111091,4.486111111111111,57.1,57.1,47.4,47.4,50.0,60.0,85.0,43.4795017458133,14.511455525353606,14.183470667288072,14.78457555317162,83.62522826960084,1.3289412494671582,57.1,57.09860152710719,56.8,47.8834156511542,46.74008244098623,46.291413131004525,46.96911090999708,0.5314133500000001,0.5052676485827505,27.960778909276904,28.155334674251876,19.09039207032233,27.771174177988037,22.93989303619861,23.13895067983045,23.026805723845396,22.87772638696109,18.50594289577093,22.942299728034182,22.8304779042984,22.68152411541722,1.0,0.0,0.4166666666666667,0.25,0.0,19.09039207032233,22.93989303619861,27.771174177988037,12.266171349180537,20.023307881547,25.093720050719494,5.170139796538483e-17,3.456049149994277e-16,1.1294309009752838e-16,1.2205464254239931e-15,2.628765067853762e-14,converged
2025-01-15T20:00:00+08:00,12.0,-13.916666666666666,1.8055555555555614,4.493055555555555,57.1,57.1,47.4,47.4,50.0,60.0,85.0,43.4795017458133,14.511455525353606,14.183470667288072,14.78457555317162,83.62522826960084,1.3289412494671582,57.1,57.1,57.09437679695684,47.881934765914785,46.738817260052976,46.494481684555474,47.03725446722603,0.5335341749999999,0.5069006408609542,27.95790864956835,28.15202127511406,19.07787714707449,27.76925195969385,22.932017144169503,23.13074070271812,23.01940476163373,22.871182714346602,18.4924971074803,22.934018926546997,22.82300589027989,22.674909069177687,1.0,0.0,0.4166666666666667,0.25,0.0,19.07787714707449,22.932017144169503,27.76925195969385,12.266171349180537,20.023307881547,25.093720050719494,5.170139796538483e-17,8.03813594913246e-16,1.1294309009752838e-16,2.675804968270197e-15,2.6679341156313203e-14,converged
2025-01-15T20:05:00+08:00,12.083333333333334,-14.0,0.0,4.5,57.4,57.4,47.6,47.6,50.0,60.0,85.0,43.66295955908678,14.57268529550278,14.243316535082538,14.846957728501463,84.33241521307608,1.3458343695060875,57.1,57.1,57.1,47.912394423137556,46.77267987300656,46.53274912906906,47.07147912950454,0.535655,0.5074045702407181,27.954880717789514,28.148531143992713,19.065133879693327,27.767202382449568,22.923951132006042,23.122323179105216,23.011819972965114,22.864481703677825,18.478834307230482,22.92554380179127,22.815362641453333,22.668148709154618,1.0,0.0,0.4166666666666667,0.25,0.0,19.065133879693327,22.923951132006042,27.767202382449568,12.214632814099947,19.939176335826215,24.988284252187054,2.5633922589486087e-16,2.2943293902872445e-16,0.0,3.940224549676248e-15,2.773852923948113e-14,converged
2025-01-15T20:10:00+08:00,12.166666666666666,-14.0,0.0,4.493055555555555,57.4,57.4,47.6,47.6,50.0,60.0,85.0,43.66295955908678,14.57268529550278,14.243316535082538,14.846957728501463,84.33241521307608,1.3458343695060875,57.1,57.1,57.1,47.910840350325536,46.77036293012435,46.530085297212075,47.069298842945436,0.535655,0.5075148843517231,27.951863015225108,28.14505218396001,19.052449028556868,27.765158741543253,22.915918329351175,23.113938491771883,23.004263295478125,22.857804348120506,18.465240201623548,22.917101533788706,22.80774754547224,22.66141206630658,1.0,0.0,0.4166666666666667,0.25,0.0,19.052449028556868,22.915918329351175,27.765158741543253,12.214632814099947,19.939176335826215,24.988284252187054,2.5633922589486087e-16,0.0,0.0,4.959041501621745e-15,3.2372592914346334e-14,converged
2025-01-15T20:15:00+08:00,12.25,-14.0,0.0,4.486111111111112,57.4,57.4,47.6,47.6,50.0,60.0,85.0,43.66295955908678,14.57268529550278,14.243316535082538,14.846957728501463,84.33241521307608,1.3458343695060875,57.26712203115401,57.1,57.1,48.02749457723995,46.76805485683889,46.52743247501454,47.10657768057421,0.535655,0.5084508524902205,27.949170069236864,28.14188238006798,19.04013855475489,27.763390680580525,22.907918599474204,23.10558651262567,22.996734624985482,22.851150564170183,18.451714445272472,22.908691995158737,22.800160498639514,22.654699057427287,1.0,0.0,0.3333333333333333,0.25,0.0,19.04013855475489,22.907918599474204,27.763390680580525,12.214632814099947,19.939176335826215,24.988284252187054,2.5633922589486087e-16,3.4344122324735587e-16,0.0,3.0141418113038772e-15,4.527552116658791e-14,converged
2025-01-15T20:20:00+08:00,12.333333333333334,-14.0,0.0,4.479166666666667,57.4,57.4,47.6,47.6,50.0,60.0,85.0,43.66295955908678,14.57268529550278,14.243316535082538,14.846957728501463,84.33241521307608,1.3458343695060875,57.4,57.103649419850434,57.1,48.12005750128805,46.768300480285745,46.52479061589567,47.136652721233034,0.535655,0.5092332706656009,27.94673590470371,28.13895929743095,19.02813536839762,27.761841835924688,22.899958955415503,23.097273887016758,22.989240291989496,22.844526396531812,18.438256694526782,22.900315059014627,22.792601397640013,22.64800959960238,1.0,0.0,0.3333333333333333,0.25,0.0,19.02813536839762,22.899958955415503,27.761841835924688,12.214632814099947,19.939176335826215,24.988284252187054,2.5633922589486087e-16,3.429135384499891e-16,0.0,1.670867577822363e-15,4.872485861652169e-14,converged
2025-01-15T20:25:00+08:00,12.416666666666666,-14.0,0.0,4.472222222222222,57.4,57.4,47.6,47.6,50.0,60.0,85.0,43.66295955908678,14.57268529550278,14.243316535082538,14.846957728501463,84.33241521307608,1.3458343695060875,57.4,57.4,57.10070294486878,48.11867912676482,46.97274833324315,46.522651697646566,47.202158414536854,0.535655,0.5108222938513693,27.944309963470417,28.13604557089377,19.01618720568935,27.760297477299012,22.892611437318422,23.089542610823223,22.9822952626897,22.83842235027581,18.42486804184384,22.891971886574137,22.785071362771372,22.641344775191687,1.0,0.0,0.3333333333333333,0.25,0.0,19.01618720568935,22.891971886574137,27.760297477299012,12.214632814099947,19.939176335826215,24.988284252187054,2.5633922589486087e-16,3.4184683175008634e-16,0.0,2.344369491952061e-16,1.9988619534351353e-14,converged
2025-01-15T20:30:00+08:00,12.5,-14.0,0.0,4.465277777777778,57.4,57.4,47.6,47.6,50.0,60.0,85.0,43.66295955908678,14.57268529550278,14.243316535082538,14.846957728501463,84.33241521307608,1.3458343695060875,57.4,57.4,57.4,48.11730637841183,46.970630691955144,46.72960500589801,47.27138093598279,0.535655,0.512469153694416,27.941892217756337,28.133141170509763,19.004293814396885,27.758757591710282,22.885294170535182,23.081841493897212,22.975375973458423,22.832339851798444,18.412155893398488,22.884208230462797,22.778088926886124,22.63519848412763,1.0,0.0,0.3333333333333333,0.25,0.0,19.004293814396885,22.884208230462797,27.758757591710282,12.214632814099947,19.939176335826215,24.988284252187054,2.5633922589486087e-16,2.271655200858254e-16,0.0,2.271655200858254e-16,2.6272921329147684e-14,converged
2025-01-15T20:35:00+08:00,12.583333333333334,-14.0,0.0,4.458333333333333,57.4,57.4,47.6,47.6,50.0,60.0,85.0,43.66295955908678,14.57268529550278,14.243316535082538,14.846957728501463,84.33241521307608,1.3458343695060875,57.4,57.4,57.4,48.11593923263778,46.96852115736907,46.7271575371375,47.26940426696928,0.535655,0.5125691655410541,27.93948263987468,28.130246066428107,18.9924549434433,27.757222166202922,22.87800703051461,23.074170418589144,22.968482328896343,22.826278825034308,18.399507659852116,22.876474672850282,22.771132209833652,22.62907375591828,1.0,0.0,0.3333333333333333,0.25,0.0,18.9924549434433,22.876474672850282,27.757222166202922,12.214632814099947,19.939176335826215,24.988284252187054,2.5633922589486087e-16,2.27121195837151e-16,0.0,2.27121195837151e-16,3.180322072383052e-14,converged
2025-01-15T20:40:00+08:00,12.666666666666666,-14.0,0.0,4.451388888888889,57.4,57.4,47.6,47.6,50.0,60.0,85.0,43.66295955908678,14.57268529550278,14.243316535082538,14.846957728501463,84.33241521307608,1.3458343695060875,57.4,57.4,57.4,48.114577665952496,46.96641969834777,46.7247201980328,47.26743553877575,0.535655,0.5126687756127545,27.937081202232182,28.127360228893526,18.980670342902624,27.755691187858876,22.87074989321834,23.06652926770838,22.961614233957704,22.820239194186513,18.38692301984958,22.86877109704935,22.76420111688221,22.6229705149153,1.0,0.0,0.3333333333333333,0.25,0.0,18.980670342902624,22.86877109704935,27.755691187858876,12.214632814099947,19.939176335826215,24.988284252187054,2.5633922589486087e-16,0.0,0.0,0.0,1.9728822056212832e-14,converged
2025-01-15T20:45:00+08:00,12.75,-14.0,0.0,4.444444444444445,57.4,57.4,47.6,47.6,50.0,60.0,85.0,43.66295955908678,14.57268529550278,14.243316535082538,14.846957728501463,84.33241521307608,1.3458343695060875,57.4,57.4,57.4,48.11322165496648,46.96432628387407,46.72229294566352,47.265474718883276,0.535655,0.5127679855548493,27.934687877328802,28.124483628245983,18.968939763994573,27.754164643797505,22.86352263511869,23.058917924521435,22.954771593949015,22.814220883725735,18.374401653651457,22.861097386825136,22.757295553648976,22.61688868573574,1.0,0.0,0.3333333333333333,0.25,0.0,18.968939763994573,22.861097386825136,27.754164643797505,12.214632814099947,19.939176335826215,24.988284252187054,2.5633922589486087e-16,6.81099396451003e-16,0.0,6.810993964510026e-16,3.310799417824543e-14,converged
2025-01-15T20:50:00+08:00,12.833333333333334,-14.0,0.0,4.4375,57.4,57.4,47.6,47.6,50.0,60.0,85.0,43.66295955908678,14.57268529550278,14.243316535082538,14.846957728501463,84.33241521307608,1.3458343695060875,57.4,57.4,57.4,48.11187117639052,46.962240883050306,46.71987573729558,47.26352177490875,0.535655,0.5128667970057996,27.932302637757402,28.121616234920374,18.957262959079287,27.752642521175478,22.856325133196584,23.051336272750195,22.94795431452775,22.80822381838928,18.361943243125943,22.853453426393397,22.750415426098783,22.610828193261128,1.0,0.0,0.3333333333333333,0.25,0.0,18.957262959079287,22.853453426393397,27.752642521175478,12.214632814099947,19.939176335826215,24.988284252187054,2.5633922589486087e-16,0.0,0.0,0.0,2.771016760299763e-14,converged
2025-01-15T20:55:00+08:00,12.916666666666666,-14.0,0.0,4.430555555555555,57.4,57.4,47.6,47.6,50.0,60.0,85.0,43.66295955908678,14.57268529550278,14.243316535082538,14.846957728501463,84.33241521307608,1.3458343695060875,57.4,57.4,57.4,48.11052620703519,46.960163465097885,46.71746853038029,47.261576674604235,0.535655,0.5129652115972266,27.92992545620343,28.11875801944623,18.945639681652114,27.75112480718666,22.84915726493943,23.043784196570144,22.941162301701027,22.802247923180133,18.349547471740742,22.84583910041877,22.743560640542825,22.604788962636515,1.0,0.0,0.3333333333333333,0.25,0.0,18.945639681652114,22.84583910041877,27.75112480718666,12.214632814099947,19.939176335826215,24.988284252187054,2.5633922589486087e-16,3.404187628955896e-16,0.0,3.4041876289558943e-16,2.7802151890307004e-14,converged
2025-01-15T21:00:00+08:00,13.0,-14.0,0.0,4.423611111111112,57.4,57.4,47.6,47.6,50.0,60.0,85.0,43.66295955908678,14.57268529550278,14.243316535082538,14.846957728501463,84.33241521307608,1.3458343695060875,57.4,57.4,57.4,48.10918672381047,46.95809399935681,46.7150712825536,47.25963938585646,0.535655,0.5130632309539387,27.927556305444615,28.115908952447402,18.934069686338397,27.749611489062012,22.842018908339043,23.036261580608585,22.934395461824344,22.79629312336603,18.33721402455505,22.838254294013034,22.736731103637386,22.598770919269576,1.0,0.0,0.3333333333333333,0.25,0.0,18.934069686338397,22.838254294013034,27.749611489062012,12.214632814099947,19.939176335826215,24.988284252187054,2.5633922589486087e-16,1.1345124226743335e-16,0.0,1.1345124226743335e-16,2.5842031857040658e-14,converged
2025-01-15T21:05:00+08:00,13.083333333333334,-14.0,0.0,4.416666666666667,57.4,57.4,47.6,47.6,50.0,60.0,85.0,43.66295955908678,14.57268529550278,14.243316535082538,14.846957728501463,84.33241521307608,1.3458343695060875,57.4,57.4,57.4,48.10785270372524,46.956032455285246,46.71268395163527,47.25770987668618,0.535655,0.5131608566939618,27.925195158350643,28.11306900464178,18.9225527288883,27.748102554069476,22.834909941889585,23.028768309942887,22.927653701600256,22.790359344478514,18.32494258821153,22.830698892733363,22.729926722382565,22.592773988829663,1.0,0.0,0.3333333333333333,0.25,0.0,18.9225527288883,22.830698892733363,27.748102554069476,12.214632814099947,19.939176335826215,24.988284252187054,2.5633922589486087e-16,4.53718635427263e-16,0.0,4.537186354272628e-16,2.6743087023816696e-14,converged
2025-01-15T21:10:00+08:00,13.166666666666666,-14.0,0.0,4.409722222222222,57.4,57.4,47.6,47.6,50.0,60.0,85.0,43.66295955908678,14.57268529550278,14.243316535082538,14.846957728501463,84.33241521307608,1.3458343695060875,57.4,57.4,57.4,48.10652412388698,46.95397880245902,46.71030649562798,47.255788115247675,0.535655,0.5132580904285676,27.92284198788286,28.110238146840967,18.911088566171646,27.74659798951387,22.827830244585478,23.02130427009872,22.920936928077108,22.784446512312005,18.31273285092837,22.823172782580613,22.723147404121022,22.58679809724691,1.0,0.0,0.3333333333333333,0.25,0.0,18.911088566171646,22.823172782580613,27.74659798951387,12.214632814099947,19.939176335826215,24.988284252187054,2.5633922589486087e-16,0.0,0.0,0.0,2.0856697785452067e-14,converged
2025-01-15T21:15:00+08:00,13.25,-14.0,0.0,4.402777777777778,57.4,57.4,47.6,47.6,50.0,60.0,85.0,43.66295955908678,14.57268529550278,14.243316535082538,14.846957728501463,84.33241521307608,1.3458343695060875,57.4,57.4,57.4,48.10520096150114,46.951933010571224,46.70793887271664,47.25387406982812,0.535655,0.5133549337623028,27.920496767093958,28.107416349949997,18.899676956172794,27.745097782736785,22.820779695919345,23.013869347048324,22.914245048647743,22.77855455292288,18.30058450249135,22.8156758499976,22.7163930565367,22.5808431707113,1.0,0.0,0.3333333333333333,0.25,0.0,18.899676956172794,22.8156758499976,27.745097782736785,12.214632814099947,19.939176335826215,24.988284252187054,2.5633922589486087e-16,2.2677355211869505e-16,0.0,2.2677355211869505e-16,2.749545704888196e-14,converged
2025-01-15T21:20:00+08:00,13.333333333333334,-14.0,0.0,4.395833333333333,57.4,57.4,47.6,47.6,50.0,60.0,85.0,43.66295955908678,14.57268529550278,14.243316535082538,14.846957728501463,84.33241521307608,1.3458343695060875,57.4,57.4,57.4,48.10388319387092,46.949895049431696,46.70558104126745,47.251967708847054,0.535655,0.5134513882930168,27.91815946912766,28.10460358496703,18.88831765798552,27.743601921116472,22.813758175879972,23.00646342720874,22.907577971048237,22.77268339262854,18.288497234245966,22.80820798186738,22.709663587653576,22.574909135671774,1.0,0.0,0.3333333333333333,0.25,0.0,18.88831765798552,22.80820798186738,27.743601921116472,12.214632814099947,19.939176335826215,24.988284252187054,2.5633922589486087e-16,2.2673095151998855e-16,0.0,2.267309515199885e-16,1.5611759652896987e-14,converged
2025-01-15T21:25:00+08:00,13.416666666666666,-14.0,0.0,4.388888888888889,57.4,57.4,47.6,47.6,50.0,60.0,85.0,43.66295955908678,14.57268529550278,14.243316535082538,14.846957728501463,84.33241521307608,1.3458343695060875,57.4,57.4,57.4,48.10257079839671,46.94786488896662,46.70323295982722,47.25006900085582,0.535655,0.5135474556118915,27.915830067218415,28.101799822983054,18.877010431807935,27.74211039206774,22.80676556495025,22.9990863974401,22.900935603356615,22.766832958006493,18.27647073908958,22.800769065511545,22.702958905834414,22.568995918835295,1.0,0.0,0.25,0.25,0.0,18.877010431807935,22.800769065511545,27.74211039206774,12.214632814099947,19.939176335826215,24.988284252187054,2.5633922589486087e-16,0.0,0.0,0.0,2.9796248970235335e-14,converged
2025-01-15T21:30:00+08:00,13.5,-14.0,0.0,4.381944444444445,57.4,57.4,47.6,47.6,50.0,60.0,85.0,43.66295955908678,14.57268529550278,14.243316535082538,14.846957728501463,84.33241521307608,1.3458343695060875,57.4,57.4,57.4,48.10126375257574,46.945842499218074,46.700894587122455,47.24817791453696,0.535655,0.5136431373034688,27.913508534691104,28.099005035181587,18.865755038937422,27.740623183041855,22.799801744105153,22.991738145043882,22.89431785399159,22.761003175893435,18.264504711463626,22.793358988688528,22.696278919779505,22.563103447165968,1.0,0.0,0.25,0.25,0.0,18.865755038937422,22.793358988688528,27.740623183041855,12.214632814099947,19.939176335826215,24.988284252187054,2.5633922589486087e-16,2.2664631019523333e-16,0.0,2.266463101952333e-16,2.327391653820805e-14,converged
2025-01-15T21:35:00+08:00,13.583333333333334,-14.0,0.0,4.375,57.4,57.4,47.6,47.6,50.0,60.0,85.0,43.66295955908678,14.57268529550278,14.243316535082538,14.846957728501463,84.33241521307608,1.3458343695060875,57.4,57.4,57.4,48.09996203400157,46.943827850343524,46.69856588205867,47.24629441870373,0.535655,0.5137384349456787,27.911194844960715,28.096219192838383,18.8545512417656,27.73914028152642,22.792866594809706,22.984418557761202,22.8877246317113,22.755193973384333,18.252598847345848,22.7859776395919,22.689623538525428,22.557231647884127,1.0,0.0,0.25,0.25,0.0,18.8545512417656,22.7859776395919,27.73914028152642,12.214632814099947,19.939176335826215,24.988284252187054,2.5633922589486087e-16,3.3990640151124055e-16,0.0,3.3990640151124045e-16,2.944419744262693e-14,converged
2025-01-15T21:40:00+08:00,13.666666666666666,-14.0,0.0,4.368055555555555,57.4,57.4,47.6,47.6,50.0,60.0,85.0,43.66295955908678,14.57268529550278,14.243316535082538,14.846957728501463,84.33241521307608,1.3458343695060875,57.4,57.4,57.4,48.098665620363775,46.94182091261545,46.69624680371949,47.244418482299466,0.535655,0.5138333501098681,27.908888971532047,28.093442267321134,18.8433988037733,27.737661675045285,22.785959999016963,22.977127523771085,22.88115584561205,22.749405277831514,18.240752844242564,22.77862490684869,22.68299267144382,22.55138044846543,1.0,0.0,0.25,0.25,0.0,18.8433988037733,22.77862490684869,27.737661675045285,12.214632814099947,19.939176335826215,24.988284252187054,2.5633922589486087e-16,1.0195308422647006e-15,0.0,1.0195308422646996e-15,2.8874401290995096e-14,converged
2025-01-15T21:45:00+08:00,13.75,-14.0,0.0,4.361111111111112,57.4,57.4,47.6,47.6,50.0,60.0,85.0,43.66295955908678,14.57268529550278,14.243316535082538,14.846957728501463,84.33241521307608,1.3458343695060875,57.4,57.4,57.4,48.097374489447475,46.939821656420875,46.693937311365914,47.24255007439712,0.535655,0.5139278843608284,27.906590887999414,28.090674230089174,18.832297489525587,27.73618735115843,22.779081839166007,22.96986493168876,22.874611405127048,22.743637016843756,18.228966401180994,22.771300679517708,22.67638622824013,22.545549776639977,1.0,0.0,0.25,0.25,0.0,18.832297489525587,22.771300679517708,27.73618735115843,12.214632814099947,19.939176335826215,24.988284252187054,2.5633922589486087e-16,7.92822570623934e-16,0.0,7.92822570623934e-16,1.8489930108068247e-14,converged
2025-01-15T21:50:00+08:00,13.833333333333334,-14.0,0.0,4.354166666666667,57.4,57.4,47.6,47.6,50.0,60.0,85.0,43.66295955908678,14.57268529550278,14.243316535082538,14.846957728501463,84.33241521307608,1.3458343695060875,57.4,57.4,57.4,48.096088619132885,46.9378300522609,46.69163736443552,47.240689164198585,0.535655,0.5140220392568233,27.90430056804633,28.087915052693198,18.82124706466677,27.734717297461874,22.772231998179944,22.962630670563975,22.86809122002518,22.73788911828539,18.2172392187016,22.764004847087858,22.669804118952396,22.539739560391403,1.0,0.0,0.25,0.25,0.0,18.82124706466677,22.764004847087858,27.734717297461874,12.214632814099947,19.939176335826215,24.988284252187054,2.5633922589486087e-16,5.661981050231276e-16,0.0,5.661981050231276e-16,2.74373978159658e-14,converged
2025-01-15T21:55:00+08:00,13.916666666666666,-14.0,0.0,4.347222222222222,57.4,57.4,47.6,47.6,50.0,60.0,85.0,43.66295955908678,14.57268529550278,14.243316535082538,14.846957728501463,84.33241521307608,1.3458343695060875,57.4,57.4,57.4,48.09480798739495,46.935846070750294,46.6893469225417,47.23883572103426,0.535655,0.514115816349617,27.90201798544522,28.08516470677495,18.810247295915474,27.733251501587556,22.76541035946391,22.955424629879275,22.861595200409738,22.73216151027539,18.20557099885049,22.756737299476484,22.66324625395002,22.533949727956006,1.0,0.0,0.25,0.25,0.0,18.810247295915474,22.756737299476484,27.733251501587556,12.214632814099947,19.939176335826215,24.988284252187054,2.5633922589486087e-16,0.0,0.0,0.0,3.413888208514426e-14,converged
2025-01-15T22:00:00+08:00,14.0,-14.0,0.0,4.340277777777778,57.4,57.4,47.6,47.6,50.0,60.0,85.0,43.66295955908678,14.57268529550278,14.243316535082538,14.846957728501463,84.33241521307608,1.3458343695060875,57.4,57.4,57.4,48.093532572302955,46.93386968261704,46.687065945472845,47.23698971436248,0.535655,0.5142092171845012,27.899743114057102,28.082423164066952,18.7992979510597,27.73178995120324,22.75861680690309,22.94824669954833,22.855123256717206,22.726454121186467,18.193961445171844,22.749497927027704,22.656712543932546,22.528180207821848,1.0,0.0,0.25,0.25,0.0,18.7992979510597,22.749497927027704,27.73178995120324,12.214632814099947,19.939176335826215,24.988284252187054,2.5633922589486087e-16,0.0,0.0,0.0,3.056179808729817e-14,converged
2025-01-15T22:05:00+08:00,14.083333333333334,-14.0,0.0,4.333333333333333,57.4,57.4,47.6,47.6,50.0,60.0,85.0,43.66295955908678,14.57268529550278,14.243316535082538,14.846957728501463,84.33241521307608,1.3458343695060875,57.4,57.4,57.4,48.09226235202003,46.93190085870192,46.684794393191574,47.235151113768914,0.535655,0.5143022433003231,27.897475927831312,28.0796903963922,18.788398798951928,27.730332634012402,22.751851224860733,22.94109676991426,22.84867529971601,22.72076687964419,18.182410262700376,22.74228662051075,22.650202899928438,22.522430928727864,1.0,0.0,0.25,0.25,0.0,18.788398798951928,22.74228662051075,27.730332634012402,12.214632814099947,19.939176335826215,24.988284252187054,2.5633922589486087e-16,1.1317792537699949e-16,0.0,1.1317792537699949e-16,3.293080232602136e-14,converged
2025-01-15T22:10:00+08:00,14.166666666666666,-14.0,0.0,4.326388888888889,57.4,57.4,47.6,47.6,50.0,60.0,85.0,43.66295955908678,14.57268529550278,14.243316535082538,14.846957728501463,84.33241521307608,1.3458343695060875,57.4,57.4,57.4,48.0909973048028,46.929939569958016,46.682532225834,47.23331988896608,0.535655,0.514394896229513,27.895216400805186,28.076966375663872,18.77754960950424,27.728879537754146,22.745113498176195,22.93397473174794,22.842251240505288,22.71509971452609,18.17091715795384,22.735103271118327,22.643717233293877,22.516701819663005,1.0,0.0,0.25,0.25,0.0,18.77754960950424,22.735103271118327,27.728879537754146,12.214632814099947,19.939176335826215,24.988284252187054,2.5633922589486087e-16,9.052603179405776e-16,0.0,9.052603179405766e-16,1.9706453099312104e-14,converged
2025-01-15T22:15:00+08:00,14.25,-14.0,0.0,4.319444444444445,57.4,57.4,47.6,47.6,50.0,60.0,85.0,43.66295955908678,14.57268529550278,14.243316535082538,14.846957728501463,84.33241521307608,1.3458343695060875,57.4,57.4,57.4,48.08973740900098,46.92798578745034,46.680279403708916,47.23149600979281,0.535655,0.5144871774981106,27.89296450710377,28.074251073885055,18.766750153683468,27.72743065020308,22.73840351216297,22.926880476246346,22.835850990513666,22.709452554960755,18.15948183892559,22.727947770464972,22.637255455711557,22.510992809865343,1.0,0.0,0.25,0.25,0.0,18.766750153683468,22.727947770464972,27.72743065020308,12.214632814099947,19.939176335826215,24.988284252187054,2.5633922589486087e-16,5.656862158987546e-16,0.0,5.656862158987543e-16,2.6341919057752806e-14,converged
2025-01-15T22:20:00+08:00,14.333333333333334,-14.0,0.0,4.3125,57.4,57.4,47.6,47.6,50.0,60.0,85.0,43.66295955908678,14.57268529550278,14.243316535082538,14.846957728501463,84.33241521307608,1.3458343695060875,57.4,57.4,57.4,48.08848264305695,46.9260394823554,46.67803588729705,47.22967944621365,0.535655,0.5145790886257934,27.89072022093952,28.071544463148438,18.756000203506343,27.725985959169222,22.731721152606745,22.919813895030888,22.829474461498048,22.70382533032696,18.148104015077138,22.720820010585413,22.63081747918947,22.505303828821198,1.0,0.0,0.25,0.25,0.0,18.756000203506343,22.720820010585413,27.725985959169222,12.214632814099947,19.939176335826215,24.988284252187054,2.5633922589486087e-16,3.3935110578772404e-16,0.0,3.3935110578772394e-16,2.4730129047148233e-14,converged
2025-01-15T22:25:00+08:00,14.416666666666666,-14.0,0.0,4.305555555555555,57.4,57.4,47.6,47.6,50.0,60.0,85.0,43.66295955908678,14.57268529550278,14.243316535082538,14.846957728501463,84.33241521307608,1.3458343695060875,57.4,57.4,57.4,48.08723298550535,46.92410062596072,46.67580163725028,47.22787016831841,0.535655,0.5146706311259027,27.888483516612016,28.068846515636043,18.74529953203469,27.724545452497896,22.725066305763445,22.91277488014575,22.82312156554238,22.69821797025278,18.136783397330785,22.713719883932942,22.624403216059715,22.49963480626428,1.0,0.0,0.25,0.25,0.0,18.74529953203469,22.713719883932942,27.724545452497896,12.214632814099947,19.939176335826215,24.988284252187054,2.5633922589486087e-16,4.523876622696055e-16,0.0,4.523876622696055e-16,2.826278469724156e-14,converged
2025-01-15T22:30:00+08:00,14.5,-14.0,0.0,4.298611111111112,57.4,57.4,47.6,47.6,50.0,60.0,85.0,43.66295955908678,14.57268529550278,14.243316535082538,14.846957728501463,84.33241521307608,1.3458343695060875,57.4,57.4,57.4,48.085988414972675,46.92216918966445,46.67357661439093,47.226068146321545,0.535655,0.5147618065054715,27.886254368507654,28.06615720361893,18.734647913370647,27.723109118069633,22.718438858357306,22.905763324056252,22.81679221505645,22.69263040461471,18.125519698062277,22.706647283377794,22.618012578977307,22.4939856721748,1.0,0.0,0.25,0.25,0.0,18.734647913370647,22.706647283377794,27.723109118069633,12.214632814099947,19.939176335826215,24.988284252187054,2.5633922589486087e-16,2.261537673457858e-16,0.0,2.2615376734578573e-16,3.041541958547792e-14,converged
2025-01-15T22:35:00+08:00,14.583333333333334,-14.0,0.0,4.291666666666667,57.4,57.4,47.6,47.6,50.0,60.0,85.0,43.66295955908678,14.57268529550278,14.243316535082538,14.846957728501463,84.33241521307608,1.3458343695060875,57.4,57.4,57.4,48.08474891017691,46.920245144974956,46.67136077971094,47.22427335056172,0.535655,0.5148526162652505,27.884032751099365,28.0634764994569,18.72404512265188,27.721676943800066,22.71183869757895,22.898779119647198,22.81048632277468,22.687062563536784,18.114312631093494,22.69960210220553,22.611645480918984,22.48835635677863,1.0,0.0,0.25,0.25,0.0,18.72404512265188,22.69960210220553,27.721676943800066,12.214632814099947,19.939176335826215,24.988284252187054,2.5633922589486087e-16,2.2611387832000063e-16,0.0,2.2611387832000063e-16,2.6723299145513274e-14,converged
2025-01-15T22:40:00+08:00,14.666666666666666,-14.0,0.0,4.284722222222222,57.4,57.4,47.6,47.6,50.0,60.0,85.0,43.66295955908678,14.57268529550278,14.243316535082538,14.846957728501463,84.33241521307608,1.3458343695060875,57.4,57.4,57.4,48.08351444992709,46.918328463510306,46.66915409437117,47.22248575150118,0.535655,0.5149430618997349,27.88181863894632,28.060804375598245,18.71349093604685,27.72024891763983,22.705265711083456,22.891822160221245,22.804203801754916,22.6815143773897,18.103161911685174,22.69258423411543,22.605301835182015,22.482746790546422,1.0,0.0,0.25,0.25,0.0,18.71349093604685,22.69258423411543,27.72024891763983,12.214632814099947,19.939176335826215,24.988284252187054,2.5633922589486087e-16,0.0,0.0,0.0,2.3230758960434976e-14,converged
2025-01-15T22:45:00+08:00,14.75,-14.0,0.0,4.277777777777778,57.4,57.4,47.6,47.6,50.0,60.0,85.0,43.66295955908678,14.57268529550278,14.243316535082538,14.846957728501463,84.33241521307608,1.3458343695060875,57.4,57.4,57.4,48.08228501312292,46.916419116997965,46.66695651970065,47.220705319725326,0.535655,0.5150331448971917,27.87961200669363,28.058140804579427,18.702985130750072,27.718825027574454,22.698719786988452,22.884892339497263,22.797944565377243,22.67598577678996,18.092067256529692,22.685593573218874,22.598981555383034,22.477156904192753,1.0,0.0,0.25,0.25,0.0,18.702985130750072,22.685593573218874,27.718825027574454,12.214632814099947,19.939176335826215,24.988284252187054,2.5633922589486087e-16,2.2603462122845133e-16,0.0,2.2603462122845133e-16,2.3759174181228122e-14,converged
2025-01-15T22:50:00+08:00,14.833333333333334,-14.0,0.0,4.270833333333333,57.4,57.4,47.6,47.6,50.0,60.0,85.0,43.66295955908678,14.57268529550278,14.243316535082538,14.846957728501463,84.33241521307608,1.3458343695060875,57.4,57.4,57.4,48.08106057875437,46.914517077274276,46.664768017195776,47.2189320259421,0.535655,0.5151228667396851,27.877412829072068,28.05548575902482,18.69252748497743,27.717405261624272,22.692200813872205,22.877989551608728,22.791708527342774,22.670476692598992,18.08102838374385,22.67863001403777,22.592684555456856,22.471586628675283,1.0,0.0,0.25,0.25,0.0,18.69252748497743,22.67863001403777,27.717405261624272,12.214632814099947,19.939176335826215,24.988284252187054,2.5633922589486087e-16,2.2599525150912147e-16,0.0,2.259952515091214e-16,2.887768727169459e-14,converged
2025-01-15T22:55:00+08:00,14.916666666666666,-14.0,0.0,4.263888888888889,57.4,57.4,47.6,47.6,50.0,60.0,85.0,43.66295955908678,14.57268529550278,14.243316535082538,14.846957728501463,84.33241521307608,1.3458343695060875,57.4,57.4,57.4,48.07984112590131,46.91262231628411,46.66258854851965,47.217165840981544,0.535655,0.5152122289031039,27.875221080897767,28.052839211646415,18.682117777961476,27.71598960784431,22.685708680771736,22.871113691102085,22.78549560167247,22.66498705592229,18.070045012861716,22.67169345150294,22.5864107496553,22.466035895193876,1.0,0.0,0.25,0.25,0.0,18.682117777961476,22.67169345150294,27.71598960784431,12.214632814099947,19.939176335826215,24.988284252187054,2.5633922589486087e-16,2.259560532458345e-16,0.0,2.2595605324583446e-16,2.4883188444579685e-14,converged
2025-01-15T23:00:00+08:00,15.0,-14.0,0.0,4.256944444444445,57.4,57.4,47.6,47.6,50.0,60.0,85.0,43.66295955908678,14.57268529550278,14.243316535082538,14.846957728501463,84.33241521307608,1.3458343695060875,57.4,57.4,57.4,48.07862663373309,46.910734806080384,46.66041807550127,47.21540673579522,0.535655,0.5153012328571869,27.873036737071942,28.050201135243555,18.67175578994679,27.714578054324196,22.679243277180923,22.86426465293516,22.77930570270595,22.659516798108548,18.059116864827505,22.664783780952543,22.58016005254603,22.46050463518978,1.0,0.0,0.25,0.25,0.0,18.67175578994679,22.664783780952543,27.714578054324196,12.214632814099947,19.939176335826215,24.988284252187054,2.5633922589486087e-16,4.518340512458999e-16,0.0,4.518340512458999e-16,2.7456410653622116e-14,converged
2025-01-15T23:05:00+08:00,15.083333333333334,-14.0,0.0,4.25,57.4,57.4,47.6,47.6,50.0,60.0,85.0,43.66295955908678,14.57268529550278,14.243316535082538,14.846957728501463,84.33241521307608,1.3458343695060875,57.4,57.4,57.4,48.07741708150816,46.90885451882369,46.658256560134845,47.21365468145571,0.535655,0.5153898800655495,27.8708597725806,28.047571502702635,18.661441302185324,27.713170589188053,22.672804493048616,22.85744233247553,22.773138745100322,22.65406585074881,18.048243661988487,22.657900898130503,22.57393237901139,22.454992780344753,1.0,0.0,0.25,0.25,0.0,18.661441302185324,22.657900898130503,27.713170589188053,12.214632814099947,19.939176335826215,24.988284252187054,2.5633922589486087e-16,0.0,0.0,0.0,3.3162087750224376e-14,converged
2025-01-15T23:10:00+08:00,15.166666666666666,-14.0,0.0,4.243055555555555,57.4,57.4,47.6,47.6,50.0,60.0,85.0,43.66295955908678,14.57268529550278,14.243316535082538,14.846957728501463,84.33241521307608,1.3458343695060875,57.4,57.4,57.4,48.07621244857367,46.90698142678185,46.65610396457906,47.211909649156134,0.535655,0.5154781719857097,27.868690162494254,28.04495028699684,18.65117409693179,27.711767200594398,22.666392218776778,22.850646625498943,22.766994643828983,22.648634145675604,18.037425128087925,22.65104469918492,22.56772764424724,22.449500262580244,1.0,0.0,0.25,0.25,0.0,18.65117409693179,22.65104469918492,27.711767200594398,12.214632814099947,19.939176335826215,24.988284252187054,2.5633922589486087e-16,1.1291973952891467e-16,0.0,1.1291973952891464e-16,2.777535019468749e-14,converged
2025-01-15T23:15:00+08:00,15.25,-14.0,0.0,4.236111111111112,57.4,57.4,47.6,47.6,50.0,60.0,85.0,43.66295955908678,14.57268529550278,14.243316535082538,14.846957728501463,84.33241521307608,1.3458343695060875,57.4,57.4,57.4,48.075012714365116,46.90511550232952,46.65396025115627,47.2101716102096,0.535655,0.5155661100691135,27.866527881967627,28.042337461185863,18.640953957439066,27.710367876736047,22.660006345218605,22.84387742818772,22.760873314180472,22.6432216149621,18.026660988258072,22.644215080666513,22.5615457637618,22.444027014056534,1.0,0.0,0.25,0.25,0.0,18.640953957439066,22.644215080666513,27.710367876736047,12.214632814099947,19.939176335826215,24.988284252187054,2.5633922589486087e-16,3.387014377593465e-16,0.0,3.3870143775934635e-16,2.8251151443456587e-14,converged
2025-01-15T23:20:00+08:00,15.333333333333334,-14.0,0.0,4.229166666666667,57.4,57.4,47.6,47.6,50.0,60.0,85.0,43.66295955908678,14.57268529550278,14.243316535082538,14.846957728501463,84.33241521307608,1.3458343695060875,57.4,57.4,57.4,48.073817858405924,46.903256717947784,46.65182538235192,47.20844053604872,0.535655,0.5156536957611615,27.864372906239385,28.039732998415623,18.630780667953616,27.708972605840017,22.653646763676672,22.83713463712917,22.754774671757282,22.63782819092125,18.01595096901317,22.637411939527066,22.555386653374512,22.4385729671719,1.0,0.0,0.25,0.25,0.0,18.630780667953616,22.63782819092125,27.708972605840017,12.214632814099947,19.939176335826215,24.988284252187054,2.5633922589486087e-16,4.51525210752511e-16,0.0,4.51525210752511e-16,2.0253635027302833e-14,converged
2025-01-15T23:25:00+08:00,15.416666666666666,-14.0,0.0,4.222222222222222,57.4,57.4,47.6,47.6,50.0,60.0,85.0,43.66295955908678,14.57268529550278,14.243316535082538,14.846957728501463,84.33241521307608,1.3458343695060875,57.4,57.4,57.4,48.07262786030708,46.901405046223694,46.64969932081366,47.206716398225055,0.535655,0.5157409305012337,27.86222521063184,28.037136871917998,18.620654013710933,27.707581376167422,22.64731336590109,22.830418149314006,22.748698632474714,22.63245380610495,18.005294798242506,22.630635173117856,22.549250229214884,22.43313805456179,1.0,0.0,0.25,0.25,0.0,18.620654013710933,22.63245380610495,27.707581376167422,12.214632814099947,19.939176335826215,24.988284252187054,2.5633922589486087e-16,5.643110471850378e-16,0.0,5.643110471850375e-16,2.7592640168796115e-14,converged
2025-01-15T23:30:00+08:00,15.5,-14.0,0.0,4.215277777777778,57.4,57.4,47.6,47.6,50.0,60.0,85.0,43.66295955908678,14.57268529550278,14.243316535082538,14.846957728501463,84.33241521307608,1.3458343695060875,57.4,57.4,57.4,48.07144269976675,46.89956045984994,46.647582029350765,47.204999168408705,0.535655,0.515827815722716,27.86008477055068,28.034549055010537,18.610573780931016,27.706194176013376,22.641006044087657,22.823727862134774,22.742645112559696,22.627098393303193,17.99469220520351,22.623884679188116,22.543136407721345,22.427722209097986,0.9166666666666666,0.0,0.25,0.25,0.08333333333333333,18.610573780931016,22.627098393303193,27.706194176013376,12.214632814099947,19.939176335826215,24.988284252187054,2.5633922589486087e-16,2.256863982098904e-16,0.0,2.2568639820989034e-16,3.0492355730583014e-14,converged
2025-01-15T23:35:00+08:00,15.583333333333334,-14.0,0.0,4.208333333333333,57.4,57.4,47.6,47.6,50.0,60.0,85.0,43.66295955908678,14.57268529550278,14.243316535082538,14.846957728501463,84.33241521307608,1.3458343695060875,57.4,57.4,57.4,48.07026235656987,46.897722931624365,46.64547347093333,47.20328881838769,0.535655,0.5159143528530246,27.857951561484672,28.031969521096194,18.600539756813845,27.704810993706893,22.634724690876023,22.81706367338429,22.736614028549656,22.621761885543226,17.984142920514863,22.61716035588349,22.537045105640114,22.422325363887772,0.9166666666666666,0.0,0.25,0.25,0.08333333333333333,18.600539756813845,22.621761885543226,27.704810993706893,12.214632814099947,19.939176335826215,24.988284252187054,2.5633922589486087e-16,2.25648542598503e-16,0.0,2.2564854259850294e-16,2.818636113985372e-14,converged
2025-01-15T23:40:00+08:00,15.666666666666666,-14.0,0.0,4.201388888888889,57.4,57.4,47.6,47.6,50.0,60.0,85.0,43.66295955908678,14.57268529550278,14.243316535082538,14.846957728501463,84.33241521307608,1.3458343695060875,57.4,57.4,57.4,48.06908681058785,46.89589243444961,46.6433736086916,47.201585320067544,0.535655,0.5160005433136324,27.85582555900539,28.02939824366306,18.590551729534898,27.70343181761079,22.62846919934786,22.81042548125407,22.730605297291344,22.616444216088716,17.973646676149656,22.610462101744503,22.530976240024067,22.416947452273106,0.9166666666666666,0.0,0.25,0.25,0.08333333333333333,18.590551729534898,22.616444216088716,27.70343181761079,12.214632814099947,19.939176335826215,24.988284252187054,2.5633922589486087e-16,3.38416276888034e-16,0.0,3.38416276888034e-16,2.4353878524853348e-14,converged
2025-01-15T23:45:00+08:00,15.75,-14.0,0.0,4.194444444444445,57.4,57.4,47.6,47.6,50.0,60.0,85.0,43.66295955908678,14.57268529550278,14.243316535082538,14.846957728501463,84.33241521307608,1.3458343695060875,57.4,57.4,57.4,48.06791604177809,46.89406894133267,46.641282405915234,47.19988864547074,0.535655,0.5160863885200934,27.85370673876693,28.026835196284082,18.58060948824067,27.7020566361216,22.622239463025057,22.803813184332782,22.7246188359397,22.61114531843892,17.963203205428584,22.603789815705007,22.524929728231598,22.411588407829804,0.9166666666666666,0.0,0.25,0.25,0.08333333333333333,18.58060948824067,22.61114531843892,27.7020566361216,12.214632814099947,19.939176335826215,24.988284252187054,2.5633922589486087e-16,0.0,0.0,0.0,2.4461081483585428e-14,converged
2025-01-15T23:50:00+08:00,15.833333333333334,-14.0,0.0,4.1875,57.4,57.4,47.6,47.6,50.0,60.0,85.0,43.66295955908678,14.57268529550278,14.243316535082538,14.846957728501463,84.33241521307608,1.3458343695060875,57.4,57.4,57.4,48.066750030183684,46.89225242538453,46.63919982605264,47.198198766736276,0.535655,0.5161718898820683,27.85159507650565,28.024280352616792,18.57071282304423,27.70068543766945,22.61603537586788,22.79722668160469,22.71865456195671,22.60586512632784,17.95281224301317,22.597143397090683,22.5189054879255,22.406248164366716,0.9166666666666666,0.0,0.25,0.25,0.08333333333333333,18.57071282304423,22.60586512632784,27.70068543766945,12.214632814099947,19.939176335826215,24.988284252187054,2.5633922589486087e-16,1.127679791450215e-16,0.0,1.1276797914502148e-16,2.6559656564918962e-14,converged
2025-01-15T23:55:00+08:00,15.916666666666666,-14.0,0.0,4.180555555555555,57.4,57.4,47.6,47.6,50.0,60.0,85.0,43.66295955908678,14.57268529550278,14.243316535082538,14.846957728501463,84.33241521307608,1.3458343695060875,57.4,57.4,57.4,48.06558875593303,46.89044285981974,46.63712583271021,47.196515656119104,0.535655,0.5162570488033493,27.84949054803986,28.02173368640304,18.560861525020787,27.69931821071798,22.6098568322732,22.790665872448123,22.71271239311027,22.600603573723408,17.94247352489902,22.590522745617506,22.512903437071852,22.40092665592491,0.9166666666666666,0.0,0.25,0.25,0.08333333333333333,18.560861525020787,22.600603573723408,27.69931821071798,12.214632814099947,19.939176335826215,24.988284252187054,2.5633922589486087e-16,2.2549875511971807e-16,0.0,2.2549875511971807e-16,3.2605294931795535e-14,converged
2025-01-16T00:00:00+08:00,16.0,-14.0,0.0,4.173611111111112,57.4,57.4,47.6,47.6,50.0,60.0,85.0,43.66295955908678,14.57268529550278,14.243316535082538,14.846957728501463,84.33241521307608,1.3458343695060875,57.4,57.4,57.4,48.06443219923942,46.88864021795601,46.635060389651684,47.194839285989666,0.535655,0.5163418666818851,27.847393129269577,28.019195171468716,18.55105538620328,27.697954943764252,22.603703727072663,22.78413065663392,22.706792247473043,22.595360594826655,17.93218678840912,22.583927761390242,22.50692349393888,22.395623816776855,0.9166666666666666,0.0,0.25,0.25,0.08333333333333333,18.55105538620328,22.595360594826655,27.697954943764252,12.214632814099947,19.939176335826215,24.988284252187054,2.5633922589486087e-16,6.76385139413792e-16,0.0,6.763851394137916e-16,2.7071030103002445e-14,converged
2025-01-16T00:05:00+08:00,16.083333333333332,-14.0,0.0,4.166666666666667,57.4,57.4,47.6,47.6,50.0,60.0,85.0,43.66295955908678,14.57268529550278,14.243316535082538,14.846957728501463,84.33241521307608,1.3458343695060875,57.4,57.4,57.4,48.06328034040073,46.88684447321382,46.63300346079743,47.193169628833445,0.535655,0.5164263449098057,27.845302796176224,28.016664781723495,18.541294199577987,27.69659562533864,22.597575955530928,22.777620934323913,22.700894043421343,22.59013612407088,17.921951772187146,22.577358344900933,22.500965577095876,22.390339581425607,0.9166666666666666,0.0,0.25,0.25,0.08333333333333333,18.541294199577987,22.59013612407088,27.69659562533864,12.214632814099947,19.939176335826215,24.988284252187054,2.5633922589486087e-16,1.1271241579209794e-16,0.0,1.1271241579209794e-16,3.125752988394239e-14,converged
2025-01-16T00:10:00+08:00,16.166666666666668,-14.0,0.0,4.159722222222222,57.4,57.4,47.6,47.6,50.0,60.0,85.0,43.66295955908678,14.57268529550278,14.243316535082538,14.846957728501463,84.33241521307608,1.3458343695060875,57.4,57.4,57.4,48.062133159799004,46.88505559911605,46.63095501022374,47.1915066572504,0.535655,0.5165104848734471,27.84321952482237,28.01414249116056,18.53157775908015,27.69524024400474,22.591473413343866,22.771136606069394,22.695017699634,22.58493009612085,17.911768216190854,22.570814397027394,22.49502960541205,22.385073884604004,0.9166666666666666,0.0,0.25,0.25,0.08333333333333333,18.53157775908015,22.58493009612085,27.69524024400474,12.214632814099947,19.939176335826215,24.988284252187054,2.5633922589486087e-16,3.38082164553131e-16,0.0,3.38082164553131e-16,2.914875978920966e-14,converged
2025-01-16T00:15:00+08:00,16.25,-14.0,0.0,4.152777777777778,57.4,57.4,47.6,47.6,50.0,60.0,85.0,43.66295955908678,14.57268529550278,14.243316535082538,14.846957728501463,84.33241521307608,1.3458343695060875,57.4,57.4,57.4,48.06099063790012,46.883273569287525,46.62891500216214,47.189850343954525,0.535655,0.5165942879533756,27.841143291351454,28.01162827385633,18.521905859589637,27.693888788359263,22.585395996636795,22.764677572809603,22.68916313509124,22.57974244587196,17.90163586168545,22.564295819031727,22.48911549805546,22.379826661273864,0.9166666666666666,0.0,0.25,0.25,0.08333333333333333,18.521905859589637,22.57974244587196,27.693888788359263,12.214632814099947,19.939176335826215,24.988284252187054,2.5633922589486087e-16,1.1267577336960576e-16,0.0,1.1267577336960576e-16,1.5920011693576155e-14,converged
2025-01-16T00:20:00+08:00,16.333333333333332,-14.0,0.0,4.145833333333333,57.4,57.4,47.6,47.6,50.0,60.0,85.0,43.66295955908678,14.57268529550278,14.243316535082538,14.846957728501463,84.33241521307608,1.3458343695060875,57.4,57.4,57.4,48.05985275525341,46.88149835745466,46.626883400998715,47.18820066177339,0.535655,0.5166777555244128,27.839074071987504,28.00912210397021,18.5122782969266,27.69254124703196,22.5793436019627,22.758243735870206,22.683330269073565,22.574573108449435,17.891554451237013,22.557802512558826,22.483223174491897,22.374597846625168,0.9166666666666666,0.0,0.25,0.25,0.08333333333333333,18.5122782969266,22.574573108449435,27.69254124703196,12.214632814099947,19.939176335826215,24.988284252187054,2.5633922589486087e-16,2.2531514194718266e-16,0.0,2.2531514194718266e-16,2.300281744524814e-14,converged
2025-01-16T00:25:00+08:00,16.416666666666668,-14.0,0.0,4.138888888888889,57.4,57.4,47.6,47.6,50.0,60.0,85.0,43.66295955908678,14.57268529550278,14.243316535082538,14.846957728501463,84.33241521307608,1.3458343695060875,57.4,57.4,57.4,48.05871949249129,46.87972993744507,46.62486017127341,47.18655758364758,0.535655,0.5167608889556599,27.837011843034873,28.006623955744303,18.50269486784717,27.69119760868551,22.573316126300494,22.751834996961797,22.677519021160652,22.56942201920751,17.88152372870598,22.551334379634884,22.47735255448378,22.369387376075277,0.9166666666666666,0.0,0.25,0.25,0.08333333333333333,18.50269486784717,22.56942201920751,27.69119760868551,12.214632814099947,19.939176335826215,24.988284252187054,2.5633922589486087e-16,0.0,0.0,0.0,2.8345986159651008e-14,converged
2025-01-16T00:30:00+08:00,16.5,-14.0,0.0,4.131944444444445,57.4,57.4,47.6,47.6,50.0,60.0,85.0,43.66295955908678,14.57268529550278,14.243316535082538,14.846957728501463,84.33241521307608,1.3458343695060875,57.4,57.4,57.4,48.05759083032892,46.87796828318718,46.62284527767941,47.18492108263032,0.535655,0.5168436896105211,27.834956580877964,28.004133803503162,18.493155370039165,27.689857862015426,22.56731346705323,22.745451258178385,22.671729311230234,22.56428911372863,17.871543439240607,22.544891322665936,22.47150355808908,22.36419518526812,0.9166666666666666,0.0,0.25,0.25,0.08333333333333333,18.493155370039165,22.56428911372863,27.689857862015426,12.214632814099947,19.939176335826215,24.988284252187054,2.5633922589486087e-16,1.0135926175590528e-15,0.0,1.0135926175590528e-15,2.4826490887918413e-14,converged
2025-01-16T00:35:00+08:00,16.583333333333332,-14.0,0.0,4.125,57.4,57.4,47.6,47.6,50.0,60.0,85.0,43.66295955908678,14.57268529550278,14.243316535082538,14.846957728501463,84.33241521307608,1.3458343695060875,57.4,57.4,57.4,48.05646674956381,46.8762133687098,46.620838685062346,47.183291131886875,0.535655,0.516926158846729,27.83290826198096,28.001651621653522,18.48365960211782,27.68852199574997,22.561335522046388,22.73909242199591,22.665961059456993,22.559174327822635,17.861613329270522,22.538473244436364,22.46567610566022,22.3590212100734,0.9166666666666666,0.0,0.25,0.25,0.08333333333333333,18.48365960211782,22.559174327822635,27.68852199574997,12.214632814099947,19.939176335826215,24.988284252187054,2.5633922589486087e-16,2.2520686917191297e-16,0.0,2.2520686917191297e-16,2.3956584198138837e-14,converged
2025-01-16T00:40:00+08:00,16.666666666666668,-14.0,0.0,4.118055555555555,57.4,57.4,47.6,47.6,50.0,60.0,85.0,43.66295955908678,14.57268529550278,14.243316535082538,14.846957728501463,84.33241521307608,1.3458343695060875,57.4,57.4,57.4,48.0553472310755,46.874465168141775,46.618840358419725,47.181667704694206,0.535655,0.517008298016368,27.830866862887557,27.999177384684035,18.47420736362154,27.687189998650044,22.55538218952612,22.732758391270746,22.660214186311475,22.55407759752596,17.85173314650026,22.532080048107442,22.45987011784299,22.35386538658582,0.9166666666666666,0.0,0.25,0.25,0.08333333333333333,18.47420736362154,22.55407759752596,27.687189998650044,12.214632814099947,19.939176335826215,24.988284252187054,2.5633922589486087e-16,5.629277241467467e-16,0.0,5.629277241467464e-16,2.5485233728292856e-14,converged
2025-01-16T00:45:00+08:00,16.75,-14.0,0.0,4.111111111111111,57.4,57.4,47.6,47.6,50.0,60.0,85.0,43.66295955908678,14.57268529550278,14.243316535082538,14.846957728501463,84.33241521307608,1.3458343695060875,57.4,57.4,57.4,48.05423225582521,46.87272365571159,46.61685026290023,47.18005077444042,0.535655,0.5170901084658983,27.828832360220687,27.996711067165005,18.464798455007656,27.685861859509107,22.549453368157522,22.726449069238218,22.654488612558968,22.54899885910084,17.84190263990286,22.525711637215874,22.45408551557548,22.348727651124268,0.9166666666666666,0.0,0.25,0.25,0.08333333333333333,18.464798455007656,22.54899885910084,27.685861859509107,12.214632814099947,19.939176335826215,24.988284252187054,2.5633922589486087e-16,5.628386615841266e-16,0.0,5.628386615841266e-16,2.290057789961966e-14,converged
2025-01-16T00:50:00+08:00,16.833333333333332,-14.0,0.0,4.104166666666667,57.4,57.4,47.6,47.6,50.0,60.0,85.0,43.66295955908678,14.57268529550278,14.243316535082538,14.846957728501463,84.33241521307608,1.3458343695060875,57.4,57.4,57.4,48.05312180485541,46.87098880574697,46.614868363803,47.17844031462425,0.535655,0.5171715915361798,27.826804730682266,27.99425264374814,18.455432677648222,27.684537567153072,22.543548957022903,22.720164359511127,22.648784259258438,22.543938049034512,17.832121559713496,22.51936791567234,22.448322220086983,22.34360794023105,0.9166666666666666,0.0,0.25,0.25,0.08333333333333333,18.455432677648222,22.543548957022903,27.684537567153072,12.214632814099947,19.939176335826215,24.988284252187054,2.5633922589486087e-16,1.1254999668595557e-16,0.0,1.1254999668595557e-16,3.1234570414053034e-14,converged
2025-01-16T00:55:00+08:00,16.916666666666668,-14.0,0.0,4.097222222222222,57.4,57.4,47.6,47.6,50.0,60.0,85.0,43.66295955908678,14.57268529550278,14.243316535082538,14.846957728501463,84.33241521307608,1.3458343695060875,57.4,57.4,57.4,48.05201585928955,46.869260592674514,46.61289462657705,47.176836298854724,0.535655,0.5172527485624956,27.824783951052908,27.99180208916627,18.446109833825822,27.683217110440225,22.537668855620076,22.713904166078272,22.643101047761416,22.53889510403841,17.822389657423127,22.51304878776004,22.44258015289694,22.33850619067109,0.9166666666666666,0.0,0.25,0.25,0.08333333333333333,18.446109833825822,22.537668855620076,27.683217110440225,12.214632814099947,19.939176335826215,24.988284252187054,2.5633922589486087e-16,1.125323375762297e-16,0.0,1.125323375762297e-16,3.136322131607769e-14,converged
2025-01-16T01:00:00+08:00,17.0,-14.0,0.0,4.090277777777778,57.4,57.4,47.6,47.6,50.0,60.0,85.0,43.66295955908678,14.57268529550278,14.243316535082538,14.846957728501463,84.33241521307608,1.3458343695060875,57.4,57.4,57.4,48.05091440033166,46.86753899101932,46.61092901682055,47.17523870085057,0.535655,0.5173335808745764,27.82276999819167,27.98935937823311,18.436829726729393,27.681900478261113,22.53181296386064,22.707668393302985,22.637438899710933,22.533869961047387,17.81270668577217,22.506754158133255,22.436859235813866,22.33342233943117,0.9166666666666666,0.0,0.25,0.25,0.08333333333333333,18.436829726729393,22.53181296386064,27.681900478261113,12.214632814099947,19.939176335826215,24.988284252187054,2.5633922589486087e-16,3.375442638871306e-16,0.0,3.375442638871305e-16,2.647167743433977e-14,converged
2025-01-16T01:05:00+08:00,17.083333333333332,-14.0,0.0,4.083333333333333,57.4,57.4,47.6,47.6,50.0,60.0,85.0,43.66295955908678,14.57268529550278,14.243316535082538,14.846957728501463,84.33241521307608,1.3458343695060875,57.4,57.4,57.4,48.04981740926604,46.865823975404574,46.60897150028019,47.173647494439834,0.535655,0.5174140897966231,27.820762849035795,27.986924485842987,18.427592160450068,27.680587659538464,22.525981182068286,22.701456945921677,22.631797737040426,22.52886255721892,17.803072398744238,22.500483931815904,22.431159390934276,22.328356323719127,0.9166666666666666,0.0,0.25,0.25,0.08333333333333333,18.427592160450068,22.525981182068286,27.680587659538464,12.214632814099947,19.939176335826215,24.988284252187054,2.5633922589486087e-16,2.249944949753755e-16,0.0,2.249944949753755e-16,2.8202252200835947e-14,converged
2025-01-16T01:10:00+08:00,17.166666666666668,-14.0,0.0,4.076388888888889,57.4,57.4,47.6,47.6,50.0,60.0,85.0,43.66295955908678,14.57268529550278,14.243316535082538,14.846957728501463,84.33241521307608,1.3458343695060875,57.4,57.4,57.4,48.04872486745686,46.864115520551195,46.60702204285049,47.172062653559344,0.535655,0.5174942766473309,27.818762480600427,27.98449738697058,18.41839693997705,27.67927864322709,22.52017341097708,22.695269729042373,22.626177481972668,22.523872829932326,17.793486551559877,22.494238014200114,22.425480540641633,22.3233080809631,0.9166666666666666,0.0,0.25,0.25,0.08333333333333333,18.41839693997705,22.52017341097708,27.67927864322709,12.214632814099947,19.939176335826215,24.988284252187054,2.5633922589486087e-16,2.2495963159467195e-16,0.0,2.249596315946719e-16,2.818440544969343e-14,converged
2025-01-16T01:15:00+08:00,17.25,-14.0,0.0,4.069444444444445,57.4,57.4,47.6,47.6,50.0,60.0,85.0,43.66295955908678,14.57268529550278,14.243316535082538,14.846957728501463,84.33241521307608,1.3458343695060875,57.4,57.4,57.4,48.047636756347856,46.86241360127744,46.605080610573204,47.170484152254325,0.535655,0.5175741427399124,27.816768869978368,27.982078056670673,18.409243871193482,27.677973418313794,22.514389551729803,22.689106648143262,22.620578057018697,22.51890071678798,17.783948900670346,22.488016311044795,22.419822607605294,22.31827754881074,0.9166666666666666,0.0,0.25,0.25,0.08333333333333333,18.409243871193482,22.514389551729803,27.677973418313794,12.214632814099947,19.939176335826215,24.988284252187054,2.5633922589486087e-16,0.0,0.0,0.0,2.6479415421980602e-14,converged
2025-01-16T01:20:00+08:00,17.333333333333332,-14.0,0.0,4.0625,57.4,57.4,47.6,47.6,50.0,60.0,85.0,43.66295955908678,14.57268529550278,14.243316535082538,14.846957728501463,84.33241521307608,1.3458343695060875,57.4,57.4,57.4,48.04655305746195,46.86071819249854,46.60314716963661,47.16891196467788,0.535655,0.5176536893821209,27.8147819943398,27.979666470077895,18.400132760872356,27.676671973817278,22.508629505876243,22.682967609071266,22.61499938497674,22.513946155606526,17.77445920375144,22.481818728474217,22.41418551477945,22.313264665128454,0.9166666666666666,0.0,0.25,0.25,0.08333333333333333,18.400132760872356,22.508629505876243,27.676671973817278,12.214632814099947,19.939176335826215,24.988284252187054,2.5633922589486087e-16,3.373355320790523e-16,0.0,3.373355320790523e-16,3.0532285509275646e-14,converged
2025-01-16T01:25:00+08:00,17.416666666666668,-14.0,0.0,4.055555555555555,57.4,57.4,47.6,47.6,50.0,60.0,85.0,43.66295955908678,14.57268529550278,14.243316535082538,14.846957728501463,84.33241521307608,1.3458343695060875,57.4,57.4,57.4,48.045473752400945,46.85902926922635,46.6012216863749,47.167346065090555,0.535655,0.5177329178762732,27.812801830932035,27.97726260240646,18.391063416672438,27.675374298788046,22.502893175371533,22.676852518040587,22.60944138893116,22.509009084428115,17.76501721969732,22.475645172976584,22.408569185402083,22.30826936800062,0.9166666666666666,0.0,0.25,0.25,0.08333333333333333,18.391063416672438,22.502893175371533,27.675374298788046,12.214632814099947,19.939176335826215,24.988284252187054,2.5633922589486087e-16,2.2485593982408423e-16,0.0,2.248559398240842e-16,2.550430898444052e-14,converged
2025-01-16T01:30:00+08:00,17.5,-14.0,0.0,4.048611111111111,57.4,57.4,47.6,47.6,50.0,60.0,85.0,43.66295955908678,14.57268529550278,14.243316535082538,14.846957728501463,84.33241521307608,1.3458343695060875,57.4,57.4,57.4,48.04439882284513,46.85734680656891,46.59930412726753,47.1657864278599,0.535655,0.5178118295192733,27.81082835707925,27.974866428949912,18.3820356471342,27.674080382308322,22.497180462574473,22.670761281631282,22.60390399225138,22.504089441511614,17.755622708614396,22.469495551402638,22.402973542993912,22.303291595728844,0.9166666666666666,0.0,0.25,0.25,0.08333333333333333,18.3820356471342,22.497180462574473,27.674080382308322,12.214632814099947,19.939176335826215,24.988284252187054,2.5633922589486087e-16,3.372325095440923e-16,0.0,3.372325095440922e-16,2.6427730070886747e-14,converged
2025-01-16T01:35:00+08:00,17.583333333333332,-14.0,0.0,4.041666666666667,57.4,57.4,47.6,47.6,50.0,60.0,85.0,43.66295955908678,14.57268529550278,14.243316535082538,14.846957728501463,84.33241521307608,1.3458343695060875,57.4,57.4,57.4,48.043328250552996,46.85567077973016,46.597394458938574,47.164233027459986,0.535655,0.5178904256026349,27.808861550182225,27.972477925080888,18.373049261675778,27.672790213491947,22.49149127024588,22.664693806787835,22.598387118590843,22.499187165333844,17.746275431815228,22.463369770964242,22.397398511357363,22.29833128683118,0.9166666666666666,0.0,0.25,0.25,0.08333333333333333,18.373049261675778,22.49149127024588,27.672790213491947,12.214632814099947,19.939176335826215,24.988284252187054,2.5633922589486087e-16,2.2478755364413235e-16,0.0,2.247875536441323e-16,2.600865947594234e-14,converged
2025-01-16T01:40:00+08:00,17.666666666666668,-14.0,0.0,4.034722222222222,57.4,57.4,47.6,47.6,50.0,60.0,85.0,43.66295955908678,14.57268529550278,14.243316535082538,14.846957728501463,84.33241521307608,1.3458343695060875,57.4,57.4,57.4,48.04226201736087,46.85400116400947,46.59549264815608,47.16268583847098,0.535655,0.517968707412504,27.80690138771809,27.970097066250837,18.364104070588958,27.671503781484294,22.48582550154692,22.65865000081773,22.592890691885952,22.494302194588812,17.736975151812466,22.457267739232986,22.391844014575515,22.293388380041378,0.9166666666666666,0.0,0.25,0.25,0.08333333333333333,18.364104070588958,22.48582550154692,27.671503781484294,12.214632814099947,19.939176335826215,24.988284252187054,2.5633922589486087e-16,5.618839524518952e-16,0.0,5.618839524518952e-16,2.5789538368751245e-14,converged
2025-01-16T01:45:00+08:00,17.75,-14.0,0.0,4.027777777777778,57.4,57.4,47.6,47.6,50.0,60.0,85.0,43.66295955908678,14.57268529550278,14.243316535082538,14.846957728501463,84.33241521307608,1.3458343695060875,57.4,57.4,57.4,48.04120010518254,46.85233793480134,46.59359866183142,47.16114483557864,0.535655,0.5180466762296825,27.804947847240058,27.96772382798979,18.355199885035162,27.670221075462177,22.480183060037465,22.652629771390043,22.58741463635502,22.489434468186932,17.727721632312807,22.45118936413879,22.386309977011088,22.28846281430813,0.9166666666666666,0.0,0.25,0.25,0.08333333333333333,18.355199885035162,22.480183060037465,27.670221075462177,12.214632814099947,19.939176335826215,24.988284252187054,2.5633922589486087e-16,3.370796315330106e-16,0.0,3.370796315330105e-16,2.1785995965852786e-14,converged
2025-01-16T01:50:00+08:00,17.833333333333332,-14.0,0.0,4.020833333333333,57.4,57.4,47.6,47.6,50.0,60.0,85.0,43.66295955908678,14.57268529550278,14.243316535082538,14.846957728501463,84.33241521307608,1.3458343695060875,57.4,57.4,57.4,48.040142496009004,46.85068106759506,46.59171246701873,47.15960999357398,0.535655,0.5181243333296498,27.803000906377182,27.965358185906098,18.34633651704146,27.668942084633755,22.474563849674457,22.646633026534026,22.58195887649723,22.484583925254274,17.718514638211005,22.44513455396852,22.380796323305393,22.28355452879431,0.9166666666666666,0.0,0.25,0.25,0.08333333333333333,18.34633651704146,22.474563849674457,27.668942084633755,12.214632814099947,19.939176335826215,24.988284252187054,2.5633922589486087e-16,2.2468607308753263e-16,0.0,2.2468607308753263e-16,2.486370678669596e-14,converged
2025-01-16T01:55:00+08:00,17.916666666666668,-14.0,0.0,4.013888888888889,57.4,57.4,47.6,47.6,50.0,60.0,85.0,43.66295955908678,14.57268529550278,14.243316535082538,14.846957728501463,84.33241521307608,1.3458343695060875,57.4,57.4,57.4,48.03908917190803,46.849030537974244,46.589834030914155,47.158081287352694,0.535655,0.5182016799825861,27.801060542834083,27.963000115686185,18.337513779496618,27.667666798238447,22.468967774810263,22.640659674637707,22.576523337091576,22.479750505131797,17.709353935583888,22.43910321736459,22.37530297837732,22.27866346287622,0.9166666666666666,0.0,0.25,0.25,0.08333333333333333,18.337513779496618,22.468967774810263,27.667666798238447,12.214632814099947,19.939176335826215,24.988284252187054,2.5633922589486087e-16,0.0,0.0,0.0,2.3147466017510475e-14,converged
2025-01-16T02:00:00+08:00,18.0,-14.0,0.0,4.006944444444445,57.4,57.4,47.6,47.6,50.0,60.0,85.0,43.66295955908678,14.57268529550278,14.243316535082538,14.846957728501463,84.33241521307608,1.3458343695060875,57.4,57.4,57.4,48.03804011502393,46.847386321616554,46.58796332085534,47.15655869191481,0.535655,0.5182787174533947,27.799126734390704,27.960649593094296,18.328731486147124,27.666395205546834,22.463394740191056,22.634709624446483,22.57110794319586,22.474934147374594,17.70023929168441,22.433095263323604,22.369829867422304,22.27378955614286,0.9166666666666666,0.0,0.25,0.25,0.08333333333333333,18.328731486147124,22.463394740191056,27.666395205546834,12.214632814099947,19.939176335826215,24.988284252187054,2.5633922589486087e-16,7.861670037240366e-16,0.0,7.861670037240366e-16,2.1532471601850154e-14,converged
2025-01-16T02:05:00+08:00,18.083333333333332,-14.0,0.0,4.0,57.4,57.4,47.6,47.6,50.0,60.0,85.0,43.66295955908678,14.57268529550278,14.243316535082538,14.846957728501463,84.33241521307608,1.3458343695060875,57.4,57.4,57.4,48.03699530757713,46.845748394293274,46.58610030432073,47.15504218236417,0.535655,0.5183554470017239,27.797199458902057,27.958306593972246,18.319989451593273,27.66512729586058,22.457844650955185,22.62878278506173,22.565712620145625,22.47013479175113,17.691170474935756,22.42711060119497,22.36437691591132,22.26893274839515,0.9166666666666666,0.0,0.25,0.25,0.08333333333333333,18.319989451593273,22.457844650955185,27.66512729586058,12.214632814099947,19.939176335826215,24.988284252187054,2.5633922589486087e-16,1.1229294733980837e-16,0.0,1.1229294733980834e-16,2.6086895154788668e-14,converged
2025-01-16T02:10:00+08:00,18.166666666666668,-13.972222222222223,0.27777777777777385,3.993055555555556,57.4,57.4,47.6,47.6,50.0,60.0,85.0,43.66295955908678,14.57268529550278,14.243316535082538,14.846957728501463,84.33241521307608,1.3458343695060875,57.4,57.4,57.4,48.035963785090765,46.84412724726139,46.58425608198034,47.15354197132293,0.5350832555555556,0.5184313519081882,27.795334155959356,27.956028020484414,18.31137645342154,27.663909023563605,22.45239133411133,22.622953481818296,22.56040550017764,22.46541417367558,17.682244232532486,22.421223557457925,22.359012256997612,22.264154775754182,0.9166666666666666,0.0,0.25,0.25,0.08333333333333333,18.31137645342154,22.45239133411133,27.663909023563605,12.214632814099947,19.939176335826215,24.988284252187054,2.5633922589486087e-16,2.2455301246432226e-16,0.0,2.245530124643222e-16,2.8043149340780455e-14,converged
2025-01-16T02:15:00+08:00,18.25,-13.944444444444445,0.5555555555555596,3.986111111111111,57.4,57.4,47.6,47.6,50.0,60.0,85.0,43.66295955908678,14.57268529550278,14.243316535082538,14.846957728501463,84.33241521307608,1.3458343695060875,57.4,57.4,57.4,48.03495453865412,46.84253331818988,46.58244169425444,47.15206821861523,0.5345115111111112,0.5185059181247769,27.79353061620173,27.9538136664195,18.30289190011794,27.66274024488757,22.44703439122672,22.617221334233257,22.555186256388556,22.46077201519801,17.673459847630795,22.415433753661006,22.353735565467666,22.259455361645035,0.9166666666666666,0.0,0.25,0.25,0.08333333333333333,18.30289190011794,22.44703439122672,27.66274024488757,12.214632814099947,19.939176335826215,24.988284252187054,2.5633922589486087e-16,2.245207195473511e-16,0.0,2.2452071954735104e-16,2.4493374442502308e-14,converged
2025-01-16T02:20:00+08:00,18.333333333333332,-13.916666666666666,0.8333333333333334,3.9791666666666665,57.4,57.4,47.6,47.6,50.0,60.0,85.0,43.66295955908678,14.57268529550278,14.243316535082538,14.846957728501463,84.33241521307608,1.3458343695060875,57.4,57.4,57.4,48.03396748414126,46.84096650283941,46.58065701873886,47.15062082053797,0.5339397666666666,0.5185791508984672,27.79178863097557,27.951663326226235,18.29453520288004,27.66162081648054,22.441773425509016,22.611585963307927,22.550054563086597,22.456208039349676,17.664816606991067,22.409740812819944,22.34854651730584,22.25483423046309,0.9166666666666666,0.0,0.25,0.25,0.08333333333333333,18.29453520288004,22.441773425509016,27.66162081648054,12.214632814099947,19.939176335826215,24.988284252187054,2.5633922589486087e-16,1.122445065765166e-16,0.0,1.122445065765166e-16,3.2866730506882106e-14,converged
2025-01-16T02:25:00+08:00,18.416666666666668,-13.88888888888889,1.1111111111111072,3.9722222222222223,57.4,57.4,47.6,47.6,50.0,60.0,85.0,43.66295955908678,14.57268529550278,14.243316535082538,14.846957728501463,84.33241521307608,1.3458343695060875,57.4,57.4,57.4,48.03300253775509,46.839426697371216,46.5789019335433,47.14919967380322,0.5333680222222221,0.5186510554552317,27.790107992332175,27.949576795011282,18.286305775604525,27.660550595405784,22.43660804179956,22.60604699152208,22.5450100957871,22.45172197013955,17.656313800959754,22.40414435941198,22.343444789689965,22.25029110757062,0.9166666666666666,0.0,0.25,0.25,0.08333333333333333,18.286305775604525,22.43660804179956,27.660550595405784,12.214632814099947,19.939176335826215,24.988284252187054,2.5633922589486087e-16,2.244578905267135e-16,0.0,2.2445789052671344e-16,2.2730933660313696e-14,converged
2025-01-16T02:30:00+08:00,18.5,-13.86111111111111,1.3888888888888928,3.9652777777777777,57.4,57.4,47.6,47.6,50.0,60.0,85.0,43.66295955908678,14.57268529550278,14.243316535082538,14.846957728501463,84.33241521307608,1.3458343695060875,57.4,57.4,57.4,48.03205961602611,46.83791379834555,46.57717631728909,47.1478046755365,0.5327962777777778,0.5187216370001225,27.788488493025344,27.94755386853711,18.27820303487483,27.659529439140567,22.431537846566645,22.60060404282817,22.540052531208012,22.447313532550876,17.647950723451345,22.3986440193702,22.338430060986934,22.24582571929341,0.9166666666666666,0.0,0.25,0.25,0.08333333333333333,18.27820303487483,22.431537846566645,27.659529439140567,12.214632814099947,19.939176335826215,24.988284252187054,2.5633922589486087e-16,4.488546978691283e-16,0.0,4.488546978691281e-16,2.990226707049836e-14,converged
2025-01-16T02:35:00+08:00,18.583333333333332,-13.833333333333334,1.6666666666666667,3.9583333333333335,57.3,57.3,47.53333333333333,47.53333333333333,50.0,60.0,85.0,43.60180695466229,14.55227537211972,14.223367912484383,14.82616367005818,84.09635538422482,1.340187519390952,57.4,57.4,57.4,48.02028160348907,46.824123264577516,46.56287647812435,47.13451264675012,0.5322245333333333,0.5186667197095697,27.786913860295467,27.945579202905236,18.27021591507015,27.658543371358324,22.42654620297859,22.595241425379875,22.53516696922173,22.44296853063132,17.63971181195187,22.393223115172272,22.33348649304263,22.241422973932213,0.9166666666666666,0.0,0.25,0.25,0.08333333333333333,18.27021591507015,22.42654620297859,27.658543371358324,12.231764136419862,19.967141520027933,25.02333093416769,1.0282350969811025e-16,2.244511116736432e-16,0.0,2.307637991894644e-15,3.264415032630723e-14,converged
2025-01-16T02:40:00+08:00,18.666666666666668,-13.805555555555555,1.9444444444444406,3.951388888888889,57.3,57.3,47.53333333333333,47.53333333333333,50.0,60.0,85.0,43.60180695466229,14.55227537211972,14.223367912484383,14.82616367005818,84.09635538422482,1.340187519390952,57.4,57.4,57.4,48.019377326606076,46.822657630156634,46.561202875589224,47.13316365107724,0.5316527888888889,0.518734878106388,27.785400007946226,27.943667782959942,18.26235436892927,27.657606124199077,22.421649030244815,22.589974140736086,22.53036771898694,22.43870066063907,17.631611299097003,22.38789764126048,22.328629339283346,22.23709746886432,0.9166666666666666,0.0,0.25,0.25,0.08333333333333333,18.26235436892927,22.421649030244815,27.657606124199077,12.231764136419862,19.967141520027933,25.02333093416769,1.0282350969811025e-16,0.0,0.0,5.330013481034242e-16,2.761141018738242e-14,converged
2025-01-16T02:45:00+08:00,18.75,-13.777777777777777,2.2222222222222263,3.944444444444444,57.3,57.3,47.53333333333333,47.53333333333333,50.0,60.0,85.0,43.60180695466229,14.55227537211972,14.223367912484383,14.82616367005818,84.09635538422482,1.340187519390952,57.34463528272839,57.4,57.4,47.97935521437324,46.82121864195297,46.55955843252295,47.118777530806405,0.5310810444444445,0.518528124938577,27.78384255104688,27.941720704943332,18.254513073558876,27.656628247511364,22.416845939452273,22.584801817050845,22.525654460646074,22.434509650322838,17.623648489089373,22.382667227710666,22.323858281452598,22.232848933142353,0.9166666666666666,0.0,0.25,0.25,0.08333333333333333,18.254513073558876,22.416845939452273,27.656628247511364,12.231764136419862,19.967141520027933,25.02333093416769,1.0282350969811025e-16,0.0,0.0,1.6838332806064034e-16,2.688365684412211e-14,converged
2025-01-16T02:50:00+08:00,18.833333333333332,-13.75,2.5,3.9375,57.3,57.3,47.53333333333333,47.53333333333333,50.0,60.0,85.0,43.60180695466229,14.55227537211972,14.223367912484383,14.82616367005818,84.09635538422482,1.340187519390952,57.3,57.39934283040056,57.4,47.94689911186853,46.81934816448183,46.55794302937265,47.106785714447945,0.5305093000000001,0.5183704980974059,27.78226196840142,27.939757338284682,18.24671242946544,27.655627270927535,22.41213525618573,22.579722864566754,22.521025717132414,22.4303941251588,17.615822689629724,22.377531506032643,22.319173002466027,22.228677096769374,0.9166666666666666,0.0,0.25,0.25,0.08333333333333333,18.24671242946544,22.41213525618573,27.655627270927535,12.231764136419862,19.967141520027933,25.02333093416769,1.0282350969811025e-16,5.614484343448278e-16,0.0,5.131989595183192e-16,2.454203803783755e-14,converged
2025-01-16T02:55:00+08:00,18.916666666666668,-13.722222222222223,2.777777777777774,3.930555555555556,57.3,57.3,47.53333333333333,47.53333333333333,50.0,60.0,85.0,43.60180695466229,14.55227537211972,14.223367912484383,14.82616367005818,84.09635538422482,1.340187519390952,57.3,57.3,57.4,47.94600765558592,46.74869467549503,46.55635654708699,47.08290081599462,0.5299375555555556,0.5179399328258552,27.78074218623388,27.937857181153053,18.2390365042648,27.654675158141213,22.40732371943945,22.574554170024488,22.516307546458915,22.42618844315415,17.608133211899325,22.372490109164634,22.314573186407063,22.224581690695555,0.9166666666666666,0.0,0.25,0.25,0.08333333333333333,18.2390365042648,22.40732371943945,27.654675158141213,12.231764136419862,19.967141520027933,25.02333093416769,1.0282350969811025e-16,3.3714910103120975e-16,0.0,2.770066181649653e-16,2.483231382599009e-14,converged
2025-01-16T03:00:00+08:00,19.0,-13.694444444444445,3.05555555555556,3.923611111111111,57.3,57.3,47.53333333333333,47.53333333333333,50.0,60.0,85.0,43.60180695466229,14.55227537211972,14.223367912484383,14.82616367005818,84.09635538422482,1.340187519390952,57.3,57.3,57.30046661868335,47.94513795462024,46.74728028776655,46.4851387481892,47.057932579499536,0.529365811111111,0.5174914375215678,27.77928299917589,27.93602003126206,18.231484726268064,27.65377176764736,22.4026059120923,22.569480051889713,22.511675067211428,22.422059401321597,17.60037681430396,22.36736074962844,22.309885676082292,22.22039782058113,0.9166666666666666,0.0,0.25,0.25,0.08333333333333333,18.231484726268064,22.4026059120923,27.65377176764736,12.231764136419862,19.967141520027933,25.02333093416769,1.0282350969811025e-16,3.374412986941921e-16,0.0,1.0078237176301423e-15,2.338692303269578e-14,converged
2025-01-16T03:05:00+08:00,19.083333333333332,-13.666666666666666,3.3333333333333335,3.9166666666666665,57.2,57.2,47.46666666666667,47.46666666666667,50.0,60.0,85.0,43.54065435023779,14.531865448736664,14.203419289886225,14.805369611614902,83.86062640306643,1.334556486772785,57.3,57.3,57.3,47.93343533826073,46.733584974144485,46.47062037033214,47.0446224653775,0.5287940666666666,0.5174291918043076,27.77786814707234,27.93423055583082,18.22404602848999,27.652903134790307,22.397965196233127,22.564484816466443,22.50711337770865,22.417992802596025,17.592740564091226,22.362308526246625,22.305267304046716,22.21627482873566,0.9166666666666666,0.0,0.25,0.25,0.08333333333333333,18.22404602848999,22.397965196233127,27.652903134790307,12.248943580431689,19.995185258117864,25.058476061884218,1.0311254261164666e-16,1.4624215329568437e-15,0.0,1.9580980621561588e-15,2.5271902162832254e-14,converged
2025-01-16T03:10:00+08:00,19.166666666666668,-13.63888888888889,3.611111111111107,3.9097222222222223,57.2,57.2,47.46666666666667,47.46666666666667,50.0,60.0,85.0,43.54065435023779,14.531865448736664,14.203419289886225,14.805369611614902,83.86062640306643,1.334556486772785,57.3,57.3,57.3,47.932603828999234,46.732217250015886,46.46905974020006,47.043368110184026,0.5282223222222222,0.5174924795761914,27.776513534898502,27.93250373252501,18.216730388526063,27.65208298208187,22.39341750440651,22.559583478689486,22.50263679784326,22.414002351514128,17.585239679815235,22.35735030166648,22.30073414649587,22.212228094124015,0.9166666666666666,0.0,0.25,0.25,0.08333333333333333,18.216730388526063,22.39341750440651,27.65208298208187,12.248943580431689,19.995185258117864,25.058476061884218,1.0311254261164666e-16,1.1248020640055965e-15,0.0,1.732898179858622e-15,2.72695503672237e-14,converged
2025-01-16T03:15:00+08:00,19.25,-13.61111111111111,3.888888888888893,3.9027777777777777,57.2,57.2,47.46666666666667,47.46666666666667,50.0,60.0,85.0,43.54065435023779,14.531865448736664,14.203419289886225,14.805369611614902,83.86062640306643,1.334556486772785,57.24497887160863,57.3,57.3,47.892915738004945,46.73087582088775,46.46752782657715,47.029163559627065,0.5276505777777778,0.5172826412072892,27.77511545544143,27.93074129986885,18.20943315907054,27.651222439840375,22.388962453698838,22.554775672352076,22.49824501224814,22.410087779329167,17.577873480976116,22.35248571155663,22.296285889629416,22.208257349279403,0.9166666666666666,0.0,0.25,0.25,0.08333333333333333,18.20943315907054,22.388962453698838,27.651222439840375,12.248943580431689,19.995185258117864,25.058476061884218,1.0311254261164666e-16,2.250516691517666e-16,0.0,2.0975518851410744e-15,2.0074943854929098e-14,converged
2025-01-16T03:20:00+08:00,19.333333333333332,-13.583333333333334,4.166666666666667,3.8958333333333335,57.2,57.2,47.46666666666667,47.46666666666667,50.0,60.0,85.0,43.54065435023779,14.531865448736664,14.203419289886225,14.805369611614902,83.86062640306643,1.334556486772785,57.2,57.29990370516236,57.3,47.86030425090825,46.72949350477449,46.46602451180667,47.01731724044704,0.5270788333333334,0.5171213399522381,27.773693089633387,27.928961397898806,18.20217344786803,27.650337924651993,22.38459947421663,22.55006085404361,22.493937537024276,22.40624865662338,17.570641290494947,22.347714392997826,22.291922220802572,22.20436232767316,0.9166666666666666,0.0,0.25,0.25,0.08333333333333333,18.20217344786803,22.38459947421663,27.650337924651993,12.248943580431689,19.995185258117864,25.058476061884218,1.0311254261164666e-16,2.2512186760207397e-16,0.0,2.278479527175678e-15,3.689925394803496e-14,converged
2025-01-16T03:25:00+08:00,19.416666666666668,-13.555555555555555,4.444444444444441,3.888888888888889,57.2,57.2,47.46666666666667,47.46666666666667,50.0,60.0,85.0,43.54065435023779,14.531865448736664,14.203419289886225,14.805369611614902,83.86062640306643,1.334556486772785,57.2,57.2,57.3,47.85948471876972,46.65858153602329,46.464549678725085,46.993409992840526,0.526507088888889,0.516683274867161,27.772330989130342,27.92724411742164,18.195035974085492,27.64950193559859,22.38013315580931,22.545253874661547,22.48953849547235,22.40231749822558,17.56354243469656,22.343035984477467,22.287642828521868,22.200542763711447,0.9166666666666666,0.0,0.25,0.25,0.08333333333333333,18.195035974085492,22.38013315580931,27.64950193559859,12.248943580431689,19.995185258117864,25.058476061884218,1.0311254261164666e-16,2.253127350732712e-16,0.0,8.066371941197386e-16,2.4821357453207113e-14,converged
2025-01-16T03:30:00+08:00,19.5,-13.527777777777777,4.722222222222227,3.881944444444444,57.2,57.2,47.46666666666667,47.46666666666667,50.0,60.0,85.0,43.54065435023779,14.531865448736664,14.203419289886225,14.805369611614902,83.86062640306643,1.334556486772785,57.2,57.2,57.201169521237695,47.85868667911839,46.65726360991687,46.3939697483242,46.96871403834209,0.5259353444444445,0.5162337299621136,27.77102895040432,27.925589258065035,18.18802017744142,27.648714332175565,22.375759143564586,22.54054005871531,22.48522396087853,22.39846200946394,17.556375150940788,22.338269532416415,22.28327582219438,22.19663496879517,0.9166666666666666,0.0,0.25,0.25,0.08333333333333333,18.18802017744142,22.375759143564586,27.648714332175565,12.248943580431689,19.995185258117864,25.058476061884218,1.0311254261164666e-16,2.2550894114469923e-16,0.0,3.438261215903173e-15,3.6266216664429564e-14,converged
2025-01-16T03:35:00+08:00,19.583333333333332,-13.5,5.0,3.875,57.1,57.1,47.4,47.4,50.0,60.0,85.0,43.4795017458133,14.511455525353606,14.183470667288075,14.78457555317162,83.62522826960084,1.3289412494671582,57.2,57.2,57.2,47.84705846952379,46.64366218699603,46.37906618112319,46.95532840784199,0.5253635999999999,0.5161630618791496,27.769770726484563,27.92398149878667,18.181114990109595,27.647961161800094,22.37146079932975,22.535903711501092,22.480979030730815,22.39466799276838,17.549323606741364,22.333577518971435,22.278975548505418,22.19278591789631,0.9166666666666666,0.0,0.25,0.25,0.08333333333333333,18.181114990109595,22.37146079932975,27.647961161800094,12.266171349180537,20.023307881546998,25.093720050719494,3.619097857576938e-16,0.0,0.0,3.2773754463152935e-15,2.5700378924601433e-14,converged
2025-01-16T03:40:00+08:00,19.666666666666668,-13.472222222222223,5.277777777777774,3.868055555555556,57.1,57.1,47.4,47.4,50.0,60.0,85.0,43.4795017458133,14.511455525353606,14.183470667288075,14.78457555317162,83.62522826960084,1.3289412494671582,57.2,57.2,57.2,47.84629817987945,46.64239033762259,46.37761596214923,46.954166641547474,0.5247918555555555,0.5162215958050421,27.768572212860207,27.92243580937543,18.17433041337547,27.647256136917566,22.3672540678424,22.531359860216202,22.47681803472721,22.390949160193284,17.542404486471135,22.328978106010418,22.27475931601773,22.189012161788554,0.9166666666666666,0.0,0.25,0.25,0.08333333333333333,18.17433041337547,22.3672540678424,27.647256136917566,12.266171349180537,20.023307881546998,25.093720050719494,3.619097857576938e-16,4.510284837866434e-16,0.0,3.33162055797087e-15,2.095004761227433e-14,converged
2025-01-16T03:45:00+08:00,19.75,-13.444444444444445,5.55555555555556,3.861111111111111,57.1,57.1,47.4,47.4,50.0,60.0,85.0,43.4795017458133,14.511455525353606,14.183470667288075,14.78457555317162,83.62522826960084,1.3289412494671582,57.14532342698362,57.2,57.2,47.80694306082574,46.6411444399989,46.376194027766864,46.94014178192245,0.5242201111111111,0.5160087926279119,27.76733038152094,27.920854572042465,18.167562476895164,27.64651096960284,22.363138572040853,22.52690814416149,22.472740661891496,22.387305246422503,17.53561712446966,22.324470934665015,22.27062681528887,22.185313436412656,0.9166666666666666,0.0,0.25,0.25,0.08333333333333333,18.167562476895164,22.363138572040853,27.64651096960284,12.266171349180537,20.023307881546998,25.093720050719494,3.619097857576938e-16,1.128036222348643e-16,0.0,2.575095188830262e-15,4.1348496434005725e-14,converged
2025-01-16T03:50:00+08:00,19.833333333333332,-13.416666666666666,5.833333333333334,3.8541666666666665,57.1,57.1,47.4,47.4,50.0,60.0,85.0,43.4795017458133,14.511455525353606,14.183470667288075,14.78457555317162,83.62522826960084,1.3289412494671582,57.1,57.2,57.2,47.77417423933787,46.63992439478753,46.3748002621671,46.92833313685282,0.5236483666666666,0.5158416084872653,27.76606311257311,27.919254694631885,18.16082899201965,27.64574096088016,22.359113936415348,22.522548204044394,22.468746602399634,22.38373598707616,17.528960858422597,22.320055647457657,22.266577738015773,22.181689478635416,0.9166666666666666,0.0,0.25,0.25,0.08333333333333333,18.16082899201965,22.359113936415348,27.64574096088016,12.266171349180537,20.023307881546998,25.093720050719494,3.619097857576938e-16,2.2568036372313843e-16,0.0,1.99938697235968e-15,2.2857901096886242e-14,converged
2025-01-16T03:55:00+08:00,19.916666666666668,-13.38888888888889,6.111111111111107,3.8472222222222223,57.1,57.1,47.4,47.4,50.0,60.0,85.0,43.4795017458133,14.511455525353606,14.183470667288075,14.78457555317162,83.62522826960084,1.3289412494671582,57.1,57.10046615763095,57.2,47.77342510248259,46.56940045906651,46.37343455002604,46.90461306940215,0.5230766222222222,0.5154008067936263,27.764855584462627,27.91771686187259,18.15421533078094,27.645019146397022,22.35498533419365,22.518095443635087,22.464660504146874,22.380074396023605,17.522435029344887,22.315731888296163,22.262611777030546,22.178140026246453,0.9166666666666666,0.0,0.25,0.25,0.08333333333333333,18.15421533078094,22.35498533419365,27.645019146397022,12.266171349180537,20.023307881546998,25.093720050719494,3.619097857576938e-16,5.646834477771255e-16,0.0,8.5099560215787115e-16,4.371362770469952e-14,converged
2025-01-16T04:00:00+08:00,20.0,-13.36111111111111,6.388888888888893,3.8402777777777777,57.1,57.1,47.4,47.4,50.0,60.0,85.0,43.4795017458133,14.511455525353606,14.183470667288075,14.78457555317162,83.62522826960084,1.3289412494671582,57.1,57.1,57.10187440101439,47.77269720163843,46.567852419725725,46.303490939070386,46.880081829872786,0.5225048777777778,0.5149480088845648,27.763707595465263,27.91624087527001,18.147720943993434,27.6443453866323,22.35094673726648,22.513733602057215,22.46065693328635,22.376486742325525,17.515839356731906,22.311320040471056,22.25855831118634,22.174502599116654,0.9166666666666666,0.0,0.25,0.25,0.08333333333333333,18.147720943993434,22.35094673726648,27.6443453866323,12.266171349180537,20.023307881546998,25.093720050719494,3.619097857576938e-16,1.1303599569119945e-16,0.0,3.7683264676839075e-17,2.6931372459885597e-14,converged
2025-01-16T04:05:00+08:00,20.083333333333332,-13.333333333333334,6.666666666666667,3.8333333333333335,57.0,57.0,47.333333333333336,47.333333333333336,50.0,60.0,85.0,43.418349141388816,14.491045601970553,14.16352204468992,14.763781494728345,83.39016098382815,1.3233417852896456,57.1,57.1,57.1,47.761142437774616,46.55434359284134,46.28819958707584,46.86661905736735,0.5219331333333334,0.5148690310722372,27.76260291236939,27.91481142613607,18.14133476350507,27.64370574147572,22.346982420646132,22.509447848979327,22.45672180851136,22.37295961071897,17.50935510199226,22.306979964271118,22.25456919627853,22.170921800016554,0.9166666666666666,0.0,0.25,0.25,0.08333333333333333,18.14133476350507,22.346982420646132,27.64370574147572,12.283447646855437,20.051509723633682,25.12906331839656,1.0369427653584326e-16,3.391600041990139e-16,0.0,1.913074398685063e-15,2.7619141398900905e-14,converged
2025-01-16T04:10:00+08:00,20.166666666666668,-13.305555555555555,6.944444444444441,3.826388888888889,57.0,57.0,47.333333333333336,47.333333333333336,50.0,60.0,85.0,43.418349141388816,14.491045601970553,14.16352204468992,14.763781494728345,83.39016098382815,1.3233417852896456,57.1,57.1,57.1,47.76045185641027,46.55316562809945,46.28685728106855,46.86554787688392,0.5213613888888889,0.5149229250551448,27.761557420526948,27.91344347569144,18.135066813150477,27.643113912870923,22.343108340141214,22.50525322276607,22.452869468410462,22.369506720025594,17.50300041714824,22.302731122625577,22.250662975115254,22.167415353442284,0.9166666666666666,0.0,0.25,0.25,0.08333333333333333,18.135066813150477,22.343108340141214,27.643113912870923,12.283447646855437,20.051509723633682,25.12906331839656,1.0369427653584326e-16,6.782490125942684e-16,0.0,1.513696364045021e-15,2.752283530232926e-14,converged
2025-01-16T04:15:00+08:00,20.25,-13.277777777777777,7.222222222222227,3.819444444444444,57.0,57.0,47.333333333333336,47.333333333333336,50.0,60.0,85.0,43.418349141388816,14.491045601970553,14.16352204468992,14.763781494728345,83.39016098382815,1.3233417852896456,57.045668952937106,57.1,57.1,47.72142869775347,46.552013279645315,46.28554283850037,46.85170087811232,0.5207896444444444,0.5147072746128412,27.760468772620936,27.91204005124456,18.12881380093705,27.64248219594066,22.33932412439816,22.501149368097447,22.449099606301044,22.366127808287455,17.49677465093456,22.298573162002402,22.24683934251593,22.16398299867064,0.9166666666666666,0.0,0.25,0.25,0.08333333333333333,18.12881380093705,22.33932412439816,27.64248219594066,12.283447646855437,20.051509723633682,25.12906331839656,1.0369427653584326e-16,2.2617772774729387e-16,0.0,1.3217260965232486e-15,5.804733004297559e-14,converged
2025-01-16T04:20:00+08:00,20.333333333333332,-13.25,7.5,3.8125,57.0,57.0,47.333333333333336,47.333333333333336,50.0,60.0,85.0,43.418349141388816,14.491045601970553,14.16352204468992,14.763781494728345,83.39016098382815,1.3233417852896456,57.0,57.1,57.1,47.68850062745384,46.55088644944222,46.28425614536292,46.83990589928013,0.5202179,0.5145338359328686,27.759353544968725,27.910616825639188,18.122592238186343,27.64182477362357,22.335629403591653,22.49713593103893,22.445411916636623,22.36282261447093,17.490677155359442,22.294505730239496,22.24309799442352,22.160624475892664,0.9166666666666666,0.0,0.25,0.25,0.08333333333333333,18.122592238186343,22.335629403591653,27.64182477362357,12.283447646855437,20.051509723633682,25.12906331839656,1.0369427653584326e-16,7.918888864821564e-16,0.0,3.3407812398465973e-15,2.4911779290750807e-14,converged
2025-01-16T04:25:00+08:00,20.416666666666668,-13.222222222222223,7.777777777777774,3.805555555555556,57.0,57.0,47.333333333333336,47.333333333333336,50.0,60.0,85.0,43.418349141388816,14.491045601970553,14.16352204468992,14.763781494728345,83.39016098382815,1.3233417852896456,57.0,57.00103019447267,57.1,47.68782039322499,46.480883527275935,46.282997088125036,46.81641505491032,0.5196461555555555,0.5140913786539528,27.75829754416953,27.909255078815903,18.116488151124138,27.64121521931438,22.331830502558788,22.493029406564457,22.441632083345386,22.359425138589636,17.48470728568814,22.290528476539382,22.239438627900398,22.15733952621044,0.9166666666666666,0.0,0.25,0.25,0.08333333333333333,18.116488151124138,22.331830502558788,27.64121521931438,12.283447646855437,20.051509723633682,25.12906331839656,1.0369427653584326e-16,5.661217375972411e-16,0.0,3.3467524909361903e-15,3.5015492304275607e-14,converged
2025-01-16T04:30:00+08:00,20.5,-13.194444444444445,8.05555555555556,3.798611111111111,57.0,57.0,47.333333333333336,47.333333333333336,50.0,60.0,85.0,43.418349141388816,14.491045601970553,14.16352204468992,14.763781494728345,83.39016098382815,1.3233417852896456,57.0,57.0,57.002581266367926,47.68716114473187,46.47903563248812,46.21368831181753,46.79202477871251,0.5190744111111111,0.5136349612002329,27.757300570266985,27.90795461412225,18.110501001357804,27.640653394458795,22.328119148877885,22.48901140736483,22.43793265147885,22.35609972396442,17.478666246760113,22.286463124046573,22.235691894103724,22.153966880705372,0.9166666666666666,0.0,0.25,0.25,0.08333333333333333,18.110501001357804,22.328119148877885,27.640653394458795,12.283447646855437,20.051509723633682,25.12906331839656,1.0369427653584326e-16,5.666247949463085e-16,0.0,5.076936028937872e-16,3.485886539657379e-14,converged
2025-01-16T04:35:00+08:00,20.583333333333332,-13.166666666666666,8.333333333333334,3.7916666666666665,56.9,56.9,47.266666666666666,47.266666666666666,50.0,60.0,85.0,43.357196536964324,14.470635678587493,14.143573422091762,14.742987436285064,83.1554245457483,1.3177580720558173,57.0,57.0,57.0,47.67567889327232,46.46561814099433,46.19800662549458,46.77848327453195,0.5185026666666667,0.5135477833508002,27.756346404378412,27.906700135834953,18.10461972091647,27.640125371816623,22.3244807226945,22.485068149392518,22.434300533677572,22.352833902077386,17.472732387465527,22.282466905946197,22.232007152888915,22.150648765056193,0.9166666666666666,0.0,0.25,0.25,0.08333333333333333,18.10461972091647,22.3244807226945,27.640125371816623,12.300772678797408,20.07979111957675,25.164506284995145,1.0398699135578746e-16,1.1334419658804417e-16,1.1326168837707006e-16,3.3471958054906794e-15,2.9287101596576443e-14,converged
2025-01-16T04:40:00+08:00,20.666666666666668,-13.13888888888889,8.611111111111107,3.7847222222222223,56.9,56.9,47.266666666666666,47.266666666666666,50.0,60.0,85.0,43.357196536964324,14.470635678587493,14.143573422091762,14.742987436285064,83.1554245457483,1.3177580720558173,57.0,57.0,57.0,47.67505654463408,46.46453211516204,46.196769795732266,46.777500724100754,0.5179309222222223,0.5135971484899986,27.755450921074033,27.90550659592168,18.098854355068394,27.639644842397225,22.32093118978587,22.481214681102124,22.430750076519516,22.349641397777194,17.466925329362688,22.27856058809847,22.228404183211705,22.147404079415058,0.9166666666666666,0.0,0.25,0.25,0.08333333333333333,18.098854355068394,22.32093118978587,27.639644842397225,12.300772678797408,20.07979111957675,25.164506284995145,1.0398699135578746e-16,2.266666046904694e-16,1.1326168837707006e-16,2.728853420531354e-15,2.5883017622583663e-14,converged
2025-01-16T04:45:00+08:00,20.75,-13.11111111111111,8.888888888888893,3.7777777777777777,56.9,56.9,47.266666666666666,47.266666666666666,50.0,60.0,85.0,43.357196536964324,14.470635678587493,14.143573422091762,14.742987436285064,83.1554245457483,1.3177580720558173,56.94601545357595,57.0,57.0,47.636364371708055,46.46347137777093,46.19556041875183,46.763829803649955,0.5173591777777778,0.5133787655477284,27.75451245522664,27.90427766820399,18.093102291576546,27.639124685667255,22.317470184366314,22.47745065242741,22.427280977520564,22.34652195239329,17.461244435150586,22.274743822183957,22.22488268405949,22.144232566324845,0.9166666666666666,0.0,0.25,0.25,0.08333333333333333,18.093102291576546,22.317470184366314,27.639124685667255,12.300772678797408,20.07979111957675,25.164506284995145,1.0398699135578746e-16,3.4014453744321776e-16,1.1326168837707006e-16,3.941779144849789e-15,3.864227294685154e-14,converged
2025-01-16T04:50:00+08:00,20.833333333333332,-13.083333333333334,9.166666666666668,3.7708333333333335,56.9,56.9,47.266666666666666,47.266666666666666,50.0,60.0,85.0,43.357196536964324,14.470635678587493,14.143573422091762,14.742987436285064,83.1554245457483,1.3177580720558173,56.9,57.0,57.0,47.6032751726763,46.462435832055334,46.19437838229957,46.752046412418125,0.5167874333333333,0.5131991786998363,27.753546276392644,27.903027787708893,18.087378738093,27.63857796394809,22.314097342155314,22.473775714666953,22.42389293531704,22.34347530816772,17.455689070731278,22.271016261232802,22.22144235552774,22.141133969231124,0.9166666666666666,0.0,0.25,0.25,0.08333333333333333,18.087378738093,22.314097342155314,27.63857796394809,12.300772678797408,20.07979111957675,25.164506284995145,1.0398699135578746e-16,3.402635662488793e-16,1.1326168837707006e-16,4.488111882944202e-15,2.6856402871551208e-14,converged
2025-01-16T04:55:00+08:00,20.916666666666668,-13.055555555555555,9.444444444444441,3.763888888888889,56.9,56.9,47.266666666666666,47.266666666666666,50.0,60.0,85.0,43.357196536964324,14.470635678587493,14.143573422091762,14.742987436285064,83.1554245457483,1.3177580720558173,56.9,56.90159582239153,57.0,47.60266238374866,46.39295278707331,46.193223574591364,46.728783116132654,0.5162156888888889,0.512755182477398,27.752638820693296,27.901838830883225,18.081770376380597,27.638078789567544,22.31062014217521,22.470007456445337,22.42041267221773,22.340336453513267,17.45025860519379,22.26737755961948,22.218082898815908,22.13810803247898,0.9166666666666666,0.0,0.25,0.25,0.08333333333333333,18.081770376380597,22.31062014217521,27.638078789567544,12.300772678797408,20.07979111957675,25.164506284995145,1.0398699135578746e-16,2.270388009819215e-16,1.1326168837707006e-16,1.5059057971379012e-15,2.7680527236358017e-14,converged
2025-01-16T05:00:00+08:00,21.0,-13.027777777777777,9.722222222222227,3.756944444444444,56.9,56.9,47.266666666666666,47.266666666666666,50.0,60.0,85.0,43.357196536964324,14.470635678587493,14.143573422091762,14.742987436285064,83.1554245457483,1.3177580720558173,56.9,56.9,56.9032901256999,47.602070336332794,46.39080241808534,46.124548210838896,46.70453198107106,0.5156439444444444,0.5122952570076196,27.75178988990495,27.90071060288174,18.076276678545042,27.6376270249218,22.30722806222958,22.466325358855038,22.417010707290814,22.337267801382723,17.444755731956928,22.26365078334053,22.214636240255437,22.13499470111211,0.9166666666666666,0.0,0.25,0.25,0.08333333333333333,18.076276678545042,22.30722806222958,27.6376270249218,12.300772678797408,20.07979111957675,25.164506284995145,1.0398699135578746e-16,1.1362131528108538e-15,1.1326168837707006e-16,1.327103065190441e-15,3.0828516602183783e-14,converged
2025-01-16T05:05:00+08:00,21.083333333333332,-13.0,10.0,3.75,56.8,56.8,47.2,47.2,50.0,60.0,85.0,43.296043932539824,14.450225755204437,14.123624799493609,14.722193377841782,82.92101895536133,1.3121900875812469,56.9,56.9,56.9,47.590659691004625,46.377475034611926,46.108473685369226,46.69091019063491,0.5150722,0.5121999859422537,27.750983280038888,27.899627821551487,18.070886577295806,27.63720875603615,22.30390759100659,22.462716687409262,22.413674950164896,22.334257832822637,17.439355880937338,22.25999053320847,22.211249238682154,22.131933818800672,0.9166666666666666,0.0,0.25,0.25,0.08333333333333333,18.070886577295806,22.30390759100659,27.63720875603615,12.318146651507572,20.10815240646881,25.20004937296831,1.5642142105273448e-16,3.409273477803053e-16,1.134216625131959e-16,2.8836771499750823e-15,2.702369586602621e-14,converged
2025-01-16T05:10:00+08:00,21.166666666666668,-12.972222222222223,10.277777777777775,3.743055555555556,56.8,56.8,47.2,47.2,50.0,60.0,85.0,43.296043932539824,14.450225755204437,14.123624799493609,14.722193377841782,82.92101895536133,1.3121900875812469,56.9,56.9,56.9,47.5901041344599,46.37647904537988,46.10733995505719,46.69001436069115,0.5145004555555556,0.5122449306036451,27.75023485424542,27.89860542892879,18.065610138243784,27.63683766255589,22.30067470316887,22.459196499592593,22.41041975451948,22.331320277978346,17.434080145170586,22.256418879912673,22.20794291112533,22.128945463306188,0.9166666666666666,0.0,0.25,0.25,0.08333333333333333,18.065610138243784,22.30067470316887,27.63683766255589,12.318146651507572,20.10815240646881,25.20004937296831,1.5642142105273448e-16,4.545299128280194e-16,1.134216625131959e-16,4.003769349324936e-15,3.313565392549496e-14,converged
2025-01-16T05:15:00+08:00,21.25,-12.944444444444445,10.55555555555556,3.736111111111111,56.8,56.8,47.2,47.2,50.0,60.0,85.0,43.296043932539824,14.450225755204437,14.123624799493609,14.722193377841782,82.92101895536133,1.3121900875812469,56.84636293303015,56.9,56.9,47.55174200862095,46.37550802418839,46.10623327710214,46.67651778244545,0.513928711111111,0.5120239272188862,27.74944363108947,27.89754774676971,18.060345430326535,27.63642720959225,22.297529038361898,22.4557644504701,22.40724482197597,22.328454881397374,17.428927900902025,22.25293548022551,22.204716960648568,22.126029380369168,0.9166666666666666,0.0,0.25,0.25,0.08333333333333333,18.060345430326535,22.297529038361898,27.63642720959225,12.318146651507572,20.10815240646881,25.20004937296831,1.5642142105273448e-16,6.820891503601638e-16,1.134216625131959e-16,1.6608160301738363e-15,3.8555882299861465e-14,converged
2025-01-16T05:20:00+08:00,21.333333333333332,-12.916666666666666,10.833333333333334,3.7291666666666665,56.8,56.8,47.2,47.2,50.0,60.0,85.0,43.296043932539824,14.450225755204437,14.123624799493609,14.722193377841782,82.92101895536133,1.3121900875812469,56.8,56.9,56.9,47.51848983458044,46.37456187551391,46.10515354096032,46.664743945655864,0.5133569666666666,0.5118382958508632,27.74862357038553,27.896467969459582,18.055106353881992,27.63598933630966,22.294470237713792,22.452420196451506,22.404149855260872,22.325661388528403,17.423898527511756,22.249539992249026,22.20157109140841,22.12318531662148,0.9166666666666666,0.0,0.25,0.25,0.08333333333333333,18.055106353881992,22.294470237713792,27.63598933630966,12.318146651507572,20.10815240646881,25.20004937296831,1.5642142105273448e-16,4.548910183963856e-16,1.134216625131959e-16,7.445286590159592e-16,2.7633398897762505e-14,converged
2025-01-16T05:25:00+08:00,21.416666666666668,-12.88888888888889,11.111111111111107,3.7222222222222223,56.8,56.8,47.2,47.2,50.0,60.0,85.0,43.296043932539824,14.450225755204437,14.123624799493609,14.722193377841782,82.92101895536133,1.3121900875812469,56.8,56.802163048129366,56.9,47.51794306810953,46.3055976161113,46.10410063655008,46.64170656867964,0.5127852222222222,0.5113928746515972,27.74786173915096,27.895448571251155,18.049980247567703,27.635598695159125,22.291306937021073,22.44898242227091,22.400962617421957,22.322775778447927,17.418991407498872,22.246232075409793,22.1985050086503,22.120413019583243,0.9166666666666666,0.0,0.25,0.25,0.08333333333333333,18.049980247567703,22.291306937021073,27.635598695159125,12.318146651507572,20.10815240646881,25.20004937296831,1.5642142105273448e-16,1.1382180667480602e-16,1.134216625131959e-16,9.652622745742338e-16,3.590194184685091e-14,converged
2025-01-16T05:30:00+08:00,21.5,-12.86111111111111,11.388888888888893,3.7152777777777777,56.8,56.8,47.2,47.2,50.0,60.0,85.0,43.296043932539824,14.450225755204437,14.123624799493609,14.722193377841782,82.92101895536133,1.3121900875812469,56.8,56.8,56.80400098745937,47.51741680483237,46.30314219533644,46.03605732445313,46.61759279825531,0.5122134777777778,0.5109295500143485,27.747157940860433,27.894489359072182,18.044966593701194,27.635255149471256,22.288226358834994,22.44562847224221,22.39785159664767,22.319958529098002,17.414010726123152,22.242836141568112,22.19535191676257,22.117553651023442,0.9166666666666666,0.0,0.25,0.25,0.08333333333333333,18.044966593701194,22.288226358834994,27.635255149471256,12.318146651507572,20.10815240646881,25.20004937296831,1.5642142105273448e-16,1.1392502334584634e-16,1.134216625131959e-16,7.44323132265184e-16,3.093371823404784e-14,converged
2025-01-16T05:35:00+08:00,21.583333333333332,-12.833333333333334,11.666666666666668,3.7083333333333335,56.7,56.7,47.13333333333333,47.13333333333333,50.0,60.0,85.0,43.23489132811534,14.429815831821378,14.103676176895453,14.701399319398506,82.68694421266714,1.306637809681506,56.8,56.8,56.8,47.50607688577901,46.2899037250626,46.01958749856838,46.60388920122614,0.5116417333333334,0.5108262897542651,27.746495986979507,27.893575064940645,18.04005432616372,27.634944798930157,22.28521610379317,22.442346664713835,22.39480570259498,22.31719907391018,17.409128987831206,22.239504153861823,22.192256168452346,22.11474466766059,0.9166666666666666,0.0,0.25,0.25,0.08333333333333333,18.04005432616372,22.28521610379317,27.634944798930157,12.335569772655392,20.136593923309643,25.23569300715921,1.5686422740183114e-16,7.976363679134035e-16,1.135820891928468e-16,7.727102314161096e-16,2.704696081989306e-14,converged
2025-01-16T05:40:00+08:00,21.666666666666668,-12.805555555555555,11.944444444444441,3.701388888888889,56.7,56.7,47.13333333333333,47.13333333333333,50.0,60.0,85.0,43.23489132811534,14.429815831821378,14.103676176895453,14.701399319398506,82.68694421266714,1.306637809681506,56.8,56.8,56.8,47.50558671477586,46.288995912567266,46.01855454933598,46.60307822729212,0.5110699888888889,0.5108669196389318,27.74589172860659,27.89272062028953,18.035253529841732,27.634681311389972,22.282292154379057,22.439152065157312,22.39183929517005,22.31451114760586,17.40436875913061,22.236259489735776,22.18924002077183,22.1120073268385,0.9166666666666666,0.0,0.25,0.25,0.08333333333333333,18.035253529841732,22.282292154379057,27.634681311389972,12.335569772655392,20.136593923309643,25.23569300715921,1.5686422740183114e-16,1.3672678815361264e-15,1.135820891928468e-16,2.0295382616551877e-16,2.6554391930076766e-14,converged
2025-01-16T05:45:00+08:00,21.75,-12.777777777777777,12.222222222222227,3.694444444444444,56.7,56.7,47.13333333333333,47.13333333333333,50.0,60.0,85.0,43.23489132811534,14.429815831821378,14.103676176895453,14.701399319398506,82.68694421266714,1.306637809681506,56.746711395453104,56.8,56.8,47.46755373256898,46.28811275499219,46.01754826201186,46.58975430045159,0.5104982444444445,0.5106434052297594,27.74524486950691,27.8918309962363,18.0304629562809,27.634378738911813,22.279454155535962,22.436044333649477,22.388952080008927,22.311894497882832,17.399729429407756,22.233101810936187,22.186303180771127,22.109341377428304,0.9166666666666666,0.0,0.25,0.25,0.08333333333333333,18.0304629562809,22.279454155535962,27.634378738911813,12.335569772655392,20.136593923309643,25.23569300715921,1.5686422740183114e-16,1.1398886251605932e-16,1.135820891928468e-16,2.4810388357011037e-15,4.8863628539272487e-14,converged
2025-01-16T05:50:00+08:00,21.833333333333332,-12.75,12.5,3.6875,56.7,56.7,47.13333333333333,47.13333333333333,50.0,60.0,85.0,43.23489132811534,14.429815831821378,14.103676176895453,14.701399319398506,82.68694421266714,1.306637809681506,56.7,56.8,56.8,47.43413677005134,46.2872541580276,46.016568527718626,46.57798802932685,0.5099265,0.5104518303336864,27.744568056763036,27.89091814369112,18.025695194855462,27.63404789495544,22.276701753667876,22.433023131592133,22.38614376383778,22.309348873328833,17.395210391117516,22.230030780519517,22.18344535657846,22.106746569181418,0.9166666666666666,0.0,0.25,0.25,0.08333333333333333,18.025695194855462,22.276701753667876,27.63404789495544,12.335569772655392,20.136593923309643,25.23569300715921,1.5686422740183114e-16,6.841898583309998e-16,1.135820891928468e-16,1.0200486820169202e-15,2.4948570773510738e-14,converged
2025-01-16T05:55:00+08:00,21.916666666666668,-12.722222222222223,12.777777777777775,3.680555555555556,56.7,56.7,47.13333333333333,47.13333333333333,50.0,60.0,85.0,43.23489132811534,14.429815831821378,14.103676176895453,14.701399319398506,82.68694421266714,1.306637809681506,56.7,56.702731878466196,56.8,47.433654636843656,46.218807636413494,46.01561523803374,46.55517498801462,0.5093547555555555,0.510005095517018,27.743948989667892,27.890065136017395,18.021038242489528,27.63376397328942,22.273844743947418,22.429908242299707,22.383243152812426,22.30671124595832,17.390811039767808,22.2270460628474,22.180666257396215,22.10422265272646,0.9166666666666666,0.0,0.25,0.25,0.08333333333333333,18.021038242489528,22.273844743947418,27.63376397328942,12.335569772655392,20.136593923309643,25.23569300715921,1.5686422740183114e-16,5.706576407286612e-16,1.135820891928468e-16,3.493940570617592e-15,4.1057838636264303e-14,converged
2025-01-16T06:00:00+08:00,22.0,-12.694444444444445,13.05555555555556,3.673611111111111,56.7,56.7,47.13333333333333,47.13333333333333,50.0,60.0,85.0,43.23489132811534,14.429815831821378,14.103676176895453,14.701399319398506,82.68694421266714,1.306637809681506,56.7,56.7,56.70471386014318,47.43319277427567,46.21604462647726,45.948202676415065,46.531196850337764,0.5087830111111111,0.5095384779483005,27.743387473360787,27.889271781882332,18.016491591433766,27.633526838163018,22.27106808818052,22.42687486811237,22.38041669933038,22.304140154045353,17.386337055747067,22.223973418669296,22.177800368564572,22.101612009331976,0.9166666666666666,0.0,0.25,0.25,0.08333333333333333,18.016491591433766,22.27106808818052,27.633526838163018,12.335569772655392,20.136593923309643,25.23569300715921,1.5686422740183114e-16,3.427081374571285e-16,1.135820891928468e-16,2.5040451996623393e-15,3.129523291198793e-14,converged
2025-01-16T06:05:00+08:00,22.083333333333332,-12.666666666666666,13.333333333333334,3.6666666666666665,56.6,56.6,47.06666666666666,47.06666666666666,50.0,60.0,85.0,43.17373872369084,14.409405908438318,14.083727554297296,14.680605260955224,82.45320031766586,1.3011012161721667,56.7,56.7,56.7,47.421922727435806,46.20289390642217,45.931335131260845,46.51740995979624,0.5082112666666666,0.509427329784075,27.742867335317275,27.888522828070702,18.012044177225196,27.63332260331049,22.268360502358924,22.423912383486194,22.377654316117088,22.301625986228405,17.381958011494188,22.22096216811342,22.174989531523483,22.099049703795515,0.9166666666666666,0.0,0.25,0.25,0.08333333333333333,18.012044177225196,22.268360502358924,27.63332260331049,12.353042251086919,20.165116011019716,25.27143761481808,5.243630556552759e-17,3.4278291039944326e-16,0.0,1.251514688489634e-15,2.8379570426360787e-14,converged
2025-01-16T06:10:00+08:00,22.166666666666668,-12.63888888888889,13.611111111111107,3.6597222222222223,56.6,56.6,47.06666666666666,47.06666666666666,50.0,60.0,85.0,43.17373872369084,14.409405908438318,14.083727554297296,14.680605260955224,82.45320031766586,1.3011012161721667,56.7,56.7,56.7,47.42149656868308,46.20207245230075,45.930400701697295,46.51668202140153,0.5076395222222222,0.5094637479950809,27.742404413957942,27.8878331947463,18.007706102981988,27.63316492437031,22.265737975740503,22.421035860853177,22.374970368443154,22.29918248109379,17.37769794903589,22.218036997334163,22.172257245320672,22.09655817503547,0.9166666666666666,0.0,0.25,0.25,0.08333333333333333,18.007706102981988,22.265737975740503,27.63316492437031,12.353042251086919,20.165116011019716,25.27143761481808,5.243630556552759e-17,6.855168142094707e-16,0.0,2.897379660057216e-15,2.0146276452169302e-14,converged
2025-01-16T06:15:00+08:00,22.25,-12.61111111111111,13.888888888888893,3.6527777777777777,56.6,56.6,47.06666666666666,47.06666666666666,50.0,60.0,85.0,43.17373872369084,14.409405908438318,14.083727554297296,14.680605260955224,82.45320031766586,1.3011012161721667,56.647060845021734,56.7,56.7,47.3837918610289,46.20127534709771,45.92949255331996,46.50352909940789,0.5070677777777778,0.5092378294067457,27.74189909976233,27.88710850382043,18.003376804305756,27.632968441663504,22.263200158436415,22.41824496518521,22.37236456587045,22.296809389423228,17.373556270506494,22.215197572936408,22.169603220905035,22.094137174988038,0.9166666666666666,0.0,0.25,0.25,0.08333333333333333,18.003376804305756,22.263200158436415,27.632968441663504,12.353042251086919,20.165116011019716,25.27143761481808,5.243630556552759e-17,0.0,0.0,5.488353490557051e-15,2.893616631442801e-14,converged
2025-01-16T06:20:00+08:00,22.333333333333332,-12.583333333333334,14.166666666666668,3.6458333333333335,56.6,56.6,47.06666666666666,47.06666666666666,50.0,60.0,85.0,43.17373872369084,14.409405908438318,14.083727554297296,14.680605260955224,82.45320031766586,1.3011012161721667,56.6,56.7,56.7,47.35020832855919,46.20050249768941,45.928610578875364,46.49176844848018,0.5064960333333334,0.509040409385167,27.74136272408198,27.88635945988598,17.999067555952344,27.6327428403893,22.260746701997075,22.41553936275992,22.3698366190363,22.29450646287739,17.369532381044497,22.21244356281631,22.16702717028911,22.09178645645886,0.8333333333333334,0.0,0.25,0.25,0.16666666666666666,17.999067555952344,22.260746701997075,27.6327428403893,12.353042251086919,20.165116011019716,25.27143761481808,5.243630556552759e-17,5.717390981176938e-16,0.0,9.916099982978753e-17,2.213411365590745e-14,converged
2025-01-16T06:25:00+08:00,22.416666666666668,-12.555555555555555,14.444444444444441,3.638888888888889,56.6,56.6,47.06666666666666,47.06666666666666,50.0,60.0,85.0,43.17373872369084,14.409405908438318,14.083727554297296,14.680605260955224,82.45320031766586,1.3011012161721667,56.6,56.6033023202204,56.7,47.34978947226297,46.13257270895662,45.9277546715578,46.46917820325185,0.5059242888888889,0.5085924697693098,27.74088361987021,27.88566973672685,17.994867014498265,27.632563856832483,22.258188563586046,22.412739937954818,22.36721637958435,22.292111668692623,17.365625688777495,22.209774636156297,22.164528806545174,22.08950577311995,0.8333333333333334,0.0,0.25,0.25,0.16666666666666666,17.994867014498265,22.258188563586046,27.632563856832483,12.353042251086919,20.165116011019716,25.27143761481808,5.243630556552759e-17,3.4334559223735394e-16,0.0,2.4280076971888924e-15,2.0204079281549685e-14,converged
2025-01-16T06:30:00+08:00,22.5,-12.527777777777777,14.722222222222227,3.631944444444444,56.6,56.6,47.06666666666666,47.06666666666666,50.0,60.0,85.0,43.17373872369084,14.409405908438318,14.083727554297296,14.680605260955224,82.45320031766586,1.3011012161721667,56.6,56.6,56.60542875229637,47.34939065967794,46.12949961176412,45.86097161752919,46.445334009981266,0.5053525444444444,0.5081226629582407,27.740461593897983,27.885039144716817,17.99077468185631,27.632431356145496,22.25570843875536,22.410019745926142,22.36466825919506,22.289781600803042,17.36164337253601,22.207017905634046,22.161943898872547,22.087138728524945,0.8333333333333334,0.0,0.25,0.25,0.16666666666666666,17.99077468185631,22.25570843875536,27.632431356145496,12.353042251086919,20.165116011019716,25.27143761481808,5.243630556552759e-17,1.1455434909080432e-16,0.0,2.7491925086977698e-17,3.6379745004392757e-14,converged
2025-01-16T06:35:00+08:00,22.583333333333332,-12.5,15.0,3.625,56.5,56.5,47.0,47.0,50.0,60.0,85.0,43.112586119266346,14.388995985055264,14.063778931699142,14.659811202511943,82.21978727035744,1.2955802848688027,56.6,56.6,56.6,47.33818965618016,46.116435510093986,45.843703975559144,46.43146237162195,0.5047808,0.5080037255173551,27.740080490202114,27.884452445998615,17.986779495695952,27.63233146650213,22.253296162253715,22.407369220508272,22.36218317670247,22.287507605877497,17.357752066172665,22.20432004300047,22.1594117722763,22.084817990554935,0.8333333333333334,0.0,0.25,0.25,0.16666666666666666,17.986779495695952,22.253296162253715,27.63233146650213,12.370564296833136,20.193719012453787,25.30728362561924,1.0517033308529473e-16,6.874870162125869e-16,0.0,8.253424856093817e-16,2.6358328119257864e-14,converged
2025-01-16T06:40:00+08:00,22.666666666666668,-12.472222222222223,15.277777777777775,3.618055555555556,56.5,56.5,47.0,47.0,50.0,60.0,85.0,43.112586119266346,14.388995985055264,14.063778931699142,14.659811202511943,82.21978727035744,1.2955802848688027,56.6,56.6,56.6,47.337826168847975,46.11569863656072,45.842865859787096,46.43081569125017,0.5042090555555555,0.5080360326248358,27.739756133905342,27.883924548807048,17.982891576345864,27.63227783090321,22.250967729084746,22.40480344008336,22.3597755018918,22.28530342566537,17.353977289331734,22.201707045100953,22.15695716979519,22.08256718171441,0.8333333333333334,0.0,0.25,0.25,0.16666666666666666,17.982891576345864,22.250967729084746,27.63227783090321,12.370564296833136,20.193719012453787,25.30728362561924,1.0517033308529473e-16,1.0311649461448e-15,0.0,2.6477308252572207e-15,2.452117809745429e-14,converged
2025-01-16T06:45:00+08:00,22.75,-12.444444444444445,15.55555555555556,3.611111111111111,56.5,56.5,47.0,47.0,50.0,60.0,85.0,43.112586119266346,14.388995985055264,14.063778931699142,14.659811202511943,82.21978727035744,1.2955802848688027,56.54741128593666,56.6,56.6,47.300448900249826,46.11498581290412,45.84205365396275,46.417832170739274,0.5036373111111111,0.5078078141946433,27.739389603721385,27.883361727285227,17.97901104492559,27.632185679244387,22.248722794400706,22.402322074404406,22.35744494816392,22.283168813967364,17.350318456514184,22.199178583286592,22.154579806191176,22.08038605694048,0.8333333333333334,0.0,0.25,0.25,0.16666666666666666,17.97901104492559,22.248722794400706,27.632185679244387,12.370564296833136,20.193719012453787,25.30728362561924,1.0517033308529473e-16,1.0316283711624949e-15,0.0,1.6477397594956515e-16,2.3697623639951174e-14,converged
2025-01-16T06:50:00+08:00,22.833333333333332,-12.416666666666666,15.833333333333334,3.6041666666666665,56.5,56.5,47.0,47.0,50.0,60.0,85.0,43.112586119266346,14.388995985055264,14.063778931699142,14.659811202511943,82.21978727035744,1.2955802848688027,56.5,56.6,56.6,47.266697047551915,46.11429694715956,45.84126725241515,46.40607523680544,0.5030655666666667,0.5076046449250434,27.73899091226252,27.882773436858006,17.975147857912425,27.63206356590038,22.24656101477221,22.39992479451137,22.35519122998082,22.281103525452405,17.3467749851628,22.19673433018122,22.15227939727569,22.07827437202906,0.8333333333333334,0.0,0.25,0.25,0.16666666666666666,17.975147857912425,22.24656101477221,27.63206356590038,12.370564296833136,20.193719012453787,25.30728362561924,1.0517033308529473e-16,5.733562674752786e-16,0.0,6.450258009096884e-16,2.7563562830929627e-14,converged
2025-01-16T06:55:00+08:00,22.916666666666668,-12.38888888888889,16.111111111111107,3.5972222222222223,56.5,56.5,47.0,47.0,50.0,60.0,85.0,43.112586119266346,14.388995985055264,14.063778931699142,14.659811202511943,82.21978727035744,1.2955802848688027,56.5,56.50387438024909,56.6,47.26634014386788,46.04688292837553,45.84050654991418,46.383706291107536,0.5024938222222222,0.507155606851372,27.738649027532645,27.882243953044682,17.97139133293495,27.63198777087512,22.24429451198153,22.397433588339503,22.35284524686442,22.278946524872357,17.343346295647407,22.19437395967647,22.15005565990581,22.07623188363187,0.8333333333333334,0.0,0.25,0.25,0.16666666666666666,17.97139133293495,22.24429451198153,27.63198777087512,12.370564296833136,20.193719012453787,25.30728362561924,1.0517033308529473e-16,4.590911359520934e-16,0.0,4.560424838774116e-15,3.613501062829199e-14,converged
2025-01-16T07:00:00+08:00,23.0,-12.36111111111111,16.388888888888893,3.5902777777777777,56.5,56.5,47.0,47.0,50.0,60.0,85.0,43.112586119266346,14.388995985055264,14.063778931699142,14.659811202511943,82.21978727035744,1.2955802848688027,56.5,56.5,56.506145672512396,47.26600306245704,46.04349728419975,45.774351817480266,46.35999439641622,0.5019220777777778,0.5066827120042062,27.73836375790209,27.881773087893386,17.967740981304495,27.631958160209035,22.242103709802453,22.39501935863568,22.35056936483696,22.276852457134645,17.33984106857952,22.191925939430938,22.147745650059626,22.07410342038444,0.8333333333333334,0.0,0.25,0.25,0.16666666666666666,17.967740981304495,22.242103709802453,27.631958160209035,12.370564296833136,20.193719012453787,25.30728362561924,1.0517033308529473e-16,3.44639709631444e-16,0.0,1.8273645541444584e-15,3.6338934285800585e-14,converged
2025-01-16T07:05:00+08:00,23.083333333333332,-12.333333333333334,16.666666666666668,3.5833333333333335,56.4,56.4,46.93333333333334,46.93333333333334,50.0,60.0,85.0,43.051433514841875,14.368586061672211,14.043830309100992,14.639017144068669,81.98670507074185,1.2900749935869853,56.5,56.5,56.5,47.25487029802996,46.030518699550775,45.756681741379026,46.346036587763614,0.5013503333333333,0.506556081316875,27.738118964515863,27.881345619491444,17.964185743292603,27.631960876902934,22.239979565141965,22.392673601881814,22.34835551188145,22.274813629763685,17.336422992606277,22.18953428741802,22.145486171110516,22.072019248229825,0.8333333333333334,0.0,0.25,0.25,0.16666666666666666,17.964185743292603,22.239979565141965,27.631960876902934,12.388136121118409,20.22240327241465,25.343231471678347,2.6367331160474335e-16,6.894517277788526e-16,0.0,1.2029496291974773e-16,2.52424181837934e-14,converged
2025-01-16T07:10:00+08:00,23.166666666666668,-12.305555555555555,16.944444444444443,3.576388888888889,56.4,56.4,46.93333333333334,46.93333333333334,50.0,60.0,85.0,43.051433514841875,14.368586061672211,14.043830309100992,14.639017144068669,81.98670507074185,1.2900749935869853,56.5,56.5,56.5,47.254568172969876,46.02986466849399,45.755937787664955,46.345469429825144,0.5007785888888889,0.5065843754214656,27.73793045858457,27.88097644349074,17.960735755439206,27.63200955090049,22.23793807773806,22.390411401415665,22.346218061459982,22.272843786979124,17.333119067138174,22.18722631318258,22.143303212106453,22.070004175289142,0.8333333333333334,0.0,0.25,0.25,0.16666666666666666,17.960735755439206,22.23793807773806,27.63200955090049,12.388136121118409,20.22240327241465,25.343231471678347,2.6367331160474335e-16,1.1490220333984854e-16,0.0,6.840271792575358e-16,3.0572140776935836e-14,converged
2025-01-16T07:15:00+08:00,23.25,-12.277777777777777,17.22222222222223,3.569444444444444,56.4,56.4,46.93333333333334,46.93333333333334,50.0,60.0,85.0,43.051433514841875,14.368586061672211,14.043830309100992,14.639017144068669,81.98670507074185,1.2900749935869853,56.44776272242236,56.5,56.5,47.21751754074061,46.02923439507756,45.7552193819067,46.33265374960499,0.5002068444444444,0.5063539590419972,27.73770000858184,27.880572487709717,17.957291825857755,27.632020002991403,22.235978907660513,22.388232431660093,22.344156730727562,22.270942685537133,17.329928718673028,22.185001692712127,22.14119649153864,22.068057959437617,0.8333333333333334,0.0,0.25,0.25,0.16666666666666666,17.957291825857755,22.235978907660513,27.632020002991403,12.388136121118409,20.22240327241465,25.343231471678347,2.6367331160474335e-16,4.598179583593591e-16,0.0,1.3471229248809346e-15,3.3801618867234606e-14,converged
2025-01-16T07:20:00+08:00,23.333333333333332,-12.25,17.5,3.5625,56.4,56.4,46.93333333333334,46.93333333333334,50.0,60.0,85.0,43.051433514841875,14.368586061672211,14.043830309100992,14.639017144068669,81.98670507074185,1.2900749935869853,56.4,56.5,56.5,47.18359564796206,46.028627788469436,45.75452641997551,46.32089867070735,0.4996351,0.5061451339396268,27.73743630536322,27.88014195554571,17.953862589081137,27.631999654153706,22.234101716377072,22.38613636830657,22.3421712378863,22.26911008305158,17.326851376589985,22.182860103248785,22.13916572893392,22.066180359398892,0.8333333333333334,0.0,0.25,0.25,0.16666666666666666,17.953862589081137,22.234101716377072,27.631999654153706,12.388136121118409,20.22240327241465,25.343231471678347,2.6367331160474335e-16,2.3000383490957533e-16,0.0,3.736663864800483e-15,2.148845810521194e-14,converged
2025-01-16T07:25:00+08:00,23.416666666666668,-12.222222222222223,17.777777777777775,3.555555555555556,56.4,56.4,46.93333333333334,46.93333333333334,50.0,60.0,85.0,43.051433514841875,14.368586061672211,14.043830309100992,14.639017144068669,81.98670507074185,1.2900749935869853,56.4,56.40444806544829,56.5,47.1832994038737,45.96172861778752,45.753858798176786,46.298749570000076,0.49906335555555553,0.5056951013354071,27.737228953378782,27.879769725573425,17.950538025203294,27.632025329317713,22.232119792929318,22.38394630535464,22.340093532737523,22.26718594409317,17.323886473135037,22.18080122328445,22.137210644850967,22.064371134742043,0.8333333333333334,0.0,0.25,0.25,0.16666666666666666,17.950538025203294,22.232119792929318,27.632025329317713,12.388136121118409,20.22240327241465,25.343231471678347,2.6367331160474335e-16,3.453127828987647e-16,0.0,3.414909617338695e-15,2.971662820878314e-14,converged
2025-01-16T07:30:00+08:00,23.5,-12.194444444444445,18.05555555555556,3.548611111111111,56.4,56.4,46.93333333333334,46.93333333333334,50.0,60.0,85.0,43.051433514841875,14.368586061672211,14.043830309100992,14.639017144068669,81.98670507074185,1.2900749935869853,56.4,56.4,56.406864629433564,47.18302276597934,45.95802800437814,45.68833125687487,46.27516836956615,0.49849161111111107,0.5052192172379253,27.73707776256659,27.879455611483756,17.947317654677754,27.632096895396916,22.230211283772558,22.381830987901026,22.33808393068891,22.265322959841008,17.320844194064744,22.178654878524963,22.13516958497864,22.062476341992607,0.8333333333333334,0.0,0.25,0.25,0.16666666666666666,17.947317654677754,22.230211283772558,27.632096895396916,12.388136121118409,20.22240327241465,25.343231471678347,2.6367331160474335e-16,3.456380453916229e-16,0.0,6.974080157421792e-16,2.3734800293967827e-14,converged
2025-01-16T07:35:00+08:00,23.583333333333332,-12.166666666666666,18.333333333333336,3.5416666666666665,56.3,56.3,46.86666666666667,46.86666666666667,50.0,60.0,85.0,42.990280910417376,14.348176138289151,14.023881686502836,14.61822308562539,81.7539537188191,1.284585320142286,56.4,56.4,56.4,47.171957460376646,45.94513386519516,45.6702564485095,46.26112299921057,0.49791986666666666,0.5050849868012426,27.736966611722565,27.87918440789083,17.944190420840833,27.632200510604807,22.228368271372176,22.37978297834325,22.336135371913297,22.26351440150217,17.317885276161192,22.176562427733614,22.13317682583279,22.06062384010799,0.8333333333333334,0.0,0.25,0.25,0.16666666666666666,17.944190420840833,22.228368271372176,27.632200510604807,12.405757936368934,20.25116913766702,25.379281587569785,2.6442398257477404e-16,9.219464040236519e-16,1.1422835997061546e-16,1.9807442273945647e-15,2.5953271015486482e-14,converged
2025-01-16T07:40:00+08:00,23.666666666666668,-12.13888888888889,18.611111111111107,3.5347222222222223,56.3,56.3,46.86666666666667,46.86666666666667,50.0,60.0,85.0,42.990280910417376,14.348176138289151,14.023881686502836,14.61822308562539,81.7539537188191,1.284585320142286,56.4,56.4,56.4,47.17171541936117,45.944560977294636,45.669604557909786,46.260633669040395,0.4973481222222222,0.5051093635958837,27.736911297536498,27.87897099721542,17.94116647546591,27.632349791410785,22.226606759205982,22.3778173639955,22.334262232723724,22.26177401508263,17.315038200798963,22.17455249518992,22.131259604511218,22.058839624875315,0.8333333333333334,0.0,0.25,0.25,0.16666666666666666,17.94116647546591,22.226606759205982,27.632349791410785,12.405757936368934,20.25116913766702,25.379281587569785,2.6442398257477404e-16,1.1523773881182068e-16,1.1422835997061546e-16,2.08868401596425e-15,2.6954270772968396e-14,converged
2025-01-16T07:45:00+08:00,23.75,-12.11111111111111,18.888888888888893,3.5277777777777777,56.3,56.3,46.86666666666667,46.86666666666667,50.0,60.0,85.0,42.990280910417376,14.348176138289151,14.023881686502836,14.61822308562539,81.7539537188191,1.284585320142286,56.34811515872738,56.4,56.4,47.13499065286918,45.94401156145228,45.66897786228987,46.247984309094456,0.4967763777777778,0.5048768487766044,27.73681427977353,27.878722962400378,17.938147315150108,27.632461150822753,22.22492641214077,22.375933823841887,22.33246423394638,22.26010156023186,17.31230240611407,22.172624761410574,22.129417643152447,22.05712345704649,0.8333333333333334,0.0,0.25,0.25,0.16666666666666666,17.938147315150108,22.22492641214077,27.632461150822753,12.405757936368934,20.25116913766702,25.379281587569785,2.6442398257477404e-16,2.305816202684424e-16,1.1422835997061546e-16,3.945107409280382e-16,4.7436010028724776e-14,converged
2025-01-16T07:50:00+08:00,23.833333333333332,-12.083333333333334,19.166666666666668,3.5208333333333335,56.3,56.3,46.86666666666667,46.86666666666667,50.0,60.0,85.0,42.990280910417376,14.348176138289151,14.023881686502836,14.61822308562539,81.7539537188191,1.284585320142286,56.3,56.4,56.4,47.10089702982523,45.94348552794283,45.66837625902392,46.23622926352658,0.49620463333333337,0.5046624588557002,27.736682924505754,27.878447251947268,17.935140248810054,27.632540873841652,22.223326896421423,22.374132038117207,22.330741097440843,22.25849679744673,17.30967733306517,22.1707789081492,22.12765066491709,22.05547509821166,0.8333333333333334,0.0,0.25,0.25,0.16666666666666666,17.935140248810054,22.223326896421423,27.632540873841652,12.405757936368934,20.25116913766702,25.379281587569785,2.6442398257477404e-16,9.227183023750283e-16,1.1422835997061546e-16,2.306795755937571e-15,2.5849176115466768e-14,converged
2025-01-16T07:55:00+08:00,23.916666666666668,-12.055555555555555,19.444444444444443,3.513888888888889,56.3,56.3,46.86666666666667,46.86666666666667,50.0,60.0,85.0,42.990280910417376,14.348176138289151,14.023881686502836,14.61822308562539,81.7539537188191,1.284585320142286,56.3,56.30502338275334,56.4,47.10066018284808,45.877100323733806,45.667799645913696,46.21429859429575,0.49563288888888896,0.5042115332952208,27.73660747403038,27.878229348811317,17.932235920431847,27.632666331535745,22.221622671002287,22.372236209403706,22.328925825699667,22.25680069342983,17.307162425419378,22.169014618391568,22.12595839398411,22.053894310796245,0.8333333333333334,0.0,0.25,0.25,0.16666666666666666,17.932235920431847,22.221622671002287,27.632666331535745,12.405757936368934,20.25116913766702,25.379281587569785,2.6442398257477404e-16,4.61771753081945e-16,1.1422835997061546e-16,4.554584673952778e-15,4.6104480092597997e-14,converged
2025-01-16T08:00:00+08:00,24.0,-12.027777777777777,19.72222222222223,3.506944444444444,56.3,56.3,46.86666666666667,46.86666666666667,50.0,60.0,85.0,42.990280910417376,14.348176138289151,14.023881686502836,14.61822308562539,81.7539537188191,1.284585320142286,56.3,56.3,56.3075856317514,47.100442731216134,45.87308235544596,45.602898219488814,46.19084652431834,0.49506114444444443,0.5037327563735241,27.73658773982226,27.878069068295222,17.929433859361893,27.632837391676922,22.219989599463833,22.370412919891663,22.327176678544333,22.2551639809153,17.304569377467267,22.16716307897071,22.124180468697467,22.052228382035217,0.8333333333333334,0.0,0.25,0.25,0.16666666666666666,17.929433859361893,22.219989599463833,27.632837391676922,12.405757936368934,20.25116913766702,25.379281587569785,2.6442398257477404e-16,2.311053239122917e-16,1.1422835997061546e-16,2.5652916643057263e-15,3.123488863297943e-14,converged
