timestamp,elapsed_hours,outdoor_temperature_c,solar_radiation_w_m2,wind_m_s,raw_supply_target_c,applied_supply_setpoint_c,raw_pump_target_hz,applied_pump_frequency_hz,near_valve_pct,mid_valve_pct,far_valve_pct,total_flow_m3_h,near_flow_m3_h,mid_flow_m3_h,far_flow_m3_h,pump_pressure_kpa,pump_power_kw,delivered_supply_near_c,delivered_supply_mid_c,delivered_supply_far_c,return_near_c,return_mid_c,return_far_c,station_return_c,required_heat_load_mw,actual_heat_supply_mw,B01_indoor_c,B02_indoor_c,B03_indoor_c,B04_indoor_c,B05_indoor_c,B06_indoor_c,B07_indoor_c,B08_indoor_c,B09_indoor_c,B10_indoor_c,B11_indoor_c,B12_indoor_c,compliance_rate,comfort_rate,overheating_rate,severe_overheating_rate,underheating_rate,P10_c,P50_c,P90_c,near_transport_delay_min,mid_transport_delay_min,far_transport_delay_min,hydraulic_residual,heat_balance_residual,mass_residual,pipe_heat_balance_residual,building_heat_balance_residual,solver_status
2025-01-15T08:05:00+08:00,0.08333333333333333,-8.0,20.0,3.0,53.4,53.4,45.2,45.2,50.0,60.0,85.0,40.179488582936905,14.366699519953656,14.041986406600586,11.77080265638266,79.20420561613986,1.163152220494985,53.4,53.4,53.4,45.16269480347114,44.0510643737923,41.95499272037992,43.83448656923514,0.42884540000000004,0.44536595236917,27.813555168953112,27.959935495411532,19.020070703316062,27.64085878038532,22.83887842104261,22.980905877252003,22.901484066753426,22.78962025991052,18.49253982762665,22.788319249060663,22.708888651840653,22.596823094602925,1.0,0.0,0.25,0.25,0.0,19.020070703316062,22.78962025991052,27.64085878038532,12.389762850735407,20.22505874713728,31.51866621422177,0.0,1.1762662714435892e-15,0.0,3.9208875714786305e-16,2.623039285721061e-14,converged
2025-01-15T08:10:00+08:00,0.16666666666666666,-7.916666666666667,22.5,2.995833333333333,53.4,53.4,45.2,45.2,50.0,60.0,85.0,40.179488582936905,14.366699519953656,14.041986406600586,11.77080265638266,79.20420561613986,1.163152220494985,53.4,53.4,53.4,45.16264692118204,44.05077897906386,41.95372318776717,43.83399779155527,0.4264348666666667,0.4453887096355168,27.81414689887665,27.960383064288347,19.01803647863776,27.641737088820726,22.838093511650523,22.979963364674965,22.900680486852945,22.78899262327474,18.488296177581773,22.784952869824174,22.705774393926813,22.593984827099643,1.0,0.0,0.25,0.25,0.0,19.01803647863776,22.78899262327474,27.641737088820726,12.389762850735407,20.22505874713728,31.51866621422177,0.0,2.6137914883878203e-16,0.0,5.227582976775638e-16,3.407561711314486e-14,converged
2025-01-15T08:15:00+08:00,0.25,-7.833333333333333,25.0,2.9916666666666667,53.4,53.4,45.2,45.2,50.0,60.0,85.0,40.179488582936905,14.366699519953656,14.041986406600586,11.77080265638266,79.20420561613986,1.163152220494985,53.4,53.4,53.4,45.162678993817,44.050583898532864,41.952569494443836,43.83360310169611,0.42402433333333334,0.44540708621574826,27.814986211206598,27.961105077012917,19.0163632653851,27.642812568208278,22.837616757013258,22.979352830646153,22.90016934468167,22.788614381935506,18.484447645151736,22.781927582283043,22.70296083589684,22.59140349537771,1.0,0.0,0.25,0.25,0.0,19.0163632653851,22.788614381935506,27.642812568208278,12.389762850735407,20.22505874713728,31.51866621422177,0.0,7.841050946181739e-16,0.0,0.0,3.250669323030263e-14,converged
2025-01-15T08:20:00+08:00,0.3333333333333333,-7.75,27.5,2.9875,53.4,53.4,45.2,45.2,50.0,60.0,85.0,40.179488582936905,14.366699519953656,14.041986406600586,11.77080265638266,79.20420561613986,1.163152220494985,53.4,53.4,53.4,45.16279072954554,44.05047878665294,41.951531179617554,43.833302139556146,0.4216138,0.44542109887602677,27.816072270907547,27.962100656592284,19.015049409636184,27.644084648402075,22.83744688984949,22.979072981624697,22.899949557635917,22.788484656519294,18.480992270564727,22.779242092687728,22.70044689413036,22.589078217542887,1.0,0.0,0.25,0.25,0.0,19.015049409636184,22.788484656519294,27.644084648402075,12.389762850735407,20.22505874713728,31.51866621422177,0.0,9.147604983743208e-16,0.0,2.613601423926631e-16,2.936019014489787e-14,converged
2025-01-15T08:25:00+08:00,0.4166666666666667,-7.666666666666667,30.0,2.9833333333333334,53.4,53.4,45.2,45.2,50.0,60.0,85.0,40.179488582936905,14.366699519953656,14.041986406600586,11.77080265638266,79.20420561613986,1.163152220494985,53.4,53.4,53.4,45.16298183763942,44.05046329920415,41.95060778437134,43.83309454644095,0.4192032666666667,0.4454307643170012,27.81740424576046,27.963368928835944,19.01409326504633,27.64555276090487,22.837582648089562,22.979122529109958,22.900020047119792,22.78860257075327,18.47792810376935,22.776895112195838,22.69823148891199,22.587008114727926,1.0,0.0,0.25,0.25,0.0,19.01409326504633,22.78860257075327,27.64555276090487,12.389762850735407,20.22505874713728,31.51866621422177,0.0,6.533861777903891e-16,0.0,0.0,3.108605900981237e-14,converged
2025-01-15T08:30:00+08:00,0.5,-7.583333333333333,32.5,2.9791666666666665,53.4,53.4,45.2,45.2,50.0,60.0,85.0,40.179488582936905,14.366699519953656,14.041986406600586,11.77080265638266,79.20420561613986,1.163152220494985,53.4,53.4,53.4,45.16325202846831,44.05053709328784,41.9497988516558,43.832979965057575,0.41679273333333333,0.4454360991740688,27.818981306353173,27.964909022346898,19.013493192813343,27.647216338863306,22.838022774854064,22.979500189621888,22.900379738530365,22.788967251454356,18.47525320438641,22.77488535685352,22.69631354441729,22.58519231108215,1.0,0.0,0.25,0.25,0.0,19.013493192813343,22.788967251454356,27.647216338863306,12.389762850735407,20.22505874713728,31.51866621422177,0.0,1.3067567047528595e-15,0.0,5.227026819011438e-16,3.217708375691125e-14,converged
2025-01-15T08:35:00+08:00,0.5833333333333334,-7.5,35.0,2.975,53.0,53.0,45.0,45.0,50.0,60.0,85.0,40.001703235224795,14.303130053051206,13.979853723385538,11.718719458788046,78.50483415531914,1.1477803649165261,53.4,53.399999999999984,53.4,45.13344156936865,44.01630404384383,41.90894596059802,43.79838895130933,0.41438220000000003,0.44506855855044747,27.820758217201586,27.96667823323549,19.013218006463074,27.64903648750988,22.83872055418557,22.98016180800589,22.90098671843792,22.78953878504852,18.472915852431278,22.773158148629353,22.694641124768285,22.583581312481037,1.0,0.0,0.25,0.25,0.0,19.013218006463074,22.78953878504852,27.64903648750988,12.444828463405344,20.314947897124558,31.658749175173867,1.147265510051437e-16,6.539179166356424e-16,0.0,1.7001865832526703e-15,3.093122518952119e-14,converged
2025-01-15T08:40:00+08:00,0.6666666666666666,-7.416666666666667,37.5,2.970833333333333,53.0,53.0,45.0,45.0,50.0,60.0,85.0,40.001703235224795,14.303130053051206,13.979853723385538,11.718719458788046,78.50483415531914,1.1477803649165261,53.4,53.399999999999984,53.4,45.133859107878635,44.01654340357121,41.90834417531506,43.798445603114075,0.4119716666666667,0.4450659325393595,27.82277871642512,27.968717667760533,19.013295772672887,27.65105108650699,22.83972039200209,22.981149155669673,22.901880915191445,22.790355486523065,18.470964159851533,22.771765812059783,22.693264206581738,22.582223034899254,1.0,0.0,0.25,0.25,0.0,19.013295772672887,22.790355486523065,27.65105108650699,12.444828463405344,20.314947897124558,31.658749175173867,1.147265510051437e-16,1.177059194875308e-15,0.0,4.920761356353719e-15,2.9171545408730636e-14,converged
2025-01-15T08:45:00+08:00,0.75,-7.333333333333333,40.0,2.966666666666667,53.0,53.0,45.0,45.0,50.0,60.0,85.0,40.001703235224795,14.303130053051206,13.979853723385538,11.718719458788046,78.50483415531914,1.1477803649165261,53.19558627707242,53.399999999999984,53.4,44.99070200892377,44.01687139833064,41.90785596064048,43.747229520529544,0.4095611333333333,0.4440519626808945,27.82465868656472,27.97066332354673,19.013338777164332,27.652930993677685,22.841021046541528,22.9824609638806,22.90306126589886,22.79141649172259,18.469396214336378,22.77070707757045,22.692181725459253,22.581116611307184,1.0,0.0,0.25,0.25,0.0,19.013338777164332,22.79141649172259,27.652930993677685,12.444828463405344,20.314947897124558,31.658749175173867,1.147265510051437e-16,6.554149717304224e-16,0.0,6.43125941010477e-16,2.4412391161693166e-14,converged
2025-01-15T08:50:00+08:00,0.8333333333333334,-7.25,42.5,2.9625,53.0,53.0,45.0,45.0,50.0,60.0,85.0,40.001703235224795,14.303130053051206,13.979853723385538,11.718719458788046,78.50483415531914,1.1477803649165261,53.0,53.399999999999984,53.4,44.85366616528484,44.01728768914805,41.907480865229715,43.69826616926584,0.4071506,0.4430798795833286,27.826415772374414,27.972531737314895,19.013364699535607,27.65469124242666,22.842621281146677,22.984095968847825,22.904526711601484,22.79272093953762,18.468210113057292,22.76998068040023,22.691392620836403,22.580261177649795,1.0,0.0,0.25,0.25,0.0,19.013364699535607,22.79272093953762,27.65469124242666,12.444828463405344,20.314947897124558,31.658749175173867,1.147265510051437e-16,7.88223481980799e-16,0.0,3.583953644631446e-15,2.9495609039685076e-14,converged
2025-01-15T08:55:00+08:00,0.9166666666666666,-7.166666666666667,45.0,2.9583333333333335,53.0,53.0,45.0,45.0,50.0,60.0,85.0,40.001703235224795,14.303130053051206,13.979853723385538,11.718719458788046,78.50483415531914,1.1477803649165261,53.0,53.02519583176996,53.4,44.85410660815067,43.758102031190894,41.90721843957333,43.60776619367211,0.40474006666666673,0.4412031580783929,27.828416513389914,27.974670057876857,19.013742195238894,27.65664611464563,22.843789355350975,22.985360780388106,22.905618612431873,22.793641648855196,18.467403962621034,22.769585360583008,22.690895835968927,22.579655872836437,1.0,0.0,0.25,0.25,0.0,19.013742195238894,22.793641648855196,27.65664611464563,12.444828463405344,20.314947897124558,31.658749175173867,1.147265510051437e-16,1.5831526093417059e-15,0.0,1.912976069621228e-15,4.237558576764226e-14,converged
2025-01-15T09:00:00+08:00,1.0,-7.083333333333333,47.5,2.9541666666666666,53.0,53.0,45.0,45.0,50.0,60.0,85.0,40.001703235224795,14.303130053051206,13.979853723385538,11.718719458788046,78.50483415531914,1.1477803649165261,53.0,52.999999999999986,53.4,44.85462549354325,43.741022031343284,41.907068235989456,43.60193858162013,0.4023295333333333,0.44106512356924266,27.830660088243597,27.977077423181186,19.01446965389305,27.658795047844333,22.845208548010977,22.98690253463871,22.90695181199701,22.794764265649757,18.466975879022844,22.769519862929478,22.69069031791896,22.579299838730666,1.0,0.0,0.25,0.25,0.0,19.01446965389305,22.794764265649757,27.658795047844333,12.444828463405344,20.314947897124558,31.658749175173867,1.147265510051437e-16,1.0557653789069887e-15,0.0,4.7344478710360274e-15,3.0369542854427295e-14,converged
2025-01-15T09:05:00+08:00,1.0833333333333333,-7.0,50.0,2.95,52.6,52.6,44.8,44.8,50.0,60.0,85.0,39.82391788751268,14.239560586148755,13.91772104017049,11.666636261193432,77.80856412004528,1.1325445425665015,53.0,53.0,53.13329234443361,44.8252878165936,43.70729640196504,41.69707373187707,43.51814298331343,0.399919,0.4393661269124014,27.833101651374562,27.979711503302273,19.015516019999726,27.66109947680172,22.846881622782103,22.988723955608,22.90852892622736,22.796091279446458,18.466349397524137,22.769264568152103,22.69028240264048,22.578722857613354,1.0,0.0,0.25,0.25,0.0,19.015516019999726,22.796091279446458,27.66109947680172,12.500385733331258,20.405639628808153,31.800082876848755,1.1575318169314814e-16,0.0,1.3730821546220897e-16,3.436225763585251e-15,2.935689937589788e-14,converged
2025-01-15T09:10:00+08:00,1.1666666666666667,-6.916666666666667,52.5,2.9458333333333333,52.6,52.6,44.8,44.8,50.0,60.0,85.0,39.82391788751268,14.239560586148755,13.91772104017049,11.666636261193432,77.80856412004528,1.1325445425665015,53.0,53.0,53.0,44.82595374781336,43.707831873102165,41.61220108070136,43.49370432193718,0.39750846666666667,0.4386919087094689,27.835784566804037,27.982613049353983,19.01690928635471,27.663596960069846,22.848852749332018,22.990866591181057,22.910389669485987,22.797660800106904,18.46583866460885,22.769106831699236,22.68994525263052,22.578185323103344,1.0,0.0,0.25,0.25,0.0,19.01690928635471,22.797660800106904,27.663596960069846,12.500385733331258,20.405639628808153,31.800082876848755,1.1575318169314814e-16,6.634230055063132e-16,1.3730821546220897e-16,4.975672541297349e-16,2.8249651535545582e-14,converged
2025-01-15T09:15:00+08:00,1.25,-6.833333333333333,55.0,2.9416666666666664,52.6,52.6,44.8,44.8,50.0,60.0,85.0,39.82391788751268,14.239560586148755,13.91772104017049,11.666636261193432,77.80856412004528,1.1325445425665015,52.800030858666496,53.0,53.0,44.686385191432635,43.70845517705751,41.612117151581714,43.44399301226561,0.3950979333333333,0.4376863423165375,27.838333401978314,27.98542628920764,19.01827032543466,27.66596579897474,22.85112070281615,22.993329190665566,22.912532992540207,22.799471973166305,18.465704533226617,22.769278016689842,22.689898794112327,22.577896826139746,1.0,0.0,0.25,0.25,0.0,19.01827032543466,22.799471973166305,27.66596579897474,12.500385733331258,20.405639628808153,31.800082876848755,1.1575318169314814e-16,5.319577540883948e-16,1.3730821546220897e-16,1.0472918283615272e-15,5.002543199494681e-14,converged
2025-01-15T09:20:00+08:00,1.3333333333333333,-6.75,57.5,2.9375,52.6,52.6,44.8,44.8,50.0,60.0,85.0,39.82391788751268,14.239560586148755,13.91772104017049,11.666636261193432,77.80856412004528,1.1325445425665015,52.6,53.0,53.0,44.546691127907145,43.70916597806523,41.61214511782999,43.39430018484216,0.3926874,0.43667890463803316,27.84074912485646,27.98815196233544,19.019600034061224,27.668206730320037,22.85368426342343,22.996110508238953,22.91495785003877,22.80152394717055,18.465945136520173,22.769776876684876,22.690141980497355,22.57785651272533,1.0,0.0,0.25,0.25,0.0,19.019600034061224,22.80152394717055,27.668206730320037,12.500385733331258,20.405639628808153,31.800082876848755,1.1575318169314814e-16,3.998887532365427e-16,1.3730821546220897e-16,5.665090670851021e-16,2.545045241647375e-14,converged
2025-01-15T09:25:00+08:00,1.4166666666666667,-6.666666666666667,60.0,2.933333333333333,52.6,52.6,44.8,44.8,50.0,60.0,85.0,39.82391788751268,14.239560586148755,13.91772104017049,11.666636261193432,77.80856412004528,1.1325445425665015,52.6,52.63245117030466,53.0,44.54737746001032,43.45571967214164,41.612284535160136,43.306011649404915,0.3902768666666667,0.43482548357986844,27.84340628709611,27.991144809007835,19.021275345331084,27.670640899398354,22.855826372345643,22.99853106742884,22.917018819059766,22.803202127323228,18.466558616886473,22.77060216996864,22.69067376896513,22.578063531791383,1.0,0.0,0.25,0.25,0.0,19.021275345331084,22.803202127323228,27.670640899398354,12.500385733331258,20.405639628808153,31.800082876848755,1.1575318169314814e-16,1.0709153554524982e-15,1.3730821546220897e-16,2.6772883886312455e-15,3.717901433106908e-14,converged
2025-01-15T09:30:00+08:00,1.5,-6.583333333333333,62.5,2.9291666666666667,52.6,52.6,44.8,44.8,50.0,60.0,85.0,39.82391788751268,14.239560586148755,13.91772104017049,11.666636261193432,77.80856412004528,1.1325445425665015,52.6,52.6,53.0,44.54814161087223,43.43394394075455,41.61253496109092,43.298748030718066,0.3878663333333333,0.4346373187661669,27.846304075220942,27.994403976345183,19.023294676510652,27.673267748013807,22.85820153316483,23.001210743185144,22.919304839600347,22.80506748445058,18.46754312593083,22.77175265953089,22.691493120449685,22.57851703518767,1.0,0.0,0.3333333333333333,0.25,0.0,19.023294676510652,22.80506748445058,27.673267748013807,12.500385733331258,20.405639628808153,31.800082876848755,1.1575318169314814e-16,1.3392237251671178e-16,1.3730821546220897e-16,8.244596058060069e-16,3.6559069148575617e-14,converged
2025-01-15T09:35:00+08:00,1.5833333333333333,-6.5,65.0,2.925,52.2,52.2,44.6,44.6,50.0,60.0,85.0,39.64613253980057,14.175991119246305,13.855588356955446,11.61455306359882,77.11539551031834,1.1174441488527862,52.6,52.6,52.744652399789814,44.519282833738544,43.400731978912674,41.410726498832005,43.21770133264402,0.3854558,0.43298370417839965,27.849398047593102,27.997887523647112,19.025627111889815,27.67604905091505,22.860826917690513,23.00416591476369,22.921831492868975,22.80713484863427,18.468345086802422,22.77272926638106,22.692125879639384,22.57876537974381,1.0,0.0,0.3333333333333333,0.25,0.0,19.025627111889815,22.80713484863427,27.67604905091505,12.556441274736333,20.497144739251233,31.9426841453548,5.839682725004926e-17,1.3443383746720513e-16,0.0,1.5291849011894585e-15,3.8164957517080175e-14,converged
2025-01-15T09:40:00+08:00,1.6666666666666667,-6.416666666666667,67.5,2.9208333333333334,52.2,52.2,44.6,44.6,50.0,60.0,85.0,39.64613253980057,14.175991119246305,13.855588356955446,11.61455306359882,77.11539551031834,1.1174441488527862,52.6,52.6,52.6,44.52019375909918,43.401559251483626,41.3192233327445,43.19150980541388,0.38304526666666666,0.43224013227718167,27.8527311797805,28.00163583122343,19.028300559978266,27.6790220349541,22.863746444665484,23.007437890993604,22.924638266151163,22.8094421139162,18.46923362502028,22.77377925730228,22.69280712373863,22.57903268707814,1.0,0.0,0.3333333333333333,0.25,0.0,19.028300559978266,22.8094421139162,27.6790220349541,12.556441274736333,20.497144739251233,31.9426841453548,5.839682725004926e-17,1.3466510063933794e-16,0.0,2.5333872057775447e-15,3.142508763206887e-14,converged
2025-01-15T09:45:00+08:00,1.75,-6.333333333333333,70.0,2.9166666666666665,52.2,52.2,44.6,44.6,50.0,60.0,85.0,39.64613253980057,14.175991119246305,13.855588356955446,11.61455306359882,77.11539551031834,1.1174441488527862,52.40451530197891,52.6,52.6,44.38423016735908,43.40247357448052,41.31953719017391,43.14330573733003,0.38063473333333336,0.4312434759488136,27.855936785926477,28.00530141569192,19.030944548531227,27.681872497958352,22.866958905754156,23.011025438806023,22.92772412357552,22.81198843532319,18.470491829977668,22.77515359516212,22.693775394150606,22.579546272628335,1.0,0.0,0.3333333333333333,0.25,0.0,19.030944548531227,22.81198843532319,27.681872497958352,12.556441274736333,20.497144739251233,31.9426841453548,5.839682725004926e-17,4.049289843891553e-16,0.0,9.237442456377606e-16,2.8558058491110086e-14,converged
2025-01-15T09:50:00+08:00,1.8333333333333333,-6.25,72.5,2.9125,52.2,52.2,44.6,44.6,50.0,60.0,85.0,39.64613253980057,14.175991119246305,13.855588356955446,11.61455306359882,77.11539551031834,1.1174441488527862,52.2,52.6,52.6,44.241857876596775,43.403474615268124,41.319961749928915,43.09287289254797,0.3782242,0.4302008674007734,27.85899903832922,28.008869106670378,19.03354305484541,27.684586778386343,22.870463097584782,23.01492732993145,22.93108803310126,22.814772970858204,18.472117869727946,22.776851051429492,22.69502965796446,22.580305292253215,1.0,0.0,0.3333333333333333,0.25,0.0,19.03354305484541,22.814772970858204,27.684586778386343,12.556441274736333,20.497144739251233,31.9426841453548,5.839682725004926e-17,1.3530344851499656e-15,0.0,3.758898929057249e-15,2.106545246228046e-14,converged
2025-01-15T09:55:00+08:00,1.9166666666666667,-6.166666666666667,75.0,2.908333333333333,52.2,52.2,44.6,44.6,50.0,60.0,85.0,39.64613253980057,14.175991119246305,13.855588356955446,11.61455306359882,77.11539551031834,1.1174441488527862,52.2,52.239771579140104,52.6,44.24278674486575,43.15579483259963,41.32049657281468,43.00680220829016,0.3758136666666667,0.42837136344010257,27.862300557364772,28.012701289457485,19.036481355593377,27.687492933455363,22.873556752643253,23.01847810540961,22.93409788743073,22.817193806079885,18.474109921402995,22.778870402226627,22.696568885986437,22.581308904704972,1.0,0.0,0.3333333333333333,0.25,0.0,19.036481355593377,22.817193806079885,27.687492933455363,12.556441274736333,20.497144739251233,31.9426841453548,5.839682725004926e-17,9.511691517429e-16,0.0,2.8789852003646706e-15,4.811846903921604e-14,converged
2025-01-15T10:00:00+08:00,2.0,-6.083333333333333,77.5,2.904166666666667,52.2,52.2,44.6,44.6,50.0,60.0,85.0,39.64613253980057,14.175991119246305,13.855588356955446,11.61455306359882,77.11539551031834,1.1174441488527862,52.2,52.2,52.6,44.24379282421573,43.129291088856256,41.32114122141905,42.99808823132088,0.3734031333333333,0.42813313597825364,27.86584053729839,28.016797120175337,19.039757894937267,27.690590409196584,22.876865383067358,23.022270174271426,22.937316528630138,22.819787051749056,18.476466171168237,22.78121042831144,22.698392052726497,22.582556271619257,1.0,0.0,0.3333333333333333,0.25,0.0,19.039757894937267,22.819787051749056,27.690590409196584,12.556441274736333,20.497144739251233,31.9426841453548,5.839682725004926e-17,0.0,0.0,2.7042680373512264e-15,3.4468149400512825e-14,converged
2025-01-15T10:05:00+08:00,2.0833333333333335,-6.0,80.0,2.9,51.8,51.8,44.4,44.4,50.0,60.0,85.0,39.46834719208846,14.112421652343855,13.793455673740398,11.562469866004205,76.42532832613824,1.1024785791832519,52.2,52.2,52.35611479798707,44.21541922921359,43.096599224136284,41.127562795350904,42.91980781520782,0.37099259999999995,0.4265257625054712,27.86957495458166,28.021115062783007,19.043341905834165,27.693841330898756,22.88042068841969,23.02633368584911,22.94077261077544,22.8225799793376,18.47865611947921,22.783392752636164,22.700044663220584,22.583614466666802,1.0,0.0,0.3333333333333333,0.25,0.0,19.043341905834165,22.8225799793376,27.693841330898756,12.61300182101893,20.589474220058673,32.086570109973515,5.892410969721817e-17,2.729385468842378e-16,0.0,3.0279120044970128e-15,2.924403609757964e-14,converged
2025-01-15T10:10:00+08:00,2.1666666666666665,-5.916666666666666,82.5,2.895833333333333,51.8,51.8,44.4,44.4,50.0,60.0,85.0,39.46834719208846,14.112421652343855,13.793455673740398,11.562469866004205,76.42532832613824,1.1024785791832519,52.2,52.2,52.2,44.216571841922814,43.09771409891967,41.02938881530055,42.89184896635797,0.36858206666666665,0.4257127758116673,27.873546381814293,28.02569511096144,19.04726120207993,27.697282582979625,22.88426632174826,23.030709694280926,22.944505380876127,22.82561025626708,18.48090350932118,22.785624252687295,22.70172342604444,22.584671071993995,1.0,0.0,0.3333333333333333,0.25,0.0,19.04726120207993,22.82561025626708,27.697282582979625,12.61300182101893,20.589474220058673,32.086570109973515,5.892410969721817e-17,0.0,0.0,5.5973798627533836e-15,2.6831177270392533e-14,converged
2025-01-15T10:15:00+08:00,2.25,-5.833333333333334,85.0,2.8916666666666666,51.8,51.8,44.4,44.4,50.0,60.0,85.0,39.46834719208846,14.112421652343855,13.793455673740398,11.562469866004205,76.42532832613824,1.1024785791832519,52.00904014568152,52.2,52.2,44.08422988443907,43.09891526114959,41.030094133528515,42.84515478637101,0.3661715333333334,0.4247255295393073,27.87739694228401,28.0301981291959,19.051154036094744,27.700607513325913,22.888401090828623,23.035396983714943,22.948513816131072,22.828877046861468,18.48351383542766,22.788175628732123,22.703685628532547,22.585971252047706,1.0,0.0,0.3333333333333333,0.25,0.0,19.051154036094744,22.828877046861468,27.700607513325913,12.61300182101893,20.589474220058673,32.086570109973515,5.892410969721817e-17,6.852385466044894e-16,0.0,2.8094780410784064e-15,4.349430459572892e-14,converged
2025-01-15T10:20:00+08:00,2.3333333333333335,-5.75,87.5,2.8874999999999997,51.8,51.8,44.4,44.4,50.0,60.0,85.0,39.46834719208846,14.112421652343855,13.793455673740398,11.562469866004205,76.42532832613824,1.1024785791832519,51.8,52.2,52.2,43.939159328082894,43.1002023812455,41.03090899117904,42.79397146091308,0.363761,0.4236479237562256,27.881093892521093,28.034592923469365,19.054987327272823,27.70378795924341,22.892823808332167,23.040394343029828,22.952796897520024,22.83237951838704,18.486485299734547,22.791045669743564,22.705930251160577,22.587514172345625,1.0,0.0,0.3333333333333333,0.25,0.0,19.054987327272823,22.83237951838704,27.70378795924341,12.61300182101893,20.589474220058673,32.086570109973515,5.892410969721817e-17,6.869815435111292e-16,0.0,2.2713327282336707e-15,2.737437748391596e-14,converged
2025-01-15T10:25:00+08:00,2.4166666666666665,-5.666666666666666,90.0,2.8833333333333333,51.8,51.8,44.4,44.4,50.0,60.0,85.0,39.46834719208846,14.112421652343855,13.793455673740398,11.562469866004205,76.42532832613824,1.1024785791832519,51.8,51.847157937604685,52.2,43.94032747016936,42.85831663322407,41.031832954019556,42.710125240518735,0.3613504666666666,0.42184294828301766,27.88502797881206,28.039249578242604,19.05915476262383,27.707158938905845,22.896847108913473,23.045050435751406,22.956735933158786,22.835528531850635,18.489816113085723,22.794233169279394,22.708456278071395,22.58929900126436,1.0,0.0,0.3333333333333333,0.25,0.0,19.05915476262383,22.835528531850635,27.707158938905845,12.61300182101893,20.589474220058673,32.086570109973515,5.892410969721817e-17,1.3798419803005796e-16,0.0,1.2504817946474003e-15,3.210195971743121e-14,converged
2025-01-15T10:30:00+08:00,2.5,-5.583333333333334,92.5,2.8791666666666664,51.8,51.8,44.4,44.4,50.0,60.0,85.0,39.46834719208846,14.112421652343855,13.793455673740398,11.562469866004205,76.42532832613824,1.1024785791832519,51.8,51.8,52.2,43.94157223140736,42.82705251163832,41.03286558957862,42.69994660647726,0.35893993333333335,0.42155471454195337,27.889198403017442,28.044167258473056,19.063654812474866,27.71071990250548,22.90106729470236,23.049929997994564,22.960867470708692,22.838835150979715,18.493504495188947,22.797736925464893,22.711262697061876,22.591324910029655,1.0,0.0,0.3333333333333333,0.25,0.0,19.063654812474866,22.838835150979715,27.71071990250548,12.61300182101893,20.589474220058673,32.086570109973515,5.892410969721817e-17,4.142356299588334e-16,0.0,4.573851747462118e-16,3.1538001676475114e-14,converged
2025-01-15T10:35:00+08:00,2.5833333333333335,-5.5,95.0,2.875,51.4,51.4,44.2,44.2,50.0,60.0,85.0,39.29056184437635,14.048852185441408,13.731322990525353,11.510386668409593,75.73836256750505,1.0876472289657733,51.8,51.8,51.9676809282947,43.913690267213504,42.79488735751202,40.84756160687812,42.624450098746586,0.3565294,0.41999443824099947,27.89356157401657,28.049304848392154,19.068456867399778,27.71443333659267,22.905530713912377,23.05507706523816,22.965233345884858,22.842339190594696,18.497043215273553,22.801099426465907,22.7139148266775,22.59317783292057,1.0,0.0,0.3333333333333333,0.25,0.0,19.068456867399778,22.842339190594696,27.71443333659267,12.670074227448877,20.68263926177839,32.23175821001864,5.945856600638194e-17,5.54366016438217e-16,1.1402532992205697e-16,2.035562716609078e-15,4.7325910097258557e-14,converged
2025-01-15T10:40:00+08:00,2.6666666666666665,-5.416666666666666,97.5,2.870833333333333,51.4,51.4,44.2,44.2,50.0,60.0,85.0,39.29056184437635,14.048852185441408,13.731322990525353,11.510386668409593,75.73836256750505,1.0876472289657733,51.8,51.8,51.8,43.91508135053971,42.79628574399146,40.74267653238092,42.59470954814327,0.35411886666666664,0.4191119632824774,27.898159646760824,28.05470193905561,19.073588636024343,27.71833577226807,22.910280739025044,23.06053242118662,22.9698725521101,22.84607808058528,18.500610268298953,22.804486856805994,22.716570720638185,22.59500854238463,1.0,0.0,0.3333333333333333,0.25,0.0,19.073588636024343,22.84607808058528,27.71833577226807,12.670074227448877,20.68263926177839,32.23175821001864,5.945856600638194e-17,0.0,1.1402532992205697e-16,3.4286819625635486e-15,3.208946508164461e-14,converged
2025-01-15T10:45:00+08:00,2.75,-5.333333333333334,100.0,2.8666666666666667,51.4,51.4,44.2,44.2,50.0,60.0,85.0,39.29056184437635,14.048852185441408,13.731322990525353,11.510386668409593,75.73836256750505,1.0876472289657733,51.6136059381959,51.8,51.8,43.78637794398313,42.797769673951116,40.74376715523672,42.549528078630146,0.35170833333333335,0.41813462068607193,27.902643616794112,28.06002780256681,19.078697165696056,27.72212816160293,22.915316193539624,23.066294866808505,22.974784079369442,22.85005099438256,18.504533725206137,22.80818979324318,22.719506544323995,22.597080177682386,1.0,0.0,0.3333333333333333,0.25,0.0,19.078697165696056,22.85005099438256,27.72212816160293,12.670074227448877,20.68263926177839,32.23175821001864,5.945856600638194e-17,6.960397206282602e-16,1.1402532992205697e-16,3.97177665583501e-15,5.234731449392976e-14,converged
2025-01-15T10:50:00+08:00,2.8333333333333335,-5.25,102.5,2.8625,51.4,51.4,44.2,44.2,50.0,60.0,85.0,39.29056184437635,14.048852185441408,13.731322990525353,11.510386668409593,75.73836256750505,1.0876472289657733,51.4,51.8,51.8,43.63858905023481,42.79933882079069,40.744966184054206,42.497583884408286,0.3492978,0.4170221814104736,27.906963703513625,28.065235106302698,19.083732177872637,27.72576773686451,22.920635905784852,23.072363207735794,22.979966921380125,22.85425710832679,18.50881182081699,22.812207041860358,22.722721291312794,22.59939191379768,1.0,0.0,0.3333333333333333,0.25,0.0,19.083732177872637,22.85425710832679,27.72576773686451,12.670074227448877,20.68263926177839,32.23175821001864,5.945856600638194e-17,6.97896461005917e-16,1.1402532992205697e-16,9.857787511708578e-16,2.5126056552421526e-14,converged
2025-01-15T10:55:00+08:00,2.9166666666666665,-5.166666666666666,105.0,2.8583333333333334,51.4,51.4,44.2,44.2,50.0,60.0,85.0,39.29056184437635,14.048852185441408,13.731322990525353,11.510386668409593,75.73836256750505,1.0876472289657733,51.4,51.45461114094226,51.8,43.6399932928213,42.56327495828634,40.74627318943727,42.415968940308666,0.3468872666666666,0.415242340807264,27.911518836911974,28.070701688591765,19.089095837504374,27.729596526729523,22.925567524715195,23.078100336143983,22.984815902587115,22.85812015503608,18.513442798695877,22.816537413258363,22.726213958800805,22.601942928539504,1.0,0.0,0.3333333333333333,0.25,0.0,19.089095837504374,22.85812015503608,27.729596526729523,12.670074227448877,20.68263926177839,32.23175821001864,5.945856600638194e-17,4.205327000154206e-16,1.1402532992205697e-16,1.5485240568276166e-15,2.9821906102655426e-14,converged
2025-01-15T11:00:00+08:00,3.0,-5.083333333333334,107.5,2.8541666666666665,51.4,51.4,44.2,44.2,50.0,60.0,85.0,39.29056184437635,14.048852185441408,13.731322990525353,11.510386668409593,75.73836256750505,1.0876472289657733,51.4,51.4,51.8,43.64147357804389,42.52721800588451,40.74768774372988,42.40431140061397,0.3444767333333334,0.41490414603261566,27.916308226302004,28.07642672306399,19.09478664037306,27.73361398548673,22.930677921459246,23.084043105935876,22.98984107758832,22.862125962155684,18.51842491110634,22.82117972253888,22.729983547589597,22.604732402532324,1.0,0.0,0.3333333333333333,0.25,0.0,19.09478664037306,22.862125962155684,27.73361398548673,12.670074227448877,20.68263926177839,32.23175821001864,5.945856600638194e-17,7.014591378521884e-16,1.1402532992205697e-16,1.1574075774561108e-15,2.865926830191133e-14,converged
2025-01-15T11:05:00+08:00,3.0833333333333335,-5.0,110.0,2.8499999999999996,51.0,51.0,44.0,44.0,50.0,60.0,85.0,39.11277649666424,13.985282718538958,13.669190307310306,11.458303470814979,75.05449823441869,1.0729494936082233,51.4,51.4,51.579352205241506,43.61408986149014,42.49558636157129,40.570703024392515,42.33161667366596,0.3420662,0.41339182028384786,27.921288727506468,28.08236953002055,19.100774143693595,27.73778297182471,22.936028215101413,23.09024955607089,22.99509757371238,22.866326990956352,18.523274389605366,22.825697488004366,22.733615344469843,22.607365275928537,1.0,0.0,0.3333333333333333,0.25,0.0,19.100774143693595,22.866326990956352,27.73778297182471,12.727665473937282,20.776651258422838,32.37826620188236,1.800009807221715e-16,1.4080506206799203e-16,0.0,1.3992503043006708e-15,4.934339609894875e-14,converged
2025-01-15T11:10:00+08:00,3.1666666666666665,-4.916666666666666,112.5,2.845833333333333,51.0,51.0,44.0,44.0,50.0,60.0,85.0,39.11277649666424,13.985282718538958,13.669190307310306,11.458303470814979,75.05449823441869,1.0729494936082233,51.4,51.4,51.4,43.6157162870935,42.497264275938285,40.4590665913996,42.300080114888246,0.33965566666666663,0.4124397713599568,27.926502062977402,28.088569281718083,19.1070859404316,27.742139652491574,22.941661482576762,23.096760183962015,23.000624117367195,22.87076042276908,18.528123111642365,22.83021589446738,22.737228459143942,22.60995523845403,1.0,0.0,0.4166666666666667,0.25,0.0,19.1070859404316,22.87076042276908,27.742139652491574,12.727665473937282,20.776651258422838,32.37826620188236,1.800009807221715e-16,4.233902617213896e-16,0.0,1.3936596114995742e-15,2.6402003175590068e-14,converged
2025-01-15T11:15:00+08:00,3.25,-4.833333333333334,115.0,2.8416666666666663,51.0,51.0,44.0,44.0,50.0,60.0,85.0,39.11277649666424,13.985282718538958,13.669190307310306,11.458303470814979,75.05449823441869,1.0729494936082233,51.21821323791498,51.4,51.4,43.49066859474175,42.499027008440954,40.46053652871579,42.256414352190625,0.33724513333333334,0.4114728199191321,27.931608164300208,28.09470371826684,19.113377944013518,27.74639263844325,22.94757656273101,23.103573807011713,23.00641971104658,22.875425439946422,18.53332189723192,22.835045535726533,22.74111806853269,22.612783531298522,1.0,0.0,0.4166666666666667,0.25,0.0,19.113377944013518,22.875425439946422,27.74639263844325,12.727665473937282,20.776651258422838,32.37826620188236,1.800009807221715e-16,4.2438521886991554e-16,0.0,3.5365434905826295e-17,5.208212912807221e-14,converged
2025-01-15T11:20:00+08:00,3.3333333333333335,-4.75,117.5,2.8375,51.0,51.0,44.0,44.0,50.0,60.0,85.0,39.11277649666424,13.985282718538958,13.669190307310306,11.458303470814979,75.05449823441869,1.0729494936082233,51.0,51.4,51.4,43.34014125598325,42.50087423538648,40.46211376729457,42.203698973760716,0.3348346,0.4103257011807412,27.936540091098358,28.100709252259353,19.119582536242326,27.75048445192978,22.953772299174553,23.11068924722021,23.01248336092894,22.880321227717598,18.538869013115953,22.840185234590365,22.745283179038523,22.615849338723656,1.0,0.0,0.4166666666666667,0.25,0.0,19.119582536242326,22.880321227717598,27.75048445192978,12.727665473937282,20.776651258422838,32.37826620188236,1.800009807221715e-16,4.2557164281426254e-16,0.0,2.4115726426141547e-15,3.4655605752724206e-14,converged
2025-01-15T11:25:00+08:00,3.4166666666666665,-4.666666666666666,120.0,2.833333333333333,51.0,51.0,44.0,44.0,50.0,60.0,85.0,39.11277649666424,13.985282718538958,13.669190307310306,11.458303470814979,75.05449823441869,1.0729494936082233,51.0,51.06213210067383,51.4,43.341778513137214,42.27066044808553,40.463797882453406,42.1243223162765,0.33242406666666663,0.40857159707143664,27.94170501547777,28.106971531176885,19.12611042846754,27.754764182199175,22.95959146856771,23.11748373278304,23.018223509846997,22.884884487560598,18.544762734618207,22.84563381831993,22.749722800634427,22.61915184778313,1.0,0.0,0.4166666666666667,0.25,0.0,19.12611042846754,22.884884487560598,27.754764182199175,12.727665473937282,20.776651258422838,32.37826620188236,1.800009807221715e-16,7.123312209009245e-16,0.0,4.7637150397749326e-15,4.184909650422524e-14,converged
2025-01-15T11:30:00+08:00,3.5,-4.583333333333334,122.5,2.8291666666666666,51.0,51.0,44.0,44.0,50.0,60.0,85.0,39.11277649666424,13.985282718538958,13.669190307310306,11.458303470814979,75.05449823441869,1.0729494936082233,51.0,51.0,51.4,43.34349125149929,42.229778121669455,40.46558845122942,42.11117166998082,0.3300135333333334,0.4081834755436371,27.947102154063945,28.113489737162663,19.13296014123529,27.75923128757342,22.965571287578822,23.12446602376158,23.02412351845963,22.889575619877935,18.551001345601758,22.851390118611967,22.75443594685109,22.62269024831312,1.0,0.0,0.4166666666666667,0.25,0.0,19.13296014123529,22.889575619877935,27.75923128757342,12.727665473937282,20.776651258422838,32.37826620188236,1.800009807221715e-16,8.556102498163673e-16,0.0,4.817263958601527e-15,2.6865541587390464e-14,converged
2025-01-15T11:35:00+08:00,3.5833333333333335,-4.5,125.0,2.8249999999999997,50.6,50.6,43.8,43.8,50.0,60.0,85.0,38.93499114895213,13.921713251636506,13.607057624095257,11.406220273220363,74.37373532687923,1.0583847685184762,51.0,51.0,51.19113006919237,43.31661256944992,42.19868697408928,40.29696822806493,42.041296843547144,0.327603,0.40671995135985406,27.952688824321644,28.120223642575382,19.140101407504766,27.763849009915194,22.971787769728625,23.131708281216145,23.030251916906977,22.894459836655248,18.557124735629767,22.857038850508353,22.75902802905913,22.62608863312545,1.0,0.0,0.4166666666666667,0.25,0.0,19.140101407504766,22.894459836655248,27.763849009915194,12.7857826678822,20.87152181211427,32.52611216627453,1.8164857836477769e-16,0.0,1.4044310622618634e-16,5.840874422531159e-15,4.040981182883605e-14,converged
2025-01-15T11:40:00+08:00,3.6666666666666665,-4.416666666666666,127.5,2.8208333333333333,50.6,50.6,43.8,43.8,50.0,60.0,85.0,38.93499114895213,13.921713251636506,13.607057624095257,11.406220273220363,74.37373532687923,1.0583847685184762,51.0,51.0,51.0,43.31847129575966,42.200640537297254,40.17854018703052,42.007950042060614,0.3251924666666666,0.4056982306845669,27.958506301175962,28.127211984515203,19.14756169405216,27.76865314042777,22.978283681311005,23.139250700289402,23.036647151030703,22.899574059518205,18.563218291095435,22.862663889233247,22.763578920802992,22.629423333364667,1.0,0.0,0.4166666666666667,0.25,0.0,19.14756169405216,22.899574059518205,27.76865314042777,12.7857826678822,20.87152181211427,32.52611216627453,1.8164857836477769e-16,1.4347526439848898e-16,1.4044310622618634e-16,4.0352418112075024e-15,2.3462959290186042e-14,converged
2025-01-15T11:45:00+08:00,3.75,-4.333333333333334,130.0,2.8166666666666664,50.6,50.6,43.8,43.8,50.0,60.0,85.0,38.93499114895213,13.921713251636506,13.607057624095257,11.406220273220363,74.37373532687923,1.0583847685184762,50.82286261343058,51.0,51.0,43.19709672709304,42.20267821153528,40.18038361116332,41.96580315464389,0.3227819333333333,0.40474215196504876,27.964223516721784,28.134141032134806,19.15500585243743,27.773360004234746,22.985057876150766,23.14709211444073,23.04330823556263,22.904917479559384,18.56965575598083,22.86859598765377,22.768402945438584,22.632993820593597,1.0,0.0,0.4166666666666667,0.25,0.0,19.15500585243743,22.904917479559384,27.773360004234746,12.7857826678822,20.87152181211427,32.52611216627453,1.8164857836477769e-16,2.8762836107316983e-16,1.4044310622618634e-16,1.8426191881249941e-16,2.446116734145558e-14,converged
2025-01-15T11:50:00+08:00,3.8333333333333335,-4.25,132.5,2.8125,50.6,50.6,43.8,43.8,50.0,60.0,85.0,38.93499114895213,13.921713251636506,13.607057624095257,11.406220273220363,74.37373532687923,1.0583847685184762,50.6,51.0,51.0,43.04381079756405,42.20479967594681,40.182333259957055,41.91230634668643,0.32037140000000003,0.4035604982543172,27.96975624687516,28.140930825840087,19.16234878137794,27.77789730748237,22.992109212774135,23.155231361663134,23.050234188872594,22.910489290716207,18.576435428011624,22.87483398492922,22.773499121921837,22.636799288167627,1.0,0.0,0.4166666666666667,0.25,0.0,19.16234878137794,22.910489290716207,27.77789730748237,12.7857826678822,20.87152181211427,32.52611216627453,1.8164857836477769e-16,5.769411145566174e-16,1.4044310622618634e-16,1.8344924501917444e-15,2.2173453529505712e-14,converged
2025-01-15T11:55:00+08:00,3.9166666666666665,-4.166666666666666,135.0,2.808333333333333,50.6,50.6,43.8,43.8,50.0,60.0,85.0,38.93499114895213,13.921713251636506,13.607057624095257,11.406220273220363,74.37373532687923,1.0583847685184762,50.6,50.669721744969145,51.0,43.04567806913754,41.980464491718216,40.18438871332302,41.83517518222413,0.3179608666666666,0.4018327277486413,27.975519964882373,28.147974878137326,19.17000980794917,27.782621250587056,22.998795710246508,23.16306011476676,23.056847175399184,22.915739261676624,18.583555613339367,22.88137672460747,22.778866472732414,22.640838932201728,1.0,0.0,0.4166666666666667,0.25,0.0,19.17000980794917,22.915739261676624,27.782621250587056,12.7857826678822,20.87152181211427,32.52611216627453,1.8164857836477769e-16,4.3456635231970017e-16,1.4044310622618634e-16,1.3489663853257358e-15,4.095178529800273e-14,converged
2025-01-15T12:00:00+08:00,4.0,-4.083333333333334,137.5,2.8041666666666667,50.6,50.6,43.8,43.8,50.0,60.0,85.0,38.93499114895213,13.921713251636506,13.607057624095257,11.406220273220363,74.37373532687923,1.0583847685184762,50.6,50.6,51.0,43.04762027525935,41.934724155211086,40.18654955287216,41.82051727351063,0.3155503333333334,0.40139470293507934,27.98151389454514,28.155272379527144,19.17798747679061,27.787531295842044,23.005624704814334,23.171058825974125,23.06360365873663,22.921102172296834,18.59101462649978,22.88822305460836,22.784504023861054,22.645111951561027,1.0,0.0,0.5,0.25,0.0,19.17798747679061,22.921102172296834,27.787531295842044,12.7857826678822,20.87152181211427,32.52611216627453,1.8164857836477769e-16,1.4501352531022758e-16,1.4044310622618634e-16,1.1737032204796544e-15,2.4238178124032574e-14,converged
2025-01-15T12:05:00+08:00,4.083333333333333,-4.0,140.0,2.8,50.2,50.2,43.6,43.6,50.0,60.0,85.0,38.75720580124002,13.858143784734056,13.544924940880211,11.35413707562575,73.69607384488664,1.0439524491044057,50.6,50.6,50.80301598694097,43.02125358657293,41.90418068102974,40.02633947151337,41.75348071607322,0.31313979999999997,0.39998082926698175,27.987695829857408,28.162783570609918,19.186251705792156,27.792591079483458,23.012687229369632,23.179313898376314,23.07058568427944,22.926656090724254,18.59837621290422,22.89497905502385,22.79003746921791,22.649261740047653,1.0,0.0,0.5,0.25,0.0,19.186251705792156,22.926656090724254,27.792591079483458,12.844433047092672,20.967262737857915,32.6753145156611,1.222126008887173e-16,1.4552612688998299e-16,0.0,2.9923809841752753e-15,4.783058475484716e-14,converged
2025-01-15T12:10:00+08:00,4.166666666666667,-3.916666666666667,141.66666666666666,2.7875,50.2,50.2,43.6,43.6,50.0,60.0,85.0,38.75720580124002,13.858143784734056,13.544924940880211,11.35413707562575,73.69607384488664,1.0439524491044057,50.6,50.6,50.6,43.02333531197125,41.906399565566325,39.90107182451099,41.71830267543202,0.3110769166666667,0.39888963394369953,27.994064986348906,28.170494188985415,19.19478742224473,27.79780509801921,23.019984143163164,23.187812679460055,23.07778898210518,22.932406769666557,18.6056373267179,22.90163444635706,22.795464727360343,22.65329609205525,1.0,0.0,0.5,0.25,0.0,19.19478742224473,22.932406769666557,27.79780509801921,12.844433047092672,20.967262737857915,32.6753145156611,1.222126008887173e-16,0.0,0.0,2.9549655674032407e-15,2.994130909801496e-14,converged
2025-01-15T12:15:00+08:00,4.25,-3.833333333333333,143.33333333333334,2.775,50.2,50.2,43.6,43.6,50.0,60.0,85.0,38.75720580124002,13.858143784734056,13.544924940880211,11.35413707562575,73.69607384488664,1.0439524491044057,50.427554643767415,50.6,50.6,42.905632516477425,41.90868880261928,39.90325982393165,41.6776575401119,0.3090140333333333,0.3979458227962638,28.00029950148695,28.178099261748653,19.2032686827756,27.80289753561086,23.02751448513529,23.196554222444416,23.08521273549729,22.938353517402344,18.613195018508936,22.90854048257059,22.801119556695728,22.65753294496774,1.0,0.0,0.5,0.25,0.0,19.2032686827756,22.938353517402344,27.80289753561086,12.844433047092672,20.967262737857915,32.6753145156611,1.222126008887173e-16,7.31351575755426e-16,0.0,2.925406303021704e-15,4.843972806803374e-14,converged
2025-01-15T12:20:00+08:00,4.333333333333333,-3.75,145.0,2.7624999999999997,50.2,50.2,43.6,43.6,50.0,60.0,85.0,38.75720580124002,13.858143784734056,13.544924940880211,11.35413707562575,73.69607384488664,1.0439524491044057,50.2,50.6,50.6,42.74953618827887,41.91104812404242,39.905537577464095,41.62333508420985,0.30695115,0.39673129805158663,28.006297881469248,28.185502505152563,19.211592950919346,27.807781263831313,23.035277298166967,23.2055375842266,23.092856130753717,22.944495644642004,18.621047820728986,22.91569621656018,22.807001140226205,22.661971606350985,1.0,0.0,0.5,0.25,0.0,19.211592950919346,22.944495644642004,27.807781263831313,12.844433047092672,20.967262737857915,32.6753145156611,1.222126008887173e-16,4.401542898127895e-16,0.0,5.832044340019461e-15,2.771444931605826e-14,converged
2025-01-15T12:25:00+08:00,4.416666666666667,-3.666666666666667,146.66666666666666,2.75,50.2,50.2,43.6,43.6,50.0,60.0,85.0,38.75720580124002,13.858143784734056,13.544924940880211,11.35413707562575,73.69607384488664,1.0439524491044057,50.2,50.27738101902864,50.6,42.75158636526485,41.692574798820665,39.907904729728806,41.548409244925736,0.3048882666666667,0.39503259035798655,28.01248409910382,28.19310551934207,19.220188431877585,27.812819733883124,23.042646128838857,23.21416919455591,23.10015531373774,22.950296194611987,18.629194273091542,22.923100704800365,22.813108663886997,22.666611386138563,1.0,0.0,0.5,0.25,0.0,19.220188431877585,22.950296194611987,27.812819733883124,12.844433047092672,20.967262737857915,32.6753145156611,1.222126008887173e-16,2.946980190202456e-16,0.0,3.0206546949575173e-15,4.045317026787948e-14,converged
2025-01-15T12:30:00+08:00,4.5,-3.583333333333333,148.33333333333334,2.7375,50.2,50.2,43.6,43.6,50.0,60.0,85.0,38.75720580124002,13.858143784734056,13.544924940880211,11.35413707562575,73.69607384488664,1.0439524491044057,50.2,50.2,50.6,42.75369841761181,41.64188519117271,39.9103609267864,41.5321689150392,0.3028253833333333,0.3945474167056419,28.01885752353538,28.20090766864032,19.22905388504386,27.818012500199995,23.05009837287926,23.222901183116164,23.107539800420227,22.95616423862541,18.637632922535982,22.93075300733096,22.819441316535876,22.671451596623676,1.0,0.0,0.5,0.25,0.0,19.22905388504386,22.95616423862541,27.818012500199995,12.844433047092672,20.967262737857915,32.6753145156611,1.222126008887173e-16,4.4259061229814706e-16,0.0,1.1272229656968433e-15,3.120848116457105e-14,converged
2025-01-15T12:35:00+08:00,4.583333333333333,-3.5,150.0,2.7249999999999996,49.8,49.8,43.4,43.4,50.0,60.0,85.0,38.57942045352791,13.794574317831607,13.482792257665162,11.302053878031138,73.02151378844096,1.029651930773885,50.2,50.2,50.41501145231857,42.72778080263759,41.611824471222825,39.758521479118116,41.46791386669168,0.3007625,0.3931873755636258,28.025376576828545,28.20886984171972,19.2381596122536,27.82332369185749,23.057740375415996,23.23183451579776,23.11510541835475,22.962190913992412,18.645951770864894,22.938280933116854,22.82564538302483,22.676155185790815,1.0,0.0,0.5,0.25,0.0,19.2381596122536,22.962190913992412,27.82332369185749,12.903623982793558,21.063886068447122,32.825892001908386,6.167078983027246e-17,1.4804051333038846e-16,0.0,1.785738692047811e-15,4.3645477987015825e-14,converged
2025-01-15T12:40:00+08:00,4.666666666666667,-3.416666666666667,151.66666666666666,2.7125,49.8,49.8,43.4,43.4,50.0,60.0,85.0,38.57942045352791,13.794574317831607,13.482792257665162,11.302053878031138,73.02151378844096,1.029651930773885,50.2,50.2,50.2,42.73001339750105,41.614233563647055,39.626289413601484,41.43081598073082,0.2986996166666667,0.39202991223875117,28.032081731294443,28.217030021155303,19.247532986149178,27.82878840303002,23.06561440347209,23.241008935794476,23.122890165483884,22.968412696197724,18.654142286474038,22.945684991715257,22.83172152647247,22.680723032947142,1.0,0.0,0.5,0.25,0.0,19.247532986149178,22.968412696197724,27.82878840303002,12.903623982793558,21.063886068447122,32.825892001908386,6.167078983027246e-17,8.908656063675805e-16,0.0,1.484776010612634e-15,2.4340938994438037e-14,converged
2025-01-15T12:45:00+08:00,4.75,-3.333333333333333,153.33333333333334,2.6999999999999997,49.8,49.8,43.4,43.4,50.0,60.0,85.0,38.57942045352791,13.794574317831607,13.482792257665162,11.302053878031138,73.02151378844096,1.029651930773885,50.032289918623476,50.2,50.2,42.61594389898953,41.61671258515354,39.628747675187675,41.39161547901335,0.2966367333333333,0.39110154093770805,28.038660253066222,28.225091883876196,19.256857143065613,27.834138642819845,23.073719506046846,23.25042350687049,23.130893233313333,22.974828899598247,18.662624793798216,22.953336880175247,22.838022922459714,22.6854915645952,1.0,0.0,0.5,0.25,0.0,19.256857143065613,22.974828899598247,27.834138642819845,12.903623982793558,21.063886068447122,32.825892001908386,6.167078983027246e-17,8.929802849752257e-16,0.0,1.0883197223135564e-15,3.8155640906043745e-14,converged
2025-01-15T12:50:00+08:00,4.833333333333333,-3.25,155.0,2.6875,49.8,49.8,43.4,43.4,50.0,60.0,85.0,38.57942045352791,13.794574317831607,13.482792257665162,11.302053878031138,73.02151378844096,1.029651930773885,49.8,50.2,50.2,42.45697340064605,41.61926126932311,39.6312949719918,41.33641046909376,0.29457384999999997,0.38985634897519833,28.044993109960497,28.23294253216014,19.266011766060984,27.839272249568996,23.082054736037428,23.260077296425752,23.13911381633181,22.98143884096037,18.671397848425823,22.961235662487887,22.844548762708634,22.690460094847808,1.0,0.0,0.5,0.25,0.0,19.266011766060984,22.98143884096037,27.839272249568996,12.903623982793558,21.063886068447122,32.825892001908386,6.167078983027246e-17,7.465270357463183e-16,0.0,2.5568550974311403e-15,2.2315885069118603e-14,converged
2025-01-15T12:55:00+08:00,4.916666666666667,-3.166666666666667,156.66666666666666,2.675,49.8,49.8,43.4,43.4,50.0,60.0,85.0,38.57942045352791,13.794574317831607,13.482792257665162,11.302053878031138,73.02151378844096,1.029651930773885,49.8,49.88511088547576,50.2,42.45917289614951,41.406647367455456,39.63393095175839,41.26366453492851,0.29251096666666665,0.3881887491708462,28.051512693027398,28.240991541480845,19.27543381212346,27.844559886893524,23.090009111604292,23.269391395009674,23.147001988524252,22.987718828495236,18.680460013090403,22.969380406179383,22.85129824184166,22.69562794016197,1.0,0.0,0.5,0.25,0.0,19.27543381212346,22.987718828495236,27.844559886893524,12.903623982793558,21.063886068447122,32.825892001908386,6.167078983027246e-17,8.99680802771276e-16,0.0,4.186795819146537e-15,2.8331815114383764e-14,converged
2025-01-15T13:00:00+08:00,5.0,-3.083333333333333,158.33333333333334,2.6624999999999996,49.8,49.8,43.4,43.4,50.0,60.0,85.0,38.57942045352791,13.794574317831607,13.482792257665162,11.302053878031138,73.02151378844096,1.029651930773885,49.8,49.8,50.2,42.461433965780245,41.350957186540796,39.63665526365831,41.24580842617847,0.29044808333333333,0.38765726594157446,28.058218375488757,28.249238280993772,19.285122058227238,27.850001111518612,23.09802968431019,23.278789184496084,23.154959952206365,22.994051917518835,18.689809857635314,22.97777018229773,22.85827055737118,22.700994419330858,1.0,0.0,0.5,0.25,0.0,19.285122058227238,22.994051917518835,27.850001111518612,12.903623982793558,21.063886068447122,32.825892001908386,6.167078983027246e-17,3.003047590096771e-16,0.0,3.059354732411085e-15,3.147006683017229e-14,converged
2025-01-15T13:05:00+08:00,5.083333333333333,-3.0,160.0,2.65,49.4,49.4,43.2,43.2,50.0,60.0,85.0,38.40163510581581,13.731004850929159,13.42065957445012,11.249970680436526,72.35005515754213,1.015482608934788,49.8,49.8,50.027117986820045,42.43596572210484,41.321379651311545,39.49322465835002,41.18434633721516,0.2883852,0.38635210339587533,28.065069079342866,28.257644132431878,19.295047002486765,27.855560465606544,23.1062380650487,23.288386107740642,23.163097272198186,23.000542311486463,18.699059632696695,22.986054497008617,22.86513259029931,22.706242077767207,1.0,0.0,0.5833333333333334,0.25,0.0,19.295047002486765,23.000542311486463,27.855560465606544,12.963362982713898,21.16140405950474,32.97786372413944,1.8672941244326772e-16,1.5065961955906574e-16,0.0,9.792875271339274e-16,3.6298196730278665e-14,converged
2025-01-15T13:10:00+08:00,5.166666666666667,-2.916666666666667,161.66666666666666,2.6375,49.4,49.4,43.2,43.2,50.0,60.0,85.0,38.40163510581581,13.731004850929159,13.42065957445012,11.249970680436526,72.35005515754213,1.015482608934788,49.8,49.8,49.8,42.43834741814742,41.32397655797421,39.35398943888291,41.14531578936534,0.2863223166666667,0.38512815136239914,28.07210478404911,28.266246594196883,19.305235856169375,27.861272634030335,23.114676163199466,23.298221556032072,23.17145162390771,23.00722619172157,18.708153166973208,22.994191601595467,22.871844873166722,22.711333591505163,1.0,0.0,0.5833333333333334,0.25,0.0,19.305235856169375,23.00722619172157,27.861272634030335,12.963362982713898,21.16140405950474,32.97786372413944,1.8672941244326772e-16,7.556921080367216e-16,0.0,3.9390451131414114e-15,1.7748649467494788e-14,converged
2025-01-15T13:15:00+08:00,5.25,-2.833333333333333,163.33333333333334,2.625,49.4,49.4,43.2,43.2,50.0,60.0,85.0,38.40163510581581,13.731004850929159,13.42065957445012,11.249970680436526,72.35005515754213,1.015482608934788,49.63706903861712,49.8,49.8,42.32793038061889,41.32664298228548,39.356714076136804,41.10756480267555,0.2842594333333333,0.3842155979216864,28.079021951040236,28.274758056147576,19.315380910312488,27.86687750794211,23.123343037588374,23.3082946034453,23.180022206891095,23.014102878540715,18.717534240106104,23.002573782882568,22.878780138007706,22.71662400875001,1.0,0.0,0.6666666666666666,0.25,0.0,19.315380910312488,23.014102878540715,27.86687750794211,12.963362982713898,21.16140405950474,32.97786372413944,1.8672941244326772e-16,1.3634765247817591e-15,0.0,9.610615782315872e-16,5.453362629292147e-14,converged
2025-01-15T13:20:00+08:00,5.333333333333333,-2.75,165.0,2.6125,49.4,49.4,43.2,43.2,50.0,60.0,85.0,38.40163510581581,13.731004850929159,13.42065957445012,11.249970680436526,72.35005515754213,1.015482608934788,49.4,49.8,49.8,42.166066452150446,41.329378659506695,39.35952704929392,41.05146839108212,0.28219655,0.38293976881669234,28.08568388189131,28.283048885475896,19.325343918899225,27.872257782979222,23.13223775089738,23.31860432764958,23.188808223656643,23.02117169464805,18.727201430150462,23.011200115715898,22.885937585086687,22.722112650036998,1.0,0.0,0.6666666666666666,0.25,0.0,19.325343918899225,23.02117169464805,27.872257782979222,12.963362982713898,21.16140405950474,32.97786372413944,1.8672941244326772e-16,9.120127861360448e-16,0.0,2.8737902896474325e-15,3.6135696560245446e-14,converged
2025-01-15T13:25:00+08:00,5.416666666666667,-2.666666666666667,166.66666666666666,2.6,49.4,49.4,43.2,43.2,50.0,60.0,85.0,38.40163510581581,13.731004850929159,13.42065957445012,11.249970680436526,72.35005515754213,1.015482608934788,49.4,49.492912324760375,49.8,42.16841352348803,41.122654886783245,39.36242800913932,40.98091134289723,0.28013366666666667,0.3813037754480434,28.09253144689252,28.291536690731675,19.335570662861834,27.87779138742713,23.14076491166597,23.328586592484243,23.197273783190166,23.027922315042332,18.737153322193198,23.020069678433856,22.893316417536386,22.727798838222462,1.0,0.0,0.6666666666666666,0.25,0.0,19.335570662861834,23.027922315042332,27.87779138742713,12.963362982713898,21.16140405950474,32.97786372413944,1.8672941244326772e-16,9.159257997653707e-16,0.0,2.072759166656529e-15,3.7360217154868337e-14,converged
2025-01-15T13:30:00+08:00,5.5,-2.583333333333333,168.33333333333334,2.5875,49.4,49.4,43.2,43.2,50.0,60.0,85.0,38.40163510581581,13.731004850929159,13.42065957445012,11.249970680436526,72.35005515754213,1.015482608934788,49.4,49.4,49.8,42.17082187727398,41.06193236465972,39.365416607870976,40.96142661183732,0.27807078333333335,0.3807258884157678,28.099564023276127,28.300220845822164,19.346059936283638,27.883477880273126,23.1493409936994,23.338635810809656,23.20579356415173,23.034711579166228,18.7473885083183,23.029181552854073,22.900915841347523,22.7336818984759,1.0,0.0,0.6666666666666666,0.25,0.0,19.346059936283638,23.034711579166228,27.883477880273126,12.963362982713898,21.16140405950474,32.97786372413944,1.8672941244326772e-16,1.5288600718925195e-16,0.0,5.061960144281638e-15,3.246885367845484e-14,converged
2025-01-15T13:35:00+08:00,5.583333333333333,-2.5,170.0,2.575,49.0,49.0,43.0,43.0,50.0,60.0,85.0,38.22384975810369,13.667435384026707,13.35852689123507,11.197887482841912,71.68169795219015,1.0014438789949873,49.4,49.4,49.63933714024711,42.145809790839,41.032845155755766,39.230441186806985,40.90277598062891,0.27600790000000003,0.3794763435360347,28.106741045754937,28.30906323909753,19.35678244177398,27.88928222673832,23.158103000594988,23.348882023731864,23.214490982839965,23.0416568642726,18.757543690508342,23.038207112567655,22.908423494056844,22.73946412493195,1.0,0.0,0.6666666666666666,0.25,0.0,19.35678244177398,23.0416568642726,27.88928222673832,13.023657694261406,21.259829194665237,33.13124913680986,1.884704698096939e-16,1.2271154585516884e-15,0.0,2.003649459666429e-15,2.601013291943637e-14,converged
2025-01-15T13:40:00+08:00,5.666666666666667,-2.416666666666667,171.66666666666666,2.5625,49.0,49.0,43.0,43.0,50.0,60.0,85.0,38.22384975810369,13.667435384026707,13.35852689123507,11.197887482841912,71.68169795219015,1.0014438789949873,49.4,49.4,49.4,42.148338875705356,41.035627551477006,39.08416404931806,40.86179998985956,0.27394501666666665,0.3781856725915765,28.114101987982114,28.318100871028058,19.367765220026968,27.895238692337788,23.167092470943913,23.35936425705895,23.223403380292286,23.04879404742007,18.76751466968159,23.047062031309846,22.915759475884364,22.7450697046394,1.0,0.0,0.6666666666666666,0.25,0.0,19.367765220026968,23.04879404742007,27.895238692337788,13.023657694261406,21.259829194665237,33.13124913680986,1.884704698096939e-16,9.234775159184161e-16,0.0,1.7603790147194807e-15,2.5108680074206196e-14,converged
2025-01-15T13:45:00+08:00,5.75,-2.333333333333333,173.33333333333334,2.55,49.0,49.0,43.0,43.0,50.0,60.0,85.0,38.22384975810369,13.667435384026707,13.35852689123507,11.197887482841912,71.68169795219015,1.0014438789949873,49.24189261554091,49.4,49.4,42.04159368345813,41.03847906517232,39.08715128797466,40.82550353511641,0.2718821333333333,0.37728931204059796,28.12135257404337,28.327054908179356,19.378709792733535,27.90109510799784,23.176308473172465,23.370081594948136,23.23252996394764,23.05612245476897,18.77776886416919,23.056159333924615,22.92331621607131,22.750872441490397,1.0,0.0,0.6666666666666666,0.25,0.0,19.378709792733535,23.056159333924615,27.90109510799784,13.023657694261406,21.259829194665237,33.13124913680986,1.884704698096939e-16,0.0,0.0,1.1378045588278673e-15,5.837094341968488e-14,converged
2025-01-15T13:50:00+08:00,5.833333333333333,-2.25,175.0,2.5375,49.0,49.0,43.0,43.0,50.0,60.0,85.0,38.22384975810369,13.667435384026707,13.35852689123507,11.197887482841912,71.68169795219015,1.0014438789949873,49.0,49.4,49.4,41.87681699340012,41.04139943373807,39.09022618234733,40.76850690513999,0.26981925,0.3759828690294485,28.128338310044082,28.33577886025239,19.389459834367674,27.906718916006383,23.185750079522172,23.38103312511044,23.24186994416691,23.06364141484578,18.788304873843543,23.06549810587847,22.931092923251153,22.756871662320997,1.0,0.0,0.6666666666666666,0.25,0.0,19.389459834367674,23.06549810587847,27.906718916006383,13.023657694261406,21.259829194665237,33.13124913680986,1.884704698096939e-16,3.0962932467494073e-16,0.0,2.1141877325460795e-15,2.692326438380802e-14,converged
2025-01-15T13:55:00+08:00,5.916666666666667,-2.166666666666667,176.66666666666666,2.525,49.0,49.0,43.0,43.0,50.0,60.0,85.0,38.22384975810369,13.667435384026707,13.35852689123507,11.197887482841912,71.68169795219015,1.0014438789949873,49.0,49.100786335573225,49.4,41.87930995319043,40.84059680314877,39.093388386180116,40.700147883546734,0.2677563666666667,0.37437897911769386,28.13550860716522,28.344698427238672,19.400470022882526,27.912495362131846,23.19483760907878,23.391669598459682,23.25090157304349,23.07085407240668,18.79912130549884,23.075077436088513,22.939088808894226,22.76306669626566,1.0,0.0,0.6666666666666666,0.25,0.0,19.400470022882526,23.075077436088513,27.912495362131846,13.023657694261406,21.259829194665237,33.13124913680986,1.884704698096939e-16,2.0212128193158835e-15,0.0,2.295728502708546e-15,3.346528936553045e-14,converged
2025-01-15T14:00:00+08:00,6.0,-2.083333333333333,178.33333333333334,2.5124999999999997,49.0,49.0,43.0,43.0,50.0,60.0,85.0,38.22384975810369,13.667435384026707,13.35852689123507,11.197887482841912,71.68169795219015,1.0014438789949873,49.0,49.0,49.4,41.8818639131034,40.77481004065791,39.09663755461692,40.679021693058864,0.26569348333333326,0.37375458583818355,28.14286284658445,28.353812987718534,19.41173916901232,27.91842400759495,23.203956721638622,23.40235623512265,23.259971793191422,23.078090848869643,18.810216772816844,23.08489641690945,22.947303087297556,22.76945687474943,1.0,0.0,0.6666666666666666,0.25,0.0,19.41173916901232,23.08489641690945,27.91842400759495,13.023657694261406,21.259829194665237,33.13124913680986,1.884704698096939e-16,1.4016388509223936e-15,0.0,3.3532262787691984e-15,3.0996929666071725e-14,converged
2025-01-15T14:05:00+08:00,6.083333333333333,-2.0,180.0,2.5,48.6,48.6,42.8,42.8,50.0,60.0,85.0,38.04606441039157,13.603865917124256,13.296394208020022,11.145804285247296,71.0164421723851,0.9875351363623581,49.0,49.0,49.251670491369765,41.85731492378846,40.74622046975366,38.97016403934361,40.623201243678935,0.2636306,0.37256139880979505,28.150360988709824,28.36308495041955,19.423238188175162,27.924470250816412,23.213259941906355,23.413237797139388,23.269217987925988,23.08548240419495,18.821252633968815,23.09464846139998,22.955444314641177,22.77576439355882,1.0,0.0,0.6666666666666666,0.25,0.0,19.423238188175162,23.09464846139998,27.924470250816412,13.084515907785994,21.35917419090199,33.28606805800992,1.902359915047843e-16,6.249456986088282e-16,0.0,1.7674245538780923e-15,3.963267118111224e-14,converged
2025-01-15T14:10:00+08:00,6.166666666666667,-2.0416666666666665,176.66666666666669,2.5104166666666665,48.6,48.6,42.8,42.8,50.0,60.0,85.0,38.04606441039157,13.603865917124256,13.296394208020022,11.145804285247296,71.0164421723851,0.9875351363623581,49.0,49.0,49.0,41.8599176307233,40.74910608113104,38.81670759317038,40.580184431344954,0.2657049916666667,0.3712074123631891,28.157605221689646,28.372058166581237,19.434402796288936,27.930321997044373,23.222268657896016,23.423781673462496,23.278179321501447,23.09264717757208,18.8314528152566,23.10363505460839,22.962893997912552,22.781457518258982,1.0,0.0,0.6666666666666666,0.25,0.0,19.434402796288936,23.10363505460839,27.930321997044373,13.084515907785994,21.35917419090199,33.28606805800992,1.902359915047843e-16,1.568063001299044e-16,0.0,1.3524543386204252e-15,3.717793674069103e-14,converged
2025-01-15T14:15:00+08:00,6.25,-2.0833333333333335,173.33333333333331,2.5208333333333335,48.6,48.6,42.8,42.8,50.0,60.0,85.0,38.04606441039157,13.603865917124256,13.296394208020022,11.145804285247296,71.0164421723851,0.9875351363623581,48.846761272622885,49.0,49.0,41.75664790766979,40.75190079778227,38.81965849458082,40.54510018117284,0.2677793833333333,0.37033852758818464,28.164312063973263,28.38046420804897,19.44494652449355,27.935736069192856,23.23098407526879,23.4339891739134,23.286856843698146,23.099585965018395,18.841311640554174,23.11229226365479,22.970066189607614,22.78693036739308,1.0,0.0,0.6666666666666666,0.25,0.0,19.44494652449355,23.11229226365479,27.935736069192856,13.084515907785994,21.35917419090199,33.28606805800992,1.902359915047843e-16,6.286967903938329e-16,0.0,6.925488081682066e-16,4.2960584418411833e-14,converged
2025-01-15T14:20:00+08:00,6.333333333333333,-2.125,170.0,2.53125,48.6,48.6,42.8,42.8,50.0,60.0,85.0,38.04606441039157,13.603865917124256,13.296394208020022,11.145804285247296,71.0164421723851,0.9875351363623581,48.6,49.0,49.0,41.58857971836092,40.754604966269746,38.82250049006593,40.48678284583199,0.269853775,0.36901963791220577,28.17031055430441,28.388141162453607,19.45469750497635,27.940565535378383,23.239407394750042,23.44386160323296,23.29525160042775,23.106299559757193,18.85083079688803,23.12062133070821,22.976961883969015,22.79218369268215,1.0,0.0,0.6666666666666666,0.25,0.0,19.45469750497635,23.12062133070821,27.940565535378383,13.084515907785994,21.35917419090199,33.28606805800992,1.902359915047843e-16,4.732078317792593e-16,0.0,1.0055666425309258e-15,2.6664587752518586e-14,converged
2025-01-15T14:25:00+08:00,6.416666666666667,-2.1666666666666665,166.66666666666669,2.5416666666666665,48.6,48.6,42.8,42.8,50.0,60.0,85.0,38.04606441039157,13.603865917124256,13.296394208020022,11.145804285247296,71.0164421723851,0.9875351363623581,48.6,48.708733935272164,49.0,41.5907147656984,40.55919773073126,38.82523400950269,40.420055853071915,0.2719281666666667,0.3674737104583269,28.176060160902015,28.395524434409126,19.464122063952928,27.945204000394174,23.246976877995365,23.4528669131566,23.30285791736881,23.112306134322356,18.86001196294715,23.128623493253222,22.983582071677063,22.797218243281886,1.0,0.0,0.6666666666666666,0.25,0.0,19.464122063952928,23.128623493253222,27.945204000394174,13.084515907785994,21.35917419090199,33.28606805800992,1.902359915047843e-16,6.335980970270623e-16,0.0,4.744560750003431e-15,3.249832690430293e-14,converged
2025-01-15T14:30:00+08:00,6.5,-2.2083333333333335,163.33333333333331,2.5520833333333335,48.6,48.6,42.8,42.8,50.0,60.0,85.0,38.04606441039157,13.603865917124256,13.296394208020022,11.145804285247296,71.0164421723851,0.9875351363623581,48.6,48.6,49.0,41.59276822070528,40.48759982124707,38.82785948103263,40.39653709694223,0.27400255833333337,0.36683524888637625,28.18156171778855,28.402614956346046,19.473221693357434,27.94965201299025,23.25404923366898,23.461343094923027,23.309996600686887,23.117910936409363,18.868856809124228,23.136299984107612,22.989927739862498,22.802034765791372,1.0,0.0,0.6666666666666666,0.25,0.0,19.473221693357434,23.136299984107612,27.94965201299025,13.084515907785994,21.35917419090199,33.28606805800992,1.902359915047843e-16,4.760256362236608e-16,0.0,4.338775330163575e-15,3.1825555149980034e-14,converged
2025-01-15T14:35:00+08:00,6.583333333333333,-2.25,160.0,2.5625,48.8,48.8,42.9,42.9,50.0,60.0,85.0,38.13495708424763,13.63565065057548,13.327460549627546,11.171845884044602,71.34868238409427,0.9944732970522845,48.6,48.6,48.86227265805655,41.608088179868275,40.50530533400921,38.7630709204779,40.38922253044162,0.27607695,0.3662325818279094,28.186835392164493,28.409431778589028,19.48201164137273,27.953926886720573,23.260856842042855,23.469510301411695,23.31687671401876,23.123313006627093,18.87712145707218,23.143438948313268,22.995797570701903,22.80644149398975,1.0,0.0,0.6666666666666666,0.25,0.0,19.48201164137273,23.143438948313268,27.953926886720573,13.054015870704907,21.309385906074713,33.20847815577679,1.8935014408643947e-16,4.768089771500903e-16,1.4338946509806438e-16,6.7562055362021824e-15,2.896273853414521e-14,converged
2025-01-15T14:40:00+08:00,6.666666666666667,-2.2916666666666665,156.66666666666669,2.5729166666666665,48.8,48.8,42.9,42.9,50.0,60.0,85.0,38.13495708424763,13.63565065057548,13.327460549627546,11.171845884044602,71.34868238409427,0.9944732970522845,48.6,48.6,48.6,41.60998096373532,40.50742556897381,38.60194074318839,40.34343632917031,0.27815134166666666,0.36486055852345045,28.191862606825367,28.415957643283217,19.490479556275428,27.95801234924169,23.26738015741618,23.477350344527288,23.32348068081885,23.12849527440841,18.884543226272175,23.149803789028596,23.000966395419727,22.810223552706354,1.0,0.0,0.75,0.25,0.0,19.490479556275428,23.149803789028596,27.95801234924169,13.054015870704907,21.309385906074713,33.20847815577679,1.8935014408643947e-16,9.572039435946803e-16,1.4338946509806438e-16,6.945965707465245e-15,3.190971565450881e-14,converged
2025-01-15T14:45:00+08:00,6.75,-2.3333333333333335,153.33333333333331,2.5833333333333335,48.8,48.8,42.9,42.9,50.0,60.0,85.0,38.13495708424763,13.63565065057548,13.327460549627546,11.171845884044602,71.34868238409427,0.9944732970522845,48.677839365171806,48.6,48.6,41.66557558472846,40.50945797634466,38.60399279845169,40.36462635968041,0.28022573333333334,0.36515409074154254,28.196788690099808,28.42233037599257,19.49877323640494,27.96203281547385,23.27362034387742,23.484864493528836,23.329809518953983,23.133458511425303,18.891637365098685,23.15584912680421,23.005865896254324,22.813791854476268,1.0,0.0,0.75,0.25,0.0,19.49877323640494,23.15584912680421,27.96203281547385,13.054015870704907,21.309385906074713,33.20847815577679,1.8935014408643947e-16,6.376229913816523e-16,1.4338946509806438e-16,3.659818296905179e-15,3.308291813566508e-14,converged
2025-01-15T14:50:00+08:00,6.833333333333333,-2.375,150.0,2.59375,48.8,48.8,42.9,42.9,50.0,60.0,85.0,38.13495708424763,13.63565065057548,13.327460549627546,11.171845884044602,71.34868238409427,0.9944732970522845,48.8,48.6,48.6,41.75178938551661,40.511402891028496,38.605939664775676,40.39670328401922,0.282300125,0.3656668404636744,28.201695879287495,28.428628072531104,19.50697627011146,27.96605872385151,23.279578560748465,23.49205401275117,23.335864242539166,23.138203486640595,18.89840549299943,23.16157616684816,23.01049703842644,22.817147128958286,1.0,0.0,0.75,0.25,0.0,19.50697627011146,23.16157616684816,27.96605872385151,13.054015870704907,21.309385906074713,33.20847815577679,1.8935014408643947e-16,9.550933440887121e-16,1.4338946509806438e-16,2.1577384423687786e-15,3.553633592964126e-14,converged
2025-01-15T14:55:00+08:00,6.916666666666667,-2.4166666666666665,146.66666666666669,2.6041666666666665,48.8,48.8,42.9,42.9,50.0,60.0,85.0,38.13495708424763,13.63565065057548,13.327460549627546,11.171845884044602,71.34868238409427,0.9944732970522845,48.8,48.747624563757014,48.6,41.75355052413206,40.613715948924664,38.60778175716045,40.4336291702303,0.2843745166666667,0.36631494351500354,28.206357837217766,28.434636460190156,19.514859953518304,27.969895936504066,23.285541393036038,23.499190590943204,23.341902788224584,23.14297567387974,18.90484922141734,23.166986109822286,23.014860783697593,22.82029010332051,1.0,0.0,0.75,0.25,0.0,19.514859953518304,23.166986109822286,27.969895936504066,13.054015870704907,21.309385906074713,33.20847815577679,1.8935014408643947e-16,1.7479064979010792e-15,1.4338946509806438e-16,9.47100810774954e-17,3.42636231477421e-14,converged
2025-01-15T15:00:00+08:00,7.0,-2.4583333333333335,143.33333333333331,2.6145833333333335,48.8,48.8,42.9,42.9,50.0,60.0,85.0,38.13495708424763,13.63565065057548,13.327460549627546,11.171845884044602,71.34868238409427,0.9944732970522845,48.8,48.8,48.6,41.755231563612426,40.65122652573028,38.60951948893171,40.447848577111834,0.2864489083333333,0.3664954539574262,28.210775385905325,28.440356457773525,19.522425746390724,27.97354499571096,23.291324451150892,23.506099762952058,23.347759275572944,23.147616936817283,18.91097015383013,23.172080151859376,23.018958090382476,22.823221502248856,1.0,0.0,0.75,0.25,0.0,19.522425746390724,23.172080151859376,27.97354499571096,13.054015870704907,21.309385906074713,33.20847815577679,1.8935014408643947e-16,6.352893088843505e-16,1.4338946509806438e-16,7.146151640711325e-17,3.2143154883347625e-14,converged
2025-01-15T15:05:00+08:00,7.083333333333333,-2.5,140.0,2.625,49.0,49.0,43.0,43.0,50.0,60.0,85.0,38.22384975810369,13.667435384026707,13.35852689123507,11.197887482841912,71.68169795219015,1.0014438789949873,48.8,48.8,48.67195933685318,41.77022670272856,40.66856532175741,38.6741528734665,40.478204578480955,0.2885233,0.36693892950427087,28.21496876588819,28.445807176136583,19.529688876866015,27.977023285155248,23.296848083949996,23.51270607346495,23.353361957284722,23.15205889302568,18.91693357988823,23.177007776257017,23.022930934720783,22.826076527434594,1.0,0.0,0.75,0.25,0.0,19.529688876866015,23.177007776257017,27.977023285155248,13.023657694261406,21.259829194665237,33.13124913680986,1.884704698096939e-16,9.517822651105202e-16,0.0,2.583004168362553e-15,2.3548907583261122e-14,converged
2025-01-15T15:10:00+08:00,7.166666666666667,-2.5416666666666665,136.66666666666669,2.6354166666666665,49.0,49.0,43.0,43.0,50.0,60.0,85.0,38.22384975810369,13.667435384026707,13.35852689123507,11.197887482841912,71.68169795219015,1.0014438789949873,48.8,48.8,48.8,41.771750759658325,40.67027984859907,38.75562222194168,40.50321561494392,0.29059769166666666,0.3674925604088902,28.218919303459497,28.45097127075861,19.53663695004006,27.98031444990068,23.302092676852197,23.51899127128807,23.358693197046136,23.156284414508953,18.922826177864888,23.181841947762777,23.026848366418502,22.828920627109586,1.0,0.0,0.75,0.25,0.0,19.53663695004006,23.181841947762777,27.98031444990068,13.023657694261406,21.259829194665237,33.13124913680986,1.884704698096939e-16,1.5839139940330412e-16,0.0,1.8414579215056015e-15,4.0296299794475966e-14,converged
2025-01-15T15:15:00+08:00,7.25,-2.5833333333333335,133.33333333333331,2.6458333333333335,49.0,49.0,43.0,43.0,50.0,60.0,85.0,38.22384975810369,13.667435384026707,13.35852689123507,11.197887482841912,71.68169795219015,1.0014438789949873,48.87905369222953,48.8,48.8,41.827863293425715,40.671908246766705,38.75718338959214,40.52430582995379,0.29267208333333333,0.3678104301303486,28.222774642476463,28.455988758776567,19.543420050436435,27.983544893756104,23.307059372661886,23.524956602452395,23.363753995580765,23.160294261266024,18.928398699570135,23.186362385792904,23.030500955655167,22.831554169213426,1.0,0.0,0.75,0.25,0.0,19.543420050436435,23.186362385792904,27.983544893756104,13.023657694261406,21.259829194665237,33.13124913680986,1.884704698096939e-16,1.2660361130670307e-15,0.0,1.0562643871662599e-15,6.965559143330944e-14,converged
2025-01-15T15:20:00+08:00,7.333333333333333,-2.625,130.0,2.65625,49.0,49.0,43.0,43.0,50.0,60.0,85.0,38.22384975810369,13.667435384026707,13.35852689123507,11.197887482841912,71.68169795219015,1.0014438789949873,49.0,48.8,48.8,41.91294308859094,40.67345084473148,38.7586414826214,40.555693484744594,0.29474647499999995,0.36833567303208525,28.226612534090226,28.460933483852354,19.550117182322566,27.986781213931785,23.311749309503114,23.53060330815387,23.368545349922822,23.164089190627116,18.933652727360567,23.190570274088582,23.033889651828392,22.833977872663844,1.0,0.0,0.75,0.25,0.0,19.550117182322566,23.190570274088582,27.986781213931785,13.023657694261406,21.259829194665237,33.13124913680986,1.884704698096939e-16,1.264230758521117e-15,0.0,4.121612316782379e-15,2.3047169312874884e-14,converged
2025-01-15T15:25:00+08:00,7.416666666666667,-2.6666666666666665,126.66666666666669,2.6666666666666665,49.0,49.0,43.0,43.0,50.0,60.0,85.0,38.22384975810369,13.667435384026707,13.35852689123507,11.197887482841912,71.68169795219015,1.0014438789949873,49.0,48.94960683221339,48.8,41.91433974489119,40.77680376567125,38.75999690759202,40.59270988651117,0.2968208666666667,0.36901196251979984,28.230208775223556,28.465593192601272,19.55650184437936,27.989831104982574,23.316452999316464,23.536206794940764,23.37332873402008,23.167918050327202,18.938589835770113,23.194466791924647,23.03701540093242,22.83619245392394,1.0,0.0,0.75,0.25,0.0,19.55650184437936,23.194466791924647,27.989831104982574,13.023657694261406,21.259829194665237,33.13124913680986,1.884704698096939e-16,1.1041745736695714e-15,0.0,3.60733011189152e-15,3.2756601194793566e-14,converged
2025-01-15T15:30:00+08:00,7.5,-2.7083333333333335,123.33333333333331,2.6770833333333335,49.0,49.0,43.0,43.0,50.0,60.0,85.0,38.22384975810369,13.667435384026707,13.35852689123507,11.197887482841912,71.68169795219015,1.0014438789949873,49.0,49.0,48.8,41.9156577601137,40.81259777137305,38.761250069426694,40.606057622127885,0.2988952583333333,0.36920081804655097,28.23356417611599,28.469968790448927,19.562575465067805,27.992695102824655,23.320978280937172,23.541585231720394,23.37793127434799,23.171616048295153,18.943211591548696,23.198053114126434,23.039879145570335,22.83819862701054,1.0,0.0,0.75,0.25,0.0,19.562575465067805,23.198053114126434,27.992695102824655,13.023657694261406,21.259829194665237,33.13124913680986,1.884704698096939e-16,0.0,0.0,5.588388684157065e-15,3.069138727323151e-14,converged
2025-01-15T15:35:00+08:00,7.583333333333333,-2.75,120.0,2.6875,49.2,49.2,43.1,43.1,50.0,60.0,85.0,38.31274243195975,13.699220117477934,13.389593232842595,11.223929081639218,72.01548887667276,1.008446957764483,49.0,49.0,48.875040637695754,41.93034112171322,40.829584717547334,38.82743052079124,40.63663240013927,0.30096965000000003,0.36967800599377315,28.23669905607598,28.474079455526752,19.56835325734159,27.995390664455876,23.32524933781319,23.546666789037648,23.3822846761292,23.175118098252057,18.94768935774981,23.201484160750873,23.04262803564114,22.84013652978522,1.0,0.0,0.75,0.25,0.0,19.56835325734159,23.201484160750873,27.995390664455876,12.993440391026459,21.21050244479362,33.05437848916065,1.875969114497252e-16,6.298201133929278e-16,0.0,4.880206412193788e-16,3.1865943329226194e-14,converged
2025-01-15T15:40:00+08:00,7.666666666666667,-2.7916666666666665,116.66666666666669,2.6979166666666665,49.2,49.2,43.1,43.1,50.0,60.0,85.0,38.31274243195975,13.699220117477934,13.389593232842595,11.223929081639218,72.01548887667276,1.008446957764483,49.0,49.0,49.0,41.93150575400887,40.83090422425338,38.9065853545468,40.66069881758289,0.3030440416666667,0.37023478617223676,28.239594639878202,28.477907750343974,19.57382277992753,27.997901349350045,23.329246481364358,23.55143314648195,23.386371238607385,23.1784070115643,18.9520977177641,23.204822199854615,23.04532095964943,22.842061933090505,1.0,0.0,0.75,0.25,0.0,19.57382277992753,23.204822199854615,27.997901349350045,12.993440391026459,21.21050244479362,33.05437848916065,1.875969114497252e-16,1.5721823850011933e-16,0.0,1.8232401333307103e-16,2.5650935433112104e-14,converged
2025-01-15T15:45:00+08:00,7.75,-2.8333333333333335,113.33333333333331,2.7083333333333335,49.2,49.2,43.1,43.1,50.0,60.0,85.0,38.31274243195975,13.699220117477934,13.389593232842595,11.223929081639218,72.01548887667276,1.008446957764483,49.08026238435894,49.0,49.0,41.98814281156918,40.832139260345144,38.907668900487494,40.68169918824144,0.3051184333333333,0.37057657127770244,28.24240087862073,28.481595875788905,19.57913639471494,28.000355543014205,23.332970833619903,23.55588552738106,23.390191945731107,23.18148353679702,18.956193335822757,23.207852147507282,23.047753428472262,22.843779914023894,1.0,0.0,0.75,0.25,0.0,19.57913639471494,23.207852147507282,28.000355543014205,12.993440391026459,21.21050244479362,33.05437848916065,1.875969114497252e-16,9.42439410771834e-16,0.0,6.92615372522763e-16,4.2648695437841495e-14,converged
2025-01-15T15:50:00+08:00,7.833333333333333,-2.875,110.0,2.71875,49.2,49.2,43.1,43.1,50.0,60.0,85.0,38.31274243195975,13.699220117477934,13.389593232842595,11.223929081639218,72.01548887667276,1.008446957764483,49.2,49.0,49.0,42.07210005489929,40.833290148012246,38.90865143289857,40.712409246409344,0.307192825,0.3711139311237606,28.24519105385472,28.485213439071988,19.58436854171906,28.002816015516036,23.336423512012892,23.560025150314857,23.393747777820685,23.18434841988629,18.95997775826528,23.21057516645212,23.049926376012746,22.845291180975074,1.0,0.0,0.75,0.25,0.0,19.58436854171906,23.21057516645212,28.002816015516036,12.993440391026459,21.21050244479362,33.05437848916065,1.875969114497252e-16,4.705373959194439e-16,0.0,1.0644046658925165e-15,3.3851237836228614e-14,converged
2025-01-15T15:55:00+08:00,7.916666666666667,-2.9166666666666665,106.66666666666669,2.7291666666666665,49.2,49.2,43.1,43.1,50.0,60.0,85.0,38.31274243195975,13.699220117477934,13.389593232842595,11.223929081639218,72.01548887667276,1.008446957764483,49.2,49.15157990220825,49.0,42.07314142797322,40.93768930491981,38.909533350120846,40.74952553540098,0.3092672166666667,0.3718179723320313,28.247743089028525,28.488550198993874,19.589294913716767,28.00509228726599,23.339898940701037,23.564131125736996,23.39730373279785,23.187253869681072,18.963452523785357,23.212992415044166,23.05184073282533,22.84659643991444,1.0,0.0,0.75,0.25,0.0,19.589294913716767,23.212992415044166,28.00509228726599,12.993440391026459,21.21050244479362,33.05437848916065,1.875969114497252e-16,1.5654880948435786e-16,0.0,1.109079341360455e-15,1.9222769147592782e-14,converged
2025-01-15T16:00:00+08:00,8.0,-2.9583333333333335,103.33333333333331,2.7395833333333335,49.2,49.2,43.1,43.1,50.0,60.0,85.0,38.31274243195975,13.699220117477934,13.389593232842595,11.223929081639218,72.01548887667276,1.008446957764483,49.2,49.2,49.0,42.07410558374506,40.97178099248559,38.91031504888886,40.762013697626855,0.31134160833333335,0.37201481541924997,28.25005778283484,28.49160704784623,19.5939169087065,28.007184887922673,23.343197217288253,23.5680142853904,23.40067997124659,23.19002846414471,18.966619163468675,23.215105047266796,23.05349742612782,22.84769639440135,1.0,0.0,0.75,0.25,0.0,19.5939169087065,23.215105047266796,28.007184887922673,12.993440391026459,21.21050244479362,33.05437848916065,1.875969114497252e-16,0.0,0.0,8.266675903891547e-16,2.933857601883832e-14,converged
2025-01-15T16:05:00+08:00,8.083333333333334,-3.0,100.0,2.75,49.4,49.4,43.2,43.2,50.0,60.0,85.0,38.4016351058158,13.731004850929159,13.420659574450118,11.249970680436524,72.35005515754214,1.015482608934788,49.2,49.2,49.078107673256646,42.08848985229352,40.98843054020896,38.97805534000795,40.7928205801722,0.313416,0.3725253096859349,28.25215553859665,28.494403237561922,19.59824972913104,28.00911135087847,23.34624635105177,23.571606418693126,23.40381164294943,23.192610404167148,18.969655097325123,23.2170734085999,23.055048767136455,22.84873610504591,1.0,0.0,0.75,0.25,0.0,19.59824972913104,23.2170734085999,28.00911135087847,12.963362982713898,21.161404059504743,32.977863724139446,1.244862749621785e-16,1.0937609225472061e-15,0.0,2.3128327870133395e-15,3.3737122382771843e-14,converged
2025-01-15T16:10:00+08:00,8.166666666666666,-3.041666666666667,96.66666666666664,2.760416666666667,49.4,49.4,43.2,43.2,50.0,60.0,85.0,38.4016351058158,13.731004850929159,13.420659574450118,11.249970680436524,72.35005515754214,1.015482608934788,49.2,49.2,49.2,42.08930413798955,40.989365451264206,39.05491302565563,40.815954355374785,0.3154903916666667,0.3730849007852715,28.254017474735747,28.496921231588846,19.602280884305028,28.010855147123404,23.349026574502467,23.574889130134455,23.406680978209764,23.194982437389996,18.972622855631204,23.218949101355918,23.05654351389455,22.849761696048123,1.0,0.0,0.75,0.25,0.0,19.602280884305028,23.218949101355918,28.010855147123404,12.963362982713898,21.161404059504743,32.977863724139446,1.244862749621785e-16,1.560171982059621e-16,0.0,9.190548281909155e-16,3.359878450116897e-14,converged
2025-01-15T16:15:00+08:00,8.25,-3.083333333333333,93.33333333333336,2.770833333333333,49.4,49.4,43.2,43.2,50.0,60.0,85.0,38.4016351058158,13.731004850929159,13.420659574450118,11.249970680436524,72.35005515754214,1.015482608934788,49.28146548069145,49.2,49.2,42.14647211731644,40.990217509891714,39.05553187561516,40.83687458525351,0.3175647833333333,0.373450187981096,28.255795841344764,28.499305406783993,19.606165004702607,28.012546636709725,23.35153898939151,23.57786362085223,23.409288944561702,23.197145301179162,18.975284992806856,23.22052221996598,23.057782100501424,22.85058293693637,1.0,0.0,0.75,0.25,0.0,19.606165004702607,23.22052221996598,28.012546636709725,12.963362982713898,21.161404059504743,32.977863724139446,1.244862749621785e-16,4.675937738428494e-16,0.0,3.0288338613896334e-15,5.717731161495471e-14,converged
2025-01-15T16:20:00+08:00,8.333333333333334,-3.125,90.0,2.78125,49.4,49.4,43.2,43.2,50.0,60.0,85.0,38.4016351058158,13.731004850929159,13.420659574450118,11.249970680436524,72.35005515754214,1.015482608934788,49.4,49.2,49.2,42.22931803202811,40.99098703214988,39.05605172127678,40.86691844662347,0.319639175,0.37399929708177354,28.25755946683216,28.501621149520343,19.60997198577689,28.014244776568,23.353784692956086,23.580531087321624,23.41163650597096,23.199099730310323,18.977643020217954,23.22179390663449,23.05876544568778,22.85120052578129,1.0,0.0,0.75,0.25,0.0,19.60997198577689,23.22179390663449,28.014244776568,12.963362982713898,21.161404059504743,32.977863724139446,1.244862749621785e-16,3.1127149899824827e-16,0.0,1.8323214823101017e-15,3.367150641603849e-14,converged
2025-01-15T16:25:00+08:00,8.416666666666666,-3.166666666666667,86.66666666666664,2.791666666666667,49.4,49.4,43.2,43.2,50.0,60.0,85.0,38.4016351058158,13.731004850929159,13.420659574450118,11.249970680436524,72.35005515754214,1.015482608934788,49.4,49.35354383761981,49.2,42.23001309921943,41.096438552451325,39.05647295296964,40.904143730567895,0.32171356666666673,0.37473066414395445,28.25908839364121,28.50366022368027,19.613479705974466,28.015760906428213,23.356062006929278,23.583174330078386,23.413992171079887,23.20110128202032,18.979698441756323,23.22276529925408,23.059494464889248,22.85161515826889,1.0,0.0,0.75,0.25,0.0,19.613479705974466,23.22276529925408,28.015760906428213,12.963362982713898,21.161404059504743,32.977863724139446,1.244862749621785e-16,1.5533199303675525e-16,0.0,7.373428221566522e-16,2.5874120590905384e-14,converged
2025-01-15T16:30:00+08:00,8.5,-3.208333333333333,83.33333333333336,2.802083333333333,49.4,49.4,43.2,43.2,50.0,60.0,85.0,38.4016351058158,13.731004850929159,13.420659574450118,11.249970680436524,72.35005515754214,1.015482608934788,49.4,49.4,49.2,42.23063233943753,41.12884190280809,39.056795959449424,40.915784144754525,0.3237879583333333,0.3749351456563322,28.26038340914194,28.50542350866154,19.616689533650565,28.017095549795417,23.35816331784648,23.585596872304443,23.41616916161678,23.202971929937412,18.981452753876702,23.22343753142189,23.059970070258203,22.85182752770866,1.0,0.0,0.75,0.25,0.0,19.616689533650565,23.22343753142189,28.017095549795417,12.963362982713898,21.161404059504743,32.977863724139446,1.244862749621785e-16,9.314836699809555e-16,0.0,2.9377594360022493e-15,2.6779912259562546e-14,converged
2025-01-15T16:35:00+08:00,8.583333333333334,-3.25,80.0,2.8125,49.6,49.6,43.3,43.3,50.0,60.0,85.0,38.49052777967186,13.762789584380382,13.451725916057642,11.276012279233832,72.68539679479815,1.022550908079916,49.4,49.4,49.28116054237153,42.244729850669394,41.145168098802515,39.12610836858514,40.946836048689846,0.32586234999999997,0.37547854743944203,28.26146500573219,28.50693033650946,19.619616665226808,28.018266319432964,23.36002045191199,23.58773411513654,23.41810606385121,23.204653153084905,18.983089416929797,23.223976362518687,23.06034972186859,22.851987603983417,1.0,0.0,0.75,0.25,0.0,19.619616665226808,23.223976362518687,28.018266319432964,12.933424500074837,21.112532456595957,32.90170237604674,1.2391194458630428e-16,6.20090402611939e-16,0.0,1.597705559857429e-15,5.895642618177429e-14,converged
2025-01-15T16:40:00+08:00,8.666666666666666,-3.291666666666667,76.66666666666664,2.822916666666667,49.6,49.6,43.3,43.3,50.0,60.0,85.0,38.49052777967186,13.762789584380382,13.451725916057642,11.276012279233832,72.68539679479815,1.022550908079916,49.4,49.4,49.4,42.245202649027256,41.14572858159897,39.200685931302104,40.96904889033024,0.3279367416666667,0.3760406193634527,28.26231419082316,28.508163065726706,19.622248557702655,28.019256595053974,23.36161355801988,23.58956758230824,23.419785034819924,23.206127632410713,18.98465894982309,23.224422760129492,23.06067207805541,22.85213189535592,1.0,0.0,0.75,0.25,0.0,19.622248557702655,23.224422760129492,28.019256595053974,12.933424500074837,21.112532456595957,32.90170237604674,1.2391194458630428e-16,1.0835362070299586e-15,0.0,5.934757302688054e-15,3.313870116304686e-14,converged
2025-01-15T16:45:00+08:00,8.75,-3.333333333333333,73.33333333333336,2.833333333333333,49.6,49.6,43.3,43.3,50.0,60.0,85.0,38.49052777967186,13.762789584380382,13.451725916057642,11.276012279233832,72.68539679479815,1.022550908079916,49.48266301999702,49.4,49.4,42.30290774048662,41.146207791244116,39.200852679598626,40.98989842216671,0.3300111333333333,0.376429003991175,28.263085505296953,28.50926824139504,19.624742101393778,28.020198704140093,23.362943718128808,23.59109845326952,23.42120702599568,23.20739609431143,18.985929775038013,23.22457197884375,23.060742478751795,22.852074847143115,1.0,0.0,0.75,0.25,0.0,19.624742101393778,23.22457197884375,28.020198704140093,12.933424500074837,21.112532456595957,32.90170237604674,1.2391194458630428e-16,3.092623591503699e-16,0.0,3.052717576856602e-15,4.65219986820842e-14,converged
2025-01-15T16:50:00+08:00,8.833333333333334,-3.375,70.0,2.84375,49.6,49.6,43.3,43.3,50.0,60.0,85.0,38.49052777967186,13.762789584380382,13.451725916057642,11.276012279233832,72.68539679479815,1.022550908079916,49.6,49.4,49.4,42.38465332469896,41.146606037811836,39.20092238230004,41.01928722020126,0.33208552500000005,0.3769895030143585,28.26384334078599,28.51030704457795,19.627162666742258,28.021147804414635,23.36401200976368,23.592327902890982,23.42237298534139,23.208459262631457,18.986903369980592,23.224425140776468,23.060561827831734,22.851817147301652,1.0,0.0,0.75,0.25,0.0,19.627162666742258,23.224425140776468,28.021147804414635,12.933424500074837,21.112532456595957,32.90170237604674,1.2391194458630428e-16,4.632038328498269e-16,0.0,1.06937772507331e-15,3.137301318946182e-14,converged
2025-01-15T16:55:00+08:00,8.916666666666666,-3.416666666666667,66.66666666666664,2.854166666666667,49.6,49.6,43.3,43.3,50.0,60.0,85.0,38.49052777967186,13.762789584380382,13.451725916057642,11.276012279233832,72.68539679479815,1.022550908079916,49.6,49.55549870173616,49.4,42.3850108470385,41.25311580973885,39.20089542192853,41.056630349576416,0.33415991666666667,0.37774777872325827,28.264369851234814,28.511073237170653,19.629290309473582,28.021917048424605,23.365120637665825,23.59354240803746,23.423554919036558,23.20957603033839,18.98758120474961,23.223983363805683,23.060131025926623,22.851359481437505,1.0,0.0,0.75,0.25,0.0,19.629290309473582,23.223983363805683,28.021917048424605,12.933424500074837,21.112532456595957,32.90170237604674,1.2391194458630428e-16,3.0818267739496576e-16,0.0,8.95043318915906e-17,6.491925703932256e-14,converged
2025-01-15T17:00:00+08:00,9.0,-3.458333333333333,63.33333333333336,2.864583333333333,49.6,49.6,43.3,43.3,50.0,60.0,85.0,38.49052777967186,13.762789584380382,13.451725916057642,11.276012279233832,72.68539679479815,1.022550908079916,49.6,49.6,49.4,42.38529390010106,41.28384453810485,39.20077217946464,41.067434575237186,0.3362343083333333,0.3779595577281963,28.264665812910827,28.511567685912922,19.63112636909737,28.022506953623942,23.366054307285037,23.594538211762725,23.424559136830858,23.210561792207276,18.987964742172753,23.22324776158844,23.059450970436902,22.850702532814,1.0,0.0,0.75,0.25,0.0,19.63112636909737,23.22324776158844,28.022506953623942,12.933424500074837,21.112532456595957,32.90170237604674,1.2391194458630428e-16,7.700249897546782e-16,0.0,2.0169949210834673e-15,3.3994435627586307e-14,converged
2025-01-15T17:05:00+08:00,9.083333333333334,-3.5,60.0,2.875,49.8,49.8,43.4,43.4,50.0,60.0,85.0,38.57942045352791,13.794574317831607,13.482792257665164,11.302053878031138,73.02151378844096,1.029651930773885,49.6,49.6,49.484199342965134,42.39911665010771,41.29986103493688,39.27166850396887,41.09874401733939,0.3383087,0.3785354753602571,28.264751812168214,28.511809809064662,19.63268604032697,28.02293521502257,23.366748652716204,23.59525431960452,23.42532765330221,23.211361296306627,18.988243466166757,23.222389495706107,23.05868425772253,22.85000116706006,1.0,0.0,0.75,0.25,0.0,19.63268604032697,23.222389495706107,28.02293521502257,12.903623982793558,21.06388606844712,32.825892001908386,1.2334157966054493e-16,4.613120674468126e-16,0.0,2.2445508022757844e-15,3.1127656417142214e-14,converged
2025-01-15T17:10:00+08:00,9.166666666666666,-3.541666666666667,56.66666666666664,2.885416666666667,49.8,49.8,43.4,43.4,50.0,60.0,85.0,38.57942045352791,13.794574317831607,13.482792257665164,11.302053878031138,73.02151378844096,1.029651930773885,49.6,49.6,49.6,42.39925660697302,41.30005700602862,39.34398263599949,41.12004737258915,0.3403830916666667,0.37909970608527593,28.264608740921783,28.511781854501447,19.63395672507877,28.023185118361805,23.367183734724467,23.59567216910599,23.425842548060775,23.211957154036536,18.988455925984805,23.22143893009667,23.05785947717155,22.849282307162394,1.0,0.0,0.75,0.25,0.0,19.63395672507877,23.22143893009667,28.023185118361805,12.903623982793558,21.06388606844712,32.825892001908386,1.2334157966054493e-16,3.070836509716206e-16,0.0,2.5735057149153937e-15,3.205346354333545e-14,converged
2025-01-15T17:15:00+08:00,9.25,-3.583333333333333,53.33333333333336,2.895833333333333,49.8,49.8,43.4,43.4,50.0,60.0,85.0,38.57942045352791,13.794574317831607,13.482792257665164,11.302053878031138,73.02151378844096,1.029651930773885,49.683855040688265,49.6,49.6,42.45750479862239,41.300173245275296,39.34370955407573,41.14083539486005,0.34245748333333326,0.3795107919352405,28.264393422678957,28.51163252782441,19.635097564804376,28.023390951473825,23.367360615950243,23.595792918520274,23.42610475686368,23.212350081049657,18.988376390147504,23.22019646139288,23.056786857248774,22.848365057668357,1.0,0.0,0.75,0.25,0.0,19.635097564804376,23.22019646139288,28.023390951473825,12.903623982793558,21.06388606844712,32.825892001908386,1.2334157966054493e-16,0.0,0.0,3.1787908412152816e-15,6.182280596296819e-14,converged
2025-01-15T17:20:00+08:00,9.333333333333334,-3.625,50.0,2.90625,49.8,49.8,43.4,43.4,50.0,60.0,85.0,38.57942045352791,13.794574317831607,13.482792257665164,11.302053878031138,73.02151378844096,1.029651930773885,49.8,49.6,49.6,42.5381608306933,41.30021005690956,39.343341336027116,41.169580003227416,0.344531875,0.38008232972252276,28.26416582857285,28.5114188202301,19.63616942434849,28.023604086729488,23.36728035467852,23.595617721602583,23.426115212015517,23.212540790483708,18.98800630308595,23.218663192060365,23.055467287280884,22.847250096621778,1.0,0.0,0.75,0.25,0.0,19.63616942434849,23.218663192060365,28.023604086729488,12.903623982793558,21.06388606844712,32.825892001908386,1.2334157966054493e-16,4.594346253031149e-16,0.0,5.190695292903503e-15,3.3490247227700974e-14,converged
2025-01-15T17:25:00+08:00,9.416666666666666,-3.666666666666667,46.66666666666664,2.916666666666667,49.8,49.8,43.4,43.4,50.0,60.0,85.0,38.57942045352791,13.794574317831607,13.482792257665164,11.302053878031138,73.02151378844096,1.029651930773885,49.8,49.75744455726211,49.6,42.53818935819473,41.40778373564926,39.34287835676814,41.20704957778442,0.3466062666666667,0.3808671053447889,28.263710216592404,28.510936484592303,19.636954528360278,28.023639483023633,23.367249024165993,23.595436717863723,23.426149404118945,23.212791498448432,18.98734710208599,23.216840220400933,23.053901653403376,22.845938099749105,1.0,0.0,0.75,0.25,0.0,19.636954528360278,23.216840220400933,28.023639483023633,12.903623982793558,21.06388606844712,32.825892001908386,1.2334157966054493e-16,6.113172820296313e-16,0.0,2.1734043248898886e-15,3.8457153681179337e-14,converged
2025-01-15T17:30:00+08:00,9.5,-3.708333333333333,43.33333333333336,2.927083333333333,49.8,49.8,43.4,43.4,50.0,60.0,85.0,38.57942045352791,13.794574317831607,13.482792257665164,11.302053878031138,73.02151378844096,1.029651930773885,49.8,49.8,49.6,42.53814474227645,41.436851297714135,39.34232098970276,41.217028915110596,0.34868065833333334,0.38108584893062564,28.26302735211841,28.510186375224624,19.637454188280138,28.02349765185994,23.36704367858139,23.595038898493016,23.426006757664634,23.212911046200134,18.986400217323574,23.21472864056831,23.052090838572006,22.844429740467337,1.0,0.0,0.75,0.25,0.0,19.637454188280138,23.21472864056831,28.02349765185994,12.903623982793558,21.06388606844712,32.825892001908386,1.2334157966054493e-16,0.0,0.0,1.0903359560776355e-15,3.0097080860787477e-14,converged
2025-01-15T17:35:00+08:00,9.583333333333334,-3.75,40.0,2.9375,50.0,50.0,43.5,43.5,50.0,60.0,85.0,38.66831312738397,13.826359051282832,13.513858599272687,11.328095476828446,73.35840613847044,1.0367857525907096,49.8,49.8,49.687224172061775,42.55170439635507,41.452571364050854,39.41481255939701,41.24860802274549,0.35075505,0.38169389774019574,28.26213792016883,28.50918800250021,19.637683601255056,28.023196373272196,23.366603750745515,23.59436686595483,23.42563270725893,23.212847441714597,18.985361139356822,23.21250500447333,23.050202562754002,22.842884766577413,1.0,0.0,0.75,0.25,0.0,19.637683601255056,23.212847441714597,28.023196373272196,12.873960479384838,21.01546334185299,32.75043018121434,1.227751437629362e-16,6.099930992670689e-16,0.0,2.430663114529959e-15,4.1424270617306507e-14,converged
2025-01-15T17:40:00+08:00,9.666666666666666,-3.791666666666667,36.66666666666664,2.947916666666667,50.0,50.0,43.5,43.5,50.0,60.0,85.0,38.66831312738397,13.826359051282832,13.513858599272687,11.328095476828446,73.35840613847044,1.0367857525907096,49.8,49.8,49.8,42.551519949380115,41.452412495257676,39.48487962833274,41.26901308369495,0.3528294416666667,0.3822599731348937,28.26102269284351,28.50792349818239,19.637630111480792,28.02271883643078,23.365909208971964,23.593401966381386,23.425009251086934,23.21258322410151,18.98425648946215,23.21018910354456,23.04825537715592,22.841320546404518,1.0,0.0,0.75,0.25,0.0,19.637630111480792,23.21258322410151,28.02271883643078,12.873960479384838,21.01546334185299,32.75043018121434,1.227751437629362e-16,1.5227244546717638e-16,0.0,5.412030842876149e-15,4.136420860631287e-14,converged
2025-01-15T17:45:00+08:00,9.75,-3.833333333333333,33.33333333333336,2.958333333333333,50.0,50.0,43.5,43.5,50.0,60.0,85.0,38.66831312738397,13.826359051282832,13.513858599272687,11.328095476828446,73.35840613847044,1.0367857525907096,49.885041580824605,49.8,49.8,42.6103170321337,41.45217539887299,39.484178673068065,41.2897485370233,0.3549038333333333,0.3826933722639199,28.259840768151758,28.506543720724576,19.63745510287704,28.02220128247624,23.36496109704616,23.592145337309255,23.4241373095287,23.212119098490504,18.982866360281754,23.207586458430793,23.04606438155792,22.839560827251898,1.0,0.0,0.75,0.25,0.0,19.63745510287704,23.212119098490504,28.02220128247624,12.873960479384838,21.01546334185299,32.75043018121434,1.227751437629362e-16,7.60499986831823e-16,0.0,1.563624445038161e-15,7.339756635440186e-14,converged
2025-01-15T17:50:00+08:00,9.833333333333334,-3.875,30.0,2.96875,50.0,50.0,43.5,43.5,50.0,60.0,85.0,38.66831312738397,13.826359051282832,13.513858599272687,11.328095476828446,73.35840613847044,1.0367857525907096,50.0,49.8,49.8,42.68989407586292,41.45186037342792,39.48338444317881,41.31785957600043,0.356978225,0.38327560565073676,28.25864771291484,28.505101486814176,19.637214953968908,28.02169131220721,23.36376045447454,23.590598111856647,23.423017799567805,23.21145576753276,18.981192164228673,23.20469815237902,23.043630451042624,22.83760627744793,1.0,0.0,0.75,0.25,0.0,19.637214953968908,23.21145576753276,28.02169131220721,12.873960479384838,21.01546334185299,32.75043018121434,1.227751437629362e-16,6.074757699712268e-16,0.0,9.21106910210582e-16,3.246725295822495e-14,converged
2025-01-15T17:55:00+08:00,9.916666666666666,-3.916666666666667,26.666666666666643,2.979166666666667,50.0,50.0,43.5,43.5,50.0,60.0,85.0,38.66831312738397,13.826359051282832,13.513858599272687,11.328095476828446,73.35840613847044,1.0367857525907096,50.0,49.95938146632588,49.8,42.68960195268515,41.56050338712277,39.48249730616593,41.3554639511216,0.3590526166666667,0.3840864807452676,28.257229881745786,28.50339453330361,19.63669405000965,28.02100568443032,23.362617208610143,23.589054078566814,23.421929683185084,23.2108587579596,18.979235306728018,23.201525264544,23.040954457551813,22.835457563036258,1.0,0.0,0.75,0.25,0.0,19.63669405000965,23.2108587579596,28.02100568443032,12.873960479384838,21.01546334185299,32.75043018121434,1.227751437629362e-16,1.2123865604542675e-15,0.0,2.4548387599886874e-15,5.60998393079681e-14,converged
2025-01-15T18:00:00+08:00,10.0,-3.958333333333333,23.333333333333357,2.989583333333333,50.0,50.0,43.5,43.5,50.0,60.0,85.0,38.66831312738397,13.826359051282832,13.513858599272687,11.328095476828446,73.35840613847044,1.0367857525907096,50.0,50.0,49.8,42.689237980879874,41.58792298507941,39.48151762805012,41.36462944733476,0.3611270083333333,0.38431186384348853,28.25558802935083,28.50142370230815,19.63589367512623,28.020144904798276,23.361300791968304,23.587295004860593,23.420665526175632,23.210130382696832,18.97699718625154,23.198068870003716,23.038037269897693,22.833115347783604,1.0,0.0,0.75,0.25,0.0,19.63589367512623,23.210130382696832,28.020144904798276,12.873960479384838,21.01546334185299,32.75043018121434,1.227751437629362e-16,7.572972160075255e-16,0.0,3.618589671895134e-15,3.2255775391892614e-14,converged
2025-01-15T18:05:00+08:00,10.083333333333334,-4.0,20.0,3.0,50.2,50.2,43.6,43.6,50.0,60.0,85.0,38.75720580124002,13.858143784734056,13.544924940880211,11.35413707562575,73.69607384488664,1.0439524491044057,50.0,50.0,49.89023512579558,42.70254588214994,41.60335951568254,39.555615318242715,41.39648996884415,0.3632014,0.3849516660183556,28.253742943949756,28.49920860201457,19.63482903287589,28.01912684105011,23.359754426808742,23.58526708250428,23.419174174797533,23.209221900442632,18.974679282933277,23.194510898963525,23.035051718873973,22.830744248044454,1.0,0.0,0.75,0.25,0.0,19.63482903287589,23.209221900442632,28.01912684105011,12.844433047092672,20.967262737857915,32.6753145156611,1.222126008887173e-16,7.560385634321673e-16,0.0,2.139294020122755e-15,5.171586253645058e-14,converged
2025-01-15T18:10:00+08:00,10.166666666666666,-4.041666666666667,19.58333333333333,3.004166666666667,50.2,50.2,43.6,43.6,50.0,60.0,85.0,38.75720580124002,13.858143784734056,13.544924940880211,11.35413707562575,73.69607384488664,1.0439524491044057,50.0,50.0,50.0,42.70206747421981,41.60287816970872,39.62347853912269,41.416031590992546,0.3640590166666667,0.3855182057355029,28.25182086197598,28.49691516006923,19.633635816748978,28.018042760569468,23.358103519004796,23.58313541368191,23.417586017281618,23.20822391817797,18.972441803930266,23.191044463802704,23.032154831099163,22.82846025605733,1.0,0.0,0.75,0.25,0.0,19.633635816748978,23.20822391817797,28.018042760569468,12.844433047092672,20.967262737857915,32.6753145156611,1.222126008887173e-16,0.0,0.0,1.5215862057380933e-16,3.664443212655105e-14,converged
2025-01-15T18:15:00+08:00,10.25,-4.083333333333333,19.16666666666667,3.0083333333333333,50.2,50.2,43.6,43.6,50.0,60.0,85.0,38.75720580124002,13.858143784734056,13.544924940880211,11.35413707562575,73.69607384488664,1.0439524491044057,50.08622267811629,50.0,50.0,42.7614855673018,41.60236580669278,39.62244271150998,41.436794791368165,0.3649166333333333,0.3859703218685102,28.24998265889744,28.494695794918265,19.632476965634886,28.017030539311985,23.35634849720975,23.58090040143688,23.41590141093959,23.207136750544603,18.970069924357173,23.187479496491232,23.029166027473117,22.826091375687316,1.0,0.0,0.75,0.25,0.0,19.632476965634886,23.207136750544603,28.017030539311985,12.844433047092672,20.967262737857915,32.6753145156611,1.222126008887173e-16,1.0556605088747741e-15,0.0,2.0405212126823425e-15,4.689942491041097e-14,converged
2025-01-15T18:20:00+08:00,10.333333333333334,-4.125,18.75,3.0125,50.2,50.2,43.6,43.6,50.0,60.0,85.0,38.75720580124002,13.858143784734056,13.544924940880211,11.35413707562575,73.69607384488664,1.0439524491044057,50.2,50.0,50.0,42.84010465305723,41.601822544797265,39.62136939892097,41.46440177676983,0.36577425,0.3865575646410115,28.24827902600429,28.492598580645257,19.631403715119365,28.016133709619652,23.354489788319295,23.57856244724682,23.41412071176431,23.20596071107813,18.9675643092645,23.18381636934958,23.026085637980717,22.823637897202815,1.0,0.0,0.75,0.25,0.0,19.631403715119365,23.20596071107813,28.016133709619652,12.844433047092672,20.967262737857915,32.6753145156611,1.222126008887173e-16,3.0115908334389334e-16,0.0,4.798672224248285e-16,3.334456735291977e-14,converged
2025-01-15T18:25:00+08:00,10.416666666666666,-4.166666666666667,18.33333333333333,3.0166666666666666,50.2,50.2,43.6,43.6,50.0,60.0,85.0,38.75720580124002,13.858143784734056,13.544924940880211,11.35413707562575,73.69607384488664,1.0439524491044057,50.2,50.16130949048568,50.0,42.83965469834539,41.7116997336802,39.62025875081888,41.502315559713395,0.3666318666666667,0.3873866695769643,28.246497921468286,28.490422649603502,19.630201930103986,28.015170514111407,23.352840567591105,23.57641826643553,23.412525796153684,23.204964247165496,18.964925620411904,23.180055453291335,23.022913991422183,22.821100109879684,1.0,0.0,0.75,0.25,0.0,19.630201930103986,23.204964247165496,28.015170514111407,12.844433047092672,20.967262737857915,32.6753145156611,1.222126008887173e-16,1.5025726356828848e-16,0.0,8.963971654545674e-17,3.470049907639364e-14,converged
2025-01-15T18:30:00+08:00,10.5,-4.208333333333333,17.91666666666667,3.0208333333333335,50.2,50.2,43.6,43.6,50.0,60.0,85.0,38.75720580124002,13.858143784734056,13.544924940880211,11.35413707562575,73.69607384488664,1.0439524491044057,50.2,50.2,50.0,42.83917800393074,41.737689175443535,39.61911091605646,41.51089167499559,0.36748948333333326,0.38760877902621793,28.244639605478984,28.488168252272207,19.628872198543014,28.01414114388213,23.351162085920006,23.57424172463073,23.410901855638862,23.20394279225929,18.96215451628447,23.176197117828533,23.019651415417307,22.81847830200462,1.0,0.0,0.75,0.25,0.0,19.628872198543014,23.20394279225929,28.01414114388213,12.844433047092672,20.967262737857915,32.6753145156611,1.222126008887173e-16,1.3515404618474136e-15,0.0,5.488568541185645e-16,3.923544560450864e-14,converged
2025-01-15T18:35:00+08:00,10.583333333333334,-4.25,17.5,3.025,50.4,50.4,43.7,43.7,50.0,60.0,85.0,38.846098475096085,13.889928518185284,13.575991282487736,11.38017867442306,74.0345169076896,1.0511520958889902,50.2,50.2,50.093232299420755,42.85248591286689,41.75310305691992,39.69511941075623,41.54330406450923,0.3683471,0.38826824010881805,28.242724489013316,28.485854519476565,19.62742906647707,28.013063247522837,23.34940075654692,23.571981889463853,23.409200597799014,23.202850470379605,18.959457741737484,23.172427971924748,23.016475310931035,22.81594157844101,1.0,0.0,0.75,0.25,0.0,19.62742906647707,23.202850470379605,28.013063247522837,12.815040751790397,20.91928273159279,32.60054262889757,1.216539154446093e-16,8.994966093104164e-16,1.1799690881781582e-16,1.2318858572034823e-16,4.942962985163686e-14,converged
2025-01-15T18:40:00+08:00,10.666666666666666,-4.291666666666667,17.08333333333333,3.029166666666667,50.4,50.4,43.7,43.7,50.0,60.0,85.0,38.846098475096085,13.889928518185284,13.575991282487736,11.38017867442306,74.0345169076896,1.0511520958889902,50.2,50.2,50.2,42.85196237695299,41.75255679451314,39.761088697669585,41.562252025074095,0.36920471666666665,0.3888232781634074,28.240732612968188,28.48346276092678,19.6258590925453,28.011919507588225,23.34753576736974,23.569619210511508,23.40740330982726,23.201669295554723,18.956837486012194,23.168746075827208,23.013383723033172,22.81348792735209,1.0,0.0,0.75,0.25,0.0,19.6258590925453,23.201669295554723,28.011919507588225,12.815040751790397,20.91928273159279,32.60054262889757,1.216539154446093e-16,7.485104954159274e-16,1.1799690881781582e-16,1.4905770403788291e-15,3.4933945881128045e-14,converged
2025-01-15T18:45:00+08:00,10.75,-4.333333333333333,16.66666666666667,3.033333333333333,50.4,50.4,43.7,43.7,50.0,60.0,85.0,38.846098475096085,13.889928518185284,13.575991282487736,11.38017867442306,74.0345169076896,1.0511520958889902,50.28739836992838,50.2,50.2,42.91220236533599,41.75197982465938,39.75996798248379,41.583261657646005,0.3700623333333333,0.38928426159732915,28.23882712083059,28.481147543632506,19.624327459239613,28.01084974462793,23.345567543503368,23.567154087386907,23.405510346239037,23.200399580211513,18.954084725829098,23.164966465171002,23.010200921017613,22.810949970094967,1.0,0.0,0.75,0.25,0.0,19.624327459239613,23.200399580211513,28.01084974462793,12.815040751790397,20.91928273159279,32.60054262889757,1.216539154446093e-16,5.9809929817996795e-16,1.1799690881781582e-16,1.1916366056269037e-16,6.818802465536208e-14,converged
2025-01-15T18:50:00+08:00,10.833333333333334,-4.375,16.25,3.0375,50.4,50.4,43.7,43.7,50.0,60.0,85.0,38.846098475096085,13.889928518185284,13.575991282487736,11.38017867442306,74.0345169076896,1.0511520958889902,50.4,50.2,50.2,42.990023953166684,41.75137226436091,39.758810204549704,41.61053627158821,0.37091995,0.3898688894263304,28.237054341299377,28.478952808529026,19.62288097225267,28.009893751996604,23.343496508319273,23.564586918150503,23.40352206024102,23.199041635678284,18.95120011695605,23.161089509277012,23.006927232429646,22.80832799501736,1.0,0.0,0.75,0.25,0.0,19.62288097225267,23.199041635678284,28.009893751996604,12.815040751790397,20.91928273159279,32.60054262889757,1.216539154446093e-16,4.479018138568324e-16,1.1799690881781582e-16,1.9562106825491758e-15,3.0289184522080344e-14,converged
2025-01-15T18:55:00+08:00,10.916666666666666,-4.416666666666667,15.83333333333333,3.0416666666666665,50.4,50.4,43.7,43.7,50.0,60.0,85.0,38.846098475096085,13.889928518185284,13.575991282487736,11.38017867442306,74.0345169076896,1.0511520958889902,50.4,50.363228690736285,50.2,42.98952942102934,41.86259692010142,39.75761551160727,41.64888040858055,0.3717775666666667,0.3907107161357264,28.23520432401778,28.476679668913732,19.621307658747813,28.008871564682476,23.341639676858556,23.562218056370153,23.401723785562375,23.19786720294936,18.94818431191549,23.157115576070247,23.003562983638354,22.80562228948077,1.0,0.0,0.75,0.25,0.0,19.621307658747813,23.19786720294936,28.008871564682476,12.815040751790397,20.91928273159279,32.60054262889757,1.216539154446093e-16,5.959156840043982e-16,1.1799690881781582e-16,2.0352002256885296e-15,4.231303219583098e-14,converged
2025-01-15T19:00:00+08:00,11.0,-4.458333333333333,15.41666666666667,3.0458333333333334,50.4,50.4,43.7,43.7,50.0,60.0,85.0,38.846098475096085,13.889928518185284,13.575991282487736,11.38017867442306,74.0345169076896,1.0511520958889902,50.4,50.4,50.2,42.98900838388139,41.88723088808793,39.75638405079324,41.65694245687104,0.3726351833333333,0.39092628314388705,28.23327732846059,28.474328374340296,19.619608098924285,28.007783373339674,23.33975075134015,23.559814215768366,23.39989391949628,23.19666524488637,18.94503796000052,23.153045032085107,23.00010849984085,22.802833139863843,1.0,0.0,0.75,0.25,0.0,19.619608098924285,23.19666524488637,28.007783373339674,12.815040751790397,20.91928273159279,32.60054262889757,1.216539154446093e-16,1.4889677011571794e-16,1.1799690881781582e-16,3.9817169607133804e-15,3.9452913618988296e-14,converged
2025-01-15T19:05:00+08:00,11.083333333333334,-4.5,15.0,3.05,50.6,50.6,43.8,43.8,50.0,60.0,85.0,38.93499114895212,13.921713251636504,13.607057624095257,11.406220273220363,74.37373532687923,1.058384768518476,50.4,50.4,50.29621578732162,43.002339905678355,41.902647092995736,39.834328594751625,41.689931277768984,0.3734928,0.3916042029846216,28.231293879829646,28.4719181665901,19.61779686716583,28.006646920032047,23.337779923659983,23.557328046456053,23.397987570428707,23.19539312163565,18.94197377593758,23.14906984630235,22.996746271199818,22.800134494787574,1.0,0.0,0.6666666666666666,0.25,0.0,19.61779686716583,23.19539312163565,28.006646920032047,12.785782667882204,20.871521812114274,32.52611216627453,6.054952612159255e-17,5.945560386720695e-16,1.4044310622618634e-16,3.696806927391925e-15,4.5455588673849077e-14,converged
2025-01-15T19:10:00+08:00,11.166666666666666,-4.541666666666667,14.58333333333333,3.0541666666666667,50.6,50.6,43.8,43.8,50.0,60.0,85.0,38.93499114895212,13.921713251636504,13.607057624095257,11.406220273220363,74.37373532687923,1.058384768518476,50.4,50.4,50.4,43.001772594657844,41.902037713236744,39.89841079373204,41.70828869481786,0.3743504166666667,0.39214772100104195,28.229233903024713,28.469430242277245,19.61586047835663,28.005444792721544,23.33570629692734,23.55473991469602,23.395985949746905,23.19403277854722,18.938982171415674,23.145177623327722,22.99346441409433,22.79751489087536,1.0,0.0,0.6666666666666666,0.25,0.0,19.61586047835663,23.19403277854722,28.005444792721544,12.785782667882204,20.871521812114274,32.52611216627453,6.054952612159255e-17,1.4843299551730087e-16,1.4044310622618634e-16,3.976491021759172e-15,2.4908204392856675e-14,converged
2025-01-15T19:15:00+08:00,11.25,-4.583333333333333,14.16666666666667,3.0583333333333336,50.6,50.6,43.8,43.8,50.0,60.0,85.0,38.93499114895212,13.921713251636504,13.607057624095257,11.406220273220363,74.37373532687923,1.058384768518476,50.48856869328471,50.4,50.4,43.062833240764576,41.90139792861397,39.897207690730184,41.7295456756866,0.3752080333333333,0.39261747963487337,28.22726280136462,28.467021309223643,19.61396634954444,28.004318749532594,23.333530292807627,23.55205021675258,23.39388940923325,23.192584525881053,18.93585990254998,23.141188484359294,22.990092029018616,22.794811550604,1.0,0.0,0.6666666666666666,0.25,0.0,19.61396634954444,23.192584525881053,28.004318749532594,12.785782667882204,20.871521812114274,32.52611216627453,6.054952612159255e-17,0.0,1.4044310622618634e-16,7.476628550596744e-16,4.548525038459732e-14,converged
2025-01-15T19:20:00+08:00,11.333333333333334,-4.625,13.75,3.0625,50.6,50.6,43.8,43.8,50.0,60.0,85.0,38.93499114895212,13.921713251636504,13.607057624095257,11.406220273220363,74.37373532687923,1.058384768518476,50.6,50.4,50.4,43.139860837356984,41.9007278549957,39.895967936680705,41.75649052511778,0.37606565000000003,0.39319944337528107,28.22542255669659,28.464731190126383,19.612156874917392,28.003304858306798,23.33125233123664,23.549259347350006,23.391698299371203,23.191048672805966,18.932607616099627,23.137102795788458,22.986629441132813,22.792024760441734,1.0,0.0,0.6666666666666666,0.25,0.0,19.612156874917392,23.191048672805966,28.003304858306798,12.785782667882204,20.871521812114274,32.52611216627453,6.054952612159255e-17,2.960719395419505e-16,1.4044310622618634e-16,5.05811183778589e-15,3.2309960333698346e-14,converged
2025-01-15T19:25:00+08:00,11.416666666666666,-4.666666666666667,13.33333333333333,3.066666666666667,50.6,50.6,43.8,43.8,50.0,60.0,85.0,38.93499114895212,13.921713251636504,13.607057624095257,11.406220273220363,74.37373532687923,1.058384768518476,50.6,50.56513912751542,50.4,43.139323064010874,42.01329766739974,39.8946916776444,41.79526541273307,0.37692326666666665,0.39405388530602736,28.223505302640223,28.462362972132514,19.61022223520037,28.002224939978518,23.32919325249916,23.54667128452795,23.389701398128004,23.18970024144562,18.92922595562244,23.132920922621462,22.98307697442914,22.789154805876766,1.0,0.0,0.6666666666666666,0.25,0.0,19.61022223520037,23.18970024144562,28.002224939978518,12.785782667882204,20.871521812114274,32.52611216627453,6.054952612159255e-17,1.18171982226771e-15,1.4044310622618634e-16,4.1714579923875906e-15,4.816935699255831e-14,converged
2025-01-15T19:30:00+08:00,11.5,-4.708333333333333,12.91666666666667,3.0708333333333333,50.6,50.6,43.8,43.8,50.0,60.0,85.0,38.93499114895212,13.921713251636504,13.607057624095257,11.406220273220363,74.37373532687923,1.058384768518476,50.6,50.6,50.4,43.138759014703794,42.03658157342656,39.89337905908586,41.80281648422991,0.3777808833333333,0.3942628763571485,28.221511297973436,28.4599169038905,19.60816300304879,28.001079184770894,23.32709923890546,23.54404561734102,23.387670334409332,23.188321748668493,18.92571556149077,23.12864322848465,22.979434951736092,22.78620197142063,1.0,0.0,0.6666666666666666,0.25,0.0,19.60816300304879,23.188321748668493,28.001079184770894,12.785782667882204,20.871521812114274,32.52611216627453,6.054952612159255e-17,1.3287300926264554e-15,1.4044310622618634e-16,3.4841636345167666e-15,3.2635653389911574e-14,converged
2025-01-15T19:35:00+08:00,11.583333333333334,-4.75,12.5,3.075,50.8,50.8,43.9,43.9,50.0,60.0,85.0,39.02388382280819,13.953497985087731,13.63812396570278,11.432261872017673,74.7137291024556,1.0656505425668825,50.6,50.6,50.49918568302248,43.15211540059847,42.052001977201456,39.97325752895845,41.83638221729276,0.3786385,0.3949591326681008,28.219461181460627,28.457412337636924,19.60599378195422,27.999885427637157,23.32492424719131,23.541338565349243,23.385563604956204,23.18687377880554,18.922295096610874,23.12446702383626,22.97589093472584,22.783345032515285,1.0,0.0,0.6666666666666666,0.25,0.0,19.60599378195422,23.18687377880554,27.999885427637157,12.756657878205933,20.823978482246126,32.45202079459736,6.027398824866414e-17,0.0,0.0,6.641615699728265e-16,3.749619729087739e-14,converged
2025-01-15T19:40:00+08:00,11.666666666666666,-4.791666666666667,12.08333333333333,3.0791666666666666,50.8,50.8,43.9,43.9,50.0,60.0,85.0,39.02388382280819,13.953497985087731,13.63812396570278,11.432261872017673,74.7137291024556,1.0656505425668825,50.6,50.6,50.6,43.15150563076997,42.05133123421962,40.03545940965765,41.85415215772783,0.3794961166666667,0.3954911136209034,28.217334762702553,28.45483035743037,19.603701042692194,27.99862616254971,23.322647295612892,23.53853041138468,23.383362345291918,23.185338208538727,18.918943239695334,23.120369494393476,22.972423146039205,22.78056310758977,1.0,0.0,0.6666666666666666,0.25,0.0,19.603701042692194,23.185338208538727,27.99862616254971,12.756657878205933,20.823978482246126,32.45202079459736,6.027398824866414e-17,0.0,0.0,2.2032812048374055e-15,3.510579924570868e-14,converged
2025-01-15T19:45:00+08:00,11.75,-4.833333333333333,11.66666666666667,3.0833333333333335,50.8,50.8,43.9,43.9,50.0,60.0,85.0,39.02388382280819,13.953497985087731,13.63812396570278,11.432261872017673,74.7137291024556,1.0656505425668825,50.68973368487176,50.6,50.6,43.213385670713706,42.05063038211428,40.03417635156272,41.87565735829808,0.38035373333333333,0.39596955709170994,28.215299696705817,28.452329804194612,19.60145442787074,27.99744507822563,23.320268802472917,23.535621548442236,23.381066904527668,23.183715346008135,18.915462504163933,23.11617582890816,22.968865500265483,22.777698003952608,1.0,0.0,0.6666666666666666,0.25,0.0,19.60145442787074,23.183715346008135,27.99744507822563,12.756657878205933,20.823978482246126,32.45202079459736,6.027398824866414e-17,2.9400068702749295e-16,0.0,4.725932945638253e-15,4.41782482675554e-14,converged
2025-01-15T19:50:00+08:00,11.833333333333334,-4.875,11.25,3.0875,50.8,50.8,43.9,43.9,50.0,60.0,85.0,39.02388382280819,13.953497985087731,13.63812396570278,11.432261872017673,74.7137291024556,1.0656505425668825,50.8,50.6,50.6,43.28962273863623,42.04989953564553,40.03285704387338,41.902274999244,0.38121135,0.3965488090955691,28.213393634122305,28.449946397219662,19.599291938444928,27.996374530396597,23.317789184357956,23.53261236798919,23.378677630485345,23.182005498269945,18.911853528033166,23.111886390910797,22.96521832023301,22.77475000623296,1.0,0.0,0.6666666666666666,0.25,0.0,19.599291938444928,23.182005498269945,27.996374530396597,12.756657878205933,20.823978482246126,32.45202079459736,6.027398824866414e-17,7.339280761708104e-16,0.0,3.019901933941941e-15,4.182047090963356e-14,converged
2025-01-15T19:55:00+08:00,11.916666666666666,-4.916666666666667,10.83333333333333,3.091666666666667,50.8,50.8,43.9,43.9,50.0,60.0,85.0,39.02388382280819,13.953497985087731,13.63812396570278,11.432261872017673,74.7137291024556,1.0656505425668825,50.8,50.767040860710146,50.6,43.289043024173004,42.16381216487052,40.031501631014144,41.94148099130339,0.3820689666666667,0.3974157615063307,28.21141078509203,28.447485190444795,19.59700590004989,27.995238119553548,23.315533092336974,23.52981045884086,23.376486732349708,23.180486956168508,18.908116946161012,23.107501542557216,22.9614819276103,22.77171939808602,1.0,0.0,0.6666666666666666,0.25,0.0,19.59700590004989,23.180486956168508,27.995238119553548,12.756657878205933,20.823978482246126,32.45202079459736,6.027398824866414e-17,1.4646540613498083e-16,0.0,4.665691999054247e-16,3.152186425545758e-14,converged
2025-01-15T20:00:00+08:00,12.0,-4.958333333333333,10.41666666666667,3.095833333333333,50.8,50.8,43.9,43.9,50.0,60.0,85.0,39.02388382280819,13.953497985087731,13.63812396570278,11.432261872017673,74.7137291024556,1.0656505425668825,50.8,50.8,50.6,43.2884372573061,42.18575136414235,40.030110256820215,41.9485241241633,0.3829265833333333,0.39761814448285404,28.20935140771356,28.444946431633245,19.594596878002775,27.994036035498233,23.313239217415614,23.52696831246697,23.37425909634335,23.17893581503832,18.904253390262575,23.10302164463378,22.957656642910212,22.768606462196338,1.0,0.0,0.6666666666666666,0.25,0.0,19.594596878002775,23.17893581503832,27.994036035498233,12.756657878205933,20.823978482246126,32.45202079459736,6.027398824866414e-17,1.4639085695943993e-16,0.0,1.3780991861851523e-15,3.490777208500243e-14,converged
2025-01-15T20:05:00+08:00,12.083333333333334,-5.0,10.0,3.1,51.0,51.0,44.0,44.0,50.0,60.0,85.0,39.11277649666424,13.985282718538956,13.669190307310304,11.458303470814979,75.05449823441869,1.0729494936082233,50.8,50.8,50.70214207919743,43.30181970847196,42.20117777858705,40.11192044787625,41.98266718618972,0.3837842,0.39833261665952496,28.207236253647476,28.442349582968077,19.5920795056271,27.992786205488578,23.310865267402733,23.52404570489102,23.37195659515729,23.17731587150201,18.900487449794213,23.098649330601614,22.953935081692585,22.765594783958186,1.0,0.0,0.6666666666666666,0.25,0.0,19.5920795056271,23.17731587150201,27.992786205488578,12.727665473937282,20.77665125842284,32.37826620188236,1.800009807221715e-16,2.9225656388173925e-16,0.0,5.696906230632418e-16,5.496736027444099e-14,converged
2025-01-15T20:10:00+08:00,12.166666666666666,-5.041666666666667,9.58333333333333,3.104166666666667,51.0,51.0,44.0,44.0,50.0,60.0,85.0,39.11277649666424,13.985282718538956,13.669190307310304,11.458303470814979,75.05449823441869,1.0729494936082233,50.8,50.8,50.8,43.301168760542005,42.200447382659014,40.172248705308036,41.99985266699548,0.3846418166666667,0.39885304483795936,28.20504501789705,28.43967561650002,19.589440209265824,27.991471030111587,23.308390175663476,23.52102283542395,23.36956028841443,23.175608933600582,18.896786114863534,23.094351403880644,22.950285607655108,22.762654096797757,1.0,0.0,0.6666666666666666,0.25,0.0,19.589440209265824,23.175608933600582,27.991471030111587,12.727665473937282,20.77665125842284,32.37826620188236,1.800009807221715e-16,1.45937612027295e-16,0.0,1.3154659089387103e-15,2.6594289523905314e-14,converged
2025-01-15T20:15:00+08:00,12.25,-5.083333333333333,9.16666666666667,3.1083333333333334,51.0,51.0,44.0,44.0,50.0,60.0,85.0,39.11277649666424,13.985282718538956,13.669190307310304,11.458303470814979,75.05449823441869,1.0729494936082233,50.89089338104252,50.8,50.8,43.363866905071234,42.199687166669925,40.17088805960204,42.021606915221675,0.3854994333333333,0.39934008448283737,28.202947599055456,28.437085498584803,19.586850848142426,27.990236121731666,23.305814357222605,23.517900093868967,23.367070522615347,23.173815307400293,18.892957634225176,23.089958102859672,22.946546932464724,22.7596307766511,1.0,0.0,0.6666666666666666,0.25,0.0,19.586850848142426,23.173815307400293,27.990236121731666,12.727665473937282,20.77665125842284,32.37826620188236,1.800009807221715e-16,4.3727887463775777e-16,0.0,2.2551205144266036e-15,4.186630749288279e-14,converged
2025-01-15T20:20:00+08:00,12.333333333333334,-5.125,8.75,3.1125000000000003,51.0,51.0,44.0,44.0,50.0,60.0,85.0,39.11277649666424,13.985282718538956,13.669190307310304,11.458303470814979,75.05449823441869,1.0729494936082233,51.0,50.8,50.8,43.43931686377402,42.19889724429672,40.1694915557797,42.047899854047074,0.38635705,0.39991657856312884,28.200977332152796,28.434610859858143,19.58434504813441,27.989110137302994,23.30313822540188,23.514677868513786,23.364487642980702,23.171935297890595,18.88900263741147,23.085469788275393,22.942719376670233,22.75652510634793,1.0,0.0,0.6666666666666666,0.25,0.0,19.58434504813441,23.171935297890595,27.989110137302994,12.727665473937282,20.77665125842284,32.37826620188236,1.800009807221715e-16,5.821980286249027e-16,0.0,5.021116422012719e-16,3.8783124288792744e-14,converged
2025-01-15T20:25:00+08:00,12.416666666666666,-5.166666666666667,8.33333333333333,3.1166666666666667,51.0,51.0,44.0,44.0,50.0,60.0,85.0,39.11277649666424,13.985282718538956,13.669190307310304,11.458303470814979,75.05449823441869,1.0729494936082233,51.0,50.96893394966309,50.8,43.43869647313423,42.31415032189951,40.16805933667103,42.08753726285416,0.3872146666666667,0.4007959384849519,28.198930496432368,28.432058714030823,19.581717271184452,27.987918450516894,23.300690227674625,23.511667345328807,23.362107276964323,23.1702504522968,18.884921750837766,23.080886819500076,22.93880325966852,22.75333736774991,1.0,0.0,0.6666666666666666,0.25,0.0,19.581717271184452,23.1702504522968,27.987918450516894,12.727665473937282,20.77665125842284,32.37826620188236,1.800009807221715e-16,7.261508329338129e-16,0.0,2.697343745498645e-15,6.058545491907936e-14,converged
2025-01-15T20:30:00+08:00,12.5,-5.208333333333333,7.91666666666667,3.1208333333333336,51.0,51.0,44.0,44.0,50.0,60.0,85.0,39.11277649666424,13.985282718538956,13.669190307310304,11.458303470814979,75.05449823441869,1.0729494936082233,51.0,51.0,50.8,43.43805024830192,42.33475011411214,40.166591544523335,42.09407544444369,0.3880722833333333,0.40099168263244317,28.196807349330577,28.429429308000454,19.578968075471526,27.986661250763174,23.298201592183926,23.5086139451288,23.359687593665193,23.16853046874095,18.880715597817865,23.076209554546733,22.93479889970871,22.750067841753978,1.0,0.0,0.6666666666666666,0.25,0.0,19.578968075471526,23.16853046874095,27.986661250763174,12.727665473937282,20.77665125842284,32.37826620188236,1.800009807221715e-16,2.9031854492015334e-16,0.0,1.645956727485536e-15,3.26611085522333e-14,converged
2025-01-15T20:35:00+08:00,12.583333333333334,-5.25,7.5,3.125,51.2,51.2,44.1,44.1,50.0,60.0,85.0,39.2016691705203,14.017067451990183,13.70025664891783,11.484345069612287,75.39604272276851,1.0802816972165152,51.0,51.0,50.905085067679984,43.451459917366805,42.350184289136,40.250331173386236,42.1287961902039,0.38892990000000005,0.4017242517222066,28.194628754734037,28.42674221338054,19.57611212483608,27.985356557018694,23.295633764093914,23.505480987460295,23.357193829366267,23.166742344293244,18.876614672791714,23.071645931470307,22.93090394868321,22.74690490690615,1.0,0.0,0.6666666666666666,0.25,0.0,19.57611212483608,23.166742344293244,27.985356557018694,12.698804554495245,20.72953867053526,32.30484609711619,5.972852509638885e-17,5.795782620932546e-16,0.0,1.8892965515345324e-15,3.5716351553291936e-14,converged
2025-01-15T20:40:00+08:00,12.666666666666666,-5.291666666666667,7.08333333333333,3.129166666666667,51.2,51.2,44.1,44.1,50.0,60.0,85.0,39.2016691705203,14.017067451990183,13.70025664891783,11.484345069612287,75.39604272276851,1.0802816972165152,51.0,51.0,51.0,43.45076903740927,42.349395907757845,40.30879242962344,42.145400179662,0.38978751666666667,0.4022331126955998,28.192374293753215,28.4239782907683,19.57313580089314,27.983986677089987,23.292965591866274,23.502248588048303,23.354606967774494,23.164867818397095,18.872574321428857,23.06715240782342,22.927076945984666,22.74380894466778,1.0,0.0,0.6666666666666666,0.25,0.0,19.57313580089314,23.164867818397095,27.983986677089987,12.698804554495245,20.72953867053526,32.30484609711619,5.972852509638885e-17,5.788450435955783e-16,0.0,6.898848772593771e-16,4.144079325662361e-14,converged
2025-01-15T20:45:00+08:00,12.75,-5.333333333333333,6.66666666666667,3.1333333333333333,51.2,51.2,44.1,44.1,50.0,60.0,85.0,39.2016691705203,14.017067451990183,13.70025664891783,11.484345069612287,75.39604272276851,1.0802816972165152,51.09204781782019,51.0,51.0,43.514283972825304,42.34857798886428,40.30735650029196,42.1674042612608,0.3906451333333333,0.4027286615144999,28.19021610050921,28.42130062432181,19.570213170587326,27.982699140080015,23.290197487330587,23.49891713358033,23.351927352839102,23.162907195090078,18.868408505968585,23.06256425380669,22.92316138342756,22.740630883481494,1.0,0.0,0.6666666666666666,0.25,0.0,19.570213170587326,23.162907195090078,27.982699140080015,12.698804554495245,20.72953867053526,32.30484609711619,5.972852509638885e-17,5.781327874164397e-16,0.0,5.984701343940507e-16,5.686203897374659e-14,converged
2025-01-15T20:50:00+08:00,12.833333333333334,-5.375,6.25,3.1375,51.2,51.2,44.1,44.1,50.0,60.0,85.0,39.2016691705203,14.017067451990183,13.70025664891783,11.484345069612287,75.39604272276851,1.0802816972165152,51.2,51.0,51.0,43.588950199613464,42.34773064507359,40.305885094612044,42.193374955898285,0.39150275,0.40330235290978056,28.188183209901702,28.418736770697365,19.567373502759068,27.981518917427703,23.287329860626215,23.495487009240218,23.34915532723859,23.160860777339895,18.864117847710137,23.057881827428698,22.91915757933234,22.737371004416413,1.0,0.0,0.6666666666666666,0.25,0.0,19.567373502759068,23.160860777339895,27.981518917427703,12.698804554495245,20.72953867053526,32.30484609711619,5.972852509638885e-17,1.1546208048330144e-15,0.0,2.2140557251051645e-15,3.50860586761725e-14,converged
2025-01-15T20:55:00+08:00,12.916666666666666,-5.416666666666667,5.83333333333333,3.1416666666666666,51.2,51.2,44.1,44.1,50.0,60.0,85.0,39.2016691705203,14.017067451990183,13.70025664891783,11.484345069612287,75.39604272276851,1.0802816972165152,51.2,51.17081845317859,51.0,43.5882903635341,42.464321775031536,40.30437835385974,42.233444053441474,0.3923603666666667,0.40419401910857755,28.18607396289875,28.416095696393068,19.56441338710423,27.980273149701716,23.28469494133015,23.49227298460793,23.346589923818986,23.159013356481505,18.85970296487608,23.05310548534359,22.91506585087529,22.734029587579407,1.0,0.0,0.6666666666666666,0.25,0.0,19.56441338710423,23.159013356481505,27.980273149701716,12.698804554495245,20.72953867053526,32.30484609711619,5.972852509638885e-17,2.8801841769871035e-16,0.0,6.20740990962218e-16,3.4433658374299905e-14,converged
2025-01-15T21:00:00+08:00,13.0,-5.458333333333333,5.41666666666667,3.1458333333333335,51.2,51.2,44.1,44.1,50.0,60.0,85.0,39.2016691705203,14.017067451990183,13.70025664891783,11.484345069612287,75.39604272276851,1.0802816972165152,51.2,51.2,51.0,43.58760490626934,42.48358740544986,40.30283641873496,42.23948022155568,0.39321798333333335,0.4043830950012928,28.18388861629144,28.41337764746014,19.561333374858354,27.978962025889192,23.282016523004245,23.48901343662125,23.34398261997129,23.157128257609443,18.85516447262754,23.048235582856215,22.91088651409263,22.73060691211839,1.0,0.0,0.6666666666666666,0.25,0.0,19.561333374858354,23.157128257609443,27.978962025889192,12.698804554495245,20.72953867053526,32.30484609711619,5.972852509638885e-17,1.439418750016771e-16,0.0,6.330013899045578e-15,2.7860214784121694e-14,converged
2025-01-15T21:05:00+08:00,13.083333333333334,-5.5,5.0,3.1500000000000004,51.4,51.4,44.2,44.2,50.0,60.0,85.0,39.29056184437635,14.048852185441408,13.731322990525353,11.510386668409593,75.73836256750505,1.0876472289657733,51.2,51.2,51.10801473947255,43.60104289878912,42.499031030763184,40.38850312604471,42.27477894569048,0.39407559999999997,0.4051336436724941,28.181648145518757,28.41060230441949,19.55814816102605,27.97760365609924,23.27925977449948,23.485675215454904,23.34130200325959,23.15517566644627,18.850738748886275,23.043485344272227,22.906822239721198,22.72729613299871,1.0,0.0,0.6666666666666666,0.25,0.0,19.55814816102605,23.15517566644627,27.97760365609924,12.670074227448877,20.68263926177839,32.23175821001864,5.945856600638194e-17,1.1494016717213817e-15,1.1402532992205697e-16,6.282696995516046e-15,5.988881280531932e-14,converged
2025-01-15T21:10:00+08:00,13.166666666666666,-5.541666666666667,4.58333333333333,3.154166666666667,51.4,51.4,44.2,44.2,50.0,60.0,85.0,39.29056184437635,14.048852185441408,13.731322990525353,11.510386668409593,75.73836256750505,1.0876472289657733,51.2,51.2,51.2,43.60031329917848,42.49818628969659,40.44510393187058,42.29080436456283,0.3949332166666667,0.4056309242564537,28.179332018505942,28.40775041697555,19.554844082226552,27.976180255963502,23.27640345938626,23.48223835320787,23.33852898147943,23.153137253896922,18.84636953884592,23.038800917545792,22.902821777330065,22.724048312601923,1.0,0.0,0.6666666666666666,0.25,0.0,19.554844082226552,23.153137253896922,27.976180255963502,12.670074227448877,20.68263926177839,32.23175821001864,5.945856600638194e-17,0.0,1.1402532992205697e-16,2.3815374095387697e-15,3.6081745067395515e-14,converged
2025-01-15T21:15:00+08:00,13.25,-5.583333333333333,4.16666666666667,3.1583333333333337,51.4,51.4,44.2,44.2,50.0,60.0,85.0,39.29056184437635,14.048852185441408,13.731322990525353,11.510386668409593,75.73836256750505,1.0876472289657733,51.29319703090205,51.2,51.2,43.66464368822705,42.49731228730058,40.44359496110006,42.31305902419342,0.3957908333333333,0.4061348968758469,28.17711459688566,28.404987179499088,19.55159740428143,27.974841264451033,23.27344798637978,23.478703233526236,23.335663896086725,23.151013322014524,18.84187649649905,23.034022586955356,22.898733382037843,22.72071891583897,1.0,0.0,0.6666666666666666,0.25,0.0,19.55159740428143,23.151013322014524,27.974841264451033,12.670074227448877,20.68263926177839,32.23175821001864,5.945856600638194e-17,7.166050167225738e-16,1.1402532992205697e-16,3.996536500765306e-15,3.530009010366786e-14,converged
2025-01-15T21:20:00+08:00,13.333333333333334,-5.625,3.75,3.1625,51.4,51.4,44.2,44.2,50.0,60.0,85.0,39.29056184437635,14.048852185441408,13.731322990525353,11.510386668409593,75.73836256750505,1.0876472289657733,51.4,51.2,51.2,43.738529519208114,42.49640913515872,40.44205088629663,42.338709885340215,0.39664845,0.4067057422157152,28.17502063083688,28.402336089264576,19.548433056920626,27.973607980678025,23.270393762517486,23.475070238563976,23.332707087275637,23.148804171789106,18.837260235155707,23.02915070784565,22.894557369986796,22.717308222056477,1.0,0.0,0.6666666666666666,0.25,0.0,19.548433056920626,23.148804171789106,27.973607980678025,12.670074227448877,20.68263926177839,32.23175821001864,5.945856600638194e-17,4.2935952118370347e-16,1.1402532992205697e-16,5.500322149899337e-15,3.269151731849396e-14,converged
2025-01-15T21:25:00+08:00,13.416666666666666,-5.666666666666667,3.3333333333333304,3.166666666666667,51.4,51.4,44.2,44.2,50.0,60.0,85.0,39.29056184437635,14.048852185441408,13.731322990525353,11.510386668409593,75.73836256750505,1.0876472289657733,51.4,51.37269442952886,51.2,43.737831435144045,42.61433589486488,40.44047184722189,42.379210904463086,0.3975060666666667,0.40760961515559163,28.172850515712234,28.399608058609463,19.545149749086857,27.972309305800362,23.267576785257912,23.47165770803962,23.32996098047859,23.146797826461874,18.832521365088354,23.02418563421673,22.89029405618258,22.713816509644502,1.0,0.0,0.6666666666666666,0.25,0.0,19.545149749086857,23.146797826461874,27.972309305800362,12.670074227448877,20.68263926177839,32.23175821001864,5.945856600638194e-17,1.4280247263364615e-16,1.1402532992205697e-16,7.119410914500547e-16,4.050786032287288e-14,converged
2025-01-15T21:30:00+08:00,13.5,-5.708333333333333,2.9166666666666696,3.1708333333333334,51.4,51.4,44.2,44.2,50.0,60.0,85.0,39.29056184437635,14.048852185441408,13.731322990525353,11.510386668409593,75.73836256750505,1.0876472289657733,51.4,51.4,51.2,43.73710793783605,42.63227255537563,40.43885798306772,42.38474794851262,0.3983636833333333,0.407791994662856,28.170604507674014,28.396803332757493,19.541748025261782,27.970945428411635,23.26471344170347,23.4681970016411,23.32717038665143,23.1447512621492,18.827660493546933,23.01912771872908,22.88594375449831,22.710244056039784,1.0,0.0,0.6666666666666666,0.25,0.0,19.541748025261782,23.1447512621492,27.970945428411635,12.670074227448877,20.68263926177839,32.23175821001864,5.945856600638194e-17,1.1419088491247283e-15,1.1402532992205697e-16,2.130487680227092e-15,2.988207914963264e-14,converged
2025-01-15T21:35:00+08:00,13.583333333333334,-5.75,2.5,3.1750000000000003,51.6,51.6,44.3,44.3,50.0,60.0,85.0,39.3794545182324,14.08063691889263,13.762389332132873,11.536428267206897,76.08145776862825,1.095046164430013,51.4,51.4,51.310931184755916,43.75057531372559,42.64772726214022,40.52644933606749,42.420624887379674,0.3992213,0.408560407174541,28.168303693036663,28.39394170060725,19.538242612224987,27.96953454916572,23.26177261077342,23.46465848732259,23.324307232376103,23.142637841479857,18.822919860499436,23.014195453662293,22.88171413709425,22.70678877596277,1.0,0.0,0.6666666666666666,0.25,0.0,19.538242612224987,23.142637841479857,27.96953454916572,12.641473608425292,20.635951588501246,32.15900029080868,5.919043301759909e-17,1.424701461309258e-16,0.0,1.2723618930143283e-15,3.178371175557873e-14,converged
2025-01-15T21:40:00+08:00,13.666666666666666,-5.791666666666667,2.0833333333333304,3.1791666666666667,51.6,51.6,44.3,44.3,50.0,60.0,85.0,39.3794545182324,14.08063691889263,13.762389332132873,11.536428267206897,76.08145776862825,1.095046164430013,51.4,51.4,51.4,43.74980817404465,42.64682774643322,40.581196172582466,42.43607461006047,0.4000789166666667,0.40904609539796255,28.165927427250434,28.391003801537146,19.534619801358456,27.96805879212545,23.258732971182695,23.46102211354068,23.321352349560716,23.140439166894588,18.81823165442088,23.009324713480094,22.87754419804117,22.703392445447825,1.0,0.0,0.6666666666666666,0.25,0.0,19.534619801358456,23.140439166894588,27.96805879212545,12.641473608425292,20.635951588501246,32.15900029080868,5.919043301759909e-17,0.0,0.0,7.307753470891861e-16,3.6663762274083306e-14,converged
2025-01-15T21:45:00+08:00,13.75,-5.833333333333333,1.6666666666666696,3.1833333333333336,51.6,51.6,44.3,44.3,50.0,60.0,85.0,39.3794545182324,14.08063691889263,13.762389332132873,11.536428267206897,76.08145776862825,1.095046164430013,51.49434105566299,51.4,51.4,43.814952656782026,42.64589923937658,40.57961634241161,42.458580552473464,0.40093653333333334,0.4095584080353299,28.163652291485157,28.38815693258074,19.5310580485664,27.966669499289587,23.255594928611007,23.457288260972682,23.318306077224662,23.13815553850539,18.813421199443862,23.004360778895332,22.873286939004572,22.699915049918097,1.0,0.0,0.6666666666666666,0.25,0.0,19.5310580485664,23.13815553850539,27.966669499289587,12.641473608425292,20.635951588501246,32.15900029080868,5.919043301759909e-17,2.84245957457898e-16,0.0,3.4710077378043753e-15,4.301393491902323e-14,converged
2025-01-15T21:50:00+08:00,13.833333333333334,-5.875,1.25,3.1875,51.6,51.6,44.3,44.3,50.0,60.0,85.0,39.3794545182324,14.08063691889263,13.762389332132873,11.536428267206897,76.08145776862825,1.095046164430013,51.6,51.4,51.4,43.88806138778829,42.64494185154244,40.5780017713218,42.483913944757084,0.40179415,0.41012636530669716,28.161498766527767,28.385420546151455,19.5275779622819,27.96538431057487,23.252358887072457,23.45345730881506,23.315168753134355,23.135787255367813,18.8084891011261,22.999304002651776,22.868942673997662,22.69635686703509,1.0,0.0,0.5833333333333334,0.25,0.0,19.5275779622819,23.135787255367813,27.96538431057487,12.641473608425292,20.635951588501246,32.15900029080868,5.919043301759909e-17,1.4192616187925169e-16,0.0,1.7753082371056593e-15,3.429688955010193e-14,converged
2025-01-15T21:55:00+08:00,13.916666666666666,-5.916666666666667,0.8333333333333304,3.191666666666667,51.6,51.6,44.3,44.3,50.0,60.0,85.0,39.3794545182324,14.08063691889263,13.762389332132873,11.536428267206897,76.08145776862825,1.095046164430013,51.6,51.57456193645996,51.4,43.88732622080868,42.76420179277517,40.57635259759874,42.52484708029746,0.4026517666666667,0.41104234711410037,28.15926929481335,28.382607493514158,19.523980362235957,27.964033881466975,23.24936459776302,23.44985115352789,23.31224618257341,23.133625560493353,18.80343596202569,22.994154736158045,22.864511715904417,22.692718173509267,1.0,0.0,0.5833333333333334,0.25,0.0,19.523980362235957,23.133625560493353,27.964033881466975,12.641473608425292,20.635951588501246,32.15900029080868,5.919043301759909e-17,4.248296652800326e-16,0.0,1.1804583592480228e-15,3.764311238660933e-14,converged
2025-01-15T22:00:00+08:00,14.0,-5.958333333333333,0.4166666666666696,3.1958333333333333,51.6,51.6,44.3,44.3,50.0,60.0,85.0,39.3794545182324,14.08063691889263,13.762389332132873,11.536428267206897,76.08145776862825,1.095046164430013,51.6,51.6,51.4,43.88656584359553,42.78081462291542,40.57466895896446,42.529887842464824,0.4035093833333333,0.4112180033674801,28.15696413189159,28.37971801908365,19.520265786340833,27.962618400174907,23.24632106928914,23.44619416402672,23.30927653519362,23.13142110493497,18.798262381715983,22.988913329492664,22.859994376483655,22.688999245103314,1.0,0.0,0.5833333333333334,0.25,0.0,19.520265786340833,23.13142110493497,27.962618400174907,12.641473608425292,20.635951588501246,32.15900029080868,5.919043301759909e-17,7.077469910947796e-16,0.0,1.1382646732343717e-15,3.2430745486568825e-14,converged
2025-01-15T22:05:00+08:00,14.083333333333334,-6.0,0.0,3.2,51.8,51.8,44.4,44.4,50.0,60.0,85.0,39.46834719208846,14.112421652343855,13.793455673740398,11.562469866004205,76.42532832613824,1.1024785791832519,51.6,51.6,51.51383449289835,43.90006361851802,42.79628198535202,40.664182454013456,42.566343175933326,0.404367,0.4120041655397421,28.154604474272496,28.376772019600125,19.51644899372677,27.961156157309176,23.24320087707004,23.442460213242843,23.306235064379234,23.129150416530635,18.793216440843146,22.983803524699127,22.855603311965396,22.685402739696794,1.0,0.0,0.5833333333333334,0.25,0.0,19.51644899372677,23.129150416530635,27.961156157309176,12.61300182101893,20.589474220058673,32.086570109973515,5.892410969721817e-17,0.0,0.0,5.168736865748258e-16,5.3864067098889814e-14,converged
2025-01-15T22:10:00+08:00,14.166666666666666,-6.027777777777778,0.0,3.1972222222222224,51.8,51.8,44.4,44.4,50.0,60.0,85.0,39.46834719208846,14.112421652343855,13.793455673740398,11.562469866004205,76.42532832613824,1.1024785791832519,51.6,51.6,51.6,43.89926681919077,42.79533679093826,40.7170911035438,42.58122782255049,0.4048228611111111,0.4124778942884007,28.152211162151534,28.37379600385274,19.512574845744282,27.95966247118681,23.240033436314945,23.4386838838344,23.303150770137627,23.12683622649148,18.78828115976864,22.978805679413103,22.851316041445912,22.681902378663565,1.0,0.0,0.5833333333333334,0.25,0.0,19.512574845744282,23.12683622649148,27.95966247118681,12.61300182101893,20.589474220058673,32.086570109973515,5.892410969721817e-17,8.467022604528108e-16,0.0,1.6350951653896803e-15,3.7948292791514435e-14,converged
2025-01-15T22:15:00+08:00,14.25,-6.055555555555555,0.0,3.1944444444444446,51.8,51.8,44.4,44.4,50.0,60.0,85.0,39.46834719208846,14.112421652343855,13.793455673740398,11.562469866004205,76.42532832613824,1.1024785791832519,51.695479927159234,51.6,51.6,43.96524417944403,42.79437793183128,40.71547059592686,42.60400904700735,0.4052787222222222,0.4129973975577513,28.149962848299797,28.37095921740519,19.508823711300916,27.958290483987245,23.236818941048767,23.43486534068668,23.30002381076933,23.12447868798108,18.783287202398366,22.973769846059767,22.846990122925188,22.678362510917154,1.0,0.0,0.5833333333333334,0.25,0.0,19.508823711300916,23.12447868798108,27.958290483987245,12.61300182101893,20.589474220058673,32.086570109973515,5.892410969721817e-17,1.1275162750695632e-15,0.0,3.2609918802156693e-15,4.976757848941196e-14,converged
2025-01-15T22:20:00+08:00,14.333333333333334,-6.083333333333333,0.0,3.191666666666667,51.8,51.8,44.4,44.4,50.0,60.0,85.0,39.46834719208846,14.112421652343855,13.793455673740398,11.562469866004205,76.42532832613824,1.1024785791832519,51.8,51.6,51.6,44.037612616610375,42.79340546007079,40.713834316519126,42.62906610646142,0.4057345833333333,0.4135606507878497,28.147875619828305,28.36827693609976,19.505211628128475,27.957054093710987,23.23355758449966,23.43100474804344,23.296854343989697,23.122077953623744,18.77823485942728,22.968696168459157,22.842625695418977,22.674783271806795,1.0,0.0,0.5833333333333334,0.25,0.0,19.505211628128475,23.122077953623744,27.957054093710987,12.61300182101893,20.589474220058673,32.086570109973515,5.892410969721817e-17,8.444854819129355e-16,0.0,2.7126306090073175e-15,3.441657349752819e-14,converged
2025-01-15T22:25:00+08:00,14.416666666666666,-6.111111111111112,0.0,3.188888888888889,51.8,51.8,44.4,44.4,50.0,60.0,85.0,39.46834719208846,14.112421652343855,13.793455673740398,11.562469866004205,76.42532832613824,1.1024785791832519,51.8,51.77642103119765,51.6,44.03688838538716,42.914048676330445,40.71218232832837,42.67048575668869,0.40619044444444447,0.4144861645089398,28.145753819927922,28.365563797563997,19.50154125245176,27.95578560845364,23.23059265054856,23.427427334541907,23.293951365246503,23.119928330102095,18.773124420110168,22.963584789886827,22.838222897442993,22.671164796218022,1.0,0.0,0.5833333333333334,0.25,0.0,19.50154125245176,23.119928330102095,27.95578560845364,12.61300182101893,20.589474220058673,32.086570109973515,5.892410969721817e-17,4.212999074342706e-16,0.0,2.7565215381998658e-15,4.420285078894902e-14,converged
2025-01-15T22:30:00+08:00,14.5,-6.138888888888888,0.0,3.1861111111111113,51.8,51.8,44.4,44.4,50.0,60.0,85.0,39.46834719208846,14.112421652343855,13.793455673740398,11.562469866004205,76.42532832613824,1.1024785791832519,51.8,51.8,51.6,44.03615242913553,42.929410221446766,40.710514694104376,42.675102638549795,0.4066463055555556,0.41465188842930084,28.143597564957258,28.362819900198,19.497812851127026,27.954485120829077,23.227625590976416,23.42385029423517,23.29104625151038,23.117774023663777,18.767956172268796,22.95843585307589,22.833781867014714,22.66750721857425,1.0,0.0,0.5833333333333334,0.25,0.0,19.497812851127026,23.117774023663777,27.954485120829077,12.61300182101893,20.589474220058673,32.086570109973515,5.892410969721817e-17,9.826402285003548e-16,0.0,1.1768271600090825e-16,3.3803846219880867e-14,converged
2025-01-15T22:35:00+08:00,14.583333333333334,-6.166666666666667,0.0,3.1833333333333336,51.93333333333334,51.93333333333334,44.46666666666667,44.46666666666667,50.0,60.0,85.0,39.52760897465917,14.133611474644674,13.814166568145415,11.579830931869079,76.65500611802642,1.1074521592775783,51.8,51.8,51.71666232724184,44.044977117726205,42.93949190935405,40.795572635866584,42.706699576826146,0.4071021666666667,0.41539266053628704,28.141421014039377,28.360058524182108,19.494036204727337,27.95316485909825,23.224625199736547,23.420243951937564,23.288110875039244,23.115588325001536,18.762975567238303,22.953469464401888,22.82951179020593,22.66400986667261,1.0,0.0,0.5833333333333334,0.25,0.0,19.494036204727337,23.115588325001536,27.95316485909825,12.594091773311252,20.558605443117052,32.03846430770968,1.1749511631377398e-16,4.203805202406744e-16,0.0,5.939653447402438e-16,2.511826735038447e-14,converged
2025-01-15T22:40:00+08:00,14.666666666666666,-6.194444444444445,0.0,3.180555555555556,51.93333333333334,51.93333333333334,44.46666666666667,44.46666666666667,50.0,60.0,85.0,39.52760897465917,14.133611474644674,13.814166568145415,11.579830931869079,76.65500611802642,1.1074521592775783,51.8,51.8,51.8,44.04422245277582,42.9385816880514,40.846768525902554,42.72110974925771,0.4075580277777778,0.41585088795835734,28.139210193631367,28.357266544721316,19.49020202029543,27.951812745087402,23.221577069540544,23.416594736270472,23.285132284308943,23.113358826430236,18.758099796180822,22.948609633742997,22.825340455710187,22.660603921936165,1.0,0.0,0.5833333333333334,0.25,0.0,19.49020202029543,23.113358826430236,27.951812745087402,12.594091773311252,20.558605443117052,32.03846430770968,1.1749511631377398e-16,9.798070370720806e-16,0.0,2.3278478553232416e-16,3.3379676788694506e-14,converged
2025-01-15T22:45:00+08:00,14.75,-6.222222222222222,0.0,3.177777777777778,51.93333333333334,51.93333333333334,44.46666666666667,44.46666666666667,50.0,60.0,85.0,39.52760897465917,14.133611474644674,13.814166568145415,11.579830931869079,76.65500611802642,1.1074521592775783,51.864157552711696,51.8,51.8,44.08835630850157,42.93765768989975,40.845187785460574,42.7361043774085,0.4080138888888889,0.41621483588218705,28.137085225702904,28.354557754746683,19.48643160122032,27.9505317454514,23.21848139645147,23.412902814064747,23.282110639084518,23.111085682182722,18.753165056395527,22.94371129541126,22.82113005856759,22.657158148865687,1.0,0.0,0.5833333333333334,0.25,0.0,19.48643160122032,23.111085682182722,27.9505317454514,12.594091773311252,20.558605443117052,32.03846430770968,1.1749511631377398e-16,4.1955011615643288e-16,0.0,1.8588376484284767e-15,5.124790473974341e-14,converged
2025-01-15T22:50:00+08:00,14.833333333333334,-6.25,0.0,3.1750000000000003,51.93333333333334,51.93333333333334,44.46666666666667,44.46666666666667,50.0,60.0,85.0,39.52760897465917,14.133611474644674,13.814166568145415,11.579830931869079,76.65500611802642,1.1074521592775783,51.93333333333334,51.8,51.8,44.13604344154973,42.93671996737698,40.843591149514396,42.75236007306197,0.40846975,0.4166032095698716,28.135054989861533,28.35194058621805,19.48273382390623,27.94932954134346,23.215338375727157,23.40916835150207,23.279046098540345,23.108769045948737,18.748171640054846,22.93877459521681,22.816880739307436,22.653672683933728,1.0,0.0,0.5833333333333334,0.25,0.0,19.48273382390623,23.108769045948737,27.94932954134346,12.594091773311252,20.558605443117052,32.03846430770968,1.1749511631377398e-16,4.1915899524800685e-16,0.0,3.264673104205414e-15,2.7518675580097675e-14,converged
2025-01-15T22:55:00+08:00,14.916666666666666,-6.277777777777778,0.0,3.1722222222222225,51.93333333333334,51.93333333333334,44.46666666666667,44.46666666666667,50.0,60.0,85.0,39.52760897465917,14.133611474644674,13.814166568145415,11.579830931869079,76.65500611802642,1.1074521592775783,51.93333333333334,51.918437188183546,51.8,44.13532529609866,43.017467994867125,40.84197868155217,42.779850848112936,0.40892561111111114,0.4172399251739771,28.132989991984097,28.349292354302705,19.478978147483307,27.948095144226215,23.212378587622435,23.40560979533354,23.27614620636241,23.106606595960294,18.743119837883576,22.93379967841767,22.81259263795346,22.650147663145205,1.0,0.0,0.5833333333333334,0.25,0.0,19.478978147483307,23.106606595960294,27.948095144226215,12.594091773311252,20.558605443117052,32.03846430770968,1.1749511631377398e-16,2.7901290073904833e-16,0.0,2.2712013271401095e-15,4.0679835834044764e-14,converged
2025-01-15T23:00:00+08:00,15.0,-6.305555555555555,0.0,3.1694444444444447,51.93333333333334,51.93333333333334,44.46666666666667,44.46666666666667,50.0,60.0,85.0,39.52760897465917,14.133611474644674,13.814166568145415,11.579830931869079,76.65500611802642,1.1074521592775783,51.93333333333334,51.93333333333334,51.8,44.13459543288124,43.026848771819,40.84035044480214,42.78239128272383,0.40938147222222226,0.41736201577897664,28.13089034909134,28.346613158075606,19.475164837023904,27.946828647012776,23.20939981043124,23.402035580149075,23.273229003815768,23.104425063638327,18.738009939166062,22.92878668972184,22.808265894025663,22.646583222039016,1.0,0.0,0.5833333333333334,0.25,0.0,19.475164837023904,23.104425063638327,27.946828647012776,12.594091773311252,20.558605443117052,32.03846430770968,1.1749511631377398e-16,6.973282032485268e-16,0.0,1.4017224186226768e-15,3.379939108596747e-14,converged
2025-01-15T23:05:00+08:00,15.083333333333334,-6.333333333333333,0.0,3.166666666666667,52.06666666666666,52.06666666666666,44.53333333333333,44.53333333333333,50.0,60.0,85.0,39.58687075722987,14.15480129694549,13.83487746255043,11.597191997733947,76.88502851275308,1.1124406750366553,51.93333333333334,51.93333333333334,51.87905566094841,44.14345731613385,43.03695888480647,40.90172949873787,42.807074593763886,0.40983733333333333,0.4179178577973772,28.128770271527515,28.34391632856996,19.471303690674652,27.945542318808087,23.206387789834736,23.39843209227563,23.270281619219844,23.102212266776885,18.73301363496564,22.92389047173839,22.80404768683505,22.64311962850198,1.0,0.0,0.5833333333333334,0.25,0.0,19.471303690674652,23.102212266776885,27.945542318808087,12.575238342512883,20.527829087663285,31.990502534793954,1.7571539675718453e-16,9.749610331124475e-16,0.0,3.511532332251847e-15,4.866673890084384e-14,converged
2025-01-15T23:10:00+08:00,15.166666666666666,-6.361111111111112,0.0,3.163888888888889,52.06666666666666,52.06666666666666,44.53333333333333,44.53333333333333,50.0,60.0,85.0,39.58687075722987,14.15480129694549,13.83487746255043,11.597191997733947,76.88502851275308,1.1124406750366553,51.93333333333334,51.93333333333334,51.93333333333334,44.14270875871511,43.03604594285122,40.93454827189411,42.816102321517654,0.41029319444444445,0.4182331516186308,28.126615735630665,28.34118869127339,19.467385394291405,27.944224041048,23.20332807958503,23.394785721669194,23.267291066116265,23.099955766400193,18.7280653315815,22.919050135479132,22.79988013780528,22.639701703211408,1.0,0.0,0.5833333333333334,0.25,0.0,19.467385394291405,23.099955766400193,27.944224041048,12.575238342512883,20.527829087663285,31.990502534793954,1.7571539675718453e-16,4.175254449930205e-16,0.0,5.872553911301994e-15,3.0103888224720736e-14,converged
2025-01-15T23:15:00+08:00,15.25,-6.388888888888888,0.0,3.1611111111111114,52.06666666666666,52.06666666666666,44.53333333333333,44.53333333333333,50.0,60.0,85.0,39.58687075722987,14.15480129694549,13.83487746255043,11.597191997733947,76.88502851275308,1.1124406750366553,51.99799364419966,51.93333333333334,51.93333333333334,44.18722434479163,43.03511925566396,40.93296462588255,42.83123165135706,0.4107490555555556,0.41859971249806327,28.124547841966535,28.33854496633417,19.463532215960743,27.94297761911201,23.200220875566867,23.39109663521765,23.26425750412062,23.09765571642065,18.723058421267755,22.914171220619906,22.795673514875116,22.636243992487746,1.0,0.0,0.5833333333333334,0.25,0.0,19.463532215960743,23.09765571642065,27.94297761911201,12.575238342512883,20.527829087663285,31.990502534793954,1.7571539675718453e-16,5.562130997759509e-16,0.0,3.640937040090965e-15,3.6787219589250365e-14,converged
2025-01-15T23:20:00+08:00,15.333333333333334,-6.416666666666667,0.0,3.1583333333333337,52.06666666666666,52.06666666666666,44.53333333333333,44.53333333333333,50.0,60.0,85.0,39.58687075722987,14.15480129694549,13.83487746255043,11.597191997733947,76.88502851275308,1.1124406750366553,52.06666666666666,51.93333333333334,51.93333333333334,44.23459107171826,43.03417887561016,40.931365128450025,42.84737101458215,0.4112049166666667,0.4189857584987249,28.12257359042381,28.335991804993267,19.459751132086783,27.941809122750584,23.197066372860384,23.3873649991594,23.26118109225832,23.09531227020862,18.717993194432673,22.909253873262305,22.79142795863638,22.632746632677904,1.0,0.0,0.5833333333333334,0.25,0.0,19.459751132086783,23.09531227020862,27.941809122750584,12.575238342512883,20.527829087663285,31.990502534793954,1.7571539675718453e-16,4.167754612139965e-16,0.0,3.888171042953212e-15,2.9270182849633244e-14,converged
2025-01-15T23:25:00+08:00,15.416666666666666,-6.444444444444445,0.0,3.155555555555556,52.06666666666666,52.06666666666666,44.53333333333333,44.53333333333333,50.0,60.0,85.0,39.58687075722987,14.15480129694549,13.83487746255043,11.597191997733947,76.88502851275308,1.1124406750366553,52.06666666666666,52.05259122432897,51.93333333333334,44.23387898603814,43.115536355143014,40.92974984288992,42.87507612314314,0.41166077777777776,0.41962675387827747,28.12056438956225,28.333407377559297,19.455912531615198,27.94060833669638,23.1940968055597,23.38381082756448,23.258270863222506,23.093124524142148,18.7128699400455,22.904298238954613,22.787143609175015,22.629209759661524,1.0,0.0,0.5833333333333334,0.25,0.0,19.455912531615198,23.093124524142148,27.94060833669638,12.575238342512883,20.527829087663285,31.990502534793954,1.7571539675718453e-16,1.3871294042979894e-16,0.0,2.367328557930467e-15,5.083037807520547e-14,converged
2025-01-15T23:30:00+08:00,15.5,-6.472222222222222,0.0,3.152777777777778,52.06666666666666,52.06666666666666,44.53333333333333,44.53333333333333,50.0,60.0,85.0,39.58687075722987,14.15480129694549,13.83487746255043,11.597191997733947,76.88502851275308,1.1124406750366553,52.06666666666666,52.06666666666666,51.93333333333334,44.233155189613896,43.12435398843667,40.92811883223659,42.877421106115776,0.4121166388888889,0.41974483618350494,28.11852035705373,28.33079178377125,19.452016677883996,27.939375354157914,23.191106704468357,23.380239478429836,23.255341935102972,23.09091642530799,18.707688945643586,22.899304462693912,22.782820606072924,22.625633508852584,1.0,0.0,0.5833333333333334,0.25,0.0,19.452016677883996,23.09091642530799,27.939375354157914,12.575238342512883,20.527829087663285,31.990502534793954,1.7571539675718453e-16,0.0,0.0,2.4709566211290793e-15,2.6510944030634554e-14,converged
2025-01-15T23:35:00+08:00,15.583333333333334,-6.5,0.0,3.1500000000000004,52.2,52.2,44.6,44.6,50.0,60.0,85.0,39.64613253980057,14.175991119246305,13.855588356955446,11.614553063598821,77.11539551031834,1.1174441488527862,52.06666666666666,52.06666666666666,52.013665941475146,44.24205403155354,43.13449249040022,40.990378321264274,42.90238548194997,0.4125725,0.42030747761201004,28.116455753948934,28.328158404989033,19.448073386664365,27.93812248473016,23.18808344640437,23.376638885481494,23.25238290408772,23.088677187180544,18.7026244813004,22.89442970735998,22.778608330493565,22.622160242544005,1.0,0.0,0.5833333333333334,0.25,0.0,19.448073386664365,23.088677187180544,27.93812248473016,12.556441274736333,20.497144739251233,31.942684145354796,1.751904817501478e-16,1.3848828301646223e-16,0.0,3.755969588477402e-15,5.332901003602817e-14,converged
2025-01-15T23:40:00+08:00,15.666666666666666,-6.527777777777778,0.0,3.147222222222222,52.2,52.2,44.6,44.6,50.0,60.0,85.0,39.64613253980057,14.175991119246305,13.855588356955446,11.614553063598821,77.11539551031834,1.1174441488527862,52.06666666666666,52.06666666666666,52.06666666666666,44.2413115548457,43.13357694957374,41.02240832789876,42.911183402183454,0.41302836111111113,0.4206166149356156,28.114356506962118,28.32549401748994,19.444073322671894,27.93683756980626,23.185012546387952,23.372995400271694,23.249380748986127,23.086394339638776,18.6976058786848,22.88960856773235,22.774444615627694,22.618730699791858,1.0,0.0,0.5833333333333334,0.25,0.0,19.444073322671894,23.086394339638776,27.93683756980626,12.556441274736333,20.497144739251233,31.942684145354796,1.751904817501478e-16,8.303189961582095e-16,0.0,1.7199196934154222e-15,2.6397845635179627e-14,converged
2025-01-15T23:45:00+08:00,15.75,-6.555555555555555,0.0,3.1444444444444444,52.2,52.2,44.6,44.6,50.0,60.0,85.0,39.64613253980057,14.175991119246305,13.855588356955446,11.614553063598821,77.11539551031834,1.1174441488527862,52.1318282326737,52.06666666666666,52.06666666666666,44.28620810300844,43.132647694628155,41.02082197376631,42.92644725923631,0.41348422222222225,0.42098577828586004,28.11234469291772,28.322914266425176,19.44013971613184,27.935625251493505,23.181894200131985,23.369309189745938,23.24633562926915,23.084068036282595,18.692529019935215,22.884748779675114,22.77024181542244,22.615261413271227,1.0,0.0,0.5833333333333334,0.25,0.0,19.44013971613184,23.084068036282595,27.935625251493505,12.556441274736333,20.497144739251233,31.942684145354796,1.751904817501478e-16,2.7653029587114903e-16,0.0,6.767186391582141e-16,3.334194296670891e-14,converged
2025-01-15T23:50:00+08:00,15.833333333333334,-6.583333333333333,0.0,3.1416666666666666,52.2,52.2,44.6,44.6,50.0,60.0,85.0,39.64613253980057,14.175991119246305,13.855588356955446,11.614553063598821,77.11539551031834,1.1174441488527862,52.2,52.06666666666666,52.06666666666666,44.3332550189058,43.13170477781844,41.01921981128049,42.94247060257082,0.4139400833333333,0.4213694982185821,28.11042543643308,28.320424026528666,19.43627764861517,27.934489991954283,23.178728602545362,23.365580420199944,23.243247703818035,23.081698430170896,18.68739419374986,22.87985048957719,22.76600007053276,22.611752519207524,1.0,0.0,0.5833333333333334,0.25,0.0,19.43627764861517,23.081698430170896,27.934489991954283,12.556441274736333,20.497144739251233,31.942684145354796,1.751904817501478e-16,1.381392368445061e-16,0.0,3.713425457856855e-15,2.6678671264180968e-14,converged
2025-01-15T23:55:00+08:00,15.916666666666666,-6.611111111111112,0.0,3.138888888888889,52.2,52.2,44.6,44.6,50.0,60.0,85.0,39.64613253980057,14.175991119246305,13.855588356955446,11.614553063598821,77.11539551031834,1.1174441488527862,52.2,52.186742806953305,52.06666666666666,44.33254896560046,43.213670654495395,41.0176019035447,42.97038972342847,0.41439594444444444,0.4220147586932282,28.108471046609022,28.317902321221585,19.432358436421655,27.933322347362772,23.17574963743156,23.362030669105987,23.24032749061759,23.079486032293467,18.68220168739626,22.874913843273017,22.761719521107423,22.608204153359235,1.0,0.0,0.5833333333333334,0.25,0.0,19.432358436421655,23.079486032293467,27.933322347362772,12.556441274736333,20.497144739251233,31.942684145354796,1.751904817501478e-16,1.3792802198128772e-15,0.0,9.555630936803242e-16,4.392354041796578e-14,converged
2025-01-16T00:00:00+08:00,16.0,-6.638888888888888,0.0,3.136111111111111,52.2,52.2,44.6,44.6,50.0,60.0,85.0,39.64613253980057,14.175991119246305,13.855588356955446,11.614553063598821,77.11539551031834,1.1174441488527862,52.2,52.2,52.06666666666666,44.33183120834589,43.22192631235818,41.01596831340428,42.97253971011483,0.41485180555555556,0.422128838623201,28.10648164175771,28.315349250896322,19.428382341203168,27.93212241121913,23.172748596220412,23.35846222554856,23.23738719188009,23.077252012353913,18.67695178671834,22.86993898604466,22.757400306790867,22.604616451019524,1.0,0.0,0.5833333333333334,0.25,0.0,19.428382341203168,23.077252012353913,27.93212241121913,12.556441274736333,20.497144739251233,31.942684145354796,1.751904817501478e-16,4.1367224118102364e-16,0.0,1.3146076574154208e-15,3.3551343209574945e-14,converged
2025-01-16T00:05:00+08:00,16.083333333333332,-6.666666666666667,0.0,3.1333333333333333,52.333333333333336,52.333333333333336,44.666666666666664,44.666666666666664,50.0,60.0,85.0,39.705394322371276,14.19718094154712,13.876299251360463,11.631914129463693,77.34610711072209,1.1224626031182696,52.2,52.2,52.148272410219214,44.340766772731406,43.232093164111525,41.079106853471544,42.997784647111374,0.4153076666666667,0.4226982579347569,28.104471533128606,28.312778246720562,19.424359196400804,27.93090253325815,23.16971448267989,23.354864566633076,23.23441686789858,23.074986975976294,18.671821334334656,22.865085395327657,22.75319400524111,22.601133863853274,1.0,0.0,0.5833333333333334,0.25,0.0,19.424359196400804,23.074986975976294,27.93090253325815,12.537700317609863,20.466551985909064,31.89500849737665,2.9111319225728784e-16,5.508199744930267e-16,0.0,6.542819945337156e-16,4.7904906284038674e-14,converged
2025-01-16T00:10:00+08:00,16.166666666666668,-6.694444444444444,0.0,3.1305555555555555,52.333333333333336,52.333333333333336,44.666666666666664,44.666666666666664,50.0,60.0,85.0,39.705394322371276,14.19718094154712,13.876299251360463,11.631914129463693,77.34610711072209,1.1224626031182696,52.2,52.2,52.2,44.34003034856018,43.23117514310316,41.110349545362546,43.00635321653667,0.41576352777777775,0.4230012493099496,28.1024265983007,28.31017603626142,19.420279645639543,27.92965051517426,23.16663277332558,23.351224005768092,23.23140346295184,23.07267842204051,18.66673460018015,22.86028316051503,22.749034171652422,22.597693058978596,1.0,0.0,0.5833333333333334,0.25,0.0,19.420279645639543,23.07267842204051,27.92965051517426,12.537700317609863,20.466551985909064,31.89500849737665,2.9111319225728784e-16,1.3760635697512178e-16,0.0,4.641404314265303e-16,3.4828398091827196e-14,converged
2025-01-16T00:15:00+08:00,16.25,-6.722222222222222,0.0,3.1277777777777778,52.333333333333336,52.333333333333336,44.666666666666664,44.666666666666664,50.0,60.0,85.0,39.705394322371276,14.19718094154712,13.876299251360463,11.631914129463693,77.34610711072209,1.1224626031182696,52.265661324863736,52.2,52.2,44.38530709114075,43.23024343859615,41.10876067428996,43.02175142362823,0.4162193888888889,0.4233730048063688,28.100469888028098,28.30765918746661,19.416267878733617,27.928471833812747,23.16350366370482,23.34754070995731,23.228347136370914,23.070326503841738,18.661589950005354,22.855442208518742,22.74483524110556,22.59421255078967,1.0,0.0,0.5833333333333334,0.25,0.0,19.416267878733617,23.070326503841738,27.928471833812747,12.537700317609863,20.466551985909064,31.89500849737665,2.9111319225728784e-16,5.499421101738775e-16,0.0,5.009967086817041e-16,4.332726160744195e-14,converged
2025-01-16T00:20:00+08:00,16.333333333333332,-6.75,0.0,3.125,52.333333333333336,52.333333333333336,44.666666666666664,44.666666666666664,50.0,60.0,85.0,39.705394322371276,14.19718094154712,13.876299251360463,11.631914129463693,77.34610711072209,1.1224626031182696,52.333333333333336,52.2,52.2,44.432034788258676,43.229298102736756,41.10715603694607,43.03765905569368,0.41667525,0.42375440040603296,28.09860465608901,28.305230802760345,19.412327087565906,27.927369347549387,23.16032734856153,23.34381484555434,23.225248046897583,23.06793137413516,18.656387670850958,22.850562686010985,22.740597354319217,22.590692475394462,1.0,0.0,0.5833333333333334,0.25,0.0,19.412327087565906,23.06793137413516,27.927369347549387,12.537700317609863,20.466551985909064,31.89500849737665,2.9111319225728784e-16,1.236256066531099e-15,0.0,1.8234739729770523e-15,3.198114238506715e-14,converged
2025-01-16T00:25:00+08:00,16.416666666666668,-6.777777777777778,0.0,3.1222222222222222,52.333333333333336,52.333333333333336,44.666666666666664,44.666666666666664,50.0,60.0,85.0,39.705394322371276,14.19718094154712,13.876299251360463,11.631914129463693,77.34610711072209,1.1224626031182696,52.333333333333336,52.32089194704243,52.2,44.431334738614865,43.31187132146023,41.10553569624908,43.065791865275585,0.4171311111111111,0.4244039114701347,28.096704109991027,28.30277075665476,19.4083295133376,27.92623438217773,23.15733935729378,23.340269549531442,23.22231819410645,23.06569495500096,18.651128048335035,22.845644739108316,22.736320651505604,22.587132968434343,1.0,0.0,0.5833333333333334,0.25,0.0,19.4083295133376,23.06569495500096,27.92623438217773,12.537700317609863,20.466551985909064,31.89500849737665,2.9111319225728784e-16,1.3715156562020396e-16,0.0,3.4217938994421653e-15,3.178488204826287e-14,converged
2025-01-16T00:30:00+08:00,16.5,-6.805555555555556,0.0,3.1194444444444445,52.333333333333336,52.333333333333336,44.666666666666664,44.666666666666664,50.0,60.0,85.0,39.705394322371276,14.19718094154712,13.876299251360463,11.631914129463693,77.34610711072209,1.1224626031182696,52.333333333333336,52.333333333333336,52.2,44.43062299160148,43.31956616667437,41.10389971485987,43.06774730684818,0.41758697222222224,0.42451399504785736,28.094768368675993,28.3002791501852,19.404275416061367,27.925067031485863,23.154327750044214,23.336704049712832,23.219366871603,23.06343564568481,18.64581136666009,22.84068851337376,22.732005272372284,22.583534165085688,1.0,0.0,0.5833333333333334,0.25,0.0,19.404275416061367,23.06343564568481,27.925067031485863,12.537700317609863,20.466551985909064,31.89500849737665,2.9111319225728784e-16,1.3711599992576311e-16,0.0,2.3286122892518334e-15,2.946399530123373e-14,converged
2025-01-16T00:35:00+08:00,16.583333333333332,-6.833333333333333,0.0,3.1166666666666667,52.46666666666667,52.46666666666667,44.733333333333334,44.733333333333334,50.0,60.0,85.0,39.76465610494198,14.21837076384794,13.897010145765478,11.649275195328562,77.57716331396443,1.1274960602254083,52.333333333333336,52.333333333333336,52.28287508422286,44.43959504201192,43.32976132604467,41.16791591765279,43.09327229901888,0.4180428333333333,0.42509017091318213,28.092811793091368,28.29776946381536,19.400174646888125,27.923879685001893,23.15128315335859,23.333109362578966,23.216385600035103,23.061145440441255,18.64061703454137,22.835855795105513,22.72780498573297,22.58004260136779,1.0,0.0,0.5833333333333334,0.25,0.0,19.400174646888125,23.061145440441255,27.923879685001893,12.519015220266178,20.43605041812083,31.847474952671178,5.804922785987793e-17,6.846507505504684e-16,0.0,7.959641919170841e-16,3.15871457602981e-14,converged
2025-01-16T00:40:00+08:00,16.666666666666668,-6.861111111111111,0.0,3.113888888888889,52.46666666666667,52.46666666666667,44.733333333333334,44.733333333333334,50.0,60.0,85.0,39.76465610494198,14.21837076384794,13.897010145765478,11.649275195328562,77.57716331396443,1.1274960602254083,52.333333333333336,52.333333333333336,52.333333333333336,44.43886464092585,43.328840940525076,41.19837273858972,43.10161197049603,0.41849869444444443,0.42538702697260405,28.090820212162875,28.295228376895498,19.3960178284048,27.922660105061958,23.148191005474786,23.329471763653256,23.213361289352232,23.058811807298014,18.635464273032845,22.831072179116568,22.723649078986128,22.576590882111464,1.0,0.0,0.5833333333333334,0.25,0.0,19.3960178284048,23.058811807298014,27.922660105061958,12.519015220266178,20.43605041812083,31.847474952671178,5.804922785987793e-17,5.473383739764694e-16,0.0,1.0474774704604621e-15,3.5456013119242396e-14,converged
2025-01-16T00:45:00+08:00,16.75,-6.888888888888889,0.0,3.111111111111111,52.46666666666667,52.46666666666667,44.733333333333334,44.733333333333334,50.0,60.0,85.0,39.76465610494198,14.21837076384794,13.897010145765478,11.649275195328562,77.57716331396443,1.1274960602254083,52.39949292745957,52.333333333333336,52.333333333333336,44.48452081092295,43.32790690164615,41.19678153567734,43.11714434785775,0.41895455555555555,0.425761364446581,28.088917648253528,28.29277337797126,19.391930107474057,27.921514601266495,23.145051501780735,23.32579141999815,23.21029409875014,23.05643489925316,18.630253925247207,22.82624977824404,22.71945406348805,22.573099498810215,1.0,0.0,0.5833333333333334,0.25,0.0,19.391930107474057,23.05643489925316,27.921514601266495,12.519015220266178,20.43605041812083,31.847474952671178,5.804922785987793e-17,5.46857143687781e-16,0.0,3.3439854168260124e-15,5.777667220818523e-14,converged
2025-01-16T00:50:00+08:00,16.833333333333332,-6.916666666666667,0.0,3.1083333333333334,52.46666666666667,52.46666666666667,44.733333333333334,44.733333333333334,50.0,60.0,85.0,39.76465610494198,14.21837076384794,13.897010145765478,11.649275195328562,77.57716331396443,1.1274960602254083,52.46666666666667,52.333333333333336,52.333333333333336,44.530929878747386,43.32695926144722,41.1951746076195,43.13293657346763,0.4194104166666667,0.4261404375599601,28.087105488719388,28.290405801340054,19.387912791413974,27.92044443199297,23.141864836861522,23.322068498025708,23.207184186835732,23.05401486876574,18.624986276618618,22.82138873943943,22.71522008002176,22.569568587458527,1.0,0.0,0.5833333333333334,0.25,0.0,19.387912791413974,23.05401486876574,27.92044443199297,12.519015220266178,20.43605041812083,31.847474952671178,5.804922785987793e-17,4.0977801529532594e-16,0.0,3.2047881259780874e-15,3.0333267695469493e-14,converged
2025-01-16T00:55:00+08:00,16.916666666666668,-6.944444444444444,0.0,3.1055555555555556,52.46666666666667,52.46666666666667,44.733333333333334,44.733333333333334,50.0,60.0,85.0,39.76465610494198,14.21837076384794,13.897010145765478,11.649275195328562,77.57716331396443,1.1274960602254083,52.46666666666667,52.45503865551678,52.333333333333336,44.530235802809734,43.41013876698765,41.193552017153706,43.16128274594691,0.41986627777777774,0.42679418487842247,28.085257837348063,28.288006370590516,19.383839043883285,27.919341690838504,23.13886818161011,23.318527690320337,23.20424503108512,23.051755045497853,18.619661611166453,22.816489209097462,22.71094726886348,22.5659982835846,1.0,0.0,0.5833333333333334,0.25,0.0,19.383839043883285,23.051755045497853,27.919341690838504,12.519015220266178,20.43605041812083,31.847474952671178,5.804922785987793e-17,1.3638344423565322e-16,0.0,1.4752358531427649e-15,3.4151969901701315e-14,converged
2025-01-16T01:00:00+08:00,17.0,-6.972222222222222,0.0,3.102777777777778,52.46666666666667,52.46666666666667,44.733333333333334,44.733333333333334,50.0,60.0,85.0,39.76465610494198,14.21837076384794,13.897010145765478,11.649275195328562,77.57716331396443,1.1274960602254083,52.46666666666667,52.46666666666667,52.333333333333336,44.529530035878594,43.417273956965744,41.191913826760974,43.163044089506016,0.42032213888888886,0.4269002782215957,28.08337481370065,28.28557518739068,19.37970912330111,27.91820647187547,23.135846372938513,23.314965171069876,23.201283023740846,23.0494710651368,18.614280211502304,22.811551333058173,22.70663576978449,22.562388722251974,1.0,0.0,0.5833333333333334,0.25,0.0,19.37970912330111,23.0494710651368,27.91820647187547,12.519015220266178,20.43605041812083,31.847474952671178,5.804922785987793e-17,1.363495501946076e-16,0.0,6.698690238019714e-16,3.338020566844124e-14,converged
2025-01-16T01:05:00+08:00,17.083333333333332,-7.0,0.0,3.1,52.6,52.6,44.8,44.8,50.0,60.0,85.0,39.82391788751268,14.239560586148755,13.917721040170491,11.666636261193432,77.80856412004528,1.1325445425665015,52.46666666666667,52.46666666666667,52.41747398042689,44.53853833579592,43.427497378887004,41.25680629993942,43.188848628637295,0.420778,0.42748318950507563,28.081470827928644,28.28312578099548,19.375532898562838,27.917051204082437,23.132791656012735,23.31137349214081,23.198291142068598,23.0471563070599,18.609024046006517,22.806739200810988,22.702441537434268,22.55888851883335,1.0,0.0,0.5833333333333334,0.25,0.0,19.375532898562838,23.0471563070599,27.917051204082437,12.500385733331258,20.40563962880815,31.800082876848755,2.3150636338629627e-16,0.0,1.3730821546220897e-16,1.7800329201710373e-16,3.023564635879144e-14,converged
2025-01-16T01:10:00+08:00,17.166666666666668,-7.027777777777778,0.0,3.0972222222222223,52.6,52.6,44.8,44.8,50.0,60.0,85.0,39.82391788751268,14.239560586148755,13.917721040170491,11.666636261193432,77.80856412004528,1.1325445425665015,52.46666666666667,52.46666666666667,52.46666666666667,44.53781392713989,43.42657474157966,41.286478685900065,43.19695985127755,0.4212338611111111,0.4277739209610719,28.07953166078004,28.28064478302496,19.371300971272685,27.91586361077409,23.129689431019496,23.30773889142838,23.195256261889515,23.04479820859028,18.60380729966157,22.801973923356325,22.698289601580573,22.555426225490418,1.0,0.0,0.5833333333333334,0.25,0.0,19.371300971272685,23.04479820859028,27.91586361077409,12.500385733331258,20.40563962880815,31.800082876848755,2.3150636338629627e-16,4.08213250466695e-16,1.3730821546220897e-16,1.792048221054194e-15,2.6246177398067656e-14,converged
2025-01-16T01:15:00+08:00,17.25,-7.055555555555556,0.0,3.0944444444444446,52.6,52.6,44.8,44.8,50.0,60.0,85.0,39.82391788751268,14.239560586148755,13.917721040170491,11.666636261193432,77.80856412004528,1.1325445425665015,52.53332304711117,52.46666666666667,52.46666666666667,44.58384875828726,43.42563848058225,41.28488533034973,43.212626216649625,0.42168972222222223,0.4281508303959904,28.07768230391426,28.278250600431946,19.36713944281035,27.914750832330125,23.12653989319333,23.304061536054327,23.192178542268554,23.042396922436357,18.5985332867146,22.797169794351305,22.694098545013727,22.55192430621192,1.0,0.0,0.5833333333333334,0.25,0.0,19.36713944281035,23.042396922436357,27.914750832330125,12.500385733331258,20.40563962880815,31.800082876848755,2.3150636338629627e-16,8.157077849359582e-16,1.3730821546220897e-16,1.3184613411284583e-15,3.112519509034612e-14,converged
2025-01-16T01:20:00+08:00,17.333333333333332,-7.083333333333333,0.0,3.091666666666667,52.6,52.6,44.8,44.8,50.0,60.0,85.0,39.82391788751268,14.239560586148755,13.917721040170491,11.666636261193432,77.80856412004528,1.1325445425665015,52.6,52.46666666666667,52.46666666666667,44.629939783615825,43.42468864782883,41.283276289851926,43.2283033369142,0.4221455833333333,0.428527582977953,28.075922282667015,28.275942803555566,19.36304774103079,27.913712530904935,23.123343236966438,23.300341592489687,23.18905814168224,23.039952600768487,18.593202291042758,22.79232696102284,22.689868508581643,22.548382896882742,1.0,0.0,0.5833333333333334,0.25,0.0,19.36304774103079,23.039952600768487,27.913712530904935,12.500385733331258,20.40563962880815,31.800082876848755,2.3150636338629627e-16,2.716635438445608e-16,1.3730821546220897e-16,1.9452497890545236e-15,3.222083079517103e-14,converged
2025-01-16T01:25:00+08:00,17.416666666666668,-7.111111111111111,0.0,3.088888888888889,52.6,52.6,44.8,44.8,50.0,60.0,85.0,39.82391788751268,14.239560586148755,13.917721040170491,11.666636261193432,77.80856412004528,1.1325445425665015,52.6,52.589182943231776,52.46666666666667,44.629251650259036,43.50847338489,41.281651626967886,43.25686254431096,0.4226014444444444,0.429185552382164,28.074126594986677,28.273602963053587,19.358899949615147,27.912641566089714,23.120338270642005,23.296805305057504,23.18611001183342,23.037669977334982,18.58781459511599,22.78744557003994,22.685599632625138,22.5448021329218,1.0,0.0,0.5833333333333334,0.25,0.0,19.358899949615147,23.037669977334982,27.912641566089714,12.500385733331258,20.40563962880815,31.800082876848755,2.3150636338629627e-16,1.3562353296934138e-16,1.3730821546220897e-16,1.3051918133854998e-15,2.4857050151924152e-14,converged
2025-01-16T01:30:00+08:00,17.5,-7.138888888888889,0.0,3.0861111111111112,52.6,52.6,44.8,44.8,50.0,60.0,85.0,39.82391788751268,14.239560586148755,13.917721040170491,11.666636261193432,77.80856412004528,1.1325445425665015,52.6,52.6,52.46666666666667,44.628551832092406,43.51505007174889,41.28001140400317,43.25843023298859,0.42305730555555554,0.429287661699505,28.07229536104337,28.27123118121666,19.354696325433412,27.911538032237516,23.11730661592813,23.29324580190504,23.18313765081877,23.035361931138823,18.582370480004005,22.7825257675158,22.681292056979746,22.541182149283625,1.0,0.0,0.5833333333333334,0.25,0.0,19.354696325433412,23.035361931138823,27.911538032237516,12.500385733331258,20.40563962880815,31.800082876848755,2.3150636338629627e-16,1.2203214649758725e-15,1.3730821546220897e-16,5.923136901741408e-16,3.2204402121589896e-14,converged
2025-01-16T01:35:00+08:00,17.583333333333332,-7.166666666666667,0.0,3.0833333333333335,52.733333333333334,52.733333333333334,44.86666666666667,44.86666666666667,50.0,60.0,85.0,39.883179670083386,14.26075040844957,13.938431934575508,11.683997327058306,78.0403095289647,1.1376080725338522,52.6,52.6,52.55206911567143,44.63759614498068,43.52530170835283,41.345778751428796,43.28451380876845,0.42351316666666666,0.42987728745519765,28.070443039705317,28.26884103559307,19.350446755155016,27.910414397438114,23.114242132468156,23.289657166311013,23.180135488798037,23.033023223183854,18.57705446733765,22.777733940481202,22.677103916829644,22.53767363570987,1.0,0.0,0.5833333333333334,0.25,0.0,19.350446755155016,23.033023223183854,27.910414397438114,12.481811608913235,20.375319213312146,31.75283163929028,5.77047228171729e-17,1.3540529498091681e-16,0.0,1.4974675245381997e-15,4.663798347875941e-14,converged
2025-01-16T01:40:00+08:00,17.666666666666668,-7.194444444444444,0.0,3.0805555555555557,52.733333333333334,52.733333333333334,44.86666666666667,44.86666666666667,50.0,60.0,85.0,39.883179670083386,14.26075040844957,13.938431934575508,11.683997327058306,78.0403095289647,1.1376080725338522,52.6,52.6,52.6,44.63687769696647,43.524376929104,41.37466813075126,43.29239702803427,0.42396902777777773,0.4301619050962211,28.06855536401202,28.26641911055273,19.34614181945949,27.90925834631809,23.111130182623796,23.286025598797945,23.177090367664583,23.03064126023683,18.571775718793987,22.772986726852583,22.672955994441576,22.534201101278867,1.0,0.0,0.5833333333333334,0.25,0.0,19.34614181945949,23.03064126023683,27.90925834631809,12.481811608913235,20.375319213312146,31.75283163929028,5.77047228171729e-17,5.412628149900646e-16,0.0,8.233568522465474e-16,3.489190473287655e-14,converged
2025-01-16T01:45:00+08:00,17.75,-7.222222222222222,0.0,3.077777777777778,52.733333333333334,52.733333333333334,44.86666666666667,44.86666666666667,50.0,60.0,85.0,39.883179670083386,14.26075040844957,13.938431934575508,11.683997327058306,78.0403095289647,1.1376080725338522,52.66715169042897,52.6,52.6,44.68329042379821,43.5234385553751,41.37307279604285,43.30819719676499,0.42442488888888885,0.43054137662355707,28.066758292614985,28.264084729272636,19.341908571721287,27.90817784806743,23.107970961482017,23.282351266547384,23.174002446356972,23.028216194723818,18.56644001354899,22.768200596019426,22.66876893921487,22.530688977886154,1.0,0.0,0.5833333333333334,0.25,0.0,19.341908571721287,23.028216194723818,27.90817784806743,12.481811608913235,20.375319213312146,31.75283163929028,5.77047228171729e-17,1.3519643888805873e-16,0.0,2.3030000996129467e-15,3.301222123250686e-14,converged
2025-01-16T01:50:00+08:00,17.833333333333332,-7.25,0.0,3.075,52.733333333333334,52.733333333333334,44.86666666666667,44.86666666666667,50.0,60.0,85.0,39.883179670083386,14.26075040844957,13.938431934575508,11.683997327058306,78.0403095289647,1.1376080725338522,52.733333333333334,52.6,52.6,44.729063990813074,43.52248663899661,41.371461815684654,43.32375950919318,0.42488075,0.43091581073338187,28.065049493216296,28.26183570228788,19.337744565412457,27.907170972379635,23.104764663327977,23.27863433608986,23.17087188322574,23.025748178533743,18.56104763397089,22.763375695480242,22.664542892062887,22.527137401310817,1.0,0.0,0.5833333333333334,0.25,0.0,19.337744565412457,23.025748178533743,27.907170972379635,12.481811608913235,20.375319213312146,31.75283163929028,5.77047228171729e-17,0.0,0.0,2.7073111819344534e-15,3.22599542018366e-14,converged
2025-01-16T01:55:00+08:00,17.916666666666668,-7.277777777777778,0.0,3.0722222222222224,52.733333333333334,52.733333333333334,44.86666666666667,44.86666666666667,50.0,60.0,85.0,39.883179670083386,14.26075040844957,13.938431934575508,11.683997327058306,78.0403095289647,1.1376080725338522,52.733333333333334,52.723324820978334,52.6,44.72838176781125,43.60687555227921,41.36983525206592,43.35253142147272,0.42533661111111115,0.43157798821726334,28.063304855813296,28.259554445325055,19.333524801810114,27.90613134303676,23.101751729805326,23.275102599627807,23.167915100539172,23.023443346018205,18.55559886102804,22.758512172174513,22.660277993391567,22.523546506866264,1.0,0.0,0.5833333333333334,0.25,0.0,19.333524801810114,23.023443346018205,27.90613134303676,12.481811608913235,20.375319213312146,31.75283163929028,5.77047228171729e-17,1.6184605101082605e-15,0.0,6.088892957409001e-16,3.328286928901349e-14,converged
2025-01-16T02:00:00+08:00,18.0,-7.305555555555556,0.0,3.0694444444444446,52.733333333333334,52.733333333333334,44.86666666666667,44.86666666666667,50.0,60.0,85.0,39.883179670083386,14.26075040844957,13.938431934575508,11.683997327058306,78.0403095289647,1.1376080725338522,52.733333333333334,52.733333333333334,52.6,44.72768786600153,43.612894882912194,41.36819316732099,43.35390589453344,0.4257924722222223,0.43167611980493314,28.061524501175096,28.257241061287523,19.32924953627836,27.90505905466899,23.098710575415268,23.27154614683573,23.1649327094385,23.021111826344498,18.550093974295876,22.753610172484812,22.655974383101263,22.519916429401817,1.0,0.0,0.5833333333333334,0.25,0.0,19.32924953627836,23.021111826344498,27.90505905466899,12.481811608913235,20.375319213312146,31.75283163929028,5.77047228171729e-17,1.0787283936812707e-15,0.0,4.977783104752254e-16,3.186711217118517e-14,converged
2025-01-16T02:05:00+08:00,18.083333333333332,-7.333333333333333,0.0,3.066666666666667,52.86666666666667,52.86666666666667,44.93333333333333,44.93333333333333,50.0,60.0,85.0,39.94244145265409,14.281940230750386,13.959142828980522,11.701358392923174,78.27239954072265,1.1426866725197597,52.733333333333334,52.733333333333334,52.68666050669665,44.736767955382554,43.62317468361698,41.434833989278275,43.38026799467423,0.42624833333333334,0.43227243927267417,28.059722936405898,28.2549091755258,19.32492867328535,27.90396661414161,23.09563667015018,23.267960588445945,23.161920589266934,23.018749758658185,18.54472004225828,22.748838375354843,22.65179237162854,22.516399928060036,1.0,0.0,0.5833333333333334,0.25,0.0,19.32492867328535,23.018749758658185,27.90396661414161,12.463292600591407,20.345088769375483,31.705720613119233,1.726008576340769e-16,6.732751804788375e-16,0.0,1.7896727033128364e-15,2.4586065398565956e-14,converged
2025-01-16T02:10:00+08:00,18.166666666666668,-7.361111111111111,0.0,3.063888888888889,52.86666666666667,52.86666666666667,44.93333333333333,44.93333333333333,50.0,60.0,85.0,39.94244145265409,14.281940230750386,13.959142828980522,11.701358392923174,78.27239954072265,1.1426866725197597,52.733333333333334,52.733333333333334,52.733333333333334,44.73605543515692,43.62224786946397,41.46294178282774,43.38792365247636,0.42670419444444446,0.43255095395979754,28.057885847299712,28.2525453256333,19.320552772646504,27.90284166772298,23.092515338772476,23.264332087862172,23.158865548190242,23.01634451931848,18.539381216009584,22.744108956307013,22.64764850383354,22.51291747838944,1.0,0.0,0.5833333333333334,0.25,0.0,19.320552772646504,23.01634451931848,27.90284166772298,12.463292600591407,20.345088769375483,31.705720613119233,1.726008576340769e-16,0.0,0.0,7.981255694195556e-16,3.41003801862303e-14,converged
2025-01-16T02:15:00+08:00,18.25,-7.388888888888889,0.0,3.0611111111111113,52.86666666666667,52.86666666666667,44.93333333333333,44.93333333333333,50.0,60.0,85.0,39.94244145265409,14.281940230750386,13.959142828980522,11.701358392923174,78.27239954072265,1.1426866725197597,52.80097886398423,52.733333333333334,52.733333333333334,44.78284529307,43.62130748959214,41.46134463689042,43.40385743761845,0.4271600555555556,0.43293297785531826,28.056140157204002,28.25026974883592,19.316249837217846,27.90179301145129,23.089346776227256,23.260660812326265,23.155767745024903,23.013896260476237,18.53398573347108,22.739340555392936,22.64346549091602,22.50939547561945,1.0,0.0,0.5833333333333334,0.25,0.0,19.316249837217846,23.013896260476237,27.90179301145129,12.463292600591407,20.345088769375483,31.705720613119233,1.726008576340769e-16,2.68899177890393e-16,0.0,2.2572034385170782e-15,5.807119110282603e-14,converged
2025-01-16T02:20:00+08:00,18.333333333333332,-7.416666666666667,0.0,3.0583333333333336,52.86666666666667,52.86666666666667,44.93333333333333,44.93333333333333,50.0,60.0,85.0,39.94244145265409,14.281940230750386,13.959142828980522,11.701358392923174,78.27239954072265,1.1426866725197597,52.86666666666667,52.733333333333334,52.733333333333334,44.82830198340801,43.62035359573007,41.45973188372742,43.41930523621641,0.4276159166666667,0.4333050956531145,28.05448168055888,28.24807850000469,19.312015551147383,27.900817126308347,23.086131176658306,23.256946928428746,23.152627337999746,23.011405133746077,18.52853387554875,22.734533320378976,22.639243473855316,22.50583405542708,1.0,0.0,0.5833333333333334,0.25,0.0,19.312015551147383,23.011405133746077,27.900817126308347,12.463292600591407,20.345088769375483,31.705720613119233,1.726008576340769e-16,6.716706253561575e-16,0.0,2.170416921251862e-15,3.199043814849996e-14,converged
2025-01-16T02:25:00+08:00,18.416666666666668,-7.444444444444444,0.0,3.055555555555556,52.86666666666667,52.86666666666667,44.93333333333333,44.93333333333333,50.0,60.0,85.0,39.94244145265409,14.281940230750386,13.959142828980522,11.701358392923174,78.27239954072265,1.1426866725197597,52.86666666666667,52.85746429948331,52.733333333333334,44.827625637501335,43.70534562999369,41.458103585560146,43.44828952138444,0.4280717777777778,0.43397146736928,28.052787197306305,28.24585483794179,19.3077258308905,27.89980839847011,23.083110610994876,23.25341977240639,23.149662216300577,23.00907867061264,18.52302592175581,22.72968739847137,22.634982593123024,22.502233353023943,1.0,0.0,0.5833333333333334,0.25,0.0,19.3077258308905,23.00907867061264,27.89980839847011,12.463292600591407,20.345088769375483,31.705720613119233,1.726008576340769e-16,9.38894966676592e-16,0.0,1.0327384953293305e-15,4.317481580132499e-14,converged
2025-01-16T02:30:00+08:00,18.5,-7.472222222222222,0.0,3.0527777777777776,52.86666666666667,52.86666666666667,44.93333333333333,44.93333333333333,50.0,60.0,85.0,39.94244145265409,14.281940230750386,13.959142828980522,11.701358392923174,78.27239954072265,1.1426866725197597,52.86666666666667,52.86666666666667,52.733333333333334,44.82693761861742,43.71080874614132,41.45645980435589,43.44947121432336,0.4285276388888889,0.4340656276074161,28.05105682880452,28.243598866153533,19.30338093034748,27.898766922840412,23.080060294498757,23.24986640300091,23.146670111277107,23.006724257230896,18.517462150219643,22.72480293631835,22.63068298868484,22.498593503157842,1.0,0.0,0.5833333333333334,0.25,0.0,19.30338093034748,23.006724257230896,27.898766922840412,12.463292600591407,20.345088769375483,31.705720613119233,1.726008576340769e-16,0.0,0.0,1.3390769578385186e-15,3.073321585857616e-14,converged
2025-01-16T02:35:00+08:00,18.583333333333332,-7.5,0.0,3.0500000000000003,53.0,53.0,45.0,45.0,50.0,60.0,85.0,40.001703235224795,14.303130053051206,13.979853723385538,11.718719458788046,78.50483415531914,1.1477803649165261,52.86666666666667,52.86666666666665,52.821248170143505,44.83605324814306,43.72111665773792,41.523972697766155,43.47611132468052,0.4289835,0.43466862020902686,28.049305129919375,28.241324257308204,19.298990771805133,27.89770524472784,23.076977303397577,23.246283954454693,23.143648347758575,23.004339407414747,18.512032169896976,22.720050899169408,22.626507140966105,22.495069329420645,1.0,0.0,0.5833333333333334,0.25,0.0,19.298990771805133,23.004339407414747,27.89770524472784,12.444828463405344,20.314947897124558,31.658749175173867,1.147265510051437e-16,9.373890993058858e-16,0.0,7.80804427387359e-16,2.713396598030926e-14,converged
2025-01-16T02:40:00+08:00,18.666666666666668,-7.527777777777778,0.0,3.0472222222222225,53.0,53.0,45.0,45.0,50.0,60.0,85.0,40.001703235224795,14.303130053051206,13.979853723385538,11.718719458788046,78.50483415531914,1.1477803649165261,52.86666666666667,52.86666666666665,52.86666666666667,44.835346621853006,43.720187912975724,41.551300319096704,43.483539859471996,0.42943936111111114,0.4349410428725579,28.047517739656314,28.239017502690007,19.294545894277814,27.896610972369018,23.073846925079724,23.242658553305038,23.14058370038289,23.00191146726526,18.506635133978786,22.71533901080443,22.622367367479665,22.491577283352427,1.0,0.0,0.5833333333333334,0.25,0.0,19.294545894277814,23.00191146726526,27.896610972369018,12.444828463405344,20.314947897124558,31.658749175173867,1.147265510051437e-16,1.6059462366403393e-15,0.0,1.874156346325176e-15,3.1843252504819724e-14,converged
2025-01-16T02:45:00+08:00,18.75,-7.555555555555556,0.0,3.0444444444444443,53.0,53.0,45.0,45.0,50.0,60.0,85.0,40.001703235224795,14.303130053051206,13.979853723385538,11.718719458788046,78.50483415531914,1.1477803649165261,52.93480457430919,52.86666666666665,52.86666666666667,44.88251284716715,43.719245630817575,41.54970152447514,43.49960707187595,0.42989522222222226,0.4353256095526265,28.045822543770747,28.236799751406167,19.290175247599,27.895593726695086,23.070669354353992,23.23899036685459,23.13747632784866,22.99944058866507,18.50118173297014,22.710588076884274,22.618188436433492,22.4880457189591,1.0,0.0,0.5,0.25,0.0,19.290175247599,22.99944058866507,27.895593726695086,12.444828463405344,20.314947897124558,31.658749175173867,1.147265510051437e-16,6.685531431666288e-16,0.0,5.425451339125115e-15,5.2058612432218965e-14,converged
2025-01-16T02:50:00+08:00,18.833333333333332,-7.583333333333333,0.0,3.0416666666666665,53.0,53.0,45.0,45.0,50.0,60.0,85.0,40.001703235224795,14.303130053051206,13.979853723385538,11.718719458788046,78.50483415531914,1.1477803649165261,53.0,52.86666666666665,52.86666666666667,44.927653239987514,43.71828986289172,41.548087160204325,43.51494064724292,0.43035108333333333,0.43569541329585737,28.04421350779749,28.234665306789463,19.285872651630335,27.894648403712463,23.067444785228318,23.235279561754343,23.134326388267194,22.99692692296147,18.495672246360083,22.705798245439485,22.613970488873395,22.484474771819244,1.0,0.0,0.5,0.25,0.0,19.285872651630335,22.99692692296147,27.894648403712463,12.444828463405344,20.314947897124558,31.658749175173867,1.147265510051437e-16,1.2023742555799535e-15,0.0,4.511624852444584e-15,3.11388996589207e-14,converged
2025-01-16T02:55:00+08:00,18.916666666666668,-7.611111111111111,0.0,3.038888888888889,53.0,53.0,45.0,45.0,50.0,60.0,85.0,40.001703235224795,14.303130053051206,13.979853723385538,11.718719458788046,78.50483415531914,1.1477803649165261,53.0,52.99160138941001,52.86666666666667,44.92698273694643,43.80388396301516,41.5464572883419,43.54413697143781,0.43080694444444445,0.4363659655518744,28.04256829952617,28.232498268731376,19.281514935596455,27.893670150200265,23.064416913877487,23.23175701444448,23.131353234107234,22.994579395314517,18.490106952251807,22.700969663939404,22.609713665337143,22.480864577046308,1.0,0.0,0.5,0.25,0.0,19.281514935596455,22.994579395314517,27.893670150200265,12.444828463405344,20.314947897124558,31.658749175173867,1.147265510051437e-16,1.3339184425130833e-16,0.0,5.535038206191129e-15,2.967563566389883e-14,converged
2025-01-16T03:00:00+08:00,19.0,-7.638888888888889,0.0,3.036111111111111,53.0,53.0,45.0,45.0,50.0,60.0,85.0,40.001703235224795,14.303130053051206,13.979853723385538,11.718719458788046,78.50483415531914,1.1477803649165261,53.0,52.999999999999986,52.86666666666667,44.92630056659736,43.80879200133437,41.54481197069205,43.54512631607542,0.4312628055555556,0.4364561609012253,28.040887040894482,28.23029874133163,19.277102351974737,27.892659061332534,23.061357764261956,23.22820676024621,23.128351724064526,22.992202655665047,18.484486127369507,22.69610247929427,22.60541810585628,22.47721526929019,1.0,0.0,0.5,0.25,0.0,19.277102351974737,22.992202655665047,27.892659061332534,12.444828463405344,20.314947897124558,31.658749175173867,1.147265510051437e-16,6.668213915605653e-16,0.0,4.867919205375916e-15,2.933869289599636e-14,converged
2025-01-16T03:05:00+08:00,19.083333333333332,-7.666666666666667,0.0,3.033333333333333,53.13333333333333,53.13333333333333,45.06666666666667,45.06666666666667,50.0,60.0,85.0,40.0609650177955,14.324319875352026,14.000564617790557,11.73608052465292,78.73761337275417,1.152889172116452,53.0,53.0,52.95583212255454,44.935451500118596,43.819127968070816,41.61319552932102,43.57204392076243,0.4317186666666667,0.4370658062368191,28.03918433406192,28.228080444098303,19.272644840886045,27.891627720532416,23.05826601474534,23.224627452983437,23.125320624769987,22.989795589033367,18.479001914779996,22.691369937473425,22.60124845559993,22.473683731656845,1.0,0.0,0.5,0.25,0.0,19.272644840886045,22.989795589033367,27.891627720532416,12.426418953844088,20.284896199051882,31.611916705979816,2.2877474879082745e-16,6.658912694937322e-16,1.1441860019242346e-16,4.507966304074252e-17,3.4714985758549376e-14,converged
2025-01-16T03:10:00+08:00,19.166666666666668,-7.694444444444444,0.0,3.0305555555555554,53.13333333333333,53.13333333333333,45.06666666666667,45.06666666666667,50.0,60.0,85.0,40.0609650177955,14.324319875352026,14.000564617790557,11.73608052465292,78.73761337275417,1.152889172116452,53.0,53.0,53.0,44.934750732974216,43.818197394317274,41.63974438483254,43.57924576762983,0.43217452777777776,0.43733214787301683,28.037445771696284,28.225829822467485,19.268132920609034,27.8905636983279,23.055126915566795,23.221005182577944,23.12224667753299,22.987345511412297,18.47354848240699,22.686675321127485,22.59711281475798,22.47018240116725,1.0,0.0,0.5,0.25,0.0,19.268132920609034,22.987345511412297,27.8905636983279,12.426418953844088,20.284896199051882,31.611916705979816,2.2877474879082745e-16,2.661942928118264e-16,1.1441860019242346e-16,1.302143814758914e-15,3.17002780112448e-14,converged
2025-01-16T03:15:00+08:00,19.25,-7.722222222222222,0.0,3.0277777777777777,53.13333333333333,53.13333333333333,45.06666666666667,45.06666666666667,50.0,60.0,85.0,40.0609650177955,14.324319875352026,14.000564617790557,11.73608052465292,78.73761337275417,1.152889172116452,53.06862882789749,53.0,53.0,44.98229256298941,43.81725331106232,41.63814409884809,43.59544621603434,0.4326303888888889,0.43771924789099836,28.035800199681002,28.223668935267792,19.26369648545959,27.889577438594674,23.05194066140422,23.21734011639362,23.119130040938362,22.984852574423112,18.4680389671997,22.681941596490926,22.592938003770684,22.466641586061826,1.0,0.0,0.5,0.25,0.0,19.26369648545959,22.984852574423112,27.889577438594674,12.426418953844088,20.284896199051882,31.611916705979816,2.2877474879082745e-16,6.648972051597144e-16,1.1441860019242346e-16,1.5097658767936958e-15,6.583257961552648e-14,converged
2025-01-16T03:20:00+08:00,19.333333333333332,-7.75,0.0,3.025,53.13333333333333,53.13333333333333,45.06666666666667,45.06666666666667,50.0,60.0,85.0,40.0609650177955,14.324319875352026,14.000564617790557,11.73608052465292,78.73761337275417,1.152889172116452,53.13333333333333,53.0,53.0,45.027117235038745,43.81629576983541,41.63652827996833,43.6106658554555,0.43308625,0.43808673993110503,28.03423973898738,28.22159033840545,19.259327496029602,27.888662256087187,23.0487074461351,23.21363242114239,23.115970872984008,22.982316929152596,18.46247364727424,22.677168911854885,22.58872416375083,22.46306142182429,1.0,0.0,0.5,0.25,0.0,19.259327496029602,22.982316929152596,27.888662256087187,12.426418953844088,20.284896199051882,31.611916705979816,2.2877474879082745e-16,2.657357806475555e-16,1.1441860019242346e-16,3.2300963528691405e-16,3.204871921343965e-14,converged
2025-01-16T03:25:00+08:00,19.416666666666668,-7.777777777777778,0.0,3.022222222222222,53.13333333333333,53.13333333333333,45.06666666666667,45.06666666666667,50.0,60.0,85.0,40.0609650177955,14.324319875352026,14.000564617790557,11.73608052465292,78.73761337275417,1.152889172116452,53.13333333333333,53.12573610135861,53.0,45.02645253972557,43.90249088087554,41.634896990091015,43.64007388303764,0.43354211111111113,0.4387614591858593,28.032642943163108,28.219478970881937,19.25490369191259,27.887714056403176,23.04567258715441,23.210114509650975,23.11298998580027,22.979948890991164,18.45685279936755,22.672357414948213,22.584471435302838,22.459442043473477,1.0,0.0,0.5,0.25,0.0,19.25490369191259,22.979948890991164,27.887714056403176,12.426418953844088,20.284896199051882,31.611916705979816,2.2877474879082745e-16,6.633178427006125e-16,1.1441860019242346e-16,1.6076686828400397e-15,3.940868416830584e-14,converged
2025-01-16T03:30:00+08:00,19.5,-7.805555555555556,0.0,3.0194444444444444,53.13333333333333,53.13333333333333,45.06666666666667,45.06666666666667,50.0,60.0,85.0,40.0609650177955,14.324319875352026,14.000564617790557,11.73608052465292,78.73761337275417,1.152889172116452,53.13333333333333,53.13333333333333,53.0,45.02577618262185,43.90684497300728,41.633250290861184,43.64087130761199,0.43399797222222225,0.43884769618451736,28.031009934715833,28.217334937380986,19.25042532420287,27.886732934983506,23.04260492503011,23.206567401304785,23.10997937254024,22.977550380438707,18.45117669884422,22.667507252939593,22.5801799585246,22.45578358556493,1.0,0.0,0.5,0.25,0.0,19.25042532420287,22.977550380438707,27.886732934983506,12.426418953844088,20.284896199051882,31.611916705979816,2.2877474879082745e-16,1.3263749911311712e-16,1.1441860019242346e-16,1.2734466053927725e-15,3.37468269682176e-14,converged
2025-01-16T03:35:00+08:00,19.583333333333332,-7.833333333333333,0.0,3.0166666666666666,53.266666666666666,53.266666666666666,45.13333333333333,45.13333333333333,50.0,60.0,85.0,40.1202268003662,14.34550969765284,14.02127551219557,11.753441590517788,78.97073719302774,1.1580131165118375,53.13333333333333,53.13333333333333,53.090412380374495,45.034962184254816,43.91720893667075,41.702503105519945,43.66806588911154,0.4344538333333333,0.4394639740289009,28.029355362636874,28.21517200377893,19.245902350866327,27.885731513040525,23.039504736177,23.202991265595657,23.10693923796522,22.975121650271383,18.445640016535926,22.662793946953318,22.576016538102543,22.45224498579977,1.0,0.0,0.5,0.25,0.0,19.245902350866327,22.975121650271383,27.885731513040525,12.40806382983546,20.254933279998635,31.56522258972284,5.702484983681875e-17,2.649029925244313e-16,0.0,1.4653907071418617e-15,3.7069894267411654e-14,converged
2025-01-16T03:40:00+08:00,19.666666666666668,-7.861111111111111,0.0,3.013888888888889,53.266666666666666,53.266666666666666,45.13333333333333,45.13333333333333,50.0,60.0,85.0,40.1202268003662,14.34550969765284,14.02127551219557,11.753441590517788,78.97073719302774,1.1580131165118375,53.13333333333333,53.13333333333333,53.13333333333333,45.034267240589635,43.91627663293017,41.72827459461041,43.67504147986336,0.43490969444444444,0.4397242456967894,28.027664773701453,28.212976570118705,19.241325269513545,27.8846973237134,23.036357233909303,23.199372156079217,23.103856290254903,22.972649986524164,18.440131947692013,22.658116349085947,22.571885066893156,22.44873467613732,1.0,0.0,0.5,0.25,0.0,19.241325269513545,22.972649986524164,27.8846973237134,12.40806382983546,20.254933279998635,31.56522258972284,5.702484983681875e-17,0.0,0.0,3.2694431838811633e-15,2.8925471917228565e-14,converged
2025-01-16T03:45:00+08:00,19.75,-7.888888888888889,0.0,3.011111111111111,53.266666666666666,53.266666666666666,45.13333333333333,45.13333333333333,50.0,60.0,85.0,40.1202268003662,14.34550969765284,14.02127551219557,11.753441590517788,78.97073719302774,1.1580131165118375,53.2024516312044,53.13333333333333,53.13333333333333,45.082183913641074,43.9153308471642,41.72667296951762,43.69137497098297,0.43536555555555556,0.4401138697395564,28.026067971649134,28.210871602798022,19.23682491645679,27.883741631880728,23.033162612779297,23.195710240181054,23.10073068788437,22.970135540563664,18.434568069588032,22.653399581127132,22.56771441280924,22.4451849145259,1.0,0.0,0.5,0.25,0.0,19.23682491645679,22.970135540563664,27.883741631880728,12.40806382983546,20.254933279998635,31.56522258972284,5.702484983681875e-17,1.3225591128930477e-16,0.0,3.6713732215094236e-15,3.491957263149805e-14,converged
2025-01-16T03:50:00+08:00,19.833333333333332,-7.916666666666667,0.0,3.0083333333333333,53.266666666666666,53.266666666666666,45.13333333333333,45.13333333333333,50.0,60.0,85.0,40.1202268003662,14.34550969765284,14.02127551219557,11.753441590517788,78.97073719302774,1.1580131165118375,53.266666666666666,53.13333333333333,53.13333333333333,45.1266934393161,43.91437163080504,41.725055847485365,43.70648095851954,0.4358214166666667,0.4404790525186798,28.024555237214642,28.208847914394166,19.232391398013878,27.882856174755624,23.029921066539266,23.192005684674463,23.0975625887421,22.967578463222836,18.428948659009894,22.648643791625073,22.563504717031044,22.44159583635785,1.0,0.0,0.5,0.25,0.0,19.232391398013878,22.967578463222836,27.882856174755624,12.40806382983546,20.254933279998635,31.56522258972284,5.702484983681875e-17,1.321462634389383e-16,0.0,2.4862364031700594e-15,2.8954660963455014e-14,converged
2025-01-16T03:55:00+08:00,19.916666666666668,-7.944444444444444,0.0,3.0055555555555555,53.266666666666666,53.266666666666666,45.13333333333333,45.13333333333333,50.0,60.0,85.0,40.1202268003662,14.34550969765284,14.02127551219557,11.753441590517788,78.97073719302774,1.1580131165118375,53.266666666666666,53.2598684458667,53.13333333333333,45.12603451574427,44.001166698054085,41.72342329025529,43.73610035215794,0.43627727777777775,0.44115792537883763,28.023006007621447,28.20679128104626,19.227903361755505,27.881937614976064,23.02687952979371,23.188492434969834,23.094574261011932,22.96519045668993,18.42327399137079,22.643849128564614,22.55925612023012,22.43796757656087,1.0,0.0,0.5,0.25,0.0,19.227903361755505,22.96519045668993,27.881937614976064,12.40806382983546,20.254933279998635,31.56522258972284,5.702484983681875e-17,5.277716442562601e-16,0.0,4.51017337959885e-15,3.893868018179587e-14,converged
2025-01-16T04:00:00+08:00,20.0,-7.972222222222222,0.0,3.0027777777777778,53.266666666666666,53.266666666666666,45.13333333333333,45.13333333333333,50.0,60.0,85.0,40.1202268003662,14.34550969765284,14.02127551219557,11.753441590517788,78.97073719302774,1.1580131165118375,53.266666666666666,53.266666666666666,53.13333333333333,45.12536393575671,44.004967970689556,41.721775359317064,43.73670628141396,0.43673313888888887,0.44124021063906854,28.02142040593784,28.204701808012803,19.223361057431656,27.880986048246395,23.023803667597804,23.184948501974027,23.091554839389495,22.96277071877213,18.417544340718006,22.639015739369384,22.55496876257117,22.43430026959961,1.0,0.0,0.5,0.25,0.0,19.223361057431656,22.96277071877213,27.880986048246395,12.40806382983546,20.254933279998635,31.56522258972284,5.702484983681875e-17,5.276732220679758e-16,0.0,8.92957179339185e-17,3.82505149489714e-14,converged
2025-01-16T04:05:00+08:00,20.083333333333332,-8.0,0.0,3.0,53.4,53.4,45.2,45.2,50.0,60.0,85.0,40.179488582936905,14.366699519953656,14.041986406600586,11.77080265638266,79.20420561613986,1.163152220494985,53.266666666666666,53.266666666666666,53.22498895995113,45.13458476994562,44.01535987068637,41.79189601805689,43.76417732068547,0.437189,0.44186310093823683,28.019813127531222,28.202593307073133,19.218774460859994,27.88001413324618,23.02069535034718,23.181375566948105,23.088505963108194,22.96032086656231,18.41195689932054,22.63432141477467,22.550811603049915,22.430754902867733,1.0,0.0,0.5,0.25,0.0,19.218774460859994,22.96032086656231,27.88001413324618,12.389762850735407,20.22505874713728,31.51866621422177,0.0,2.634646830200181e-16,0.0,1.4920399834987e-15,3.091484764480275e-14,converged
2025-01-16T04:10:00+08:00,20.166666666666668,-8.0,0.41666666666666075,3.0,53.4,53.4,45.2,45.2,50.0,60.0,85.0,40.179488582936905,14.366699519953656,14.041986406600586,11.77080265638266,79.20420561613986,1.163152220494985,53.266666666666666,53.266666666666666,53.266666666666666,45.13390580113819,44.014437633600906,41.81690623722022,43.770939123343716,0.437015175,0.44211675320725824,28.01823206826551,28.200517817627563,19.214230078406295,27.87906048247075,23.01762060646532,23.17784281820464,23.085489584400655,22.957895101477177,18.406499810423885,22.629743762053266,22.546759617841193,22.427302861021886,1.0,0.0,0.5,0.25,0.0,19.214230078406295,22.957895101477177,27.87906048247075,12.389762850735407,20.22505874713728,31.51866621422177,0.0,5.266270548782435e-16,0.0,1.097500632590476e-15,3.1054491805989e-14,converged
2025-01-16T04:15:00+08:00,20.25,-8.0,0.8333333333333393,3.0,53.4,53.4,45.2,45.2,50.0,60.0,85.0,40.179488582936905,14.366699519953656,14.041986406600586,11.77080265638266,79.20420561613986,1.163152220494985,53.33627299064706,53.266666666666666,53.266666666666666,45.182227070396564,44.01352528226124,41.81534745400826,43.7874415185847,0.43684134999999996,0.4425072133114626,28.016807777030884,28.19859900160216,19.20985924595751,27.878237032056823,23.01457929788231,23.174350099159415,23.082505582960945,22.955493338584983,18.40109057015264,22.625209738067916,22.54274344630069,22.423878117416663,1.0,0.0,0.5,0.25,0.0,19.20985924595751,22.955493338584983,27.878237032056823,12.389762850735407,20.22505874713728,31.51866621422177,0.0,1.3154059224905206e-16,0.0,3.0339768260268463e-15,3.063048218249872e-14,converged
2025-01-16T04:20:00+08:00,20.333333333333332,-8.0,1.25,3.0,53.4,53.4,45.2,45.2,50.0,60.0,85.0,40.179488582936905,14.366699519953656,14.041986406600586,11.77080265638266,79.20420561613986,1.163152220494985,53.4,53.266666666666666,53.266666666666666,45.226472786884756,44.012622778749844,41.81380242179577,43.80249411690916,0.436667525,0.44286729663637664,28.01552848890573,28.19682572310362,19.205649782603174,27.87753379799155,23.01157128709603,23.17089725383835,23.079553838928508,22.953115493253446,18.395728941179026,22.620719177336262,22.538762959368093,22.420480578354876,1.0,0.0,0.5,0.25,0.0,19.205649782603174,22.953115493253446,27.87753379799155,12.389762850735407,20.22505874713728,31.51866621422177,0.0,1.18290276161741e-15,0.0,3.0234703615857845e-15,2.993217894628695e-14,converged
2025-01-16T04:25:00+08:00,20.416666666666668,-8.0,1.6666666666666607,3.0,53.4,53.4,45.2,45.2,50.0,60.0,85.0,40.179488582936905,14.366699519953656,14.041986406600586,11.77080265638266,79.20420561613986,1.163152220494985,53.4,53.393998433409664,53.266666666666666,45.22589054042011,44.10009820267302,41.812271085707245,43.832408352782444,0.4364937,0.44354640745923324,28.01427431368981,28.195084384886528,19.201480805585245,27.87684805122458,23.008844792151883,23.16771943489516,23.076857796329985,22.950974416659985,18.390414687352397,22.61627191500362,22.53481802844818,22.417110150460935,1.0,0.0,0.5,0.25,0.0,19.201480805585245,22.950974416659985,27.87684805122458,12.389762850735407,20.22505874713728,31.51866621422177,0.0,1.0498592243711018e-15,0.0,1.2056152075249546e-15,2.617102438649116e-14,converged
2025-01-16T04:30:00+08:00,20.5,-8.0,2.0833333333333393,3.0,53.4,53.4,45.2,45.2,50.0,60.0,85.0,40.179488582936905,14.366699519953656,14.041986406600586,11.77080265638266,79.20420561613986,1.163152220494985,53.4,53.4,53.266666666666666,45.22531674585833,44.10345230646842,41.81075339109118,43.83293076515671,0.436319875,0.44361973985486053,28.013045166683373,28.193374884884832,19.197352129421393,27.87617974118908,23.006161982026658,23.16459133188966,23.07420346287106,22.94886635708047,18.385147573693413,22.611867786840588,22.530908525409142,22.413766740679748,1.0,0.0,0.5,0.25,0.0,19.197352129421393,22.94886635708047,27.87617974118908,12.389762850735407,20.22505874713728,31.51866621422177,0.0,3.936321291688548e-16,0.0,3.82990044310538e-15,3.142181041248475e-14,converged
2025-01-16T04:35:00+08:00,20.583333333333332,-8.0,2.5,3.0,53.4,53.4,45.2,45.2,50.0,60.0,85.0,40.179488582936905,14.366699519953656,14.041986406600586,11.77080265638266,79.20420561613986,1.163152220494985,53.4,53.4,53.35950223428742,45.22475137206922,44.10265244351663,41.86849079665089,43.84936356233708,0.43614605,0.44412090186487474,28.011840963472334,28.191697121358626,19.19326356947906,27.87552881746443,23.00351099537919,23.161501681896798,23.07158016638943,22.946781179457005,18.380110150525823,22.607668649311513,22.52718825182567,22.410596864326774,1.0,0.0,0.5,0.25,0.0,19.19326356947906,22.946781179457005,27.87552881746443,12.389762850735407,20.22505874713728,31.51866621422177,0.0,1.310626468356972e-16,0.0,1.0121727667610209e-15,2.8262382590238643e-14,converged
2025-01-16T04:40:00+08:00,20.666666666666668,-8.0,2.9166666666666607,3.0,53.4,53.4,45.2,45.2,50.0,60.0,85.0,40.179488582936905,14.366699519953656,14.041986406600586,11.77080265638266,79.20420561613986,1.163152220494985,53.4,53.4,53.4,45.22419438804119,44.101861998037926,41.89291373367625,43.856042993426044,0.435972225,0.4443622950684984,28.010661619927326,28.190050992893116,19.18921494197155,27.874895229775817,23.00089170133596,23.158450335085977,23.068987791986288,22.944718803107293,18.375198032564636,22.603582248839395,22.52356962415041,22.407517162855815,1.0,0.0,0.5,0.25,0.0,19.18921494197155,22.944718803107293,27.874895229775817,12.389762850735407,20.22505874713728,31.51866621422177,0.0,5.239657960133157e-16,0.0,2.619828980066578e-16,2.8700381408433624e-14,converged
2025-01-16T04:45:00+08:00,20.75,-8.0,3.3333333333333393,3.0,53.4,53.4,45.2,45.2,50.0,60.0,85.0,40.179488582936905,14.366699519953656,14.041986406600586,11.77080265638266,79.20420561613986,1.163152220494985,53.4,53.4,53.4,45.223645762880736,44.1010809339126,41.89151948909121,43.855165406284726,0.43579840000000003,0.44440315512643586,28.00950705220272,28.188436398397588,19.185206063954155,27.874278927993792,22.998303969561654,23.155437142210413,23.06642622518818,22.942679147633516,18.370331060188967,22.599537613799765,22.519985248469826,22.404463481621978,1.0,0.0,0.4166666666666667,0.25,0.0,19.185206063954155,22.942679147633516,27.874278927993792,12.389762850735407,20.22505874713728,31.51866621422177,0.0,1.0478352413480398e-15,0.0,3.929382155055149e-16,2.983441886602902e-14,converged
2025-01-16T04:50:00+08:00,20.833333333333332,-8.0,3.75,3.0,53.4,53.4,45.2,45.2,50.0,60.0,85.0,40.179488582936905,14.366699519953656,14.041986406600586,11.77080265638266,79.20420561613986,1.163152220494985,53.4,53.4,53.4,45.22310546581202,44.100309215159854,41.89013834302565,43.85429790027904,0.435624575,0.44444354581128503,28.00837717673569,28.18685323710436,19.181236753320313,27.873679862133876,22.995747670256964,23.152461954604856,23.063895351945437,22.940662132921346,18.365509009478032,22.595534585777717,22.516435001351343,22.401435731314635,1.0,0.0,0.4166666666666667,0.25,0.0,19.181236753320313,22.940662132921346,27.873679862133876,12.389762850735407,20.22505874713728,31.51866621422177,0.0,0.0,0.0,6.548375093085827e-16,3.7921062202913594e-14,converged
2025-01-16T04:55:00+08:00,20.916666666666668,-8.0,4.166666666666661,3.0,53.4,53.4,45.2,45.2,50.0,60.0,85.0,40.179488582936905,14.366699519953656,14.041986406600586,11.77080265638266,79.20420561613986,1.163152220494985,53.4,53.4,53.4,45.22257346617645,44.099546805937365,41.888770243250555,43.853440436619614,0.43545075,0.44448346892906304,28.007271910245233,28.18530140856776,19.177306828797747,27.873097982356114,22.993222674156378,23.149524624183318,23.0613950586306,22.93866767913894,18.360731657621688,22.59157300695921,22.512918759807206,22.398433822929697,1.0,0.0,0.4166666666666667,0.25,0.0,19.177306828797747,22.93866767913894,27.873097982356114,12.389762850735407,20.22505874713728,31.51866621422177,0.0,1.3095573847484755e-16,0.0,6.547786923742373e-16,3.18513164697374e-14,converged
2025-01-16T05:00:00+08:00,21.0,-8.0,4.583333333333339,3.0,53.4,53.4,45.2,45.2,50.0,60.0,85.0,40.179488582936905,14.366699519953656,14.041986406600586,11.77080265638266,79.20420561613986,1.163152220494985,53.4,53.4,53.4,45.22204973343212,44.09879367054069,41.88741513774986,43.85259297666935,0.435276925,0.44452292627869494,28.006191169731245,28.18378081266309,19.173416109944654,27.872533238964678,22.99072885252599,23.146625003436828,23.058925232036852,22.936695706735946,18.355998782914924,22.58765272012878,22.509436401292856,22.39545766776857,1.0,0.0,0.4166666666666667,0.25,0.0,19.173416109944654,22.936695706735946,27.872533238964678,12.389762850735407,20.22505874713728,31.51866621422177,0.0,5.237764576126627e-16,0.0,2.6188822880633125e-16,3.106098592273063e-14,converged
2025-01-16T05:05:00+08:00,21.083333333333332,-8.0,5.0,3.0,53.4,53.4,45.2,45.2,50.0,60.0,85.0,40.179488582936905,14.366699519953656,14.041986406600586,11.77080265638266,79.20420561613986,1.163152220494985,53.4,53.4,53.4,45.22153423715342,44.09804977340273,41.886072974719646,43.85175548194289,0.43510309999999996,0.44456191965204134,28.00513487247355,28.182291349585608,19.169564417145907,27.871985582407437,22.988266077161306,23.143762945431178,23.056485759376482,22.934746136442502,18.35131016475238,22.58377356866728,22.50598780370535,22.39250717743711,1.0,0.0,0.4166666666666667,0.25,0.0,19.169564417145907,22.934746136442502,27.871985582407437,12.389762850735407,20.22505874713728,31.51866621422177,0.0,7.8559577427180285e-16,0.0,0.0,3.1151521379700743e-14,converged
2025-01-16T05:10:00+08:00,21.166666666666668,-8.0,5.416666666666661,3.0,53.4,53.4,45.2,45.2,50.0,60.0,85.0,40.179488582936905,14.366699519953656,14.041986406600586,11.77080265638266,79.20420561613986,1.163152220494985,53.4,53.4,53.4,45.22102694703056,44.0973150790932,41.8847437025672,43.850927914105974,0.434929275,0.44460045083392785,28.00410293603098,28.180832919849497,19.16575157160925,27.87145496327555,22.985834220385073,23.140938303804678,23.054076528279307,22.93281888926826,18.346665583622894,22.57993539654961,22.50257284538176,22.38958226384457,1.0,0.0,0.4166666666666667,0.25,0.0,19.16575157160925,22.93281888926826,27.87145496327555,12.389762850735407,20.22505874713728,31.51866621422177,0.0,1.0473702544257616e-15,0.0,2.618425636064404e-16,3.0569792058072376e-14,converged
2025-01-16T05:15:00+08:00,21.25,-8.0,5.833333333333339,3.0,53.4,53.4,45.2,45.2,50.0,60.0,85.0,40.179488582936905,14.366699519953656,14.041986406600586,11.77080265638266,79.20420561613986,1.163152220494985,53.4,53.4,53.4,45.220527832869095,44.09658955231816,41.88342726991016,43.85011023497485,0.43475545,0.44463852160217215,28.003095278240405,28.17940542428685,19.161977395361543,27.870941332303047,22.983433155045105,23.138150932765935,23.05169742679114,22.930913886501386,18.342064821104067,22.57613804834248,22.49919140509759,22.386682839202557,1.0,0.0,0.4166666666666667,0.25,0.0,19.161977395361543,22.930913886501386,27.870941332303047,12.389762850735407,20.22505874713728,31.51866621422177,0.0,1.3091007208220946e-16,0.0,9.163705045754655e-16,2.5744497708725522e-14,converged
2025-01-16T05:20:00+08:00,21.333333333333332,-8.0,6.25,3.0,53.4,53.4,45.2,45.2,50.0,60.0,85.0,40.179488582936905,14.366699519953656,14.041986406600586,11.77080265638266,79.20420561613986,1.163152220494985,53.4,53.4,53.4,45.22003686458953,44.09587315791939,41.88212362557561,43.8493024065157,0.434581625,0.44467613372761294,28.002111817215827,28.17800876404665,19.158241711245005,27.87044464036642,22.981062754512134,23.135400687091625,23.04934834337225,22.929031049707596,18.337507659856872,22.572381369202137,22.495843362065198,22.383808816024,1.0,0.0,0.4166666666666667,0.25,0.0,19.158241711245005,22.929031049707596,27.87044464036642,12.389762850735407,20.22505874713728,31.51866621422177,0.0,3.926969978725411e-16,0.0,2.61797998581694e-16,3.1096299882733124e-14,converged
2025-01-16T05:25:00+08:00,21.416666666666668,-8.0,6.666666666666661,3.0,53.4,53.4,45.2,45.2,50.0,60.0,85.0,40.179488582936905,14.366699519953656,14.041986406600586,11.77080265638266,79.20420561613986,1.163152220494985,53.4,53.4,53.4,45.21955401222678,44.095165860873976,41.88083271859922,43.84850439084394,0.4344078,0.4447132889741377,28.00115247134742,28.176642840593768,19.154544342913475,27.8699648384842,22.97872289267765,23.13268742212428,23.04702916689583,22.92717030072916,18.33299388362028,22.568665204872158,22.492528595932214,22.38096010712212,1.0,0.0,0.4166666666666667,0.25,0.0,19.154544342913475,22.92717030072916,27.8699648384842,12.389762850735407,20.22505874713728,31.51866621422177,0.0,1.3088806284098355e-16,0.0,5.235522513639339e-16,2.3070836254844205e-14,converged
2025-01-16T05:30:00+08:00,21.5,-8.0,7.083333333333339,3.0,53.4,53.4,45.2,45.2,50.0,60.0,85.0,40.179488582936905,14.366699519953656,14.041986406600586,11.77080265638266,79.20420561613986,1.163152220494985,53.4,53.4,53.4,45.21907924592979,44.094467626293685,41.87955449822439,43.84771615022376,0.434233975,0.4447499890987101,28.000217159300615,28.17530755570795,19.1508851148287,27.869501877816564,22.976413443951756,23.130010993770085,23.04473978664645,22.92533156168393,18.328523277205903,22.564989401681203,22.489246986779982,22.378136625609393,1.0,0.0,0.4166666666666667,0.25,0.0,19.1508851148287,22.92533156168393,27.869501877816564,12.389762850735407,20.22505874713728,31.51866621422177,0.0,1.4396498836249177e-15,0.0,6.54386310738599e-16,2.835363018092142e-14,converged
2025-01-16T05:35:00+08:00,21.583333333333332,-8.0,7.5,3.0,53.4,53.4,45.2,45.2,50.0,60.0,85.0,40.179488582936905,14.366699519953656,14.041986406600586,11.77080265638266,79.20420561613986,1.163152220494985,53.4,53.4,53.4,45.21861253596108,44.09377841942451,41.878288913901336,43.84693764706738,0.43406015000000003,0.4447862358513985,27.999305800015158,28.174002811482794,19.14726385225663,27.86905570966491,22.97413428326105,23.12737125849668,23.042480092318563,22.923514754964383,18.324095626492692,22.561353806540804,22.485998415121994,22.375338284896515,1.0,0.0,0.4166666666666667,0.25,0.0,19.14726385225663,22.923514754964383,27.86905570966491,12.389762850735407,20.22505874713728,31.51866621422177,0.0,7.851995797763092e-16,0.0,0.0,2.898502819646169e-14,converged
2025-01-16T05:40:00+08:00,21.666666666666668,-8.0,7.916666666666661,3.0,53.4,53.4,45.2,45.2,50.0,60.0,85.0,40.179488582936905,14.366699519953656,14.041986406600586,11.77080265638266,79.20420561613986,1.163152220494985,53.4,53.4,53.4,45.21815385269624,44.093098205646136,41.87703591528631,43.84616884393459,0.433886325,0.44482203097540296,27.998418312704192,28.17272851032477,19.143680381263724,27.868626285471457,22.97188528604649,23.12476807333097,23.04024997401497,22.921719803236634,18.31971071842162,22.557758266943157,22.482782761902325,22.372564998691395,1.0,0.0,0.4166666666666667,0.25,0.0,19.143680381263724,22.921719803236634,27.868626285471457,12.389762850735407,20.22505874713728,31.51866621422177,0.0,1.5702727884901747e-15,0.0,7.851363942450874e-16,3.551067989763273e-14,converged
2025-01-16T05:45:00+08:00,21.75,-8.0,8.33333333333334,3.0,53.4,53.4,45.2,45.2,50.0,60.0,85.0,40.179488582936905,14.366699519953656,14.041986406600586,11.77080265638266,79.20420561613986,1.163152220494985,53.4,53.4,53.4,45.21770316662357,44.092426950471406,41.87579545224063,43.84540970353206,0.4337125,0.44485737620708304,27.99755461685334,28.17148455495221,19.14013452871331,27.868213556818834,22.969666328261276,23.122201295856954,23.038049322245303,22.919946629439483,18.31536834099044,22.554202630958905,22.47959990849409,22.369816680998127,1.0,0.0,0.4166666666666667,0.25,0.0,19.14013452871331,22.919946629439483,27.868213556818834,12.389762850735407,20.22505874713728,31.51866621422177,0.0,3.9253700642049026e-16,0.0,3.925370064204901e-16,3.214235650593966e-14,converged
2025-01-16T05:50:00+08:00,21.833333333333332,-8.0,8.75,3.0,53.4,53.4,45.2,45.2,50.0,60.0,85.0,40.179488582936905,14.366699519953656,14.041986406600586,11.77080265638266,79.20420561613986,1.163152220494985,53.4,53.4,53.4,45.21726044834358,44.091764619545856,41.87456747482993,43.84466018871284,0.433538675,0.44489227327598535,27.996714632219778,28.170270848394313,19.136626122261905,27.86781747542967,22.967477286368755,23.119670784213547,23.035878027924536,22.918195156783447,18.311068283248417,22.550686747234963,22.476449736697898,22.36709324611597,1.0,0.0,0.4166666666666667,0.25,0.0,19.136626122261905,22.918195156783447,27.86781747542967,12.389762850735407,20.22505874713728,31.51866621422177,0.0,2.616708107104335e-16,0.0,5.233416214208667e-16,3.234388273944862e-14,converged
2025-01-16T05:55:00+08:00,21.916666666666668,-8.0,9.16666666666666,3.0,53.4,53.4,45.2,45.2,50.0,60.0,85.0,40.179488582936905,14.366699519953656,14.041986406600586,11.77080265638266,79.20420561613986,1.163152220494985,53.4,53.4,53.4,45.216825668568546,44.09111117864715,41.873351933323235,43.84392026247567,0.43336484999999997,0.44492672390487026,27.99589827883132,28.16908729399015,19.133154990355592,27.86743799316621,22.965318037340314,23.11717639709242,23.03373598237147,22.91646530874981,18.306810335291132,22.547210464992318,22.473332128740303,22.364394608638342,1.0,0.0,0.4166666666666667,0.25,0.0,19.133154990355592,22.91646530874981,27.86743799316621,12.389762850735407,20.22505874713728,31.51866621422177,0.0,1.3082527478370298e-16,0.0,7.849516487022173e-16,2.9880951946905666e-14,converged
2025-01-16T06:00:00+08:00,22.0,-8.0,9.58333333333334,3.0,53.4,53.4,45.2,45.2,50.0,60.0,85.0,40.179488582936905,14.366699519953656,14.041986406600586,11.77080265638266,79.20420561613986,1.163152220494985,53.4,53.4,53.4,45.21639879812212,44.09046659368457,41.87214877819215,43.84318988796449,0.433191025,0.4449607298097401,27.995105476985504,28.16793379538767,19.129720962226408,27.867075062029876,22.96318845865329,23.11471799373584,23.03162307730725,22.91475700908965,18.302594288255285,22.54377363402386,22.470246967272278,22.3617206834518,1.0,0.0,0.4166666666666667,0.25,0.0,19.129720962226408,22.91475700908965,27.867075062029876,12.389762850735407,20.22505874713728,31.51866621422177,0.0,0.0,0.0,6.540763826321963e-16,3.000452520493254e-14,converged
2025-01-16T06:05:00+08:00,22.083333333333332,-8.0,10.0,3.0,53.4,53.4,45.2,45.2,50.0,60.0,85.0,40.179488582936905,14.366699519953656,14.041986406600586,11.77080265638266,79.20420561613986,1.163152220494985,53.4,53.4,53.4,45.21597980793883,44.089830830698574,41.87095796010999,43.84246902846781,0.4330172,0.4449942926998652,27.994336147248692,28.16681025654272,19.12632386788874,27.8667286341609,22.961088428288896,23.112295433934545,23.029539204853858,22.913070181822917,18.298419934313532,22.540376104692207,22.46719413536768,22.359071385735046,1.0,0.0,0.4166666666666667,0.25,0.0,19.12632386788874,22.913070181822917,27.8667286341609,12.389762850735407,20.22505874713728,31.51866621422177,0.0,7.848324601240672e-16,0.0,0.0,2.42532726322546e-14,converged
2025-01-16T06:10:00+08:00,22.166666666666668,-8.0,10.41666666666666,3.0,53.4,53.4,45.2,45.2,50.0,60.0,85.0,40.179488582936905,14.366699519953656,14.041986406600586,11.77080265638266,79.20420561613986,1.163152220494985,53.4,53.4,53.4,45.21556866906369,44.089203855860205,41.86977942995097,43.84175764741811,0.432843375,0.44502741427781134,27.993590210455153,28.16571658171807,19.122963538135735,27.8663986618379,22.959017824730147,23.109908578025582,23.027484257532652,22.911404751237455,18.294287066669348,22.537017727927548,22.464173516521733,22.35644663095792,1.0,0.0,0.4166666666666667,0.25,0.0,19.122963538135735,22.911404751237455,27.8663986618379,12.389762850735407,20.22505874713728,31.51866621422177,0.0,1.3079567470675162e-16,0.0,9.155697229472605e-16,1.970282136980286e-14,converged
2025-01-16T06:15:00+08:00,22.25,-8.0,10.83333333333334,3.0,53.4,53.4,45.2,45.2,50.0,60.0,85.0,40.179488582936905,14.366699519953656,14.041986406600586,11.77080265638266,79.20420561613986,1.163152220494985,53.4,53.4,53.4,45.21516535265175,44.088585635470665,41.86861313878933,43.84105570839136,0.43266955,0.44506009623946674,27.992867587706165,28.164652675482404,19.11963980453574,27.866085097477484,22.95697652695979,23.107557286890188,23.02545812826287,22.90976064188808,18.290195479551908,22.533698355225493,22.4611849946495,22.35384633488039,1.0,0.0,0.4166666666666667,0.25,0.0,19.11963980453574,22.90976064188808,27.866085097477484,12.389762850735407,20.22505874713728,31.51866621422177,0.0,5.231442801122165e-16,0.0,2.6157214005610816e-16,3.0829787071508935e-14,converged
2025-01-16T06:20:00+08:00,22.333333333333332,-8.0,11.25,3.0,53.4,53.4,45.2,45.2,50.0,60.0,85.0,40.179488582936905,14.366699519953656,14.041986406600586,11.77080265638266,79.20420561613986,1.163152220494985,53.4,53.4,53.4,45.21476982996767,44.08797613596073,41.86745903789851,43.840363175106305,0.432495725,0.4450923402740685,27.992168200369107,28.163618442709367,19.11635249942875,27.865787893633858,22.954964414458253,23.10524142195168,23.023460710360162,22.908137778595624,18.28614496821101,22.530417838644915,22.458228454084374,22.35127041355158,1.0,0.0,0.4166666666666667,0.25,0.0,19.11635249942875,22.908137778595624,27.865787893633858,12.389762850735407,20.22505874713728,31.51866621422177,0.0,5.231063817240769e-16,0.0,2.615531908620384e-16,3.2932946131746137e-14,converged
2025-01-16T06:25:00+08:00,22.416666666666668,-8.0,11.66666666666666,3.0,53.4,53.4,45.2,45.2,50.0,60.0,85.0,40.179488582936905,14.366699519953656,14.041986406600586,11.77080265638266,79.20420561613986,1.163152220494985,53.4,53.4,53.4,45.21438207238527,44.087375323890335,41.866317078750384,43.83968001142402,0.43232190000000004,0.44512414806422934,27.99149197007657,28.162613788576586,19.113101455922862,27.865507002998424,22.952981367201605,23.10296084517332,23.021491897535125,22.906536086446,18.282135328912002,22.52717603080583,22.455303779576575,22.348718783308744,1.0,0.0,0.4166666666666667,0.25,0.0,19.113101455922862,22.906536086446,27.865507002998424,12.389762850735407,20.22505874713728,31.51866621422177,0.0,1.0461380029208088e-15,0.0,3.9230175109530326e-16,3.065025367354109e-14,converged
2025-01-16T06:30:00+08:00,22.5,-8.0,12.08333333333334,3.0,53.4,53.4,45.2,45.2,50.0,60.0,85.0,40.179488582936905,14.366699519953656,14.041986406600586,11.77080265638266,79.20420561613986,1.163152220494985,53.4,53.4,53.4,45.21400205138711,44.086783165948006,41.8651872130143,43.83900618134726,0.432148075,0.4451555212859642,27.99083881872546,28.16163861856469,19.10988650789077,27.865242378399383,22.95102726565951,23.10071541905624,23.019551583891836,22.904955490789277,18.27816635893075,22.52397278488726,22.45241085629164,22.346191360776313,1.0,0.0,0.4166666666666667,0.25,0.0,19.10988650789077,22.904955490789277,27.865242378399383,12.389762850735407,20.22505874713728,31.51866621422177,0.0,6.537901714137709e-16,0.0,1.3075803428275414e-16,3.191688577997426e-14,converged
2025-01-16T06:35:00+08:00,22.583333333333332,-8.0,12.5,3.0,53.4,53.4,45.2,45.2,50.0,60.0,85.0,40.179488582936905,14.366699519953656,14.041986406600586,11.77080265638266,79.20420561613986,1.163152220494985,53.4,53.4,53.4,45.213629738564094,44.08619962895042,41.864069392556395,43.838341649019924,0.43197425,0.44518646160871655,27.990208668476107,28.160692838456352,19.106707489966258,27.864993972801336,22.94910199079319,23.098505006637314,23.017639663926403,22.90339591723874,18.274237856548634,22.520807954625113,22.449549569808934,22.34368806286489,1.0,0.0,0.4166666666666667,0.25,0.0,19.106707489966258,22.90339591723874,27.864993972801336,12.389762850735407,20.22505874713728,31.51866621422177,0.0,1.3074894663941354e-16,0.0,9.152426264758938e-16,2.571065894317392e-14,converged
2025-01-16T06:40:00+08:00,22.666666666666668,-8.0,12.91666666666666,3.0,53.4,53.4,45.2,45.2,50.0,60.0,85.0,40.179488582936905,14.366699519953656,14.041986406600586,11.77080265638266,79.20420561613986,1.163152220494985,53.4,53.4,53.4,45.21326510561501,44.08562467984186,41.86296356943868,43.83768637872651,0.431800425,0.44521697069538496,27.989601441751372,28.159776354335314,19.103564237540706,27.864761739304896,22.94720542405342,23.096329471487103,23.015756032525506,22.90185729166996,18.270349621047544,22.517681394310074,22.446719806120154,22.341208806770258,1.0,0.0,0.4166666666666667,0.25,0.0,19.103564237540706,22.90185729166996,27.864761739304896,12.389762850735407,20.22505874713728,31.51866621422177,0.0,1.307399868934753e-16,0.0,6.536999344673761e-16,3.4771479380025094e-14,converged
2025-01-16T06:45:00+08:00,22.75,-8.0,13.33333333333334,3.0,53.4,53.4,45.2,45.2,50.0,60.0,85.0,40.179488582936905,14.366699519953656,14.041986406600586,11.77080265638266,79.20420561613986,1.163152220494985,53.4,53.4,53.4,45.21290812434608,44.085058285693755,41.861869695918294,43.8370403348915,0.43162659999999997,0.44524705020234867,27.989017061235767,28.15888907258543,19.100456586759627,27.864545631146292,22.945337447378506,23.09418867770775,23.013900584964954,22.90033954021987,18.266501452704926,22.514592958785496,22.443921451627844,22.338753509972427,1.0,0.0,0.4166666666666667,0.25,0.0,19.100456586759627,22.90033954021987,27.864545631146292,12.389762850735407,20.22505874713728,31.51866621422177,0.0,1.307311545062772e-16,0.0,6.536557725313855e-16,3.01829320890241e-14,converged
2025-01-16T06:50:00+08:00,22.833333333333332,-8.0,13.75,3.0,53.4,53.4,45.2,45.2,50.0,60.0,85.0,40.179488582936905,14.366699519953656,14.041986406600586,11.77080265638266,79.20420561613986,1.163152220494985,53.4,53.4,53.4,45.21255876667063,44.08450041370419,41.86078772444658,43.836403482078836,0.431452775,0.4452767017794946,27.988455449874568,28.158030899889717,19.097384374519212,27.864345601696975,22.94349794319228,23.092082489930917,23.01207321690825,22.898842589285856,18.262693152788845,22.511542503445305,22.441154393143915,22.33632209023464,1.0,0.0,0.4166666666666667,0.25,0.0,19.097384374519212,22.898842589285856,27.864345601696975,12.389762850735407,20.22505874713728,31.51866621422177,0.0,7.843346936524752e-16,0.0,0.0,3.5290992768528493e-14,converged
2025-01-16T06:55:00+08:00,22.916666666666668,-8.0,14.16666666666666,3.0,53.4,53.4,45.2,45.2,50.0,60.0,85.0,40.179488582936905,14.366699519953656,14.041986406600586,11.77080265638266,79.20420561613986,1.163152220494985,53.4,53.4,53.4,45.212217004608576,44.0839510311974,41.85971760766843,43.83577578499135,0.43127895,0.4453059270702425,27.98791653087294,28.157201743229376,19.094347438462886,27.86416160446323,22.941686794402102,23.090010773315733,23.01027382440514,22.897366365524817,18.258924523553077,22.50852988423192,22.438418517888167,22.3339144656024,1.0,0.0,0.4166666666666667,0.25,0.0,19.094347438462886,22.897366365524817,27.86416160446323,12.389762850735407,20.22505874713728,31.51866621422177,0.0,5.22855478672178e-16,0.0,2.614277393360889e-16,2.7857997679156848e-14,converged
2025-01-16T07:00:00+08:00,23.0,-8.0,14.58333333333334,3.0,53.4,53.4,45.2,45.2,50.0,60.0,85.0,40.179488582936905,14.366699519953656,14.041986406600586,11.77080265638266,79.20420561613986,1.163152220494985,53.4,53.4,53.4,45.211882810286056,44.0834101056233,41.85865929842136,43.83515720847023,0.431105125,0.4453347277115714,27.98740022769506,28.156401509882862,19.09134561697789,27.863993593085787,22.939903884396877,23.087973393546722,23.008502303890204,22.895910795852267,18.255195368232204,22.505554957634157,22.435713713486827,22.331530554402516,1.0,0.0,0.4166666666666667,0.25,0.0,19.09134561697789,22.895910795852267,27.863993593085787,12.389762850735407,20.22505874713728,31.51866621422177,0.0,1.4377595776964254e-15,0.0,6.535270807711025e-16,2.605273076359422e-14,converged
2025-01-16T07:05:00+08:00,23.083333333333332,-8.0,15.0,3.0,53.4,53.4,45.2,45.2,50.0,60.0,85.0,40.179488582936905,14.366699519953656,14.041986406600586,11.77080265638266,79.20420561613986,1.163152220494985,53.4,53.4,53.4,45.21155615593497,44.08287760455697,41.857612749734734,43.8345477174944,0.43093129999999996,0.44536310533404494,27.986906464063235,28.155630107424916,19.088378749191868,27.863841521339424,22.93814909704507,23.08597021683176,23.006758552181417,22.894475807441417,18.251505491036767,22.502617580685172,22.433039867971072,22.32917027524212,1.0,0.0,0.4166666666666667,0.25,0.0,19.088378749191868,22.894475807441417,27.863841521339424,12.389762850735407,20.22505874713728,31.51866621422177,0.0,2.6139417574703997e-16,0.0,5.227883514940796e-16,3.249661654495664e-14,converged
2025-01-16T07:10:00+08:00,23.166666666666668,-8.0,15.41666666666666,3.0,53.4,53.4,45.2,45.2,50.0,60.0,85.0,40.179488582936905,14.366699519953656,14.041986406600586,11.77080265638266,79.20420561613986,1.163152220494985,53.4,53.4,53.4,45.21123701389265,44.08235349569822,41.856577914829,43.833947277180094,0.430757475,0.44539106156183755,27.986435163957047,28.154887443725634,19.08544667496948,27.863705343132587,22.93642231669273,23.08400110990005,23.005042466478734,22.89306132772227,18.24785469714841,22.499717610960385,22.430396869775585,22.32683354700772,1.0,0.0,0.4166666666666667,0.25,0.0,19.08544667496948,22.89306132772227,27.863705343132587,12.389762850735407,20.22505874713728,31.51866621422177,0.0,5.227555372068096e-16,0.0,2.6137776860340477e-16,3.0214087843007744e-14,converged
2025-01-16T07:15:00+08:00,23.25,-8.0,15.83333333333334,3.0,53.4,53.4,45.2,45.2,50.0,60.0,85.0,40.179488582936905,14.366699519953656,14.041986406600586,11.77080265638266,79.20420561613986,1.163152220494985,53.4,53.4,53.4,45.210925356601344,44.08183774687109,41.85555474711487,43.833355852780166,0.43058365000000004,0.4454185980127595,27.98598625161247,28.154173426949512,19.082549234909017,27.863585012507006,22.934723428161544,23.082065940000067,23.003353944362672,22.891667284380706,18.244242792715074,22.49685490657543,22.427784607737085,22.324520288864232,1.0,0.0,0.4166666666666667,0.25,0.0,19.082549234909017,22.891667284380706,27.863585012507006,12.389762850735407,20.22505874713728,31.51866621422177,0.0,7.840848295041328e-16,0.0,0.0,2.1494143934185064e-14,converged
2025-01-16T07:20:00+08:00,23.333333333333332,-8.0,16.25,3.0,53.4,53.4,45.2,45.2,50.0,60.0,85.0,40.179488582936905,14.366699519953656,14.041986406600586,11.77080265638266,79.20420561613986,1.163152220494985,53.4,53.4,53.4,45.21062115660787,44.08133032602332,41.85454320019251,43.83277340968362,0.430409825,0.4454457162982828,27.985559651521015,28.153487965554508,19.079686270339057,27.863480483637304,22.933052316746853,23.08016457489755,23.00169288379291,22.890293605357595,18.2406695848462,22.4940293261841,22.42520297109289,22.322230420254023,1.0,0.0,0.4166666666666667,0.25,0.0,19.079686270339057,22.890293605357595,27.863480483637304,12.389762850735407,20.22505874713728,31.51866621422177,0.0,1.3067284920187658e-16,0.0,6.533642460093825e-16,2.7944802322003586e-14,converged
2025-01-16T07:25:00+08:00,23.416666666666668,-8.0,16.66666666666666,3.0,53.4,53.4,45.2,45.2,50.0,60.0,85.0,40.179488582936905,14.366699519953656,14.041986406600586,11.77080265638266,79.20420561613986,1.163152220494985,53.4,53.4,53.4,45.210324386563194,44.08083120122596,41.853543227850786,43.832199913415074,0.430236,0.4454724180235662,27.985155288428864,28.152830968291106,19.076857623315096,27.86339171083061,22.931408868215726,23.078296882873488,23.000059183106874,22.88894021884788,18.23713488160796,22.491240728976322,22.422651849479468,22.319963860895964,1.0,0.0,0.4166666666666667,0.25,0.0,19.076857623315096,22.88894021884788,27.86339171083061,12.389762850735407,20.22505874713728,31.51866621422177,0.0,7.839900998367283e-16,0.0,1.3066501663945473e-16,3.06735540341187e-14,converged
2025-01-16T07:30:00+08:00,23.5,-8.0,17.08333333333334,3.0,53.4,53.4,45.2,45.2,50.0,60.0,85.0,40.179488582936905,14.366699519953656,14.041986406600586,11.77080265638266,79.20420561613986,1.163152220494985,53.4,53.4,53.4,45.21003501922198,44.08034034067283,41.85255478406644,43.83163532963416,0.430062175,0.44549870478748066,27.98477308733601,28.15220234420138,19.07406313661624,27.86331864852618,22.929792968805014,23.076462732722103,22.99845274101835,22.887607053299693,18.233638492018514,22.488488974676095,22.420131132930997,22.31772053078448,1.0,0.0,0.3333333333333333,0.25,0.0,19.07406313661624,22.887607053299693,27.86331864852618,12.389762850735407,20.22505874713728,31.51866621422177,0.0,1.3065730671705233e-16,0.0,9.146011470193655e-16,2.7170471231526618e-14,converged
2025-01-16T07:35:00+08:00,23.583333333333332,-8.0,17.5,3.0,53.4,53.4,45.2,45.2,50.0,60.0,85.0,40.179488582936905,14.366699519953656,14.041986406600586,11.77080265638266,79.20420561613986,1.163152220494985,53.4,53.4,53.4,45.209753027442275,44.07985771268008,41.85157782300335,43.83107962413507,0.42988835,0.44552457818263436,27.984412973495402,28.151602002618066,19.07130265374187,27.863261251295025,22.928204505219412,23.074661993748858,22.996873456616086,22.886294037413464,18.230180226043284,22.485773923539487,22.41764071187794,22.315500350188607,1.0,0.0,0.3333333333333333,0.25,0.0,19.07130265374187,22.886294037413464,27.863261251295025,12.389762850735407,20.22505874713728,31.51866621422177,0.0,7.83898313546324e-16,0.0,1.3064971892438733e-16,3.439895830825881e-14,converged
2025-01-16T07:40:00+08:00,23.666666666666668,-8.0,17.91666666666666,3.0,53.4,53.4,45.2,45.2,50.0,60.0,85.0,40.179488582936905,14.366699519953656,14.041986406600586,11.77080265638266,79.20420561613986,1.163152220494985,53.4,53.4,53.4,45.20947838418499,44.07938328568569,41.850612299011715,43.830532762845905,0.429714525,0.4455500397953981,27.9840748724121,28.151029853163628,19.068576018908363,27.86321947383951,22.926643364629545,23.07289453576846,22.995321229362396,22.88500110014102,18.22675989459026,22.48309543635261,22.415180477145608,22.313303239651038,1.0,0.0,0.3333333333333333,0.25,0.0,19.068576018908363,22.88500110014102,27.86321947383951,12.389762850735407,20.22505874713728,31.51866621422177,0.0,1.3064225275391527e-16,0.0,6.53211263769576e-16,2.899108708007972e-14,converged
2025-01-16T07:45:00+08:00,23.75,-8.0,18.33333333333334,3.0,53.4,53.4,45.2,45.2,50.0,60.0,85.0,40.179488582936905,14.366699519953656,14.041986406600586,11.77080265638266,79.20420561613986,1.163152220494985,53.4,53.4,53.4,45.209211062513596,44.07891702824902,41.84965816662731,43.82999471182826,0.4295407,0.4455750912059296,27.983758709842412,28.15048580574933,19.06588307704579,27.863193270992987,22.92510943467005,23.071160229102876,22.99379595909179,22.883728170684716,18.22337730950532,22.48045337442961,22.41275031995274,22.311129119987196,1.0,0.0,0.3333333333333333,0.25,0.0,19.06588307704579,22.883728170684716,27.863193270992987,12.389762850735407,20.22505874713728,31.51866621422177,0.0,9.144443539056826e-16,0.0,1.3063490770081178e-16,2.0731750279159372e-14,converged
2025-01-16T07:50:00+08:00,23.833333333333332,-8.0,18.75,3.0,53.4,53.4,45.2,45.2,50.0,60.0,85.0,40.179488582936905,14.366699519953656,14.041986406600586,11.77080265638266,79.20420561613986,1.163152220494985,53.4,53.4,53.4,45.20895103559366,44.07845890905036,41.84871538057065,43.82946543727659,0.429366875,0.445599733988199,27.98346441179305,28.14996977057432,19.06322367379465,27.863182597719412,22.92360260343765,23.069458944579363,22.992297546009592,22.882475178496527,18.220032283567587,22.47784759961067,22.410350131910086,22.308977912284295,1.0,0.0,0.3333333333333333,0.25,0.0,19.06322367379465,22.882475178496527,27.863182597719412,12.389762850735407,20.22505874713728,31.51866621422177,0.0,5.225107330518195e-16,0.0,1.3062768326295485e-16,2.5451171223700867e-14,converged
2025-01-16T07:55:00+08:00,23.916666666666668,-8.0,19.16666666666666,3.0,53.4,53.4,45.2,45.2,50.0,60.0,85.0,40.179488582936905,14.366699519953656,14.041986406600586,11.77080265638266,79.20420561613986,1.163152220494985,53.4,53.4,53.4,45.20869827669245,44.07800889689041,41.84778389574634,43.82894490551774,0.42919304999999996,0.4456239697100133,27.983191904520293,28.149481658124706,19.060597655502622,27.86318740911297,22.92212275948929,23.067790553528493,22.99082589069056,22.88124205327719,18.216724630484784,22.475277974259992,22.407979805018996,22.3068495379004,1.0,0.0,0.3333333333333333,0.25,0.0,19.060597655502622,22.88124205327719,27.86318740911297,12.389762850735407,20.22505874713728,31.51866621422177,0.0,3.918617368227228e-16,0.0,3.9186173682272264e-16,3.4176857054671264e-14,converged
2025-01-16T08:00:00+08:00,24.0,-8.0,19.58333333333334,3.0,53.4,53.4,45.2,45.2,50.0,60.0,85.0,40.179488582936905,14.366699519953656,14.041986406600586,11.77080265638266,79.20420561613986,1.163152220494985,53.4,53.4,53.4,45.20845275917859,44.077566960689865,41.84686366724219,43.828433083010395,0.429019225,0.44564779993304093,27.982941114529133,28.14902137917265,19.058004869221325,27.8632076603977,22.920669791840204,23.06615492778219,22.989380894077524,22.880028724975322,18.21345416488865,22.472744361263842,22.405639231670012,22.30474391846351,1.0,0.0,0.3333333333333333,0.25,0.0,19.058004869221325,22.880028724975322,27.8632076603977,12.389762850735407,20.22505874713728,31.51866621422177,0.0,1.0449087539032065e-15,0.0,2.6122718847580163e-16,2.6157780724274545e-14,converged
