timestamp,elapsed_hours,outdoor_temperature_c,solar_radiation_w_m2,wind_m_s,raw_supply_target_c,applied_supply_setpoint_c,raw_pump_target_hz,applied_pump_frequency_hz,near_valve_pct,mid_valve_pct,far_valve_pct,total_flow_m3_h,near_flow_m3_h,mid_flow_m3_h,far_flow_m3_h,pump_pressure_kpa,pump_power_kw,delivered_supply_near_c,delivered_supply_mid_c,delivered_supply_far_c,return_near_c,return_mid_c,return_far_c,station_return_c,required_heat_load_mw,actual_heat_supply_mw,B01_indoor_c,B02_indoor_c,B03_indoor_c,B04_indoor_c,B05_indoor_c,B06_indoor_c,B07_indoor_c,B08_indoor_c,B09_indoor_c,B10_indoor_c,B11_indoor_c,B12_indoor_c,compliance_rate,comfort_rate,overheating_rate,severe_overheating_rate,underheating_rate,P10_c,P50_c,P90_c,near_transport_delay_min,mid_transport_delay_min,far_transport_delay_min,hydraulic_residual,heat_balance_residual,mass_residual,pipe_heat_balance_residual,building_heat_balance_residual,solver_status
2025-01-15T08:05:00+08:00,0.08333333333333333,-8.0,20.0,3.0,53.4,53.4,45.2,45.2,50.0,60.0,85.0,41.46146579980509,13.837928053712723,13.525166121548965,14.098371624543406,76.04269542092851,1.152354391637362,53.4,53.4,53.4,44.90498139470274,43.757169220475944,43.50474082819334,44.05442144649825,0.42884540000000004,0.44900912425605055,27.813175112219607,27.959577471051833,19.019817251485435,27.64053073783137,22.838489100070767,22.98053872239223,22.901134323907005,22.789285919137786,18.494423759702503,22.79035536105525,22.710828174238262,22.59867717557641,1.0,0.0,0.25,0.25,0.0,19.019817251485435,22.79035536105525,27.64053073783137,12.863197388299943,20.997893663392208,26.315095805400528,1.1371351798565668e-16,1.2963580864845429e-16,0.0,9.0745066053918e-16,3.1627022695364145e-14,converged
2025-01-15T08:10:00+08:00,0.16666666666666666,-7.916666666666667,22.5,2.995833333333333,53.4,53.4,45.2,45.2,50.0,60.0,85.0,41.46146579980509,13.837928053712723,13.525166121548965,14.098371624543406,76.04269542092851,1.152354391637362,53.4,53.4,53.4,44.90483067385019,43.75676134598729,43.50424623979835,44.05406991224249,0.4264348666666667,0.4490260137495609,27.813388068559583,27.95966815897872,19.017530717933514,27.64108195804697,22.83731645386596,22.979230467751393,22.89998228100765,22.788325108756382,18.492054835797045,22.78901747102505,22.709646533328495,22.597686692371536,1.0,0.0,0.25,0.25,0.0,19.017530717933514,22.78901747102505,27.64108195804697,12.863197388299943,20.997893663392208,26.315095805400528,1.1371351798565668e-16,1.0370474606120626e-15,0.0,1.8148330560711096e-15,3.40495568282863e-14,converged
2025-01-15T08:15:00+08:00,0.25,-7.833333333333333,25.0,2.9916666666666667,53.4,53.4,45.2,45.2,50.0,60.0,85.0,41.46146579980509,13.837928053712723,13.525166121548965,14.098371624543406,76.04269542092851,1.152354391637362,53.4,53.4,53.4,44.90476276396186,43.756447053668,43.50384945973955,44.05380980227068,0.42402433333333334,0.44903851075549617,27.813849889830923,27.960034434393883,19.01560633620397,27.641831303315985,22.836453544014184,22.97825560298173,22.89912395432153,22.787614859325263,18.4900718483481,22.788013056589026,22.708758693191285,22.596946854771062,1.0,0.0,0.25,0.25,0.0,19.01560633620397,22.788013056589026,27.641831303315985,12.863197388299943,20.997893663392208,26.315095805400528,1.1371351798565668e-16,5.18509299485556e-16,0.0,1.2962732487138902e-15,2.9848499078613926e-14,converged
2025-01-15T08:20:00+08:00,0.3333333333333333,-7.75,27.5,2.9875,53.4,53.4,45.2,45.2,50.0,60.0,85.0,41.46146579980509,13.837928053712723,13.525166121548965,14.098371624543406,76.04269542092851,1.152354391637362,53.4,53.4,53.4,44.90477736369057,43.756225986572005,43.50355009325614,44.05364076533477,0.4216138,0.4490466321495996,27.814559740362903,27.96067542052203,19.014042449814127,27.642778203253044,22.835899100667522,22.977612833059414,22.89855825987404,22.78715429009273,18.48847286234377,22.787340830745165,22.708163576534066,22.596456787409362,1.0,0.0,0.25,0.25,0.0,19.014042449814127,22.787340830745165,27.642778203253044,12.863197388299943,20.997893663392208,26.315095805400528,1.1371351798565668e-16,1.2962498044986017e-16,0.0,9.073748631490212e-16,3.123188307823516e-14,converged
2025-01-15T08:25:00+08:00,0.4166666666666667,-7.666666666666667,30.0,2.9833333333333334,53.4,53.4,45.2,45.2,50.0,60.0,85.0,41.46146579980509,13.837928053712723,13.525166121548965,14.098371624543406,76.04269542092851,1.152354391637362,53.4,53.4,53.4,44.90487417282449,43.75609778911921,43.503347747215805,44.05356245156496,0.4192032666666667,0.44905039474139596,27.815516787290925,27.961590243377298,19.01283740985807,27.643922089114863,22.835651859184143,22.97730086799104,22.898284117691023,22.786942523403038,18.48725595247393,22.786999511458465,22.70786011001442,22.59621561797798,1.0,0.0,0.25,0.25,0.0,19.01283740985807,22.786999511458465,27.643922089114863,12.863197388299943,20.997893663392208,26.315095805400528,1.1371351798565668e-16,5.184955772902832e-16,0.0,2.592477886451416e-16,3.299476532217722e-14,converged
2025-01-15T08:30:00+08:00,0.5,-7.583333333333333,32.5,2.9791666666666665,53.4,53.4,45.2,45.2,50.0,60.0,85.0,41.46146579980509,13.837928053712723,13.525166121548965,14.098371624543406,76.04269542092851,1.152354391637362,53.4,53.4,53.4,44.90505289228275,43.756062107090244,43.503242030107884,44.053574512464195,0.41679273333333333,0.4490498152744564,27.81672020054709,27.962778031754397,19.011989574971967,27.64526239379553,22.835710560106953,22.97731842279406,22.898300451784035,22.786978684685504,18.486419203081603,22.786987821641752,22.707847224225603,22.596222477214937,1.0,0.0,0.25,0.25,0.0,19.011989574971967,22.786987821641752,27.64526239379553,12.863197388299943,20.997893663392208,26.315095805400528,1.1371351798565668e-16,1.2962406159301337e-16,0.0,6.481203079650667e-16,2.7570284369219744e-14,converged
2025-01-15T08:35:00+08:00,0.5833333333333334,-7.5,35.0,2.975,53.0,53.0,45.0,45.0,50.0,60.0,85.0,41.27800798653162,13.77669828356355,13.4653202537545,14.035989449213567,75.37124002828149,1.137125236784428,53.4,53.4,53.4,44.87443931861337,43.720902158582966,43.467104221498985,44.01959942734404,0.41438220000000003,0.44868798234660406,27.818123548990737,27.964194956435144,19.011466788186986,27.64675919143987,22.83602716819634,22.977620099244422,22.89856416484092,22.787221728729392,18.485917581574395,22.787257549807247,22.708079141691794,22.59643375742513,1.0,0.0,0.25,0.25,0.0,19.011466788186986,22.787257549807247,27.64675919143987,12.920367154470167,21.091217635229505,26.432051786757867,1.7208982650771557e-16,9.081001551753635e-16,0.0,6.324268937828423e-16,2.8812146416530994e-14,converged
2025-01-15T08:40:00+08:00,0.6666666666666666,-7.416666666666667,37.5,2.970833333333333,53.0,53.0,45.0,45.0,50.0,60.0,85.0,41.27800798653162,13.77669828356355,13.4653202537545,14.035989449213567,75.37124002828149,1.137125236784428,53.4,53.4,53.4,44.87477000716945,43.72103730270946,43.467176977400655,44.019778620983345,0.4119716666666667,0.4486794110673872,27.819771767833938,27.965883251834743,19.01129808553887,27.648451394336757,22.836647407755432,22.978248912604325,22.89911636975407,22.787711102512105,18.48579253383841,22.787854549856107,22.7085996773205,22.596891486613174,1.0,0.0,0.25,0.25,0.0,19.01129808553887,22.787854549856107,27.648451394336757,12.920367154470167,21.091217635229505,26.432051786757867,1.7208982650771557e-16,3.891932155410973e-16,0.0,5.351406713690088e-16,2.6917470067373393e-14,converged
2025-01-15T08:45:00+08:00,0.75,-7.333333333333333,40.0,2.966666666666667,53.0,53.0,45.0,45.0,50.0,60.0,85.0,41.27800798653162,13.77669828356355,13.4653202537545,14.035989449213567,75.37124002828149,1.137125236784428,53.23362937235761,53.4,53.4,44.75980160772393,43.72126429402963,43.46734560159452,43.98153884852162,0.4095611333333333,0.44785252677123183,27.821354503922993,27.967548804053784,19.011168769946167,27.650073101164875,22.83757003442872,22.979203592612517,22.899956002226375,22.788445940477857,18.486042172268455,22.788777559229512,22.709407773242145,22.597594804411287,1.0,0.0,0.25,0.25,0.0,19.011168769946167,22.788777559229512,27.650073101164875,12.920367154470167,21.091217635229505,26.432051786757867,1.7208982650771557e-16,0.0,0.0,1.5758935059806117e-15,2.7203810551606948e-14,converged
2025-01-15T08:50:00+08:00,0.8333333333333334,-7.25,42.5,2.9625,53.0,53.0,45.0,45.0,50.0,60.0,85.0,41.27800798653162,13.77669828356355,13.4653202537545,14.035989449213567,75.37124002828149,1.137125236784428,53.0,53.4,53.4,44.59811526268135,43.721582782371605,43.467609707486304,43.92776909156253,0.4071506,0.446694742649697,27.822747572606904,27.969073787886597,19.010953099511266,27.65151778243366,22.83879380896035,22.980482873940126,22.901082001887115,22.789425380112256,18.486664618721107,22.79002532023938,22.710502375464554,22.59854285345528,1.0,0.0,0.25,0.25,0.0,19.010953099511266,22.79002532023938,27.65151778243366,12.920367154470167,21.091217635229505,26.432051786757867,1.7208982650771557e-16,3.9092240420063217e-16,0.0,1.0546760696662889e-15,2.945995764711791e-14,converged
2025-01-15T08:55:00+08:00,0.9166666666666666,-7.166666666666667,45.0,2.9583333333333335,53.0,53.0,45.0,45.0,50.0,60.0,85.0,41.27800798653162,13.77669828356355,13.4653202537545,14.035989449213567,75.37124002828149,1.137125236784428,53.0,53.08729741081836,53.4,44.59847210227208,43.50836094729561,43.46796891007506,43.85845512514724,0.40474006666666673,0.4451309593058185,27.824385546190772,27.970869798832755,19.01109010873481,27.653158018914123,22.839711827814973,22.98151165569456,22.901948122392326,22.790129297765088,18.487658004467278,22.791596580049575,22.71188243385874,22.599734779374078,1.0,0.0,0.25,0.25,0.0,19.01109010873481,22.791596580049575,27.653158018914123,12.920367154470167,21.091217635229505,26.432051786757867,1.7208982650771557e-16,2.615304988187846e-16,0.0,9.09227124799681e-16,3.4806200193458256e-14,converged
2025-01-15T09:00:00+08:00,1.0,-7.083333333333333,47.5,2.9541666666666666,53.0,53.0,45.0,45.0,50.0,60.0,85.0,41.27800798653162,13.77669828356355,13.4653202537545,14.035989449213567,75.37124002828149,1.137125236784428,53.0,53.0,53.11456414294063,44.59891018218267,43.44901949897749,43.272636097937976,43.77282343471859,0.4023295333333333,0.44322225245756247,27.826267602737218,27.97293597508271,19.01157818477213,27.654993247917687,22.84076227515217,22.982704862951543,22.90294859236384,22.79093321733006,18.488443445627134,22.792973406078367,22.713056017961918,22.60070219287804,1.0,0.0,0.25,0.25,0.0,19.01157818477213,22.792973406078367,27.654993247917687,12.920367154470167,21.091217635229505,26.432051786757867,1.7208982650771557e-16,2.6265676233862223e-16,0.0,2.027894885790183e-15,4.7632741643555226e-14,converged
2025-01-15T09:05:00+08:00,1.0833333333333333,-7.0,50.0,2.95,52.6,52.6,44.8,44.8,50.0,60.0,85.0,41.094550173258135,13.715468513414379,13.405474385960034,13.973607273883728,74.70276226487015,1.1220308523299272,53.0,53.0,53.0,44.56878487470756,43.41438428607758,43.158486802652234,43.71265580718641,0.399919,0.4422624772767377,27.82834770963289,27.97522886977338,19.012385304543052,27.656983880883846,22.842066824983466,22.984177875129074,22.904193044511356,22.791941542441446,18.4893250188624,22.794419579396823,22.71427364348886,22.601683583522284,1.0,0.0,0.25,0.25,0.0,19.012385304543052,22.794419579396823,27.656983880883846,12.978047364981194,21.185374856815358,26.550052017948754,5.787659084657407e-17,7.896802994260581e-16,1.1679695840535153e-16,5.758085516648341e-17,3.051491145964553e-14,converged
2025-01-15T09:10:00+08:00,1.1666666666666667,-6.916666666666667,52.5,2.9458333333333333,52.6,52.6,44.8,44.8,50.0,60.0,85.0,41.094550173258135,13.715468513414379,13.405474385960034,13.973607273883728,74.70276226487015,1.1220308523299272,53.0,53.0,53.0,44.569374596497376,43.41482795517816,43.15889350904974,43.71313565331673,0.39750846666666667,0.44223962704809266,27.830670419580045,27.977790353912145,19.01354042751339,27.659168501360732,22.843670959702962,22.985973478349127,22.905722372322522,22.79319350973464,18.49057623382639,22.79618848855922,22.71577627626839,22.60290873618675,1.0,0.0,0.25,0.25,0.0,19.01354042751339,22.79618848855922,27.659168501360732,12.978047364981194,21.185374856815358,26.550052017948754,5.787659084657407e-17,3.948605508420717e-16,1.1679695840535153e-16,3.2575995444470917e-15,2.782216253406155e-14,converged
2025-01-15T09:15:00+08:00,1.25,-6.833333333333333,55.0,2.9416666666666664,52.6,52.6,44.8,44.8,50.0,60.0,85.0,41.094550173258135,13.715468513414379,13.405474385960034,13.973607273883728,74.70276226487015,1.1220308523299272,52.83824378919849,53.0,53.0,44.458044593244296,43.41536263313275,43.159395081704396,43.67632379488495,0.3950979333333333,0.44142175911955767,27.83293425744069,27.980334726635512,19.014737705035426,27.661288816723374,22.845573452000195,22.988090420472457,22.907535525235847,22.794688263419086,18.492195238120438,22.79827888900373,22.71756287208361,22.604376800224234,1.0,0.0,0.25,0.25,0.0,19.014737705035426,22.79827888900373,27.661288816723374,12.978047364981194,21.185374856815358,26.550052017948754,5.787659084657407e-17,5.274561999804096e-16,1.1679695840535153e-16,1.2032594562053095e-15,3.7142234461563395e-14,converged
2025-01-15T09:20:00+08:00,1.3333333333333333,-6.75,57.5,2.9375,52.6,52.6,44.8,44.8,50.0,60.0,85.0,41.094550173258135,13.715468513414379,13.405474385960034,13.973607273883728,74.70276226487015,1.1220308523299272,52.6,53.0,53.0,44.29368152786387,43.41598797311468,43.159991138349,43.62187364521827,0.3926874,0.4402281824822252,27.834997994113962,27.982728017429103,19.01583409960846,27.663223686404386,22.84777307959263,22.990527454220004,22.90963145656409,22.796424950710186,18.494180188628874,22.80068954096791,22.71963239054346,22.60608692795601,1.0,0.0,0.25,0.25,0.0,19.01583409960846,22.80068954096791,27.663223686404386,12.978047364981194,21.185374856815358,26.550052017948754,5.787659084657407e-17,6.611078439511038e-16,1.1679695840535153e-16,2.4213074784709177e-15,3.1451058749306996e-14,converged
2025-01-15T09:25:00+08:00,1.4166666666666667,-6.666666666666667,60.0,2.933333333333333,52.6,52.6,44.8,44.8,50.0,60.0,85.0,41.094550173258135,13.715468513414379,13.405474385960034,13.973607273883728,74.70276226487015,1.1220308523299272,52.6,52.69482998854523,53.0,44.294294805942776,43.20857418812114,43.16068129829072,43.55465245043172,0.3902768666666667,0.43868870362074913,27.83730438875027,27.985389578602746,19.017277174752238,27.665352703963084,22.849677993374605,22.992723745114077,22.91147747162641,22.797896352753348,18.496529251472495,22.803419209470196,22.721983795068677,22.608038274661457,1.0,0.0,0.25,0.25,0.0,19.017277174752238,22.803419209470196,27.665352703963084,12.978047364981194,21.185374856815358,26.550052017948754,5.787659084657407e-17,6.634278525187251e-16,1.1679695840535153e-16,1.6564964192576916e-15,3.455248679944725e-14,converged
2025-01-15T09:30:00+08:00,1.5,-6.583333333333333,62.5,2.9291666666666667,52.6,52.6,44.8,44.8,50.0,60.0,85.0,41.094550173258135,13.715468513414379,13.405474385960034,13.973607273883728,74.70276226487015,1.1220308523299272,52.6,52.6,52.72400416143589,44.29498867139306,43.14450400239331,42.97247248892389,43.469985979650296,0.3878663333333333,0.43677836144607246,27.8398526273884,27.98831855756853,19.01906534536617,27.667675311058886,22.851696873171797,22.995066267197195,22.913441240832785,22.799452695514457,18.49868297160383,22.805967471336047,22.724141787975896,22.60977829048231,1.0,0.0,0.25,0.25,0.0,19.01906534536617,22.805967471336047,27.667675311058886,12.978047364981194,21.185374856815358,26.550052017948754,5.787659084657407e-17,1.0661271903810484e-15,1.1679695840535153e-16,7.053722377765237e-16,4.065884867363376e-14,converged
2025-01-15T09:35:00+08:00,1.5833333333333333,-6.5,65.0,2.925,52.2,52.2,44.6,44.6,50.0,60.0,85.0,40.911092359984664,13.654238743265207,13.34562851816557,13.911225098553889,74.03726213069454,1.1070706392943126,52.6,52.6,52.6,44.265357851625055,43.110399876619546,42.85253842935368,43.40818961014241,0.3854558,0.4357590897206994,27.842597090372518,27.9914719055349,19.02116673140802,27.670152267158088,22.85396616402061,22.99768439866416,22.915645688145364,22.80121103329031,18.500907238602405,22.808563972520748,22.72632444822683,22.611514564417664,1.0,0.0,0.25,0.25,0.0,19.02116673140802,22.808563972520748,27.670152267158088,13.036244886797252,21.28037653778762,26.669110547177223,1.1679365450009853e-16,1.3357761728108925e-16,0.0,1.6530230138534795e-15,3.24656347372257e-14,converged
2025-01-15T09:40:00+08:00,1.6666666666666667,-6.416666666666667,67.5,2.9208333333333334,52.2,52.2,44.6,44.6,50.0,60.0,85.0,40.911092359984664,13.654238743265207,13.34562851816557,13.911225098553889,74.03726213069454,1.1070706392943126,52.6,52.6,52.6,44.266203063434844,43.11114757849722,42.85327371547549,43.40896563454709,0.38304526666666666,0.4357223004839935,27.84558193310593,27.99489111398503,19.023610205027186,27.67282181616748,22.856531091257864,23.000620680476796,22.91813147414371,22.803210381341163,18.503494421661305,22.811478777847192,22.728788583449035,22.613491968702046,1.0,0.0,0.3333333333333333,0.25,0.0,19.023610205027186,22.811478777847192,27.67282181616748,13.036244886797252,21.28037653778762,26.669110547177223,1.1679365450009853e-16,6.679444780403854e-16,0.0,2.7970175017941137e-15,2.9171230443771806e-14,converged
2025-01-15T09:45:00+08:00,1.75,-6.333333333333333,70.0,2.9166666666666665,52.2,52.2,44.6,44.6,50.0,60.0,85.0,40.911092359984664,13.654238743265207,13.34562851816557,13.911225098553889,74.03726213069454,1.1070706392943126,52.44289959094379,52.6,52.6,44.1585275310415,43.1119854714519,42.8541028918366,43.373583779028465,0.38063473333333336,0.43491395701200253,27.84851462102573,27.998298954317317,19.026098836355903,27.675433327810605,22.85939044420761,23.00387387820019,22.920897561702972,22.8054498934417,18.506442702540877,22.814710660338168,22.731533162782952,22.6157096622111,1.0,0.0,0.3333333333333333,0.25,0.0,19.026098836355903,22.814710660338168,27.675433327810605,13.036244886797252,21.28037653778762,26.669110547177223,1.1679365450009853e-16,2.67674375471289e-16,0.0,4.056939753236724e-15,6.854669263566375e-14,converged
2025-01-15T09:50:00+08:00,1.8333333333333333,-6.25,72.5,2.9125,52.2,52.2,44.6,44.6,50.0,60.0,85.0,40.911092359984664,13.654238743265207,13.34562851816557,13.911225098553889,74.03726213069454,1.1070706392943126,52.2,52.6,52.6,43.991467843392904,43.11291321192178,42.855025580384385,43.31844333369586,0.3782242,0.4336847680437395,27.851236760286366,28.00154519675362,19.028472151971265,27.677850947483797,22.862543017151797,23.00744276218907,22.923942917521547,22.807928726337842,18.509750272111,22.81825839774614,22.734557159144398,22.618166806754523,1.0,0.0,0.3333333333333333,0.25,0.0,19.028472151971265,22.81825839774614,27.677850947483797,13.036244886797252,21.28037653778762,26.669110547177223,1.1679365450009853e-16,0.0,0.0,4.387202540433866e-15,2.803202873930217e-14,converged
2025-01-15T09:55:00+08:00,1.9166666666666667,-6.166666666666667,75.0,2.908333333333333,52.2,52.2,44.6,44.6,50.0,60.0,85.0,40.911092359984664,13.654238743265207,13.34562851816557,13.911225098553889,74.03726213069454,1.1070706392943126,52.2,52.30243012302301,52.6,43.992334064150114,42.91133399739347,42.85604140462204,43.25332059519792,0.3758136666666667,0.4321702139701131,27.854199354137677,28.005057004605554,19.031186312086337,27.680461330618034,22.865412127011396,23.01078087003435,22.926748499014554,22.810152661674728,18.513415330305442,22.822120772535005,22.73785954921072,22.62086256706584,1.0,0.0,0.3333333333333333,0.25,0.0,19.031186312086337,22.822120772535005,27.680461330618034,13.036244886797252,21.28037653778762,26.669110547177223,1.1679365450009853e-16,1.34686887323273e-16,0.0,2.237065019134987e-15,4.794072281329301e-14,converged
2025-01-15T10:00:00+08:00,2.0,-6.083333333333333,77.5,2.904166666666667,52.2,52.2,44.6,44.6,50.0,60.0,85.0,40.911092359984664,13.654238743265207,13.34562851816557,13.911225098553889,74.03726213069454,1.1070706392943126,52.2,52.2,52.33352884377418,43.99328023602233,42.842503138229034,42.67498963258896,43.16961899795206,0.3734031333333333,0.4302586632671622,27.85740159644379,28.008833534336468,19.03423975859121,27.683263923152776,22.868376729289327,23.014247016409993,22.92965522064679,22.812446439333122,18.51689800205015,22.825814998981258,22.74098178975459,22.6233603486313,1.0,0.0,0.3333333333333333,0.25,0.0,19.03423975859121,22.825814998981258,27.683263923152776,13.036244886797252,21.28037653778762,26.669110547177223,1.1679365450009853e-16,5.411410937919852e-16,0.0,2.504891391185557e-16,3.122211942361744e-14,converged
2025-01-15T10:05:00+08:00,2.0833333333333335,-6.0,80.0,2.9,51.8,51.8,44.4,44.4,50.0,60.0,85.0,40.727634546711194,13.593008973116037,13.285782650371106,13.848842923224051,73.37473962575456,1.0922439986980337,52.2,52.2,52.2,43.964150293413205,42.80893663713315,42.54924200053453,43.10618835577981,0.37099259999999995,0.42917998870690655,27.86079829510547,28.01283215111832,19.0376007636981,27.686219843462847,22.87158816196793,23.01798469534996,22.93279940728832,22.814939867015987,18.520425702012993,22.82953635153381,22.744109296960172,22.625836623008798,1.0,0.0,0.3333333333333333,0.25,0.0,19.0376007636981,22.82953635153381,27.686219843462847,13.094966710611654,21.376234089759635,26.78924167576811,2.3569643878887266e-16,0.0,0.0,2.754888725979828e-15,3.814245582886218e-14,converged
2025-01-15T10:10:00+08:00,2.1666666666666665,-5.916666666666666,82.5,2.895833333333333,51.8,51.8,44.4,44.4,50.0,60.0,85.0,40.727634546711194,13.593008973116037,13.285782650371106,13.848842923224051,73.37473962575456,1.0922439986980337,52.2,52.2,52.2,43.96524754747253,42.80998399474547,42.55030064042619,43.10725620290437,0.36858206666666665,0.42912959194977246,27.864433193275914,28.017093950625462,19.041298101469653,27.689366984766135,22.87509137808203,23.022036186533004,22.93622147299873,22.817671727466813,18.524309792418936,22.83357167831421,22.747514823648558,22.62855145011072,1.0,0.0,0.3333333333333333,0.25,0.0,19.041298101469653,22.83357167831421,27.689366984766135,13.094966710611654,21.376234089759635,26.78924167576811,2.3569643878887266e-16,5.425648755565693e-16,0.0,1.4920534077805655e-15,2.697265012357034e-14,converged
2025-01-15T10:15:00+08:00,2.25,-5.833333333333334,85.0,2.8916666666666666,51.8,51.8,44.4,44.4,50.0,60.0,85.0,40.727634546711194,13.593008973116037,13.285782650371106,13.848842923224051,73.37473962575456,1.0922439986980337,52.04759733684894,52.2,52.2,43.861242804055266,42.8111207457957,42.5514522199576,43.07330660689955,0.3661715333333334,0.4283312744400881,27.868022760182733,28.021350236365738,19.045043832045565,27.692462433346744,22.878885183190366,23.026400272821196,22.93992039379791,22.820641183830094,18.528548488172113,22.837919769527698,22.75119735202917,22.631503998142314,1.0,0.0,0.3333333333333333,0.25,0.0,19.045043832045565,22.837919769527698,27.692462433346744,13.094966710611654,21.376234089759635,26.78924167576811,2.3569643878887266e-16,1.3589402499165182e-16,0.0,3.974900231005816e-15,2.7316531403371873e-14,converged
2025-01-15T10:20:00+08:00,2.3333333333333335,-5.75,87.5,2.8874999999999997,51.8,51.8,44.4,44.4,50.0,60.0,85.0,40.727634546711194,13.593008973116037,13.285782650371106,13.848842923224051,73.37473962575456,1.0922439986980337,51.8,52.2,52.2,43.69146657272717,42.812346549908256,42.55269636518089,43.01746604256543,0.363761,0.42706664325221017,27.871391315699807,28.025434404167605,19.048659904096763,27.695355516541838,22.882968387741244,23.031075741797334,22.943895149479093,22.823847402187532,18.533140013117876,22.842579420041048,22.755155868037427,22.634693438209162,1.0,0.0,0.3333333333333333,0.25,0.0,19.048659904096763,22.842579420041048,27.695355516541838,13.094966710611654,21.376234089759635,26.78924167576811,2.3569643878887266e-16,1.3629643483790436e-16,0.0,1.8783352426098695e-15,2.3503598793805242e-14,converged
2025-01-15T10:25:00+08:00,2.4166666666666665,-5.666666666666666,90.0,2.8833333333333333,51.8,51.8,44.4,44.4,50.0,60.0,85.0,40.727634546711194,13.593008973116037,13.285782650371106,13.848842923224051,73.37473962575456,1.0922439986980337,51.8,51.910098727180774,52.2,43.69258233470355,42.61662875533907,42.554032703685984,42.954447632500234,0.3613504666666666,0.42557762904910124,27.874998165025684,28.029781483099804,19.05261114305108,27.69844000124494,22.886779587529336,23.035530609957963,22.947640451106636,22.826809261452127,18.53808259999802,22.847549429364623,22.75938936132109,22.638118944307067,1.0,0.0,0.3333333333333333,0.25,0.0,19.05261114305108,22.847549429364623,27.69844000124494,13.094966710611654,21.376234089759635,26.78924167576811,2.3569643878887266e-16,6.838665491361115e-16,0.0,1.380555596068525e-15,3.420400468720959e-14,converged
2025-01-15T10:30:00+08:00,2.5,-5.583333333333334,92.5,2.8791666666666664,51.8,51.8,44.4,44.4,50.0,60.0,85.0,40.727634546711194,13.593008973116037,13.285782650371106,13.848842923224051,73.37473962575456,1.0922439986980337,51.8,51.8,51.94313933406145,43.69377742787506,42.543005221996566,42.38017141405985,42.871710712526806,0.35893993333333335,0.4236652893232209,27.878842509702448,28.03439063851024,19.056896017057007,27.701715337608995,22.89066779133055,23.040095321987632,22.951470257295068,22.829825825193673,18.542856106670914,22.852364778678112,22.763456166119095,22.641359994446557,1.0,0.0,0.3333333333333333,0.25,0.0,19.056896017057007,22.852364778678112,27.701715337608995,13.094966710611654,21.376234089759635,26.78924167576811,2.3569643878887266e-16,0.0,0.0,8.662052837786314e-16,3.3272273317964954e-14,converged
2025-01-15T10:35:00+08:00,2.5833333333333335,-5.5,95.0,2.875,51.4,51.4,44.2,44.2,50.0,60.0,85.0,40.54417673343772,13.531779202966865,13.22593678257664,13.786460747894214,72.71519475005029,1.0775503315615431,51.8,51.8,51.8,43.66515492149977,42.5099830709038,42.24858137305453,42.80664037525586,0.3565294,0.4225272945207587,27.882879599960873,28.0392196656077,19.061482959869174,27.705143013952696,22.894799353304627,23.04492760607433,22.955534404670956,22.83303975840009,18.54764918160047,22.85718613192314,22.767508807342193,22.644561723508627,1.0,0.0,0.3333333333333333,0.25,0.0,19.061482959869174,22.85718613192314,27.705143013952696,13.154219953646097,21.47295913088977,26.910459963893757,1.1891713201276387e-16,1.1020856956374954e-15,0.0,1.644518498959075e-15,2.544073891063709e-14,converged
2025-01-15T10:40:00+08:00,2.6666666666666665,-5.416666666666666,97.5,2.870833333333333,51.4,51.4,44.2,44.2,50.0,60.0,85.0,40.54417673343772,13.531779202966865,13.22593678257664,13.786460747894214,72.71519475005029,1.0775503315615431,51.8,51.8,51.8,43.666500863698204,42.5113258202336,42.249958282496046,42.807995805869986,0.35411886666666664,0.42246361348784206,27.887152751585248,28.044309247798935,19.06640063666385,27.7087605616064,22.899218938836658,23.050069464381153,22.959873047047928,22.83648960004355,18.552792315275834,22.86231722878194,22.77183608755799,22.647999480503707,1.0,0.0,0.3333333333333333,0.25,0.0,19.06640063666385,22.86231722878194,27.7087605616064,13.154219953646097,21.47295913088977,26.910459963893757,1.1891713201276387e-16,2.7556295527043083e-16,0.0,5.192639438377181e-15,2.6682052413456868e-14,converged
2025-01-15T10:45:00+08:00,2.75,-5.333333333333334,100.0,2.8666666666666667,51.4,51.4,44.2,44.2,50.0,60.0,85.0,40.54417673343772,13.531779202966865,13.22593678257664,13.786460747894214,72.71519475005029,1.0775503315615431,51.65233759629169,51.8,51.8,43.566183470067024,42.51275718508446,42.251427205811694,42.775480891710096,0.35170833333333335,0.4216758170990407,27.891387501473947,28.04939928117863,19.071370169710242,27.71233283819424,22.903925369330743,23.055519696669915,22.964485173305643,22.840174522447374,18.558283754760996,22.867756876249977,22.77643700176336,22.65167244277782,1.0,0.0,0.3333333333333333,0.25,0.0,19.071370169710242,22.867756876249977,27.71233283819424,13.154219953646097,21.47295913088977,26.910459963893757,1.1891713201276387e-16,1.3803888805839665e-16,0.0,1.4062711720949156e-15,2.9215982837234176e-14,converged
2025-01-15T10:50:00+08:00,2.8333333333333335,-5.25,102.5,2.8625,51.4,51.4,44.2,44.2,50.0,60.0,85.0,40.54417673343772,13.531779202966865,13.22593678257664,13.786460747894214,72.71519475005029,1.0775503315615431,51.4,51.8,51.8,43.39367075185592,42.514276828190056,42.252987773051174,42.71893046216328,0.3492978,0.4203759039143983,27.895390760426555,28.054306670861738,19.076195786096573,27.715694247893573,22.908917471013808,23.061277107355828,22.969369776048293,22.844093700838766,18.564121755897855,22.87350388591767,22.781310548632852,22.65557979054427,1.0,0.0,0.3333333333333333,0.25,0.0,19.076195786096573,22.87350388591767,27.715694247893573,13.154219953646097,21.47295913088977,26.910459963893757,1.1891713201276387e-16,1.3846574071315066e-16,0.0,2.2803576673696998e-15,3.163463120668727e-14,converged
2025-01-15T10:55:00+08:00,2.9166666666666665,-5.166666666666666,105.0,2.8583333333333334,51.4,51.4,44.2,44.2,50.0,60.0,85.0,40.54417673343772,13.531779202966865,13.22593678257664,13.786460747894214,72.71519475005029,1.0775503315615431,51.4,51.517836730471174,51.8,43.39503274618422,42.32444763103389,42.25463961578437,42.65802243816316,0.3468872666666666,0.41891303969489796,27.899630194042576,28.059474367000675,19.081351045846855,27.7192457191656,22.913649232669204,23.066824299878228,22.974035422679158,22.847779209246028,18.57030458326226,22.879557073952704,22.786455730505228,22.659720706873657,1.0,0.0,0.3333333333333333,0.25,0.0,19.081351045846855,22.879557073952704,27.7192457191656,13.154219953646097,21.47295913088977,26.910459963893757,1.1891713201276387e-16,6.947463482619342e-16,0.0,1.6500225771220937e-15,4.469233195108883e-14,converged
2025-01-15T11:00:00+08:00,3.0,-5.083333333333334,107.5,2.8541666666666665,51.4,51.4,44.2,44.2,50.0,60.0,85.0,40.54417673343772,13.531779202966865,13.22593678257664,13.786460747894214,72.71519475005029,1.0775503315615431,51.4,51.4,51.552836797111496,43.396473467776715,42.24599935553656,42.08800266235956,42.5762501470328,0.3444767333333334,0.41700032338071696,27.904105011398048,28.064901543664778,19.08683444265621,27.722986706311556,22.918439491490638,23.072463135992308,22.978768913853955,22.851504242603422,18.576331982448867,22.885469319318155,22.791447883448303,22.663690860765026,1.0,0.0,0.3333333333333333,0.25,0.0,19.08683444265621,22.885469319318155,27.722986706311556,13.154219953646097,21.47295913088977,26.910459963893757,1.1891713201276387e-16,2.7917321714076667e-16,0.0,3.0098362472988905e-16,2.6964247782819886e-14,converged
2025-01-15T11:05:00+08:00,3.0833333333333335,-5.0,110.0,2.8499999999999996,51.0,51.0,44.0,44.0,50.0,60.0,85.0,40.360718920164246,13.470549432817693,13.166090914782176,13.724078572564375,72.0586275035817,1.0629890389052916,51.4,51.4,51.4,43.36836512810064,42.21352846937709,41.950541348258646,42.50953480187071,0.3420662,0.4158030800091292,27.908770920007033,28.07054644236023,19.092614581185384,27.726879078787068,22.923469742380405,23.078365697629916,22.983733710018,22.85542442821671,18.58235354091398,22.891366433804492,22.79640641010048,22.6676038288055,1.0,0.0,0.3333333333333333,0.25,0.0,19.092614581185384,22.891366433804492,27.726879078787068,13.214011862526307,21.570563490575633,27.03278023645691,6.000032690739051e-17,2.7997705506264853e-16,0.0,1.0586632394556398e-15,3.181128531771856e-14,converged
2025-01-15T11:10:00+08:00,3.1666666666666665,-4.916666666666666,112.5,2.845833333333333,51.0,51.0,44.0,44.0,50.0,60.0,85.0,40.360718920164246,13.470549432817693,13.166090914782176,13.724078572564375,72.0586275035817,1.0629890389052916,51.4,51.4,51.4,43.3699564962533,42.21516245735737,41.95223158176572,42.51117369079279,0.33965566666666663,0.41572642990742953,27.91367079299279,28.07644931758716,19.098720006889888,27.73095999468111,22.92878434761651,23.08457369308954,22.988969690893416,22.85957804991478,18.58871901440209,22.897569158160827,22.801636268499454,22.67175035163322,1.0,0.0,0.3333333333333333,0.25,0.0,19.098720006889888,22.897569158160827,27.73095999468111,13.214011862526307,21.570563490575633,27.03278023645691,6.000032690739051e-17,1.400143380983225e-16,0.0,6.589424786752302e-15,2.89422644080244e-14,converged
2025-01-15T11:15:00+08:00,3.25,-4.833333333333334,115.0,2.8416666666666663,51.0,51.0,44.0,44.0,50.0,60.0,85.0,40.360718920164246,13.470549432817693,13.166090914782176,13.724078572564375,72.0586275035817,1.0629890389052916,51.25712094900211,51.4,51.4,43.27334325519896,42.216884302257355,41.95401292764504,42.480096044612566,0.33724513333333334,0.41494964368194687,27.918539299478372,28.082358719142732,19.104880977198583,27.73500213831235,22.93438214406925,23.091085938645357,22.994475857941424,22.863964289013172,18.59542668118347,22.904076315790327,22.807136466154695,22.67612961555046,1.0,0.0,0.3333333333333333,0.25,0.0,19.104880977198583,22.904076315790327,27.73500213831235,13.214011862526307,21.570563490575633,27.03278023645691,6.000032690739051e-17,4.2082933531628313e-16,0.0,9.907023935570831e-16,5.0662902311052926e-14,converged
2025-01-15T11:20:00+08:00,3.3333333333333335,-4.75,117.5,2.8375,51.0,51.0,44.0,44.0,50.0,60.0,85.0,40.360718920164246,13.470549432817693,13.166090914782176,13.724078572564375,72.0586275035817,1.0629890389052916,51.0,51.4,51.4,43.09807408286049,42.218693669844654,41.95588501983921,42.42282607833456,0.3348346,0.41361459901423775,27.92316581712044,28.088074943901717,19.11088385221961,27.73882488450543,22.940261973366614,23.097901255159144,23.000251216300008,22.86858232969864,18.60247482814782,22.91088673462605,22.812906014206057,22.680740809694388,1.0,0.0,0.4166666666666667,0.25,0.0,19.11088385221961,22.91088673462605,27.73882488450543,13.214011862526307,21.570563490575633,27.03278023645691,6.000032690739051e-17,2.814584449010889e-16,0.0,3.4302747972320207e-15,2.2106705227794233e-14,converged
2025-01-15T11:25:00+08:00,3.4166666666666665,-4.666666666666666,120.0,2.833333333333333,51.0,51.0,44.0,44.0,50.0,60.0,85.0,40.360718920164246,13.470549432817693,13.166090914782176,13.724078572564375,72.0586275035817,1.0629890389052916,51.0,51.125645079246056,51.4,43.099679091554734,42.034780574387206,41.957847493793956,42.3640346815758,0.33242406666666663,0.4121784901705249,27.928026430982648,28.09404891900547,19.117210996827513,27.742836373915434,22.945893332681642,23.104516942267487,23.00581829355388,22.872977540057157,18.609861750761134,22.91799924711351,22.818943927410494,22.685583126027193,1.0,0.0,0.4166666666666667,0.25,0.0,19.117210996827513,22.91799924711351,27.742836373915434,13.214011862526307,21.570563490575633,27.03278023645691,6.000032690739051e-17,5.648782001155467e-16,0.0,2.2948176879694083e-16,3.2506952453092855e-14,converged
2025-01-15T11:30:00+08:00,3.5,-4.583333333333334,122.5,2.8291666666666666,51.0,51.0,44.0,44.0,50.0,60.0,85.0,40.360718920164246,13.470549432817693,13.166090914782176,13.724078572564375,72.0586275035817,1.0629890389052916,51.0,51.0,51.162622418916555,43.10136223923143,41.95147541909516,41.79846913734369,42.283227116740186,0.3300135333333334,0.4102658028489942,27.93312035753427,28.100279827085146,19.123860929572228,27.747036064928047,22.951564660283534,23.111206063502998,23.011436528055523,22.87739705193344,18.617107239030517,22.92498476232747,22.82484266939883,22.690268544303382,1.0,0.0,0.4166666666666667,0.25,0.0,19.123860929572228,22.92498476232747,27.747036064928047,13.214011862526307,21.570563490575633,27.03278023645691,6.000032690739051e-17,2.837558505206041e-16,0.0,1.2746844847605261e-15,3.715278282305908e-14,converged
2025-01-15T11:35:00+08:00,3.5833333333333335,-4.5,125.0,2.8249999999999997,50.6,50.6,43.8,43.8,50.0,60.0,85.0,40.17726110689077,13.409319662668521,13.106245046987711,13.661696397234536,71.40503788634878,1.0485595217497308,51.0,50.999999999999986,51.0,43.073774969961285,41.91956290432721,41.65510765906688,42.21486156203383,0.327603,0.4090093718535676,27.938403776711493,28.106726372398114,19.13080243546438,27.751386219490776,22.957472717739634,23.11815517542905,23.01728311736596,22.882009561157385,18.624321521040116,22.93193399558719,22.830688287002925,22.69487885878664,1.0,0.0,0.4166666666666667,0.25,0.0,19.13080243546438,22.93193399558719,27.751386219490776,13.274349816236473,21.669059214276892,27.156217589134794,6.054952612159255e-17,8.538825501676781e-16,0.0,1.2452453856611972e-16,2.961839704219532e-14,converged
2025-01-15T11:40:00+08:00,3.6666666666666665,-4.416666666666666,127.5,2.8208333333333333,50.6,50.6,43.8,43.8,50.0,60.0,85.0,40.17726110689077,13.409319662668521,13.106245046987711,13.661696397234536,71.40503788634878,1.0485595217497308,51.0,50.999999999999986,51.0,43.075608592122215,41.92148408681921,41.65710640697414,42.21677989591665,0.3251924666666666,0.40892006005251186,27.943919103505248,28.113428363712483,19.138063929364108,27.755923610937916,22.963661548647195,23.1254056760074,23.023397653145036,22.886853084920645,18.631873756559024,22.939184799471416,22.836802000637334,22.69972030539478,1.0,0.0,0.4166666666666667,0.25,0.0,19.138063929364108,22.939184799471416,27.755923610937916,13.274349816236473,21.669059214276892,27.156217589134794,6.054952612159255e-17,4.2703452287955217e-16,0.0,4.2970348864754936e-15,3.5628452732139644e-14,converged
2025-01-15T11:45:00+08:00,3.75,-4.333333333333334,130.0,2.8166666666666664,50.6,50.6,43.8,43.8,50.0,60.0,85.0,40.17726110689077,13.409319662668521,13.106245046987711,13.661696397234536,71.40503788634878,1.0485595217497308,50.86194798529892,50.999999999999986,51.0,42.98271654774413,41.923492386547,41.65919538945902,42.1871422657863,0.3227819333333333,0.4081547671429102,27.949410204499923,28.120143066290353,19.145384877812027,27.760428806219974,22.970130004973498,23.132956397646833,23.029779149163947,22.891926813348636,18.639762254139658,22.946736013417986,22.843182830055788,22.704792079206015,1.0,0.0,0.4166666666666667,0.25,0.0,19.145384877812027,22.946736013417986,27.760428806219974,13.274349816236473,21.669059214276892,27.156217589134794,6.054952612159255e-17,9.982821693997442e-16,0.0,3.3246361534473622e-15,4.535045472921661e-14,converged
2025-01-15T11:50:00+08:00,3.8333333333333335,-4.25,132.5,2.8125,50.6,50.6,43.8,43.8,50.0,60.0,85.0,40.17726110689077,13.409319662668521,13.106245046987711,13.661696397234536,71.40503788634878,1.0485595217497308,50.6,50.999999999999986,51.0,42.80467092780691,41.92558747223836,41.66137424425497,42.1291431635853,0.32037140000000003,0.4067847319703505,27.954648798848407,28.12665405001661,19.152533626789182,27.764706043508923,22.97687694337993,23.140806177279426,23.036426622823893,22.89722993940598,18.647985330800072,22.954586481331038,22.849829798596122,22.710093378101718,1.0,0.0,0.4166666666666667,0.25,0.0,19.152533626789182,22.954586481331038,27.764706043508923,13.274349816236473,21.669059214276892,27.156217589134794,6.054952612159255e-17,2.861840985600709e-16,0.0,5.723681971201418e-16,2.6898807218780804e-14,converged
2025-01-15T11:55:00+08:00,3.9166666666666665,-4.166666666666666,135.0,2.808333333333333,50.6,50.6,43.8,43.8,50.0,60.0,85.0,40.17726110689077,13.409319662668521,13.106245046987711,13.661696397234536,71.40503788634878,1.0485595217497308,50.6,50.73352473714214,51.0,42.80651582209902,41.74761830848878,41.66364261058185,42.072474816893624,0.3179608666666666,0.4053759794179709,27.960119450760665,28.13342027551318,19.16000141716119,27.769170726807957,22.98338748613471,23.148467121228222,23.042876666902924,22.902321225289448,18.656541311981606,22.962735051563822,22.85674193316716,22.71562340275665,1.0,0.0,0.4166666666666667,0.25,0.0,19.16000141716119,22.962735051563822,27.769170726807957,13.274349816236473,21.669059214276892,27.156217589134794,6.054952612159255e-17,2.871786384434548e-16,0.0,3.0961446957184964e-16,3.1556088481118344e-14,converged
2025-01-15T12:00:00+08:00,4.0,-4.083333333333334,137.5,2.8041666666666667,50.6,50.6,43.8,43.8,50.0,60.0,85.0,40.17726110689077,13.409319662668521,13.106245046987711,13.661696397234536,71.40503788634878,1.0485595217497308,50.6,50.599999999999994,50.772497407130786,42.80843828240901,41.659424063765414,41.511557517157996,41.99263221979348,0.3155503333333334,0.4034637200285002,27.965821383961764,28.14044093381687,19.1677867916604,27.773822318524658,22.98991944271636,23.15618327712195,23.049361150837104,22.907421543139524,18.664970190680325,22.970770797099647,22.863528952087783,22.72101056476898,1.0,0.0,0.4166666666666667,0.25,0.0,19.1677867916604,22.970770797099647,27.773822318524658,13.274349816236473,21.669059214276892,27.156217589134794,6.054952612159255e-17,2.885397522699473e-16,0.0,1.6117650224454087e-15,4.1885057996125657e-14,converged
2025-01-15T12:05:00+08:00,4.083333333333333,-4.0,140.0,2.8,50.2,50.2,43.6,43.6,50.0,60.0,85.0,39.9938032936173,13.34808989251935,13.046399179193248,13.599314221904699,70.75442589835158,1.0342611811153124,50.6,50.6,50.6,42.78137916242846,41.62807722039123,41.36226695758832,41.92261136663848,0.31313979999999997,0.40214815181308206,27.971711266140137,28.14767520858938,19.175858725175573,27.778623484619587,22.996684968661132,23.164155798364256,23.056071123856185,22.912712764709582,18.673342533632184,22.978749089756494,22.87024331028108,22.72630464960493,1.0,0.0,0.4166666666666667,0.25,0.0,19.175858725175573,22.978749089756494,27.778623484619587,13.335241329154988,21.76845856847082,27.28078739458954,1.222126008887173e-16,1.3026765033218411e-15,1.177945431168076e-16,1.89069020273795e-15,3.1518113552368174e-14,converged
2025-01-15T12:10:00+08:00,4.166666666666667,-3.916666666666667,141.66666666666666,2.7875,50.2,50.2,43.6,43.6,50.0,60.0,85.0,39.9938032936173,13.34808989251935,13.046399179193248,13.599314221904699,70.75442589835158,1.0342611811153124,50.6,50.6,50.6,42.783445414449304,41.63027490445995,41.36456282336613,41.92479857001163,0.3110769166666667,0.4020467872400156,27.977789441522425,28.155109897672304,19.184203088167596,27.783579693996078,23.00368619173042,23.172373226373097,23.06300345368793,22.918201730818133,18.682005482861577,22.98697247569177,22.877180176352976,22.731796594773076,1.0,0.0,0.5,0.25,0.0,19.184203088167596,22.98697247569177,27.783579693996078,13.335241329154988,21.76845856847082,27.28078739458954,1.222126008887173e-16,1.1582266096551267e-15,1.177945431168076e-16,5.8725708567670095e-15,2.9387352669055336e-14,converged
2025-01-15T12:15:00+08:00,4.25,-3.833333333333333,143.33333333333334,2.775,50.2,50.2,43.6,43.6,50.0,60.0,85.0,39.9938032936173,13.34808989251935,13.046399179193248,13.599314221904699,70.75442589835158,1.0342611811153124,50.466819306332404,50.6,50.6,42.6942722598202,41.632545507423075,41.36693466495419,41.8965838822504,0.3090140333333333,0.4012943911781423,27.983809179154292,28.16251121066332,19.192568824818537,27.788479541358402,23.01092214858105,23.180834612744842,23.07015732222824,22.92388774849999,18.69095758427153,22.99544001208645,22.884338737084036,22.737485711510704,1.0,0.0,0.5,0.25,0.0,19.192568824818537,22.99544001208645,27.788479541358402,13.335241329154988,21.76845856847082,27.28078739458954,1.222126008887173e-16,1.4504977441269022e-16,1.177945431168076e-16,2.357058834206216e-15,3.32411942800458e-14,converged
2025-01-15T12:20:00+08:00,4.333333333333333,-3.75,145.0,2.7624999999999997,50.2,50.2,43.6,43.6,50.0,60.0,85.0,39.9938032936173,13.34808989251935,13.046399179193248,13.599314221904699,70.75442589835158,1.0342611811153124,50.2,50.6,50.6,42.513397573786335,41.63488875223502,41.369382176949024,41.83781287316846,0.30695115,0.39989103768166867,27.98952455162062,28.16964603639355,19.200706310813523,27.793112108143866,23.018391879807222,23.18953901274857,23.07753191438302,22.92977012721835,18.70019739104089,23.00415075974834,22.89171818222697,22.743371313452712,1.0,0.0,0.5833333333333334,0.25,0.0,19.200706310813523,23.00415075974834,27.793112108143866,13.335241329154988,21.76845856847082,27.28078739458954,1.222126008887173e-16,2.9111760669066724e-16,1.177945431168076e-16,1.8058389040030455e-15,2.8080001840460106e-14,converged
2025-01-15T12:25:00+08:00,4.416666666666667,-3.666666666666667,146.66666666666666,2.75,50.2,50.2,43.6,43.6,50.0,60.0,85.0,39.9938032936173,13.34808989251935,13.046399179193248,13.599314221904699,70.75442589835158,1.0342611811153124,50.2,50.34147668547767,50.6,42.515433756621164,41.4628446413436,41.37190505520231,41.78322772742814,0.3048882666666667,0.3985123908766341,27.995428800730096,28.176981591451053,19.209115926926486,27.797900201479816,23.025596419366757,23.198013652984425,23.084678149255378,22.935421231980946,18.709723463587917,23.013103783098103,22.899317704495765,22.749452716623285,1.0,0.0,0.5833333333333334,0.25,0.0,19.209115926926486,23.013103783098103,27.797900201479816,13.335241329154988,21.76845856847082,27.28078739458954,1.222126008887173e-16,1.1684988923014245e-15,1.177945431168076e-16,2.766055971619778e-15,4.678314212860963e-14,converged
2025-01-15T12:30:00+08:00,4.5,-3.583333333333333,148.33333333333334,2.7375,50.2,50.2,43.6,43.6,50.0,60.0,85.0,39.9938032936173,13.34808989251935,13.046399179193248,13.599314221904699,70.75442589835158,1.0342611811153124,50.2,50.2,50.38246299156717,42.51753403388428,41.36966866606884,41.22708827625072,41.70429086973477,0.3028253833333333,0.3966037146019031,28.001521295010452,28.18451724000143,19.2177964304193,27.802843375568767,23.032762883396664,23.20647354613977,23.091800272812943,22.941035583560193,18.719096363261038,23.021906654063045,22.906764558783937,22.755374993332502,1.0,0.0,0.5833333333333334,0.25,0.0,19.2177964304193,23.021906654063045,27.802843375568767,13.335241329154988,21.76845856847082,27.28078739458954,1.222126008887173e-16,0.0,1.177945431168076e-16,1.5020510593533645e-16,4.017976501818201e-14,converged
2025-01-15T12:35:00+08:00,4.583333333333333,-3.5,150.0,2.7249999999999996,49.8,49.8,43.4,43.4,50.0,60.0,85.0,39.81034548034383,13.28686012237018,12.986553311398783,13.536932046574861,70.10679153959005,1.0200934180224872,50.2,50.2,50.2,42.49093811269989,41.33882045127812,41.07176558086469,41.63253612837776,0.3007625,0.39523240993510494,28.007759341238547,28.192212824632627,19.226717185085008,27.807904798758415,23.04011911608933,23.21513476484818,23.09910345446582,22.946808444239693,18.728346892662504,23.03057934863147,22.91407752101461,22.761155796550327,1.0,0.0,0.5833333333333334,0.25,0.0,19.226717185085008,23.03057934863147,27.807904798758415,13.396694054174134,21.868774045744882,27.406505308850324,1.850123694908174e-16,4.4182354065820257e-16,1.1833737511273759e-16,1.2794473364893783e-15,3.18149581081352e-14,converged
2025-01-15T12:40:00+08:00,4.666666666666667,-3.416666666666667,151.66666666666666,2.7125,49.8,49.8,43.4,43.4,50.0,60.0,85.0,39.81034548034383,13.28686012237018,12.986553311398783,13.536932046574861,70.10679153959005,1.0200934180224872,50.2,50.2,50.2,42.49316260648788,41.341217136822195,41.07428078209613,41.63491564378772,0.2986996166666667,0.39512263863941605,28.014184528651516,28.200107376316364,19.23590650150508,27.813120527584438,23.04770864374983,23.224038236903596,23.106626821255304,22.9527773698353,18.73788364657603,23.039494479624054,22.921610814864437,22.767132774490797,1.0,0.0,0.5833333333333334,0.25,0.0,19.23590650150508,23.039494479624054,27.813120527584438,13.396694054174134,21.868774045744882,27.406505308850324,1.850123694908174e-16,1.473154287334748e-16,1.1833737511273759e-16,2.301803573960544e-15,3.1207425508001176e-14,converged
2025-01-15T12:45:00+08:00,4.75,-3.333333333333333,153.33333333333334,2.6999999999999997,49.8,49.8,43.4,43.4,50.0,60.0,85.0,39.81034548034383,13.28686012237018,12.986553311398783,13.536932046574861,70.10679153959005,1.0200934180224872,50.07173552433394,50.2,50.2,42.40766775113793,41.343686293722,41.076871393743716,41.60806776292221,0.2966367333333333,0.3943863340583535,28.02055945347273,28.207975942386327,19.24512267841688,27.81828715147648,23.055530513232704,23.233183024551295,23.11436956339,22.958941673541418,18.747705193206013,23.048651114837067,22.929363635408816,22.773305244548165,1.0,0.0,0.5833333333333334,0.25,0.0,19.24512267841688,23.048651114837067,27.81828715147648,13.396694054174134,21.868774045744882,27.406505308850324,1.850123694908174e-16,1.475904611462906e-16,1.1833737511273759e-16,2.2415301286592886e-15,4.708820779650479e-14,converged
2025-01-15T12:50:00+08:00,4.833333333333333,-3.25,155.0,2.6875,49.8,49.8,43.4,43.4,50.0,60.0,85.0,39.81034548034383,13.28686012237018,12.986553311398783,13.536932046574861,70.10679153959005,1.0200934180224872,49.8,50.2,50.2,42.223899061102806,41.34622764675265,41.07953711289679,41.5484696917401,0.29457384999999997,0.39295187844910484,28.026620272282056,28.215568440229916,19.25409777245829,27.823178395681367,23.063583775286652,23.242568193666575,23.122330874056733,22.96530067095829,18.757810107919195,23.05804832565125,22.93733518066374,22.77967252649186,1.0,0.0,0.5833333333333334,0.25,0.0,19.25409777245829,23.05804832565125,27.823178395681367,13.396694054174134,21.868774045744882,27.406505308850324,1.850123694908174e-16,1.185033875256183e-15,1.1833737511273759e-16,7.869365577873089e-17,3.358617229767748e-14,converged
2025-01-15T12:55:00+08:00,4.916666666666667,-3.166666666666667,156.66666666666666,2.675,49.8,49.8,43.4,43.4,50.0,60.0,85.0,39.81034548034383,13.28686012237018,12.986553311398783,13.536932046574861,70.10679153959005,1.0200934180224872,49.8,49.94950192365959,50.2,42.22609187472608,41.1801044401169,41.082277637888694,41.49594229099715,0.29251096666666665,0.3916053974507326,28.032868824466302,28.223360231481095,19.26334118015359,27.828224433043385,23.071385322209675,23.251735997569448,23.130075947704686,22.971440322426233,18.768196973208834,23.067685187018014,22.945524651575038,22.786233942458235,1.0,0.0,0.5833333333333334,0.25,0.0,19.26334118015359,23.067685187018014,27.828224433043385,13.396694054174134,21.868774045744882,27.406505308850324,1.850123694908174e-16,1.0404698940482124e-15,1.1833737511273759e-16,6.038441349386947e-17,2.4968557902662006e-14,converged
2025-01-15T13:00:00+08:00,5.0,-3.083333333333333,158.33333333333334,2.6624999999999996,49.8,49.8,43.4,43.4,50.0,60.0,85.0,39.81034548034383,13.28686012237018,12.986553311398783,13.536932046574861,70.10679153959005,1.0200934180224872,49.8,49.8,49.992520424708026,42.228348462486125,41.081895323493306,40.94474576730295,41.41789286661655,0.29044808333333333,0.3897015338837975,28.039304482730678,28.231350685211194,19.27285167644737,27.833424820118374,23.079131169755918,23.260871985672267,23.137781037783313,22.977528486900685,18.77844687025789,23.077187702210388,22.953576812833244,22.7926512405704,1.0,0.0,0.5833333333333334,0.25,0.0,19.27285167644737,23.077187702210388,27.833424820118374,13.396694054174134,21.868774045744882,27.406505308850324,1.850123694908174e-16,7.468236054059766e-16,1.1833737511273759e-16,2.2579744944696325e-15,2.6053215134758747e-14,converged
2025-01-15T13:05:00+08:00,5.083333333333333,-3.0,160.0,2.65,49.4,49.4,43.2,43.2,50.0,60.0,85.0,39.626887667070356,13.225630352221009,12.92670744360432,13.474549871245024,69.46213481006424,1.006055633491708,49.8,49.800000000000004,49.79999999999999,42.20221596127828,41.05154608900165,40.78335474643894,41.34439211983979,0.2883852,0.3882747251017834,28.045885065816833,28.23950014907352,19.282598826995102,27.838743148575034,23.0870648071779,23.27020706688213,23.145665391564386,22.983773816457862,18.78855031630255,23.086539992153515,22.961476361492664,22.798909599895484,1.0,0.0,0.5833333333333334,0.25,0.0,19.282598826995102,23.086539992153515,27.838743148575034,13.458715785906422,21.970018370030736,27.53338727787278,6.224313748108925e-17,2.9982719528400254e-16,0.0,8.526335865888822e-16,3.149004733991801e-14,converged
2025-01-15T13:10:00+08:00,5.166666666666667,-2.916666666666667,161.66666666666666,2.6375,49.4,49.4,43.2,43.2,50.0,60.0,85.0,39.626887667070356,13.225630352221009,12.92670744360432,13.474549871245024,69.46213481006424,1.006055633491708,49.8,49.800000000000004,49.79999999999999,42.20459683903725,41.054139265080295,40.78608615008957,41.34696144280144,0.2863223166666667,0.38815674385421745,28.052651658277235,28.247847158011034,19.292610775629566,27.844215055532636,23.0952293937642,23.27978180766395,23.153767804888844,22.990213564834715,18.798935733892005,23.09613212096182,22.969594111348904,22.805362481711402,1.0,0.0,0.5833333333333334,0.25,0.0,19.292610775629566,23.0952293937642,27.844215055532636,13.458715785906422,21.970018370030736,27.53338727787278,6.224313748108925e-17,2.9991832853651945e-16,0.0,2.5305608970268826e-16,3.3479040224042873e-14,converged
2025-01-15T13:15:00+08:00,5.25,-2.833333333333333,163.33333333333334,2.625,49.4,49.4,43.2,43.2,50.0,60.0,85.0,39.626887667070356,13.225630352221009,12.92670744360432,13.474549871245024,69.46213481006424,1.006055633491708,49.676697262872516,49.800000000000004,49.79999999999999,42.1227990959612,41.056804477469775,40.78889241503057,41.32148477291208,0.2842594333333333,0.3874369096580102,28.059376250914017,28.25617566091435,19.302655252593613,27.849645182908517,23.103623986332156,23.289595280675936,23.162087476104784,22.99684705126534,18.80960171287946,23.10596316681343,22.977929265600785,22.812009209450597,1.0,0.0,0.5833333333333334,0.25,0.0,19.302655252593613,23.103623986332156,27.849645182908517,13.458715785906422,21.970018370030736,27.53338727787278,6.224313748108925e-17,4.50713337803932e-16,0.0,3.51180809038897e-15,3.1392446467409907e-14,converged
2025-01-15T13:20:00+08:00,5.333333333333333,-2.75,165.0,2.6125,49.4,49.4,43.2,43.2,50.0,60.0,85.0,39.626887667070356,13.225630352221009,12.92670744360432,13.474549871245024,69.46213481006424,1.006055633491708,49.4,49.800000000000004,49.79999999999999,41.93611736144678,41.05954145271761,40.791773240774,41.261051419531924,0.28219655,0.385971377747878,28.065776955018126,28.26421848127264,19.312445843048756,27.854791789075684,23.112247645551008,23.29964656216455,23.170623606507416,23.003673597367573,18.820546850170306,23.116032211429506,22.9864810303568,22.81884910889868,1.0,0.0,0.6666666666666666,0.25,0.0,19.312445843048756,23.112247645551008,27.854791789075684,13.458715785906422,21.970018370030736,27.53338727787278,6.224313748108925e-17,6.032329262662527e-16,0.0,6.69211527576624e-16,2.869142858002942e-14,converged
2025-01-15T13:25:00+08:00,5.416666666666667,-2.666666666666667,166.66666666666666,2.6,49.4,49.4,43.2,43.2,50.0,60.0,85.0,39.626887667070356,13.225630352221009,12.92670744360432,13.474549871245024,69.46213481006424,1.006055633491708,49.4,49.55760146960246,49.79999999999999,41.938464974954464,40.899369153273135,40.79472832806502,41.21058989116894,0.28013366666666667,0.3846575642606752,28.072364269203508,28.272459184128433,19.322501033295985,27.860092465404932,23.120633242897142,23.309493046584514,23.178955774593838,23.010292862347693,18.831769749686845,23.12633834006061,22.995248614624472,22.825881508186242,1.0,0.0,0.6666666666666666,0.25,0.0,19.322501033295985,23.120633242897142,27.860092465404932,13.458715785906422,21.970018370030736,27.53338727787278,6.224313748108925e-17,1.2105865855069195e-15,0.0,6.871024643521695e-15,2.5590999364333303e-14,converged
2025-01-15T13:30:00+08:00,5.5,-2.583333333333333,168.33333333333334,2.5875,49.4,49.4,43.2,43.2,50.0,60.0,85.0,39.626887667070356,13.225630352221009,12.92670744360432,13.474549871245024,69.46213481006424,1.006055633491708,49.4,49.400000000000006,49.60267098222982,41.940876052254886,40.796095653666,40.66451850052456,41.13342972811042,0.27807078333333335,0.3827588067777158,28.079137570284583,28.280897143377288,19.33281961548918,27.86554677077524,23.128945456181242,23.319290595125704,23.18723202775097,23.016845840103937,18.842872177083997,23.136526125765574,23.003894424386807,22.832784956464803,1.0,0.0,0.75,0.25,0.0,19.33281961548918,23.128945456181242,27.86554677077524,13.458715785906422,21.970018370030736,27.53338727787278,6.224313748108925e-17,1.0645179658293202e-15,0.0,3.6901705377967285e-15,3.570020464574355e-14,converged
2025-01-15T13:35:00+08:00,5.583333333333333,-2.5,170.0,2.575,49.0,49.0,43.0,43.0,50.0,60.0,85.0,39.44342985379687,13.164400582071835,12.866861575809853,13.412167695915183,68.82045570977407,0.9921472285434239,49.4,49.4,49.4,41.91521387862396,40.76625266976265,40.49702962425066,41.058177611771505,0.27600790000000003,0.3812764080252763,28.086055202126865,28.289493225685007,19.343371365662993,27.87111873043188,23.13744354899118,23.329285076486478,23.19568580740596,23.023554682099075,18.85380404934899,23.14654357607326,23.01236883153334,22.83951192329999,1.0,0.0,0.75,0.25,0.0,19.343371365662993,23.13744354899118,27.87111873043188,13.521314463980408,22.07220450198437,27.661449544281492,2.5129395974625856e-16,4.579957717416017e-16,0.0,2.471268851689059e-15,3.888940172148019e-14,converged
2025-01-15T13:40:00+08:00,5.666666666666667,-2.416666666666667,171.66666666666666,2.5625,49.0,49.0,43.0,43.0,50.0,60.0,85.0,39.44342985379687,13.164400582071835,12.866861575809853,13.412167695915183,68.82045570977407,0.9921472285434239,49.4,49.4,49.4,41.91774934102214,40.76903989697248,40.49997418934194,41.06093431195094,0.27394501666666665,0.3811504086101006,28.09315773126117,28.29828545581422,19.354184251397026,27.87684355173543,23.146170300034044,23.339516681804977,23.204355565995858,23.030456329573312,18.86501376502213,23.15679832551026,23.02105935420094,22.84643179300604,1.0,0.0,0.75,0.25,0.0,19.354184251397026,23.146170300034044,27.87684355173543,13.521314463980408,22.07220450198437,27.661449544281492,2.5129395974625856e-16,4.581471744374635e-16,0.0,1.5367019809256588e-15,2.846009374390034e-14,converged
2025-01-15T13:45:00+08:00,5.75,-2.333333333333333,173.33333333333334,2.55,49.0,49.0,43.0,43.0,50.0,60.0,85.0,39.44342985379687,13.164400582071835,12.866861575809853,13.412167695915183,68.82045570977407,0.9921472285434239,49.28170515711844,49.4,49.4,41.839667736814356,40.77189873768947,40.50299308249606,41.03683338283819,0.2718821333333333,0.38044742076533355,28.10022661118854,28.307066748714497,19.365035512366283,27.882533987467852,23.155124775861307,23.349984493922282,23.21324050983925,23.037550107683362,18.876499934973133,23.167289462409,23.029965203544577,22.8535438949376,1.0,0.0,0.75,0.25,0.0,19.365035512366283,23.155124775861307,27.882533987467852,13.521314463980408,22.07220450198437,27.661449544281492,2.5129395974625856e-16,0.0,0.0,3.2607679944910623e-15,2.742310478900802e-14,converged
2025-01-15T13:50:00+08:00,5.833333333333333,-2.25,175.0,2.5375,49.0,49.0,43.0,43.0,50.0,60.0,85.0,39.44342985379687,13.164400582071835,12.866861575809853,13.412167695915183,68.82045570977407,0.9921472285434239,49.0,49.4,49.4,41.65005385769486,40.77482892018634,40.506086005579306,40.97555656147741,0.26981925,0.3789508315552681,28.106961777261464,28.315552710229674,19.375620107952198,27.887932717275923,23.164306046835044,23.36068759922691,23.222339848171355,23.04483534394798,18.888261177016933,23.178016078604394,23.039085593598593,22.86084756078089,1.0,0.0,0.75,0.25,0.0,19.375620107952198,23.164306046835044,27.887932717275923,13.521314463980408,22.07220450198437,27.661449544281492,2.5129395974625856e-16,0.0,0.0,1.833625616554891e-15,2.8395220687054294e-14,converged
2025-01-15T13:55:00+08:00,5.916666666666667,-2.166666666666667,176.66666666666666,2.525,49.0,49.0,43.0,43.0,50.0,60.0,85.0,39.44342985379687,13.164400582071835,12.866861575809853,13.412167695915183,68.82045570977407,0.9921472285434239,49.0,49.16577636015875,49.4,41.652554497992654,40.620637822819205,40.50925266168057,40.927169178334964,0.2677563666666667,0.37767018581872397,28.113882449621382,28.324235167790366,19.38646568919711,27.893484804422886,23.173263085827326,23.371198649028283,23.231247653476252,23.05192550114887,18.90029611587896,23.188977269420395,23.048419741266187,22.868342124545578,1.0,0.0,0.75,0.25,0.0,19.38646568919711,23.173263085827326,27.893484804422886,13.521314463980408,22.07220450198437,27.661449544281492,2.5129395974625856e-16,1.5412299699348312e-16,0.0,1.4352704095018115e-15,4.0234101187567245e-14,converged
2025-01-15T14:00:00+08:00,6.0,-2.083333333333333,178.33333333333334,2.5124999999999997,49.0,49.0,43.0,43.0,50.0,60.0,85.0,39.44342985379687,13.164400582071835,12.866861575809853,13.412167695915183,68.82045570977407,0.9921472285434239,49.0,49.0,49.21291596354252,41.65511830147573,40.51226858886259,40.38640237833369,40.85090021264863,0.26569348333333326,0.3757768240235859,28.120988009125337,28.33311350003669,19.397571065004087,27.899189810081342,23.182128992464424,23.381643588810103,23.240083551125743,23.058934502594386,18.91222736833636,23.199836317693144,23.057647826788774,22.87572306302463,1.0,0.0,0.75,0.25,0.0,19.397571065004087,23.182128992464424,27.899189810081342,13.521314463980408,22.07220450198437,27.661449544281492,2.5129395974625856e-16,7.744977496245745e-16,0.0,9.46339437822527e-16,3.433041756267895e-14,converged
2025-01-15T14:05:00+08:00,6.083333333333333,-2.0,180.0,2.5,48.6,48.6,42.8,42.8,50.0,60.0,85.0,39.259972040523394,13.103170811922665,12.807015708015388,13.349785520585344,68.18175423871959,0.9783676041980879,49.0,49.0,49.0,41.62993351956591,40.4829392990295,40.21278606542338,40.77389145390755,0.2636306,0.3742387416067831,28.128237338124762,28.342149106800782,19.408906230403765,27.90501220350023,23.1911789354228,23.392283371990224,23.249095294333397,23.06609810999607,18.923963932422016,23.210504856363006,23.066685647882043,22.882909898098916,1.0,0.0,0.75,0.25,0.0,19.408906230403765,23.1911789354228,27.90501220350023,13.584498176428914,22.17534564451701,27.7907086543015,1.902359915047843e-16,0.0,0.0,5.929816519791659e-16,2.635313567627106e-14,converged
2025-01-15T14:10:00+08:00,6.166666666666667,-2.0416666666666665,176.66666666666669,2.5104166666666665,48.6,48.6,42.8,42.8,50.0,60.0,85.0,39.259972040523394,13.103170811922665,12.807015708015388,13.349785520585344,68.18175423871959,0.9783676041980879,49.0,49.0,49.0,41.63254748208976,40.48583570573993,40.2158554583892,40.77675241522815,0.2657049916666667,0.3741085849770227,28.13523370167115,28.35088684736412,19.419907819924784,27.910640818793482,23.199935529162754,23.40258653898348,23.257823146371678,23.07303581579978,18.93535089604742,23.220836942094564,23.07543970290544,22.88987091760917,1.0,0.0,0.75,0.25,0.0,19.419907819924784,23.199935529162754,27.910640818793482,13.584498176428914,22.17534564451701,27.7907086543015,1.902359915047843e-16,1.4003125543173034e-15,0.0,1.9935005113544943e-15,2.8635780833463026e-14,converged
2025-01-15T14:15:00+08:00,6.25,-2.0833333333333335,173.33333333333331,2.5208333333333335,48.6,48.6,42.8,42.8,50.0,60.0,85.0,39.259972040523394,13.103170811922665,12.807015708015388,13.349785520585344,68.18175423871959,0.9783676041980879,48.88675985411432,49.0,49.0,41.55797858582696,40.488638727837355,40.21882835260236,40.75379001637811,0.2677793833333333,0.37343382007778075,28.141769541724162,28.359130224852912,19.430365358920394,27.915897567909795,23.208399970730948,23.412554391237656,23.26626815006039,23.079748410366374,18.946390006634214,23.230833866927988,23.083911027185895,22.896606906283825,1.0,0.0,0.75,0.25,0.0,19.430365358920394,23.208399970730948,27.915897567909795,13.584498176428914,22.17534564451701,27.7907086543015,1.902359915047843e-16,4.676142688523253e-16,0.0,4.919691786883838e-15,3.197620932656928e-14,converged
2025-01-15T14:20:00+08:00,6.333333333333333,-2.125,170.0,2.53125,48.6,48.6,42.8,42.8,50.0,60.0,85.0,39.259972040523394,13.103170811922665,12.807015708015388,13.349785520585344,68.18175423871959,0.9783676041980879,48.6,49.0,49.0,41.36504293520744,40.49134872022513,40.221705134844186,40.691259216757416,0.269853775,0.3719244907065648,28.147527937714873,28.36657905441312,19.43995770980179,27.920510425205254,23.216573452289357,23.422188225168785,23.27443134438875,23.086236681291478,18.957083002869826,23.240496917941776,23.092100652272915,22.90311864612432,1.0,0.0,0.75,0.25,0.0,19.43995770980179,23.216573452289357,27.920510425205254,13.584498176428914,22.17534564451701,27.7907086543015,1.902359915047843e-16,6.260158969675507e-16,0.0,7.874106204044973e-16,3.38041970828377e-14,converged
2025-01-15T14:25:00+08:00,6.416666666666667,-2.1666666666666665,166.66666666666669,2.5416666666666665,48.6,48.6,42.8,42.8,50.0,60.0,85.0,39.259972040523394,13.103170811922665,12.807015708015388,13.349785520585344,68.18175423871959,0.9783676041980879,48.6,48.774027651561354,49.0,41.36717715751719,40.342595019258624,40.224486190312085,40.644392158128035,0.2719281666666667,0.3707030901310779,28.153038341480066,28.37373503256799,19.449224437038918,27.924932963417163,23.22402327543154,23.431078257587913,23.281923222307924,23.09212945003691,18.967431614751142,23.249827377271817,23.100009605952383,22.909406916414568,1.0,0.0,0.75,0.25,0.0,19.449224437038918,23.22402327543154,27.924932963417163,13.584498176428914,22.17534564451701,27.7907086543015,1.902359915047843e-16,3.140392538561554e-16,0.0,1.0255344383740075e-15,3.597517488260435e-14,converged
2025-01-15T14:30:00+08:00,6.5,-2.2083333333333335,163.33333333333331,2.5520833333333335,48.6,48.6,42.8,42.8,50.0,60.0,85.0,39.259972040523394,13.103170811922665,12.807015708015388,13.349785520585344,68.18175423871959,0.9783676041980879,48.6,48.6,48.823256692344124,41.369227518973275,40.22836147696351,40.10827078319133,40.56829492376586,0.27400255833333337,0.36884823434338704,28.158301580234482,28.380599084834905,19.45816702640982,27.92916572682172,23.230852813762525,23.43932247134402,23.288836577395323,23.097514805593317,18.977082548526536,23.258509547695592,23.107337773752057,22.91518568412521,1.0,0.0,0.75,0.25,0.0,19.45816702640982,23.230852813762525,27.92916572682172,13.584498176428914,22.17534564451701,27.7907086543015,1.902359915047843e-16,4.734277311948125e-16,0.0,2.691387336453843e-15,4.215310335597285e-14,converged
2025-01-15T14:35:00+08:00,6.583333333333333,-2.25,160.0,2.5625,48.8,48.8,42.9,42.9,50.0,60.0,85.0,39.35170094716014,13.13378569699725,12.83693864191262,13.380976608250263,68.50073277059235,0.985241356231609,48.599999999999994,48.6,48.6,41.38486130698517,40.24643037912805,39.9768837672602,40.534730774181014,0.27607695,0.3677788077114827,28.163338344540268,28.38719075055494,19.46680117354031,27.933226481640727,23.23741929299026,23.447259279277958,23.295492816065163,23.10269877930671,18.985967049576118,23.26648449362532,23.11402900370528,22.92040133719469,1.0,0.0,0.75,0.25,0.0,19.46680117354031,23.23741929299026,27.933226481640727,13.552832679514161,22.123654862128856,27.72592844764812,1.2623342939095965e-16,9.49608727196655e-16,0.0,3.045332325330657e-15,3.828808459935255e-14,converged
2025-01-15T14:40:00+08:00,6.666666666666667,-2.2916666666666665,156.66666666666669,2.5729166666666665,48.8,48.8,42.9,42.9,50.0,60.0,85.0,39.35170094716014,13.13378569699725,12.83693864191262,13.380976608250263,68.50073277059235,0.985241356231609,48.599999999999994,48.6,48.6,41.386746835145615,40.24854141402163,39.97915165057628,40.53681987934823,0.27815134166666666,0.3676835438602619,28.168129518953673,28.393492267883946,19.47511406505052,27.937098492978578,23.243702551694142,23.454869915282682,23.30187381114922,23.107663773915935,18.994516199838507,23.274133323957066,23.12044502396414,22.925398020856203,1.0,0.0,0.75,0.25,0.0,19.47511406505052,23.243702551694142,27.937098492978578,13.552832679514161,22.123654862128856,27.72592844764812,1.2623342939095965e-16,4.749273815930356e-16,0.0,6.0101383521976195e-15,2.5958149597379987e-14,converged
2025-01-15T14:45:00+08:00,6.75,-2.3333333333333335,153.33333333333331,2.5833333333333335,48.8,48.8,42.9,42.9,50.0,60.0,85.0,39.35170094716014,13.13378569699725,12.83693864191262,13.380976608250263,68.50073277059235,0.985241356231609,48.657886692819424,48.6,48.6,41.427995207793956,40.250562201419676,39.98132639950469,40.551985380730024,0.28022573333333334,0.36787298631001647,28.172782510052652,28.399605533922582,19.483215563249257,27.940873667478723,23.249703745826032,23.462155640683832,23.30798057390905,23.11241055571901,19.00273167573726,23.281457291306378,23.126586838856053,22.93017649621289,1.0,0.0,0.75,0.25,0.0,19.483215563249257,23.249703745826032,27.940873667478723,13.552832679514161,22.123654862128856,27.72592844764812,1.2623342939095965e-16,9.493656193240715e-16,0.0,3.588531979987062e-15,3.038358947537437e-14,converged
2025-01-15T14:50:00+08:00,6.833333333333333,-2.375,150.0,2.59375,48.8,48.8,42.9,42.9,50.0,60.0,85.0,39.35170094716014,13.13378569699725,12.83693864191262,13.380976608250263,68.50073277059235,0.985241356231609,48.79999999999999,48.6,48.6,41.52662779298442,40.25249308434491,39.98340838715796,40.586242219898566,0.282300125,0.368473726608569,28.177452429039736,28.40567767993623,19.4912637444007,27.9446849020294,23.255424026619835,23.469117711929435,23.31381411189076,23.11693988833236,19.010615145315462,23.288457643477482,23.132455449043324,22.934737521722425,1.0,0.0,0.75,0.25,0.0,19.4912637444007,23.255424026619835,27.9446849020294,13.552832679514161,22.123654862128856,27.72592844764812,1.2623342939095965e-16,9.478178232550342e-16,0.0,1.1121309534343415e-15,3.1268739876698575e-14,converged
2025-01-15T14:55:00+08:00,6.916666666666667,-2.4166666666666665,146.66666666666669,2.6041666666666665,48.8,48.8,42.9,42.9,50.0,60.0,85.0,39.35170094716014,13.13378569699725,12.83693864191262,13.380976608250263,68.50073277059235,0.985241356231609,48.79999999999999,48.71505380551485,48.6,41.52837755388081,40.33147731096769,39.98539798512157,40.613268228779575,0.2843745166666667,0.3689527922102078,28.18187798215721,28.4114613199085,19.49899334390313,27.94830810688682,23.2610855451417,23.475966766280898,23.319574356407692,23.12144199698106,19.018168268277638,23.295135623481777,23.13805185153652,22.939081853206194,1.0,0.0,0.75,0.25,0.0,19.49899334390313,23.2610855451417,27.94830810688682,13.552832679514161,22.123654862128856,27.72592844764812,1.2623342939095965e-16,0.0,0.0,2.9405532652412023e-15,3.339027823336709e-14,converged
2025-01-15T15:00:00+08:00,7.0,-2.4583333333333335,143.33333333333331,2.6145833333333335,48.8,48.8,42.9,42.9,50.0,60.0,85.0,39.35170094716014,13.13378569699725,12.83693864191262,13.380976608250263,68.50073277059235,0.985241356231609,48.79999999999999,48.8,48.69096286209408,41.530044984280146,40.390277537720834,40.04854599341497,40.65447855919195,0.2864489083333333,0.36974763380446024,28.186059984760686,28.416957365889104,19.50640581555797,27.951743819936418,23.266630374779357,23.482648148921488,23.3252092507635,23.125867152392164,19.025575464157843,23.30165567606676,23.14353209267552,22.943357919196362,1.0,0.0,0.75,0.25,0.0,19.50640581555797,23.266630374779357,27.951743819936418,13.552832679514161,22.123654862128856,27.72592844764812,1.2623342939095965e-16,3.148507554439163e-16,0.0,2.584471149338069e-15,3.1802954145063606e-14,converged
2025-01-15T15:05:00+08:00,7.083333333333333,-2.5,140.0,2.625,49.0,49.0,43.0,43.0,50.0,60.0,85.0,39.44342985379688,13.164400582071837,12.866861575809855,13.412167695915185,68.82045570977407,0.992147228543424,48.8,48.8,48.8,41.545345604491665,40.40797084103452,40.14027708501687,40.69654877387205,0.2885233,0.3703812707000365,28.19001920496911,28.42218542152257,19.5135168361428,27.955009881087516,23.271917434556435,23.489028206372332,23.33059176670073,23.130094331146974,19.032893313810526,23.30807173049155,23.148947399746916,22.947614510914878,1.0,0.0,0.75,0.25,0.0,19.5135168361428,23.271917434556435,27.955009881087516,13.521314463980408,22.072204501984366,27.661449544281492,6.282348993656464e-17,1.5715605922365466e-16,0.0,5.415904263497577e-16,2.5616468575355806e-14,converged
2025-01-15T15:10:00+08:00,7.166666666666667,-2.5416666666666665,136.66666666666669,2.6354166666666665,49.0,49.0,43.0,43.0,50.0,60.0,85.0,39.44342985379688,13.164400582071837,12.866861575809855,13.412167695915185,68.82045570977407,0.992147228543424,48.8,48.8,48.8,41.5468519793378,40.40966500908516,40.14210998111276,40.698227437663405,0.29059769166666666,0.3703045446717346,28.19373642692257,28.427127634860256,19.520313548297555,27.958089469457203,23.27692649141181,23.49508810702569,23.33570371484933,23.134105876073107,19.039883639563527,23.314167651828118,23.154092149186038,22.95165546363948,1.0,0.0,0.75,0.25,0.0,19.520313548297555,23.27692649141181,27.958089469457203,13.521314463980408,22.072204501984366,27.661449544281492,6.282348993656464e-17,1.5718862150359778e-16,0.0,6.951016915016812e-16,2.535952140446803e-14,converged
2025-01-15T15:15:00+08:00,7.25,-2.5833333333333335,133.33333333333331,2.6458333333333335,49.0,49.0,43.0,43.0,50.0,60.0,85.0,39.44342985379688,13.164400582071837,12.866861575809855,13.412167695915185,68.82045570977407,0.992147228543424,48.85914742144078,48.8,48.8,41.58861710190047,40.41127066948949,40.14385164594463,40.713282723599,0.29267208333333333,0.370518698400464,28.197321423005036,28.43188814218864,19.526908170747763,27.96107652353624,23.281658680233193,23.5008290891987,23.340546089494335,23.13790254191592,19.046548078934077,23.319944669979648,23.15896732855751,22.95548152705983,1.0,0.0,0.75,0.25,0.0,19.526908170747763,23.281658680233193,27.96107652353624,13.521314463980408,22.072204501984366,27.661449544281492,6.282348993656464e-17,3.1419553811859403e-16,0.0,4.197397359013325e-15,4.848311006765176e-14,converged
2025-01-15T15:20:00+08:00,7.333333333333333,-2.625,130.0,2.65625,49.0,49.0,43.0,43.0,50.0,60.0,85.0,39.44342985379688,13.164400582071837,12.866861575809855,13.412167695915185,68.82045570977407,0.992147228543424,49.0,48.8,48.8,41.68609875403323,40.412788158703286,40.14550244490762,40.74687396145964,0.29474647499999995,0.3711320292903263,28.200924723008853,28.43660973246948,19.533454058538666,27.964100017481943,23.286115131275356,23.50625238641888,23.34511988126697,23.141485080779074,19.052888261252324,23.32540401012422,23.16357392182124,22.959093448259225,1.0,0.0,0.75,0.25,0.0,19.533454058538666,23.286115131275356,27.964100017481943,13.521314463980408,22.072204501984366,27.661449544281492,6.282348993656464e-17,3.1367630018228995e-16,0.0,1.4948388987977464e-16,3.6787204615231786e-14,converged
2025-01-15T15:25:00+08:00,7.416666666666667,-2.6666666666666665,126.66666666666669,2.6666666666666665,49.0,49.0,43.0,43.0,50.0,60.0,85.0,39.44342985379688,13.164400582071837,12.866861575809855,13.412167695915185,68.82045570977407,0.992147228543424,49.0,48.91711181992062,48.8,41.687473715616164,40.492813987374774,40.14706274190188,40.77396868354573,0.2968208666666667,0.37163975589332215,28.20428721267155,28.441047081999496,19.53968821707545,27.96693773274497,23.29052202082157,23.511572446749053,23.349628646986613,23.145047175679174,19.05890580770228,23.330546892732972,23.16791290934557,22.96249197172365,1.0,0.0,0.75,0.25,0.0,19.53968821707545,23.29052202082157,27.96693773274497,13.521314463980408,22.072204501984366,27.661449544281492,6.282348993656464e-17,9.397432861866753e-16,0.0,8.514781022582581e-16,4.413334285992237e-14,converged
2025-01-15T15:30:00+08:00,7.5,-2.7083333333333335,123.33333333333331,2.6770833333333335,49.0,49.0,43.0,43.0,50.0,60.0,85.0,39.44342985379688,13.164400582071837,12.866861575809855,13.412167695915185,68.82045570977407,0.992147228543424,49.0,49.0,48.893542018228736,41.688767841156206,40.54987678293008,40.21157808772501,40.81495259700567,0.2988952583333333,0.37245619898194254,28.207409695718045,28.44520108960491,19.545612069040725,27.96959020092541,23.2948134590726,23.516727068172283,23.354013164849384,23.148532277919024,19.064790338774657,23.335542441569892,23.172144787680487,22.965829769116862,1.0,0.0,0.75,0.25,0.0,19.545612069040725,23.2948134590726,27.96959020092541,13.521314463980408,22.072204501984366,27.661449544281492,6.282348993656464e-17,3.125611069036842e-16,0.0,3.1968755675586955e-16,4.038409493396066e-14,converged
2025-01-15T15:35:00+08:00,7.583333333333333,-2.75,120.0,2.6875,49.2,49.2,43.1,43.1,50.0,60.0,85.0,39.53515876043361,13.19501546714642,12.896784509707084,13.443358783580102,69.14092305626468,0.9990852960059755,48.999999999999986,49.0,49.0,41.70374864276684,40.56720968821831,40.30125712532823,40.85610073406302,0.30096965000000003,0.3730956646042176,28.210313023365817,28.449091430124664,19.551241277333972,27.972075338869566,23.298852296718824,23.521586314756068,23.358149946139047,23.151822743051092,19.07058805158009,23.340435362640342,23.176312030401302,22.969147303251766,1.0,0.0,0.75,0.25,0.0,19.551241277333972,23.298852296718824,27.972075338869566,13.489942504667228,22.020992890610856,27.597269846962977,1.2506460763315014e-16,1.092088879742147e-15,0.0,5.519901100696741e-16,2.9653152204348876e-14,converged
2025-01-15T15:40:00+08:00,7.666666666666667,-2.7916666666666665,116.66666666666669,2.6979166666666665,49.2,49.2,43.1,43.1,50.0,60.0,85.0,39.53515876043361,13.19501546714642,12.896784509707084,13.443358783580102,69.14092305626468,0.9990852960059755,48.999999999999986,49.0,49.0,41.704885399744065,40.56849793545484,40.30266697471814,40.85737976987991,0.3030440416666667,0.3730370682607987,28.212977874204785,28.452700155046184,19.556562937303614,27.974376236642026,23.30261822380483,23.526131283106032,23.362020734485476,23.154900850702855,19.07606583690821,23.34501399833697,23.180213267875,22.972252460701984,1.0,0.0,0.75,0.25,0.0,19.556562937303614,23.30261822380483,27.974376236642026,13.489942504667228,22.020992890610856,27.597269846962977,1.2506460763315014e-16,1.0922604241287136e-15,0.0,3.6075228541408715e-15,2.4379382328745606e-14,converged
2025-01-15T15:45:00+08:00,7.75,-2.8333333333333335,113.33333333333331,2.7083333333333335,49.2,49.2,43.1,43.1,50.0,60.0,85.0,39.53515876043361,13.19501546714642,12.896784509707084,13.443358783580102,69.14092305626468,0.9990852960059755,49.0604022998133,49.0,49.0,41.74717415069519,40.56969937320841,40.303987447224515,40.87233473682327,0.3051184333333333,0.3732755033137983,28.215516378037165,28.456133631925216,19.561691615017022,27.976588857306954,23.306112354655944,23.530363189048654,23.365626507560435,23.157767344302933,19.08122529451089,23.34927955635757,23.183849471259123,22.97514597997486,1.0,0.0,0.75,0.25,0.0,19.561691615017022,23.306112354655944,27.976588857306954,13.489942504667228,22.020992890610856,27.597269846962977,1.2506460763315014e-16,3.118750649143696e-16,0.0,3.0800063907416034e-15,2.952716322550417e-14,converged
2025-01-15T15:50:00+08:00,7.833333333333333,-2.875,110.0,2.71875,49.2,49.2,43.1,43.1,50.0,60.0,85.0,39.53515876043361,13.19501546714642,12.896784509707084,13.443358783580102,69.14092305626468,0.9990852960059755,49.199999999999996,49.0,49.0,41.84351651430624,40.570814331524346,40.30521890072582,40.90527183046848,0.307192825,0.37390104141174213,28.21807449996677,28.459530323283627,19.566775964612788,27.978838266521052,23.30933579904757,23.53428324370683,23.368968239442196,23.160422964677323,19.086068016140672,23.35323323975914,23.187221608165615,22.977828597009697,1.0,0.0,0.75,0.25,0.0,19.566775964612788,23.30933579904757,27.978838266521052,13.489942504667228,22.020992890610856,27.597269846962977,1.2506460763315014e-16,0.0,0.0,2.927093955839243e-15,3.3212977146942975e-14,converged
2025-01-15T15:55:00+08:00,7.916666666666667,-2.9166666666666665,106.66666666666669,2.7291666666666665,49.2,49.2,43.1,43.1,50.0,60.0,85.0,39.53515876043361,13.19501546714642,12.896784509707084,13.443358783580102,69.14092305626468,0.9990852960059755,49.199999999999996,49.11916028437557,49.0,41.84452610653269,40.65188846874384,40.30636169163678,40.932444611456006,0.3092672166666667,0.37443698625495314,28.220395297573262,28.462646960511723,19.571555252796124,27.98090411028872,23.31251874349835,23.538109691800543,23.372253098897186,23.163064839616556,19.090595585590766,23.356876246975716,23.19033064267377,22.980301045186675,1.0,0.0,0.75,0.25,0.0,19.571555252796124,23.31251874349835,27.98090411028872,13.489942504667228,22.020992890610856,27.597269846962977,1.2506460763315014e-16,6.218152912258937e-16,0.0,1.7745150591086304e-15,3.657475793594305e-14,converged
2025-01-15T16:00:00+08:00,8.0,-2.9583333333333335,103.33333333333331,2.7395833333333335,49.2,49.2,43.1,43.1,50.0,60.0,85.0,39.53515876043361,13.19501546714642,12.896784509707084,13.443358783580102,69.14092305626468,0.9990852960059755,49.199999999999996,49.2,49.09610920612148,41.8454563221402,40.70722825594957,40.37225102726939,40.973212210453696,0.31134160833333335,0.3752746161472675,28.22247956317516,28.46548442945227,19.5760308719659,27.982786914028488,23.315587365860242,23.541772813353855,23.375414726652256,23.165629627200687,19.095002804270663,23.360382363566156,23.19334150506837,22.982720223512228,1.0,0.0,0.75,0.25,0.0,19.5760308719659,23.315587365860242,27.982786914028488,13.489942504667228,22.020992890610856,27.597269846962977,1.2506460763315014e-16,1.5510684285298214e-16,0.0,2.3045463157481985e-15,5.3349352218132054e-14,converged
2025-01-15T16:05:00+08:00,8.083333333333334,-3.0,100.0,2.75,49.4,49.4,43.2,43.2,50.0,60.0,85.0,39.626887667070356,13.225630352221009,12.92670744360432,13.474549871245024,69.46213481006424,1.006055633491708,49.2,49.20000000000001,49.199999999999996,41.860130289335146,40.72421554113435,40.45989859508897,41.01345442348949,0.313416,0.3759196001402815,28.224348236438118,28.468062482805585,19.580218475920027,27.9845046746653,23.31840843960095,23.545146382914083,23.378333165462287,23.168003052837882,19.099325534150868,23.363787114492915,23.196287953859876,22.985118301668447,1.0,0.0,0.75,0.25,0.0,19.580218475920027,23.31840843960095,27.9845046746653,13.458715785906422,21.970018370030736,27.53338727787278,6.224313748108925e-17,6.193628732499834e-16,0.0,2.1916477406587218e-15,4.2061644169116575e-14,converged
2025-01-15T16:10:00+08:00,8.166666666666666,-3.041666666666667,96.66666666666664,2.760416666666667,49.4,49.4,43.2,43.2,50.0,60.0,85.0,39.626887667070356,13.225630352221009,12.92670744360432,13.474549871245024,69.46213481006424,1.006055633491708,49.2,49.20000000000001,49.199999999999996,41.86090673484623,40.72510854488787,40.460897025964414,41.0143443744366,0.3154903916666667,0.3758787343073055,28.22598188545305,28.470363069252898,19.584105109554212,27.98604039025131,23.320961572830477,23.548211419254706,23.380990087339487,23.170167329790935,19.103335709209098,23.366883295916004,23.19897285218231,22.987307198689557,1.0,0.0,0.75,0.25,0.0,19.584105109554212,23.320961572830477,27.98604039025131,13.458715785906422,21.970018370030736,27.53338727787278,6.224313748108925e-17,6.194302108709223e-16,0.0,2.1918803353501343e-15,3.5618049449518467e-14,converged
2025-01-15T16:15:00+08:00,8.25,-3.083333333333333,93.33333333333336,2.770833333333333,49.4,49.4,43.2,43.2,50.0,60.0,85.0,39.626887667070356,13.225630352221009,12.92670744360432,13.474549871245024,69.46213481006424,1.006055633491708,49.26165136856375,49.20000000000001,49.199999999999996,41.90372577426199,40.725916396637835,40.461807886870545,41.02920865285871,0.3175647833333333,0.3761410297877818,28.22749498909413,28.472494779741695,19.58780767724182,27.98749204118761,23.323247859801942,23.550969116218095,23.38338645369808,23.172123190403,19.10703489253988,23.369672093823848,23.201397155134572,22.989287642127255,1.0,0.0,0.75,0.25,0.0,19.58780767724182,23.323247859801942,27.98749204118761,13.458715785906422,21.970018370030736,27.53338727787278,6.224313748108925e-17,4.642486963969984e-16,0.0,4.495654957169485e-16,4.98988332789989e-14,converged
2025-01-15T16:20:00+08:00,8.333333333333334,-3.125,90.0,2.78125,49.4,49.4,43.2,43.2,50.0,60.0,85.0,39.626887667070356,13.225630352221009,12.92670744360432,13.474549871245024,69.46213481006424,1.006055633491708,49.4,49.20000000000001,49.199999999999996,41.99894025917354,40.72663942017193,40.46263152836467,41.06150278871055,0.319639175,0.3767784004860699,28.229028964407284,28.474591766131276,19.591470152384296,27.988980798784617,23.32526839029961,23.553420663027154,23.385523222417845,23.1738713644529,19.110424639420664,23.372154689646518,23.203561814327827,22.99106035700275,1.0,0.0,0.75,0.25,0.0,19.591470152384296,23.32526839029961,27.988980798784617,13.458715785906422,21.970018370030736,27.53338727787278,6.224313748108925e-17,6.179511441035425e-16,0.0,2.3372932128793135e-15,3.987594994200352e-14,converged
2025-01-15T16:25:00+08:00,8.416666666666666,-3.166666666666667,86.66666666666664,2.791666666666667,49.4,49.4,43.2,43.2,50.0,60.0,85.0,39.626887667070356,13.225630352221009,12.92670744360432,13.474549871245024,69.46213481006424,1.006055633491708,49.4,49.32119926519877,49.199999999999996,41.99959368552796,40.808768320612565,40.46336829957063,41.08876271165784,0.32171356666666673,0.37734212988829685,28.230329033198384,28.476412807720997,19.594834054316784,27.9902881669935,23.327257346171635,23.555788086986254,23.38761116072431,23.17561241155758,19.11350649735093,23.37433226027325,23.20546777789827,22.99262606581555,1.0,0.0,0.75,0.25,0.0,19.594834054316784,23.327257346171635,27.9902881669935,13.458715785906422,21.970018370030736,27.53338727787278,6.224313748108925e-17,6.17027957421011e-16,0.0,4.561231753856745e-15,3.956911813648665e-14,converged
2025-01-15T16:30:00+08:00,8.5,-3.208333333333333,83.33333333333336,2.802083333333333,49.4,49.4,43.2,43.2,50.0,60.0,85.0,39.626887667070356,13.225630352221009,12.92670744360432,13.474549871245024,69.46213481006424,1.006055633491708,49.4,49.400000000000006,49.29866450888508,42.000169160507475,40.86239924633036,40.530637987360926,41.129323834764385,0.3237879583333333,0.37820054079106663,28.231395976599778,28.477958777606098,19.59790074596739,27.99141466515345,23.329133003576842,23.55799417922868,23.38957679935231,23.17727622262513,19.116480428715658,23.37638323592369,23.207284393476296,22.99414587921021,1.0,0.0,0.75,0.25,0.0,19.59790074596739,23.329133003576842,27.99141466515345,13.458715785906422,21.970018370030736,27.53338727787278,6.224313748108925e-17,6.156274741619017e-16,0.0,2.3289195192133667e-16,3.532911229875437e-14,converged
2025-01-15T16:35:00+08:00,8.583333333333334,-3.25,80.0,2.8125,49.6,49.6,43.3,43.3,50.0,60.0,85.0,39.71861657370709,13.256245237295595,12.95663037750155,13.505740958909941,69.78409097117267,1.0130583158730635,49.4,49.4,49.4,42.014548921934335,40.879055277365204,40.61627418783958,41.1686758605096,0.32586234999999997,0.3788507397727078,28.232250827887974,28.479249512796947,19.600685876621775,27.99237837330452,23.33076604972675,23.559916417540656,23.391303704344043,23.178751883746333,19.119372008416654,23.378334002269984,23.20903674277313,22.99564370870672,1.0,0.0,0.75,0.25,0.0,19.600685876621775,23.33076604972675,27.99237837330452,13.427633301412413,21.91927929758263,27.469799778385777,6.195597229315214e-17,1.536427273400316e-16,0.0,3.515581828087884e-16,3.3379309489830346e-14,converged
2025-01-15T16:40:00+08:00,8.666666666666666,-3.291666666666667,76.66666666666664,2.822916666666667,49.6,49.6,43.3,43.3,50.0,60.0,85.0,39.71861657370709,13.256245237295595,12.95663037750155,13.505740958909941,69.78409097117267,1.0130583158730635,49.4,49.4,49.4,42.014974138931606,40.8795634527722,40.61687252429043,41.169187006178134,0.3279367416666667,0.37882721404205094,28.232874039886184,28.48026685313786,19.603176437706544,27.993162194629154,23.332136005963246,23.561535737051198,23.39277347165185,23.180021538775566,19.121958188689266,23.37998178602658,23.210531900799836,22.996935487177442,1.0,0.0,0.75,0.25,0.0,19.603176437706544,23.332136005963246,27.993162194629154,13.427633301412413,21.91927929758263,27.469799778385777,6.195597229315214e-17,0.0,0.0,3.745493576579552e-15,3.6200625029094453e-14,converged
2025-01-15T16:45:00+08:00,8.75,-3.333333333333333,73.33333333333336,2.833333333333333,49.6,49.6,43.3,43.3,50.0,60.0,85.0,39.71861657370709,13.256245237295595,12.95663037750155,13.505740958909941,69.78409097117267,1.0130583158730635,49.462894667943495,49.4,49.4,42.058329914031006,40.87998809394916,40.61738505146301,41.18396996731378,0.3300111333333333,0.37911295791368704,28.233382432235512,28.481121605129353,19.60549166290431,27.993866119666066,23.333243946946105,23.56285331011406,23.393987046780786,23.181085909197265,19.124240497046664,23.38132775195784,23.21177080693796,22.998021931440697,1.0,0.0,0.75,0.25,0.0,19.60549166290431,23.333243946946105,27.993866119666066,13.427633301412413,21.91927929758263,27.469799778385777,6.195597229315214e-17,3.0707291691527775e-16,0.0,1.0659830867714452e-15,3.359082975473997e-14,converged
2025-01-15T16:50:00+08:00,8.833333333333334,-3.375,70.0,2.84375,49.6,49.6,43.3,43.3,50.0,60.0,85.0,39.71861657370709,13.256245237295595,12.95663037750155,13.505740958909941,69.78409097117267,1.0130583158730635,49.6,49.4,49.4,42.152427700913854,40.88032951857524,40.617812112783625,41.21563206785859,0.33208552500000005,0.37976179518519104,28.233912890464282,28.4819436256597,19.607770864907682,27.994607439458306,23.33409094294538,23.56387030454577,23.394945371759256,23.181945713969036,19.126220453361874,23.382373060350393,23.212754397137985,22.998903755821104,1.0,0.0,0.75,0.25,0.0,19.607770864907682,23.33409094294538,27.994607439458306,13.427633301412413,21.91927929758263,27.469799778385777,6.195597229315214e-17,3.065482713187745e-16,0.0,3.5352706574198145e-17,3.4628932244539216e-14,converged
2025-01-15T16:55:00+08:00,8.916666666666666,-3.416666666666667,66.66666666666664,2.854166666666667,49.6,49.6,43.3,43.3,50.0,60.0,85.0,39.71861657370709,13.256245237295595,12.95663037750155,13.505740958909941,69.78409097117267,1.0130583158730635,49.6,49.5232288280967,49.4,42.15273394393608,40.96351939149468,40.61815405027469,41.24298795988307,0.33415991666666667,0.38035288434860426,28.234212793025666,28.48249373478755,19.609757807048524,27.995169509330356,23.33491515630842,23.564812516233452,23.395862798854548,23.18280493165634,19.12789956990599,23.383118867030337,23.213483603931873,22.99958167215827,1.0,0.0,0.75,0.25,0.0,19.609757807048524,23.33491515630842,27.995169509330356,13.427633301412413,21.91927929758263,27.469799778385777,6.195597229315214e-17,1.5303593927821624e-16,0.0,3.7312788707569495e-15,3.596548929036509e-14,converged
2025-01-15T17:00:00+08:00,9.0,-3.458333333333333,63.33333333333336,2.864583333333333,49.6,49.6,43.3,43.3,50.0,60.0,85.0,39.71861657370709,13.256245237295595,12.95663037750155,13.505740958909941,69.78409097117267,1.0130583158730635,49.6,49.6,49.50120800886457,42.15296362747666,41.015455333009875,40.68681017069723,41.283352188419485,0.3362343083333333,0.381231679171298,28.23428291008205,28.4827727930925,19.611453823575594,27.995552842642688,23.335626991975616,23.565595276316238,23.396658776127026,23.183586711896556,19.129482950190692,23.38374822983109,23.21413217599204,23.000220987114037,1.0,0.0,0.8333333333333334,0.25,0.0,19.611453823575594,23.335626991975616,27.995552842642688,13.427633301412413,21.91927929758263,27.469799778385777,6.195597229315214e-17,1.526831690377784e-16,0.0,6.611326422454807e-16,4.370315066686174e-14,converged
2025-01-15T17:05:00+08:00,9.083333333333334,-3.5,60.0,2.875,49.8,49.8,43.4,43.4,50.0,60.0,85.0,39.81034548034382,13.286860122370179,12.986553311398783,13.536932046574861,70.10679153959006,1.0200934180224874,49.6,49.6,49.6,42.1670614654737,41.03179407453755,40.77045463746044,41.321829357696664,0.3383087,0.38188679658733954,28.234144373501476,28.482800728130947,19.612874563670687,27.99577560548434,23.33610104173105,23.566099758410903,23.39722038461354,23.184183492235427,19.13098592960022,23.384278436437953,23.21471655612218,23.000837388710572,1.0,0.0,0.8333333333333334,0.25,0.0,19.612874563670687,23.33610104173105,27.99577560548434,13.396694054174136,21.868774045744882,27.406505308850324,6.167078983027246e-17,7.621062240646883e-16,1.1833737511273759e-16,2.3254004447646745e-17,4.123981606016926e-14,converged
2025-01-15T17:10:00+08:00,9.166666666666666,-3.541666666666667,56.66666666666664,2.885416666666667,49.8,49.8,43.4,43.4,50.0,60.0,85.0,39.81034548034382,13.286860122370179,12.986553311398783,13.536932046574861,70.10679153959006,1.0200934180224874,49.6,49.6,49.6,42.16714431891089,41.03192758088683,40.770663907476425,41.321971720775174,0.3403830916666667,0.3818802291242672,28.23377751624605,28.482559265085634,19.614006962414614,27.995820603410888,23.336316735515226,23.56630680841582,23.39752913993459,23.184577344192594,19.13219045403118,23.384511121239246,23.21504801058903,23.001250805244485,1.0,0.0,0.8333333333333334,0.25,0.0,19.614006962414614,23.336316735515226,27.995820603410888,13.396694054174136,21.868774045744882,27.406505308850324,6.167078983027246e-17,7.621193305418033e-16,1.1833737511273759e-16,1.5115356703827416e-15,3.3795764394953345e-14,converged
2025-01-15T17:15:00+08:00,9.25,-3.583333333333333,53.33333333333336,2.895833333333333,49.8,49.8,43.4,43.4,50.0,60.0,85.0,39.81034548034382,13.286860122370179,12.986553311398783,13.536932046574861,70.10679153959006,1.0200934180224874,49.66413223783303,49.6,49.6,42.21104306945675,41.031979132028326,40.7707890838919,41.336682483197876,0.34245748333333326,0.38218901801813093,28.2333014904598,28.482161418210005,19.614972573841648,27.995789829936317,23.33627512886235,23.5662175776808,23.39758597202724,23.18476897861603,19.133098016460252,23.384447428250095,23.215127463391095,23.001461943018658,1.0,0.0,0.8333333333333334,0.25,0.0,19.614972573841648,23.33627512886235,27.995789829936317,13.396694054174136,21.868774045744882,27.406505308850324,6.167078983027246e-17,7.61503577670906e-16,1.1833737511273759e-16,4.3328356335997914e-16,7.529858095959571e-14,converged
2025-01-15T17:20:00+08:00,9.333333333333334,-3.625,50.0,2.90625,49.8,49.8,43.4,43.4,50.0,60.0,85.0,39.81034548034382,13.286860122370179,12.986553311398783,13.536932046574861,70.10679153959006,1.0200934180224874,49.8,49.6,49.6,42.30403511525357,41.031949039678324,40.77083050318733,41.36772321354988,0.344531875,0.38284896422575904,28.232848666604017,28.48173276502767,19.615906069824224,27.99579670984031,23.33597727299417,23.56583321309882,23.39739180740845,23.18475910386365,19.13371010239575,23.384088497086715,23.21495583515129,23.001471505878328,1.0,0.0,0.8333333333333334,0.25,0.0,19.615906069824224,23.33597727299417,27.99579670984031,13.396694054174136,21.868774045744882,27.406505308850324,6.167078983027246e-17,3.040763661522846e-16,1.1833737511273759e-16,3.600607417641744e-16,3.063498963054947e-14,converged
2025-01-15T17:25:00+08:00,9.416666666666666,-3.666666666666667,46.66666666666664,2.916666666666667,49.8,49.8,43.4,43.4,50.0,60.0,85.0,39.81034548034382,13.286860122370179,12.986553311398783,13.536932046574861,70.10679153959006,1.0200934180224874,49.8,49.7252490381702,49.6,42.30400294192816,41.11620585517423,40.770788500468086,41.39518365235455,0.3466062666666667,0.3834669970436404,28.232168572237054,28.48103615924139,19.616553449094685,27.995626443280486,23.33566529600204,23.5653832652089,23.39716457004013,23.184755104640697,19.134028189914932,23.38343546298333,23.21453404312928,23.001280195219646,1.0,0.0,0.8333333333333334,0.25,0.0,19.616553449094685,23.33566529600204,27.995626443280486,13.396694054174136,21.868774045744882,27.406505308850324,6.167078983027246e-17,3.0358628701933945e-16,1.1833737511273759e-16,7.951908510299484e-16,5.786096613990554e-14,converged
2025-01-15T17:30:00+08:00,9.5,-3.708333333333333,43.33333333333336,2.927083333333333,49.8,49.8,43.4,43.4,50.0,60.0,85.0,39.81034548034382,13.286860122370179,12.986553311398783,13.536932046574861,70.10679153959006,1.0200934180224874,49.8,49.8,49.703739787645986,42.30389556847205,41.16646042645312,40.84083685996449,41.435360316890886,0.34868065833333334,0.38436578720799214,28.23126196676361,28.48007244914305,19.6169160179929,27.9952795377377,23.335241761903152,23.564775633882473,23.396816652467233,23.184673415066715,19.13426250390179,23.382675994426684,23.214040220820966,23.001057498184164,1.0,0.0,0.8333333333333334,0.25,0.0,19.6169160179929,23.335241761903152,27.9952795377377,13.396694054174136,21.868774045744882,27.406505308850324,6.167078983027246e-17,0.0,1.1833737511273759e-16,2.1259801451624003e-15,2.899392222075991e-14,converged
2025-01-15T17:35:00+08:00,9.583333333333334,-3.75,40.0,2.9375,50.0,50.0,43.5,43.5,50.0,60.0,85.0,39.90207438698056,13.317475007444763,13.016476245296015,13.56812313423978,70.43023651531638,1.0271610148124228,49.8,49.8,49.8,42.31772342805471,41.18249545219274,40.92250877041763,41.472977565285305,0.35075505,0.3850255331890935,28.230150085446798,28.478861658863753,19.617009429830222,27.994774248183734,23.33458515775134,23.56389518099769,23.396238642324423,23.184409814863155,19.13441818726542,23.38181832197844,23.21348220964708,23.00081091366086,1.0,0.0,0.8333333333333334,0.25,0.0,19.617009429830222,23.33458515775134,27.994774248183734,13.36589705634845,21.81850100196156,27.343501848370213,1.227751437629362e-16,3.023574069560758e-16,1.1806533516994967e-16,1.222584375382069e-15,4.345691099665164e-14,converged
2025-01-15T17:40:00+08:00,9.666666666666666,-3.791666666666667,36.66666666666664,2.947916666666667,50.0,50.0,43.5,43.5,50.0,60.0,85.0,39.90207438698056,13.317475007444763,13.016476245296015,13.56812313423978,70.43023651531638,1.0271610148124228,49.8,49.8,49.8,42.317472570202106,41.18226419911982,40.922339713676045,41.47276091800237,0.3528294416666667,0.3850355505435896,28.228813136964757,28.47738539330078,19.61682056059973,27.994093279887785,23.333674817646383,23.562722657855424,23.395411970793678,23.18394630040263,19.134282155292478,23.38066846514482,23.21267544677142,23.00036434716122,1.0,0.0,0.8333333333333334,0.25,0.0,19.61682056059973,23.333674817646383,27.994093279887785,13.36589705634845,21.81850100196156,27.343501848370213,1.227751437629362e-16,4.535243109210854e-16,1.1806533516994967e-16,2.657323429228898e-15,2.5321886962554834e-14,converged
2025-01-15T17:45:00+08:00,9.75,-3.833333333333333,33.33333333333336,2.958333333333333,50.0,50.0,43.5,43.5,50.0,60.0,85.0,39.90207438698056,13.317475007444763,13.016476245296015,13.56812313423978,70.43023651531638,1.0271610148124228,49.86536411774607,49.8,49.8,42.361920333765674,41.18195253204204,40.92208823517615,41.487408354031885,0.3549038333333333,0.3853669895692904,28.227372597741198,28.47575886669873,19.616473275769,27.993340622213456,23.332511778453878,23.56125919527563,23.394337552578158,23.183283572114565,19.133855867437845,23.37922754765626,23.211620841136927,22.999718494686373,1.0,0.0,0.75,0.25,0.0,19.616473275769,23.332511778453878,27.993340622213456,13.36589705634845,21.81850100196156,27.343501848370213,1.227751437629362e-16,4.531342524578234e-16,1.1806533516994967e-16,7.486582020002747e-16,4.576629452121696e-14,converged
2025-01-15T17:50:00+08:00,9.833333333333334,-3.875,30.0,2.96875,50.0,50.0,43.5,43.5,50.0,60.0,85.0,39.90207438698056,13.317475007444763,13.016476245296015,13.56812313423978,70.43023651531638,1.0271610148124228,50.0,49.8,49.8,42.45381737697912,41.18156075685492,40.92175466463281,41.5178381283302,0.356978225,0.3860376952796308,28.225956339531894,28.474103392738378,19.616097626140842,27.99262584760667,23.331097072802386,23.559505919700015,23.393016299016285,23.182422327974315,19.133140775854734,23.37749668892137,23.21031929836524,22.998874049815143,1.0,0.0,0.75,0.25,0.0,19.616097626140842,23.331097072802386,27.99262584760667,13.36589705634845,21.81850100196156,27.343501848370213,1.227751437629362e-16,1.0554762692258025e-15,1.1806533516994967e-16,1.9015496674412402e-16,3.212891448175272e-14,converged
2025-01-15T17:55:00+08:00,9.916666666666666,-3.916666666666667,26.666666666666643,2.979166666666667,50.0,50.0,43.5,43.5,50.0,60.0,85.0,39.90207438698056,13.317475007444763,13.016476245296015,13.56812313423978,70.43023651531638,1.0271610148124228,50.0,49.92725995992154,49.8,42.453455343989596,41.26689025196896,40.92133933041384,41.54541144856388,0.3590526166666667,0.3866822641483359,28.224316031494848,28.472183851685813,19.61544183728888,27.991735994551107,23.32967677984683,23.55769612245901,23.3916696924872,23.181573346086903,19.132138325431228,23.375477004043553,23.208771720768837,22.997831703712475,1.0,0.0,0.75,0.25,0.0,19.61544183728888,23.32967677984683,27.991735994551107,13.36589705634845,21.81850100196156,27.343501848370213,1.227751437629362e-16,0.0,1.1806533516994967e-16,7.793861915024834e-16,3.2403078070646225e-14,converged
2025-01-15T18:00:00+08:00,10.0,-3.958333333333333,23.333333333333357,2.989583333333333,50.0,50.0,43.5,43.5,50.0,60.0,85.0,39.90207438698056,13.317475007444763,13.016476245296015,13.56812313423978,70.43023651531638,1.0271610148124228,50.0,50.0,49.90625992606519,42.45301943846633,41.31547680976657,40.9927854690228,41.58540963525301,0.3611270083333333,0.38760066940209825,28.222452422485485,28.47000107976921,19.614507188394125,27.990671564745572,23.328145652798444,23.555730300714046,23.390203097022322,23.180646370659634,19.131063842763496,23.373360755288545,23.207160610533133,22.996765108544693,1.0,0.0,0.75,0.25,0.0,19.614507188394125,23.328145652798444,27.990671564745572,13.36589705634845,21.81850100196156,27.343501848370213,1.227751437629362e-16,1.5017430440266495e-16,1.1806533516994967e-16,8.637376311357305e-16,3.827788560336024e-14,converged
2025-01-15T18:05:00+08:00,10.083333333333334,-4.0,20.0,3.0,50.2,50.2,43.6,43.6,50.0,60.0,85.0,39.9938032936173,13.34808989251935,13.046399179193248,13.599314221904699,70.75442589835158,1.0342611811153124,50.0,50.0,50.0,42.46658893607839,41.331221312637304,41.07250355660036,41.622181513501026,0.3632014,0.38826476062371246,28.22038685579311,28.467575203521083,19.613309340961813,27.989450904780696,23.326386064552416,23.55349699688112,23.388510598357637,23.179540514261742,19.129912324830425,23.371147156526003,23.205485244859883,22.995673608137416,1.0,0.0,0.75,0.25,0.0,19.613309340961813,23.326386064552416,27.989450904780696,13.335241329154988,21.76845856847082,27.28078739458954,1.222126008887173e-16,2.998348900887221e-16,1.177945431168076e-16,1.830274714541623e-17,3.142354330372527e-14,converged
2025-01-15T18:10:00+08:00,10.166666666666666,-4.041666666666667,19.58333333333333,3.004166666666667,50.2,50.2,43.6,43.6,50.0,60.0,85.0,39.9938032936173,13.34808989251935,13.046399179193248,13.599314221904699,70.75442589835158,1.0342611811153124,50.0,50.0,50.0,42.46603570451046,41.330658611311506,41.07199015150842,41.6216387352155,0.3640590166666667,0.3882899153440541,28.218245000969528,28.465071620742375,19.61198351937746,27.988164795072066,23.324522784220566,23.55116071612666,23.38672201547877,23.17834583882086,19.128621100531756,23.368830446131426,23.20371368971761,22.994493211874683,1.0,0.0,0.75,0.25,0.0,19.61198351937746,23.324522784220566,27.988164795072066,13.335241329154988,21.76845856847082,27.28078739458954,1.222126008887173e-16,5.996309315619597e-16,1.177945431168076e-16,4.273421049357765e-15,3.385369338635583e-14,converged
2025-01-15T18:15:00+08:00,10.25,-4.083333333333333,19.16666666666667,3.0083333333333333,50.2,50.2,43.6,43.6,50.0,60.0,85.0,39.9938032936173,13.34808989251935,13.046399179193248,13.599314221904699,70.75442589835158,1.0342611811153124,50.066590346833806,50.0,50.0,42.51110689256199,41.330064170422695,41.07144286829102,41.63630141372606,0.3649166333333333,0.38864037673871665,28.216150163785592,28.4626071553608,19.610655213917706,27.986918903664957,23.32255623561402,23.54872185722971,23.38483770190261,23.177062655589605,19.12719086891159,23.3664110207522,23.20184629665857,22.993224229207865,1.0,0.0,0.75,0.25,0.0,19.610655213917706,23.32255623561402,27.986918903664957,13.335241329154988,21.76845856847082,27.28078739458954,1.222126008887173e-16,1.4977255168883413e-16,1.177945431168076e-16,1.3383035157331869e-15,7.192574299836419e-14,converged
2025-01-15T18:20:00+08:00,10.333333333333334,-4.125,18.75,3.0125,50.2,50.2,43.6,43.6,50.0,60.0,85.0,39.9938032936173,13.34808989251935,13.046399179193248,13.599314221904699,70.75442589835158,1.0342611811153124,50.2,50.0,50.0,42.60203354677579,41.32943811049928,41.070861843971024,41.66624674763967,0.36577425,0.3893161085446384,28.21422524844215,28.460298291913123,19.609449199279506,27.98581865533731,23.320486840811697,23.546180817425043,23.38285800984538,23.175691274729854,19.125622325516236,23.36388927550989,23.19988341595016,22.991866968511115,1.0,0.0,0.75,0.25,0.0,19.609449199279506,23.320486840811697,27.98581865533731,13.335241329154988,21.76845856847082,27.28078739458954,1.222126008887173e-16,4.485377792179904e-16,1.177945431168076e-16,1.2441144337760472e-15,4.123770943642098e-14,converged
2025-01-15T18:25:00+08:00,10.416666666666666,-4.166666666666667,18.33333333333333,3.0166666666666666,50.2,50.2,43.6,43.6,50.0,60.0,85.0,39.9938032936173,13.34808989251935,13.046399179193248,13.599314221904699,70.75442589835158,1.0342611811153124,50.2,50.12926165726117,50.0,42.60150945123498,41.4160104123918,41.07024721500418,41.694103628200175,0.3666318666666667,0.3899792794600064,28.212223574727112,28.457911351282686,19.608115247786493,27.984652612120954,23.318564025446232,23.543773908572827,23.38100742462826,23.17444547875425,19.123916162411728,23.361265604006125,23.19782539657964,22.99042173708512,1.0,0.0,0.75,0.25,0.0,19.608115247786493,23.318564025446232,27.984652612120954,13.335241329154988,21.76845856847082,27.28078739458954,1.222126008887173e-16,7.462917131657092e-16,1.177945431168076e-16,5.537252135054427e-15,3.4837749760009985e-14,converged
2025-01-15T18:30:00+08:00,10.5,-4.208333333333333,17.91666666666667,3.0208333333333335,50.2,50.2,43.6,43.6,50.0,60.0,85.0,39.9938032936173,13.34808989251935,13.046399179193248,13.599314221904699,70.75442589835158,1.0342611811153124,50.2,50.2,50.10876850421642,42.600957977433794,41.463153312583195,41.14330647756406,41.73414082669082,0.36748948333333326,0.39090725832377077,28.21014539926714,28.455446580788394,19.606653943688613,27.983420962608733,23.316674174295226,23.54139354977945,23.379183768343022,23.173227972415685,19.122292071337736,23.358736146374586,23.195858556644243,22.98906596420836,1.0,0.0,0.75,0.25,0.0,19.606653943688613,23.316674174295226,27.983420962608733,13.335241329154988,21.76845856847082,27.28078739458954,1.222126008887173e-16,0.0,1.177945431168076e-16,2.3204177692318005e-15,2.9847520476806425e-14,converged
2025-01-15T18:35:00+08:00,10.583333333333334,-4.25,17.5,3.025,50.4,50.4,43.7,43.7,50.0,60.0,85.0,40.08553220025404,13.378704777593939,13.076322113090482,13.630505309569621,71.07935968869575,1.0413939918036013,50.2,50.2,50.2,42.61452857914939,41.47887623985366,41.22134371311218,41.770334485834255,0.3683471,0.3915636052670446,28.208011695111317,28.452923636815065,19.605080293885198,27.982141839546074,23.31470294927002,23.53893125259055,23.37728407601202,23.171940816724312,19.120734234283105,23.356290440698764,23.193973109121504,22.98779049975794,1.0,0.0,0.75,0.25,0.0,19.605080293885198,23.31470294927002,27.982141839546074,13.30472590277248,21.718645162135644,27.218359963480637,3.0413478861152326e-16,1.1892353657081088e-15,0.0,1.315958604183435e-15,3.454049541903483e-14,converged
2025-01-15T18:40:00+08:00,10.666666666666666,-4.291666666666667,17.08333333333333,3.029166666666667,50.4,50.4,43.7,43.7,50.0,60.0,85.0,40.08553220025404,13.378704777593939,13.076322113090482,13.630505309569621,71.07935968869575,1.0413939918036013,50.2,50.2,50.2,42.613929448442306,41.47824764407198,41.22075077180581,41.76972784792618,0.36920471666666665,0.3915917840039091,28.20580193267462,28.45032329607141,19.60338038688033,27.980797435376374,23.31262889880164,23.536366867188683,23.37528906320265,23.170565478250296,19.11903872501426,23.353742518280022,23.19199224142482,22.98642678080988,1.0,0.0,0.75,0.25,0.0,19.60338038688033,23.31262889880164,27.980797435376374,13.30472590277248,21.718645162135644,27.218359963480637,3.0413478861152326e-16,8.918623417219552e-16,0.0,2.9402801198101777e-15,2.9446242194925515e-14,converged
2025-01-15T18:45:00+08:00,10.75,-4.333333333333333,16.66666666666667,3.033333333333333,50.4,50.4,43.7,43.7,50.0,60.0,85.0,40.08553220025404,13.378704777593939,13.076322113090482,13.630505309569621,71.07935968869575,1.0413939918036013,50.26781096388911,50.2,50.2,42.659831225015694,41.477587622756594,41.22012434890848,41.78461943531014,0.3700623333333333,0.39195133958021544,28.203641735234108,28.44776457789464,19.601682024958915,27.97949540506297,23.31045244324222,23.533700788989588,23.37319908069124,23.169102266077733,19.117206232487064,23.351092772406073,23.189916302368246,22.984975114647632,1.0,0.0,0.75,0.25,0.0,19.601682024958915,23.31045244324222,27.97949540506297,13.30472590277248,21.718645162135644,27.218359963480637,3.0413478861152326e-16,1.4850736567403624e-16,0.0,3.2408076590929365e-15,5.921000471339935e-14,converged
2025-01-15T18:50:00+08:00,10.833333333333334,-4.375,16.25,3.0375,50.4,50.4,43.7,43.7,50.0,60.0,85.0,40.08553220025404,13.378704777593939,13.076322113090482,13.630505309569621,71.07935968869575,1.0413939918036013,50.4,50.2,50.2,42.74995277057512,41.476896295263735,41.21946457980009,41.81424799403526,0.37091995,0.3926244123077692,28.201649550263642,28.44535974456491,19.60010541905147,27.978337353884033,23.30817400122548,23.530933411877452,23.37101447796327,23.167551488207376,19.115237442209622,23.348341594851426,23.187745639490732,22.983435807484753,1.0,0.0,0.75,0.25,0.0,19.60010541905147,23.30817400122548,27.978337353884033,13.30472590277248,21.718645162135644,27.218359963480637,3.0413478861152326e-16,4.447583422385853e-16,0.0,1.1220054332632305e-15,3.20550079068211e-14,converged
2025-01-15T18:55:00+08:00,10.916666666666666,-4.416666666666667,15.83333333333333,3.0416666666666665,50.4,50.4,43.7,43.7,50.0,60.0,85.0,40.08553220025404,13.378704777593939,13.076322113090482,13.630505309569621,71.07935968869575,1.0413939918036013,50.4,50.331254193514575,50.2,42.74938333886963,41.56482839636773,41.218771599300496,41.84250668196785,0.3717775666666667,0.3933006323336315,28.199580833737368,28.44287714022986,19.598402569443614,27.977113674462935,23.306046934520715,23.528304777117295,23.36896328416956,23.16613030304875,19.113133036259537,23.345489375883197,23.185480599060774,22.981809164468626,1.0,0.0,0.75,0.25,0.0,19.598402569443614,23.306046934520715,27.977113674462935,13.30472590277248,21.718645162135644,27.218359963480637,3.0413478861152326e-16,2.9599576572300374e-16,0.0,1.045629502964466e-15,5.308394007908984e-14,converged
2025-01-15T19:00:00+08:00,11.0,-4.458333333333333,15.41666666666667,3.0458333333333334,50.4,50.4,43.7,43.7,50.0,60.0,85.0,40.08553220025404,13.378704777593939,13.076322113090482,13.630505309569621,71.07935968869575,1.0413939918036013,50.4,50.4,50.31126560146078,42.748786767909436,41.6106044284895,41.29351236174765,41.88265471207671,0.3726351833333333,0.39423484043536744,28.197435841595617,28.440317011307855,19.596574052712544,27.975824554967787,23.3039498909596,23.525699973782945,23.366936358142052,23.164734783962263,19.111117790222636,23.342736831765013,23.18331184740473,22.980276756877792,1.0,0.0,0.75,0.25,0.0,19.596574052712544,23.3039498909596,27.975824554967787,13.30472590277248,21.718645162135644,27.218359963480637,3.0413478861152326e-16,5.905887044299447e-16,0.0,4.194187207393837e-15,5.401300305920477e-14,converged
2025-01-15T19:05:00+08:00,11.083333333333334,-4.5,15.0,3.05,50.6,50.6,43.8,43.8,50.0,60.0,85.0,40.17726110689077,13.40931966266852,13.10624504698771,13.661696397234536,71.4050378863488,1.0485595217497308,50.4,50.4,50.4,42.762382786051894,41.62633148754245,41.36989956076693,41.9182971308333,0.3734928,0.3948823330744913,28.195235665836584,28.437699129642496,19.594634905871395,27.974488225465418,23.301772406952495,23.52301418661272,23.364834221674766,23.163270309756477,19.10916584785114,23.340064571388062,23.181221112012175,22.97882135020908,1.0,0.0,0.75,0.25,0.0,19.594634905871395,23.301772406952495,27.974488225465418,13.274349816236475,21.669059214276896,27.1562175891348,1.210990522431851e-16,1.4740507750820804e-16,0.0,1.7416126332341864e-15,3.094264073096705e-14,converged
2025-01-15T19:10:00+08:00,11.166666666666666,-4.541666666666667,14.58333333333333,3.0541666666666667,50.6,50.6,43.8,43.8,50.0,60.0,85.0,40.17726110689077,13.40931966266852,13.10624504698771,13.661696397234536,71.4050378863488,1.0485595217497308,50.4,50.4,50.4,42.761739136626524,41.62563882359316,41.369229422162,41.917628485092536,0.3743504166666667,0.3949134631900103,28.192959656194425,28.435004154379975,19.592571172057834,27.97308677997868,23.29949294249108,23.520227178960358,23.362637511278816,23.161718275320148,19.10707820681271,23.33729096815737,23.179035708529153,22.97727831665977,1.0,0.0,0.75,0.25,0.0,19.592571172057834,23.29949294249108,27.97308677997868,13.274349816236475,21.669059214276896,27.1562175891348,1.210990522431851e-16,2.9478691581330634e-16,0.0,1.8854767312881777e-15,3.09548611355151e-14,converged
2025-01-15T19:15:00+08:00,11.25,-4.583333333333333,14.16666666666667,3.0583333333333336,50.6,50.6,43.8,43.8,50.0,60.0,85.0,40.17726110689077,13.40931966266852,13.10624504698771,13.661696397234536,71.4050378863488,1.0485595217497308,50.46902600735055,50.4,50.4,42.808470322640126,41.624915041046556,41.36852618851229,41.93274997318552,0.3752080333333333,0.3952820181076251,28.19073574516847,28.432353292424423,19.590512956274832,27.971729853287684,23.29711191455531,23.517339342957893,23.36034657505184,23.16007898761579,19.10485554627526,23.334416412080024,23.17675598309299,22.975647961392053,1.0,0.0,0.75,0.25,0.0,19.590512956274832,23.29711191455531,27.971729853287684,13.274349816236475,21.669059214276896,27.1562175891348,1.210990522431851e-16,7.36280152486205e-16,0.0,6.2703433772380175e-15,5.76306877579817e-14,converged
2025-01-15T19:20:00+08:00,11.333333333333334,-4.625,13.75,3.0625,50.6,50.6,43.8,43.8,50.0,60.0,85.0,40.17726110689077,13.40931966266852,13.10624504698771,13.661696397234536,71.4050378863488,1.0485595217497308,50.6,50.4,50.4,42.89779025673316,41.624160258113235,41.36778999359723,41.96206430359417,0.37606565000000003,0.3959523805250643,28.18867793942275,28.429854598877156,19.58857592454384,27.970515244796253,23.29462973842016,23.51435106921823,23.357961759810234,23.1583527525298,19.1024985420075,23.331441291662216,23.17438228057542,22.973930588505382,1.0,0.0,0.75,0.25,0.0,19.58857592454384,23.29462973842016,27.970515244796253,13.274349816236475,21.669059214276896,27.1562175891348,1.210990522431851e-16,7.350336022260988e-16,0.0,3.0123801822667447e-15,3.126687647465627e-14,converged
2025-01-15T19:25:00+08:00,11.416666666666666,-4.666666666666667,13.33333333333333,3.066666666666667,50.6,50.6,43.8,43.8,50.0,60.0,85.0,40.17726110689077,13.40931966266852,13.10624504698771,13.661696397234536,71.4050378863488,1.0485595217497308,50.6,50.533237631428925,50.4,42.8971768522924,41.7134499452513,41.36702097064293,41.99072531715564,0.37692326666666665,0.39664154011318054,28.1865438235402,28.42727843397794,19.586514296179363,27.969235171226373,23.292303697196676,23.51150611439842,23.355714625213764,23.156760091674766,19.100007866395934,23.328365993915003,23.171914944587208,22.97212650104018,1.0,0.0,0.75,0.25,0.0,19.586514296179363,23.292303697196676,27.969235171226373,13.274349816236475,21.669059214276896,27.1562175891348,1.210990522431851e-16,4.4025389446242585e-16,0.0,1.6087745764308314e-15,4.883134571545989e-14,converged
2025-01-15T19:30:00+08:00,11.5,-4.708333333333333,12.91666666666667,3.0708333333333333,50.6,50.6,43.8,43.8,50.0,60.0,85.0,40.17726110689077,13.40931966266852,13.10624504698771,13.661696397234536,71.4050378863488,1.0485595217497308,50.6,50.6,50.513751296434606,42.896536541854616,41.75786447116366,41.44344055831542,42.03098547162933,0.3777808833333333,0.39758189370496155,28.184333652792173,28.424625043264452,19.584328640294526,27.967889820330928,23.290004731027597,23.508682265239443,23.353489093123038,23.15519047203248,19.097613358874984,23.325395794261052,23.16954897355672,22.97042139691166,1.0,0.0,0.75,0.25,0.0,19.584328640294526,23.290004731027597,27.967889820330928,13.274349816236475,21.669059214276896,27.1562175891348,1.210990522431851e-16,4.3921261381683246e-16,0.0,1.32281707948552e-15,5.058009240503806e-14,converged
2025-01-15T19:35:00+08:00,11.583333333333334,-4.75,12.5,3.075,50.8,50.8,43.9,43.9,50.0,60.0,85.0,40.26899001352751,13.439934547743109,13.136167980884945,13.692887484899456,71.73146049131078,1.0557578458261467,50.6,50.6,50.6,42.91015924703983,41.77359755354934,41.51818480406477,42.06608009967544,0.3786385,0.39822050771962814,28.182068637429314,28.42191431351108,19.582034024786456,27.966497518887977,23.287626236748824,23.505778366402097,23.351189159424138,23.153552578050615,19.095279166289124,23.322502406200872,23.167257641491577,22.968789987605412,1.0,0.0,0.75,0.25,0.0,19.582034024786456,23.287626236748824,27.966497518887977,13.244112117338437,21.619699170508607,27.094358323555902,1.808219647459924e-16,2.9233884134590675e-16,0.0,7.007216845188963e-16,3.286716588121449e-14,converged
2025-01-15T19:40:00+08:00,11.666666666666666,-4.791666666666667,12.08333333333333,3.0791666666666666,50.8,50.8,43.9,43.9,50.0,60.0,85.0,40.26899001352751,13.439934547743109,13.136167980884945,13.692887484899456,71.73146049131078,1.0557578458261467,50.6,50.6,50.6,42.90947242203962,41.77284260224457,41.5174397434692,42.06535124898661,0.3794961166666667,0.39825451826750635,28.179728007236424,28.419126786868198,19.57961644706205,27.96504026312931,23.285146585863806,23.5027740943057,23.34879538152592,23.151827732960044,19.09281118974802,23.31950852864254,23.164872376570898,22.967071565570958,1.0,0.0,0.75,0.25,0.0,19.57961644706205,23.285146585863806,27.96504026312931,13.244112117338437,21.619699170508607,27.094358323555902,1.808219647459924e-16,1.4615693794682701e-16,0.0,9.862838868945595e-16,3.5049216703990896e-14,converged
2025-01-15T19:45:00+08:00,11.75,-4.833333333333333,11.66666666666667,3.0833333333333335,50.8,50.8,43.9,43.9,50.0,60.0,85.0,40.26899001352751,13.439934547743109,13.136167980884945,13.692887484899456,71.73146049131078,1.0557578458261467,50.67023551530646,50.6,50.6,42.95703181086105,41.77205683235632,41.51666196465639,42.08070358411259,0.38035373333333333,0.39863197949353724,28.17744199569433,28.416385850005074,19.57720830560449,27.963629660587593,23.28256619206507,23.499669837876414,23.346308104907898,23.150016241647695,19.090210098923233,23.31641454838983,23.162393522315448,22.96526643389496,1.0,0.0,0.75,0.25,0.0,19.57720830560449,23.28256619206507,27.963629660587593,13.244112117338437,21.619699170508607,27.094358323555902,1.808219647459924e-16,1.460185431871782e-16,0.0,3.4826603807998793e-15,3.2284556565015757e-14,converged
2025-01-15T19:50:00+08:00,11.833333333333334,-4.875,11.25,3.0875,50.8,50.8,43.9,43.9,50.0,60.0,85.0,40.26899001352751,13.439934547743109,13.136167980884945,13.692887484899456,71.73146049131078,1.0557578458261467,50.8,50.6,50.6,43.04555358641593,41.77124036097545,41.515851599846506,42.109706182135064,0.38121135,0.39929958193406606,28.175320184491135,28.41379536584313,19.574920740264208,27.96235971834663,23.279885467353296,23.496465984533398,23.343727673777728,23.148118407931438,19.08747656013421,23.313220850757624,23.159821420989708,22.963374894608357,1.0,0.0,0.75,0.25,0.0,19.574920740264208,23.279885467353296,27.96235971834663,13.244112117338437,21.619699170508607,27.094358323555902,1.808219647459924e-16,2.9154881971841826e-16,0.0,2.388582585022755e-15,2.954651768290101e-14,converged
2025-01-15T19:55:00+08:00,11.916666666666666,-4.916666666666667,10.83333333333333,3.091666666666667,50.8,50.8,43.9,43.9,50.0,60.0,85.0,40.26899001352751,13.439934547743109,13.136167980884945,13.692887484899456,71.73146049131078,1.0557578458261467,50.8,50.73521203317964,50.6,43.044897535853266,41.86188538971921,41.51500878071302,42.13876999574524,0.3820689666666667,0.4000015734165085,28.173122279280193,28.411127703578995,19.572510180501645,27.96102447076762,23.27736560146736,23.493409992389722,23.341289165056732,23.146358104003113,19.084611236365053,23.30992781957766,23.157156413606472,22.961397248690034,1.0,0.0,0.75,0.25,0.0,19.572510180501645,23.27736560146736,27.96102447076762,13.244112117338437,21.619699170508607,27.094358323555902,1.808219647459924e-16,8.731114792819729e-16,0.0,1.3366939648159654e-15,3.603152303331948e-14,converged
2025-01-15T20:00:00+08:00,12.0,-4.958333333333333,10.41666666666667,3.095833333333333,50.8,50.8,43.9,43.9,50.0,60.0,85.0,40.26899001352751,13.439934547743109,13.136167980884945,13.692887484899456,71.73146049131078,1.0557578458261467,50.8,50.8,50.716225667057756,43.04421480695607,41.904943715243455,41.59310447351304,42.17914352136358,0.3829265833333333,0.40094799048313273,28.170848534680875,28.40838310788918,19.569977188168963,27.95962410519758,23.274869855953586,23.490372373397786,23.33886958977549,23.144618215340035,19.081849011012842,23.306745272552522,23.154597814656444,22.959523305411963,1.0,0.0,0.75,0.25,0.0,19.569977188168963,23.274869855953586,27.95962410519758,13.244112117338437,21.619699170508607,27.094358323555902,1.808219647459924e-16,1.4517509077256772e-16,0.0,4.583904508546248e-15,4.263005324737524e-14,converged
2025-01-15T20:05:00+08:00,12.083333333333334,-5.0,10.0,3.1,51.0,51.0,44.0,44.0,50.0,60.0,85.0,40.360718920164246,13.470549432817693,13.166090914782176,13.724078572564375,72.0586275035817,1.0629890389052916,50.8,50.8,50.8,43.0578654188581,41.92068464830229,41.6662127457397,42.213693735229995,0.3837842,0.40157770276681193,28.16852027849578,28.40558157994321,19.567336862776212,27.958177044514535,23.272295474048885,23.48725561891575,23.336376405279655,23.14281071991883,19.079144075039302,23.303636061378104,23.152110476471368,22.957719752431878,1.0,0.0,0.75,0.25,0.0,19.567336862776212,23.272295474048885,27.958177044514535,13.214011862526307,21.570563490575633,27.03278023645691,6.000032690739051e-17,2.898948846632923e-16,0.0,4.612414565296862e-15,2.999073456818839e-14,converged
2025-01-15T20:10:00+08:00,12.166666666666666,-5.041666666666667,9.58333333333333,3.104166666666667,51.0,51.0,44.0,44.0,50.0,60.0,85.0,40.360718920164246,13.470549432817693,13.166090914782176,13.724078572564375,72.0586275035817,1.0629890389052916,50.8,50.8,50.8,43.057136725152205,41.91986914608445,41.665394976585425,42.21290643485712,0.3846418166666667,0.40161452445303886,28.166116621295064,28.40270354546935,19.564575155665764,27.956665187789508,23.26962073874633,23.48403931834975,23.333790089851686,23.14091686935302,19.076307212704112,23.300427193983833,23.149529924172743,22.955829787682124,1.0,0.0,0.75,0.25,0.0,19.564575155665764,23.26962073874633,27.956665187789508,13.214011862526307,21.570563490575633,27.03278023645691,6.000032690739051e-17,8.696049176917706e-16,0.0,3.686945381168556e-15,3.86027094587676e-14,converged
2025-01-15T20:15:00+08:00,12.25,-5.083333333333333,9.16666666666667,3.1083333333333334,51.0,51.0,44.0,44.0,50.0,60.0,85.0,40.360718920164246,13.470549432817693,13.166090914782176,13.724078572564375,72.0586275035817,1.0629890389052916,50.87143952549895,50.8,50.8,43.105523083566226,41.91902311854067,41.664544856584996,42.2284905190974,0.3854994333333333,0.40200080072203503,28.16377008934312,28.39987456314077,19.56182674961523,27.95520210828029,23.266846060533812,23.480723857496194,23.33111098641227,23.138936966499013,19.07333908446559,23.297119054045773,23.146856498723714,22.953853712218656,1.0,0.0,0.75,0.25,0.0,19.56182674961523,23.266846060533812,27.95520210828029,13.214011862526307,21.570563490575633,27.03278023645691,6.000032690739051e-17,4.3438466397768677e-16,0.0,2.296795750562141e-15,5.092142450393629e-14,converged
2025-01-15T20:20:00+08:00,12.333333333333334,-5.125,8.75,3.1125000000000003,51.0,51.0,44.0,44.0,50.0,60.0,85.0,40.360718920164246,13.470549432817693,13.166090914782176,13.724078572564375,72.0586275035817,1.0629890389052916,51.0,50.8,50.8,43.19325011026127,41.91814668166736,41.66366251643944,42.257183831001484,0.38635705,0.4026655950456412,28.161585855103365,28.397194318619615,19.55919827692378,27.953878034234407,23.263971848220166,23.477309620656307,23.328339436619412,23.13687131315107,19.070240347475632,23.293712023762836,23.144090539840228,22.95179182604857,1.0,0.0,0.75,0.25,0.0,19.55919827692378,23.263971848220166,27.953878034234407,13.214011862526307,21.570563490575633,27.03278023645691,6.000032690739051e-17,0.0,0.0,4.937857872351667e-16,3.4873845574732655e-14,converged
2025-01-15T20:25:00+08:00,12.416666666666666,-5.166666666666667,8.33333333333333,3.1166666666666667,51.0,51.0,44.0,44.0,50.0,60.0,85.0,40.360718920164246,13.470549432817693,13.166090914782176,13.724078572564375,72.0586275035817,1.0629890389052916,51.0,50.93717746037698,50.8,43.19255270436456,42.01014477740632,41.662748086309534,42.28665087650382,0.3872146666666667,0.4033803125944751,28.159325737799975,28.39443718296083,19.556448368364677,27.952488811226182,23.261263183538606,23.474047753539438,23.32571402148133,23.13494711952599,19.067011655596254,23.290206483862477,23.141232385995608,22.949644428133738,1.0,0.0,0.75,0.25,0.0,19.556448368364677,23.261263183538606,27.952488811226182,13.214011862526307,21.570563490575633,27.03278023645691,6.000032690739051e-17,4.3289912097409073e-16,0.0,1.852379365427486e-15,4.101750498168593e-14,converged
2025-01-15T20:30:00+08:00,12.5,-5.208333333333333,7.91666666666667,3.1208333333333336,51.0,51.0,44.0,44.0,50.0,60.0,85.0,40.360718920164246,13.470549432817693,13.166090914782176,13.724078572564375,72.0586275035817,1.0629890389052916,51.0,51.0,50.91868879054172,43.19182884234931,42.051852153423056,41.74251712037221,42.327138975334776,0.3880722833333333,0.4043327128143178,28.156989991417024,28.39160339999889,19.553577578726838,27.95103462620597,23.258575678368334,23.47080152069937,23.323104867193813,23.133040714332044,19.063892916412183,23.28681677753926,23.138485651790088,22.94760542390589,1.0,0.0,0.75,0.25,0.0,19.553577578726838,23.258575678368334,27.95103462620597,13.214011862526307,21.570563490575633,27.03278023645691,6.000032690739051e-17,1.1516784879129615e-15,0.0,1.075135450132442e-15,3.1994004510162705e-14,converged
2025-01-15T20:35:00+08:00,12.583333333333334,-5.25,7.5,3.125,51.2,51.2,44.1,44.1,50.0,60.0,85.0,40.452447826800984,13.50116431789228,13.19601384867941,13.755269660229294,72.38653892316155,1.0702531758596094,51.0,51.0,51.0,43.205508531241634,42.06760270203371,41.81399629795507,42.361148080390116,0.38892990000000005,0.40495350144447956,28.154600060605,28.388713084755548,19.55060103982235,27.949533997539547,23.25581040837221,23.467477047012075,23.32042287997698,23.131067357013926,19.06082840572785,23.283496928057314,23.135806799487717,22.94563350719446,1.0,0.0,0.75,0.25,0.0,19.55060103982235,23.25581040837221,27.949533997539547,13.18404811680629,21.521650648193372,26.97148141505905,5.972852509638885e-17,2.8747824481496854e-16,1.1645900407920206e-16,1.949252735759139e-15,2.8725871559632346e-14,converged
2025-01-15T20:40:00+08:00,12.666666666666666,-5.291666666666667,7.08333333333333,3.129166666666667,51.2,51.2,44.1,44.1,50.0,60.0,85.0,40.452447826800984,13.50116431789228,13.19601384867941,13.755269660229294,72.38653892316155,1.0702531758596094,51.0,51.0,51.0,43.204739240400556,42.06672834205525,41.813107973482126,42.360304039227124,0.38978751666666667,0.40499306658895656,28.152134937457085,28.38574654711733,19.54750465662472,27.947968727768128,23.252945568036523,23.464053834817648,23.31764845898386,23.129008227624745,19.05763377082525,23.280078236002982,23.13303543566923,22.94357576674357,1.0,0.0,0.75,0.25,0.0,19.54750465662472,23.252945568036523,27.947968727768128,13.18404811680629,21.521650648193372,26.97148141505905,5.972852509638885e-17,8.623504802744387e-16,1.1645900407920206e-16,2.4495026379660014e-15,3.871471330671587e-14,converged
2025-01-15T20:45:00+08:00,12.75,-5.333333333333333,6.66666666666667,3.1333333333333333,51.2,51.2,44.1,44.1,50.0,60.0,85.0,40.452447826800984,13.50116431789228,13.19601384867941,13.755269660229294,72.38653892316155,1.0702531758596094,51.07263807532775,51.0,51.0,43.25395130954967,42.06582374341439,41.81218765633268,42.37612073165546,0.3906451333333333,0.40538806836382496,28.149729432865882,28.382831510040326,19.54442538707196,27.946454348883762,23.24998156472538,23.46053226685715,23.314781944634355,23.12686362703456,19.05430966322436,23.276561081998576,23.130171898797833,22.941432501622415,1.0,0.0,0.75,0.25,0.0,19.54442538707196,23.24998156472538,27.946454348883762,13.18404811680629,21.521650648193372,26.97148141505905,5.972852509638885e-17,7.179251864564941e-16,1.1645900407920206e-16,2.9904076551951047e-15,6.104506038935422e-14,converged
2025-01-15T20:50:00+08:00,12.833333333333334,-5.375,6.25,3.1375,51.2,51.2,44.1,44.1,50.0,60.0,85.0,40.452447826800984,13.50116431789228,13.19601384867941,13.755269660229294,72.38653892316155,1.0702531758596094,51.2,51.0,51.0,43.34088695479622,42.06488902103779,41.81123547572762,42.40450715529188,0.39150275,0.4060500079200125,28.14748432573923,28.380063496770262,19.541465374414507,27.9450773237113,23.24691880413627,23.456912724388015,23.311823676094644,23.124633855058043,19.050856731183043,23.27294584520071,23.12721652609844,22.93920400985803,1.0,0.0,0.75,0.25,0.0,19.541465374414507,23.24691880413627,27.9450773237113,13.18404811680629,21.521650648193372,26.97148141505905,5.972852509638885e-17,1.4335096608330492e-16,1.1645900407920206e-16,1.7934175306576058e-15,3.820470206436118e-14,converged
2025-01-15T20:55:00+08:00,12.916666666666666,-5.416666666666667,5.83333333333333,3.1416666666666666,51.2,51.2,44.1,44.1,50.0,60.0,85.0,40.452447826800984,13.50116431789228,13.19601384867941,13.755269660229294,72.38653892316155,1.0702531758596094,51.2,51.13913397407227,51.0,43.340149449491314,42.15823788002097,41.81025156035393,42.43437782318024,0.3923603666666667,0.40677734750789357,28.145163541411097,28.37721887315827,19.538385441954865,27.943635302645195,23.24402624544315,23.453450026931872,23.30901572535742,23.122549447451675,19.047275619713403,23.26923290330594,23.124169653562184,22.936890588438917,1.0,0.0,0.75,0.25,0.0,19.538385441954865,23.24402624544315,27.943635302645195,13.18404811680629,21.521650648193372,26.97148141505905,5.972852509638885e-17,1.4309464691206258e-16,1.1645900407920206e-16,4.803170808948938e-16,3.497944549468948e-14,converged
2025-01-15T21:00:00+08:00,13.0,-5.458333333333333,5.41666666666667,3.1458333333333335,51.2,51.2,44.1,44.1,50.0,60.0,85.0,40.452447826800984,13.50116431789228,13.19601384867941,13.755269660229294,72.38653892316155,1.0702531758596094,51.2,51.2,51.12114074339765,43.339385704982,42.19859950354285,41.89169112966834,42.474981653801265,0.39321798333333335,0.40773565221466446,28.142767333246606,28.374297882215608,19.535186137611163,27.942128472248175,23.241151879625367,23.45000021888069,23.306221359633938,23.120480200752432,19.043811240923038,23.265641108303416,23.121239180032276,22.93469022384188,1.0,0.0,0.75,0.25,0.0,19.535186137611163,23.241151879625367,27.942128472248175,13.18404811680629,21.521650648193372,26.97148141505905,5.972852509638885e-17,1.2848249726894141e-15,1.1645900407920206e-16,2.470579052593297e-15,2.949623334014392e-14,converged
2025-01-15T21:05:00+08:00,13.083333333333334,-5.5,5.0,3.1500000000000004,51.4,51.4,44.2,44.2,50.0,60.0,85.0,40.54417673343772,13.531779202966865,13.225936782576643,13.786460747894214,72.71519475005029,1.0775503315615431,51.2,51.2,51.2,43.353095593233995,42.21436137182523,41.96154799318605,42.508452886180244,0.39407559999999997,0.4083474964236686,28.140317262036778,28.371320752266392,19.53188262614824,27.940575445760782,23.238200600846604,23.44647304549472,23.303354921481354,23.118344643861565,19.04039799588923,23.2621156881875,23.11837320911744,22.932553645885594,1.0,0.0,0.75,0.25,0.0,19.53188262614824,23.238200600846604,27.940575445760782,13.154219953646097,21.472959130889766,26.910459963893757,1.783756980191458e-16,9.978110064657546e-16,0.0,4.354316833553592e-17,3.453437023104562e-14,converged
2025-01-15T21:10:00+08:00,13.166666666666666,-5.541666666666667,4.58333333333333,3.154166666666667,51.4,51.4,44.2,44.2,50.0,60.0,85.0,40.54417673343772,13.531779202966865,13.225936782576643,13.786460747894214,72.71519475005029,1.0775503315615431,51.2,51.2,51.2,43.352286942478834,42.21342980500239,41.96059120808024,42.50755376796843,0.3949332166666667,0.40838973892272856,28.1377922021382,28.3682676779421,19.528460765894685,27.938957929825893,23.235150515114746,23.442847922020114,23.30039673094054,23.11612388534457,19.03685637495005,23.25849221995267,23.115415413480605,22.930331819552123,1.0,0.0,0.75,0.25,0.0,19.528460765894685,23.235150515114746,27.938957929825893,13.154219953646097,21.472959130889766,26.910459963893757,1.783756980191458e-16,1.425296851654759e-16,0.0,7.924055352163198e-16,3.5532505722025124e-14,converged
2025-01-15T21:15:00+08:00,13.25,-5.583333333333333,4.16666666666667,3.1583333333333337,51.4,51.4,44.2,44.2,50.0,60.0,85.0,40.54417673343772,13.531779202966865,13.225936782576643,13.786460747894214,72.71519475005029,1.0775503315615431,51.27383120185416,51.2,51.2,43.40232343877716,42.21246827974514,41.95960277951412,42.52360388585296,0.3957908333333333,0.4087933783565484,28.135329240958605,28.365268538800766,19.5250597808663,27.937393408215254,23.23200202674905,23.439125228215357,23.297347125987436,23.113818224128437,19.033187020954024,23.254771081239813,23.112366129141545,22.928025041966958,1.0,0.0,0.75,0.25,0.0,19.5250597808663,23.23200202674905,27.937393408215254,13.154219953646097,21.472959130889766,26.910459963893757,1.783756980191458e-16,1.281500572067216e-15,0.0,7.066033635427974e-16,5.498503410852277e-14,converged
2025-01-15T21:20:00+08:00,13.333333333333334,-5.625,3.75,3.1625,51.4,51.4,44.2,44.2,50.0,60.0,85.0,40.54417673343772,13.531779202966865,13.225936782576643,13.786460747894214,72.71519475005029,1.0775503315615431,51.4,51.2,51.2,43.48847102867639,42.21147690993444,41.95858283526644,42.55168577186805,0.39664845,0.40945241794795073,28.133024779437832,28.362414710437292,19.521777343651127,27.935964591674992,23.228755538414287,23.435305342366583,23.294206443353023,23.11142795809138,19.029390573530577,23.250952648235284,23.109225690890415,22.925633609219997,1.0,0.0,0.75,0.25,0.0,19.521777343651127,23.228755538414287,27.935964591674992,13.154219953646097,21.472959130889766,26.910459963893757,1.783756980191458e-16,4.264793052525096e-16,0.0,2.36281969976959e-15,3.382325697538066e-14,converged
2025-01-15T21:25:00+08:00,13.416666666666666,-5.666666666666667,3.3333333333333304,3.166666666666667,51.4,51.4,44.2,44.2,50.0,60.0,85.0,40.54417673343772,13.531779202966865,13.225936782576643,13.786460747894214,72.71519475005029,1.0775503315615431,51.4,51.341081634764414,51.2,43.48769464596443,42.30617420028591,41.95753150258806,42.58196041248047,0.3975060666666667,0.4101922773096175,28.130644841596865,28.359484546473098,19.518376461346584,27.93447092905957,23.22568387225086,23.43164674409891,23.291220232983772,23.109186936112806,19.025467669106163,23.247037295676538,23.105994432292256,22.923157816369137,1.0,0.0,0.75,0.25,0.0,19.518376461346584,23.22568387225086,27.93447092905957,13.154219953646097,21.472959130889766,26.910459963893757,1.783756980191458e-16,7.09516781925317e-16,0.0,3.6332335737767325e-15,6.442284735348918e-14,converged
2025-01-15T21:30:00+08:00,13.5,-5.708333333333333,2.9166666666666696,3.1708333333333334,51.4,51.4,44.2,44.2,50.0,60.0,85.0,40.54417673343772,13.531779202966865,13.225936782576643,13.786460747894214,72.71519475005029,1.0775503315615431,51.4,51.4,51.32358160144425,43.48689223580107,42.34519521550536,42.04063876057205,42.622681091167316,0.3983636833333333,0.4111564094550005,28.128189680197917,28.356478289114676,19.514857675187333,27.93291260655299,23.22262742694474,23.427998284727263,23.288244928812706,23.106958447019483,19.02166820475601,23.243248367739806,23.10288452065234,22.92079971590332,1.0,0.0,0.75,0.25,0.0,19.514857675187333,23.22262742694474,27.93291260655299,13.154219953646097,21.472959130889766,26.910459963893757,1.783756980191458e-16,1.4157060324226325e-16,0.0,2.9333043603244034e-16,2.4786264405482364e-14,converged
2025-01-15T21:35:00+08:00,13.583333333333334,-5.75,2.5,3.1750000000000003,51.6,51.6,44.3,44.3,50.0,60.0,85.0,40.635905640074455,13.562394088041449,13.255859716473871,13.817651835559133,73.04459498424794,1.084880580883536,51.4,51.4,51.4,43.500633399331285,42.360970048479615,42.108879994798485,42.65561761964552,0.3992213,0.4117592896016414,28.125680971462156,28.35341627943203,19.51123618350464,27.931308331656894,23.2194949012857,23.424273316809128,23.285198297244534,23.104664277207192,19.01791674696921,23.239522330103174,23.099835732142665,22.9185021032678,1.0,0.0,0.75,0.25,0.0,19.51123618350464,23.2194949012857,27.931308331656894,13.124526454879401,21.42448743984939,26.849714004607318,2.959521650879954e-16,1.4136332168675712e-16,0.0,1.3086037928141314e-15,2.91067230321841e-14,converged
2025-01-15T21:40:00+08:00,13.666666666666666,-5.791666666666667,2.0833333333333304,3.1791666666666667,51.6,51.6,44.3,44.3,50.0,60.0,85.0,40.635905640074455,13.562394088041449,13.255859716473871,13.817651835559133,73.04459498424794,1.084880580883536,51.4,51.4,51.4,43.49978659245696,42.35998288452085,42.107856786783806,42.65466504415857,0.4000789166666667,0.41180414489144207,28.123097472752402,28.3502785973943,19.507497797733315,27.929639715747683,23.216264312855426,23.420451168492843,23.28206057924487,23.102285463841895,19.01403860933236,23.23569902003451,23.09669579023607,22.91611980520476,1.0,0.0,0.75,0.25,0.0,19.507497797733315,23.216264312855426,27.929639715747683,13.124526454879401,21.42448743984939,26.849714004607318,2.959521650879954e-16,1.4134792385057668e-16,0.0,8.93901450155527e-16,3.537284970256777e-14,converged
2025-01-15T21:45:00+08:00,13.75,-5.833333333333333,1.6666666666666696,3.1833333333333336,51.6,51.6,44.3,44.3,50.0,60.0,85.0,40.635905640074455,13.562394088041449,13.255859716473871,13.817651835559133,73.04459498424794,1.084880580883536,51.47501894180482,51.4,51.4,43.55064620847836,42.35896603607468,42.106802275812754,42.670949364131644,0.40093653333333334,0.412216335790155,28.120578539920444,28.34719727152023,19.50378399893545,27.928026187458308,23.212936063005404,23.416532216625466,23.278832110401314,23.09982230394992,19.010034426281685,23.231778812263993,23.093465028564204,22.913653116938207,1.0,0.0,0.75,0.25,0.0,19.50378399893545,23.212936063005404,27.928026187458308,13.124526454879401,21.42448743984939,26.849714004607318,2.959521650879954e-16,4.236197539471039e-16,0.0,1.4103542704090405e-15,7.73218104164286e-14,converged
2025-01-15T21:50:00+08:00,13.833333333333334,-5.875,1.25,3.1875,51.6,51.6,44.3,44.3,50.0,60.0,85.0,40.635905640074455,13.562394088041449,13.255859716473871,13.817651835559133,73.04459498424794,1.084880580883536,51.6,51.4,51.4,43.6360090287527,42.357919615999926,42.10571658825881,42.69872901714806,0.40179415,0.41287243163700604,28.118216211444672,28.344259544442743,19.500188007307855,27.92654671873093,23.209510551444467,23.41251683659272,23.275513225065072,23.097275093515297,19.00590482907603,23.227762080078207,23.090143779537588,22.91110233266295,1.0,0.0,0.75,0.25,0.0,19.500188007307855,23.209510551444467,27.92654671873093,13.124526454879401,21.42448743984939,26.849714004607318,2.959521650879954e-16,9.868753522213893e-16,0.0,1.4928711443568002e-15,2.965144571041437e-14,converged
2025-01-15T21:55:00+08:00,13.916666666666666,-5.916666666666667,0.8333333333333304,3.191666666666667,51.6,51.6,44.3,44.3,50.0,60.0,85.0,40.635905640074455,13.562394088041449,13.255859716473871,13.817651835559133,73.04459498424794,1.084880580883536,51.6,51.54302050240602,51.4,43.63519495762188,42.45396297870867,42.104599849973546,42.729407941828576,0.4026517666666667,0.4136247102316482,28.115778602648373,28.341245750563616,19.496475005057473,27.92500255055256,23.206264448883946,23.408667154489105,23.272352938176923,23.094880982191647,19.001650445812782,23.223649195325688,23.086732374350085,22.908467745548208,1.0,0.0,0.75,0.25,0.0,19.496475005057473,23.206264448883946,27.92500255055256,13.124526454879401,21.42448743984939,26.849714004607318,2.959521650879954e-16,4.221773468093954e-16,0.0,6.259954111978407e-16,3.981764968689302e-14,converged
2025-01-15T22:00:00+08:00,14.0,-5.958333333333333,0.4166666666666696,3.1958333333333333,51.6,51.6,44.3,44.3,50.0,60.0,85.0,40.635905640074455,13.562394088041449,13.255859716473871,13.817651835559133,73.04459498424794,1.084880580883536,51.6,51.6,51.52601143981571,43.634355065768446,42.49164847802134,42.18937191100337,42.7702465437123,0.4035093833333333,0.4145945943488048,28.113265965706567,28.3381561313027,19.492645526917844,27.923393868737204,23.2030305901633,23.40482485548639,23.269200875955093,23.09249677542094,18.997526139088425,23.21966797785157,23.08344723307317,22.9059554591433,1.0,0.0,0.75,0.25,0.0,19.492645526917844,23.2030305901633,27.923393868737204,13.124526454879401,21.42448743984939,26.849714004607318,2.959521650879954e-16,1.403965746463554e-16,0.0,1.2298914847795247e-15,3.8767871511060464e-14,converged
2025-01-15T22:05:00+08:00,14.083333333333334,-6.0,0.0,3.2,51.8,51.8,44.4,44.4,50.0,60.0,85.0,40.727634546711194,13.593008973116037,13.285782650371106,13.848842923224051,73.37473962575456,1.0922439986980337,51.6,51.6,51.6,43.64812853545568,42.507437863223984,42.25600410733215,42.80265147152876,0.404367,0.415188491890495,28.11070009155739,28.335011139913128,19.488714805364598,27.921739474433448,23.19972146487447,23.400906886399085,23.265978216210527,23.090047505181055,18.993446680655644,23.215746163764873,23.08021983546894,22.90350036397892,1.0,0.0,0.75,0.25,0.0,19.488714805364598,23.19972146487447,27.921739474433448,13.094966710611654,21.376234089759635,26.78924167576811,1.767723290916545e-16,5.607829894169566e-16,0.0,1.5978313854862936e-15,2.8474896317230334e-14,converged
2025-01-15T22:10:00+08:00,14.166666666666666,-6.027777777777778,0.0,3.1972222222222224,51.8,51.8,44.4,44.4,50.0,60.0,85.0,40.727634546711194,13.593008973116037,13.285782650371106,13.848842923224051,73.37473962575456,1.0922439986980337,51.6,51.6,51.6,43.64725168686796,42.50640445872634,42.25492456197966,42.80165462865454,0.4048228611111111,0.4152355376211789,28.10810121813572,28.331836721792346,19.484727220357623,27.920054169814673,23.196365823867858,23.39694720646956,23.26271336511413,23.08755533471525,18.989304531041387,23.211782553453975,23.076950185459722,22.901002332023207,1.0,0.0,0.75,0.25,0.0,19.484727220357623,23.196365823867858,27.920054169814673,13.094966710611654,21.376234089759635,26.78924167576811,1.767723290916545e-16,1.4017986332993131e-16,0.0,1.4605901941837066e-15,3.130232661764711e-14,converged
2025-01-15T22:15:00+08:00,14.25,-6.055555555555555,0.0,3.1944444444444446,51.8,51.8,44.4,44.4,50.0,60.0,85.0,40.727634546711194,13.593008973116037,13.285782650371106,13.848842923224051,73.37473962575456,1.0922439986980337,51.67620133157553,51.6,51.6,43.69895388807408,42.50535717219028,42.253830208702006,42.81819668773771,0.4052787222222222,0.41565511937264077,28.10561082232838,28.328766900848986,19.48082623312683,27.91845922587193,23.192963857559654,23.392945977475588,23.259406478140388,23.08502041459549,18.985100004254544,23.207777307966662,23.073638437725677,22.898461512989805,1.0,0.0,0.75,0.25,0.0,19.48082623312683,23.192963857559654,27.91845922587193,13.094966710611654,21.376234089759635,26.78924167576811,1.767723290916545e-16,1.4003835920828248e-16,0.0,9.655074682017368e-16,6.498915562412928e-14,converged
2025-01-15T22:20:00+08:00,14.333333333333334,-6.083333333333333,0.0,3.191666666666667,51.8,51.8,44.4,44.4,50.0,60.0,85.0,40.727634546711194,13.593008973116037,13.285782650371106,13.848842923224051,73.37473962575456,1.0922439986980337,51.8,51.6,51.6,43.783569783379676,42.50429605631514,42.2527211074315,42.84571429617398,0.4057345833333333,0.4163064390447369,28.103316456665763,28.325884655861046,19.477100362961494,27.917029793603696,23.189515755586573,23.38890336056749,23.256057710190863,23.08244289486526,18.980833412731197,23.203730587730167,23.07028474638071,22.89587805607033,1.0,0.0,0.75,0.25,0.0,19.477100362961494,23.189515755586573,27.917029793603696,13.094966710611654,21.376234089759635,26.78924167576811,1.767723290916545e-16,4.1945779926223284e-16,0.0,2.1198832692595186e-15,3.3689933230779666e-14,converged
2025-01-15T22:25:00+08:00,14.416666666666666,-6.111111111111112,0.0,3.188888888888889,51.8,51.8,44.4,44.4,50.0,60.0,85.0,40.727634546711194,13.593008973116037,13.285782650371106,13.848842923224051,73.37473962575456,1.0922439986980337,51.8,51.74495063640962,51.6,43.78276753164114,42.601737319933854,42.25159731785209,42.87685077790892,0.40619044444444447,0.41706853672183203,28.100988181979357,28.32297215001276,19.473316693086772,27.915568804762668,23.186301816570612,23.3850849041649,23.252919351840482,23.080063070089224,18.976505067342494,23.19964255255358,23.066889264974535,22.893252109936192,1.0,0.0,0.75,0.25,0.0,19.473316693086772,23.186301816570612,27.915568804762668,13.094966710611654,21.376234089759635,26.78924167576811,1.767723290916545e-16,0.0,0.0,4.772882929246615e-16,5.541129596455625e-14,converged
2025-01-15T22:30:00+08:00,14.5,-6.138888888888888,0.0,3.1861111111111113,51.8,51.8,44.4,44.4,50.0,60.0,85.0,40.727634546711194,13.593008973116037,13.285782650371106,13.848842923224051,73.37473962575456,1.0922439986980337,51.8,51.8,51.72843033296927,43.78195336375132,42.63816191650076,42.33810362466758,42.917876350722956,0.4066463055555556,0.4180408890524384,28.098626111889107,28.320029479371915,19.469475487671268,27.914076350002727,23.183147134294835,23.381324944312926,23.24983407119316,23.077731143437177,18.972374469270132,23.195745273108393,23.063672476048534,22.890793672173114,1.0,0.0,0.75,0.25,0.0,19.469475487671268,23.183147134294835,27.914076350002727,13.094966710611654,21.376234089759635,26.78924167576811,1.767723290916545e-16,9.746740978324766e-16,0.0,2.86773600088553e-15,3.7044984093042923e-14,converged
2025-01-15T22:35:00+08:00,14.583333333333334,-6.166666666666667,0.0,3.1833333333333336,51.93333333333334,51.93333333333334,44.46666666666667,44.46666666666667,50.0,60.0,85.0,40.78878715113569,13.613418896499097,13.305731272969263,13.86963698166733,73.5952496130417,1.0971714078220245,51.8,51.8,51.8,43.790938614024654,42.648432547425344,42.39744923344556,42.94440521702987,0.4071021666666667,0.4185649418133134,28.09624480447824,28.31707029782772,19.465586843630643,27.91256500017638,23.17996029119758,23.377536762447264,23.246719552674854,23.075368801718618,18.968339399089754,23.191950093035103,23.060550272947317,22.88842276818571,1.0,0.0,0.75,0.25,0.0,19.465586843630643,23.17996029119758,27.91256500017638,13.07533407686261,21.344185762788477,26.74907789514477,1.1749511631377398e-16,4.171944787919836e-16,0.0,1.4984601296050378e-16,2.95347844609343e-14,converged
2025-01-15T22:40:00+08:00,14.666666666666666,-6.194444444444445,0.0,3.180555555555556,51.93333333333334,51.93333333333334,44.46666666666667,44.46666666666667,50.0,60.0,85.0,40.78878715113569,13.613418896499097,13.305731272969263,13.86963698166733,73.5952496130417,1.0971714078220245,51.8,51.8,51.8,43.79010566939583,42.6474359655795,42.39640009746832,42.94344537947976,0.4075580277777778,0.41861030910463076,28.093829880823275,28.314081101387487,19.46164114501606,27.91102232990306,23.17672643349083,23.373706368242647,23.24356244578424,23.072963255741307,18.96424141711523,23.18811263079736,23.057385433905136,22.886008634981497,1.0,0.0,0.75,0.25,0.0,19.46164114501606,23.17672643349083,27.91102232990306,13.07533407686261,21.344185762788477,26.74907789514477,1.1749511631377398e-16,1.1123980398470028e-15,0.0,5.3510719326726e-16,3.446099180248213e-14,converged
2025-01-15T22:45:00+08:00,14.75,-6.222222222222222,0.0,3.177777777777778,51.93333333333334,51.93333333333334,44.46666666666667,44.46666666666667,50.0,60.0,85.0,40.78878715113569,13.613418896499097,13.305731272969263,13.86963698166733,73.5952496130417,1.0971714078220245,51.851324424617,51.8,51.8,43.824702078621925,42.64642538346254,42.395336061182846,42.9543005951148,0.4080138888888889,0.41890687772701435,28.091476699714942,28.311152221600366,19.45773511878429,27.909530076250032,23.17344575365761,23.369833925442844,23.24036290747885,23.070514657163677,18.96008083848701,23.184233049337486,23.054178115027437,22.883551423314245,1.0,0.0,0.75,0.25,0.0,19.45773511878429,23.17344575365761,27.909530076250032,13.07533407686261,21.344185762788477,26.74907789514477,1.1749511631377398e-16,4.1685394063689103e-16,0.0,2.2523102866094688e-15,3.1619099955700834e-14,converged
2025-01-15T22:50:00+08:00,14.833333333333334,-6.25,0.0,3.1750000000000003,51.93333333333334,51.93333333333334,44.46666666666667,44.46666666666667,50.0,60.0,85.0,40.78878715113569,13.613418896499097,13.305731272969263,13.86963698166733,73.5952496130417,1.0971714078220245,51.93333333333334,51.8,51.8,43.880525971879905,42.64540085423417,42.394257184882264,42.97223097160315,0.40846975,0.4193530848208255,28.08924174224443,28.30833718591968,19.453925903605057,27.90813671979489,23.170118443392898,23.365919597156452,23.237121094137773,23.068023157111796,18.955857976766925,23.180311510969876,23.050928471848106,22.881051283411992,1.0,0.0,0.75,0.25,0.0,19.453925903605057,23.170118443392898,27.90813671979489,13.07533407686261,21.344185762788477,26.74907789514477,1.1749511631377398e-16,6.940173212072286e-16,0.0,9.040151671003634e-16,2.78592767609745e-14,converged
2025-01-15T22:55:00+08:00,14.916666666666666,-6.277777777777778,0.0,3.1722222222222225,51.93333333333334,51.93333333333334,44.46666666666667,44.46666666666667,50.0,60.0,85.0,40.78878715113569,13.613418896499097,13.305731272969263,13.86963698166733,73.5952496130417,1.0971714078220245,51.93333333333334,51.897488379658974,51.8,43.879730699920394,42.710659265780755,42.39316352861,42.992881644505445,0.40892561111111114,0.41988014636644105,28.086972678061827,28.305491677646497,19.450059270804985,27.90671170386676,23.166933133531792,23.362142081979208,23.23400678292208,23.065650460711414,18.951573143946106,23.176348177383417,23.047636659331562,22.878508364978888,1.0,0.0,0.75,0.25,0.0,19.450059270804985,23.166933133531792,27.90671170386676,13.07533407686261,21.344185762788477,26.74907789514477,1.1749511631377398e-16,4.1588768664475957e-16,0.0,1.0416959129364678e-15,3.0259731048969304e-14,converged
2025-01-15T23:00:00+08:00,15.0,-6.305555555555555,0.0,3.1694444444444447,51.93333333333334,51.93333333333334,44.46666666666667,44.46666666666667,50.0,60.0,85.0,40.78878715113569,13.613418896499097,13.305731272969263,13.86963698166733,73.5952496130417,1.0971714078220245,51.93333333333334,51.93333333333334,51.886691256129474,43.87892351687284,42.734049318430344,42.45124983711067,43.01999373397443,0.40938147222222226,0.42054465423313164,28.084669621470226,28.302615793538347,19.44613548282379,27.90525511943164,23.16376994719844,23.358387830564766,23.230912134644676,23.063293893113418,18.947401639691808,23.172499794348113,23.044451596676414,22.876064506002717,1.0,0.0,0.75,0.25,0.0,19.44613548282379,23.16376994719844,27.90525511943164,13.07533407686261,21.344185762788477,26.74907789514477,1.1749511631377398e-16,1.3841017910359554e-16,0.0,1.0923583245169238e-15,3.30636939513769e-14,converged
2025-01-15T23:05:00+08:00,15.083333333333334,-6.333333333333333,0.0,3.166666666666667,52.06666666666666,52.06666666666666,44.53333333333333,44.53333333333333,50.0,60.0,85.0,40.84993975556017,13.63382881988215,13.325679895567415,13.89043104011061,73.81609044802167,1.102113613959308,51.93333333333334,51.93333333333334,51.93333333333334,43.887948121527366,42.74435063480335,42.49363343751526,43.04077805931857,0.40983733333333333,0.4209420541283909,28.08234718406369,28.2997232405392,19.442164655100346,27.90377958003293,23.160574676988556,23.35460537722374,23.227788320778814,23.060907030363726,18.94327573546542,23.1687084645084,23.04131837962832,22.873667527158595,1.0,0.0,0.75,0.25,0.0,19.442164655100346,23.160574676988556,27.90377958003293,13.055760223454136,21.312233388892093,26.70903436536162,5.857179891906151e-17,1.3827950983418153e-16,1.1749634138981473e-16,1.0643500029797681e-16,2.6402428510535785e-14,converged
2025-01-15T23:10:00+08:00,15.166666666666666,-6.361111111111112,0.0,3.163888888888889,52.06666666666666,52.06666666666666,44.53333333333333,44.53333333333333,50.0,60.0,85.0,40.84993975556017,13.63382881988215,13.325679895567415,13.89043104011061,73.81609044802167,1.102113613959308,51.93333333333334,51.93333333333334,51.93333333333334,43.88712217151788,42.74335221624569,42.49257658315979,43.039817332572746,0.41029319444444445,0.4209875315280112,28.07999093454186,28.2968004627576,19.438137149654324,27.902272618071645,23.157332428351932,23.350780691204843,23.224621954276998,23.058477050509193,18.939087376208374,23.16487483966102,23.038142568533107,22.871227411173745,1.0,0.0,0.75,0.25,0.0,19.438137149654324,23.157332428351932,27.902272618071645,13.055760223454136,21.312233388892093,26.70903436536162,5.857179891906151e-17,4.147937163521038e-16,1.1749634138981473e-16,4.235662162740565e-15,3.247174071296822e-14,converged
2025-01-15T23:15:00+08:00,15.25,-6.388888888888888,0.0,3.1611111111111114,52.06666666666666,52.06666666666666,44.53333333333333,44.53333333333333,50.0,60.0,85.0,40.84993975556017,13.63382881988215,13.325679895567415,13.89043104011061,73.81609044802167,1.102113613959308,51.985179727374565,51.93333333333334,51.93333333333334,43.92210551027215,42.74233982617734,42.49150488818308,43.05079849346693,0.4107490555555556,0.4212868294324192,28.07769723193053,28.293938739440577,19.4341506876663,27.90081682784679,23.154043393647942,23.346913936351594,23.221413191985032,23.05600410492159,18.934836874799355,23.160999082819878,23.034924319363963,22.868744308501217,1.0,0.0,0.75,0.25,0.0,19.4341506876663,23.154043393647942,27.90081682784679,13.055760223454136,21.312233388892093,26.70903436536162,5.857179891906151e-17,5.526653751971119e-16,1.1749634138981473e-16,5.008004841398197e-16,4.517741949721315e-14,converged
2025-01-15T23:20:00+08:00,15.333333333333334,-6.416666666666667,0.0,3.1583333333333337,52.06666666666666,52.06666666666666,44.53333333333333,44.53333333333333,50.0,60.0,85.0,40.84993975556017,13.63382881988215,13.325679895567415,13.89043104011061,73.81609044802167,1.102113613959308,52.06666666666666,51.93333333333334,51.93333333333334,43.97760670494669,42.74131351765731,42.49041841261923,43.06861800358467,0.4112049166666667,0.4217307070698287,28.075520636445553,28.291189778358735,19.430260450071444,27.899459043328328,23.15070776444832,23.34300527587188,23.2181621901706,23.053488344441266,18.93052454254964,23.157081356370583,23.03166378752292,22.866218369069315,1.0,0.0,0.75,0.25,0.0,19.430260450071444,23.15070776444832,27.899459043328328,13.055760223454136,21.312233388892093,26.70903436536162,5.857179891906151e-17,4.1406276520312464e-16,1.1749634138981473e-16,7.089150182171598e-16,2.4123139303741007e-14,converged
2025-01-15T23:25:00+08:00,15.416666666666666,-6.444444444444445,0.0,3.155555555555556,52.06666666666666,52.06666666666666,44.53333333333333,44.53333333333333,50.0,60.0,85.0,40.84993975556017,13.63382881988215,13.325679895567415,13.89043104011061,73.81609044802167,1.102113613959308,52.06666666666666,52.031673776296216,51.93333333333334,43.97681837300537,42.80718841620372,42.48931721625374,43.08946953338769,0.41166077777777776,0.422262208221906,28.07330973999133,28.288410136474315,19.426313166374918,27.89806949784525,23.147515867324092,23.339235015316053,23.215040252612855,23.051092928123204,18.926150689210935,23.153121822072873,23.028361127842956,22.863649742283428,1.0,0.0,0.75,0.25,0.0,19.426313166374918,23.147515867324092,27.89806949784525,13.055760223454136,21.312233388892093,26.70903436536162,5.857179891906151e-17,8.270831693687106e-16,1.1749634138981473e-16,2.7780391455605683e-15,3.784539043784806e-14,converged
2025-01-15T23:30:00+08:00,15.5,-6.472222222222222,0.0,3.152777777777778,52.06666666666666,52.06666666666666,44.53333333333333,44.53333333333333,50.0,60.0,85.0,40.84993975556017,13.63382881988215,13.325679895567415,13.89043104011061,73.81609044802167,1.102113613959308,52.06666666666666,52.06666666666666,52.021092416923686,43.97601813483785,42.83001128526841,42.54815947651939,43.116655969949726,0.4121166388888889,0.4229282235943911,28.071064657542788,28.285599911223606,19.422309097335596,27.89664828267169,23.14434449609181,23.33548645132565,23.21193654348465,23.048712326889863,18.921892801135925,23.149279197975233,23.025167133224414,22.86118205063889,1.0,0.0,0.75,0.25,0.0,19.422309097335596,23.14434449609181,27.89664828267169,13.055760223454136,21.312233388892093,26.70903436536162,5.857179891906151e-17,2.752602340830836e-16,1.1749634138981473e-16,1.622940775848539e-15,3.2048145351600145e-14,converged
2025-01-15T23:35:00+08:00,15.583333333333334,-6.5,0.0,3.1500000000000004,52.2,52.2,44.6,44.6,50.0,60.0,85.0,40.911092359984664,13.654238743265207,13.34562851816557,13.911225098553889,74.03726213069454,1.1070706392943126,52.06666666666666,52.06666666666666,52.06666666666666,43.98508183420909,42.84034322113237,42.589856226001245,43.13722977799034,0.4125725,0.4233206653850819,28.06880005366511,28.282772862055854,19.418258376959955,27.895208053670533,23.141141116386517,23.331709705288613,23.208803739712806,23.046301548156706,18.917678844091895,23.145491747073905,23.022023249344276,22.858759636020807,1.0,0.0,0.75,0.25,0.0,19.418258376959955,23.141141116386517,27.895208053670533,13.036244886797252,21.28037653778762,26.669110547177223,1.1679365450009853e-16,4.1250757881511175e-16,0.0,3.245158857609061e-15,3.319211029179283e-14,converged
2025-01-15T23:40:00+08:00,15.666666666666666,-6.527777777777778,0.0,3.147222222222222,52.2,52.2,44.6,44.6,50.0,60.0,85.0,40.911092359984664,13.654238743265207,13.34562851816557,13.911225098553889,74.03726213069454,1.1070706392943126,52.06666666666666,52.06666666666666,52.06666666666666,43.98426283836012,42.839343069576444,42.58879194716219,43.136268282312585,0.41302836111111113,0.42336624731764383,28.066501445200814,28.279915381710968,19.414151345286392,27.893736301389247,23.137890793140915,23.327890706306537,23.205628417920224,23.043847737367265,18.913402874918102,23.141661988201868,23.01883681204646,22.856294174130426,1.0,0.0,0.75,0.25,0.0,19.414151345286392,23.137890793140915,27.893736301389247,13.036244886797252,21.28037653778762,26.669110547177223,1.1679365450009853e-16,4.12463165986366e-16,0.0,3.57712764759912e-16,4.02228780090737e-14,converged
2025-01-15T23:45:00+08:00,15.75,-6.555555555555555,0.0,3.1444444444444444,52.2,52.2,44.6,44.6,50.0,60.0,85.0,40.911092359984664,13.654238743265207,13.34562851816557,13.911225098553889,74.03726213069454,1.1070706392943126,52.119033469685405,52.06666666666666,52.06666666666666,44.01963233269399,42.838328974835385,42.58771288599703,43.14737526330944,0.41348422222222225,0.4236682625877018,28.06426618904459,28.277119694892495,19.410086715090426,27.89231647533733,23.134593718595937,23.32402961832239,23.202410734845024,23.04135104561392,18.90906520430047,23.137790084445015,23.015607977176423,22.853785815127655,1.0,0.0,0.75,0.25,0.0,19.410086715090426,23.134593718595937,27.89231647533733,13.036244886797252,21.28037653778762,26.669110547177223,1.1679365450009853e-16,4.1216913835799594e-16,0.0,2.7868013394043856e-15,4.4743513863582516e-14,converged
2025-01-15T23:50:00+08:00,15.833333333333334,-6.583333333333333,0.0,3.1416666666666666,52.2,52.2,44.6,44.6,50.0,60.0,85.0,40.911092359984664,13.654238743265207,13.34562851816557,13.911225098553889,74.03726213069454,1.1070706392943126,52.2,52.06666666666666,52.06666666666666,44.07481140070834,42.83730098986902,42.58661910228715,43.16508423047764,0.4139400833333333,0.424109811148821,28.06214692903709,28.274435693949922,19.40611771487208,27.89099376673662,23.131250084205263,23.32012660464303,23.199150846647523,23.038811623458535,18.90466614136837,23.13387619826059,23.012336900008872,22.851234708648594,1.0,0.0,0.75,0.25,0.0,19.40611771487208,23.131250084205263,27.89099376673662,13.036244886797252,21.28037653778762,26.669110547177223,1.1679365450009853e-16,1.9214534334424796e-15,0.0,9.066894082168476e-16,3.9147952633685754e-14,converged
2025-01-15T23:55:00+08:00,15.916666666666666,-6.611111111111112,0.0,3.138888888888889,52.2,52.2,44.6,44.6,50.0,60.0,85.0,40.911092359984664,13.654238743265207,13.34562851816557,13.911225098553889,74.03726213069454,1.1070706392943126,52.2,52.16585662565899,52.06666666666666,44.0740299678618,42.90379132085687,42.585510655566566,43.18613635803628,0.41439594444444444,0.4246457357261074,28.059993177170476,28.27172080745471,19.402092029786676,27.88963919706658,23.128051908071395,23.316363573786642,23.19602157994318,23.036394080288193,18.900205993702404,23.129920491479606,23.009023735249837,22.84864100380738,1.0,0.0,0.75,0.25,0.0,19.402092029786676,23.128051908071395,27.88963919706658,13.036244886797252,21.28037653778762,26.669110547177223,1.1679365450009853e-16,4.1122038454433563e-16,0.0,9.535024329217329e-16,5.2172356966095154e-14,converged
2025-01-16T00:00:00+08:00,16.0,-6.638888888888888,0.0,3.136111111111111,52.2,52.2,44.6,44.6,50.0,60.0,85.0,40.911092359984664,13.654238743265207,13.34562851816557,13.911225098553889,74.03726213069454,1.1070706392943126,52.2,52.2,52.155490385408605,44.073236633461406,42.92604813658821,42.64510772412719,43.21339710784928,0.41485180555555556,0.42531324967184064,28.057805049080404,28.268975133511105,19.39800991895898,27.88825285790556,23.124872662961167,23.31262067619674,23.19290910968907,23.033990039868108,18.89586442868427,23.126083649602823,23.005821144922916,22.84615010325163,1.0,0.0,0.75,0.25,0.0,19.39800991895898,23.124872662961167,27.88825285790556,13.036244886797252,21.28037653778762,26.669110547177223,1.1679365450009853e-16,2.737166592311843e-16,0.0,2.0112578520590546e-15,3.5264166908638447e-14,converged
2025-01-16T00:05:00+08:00,16.083333333333332,-6.666666666666667,0.0,3.1333333333333333,52.333333333333336,52.333333333333336,44.666666666666664,44.666666666666664,50.0,60.0,85.0,40.97224496440916,13.674648666648265,13.365577140763724,13.932019156997168,74.25876466106023,1.1120425060114654,52.2,52.2,52.2,44.08233916797037,42.9364106235183,42.686119090144565,43.23376078861791,0.4153076666666667,0.4257007390845094,28.05559726177091,28.266212483531746,19.3938815350019,27.886847447068504,23.121661483273297,23.30884961623492,23.18976761442441,23.031555937380656,18.89156511778697,23.122300105182767,23.00266693343272,22.843702878505265,1.0,0.0,0.75,0.25,0.0,19.3938815350019,23.121661483273297,27.886847447068504,13.016787804876659,21.248614781761074,26.629305904569495,1.746679153543727e-16,5.469350233090587e-16,0.0,9.746890562852771e-16,3.780580208986177e-14,converged
2025-01-16T00:10:00+08:00,16.166666666666668,-6.694444444444444,0.0,3.1305555555555555,52.333333333333336,52.333333333333336,44.666666666666664,44.666666666666664,50.0,60.0,85.0,40.97224496440916,13.674648666648265,13.365577140763724,13.932019156997168,74.25876466106023,1.1120425060114654,52.2,52.2,52.2,44.08152708469983,42.935408840010666,42.68504767214405,43.23279864011214,0.41576352777777775,0.42574642014658665,28.053355280740057,28.26341919941079,19.38969719602582,27.88541041361032,23.11840339366791,23.305036283132758,23.186583634658565,23.029078885824262,18.887204224206616,23.118474239713596,22.999470207918247,22.841212694193295,1.0,0.0,0.6666666666666666,0.25,0.0,19.38969719602582,23.11840339366791,27.88541041361032,13.016787804876659,21.248614781761074,26.629305904569495,1.746679153543727e-16,4.101572543587768e-16,0.0,2.5680236060676854e-15,3.0417370413061534e-14,converged
2025-01-16T00:15:00+08:00,16.25,-6.722222222222222,0.0,3.1277777777777778,52.333333333333336,52.333333333333336,44.666666666666664,44.666666666666664,50.0,60.0,85.0,40.97224496440916,13.674648666648265,13.365577140763724,13.932019156997168,74.25876466106023,1.1120425060114654,52.25288565853662,52.2,52.2,44.1172819613932,42.93439314121852,42.68396152876021,43.244031312530055,0.4162193888888889,0.42605114105989383,28.051177458393642,28.260688449074795,19.385556603781794,27.884026060236778,23.11509858627258,23.30118084093235,23.183357327025913,23.026559036019023,18.882782056503345,23.114606216353597,22.99623112410167,22.838679700189875,1.0,0.0,0.6666666666666666,0.25,0.0,19.385556603781794,23.114606216353597,27.884026060236778,13.016787804876659,21.248614781761074,26.629305904569495,1.746679153543727e-16,2.732426007294023e-16,0.0,1.814590811921161e-15,4.0556826425881955e-14,converged
2025-01-16T00:20:00+08:00,16.333333333333332,-6.75,0.0,3.125,52.333333333333336,52.333333333333336,44.666666666666664,44.666666666666664,50.0,60.0,85.0,40.97224496440916,13.674648666648265,13.365577140763724,13.932019156997168,74.25876466106023,1.1120425060114654,52.333333333333336,52.2,52.2,44.172139472156125,42.933363580004055,42.68286071952798,43.261630055578955,0.41667525,0.42649036107404453,28.049114526681898,28.258068313699262,19.38151103961182,27.88273793926789,23.11174725242798,23.297283453039217,23.180088847583356,23.023996538255414,18.87829892169125,23.110696197632045,22.992949837134773,22.836104045846287,1.0,0.0,0.6666666666666666,0.25,0.0,19.38151103961182,23.110696197632045,27.88273793926789,13.016787804876659,21.248614781761074,26.629305904569495,1.746679153543727e-16,4.094418037974961e-16,0.0,1.228967048396938e-15,3.4755901437753174e-14,converged
2025-01-16T00:25:00+08:00,16.416666666666668,-6.777777777777778,0.0,3.1222222222222222,52.333333333333336,52.333333333333336,44.666666666666664,44.666666666666664,50.0,60.0,85.0,40.97224496440916,13.674648666648265,13.365577140763724,13.932019156997168,74.25876466106023,1.1120425060114654,52.333333333333336,52.300036939153046,52.2,44.17136489639222,43.00046828890275,42.681745303735944,43.28288251851894,0.4171311111111111,0.42703069310369157,28.047016915525802,28.255417091420078,19.377409141802023,27.881417858490558,23.10854309757897,23.293527626967222,23.176952542014664,23.021557448668524,18.873755125246138,23.106744345451627,22.989626501601048,22.83348587999277,1.0,0.0,0.6666666666666666,0.25,0.0,19.377409141802023,23.106744345451627,27.881417858490558,13.016787804876659,21.248614781761074,26.629305904569495,1.746679153543727e-16,1.363079091350781e-15,0.0,6.392089113971576e-16,2.851174960642762e-14,converged
2025-01-16T00:30:00+08:00,16.5,-6.805555555555556,0.0,3.1194444444444445,52.333333333333336,52.333333333333336,44.666666666666664,44.666666666666664,50.0,60.0,85.0,40.97224496440916,13.674648666648265,13.365577140763724,13.932019156997168,74.25876466106023,1.1120425060114654,52.333333333333336,52.333333333333336,52.289885175878155,44.170578423568806,43.02216017672144,42.7420960320258,43.31021754407269,0.41758697222222224,0.42769969687147624,28.044884741210836,28.252734880998844,19.37325116788855,27.88006590978349,23.105356281670147,23.28979037474731,23.173831603458147,23.019130550911523,18.8693325099426,23.10291330795658,22.986415644085284,22.830972381089534,1.0,0.0,0.6666666666666666,0.25,0.0,19.37325116788855,23.10291330795658,27.88006590978349,13.016787804876659,21.248614781761074,26.629305904569495,1.746679153543727e-16,1.360946976096614e-16,0.0,2.402172098782328e-15,3.57483347198786e-14,converged
2025-01-16T00:35:00+08:00,16.583333333333332,-6.833333333333333,0.0,3.1166666666666667,52.46666666666667,52.46666666666667,44.733333333333334,44.733333333333334,50.0,60.0,85.0,41.03339756883365,13.695058590031321,13.38552576336188,13.952813215440447,74.48059803911877,1.1170292362951948,52.333333333333336,52.333333333333336,52.333333333333336,44.17971953380232,43.03255314390648,42.78242346939932,43.33037148258051,0.4180428333333333,0.4280822397603742,28.0427327726549,28.25003554527716,19.369047289124175,27.878694832550188,23.10213760360344,23.28602497962688,23.170681708237932,23.01667370434284,18.864950464306073,23.099133696427682,22.98325143648379,22.828500958696218,1.0,0.0,0.6666666666666666,0.25,0.0,19.369047289124175,23.099133696427682,27.878694832550188,12.997388717238989,21.216947695648162,26.589619904711718,1.1609845571975586e-16,2.719461613079303e-16,0.0,3.36646648164676e-15,3.4514665073855356e-14,converged
2025-01-16T00:40:00+08:00,16.666666666666668,-6.861111111111111,0.0,3.113888888888889,52.46666666666667,52.46666666666667,44.733333333333334,44.733333333333334,50.0,60.0,85.0,41.03339756883365,13.695058590031321,13.38552576336188,13.952813215440447,74.48059803911877,1.1170292362951948,52.333333333333336,52.333333333333336,52.333333333333336,44.17891432047724,43.03154982688976,42.78134518923288,43.329408793319146,0.41849869444444443,0.4281280147155534,28.040546424517373,28.24730537581919,19.36478780174747,27.877292034710152,23.098872048010275,23.282217291242763,23.16748936096532,23.01417398967458,18.860507252375474,23.095311750660258,22.980044753043153,22.825986662327214,1.0,0.0,0.6666666666666666,0.25,0.0,19.36478780174747,23.095311750660258,27.877292034710152,12.997388717238989,21.216947695648162,26.589619904711718,1.1609845571975586e-16,2.719170851369787e-16,0.0,2.930694349092612e-16,3.238051771846669e-14,converged
2025-01-16T00:45:00+08:00,16.75,-6.888888888888889,0.0,3.111111111111111,52.46666666666667,52.46666666666667,44.733333333333334,44.733333333333334,50.0,60.0,85.0,41.03339756883365,13.695058590031321,13.38552576336188,13.952813215440447,74.48059803911877,1.1170292362951948,52.38673630087362,52.333333333333336,52.333333333333336,44.21505380710625,43.03053262207388,42.78025223931194,43.3407670250777,0.41895455555555555,0.42843542973867654,28.03842504236562,28.244638481548858,19.360573393875043,27.875942670158203,23.0955598069098,23.27836747373586,23.16425471817483,23.011631557461516,18.856003180650156,23.09144763388538,22.976795749366588,22.82342964157818,1.0,0.0,0.6666666666666666,0.25,0.0,19.360573393875043,23.09144763388538,27.875942670158203,12.997388717238989,21.216947695648162,26.589619904711718,1.1609845571975586e-16,1.0868879065201695e-15,0.0,4.820704607987064e-17,5.6553386322743764e-14,converged
2025-01-16T00:50:00+08:00,16.833333333333332,-6.916666666666667,0.0,3.1083333333333334,52.46666666666667,52.46666666666667,44.733333333333334,44.733333333333334,50.0,60.0,85.0,41.03339756883365,13.695058590031321,13.38552576336188,13.952813215440447,74.48059803911877,1.1170292362951948,52.46666666666667,52.333333333333336,52.333333333333336,44.2695903275857,43.02950158222496,42.77914467893096,43.35825585837446,0.4194104166666667,0.4288723218796141,28.036417450729044,28.242081136700367,19.356453404945828,27.87468865614567,23.092201071534618,23.274475690610046,23.16097793582379,23.00904655772968,18.851438554093622,23.08754150870474,22.973504580487283,22.820830045522804,1.0,0.0,0.6666666666666666,0.25,0.0,19.356453404945828,23.08754150870474,27.87468865614567,12.997388717238989,21.216947695648162,26.589619904711718,1.1609845571975586e-16,2.7144517351160045e-16,0.0,2.656478397724597e-15,2.974286403207321e-14,converged
2025-01-16T00:55:00+08:00,16.916666666666668,-6.944444444444444,0.0,3.1055555555555556,52.46666666666667,52.46666666666667,44.733333333333334,44.733333333333334,50.0,60.0,85.0,41.03339756883365,13.695058590031321,13.38552576336188,13.952813215440447,74.48059803911877,1.1170292362951948,52.46666666666667,52.43421472811605,52.333333333333336,44.268822565874586,43.09721961459005,42.77802256713916,43.37970839121763,0.41986627777777774,0.42941704559214,28.034374995306006,28.239492506936376,19.352277423866425,27.873402584930194,23.088991230498078,23.270727044417253,23.157834874910016,23.006586489791065,18.846813676141238,23.083593537093066,22.97017140087049,22.818188022714626,1.0,0.0,0.6666666666666666,0.25,0.0,19.352277423866425,23.083593537093066,27.873402584930194,12.997388717238989,21.216947695648162,26.589619904711718,1.1609845571975586e-16,2.7110084013177715e-16,0.0,1.4061003023864879e-15,3.3313934145504735e-14,converged
2025-01-16T01:00:00+08:00,17.0,-6.972222222222222,0.0,3.102777777777778,52.46666666666667,52.46666666666667,44.733333333333334,44.733333333333334,50.0,60.0,85.0,41.03339756883365,13.695058590031321,13.38552576336188,13.952813215440447,74.48059803911877,1.1170292362951948,52.46666666666667,52.46666666666667,52.424276802541016,44.26804291143123,43.11834769514992,42.839125801733054,43.40711765145849,0.42032213888888886,0.43008753060723937,28.03229779302112,28.236872691665408,19.34804570662863,27.87208454868704,23.0857971391198,23.266995416532847,23.15470575412298,23.00413730420614,18.842312559344574,23.079768325046622,22.966952597116492,22.815652523102255,1.0,0.0,0.6666666666666666,0.25,0.0,19.34804570662863,23.079768325046622,27.87208454868704,12.997388717238989,21.216947695648162,26.589619904711718,1.1609845571975586e-16,5.413564148794008e-16,0.0,1.828657486808785e-15,3.0902873116023794e-14,converged
2025-01-16T01:05:00+08:00,17.083333333333332,-7.0,0.0,3.1,52.6,52.6,44.8,44.8,50.0,60.0,85.0,41.094550173258135,13.715468513414379,13.405474385960034,13.973607273883726,74.70276226487015,1.1220308523299272,52.46666666666667,52.46666666666667,52.46666666666667,44.2772223382189,43.12877106947133,42.878770752959724,43.42706222785454,0.420778,0.4304651329498846,28.030200664188317,28.234235604630943,19.3437684431533,27.870747328048633,23.082571256559575,23.263235665017902,23.151547743757774,23.00165828093028,18.83785032057571,23.07599267171401,22.963778717345285,22.81315750264625,1.0,0.0,0.6666666666666666,0.25,0.0,19.3437684431533,23.07599267171401,27.870747328048633,12.978047364981194,21.185374856815358,26.550052017948754,5.787659084657407e-17,5.40881539134962e-16,1.1679695840535153e-16,1.1472412967298399e-15,3.119766936937508e-14,converged
2025-01-16T01:10:00+08:00,17.166666666666668,-7.027777777777778,0.0,3.0972222222222223,52.6,52.6,44.8,44.8,50.0,60.0,85.0,41.094550173258135,13.715468513414379,13.405474385960034,13.973607273883726,74.70276226487015,1.1220308523299272,52.46666666666667,52.46666666666667,52.46666666666667,44.27642395122492,43.12776631484565,42.87768587953511,43.426099106002944,0.4212338611111111,0.4305109967239805,28.028068973127244,28.231567487575887,19.339435907866225,27.86937829015246,23.07929852766335,23.259433600187947,23.148347312742597,22.99913646854859,18.833327319228914,23.072174670846714,22.96056239873898,22.810619691731763,1.0,0.0,0.5833333333333334,0.25,0.0,19.339435907866225,23.072174670846714,27.86937829015246,12.978047364981194,21.185374856815358,26.550052017948754,5.787659084657407e-17,1.3520597930460507e-15,1.1679695840535153e-16,1.5572529918457973e-15,2.88065153774018e-14,converged
2025-01-16T01:15:00+08:00,17.25,-7.055555555555556,0.0,3.0944444444444446,52.6,52.6,44.8,44.8,50.0,60.0,85.0,41.094550173258135,13.715468513414379,13.405474385960034,13.973607273883726,74.70276226487015,1.1220308523299272,52.5205854036005,52.46666666666667,52.46666666666667,44.31294727622675,43.12674769950046,42.87658639070809,43.437582761745325,0.42168972222222223,0.43082109450758505,28.026003056225573,28.228963388203685,19.33514977264899,27.868063438082114,23.075979144346675,23.255589386282388,23.14510461751588,22.996572017357344,18.828743859805837,23.06831448574896,22.957303796786064,22.80803923968306,1.0,0.0,0.5833333333333334,0.25,0.0,19.33514977264899,23.06831448574896,27.868063438082114,12.978047364981194,21.185374856815358,26.550052017948754,5.787659084657407e-17,2.7021732062584785e-16,1.1679695840535153e-16,1.688443662310909e-16,2.868271948973165e-14,converged
2025-01-16T01:20:00+08:00,17.333333333333332,-7.083333333333333,0.0,3.091666666666667,52.6,52.6,44.8,44.8,50.0,60.0,85.0,41.094550173258135,13.715468513414379,13.405474385960034,13.973607273883726,74.70276226487015,1.1220308523299272,52.6,52.46666666666667,52.46666666666667,44.3671633710208,43.12571527610724,42.87547234553855,43.45496199531813,0.4221455833333333,0.43125565958885675,28.024049835046295,28.226467778025597,19.330957440270407,27.866843057840295,23.072613297738876,23.251703186903136,23.14181981393914,22.993965077124905,18.824100245282175,23.064412279095215,22.954003066405352,22.80541629530331,1.0,0.0,0.5833333333333334,0.25,0.0,19.330957440270407,23.064412279095215,27.866843057840295,12.978047364981194,21.185374856815358,26.550052017948754,5.787659084657407e-17,1.3497251483948164e-16,1.1679695840535153e-16,2.3140133807921707e-15,3.121873458797967e-14,converged
2025-01-16T01:25:00+08:00,17.416666666666668,-7.111111111111111,0.0,3.088888888888889,52.6,52.6,44.8,44.8,50.0,60.0,85.0,41.094550173258135,13.715468513414379,13.405474385960034,13.973607273883726,74.70276226487015,1.1220308523299272,52.6,52.56839000381826,52.46666666666667,44.366402379383125,43.19404557763735,42.87434380284212,43.47661432960377,0.4226014444444444,0.431804759413245,28.02206156892123,28.223940688200475,19.326709447756226,27.86559052432501,23.069398055463104,23.24796169569707,23.138670274583625,22.99148458678204,18.819396777115312,23.060468212932637,22.950660361948064,22.802751006876413,1.0,0.0,0.5833333333333334,0.25,0.0,19.326709447756226,23.060468212932637,27.86559052432501,12.978047364981194,21.185374856815358,26.550052017948754,5.787659084657407e-17,2.696017570189013e-16,1.1679695840535153e-16,2.4702311470989926e-16,4.306631665083345e-14,converged
2025-01-16T01:30:00+08:00,17.5,-7.138888888888889,0.0,3.0861111111111112,52.6,52.6,44.8,44.8,50.0,60.0,85.0,41.094550173258135,13.715468513414379,13.405474385960034,13.973607273883726,74.70276226487015,1.1220308523299272,52.6,52.6,52.55866527952137,44.36562949918399,43.21461096688771,42.93619838568473,43.504097780055666,0.42305730555555554,0.4324767172726268,28.02003837540361,28.221382218773527,19.322406049596957,27.86430593000432,23.0661969763812,23.24423567111262,23.135533251032896,22.989013670790097,18.814819632038077,23.056648846335282,22.94743392550055,22.80019409153062,1.0,0.0,0.5833333333333334,0.25,0.0,19.322406049596957,23.056648846335282,27.86430593000432,12.978047364981194,21.185374856815358,26.550052017948754,5.787659084657407e-17,5.383657301188232e-16,1.1679695840535153e-16,2.881107840465213e-15,5.402339414960135e-14,converged
2025-01-16T01:35:00+08:00,17.583333333333332,-7.166666666666667,0.0,3.0833333333333335,52.733333333333334,52.733333333333334,44.86666666666667,44.86666666666667,50.0,60.0,85.0,41.15570277768263,13.735878436797435,13.425423008558187,13.994401332327007,74.92525733831442,1.1270473763000923,52.6,52.6,52.6,44.37484698367142,43.22506467299652,42.97516228124255,43.52383336978001,0.42351316666666666,0.43284938516549126,28.017995125692607,28.218806333870212,19.31805745440477,27.86300209638375,23.062964175680516,23.24048154196804,23.13236740375266,22.98651302613404,18.810279666511384,23.052877175426932,22.944250690106614,22.797676059961056,1.0,0.0,0.5833333333333334,0.25,0.0,19.31805745440477,23.052877175426932,27.86300209638375,12.958763490739024,21.15389584514104,26.510601717773493,2.308188912686916e-16,5.379022164138029e-16,0.0,1.2279607116761837e-15,3.2087773385766364e-14,converged
2025-01-16T01:40:00+08:00,17.666666666666668,-7.194444444444444,0.0,3.0805555555555557,52.733333333333334,52.733333333333334,44.86666666666667,44.86666666666667,50.0,60.0,85.0,41.15570277768263,13.735878436797435,13.425423008558187,13.994401332327007,74.92525733831442,1.1270473763000923,52.6,52.6,52.6,44.374055378479596,43.2240585741797,42.974071075611555,43.52286991971722,0.42396902777777773,0.4328953328418955,28.015917134260413,28.21619922591406,19.313653914854353,27.86166635016846,23.059684558664088,23.23668507952923,23.12915916620237,22.983969669431783,18.80567932982367,23.04906314358515,22.941025051727124,22.795115319420695,1.0,0.0,0.5833333333333334,0.25,0.0,19.313653914854353,23.04906314358515,27.86166635016846,12.958763490739024,21.15389584514104,26.510601717773493,2.308188912686916e-16,2.689225616332821e-16,0.0,4.327435797779679e-16,2.9125814538075354e-14,converged
2025-01-16T01:45:00+08:00,17.75,-7.222222222222222,0.0,3.077777777777778,52.733333333333334,52.733333333333334,44.86666666666667,44.86666666666667,50.0,60.0,85.0,41.15570277768263,13.735878436797435,13.425423008558187,13.994401332327007,74.92525733831442,1.1270473763000923,52.6544329735803,52.6,52.6,44.410961771214666,43.22303864132655,42.97296530768978,43.53447886092906,0.42442488888888885,0.4332081022160104,28.013905725981957,28.21365687917796,19.309298084001107,27.86038554163744,23.056358317148565,23.232846448133785,23.125908694728057,22.981383750727773,18.801018924540127,23.04520691418766,22.937757165739992,22.792512018969365,1.0,0.0,0.5833333333333334,0.25,0.0,19.309298084001107,23.04520691418766,27.86038554163744,12.958763490739024,21.15389584514104,26.510601717773493,2.308188912686916e-16,2.687284038120014e-16,0.0,1.8347434731038597e-15,4.778452577927132e-14,converged
2025-01-16T01:50:00+08:00,17.833333333333332,-7.25,0.0,3.075,52.733333333333334,52.733333333333334,44.86666666666667,44.86666666666667,50.0,60.0,85.0,41.15570277768263,13.735878436797435,13.425423008558187,13.994401332327007,74.92525733831442,1.1270473763000923,52.733333333333334,52.6,52.6,44.464858002619735,43.222004927015355,42.97184503630816,43.55174880058743,0.42488075,0.43364034118644545,28.012005923893117,28.211221966654268,19.305035433154785,27.859198329351813,23.052985642164682,23.228965811481338,23.12261614509911,22.978755419539365,18.79629875170958,23.041308649982064,22.93444718695378,22.789866307146642,1.0,0.0,0.5833333333333334,0.25,0.0,19.305035433154785,23.041308649982064,27.859198329351813,12.958763490739024,21.15389584514104,26.510601717773493,2.308188912686916e-16,2.68460543842441e-16,0.0,3.4375275706271583e-15,2.770241058373482e-14,converged
2025-01-16T01:55:00+08:00,17.916666666666668,-7.277777777777778,0.0,3.0722222222222224,52.733333333333334,52.733333333333334,44.86666666666667,44.86666666666667,50.0,60.0,85.0,41.15570277768263,13.735878436797435,13.425423008558187,13.994401332327007,74.92525733831442,1.1270473763000923,52.733333333333334,52.70256277746291,52.6,44.4641037361922,43.290946443607666,42.970710320054415,43.57360066499005,0.42533661111111115,0.434193801745376,28.01007089882273,28.208755382974523,19.30071744496794,27.857978869025825,23.049765276201786,23.225231450385003,23.119460397733192,22.976255050870805,18.791519110872052,23.037368513088285,22.931095269609777,22.78717833197369,1.0,0.0,0.5833333333333334,0.25,0.0,19.30071744496794,23.037368513088285,27.857978869025825,12.958763490739024,21.15389584514104,26.510601717773493,2.308188912686916e-16,9.384141937457104e-16,0.0,2.0559859125146666e-15,5.012173040117484e-14,converged
2025-01-16T02:00:00+08:00,18.0,-7.305555555555556,0.0,3.0694444444444446,52.733333333333334,52.733333333333334,44.86666666666667,44.86666666666667,50.0,60.0,85.0,41.15570277768263,13.735878436797435,13.425423008558187,13.994401332327007,74.92525733831442,1.1270473763000923,52.733333333333334,52.733333333333334,52.69305062085938,44.46333758522761,43.31095025285444,43.03331508868262,43.60115825787174,0.4257924722222223,0.43486722421308877,28.00810076894232,28.206257228810554,19.296344372471705,27.856727253416647,23.046557489801224,23.221511008066706,23.11631574442403,22.973762950052325,18.786868337366005,23.033555010901132,22.927861506767208,22.784600573465006,1.0,0.0,0.5833333333333334,0.25,0.0,19.296344372471705,23.033555010901132,27.856727253416647,12.958763490739024,21.15389584514104,26.510601717773493,2.308188912686916e-16,0.0,0.0,1.9173147497365547e-15,3.6368180851257234e-14,converged
2025-01-16T02:05:00+08:00,18.083333333333332,-7.333333333333333,0.0,3.066666666666667,52.86666666666667,52.86666666666667,44.93333333333333,44.93333333333333,50.0,60.0,85.0,41.21685538210713,13.756288360180493,13.445371631156343,14.015195390770286,75.14808325945151,1.1320788303901164,52.733333333333334,52.733333333333334,52.733333333333334,44.4725928689464,43.32143421324625,43.07159934732647,43.62068523180383,0.42624833333333334,0.4352349638674068,28.0061104558324,28.203741518156978,19.291926442987926,27.855456344550827,23.043318049962654,23.21776248006097,23.113142332021088,22.97124122754283,18.78225303843194,23.029787345594848,22.924669225062054,22.782060105352613,1.0,0.0,0.5833333333333334,0.25,0.0,19.291926442987926,23.029787345594848,27.855456344550827,12.939536838675613,21.12251024299691,26.471268480803506,2.3013447684543585e-16,1.3373847633068428e-16,0.0,1.1121458342332772e-16,3.126568722403874e-14,converged
2025-01-16T02:10:00+08:00,18.166666666666668,-7.361111111111111,0.0,3.063888888888889,52.86666666666667,52.86666666666667,44.93333333333333,44.93333333333333,50.0,60.0,85.0,41.21685538210713,13.756288360180493,13.445371631156343,14.015195390770286,75.14808325945151,1.1320788303901164,52.733333333333334,52.733333333333334,52.733333333333334,44.47180800017738,43.320426861232484,43.07050206291015,43.61972155423975,0.42670419444444446,0.4352809906825666,28.00408522460344,28.201194394613054,19.287453887504494,27.854153429047226,23.040031822688054,23.213971598853938,23.109926558728848,22.968676868153302,18.777577747817233,23.025977305857833,22.92143457509243,22.779477007769906,1.0,0.0,0.5833333333333334,0.25,0.0,19.287453887504494,23.025977305857833,27.854153429047226,12.939536838675613,21.12251024299691,26.471268480803506,2.3013447684543585e-16,8.023460085705785e-16,0.0,4.2792559200158734e-15,2.3062291689431522e-14,converged
2025-01-16T02:15:00+08:00,18.25,-7.388888888888889,0.0,3.0611111111111113,52.86666666666667,52.86666666666667,44.93333333333333,44.93333333333333,50.0,60.0,85.0,41.21685538210713,13.756288360180493,13.445371631156343,14.015195390770286,75.14808325945151,1.1320788303901164,52.78827901763532,52.733333333333334,52.733333333333334,44.509096690988855,43.31940570147819,43.06939026810932,43.631455639364226,0.4271600555555556,0.4355964206519784,28.00212738629275,28.1987127768188,19.283030337668794,27.852906202393772,23.036698999699755,23.210138528881078,23.106668580804545,22.966070021682906,18.77284276621006,23.022125055141647,22.918157712129716,22.77685142951907,1.0,0.0,0.5833333333333334,0.25,0.0,19.283030337668794,23.022125055141647,27.852906202393772,12.939536838675613,21.12251024299691,26.471268480803506,2.3013447684543585e-16,1.3362750048851449e-16,0.0,1.1072570617287087e-15,4.2459634946666224e-14,converged
2025-01-16T02:20:00+08:00,18.333333333333332,-7.416666666666667,0.0,3.0583333333333336,52.86666666666667,52.86666666666667,44.93333333333333,44.93333333333333,50.0,60.0,85.0,41.21685538210713,13.756288360180493,13.445371631156343,14.015195390770286,75.14808325945151,1.1320788303901164,52.86666666666667,52.733333333333334,52.733333333333334,44.56267361906535,43.318370786469806,43.06826402153148,43.64861658681581,0.4276159166666667,0.4360263345913064,28.00028006983337,28.19633754343744,19.27869933852085,27.851751699504046,23.033319771934465,23.20626343393944,23.10336855392903,22.9634208374045,18.7680483927915,23.01823075626737,22.914838790876253,22.77418351888289,1.0,0.0,0.5833333333333334,0.25,0.0,19.27869933852085,23.01823075626737,27.851751699504046,12.939536838675613,21.12251024299691,26.471268480803506,2.3013447684543585e-16,1.3349574623291106e-16,0.0,4.656245229935753e-15,2.965131775547604e-14,converged
2025-01-16T02:25:00+08:00,18.416666666666668,-7.444444444444444,0.0,3.055555555555556,52.86666666666667,52.86666666666667,44.93333333333333,44.93333333333333,50.0,60.0,85.0,41.21685538210713,13.756288360180493,13.445371631156343,14.015195390770286,75.14808325945151,1.1320788303901164,52.86666666666667,52.83673306018675,52.733333333333334,44.561926032163605,43.38792246427407,43.06712338154192,43.67066770725923,0.4280717777777778,0.43658414069651613,27.99839735542211,28.19393045055674,19.274313315856624,27.850564855090685,23.03009455261919,23.202536178094,23.100206862652904,22.960901122863348,18.763194925243077,23.014294571428028,22.911477965467427,22.771473423626546,1.0,0.0,0.5833333333333334,0.25,0.0,19.274313315856624,23.014294571428028,27.850564855090685,12.939536838675613,21.12251024299691,26.471268480803506,2.3013447684543585e-16,7.999511043246453e-16,0.0,4.503823312265763e-16,4.078794139933054e-14,converged
2025-01-16T02:30:00+08:00,18.5,-7.472222222222222,0.0,3.0527777777777776,52.86666666666667,52.86666666666667,44.93333333333333,44.93333333333333,50.0,60.0,85.0,41.21685538210713,13.756288360180493,13.445371631156343,14.015195390770286,75.14808325945151,1.1320788303901164,52.86666666666667,52.86666666666667,52.82743284051191,44.56116656461263,43.407365800239575,43.130477169300626,43.69829939159807,0.4285276388888889,0.4372590196991929,27.99647936183868,28.19149159946524,19.269872521288665,27.849345762196325,23.026880332082246,23.19882129701255,23.097054846269398,22.958388371201057,18.758472851953307,23.0104869515992,22.908237175438245,22.768875382372684,1.0,0.0,0.5833333333333334,0.25,0.0,19.269872521288665,23.0104869515992,27.849345762196325,12.939536838675613,21.12251024299691,26.471268480803506,2.3013447684543585e-16,2.662388117391411e-16,0.0,9.374896802812278e-16,5.2992960025881126e-14,converged
2025-01-16T02:35:00+08:00,18.583333333333332,-7.5,0.0,3.0500000000000003,53.0,53.0,45.0,45.0,50.0,60.0,85.0,41.27800798653161,13.77669828356355,13.4653202537545,14.035989449213565,75.3712400282815,1.1371252367844282,52.86666666666667,52.86666666666667,52.86666666666667,44.57045938954708,43.41787993532775,43.16808319834937,43.7176181162006,0.4289835,0.43762183743688887,27.9945410605478,28.18903505352086,19.26538720086218,27.848107323020177,23.02363452493533,23.195078348920436,23.093874134238366,22.95584610280654,18.753784542082084,23.00672331404897,22.905036149653714,22.766313040161403,1.0,0.0,0.5833333333333334,0.25,0.0,19.26538720086218,23.00672331404897,27.848107323020177,12.920367154470167,21.091217635229505,26.43205178675787,1.7208982650771557e-16,5.320361639573048e-16,0.0,2.6998093622495813e-15,3.4780735923120864e-14,converged
2025-01-16T02:40:00+08:00,18.666666666666668,-7.527777777777778,0.0,3.0472222222222225,53.0,53.0,45.0,45.0,50.0,60.0,85.0,41.27800798653161,13.77669828356355,13.4653202537545,14.035989449213565,75.3712400282815,1.1371252367844282,52.86666666666667,52.86666666666667,52.86666666666667,44.569681211032695,43.416871418744996,43.16698008115671,43.71665430828956,0.42943936111111114,0.43766793877591187,27.99256766777751,28.186546907987065,19.260847563945035,27.84683678443721,23.020341958120515,23.191293027792167,23.09065108972247,22.953261270844543,18.749036608426167,23.002917288476105,22.901792789222814,22.763708146034542,1.0,0.0,0.5833333333333334,0.25,0.0,19.260847563945035,23.002917288476105,27.84683678443721,12.920367154470167,21.091217635229505,26.43205178675787,1.7208982650771557e-16,3.9898509182279866e-16,0.0,1.0118113490423155e-15,2.894882630466905e-14,converged
2025-01-16T02:45:00+08:00,18.75,-7.555555555555556,0.0,3.0444444444444443,53.0,53.0,45.0,45.0,50.0,60.0,85.0,41.27800798653161,13.77669828356355,13.4653202537545,14.035989449213565,75.3712400282815,1.1371252367844282,52.92212354254746,52.86666666666667,52.86666666666667,44.60735143130349,43.41584912033894,43.16586250431459,43.72851339283911,0.42989522222222226,0.4379860185156859,27.99066247841076,28.18412501367636,19.256358218204106,27.84562268516468,23.017002823270285,23.18746549816077,23.087385868893683,22.95063402487533,18.74422934985439,22.99906903840634,22.898507249314342,22.761060848543323,1.0,0.0,0.5,0.25,0.0,19.256358218204106,22.99906903840634,27.84562268516468,12.920367154470167,21.091217635229505,26.43205178675787,1.7208982650771557e-16,2.6579689055249044e-16,0.0,1.0110547279173312e-15,3.02326608709498e-14,converged
2025-01-16T02:50:00+08:00,18.833333333333332,-7.583333333333333,0.0,3.0416666666666665,53.0,53.0,45.0,45.0,50.0,60.0,85.0,41.27800798653161,13.77669828356355,13.4653202537545,14.035989449213565,75.3712400282815,1.1371252367844282,53.0,52.86666666666667,52.86666666666667,44.660609613938945,43.414813092505575,43.16473052621242,43.745565645803026,0.43035108333333333,0.43841360863027906,27.98886673168704,28.18180845909846,19.251960787577417,27.844500440249767,23.01361731123176,23.183595923920393,23.08407862734782,22.947964513933652,18.739363063737493,22.99517872673454,22.895179684528365,22.75837129572037,1.0,0.0,0.5,0.25,0.0,19.251960787577417,22.99517872673454,27.844500440249767,12.920367154470167,21.091217635229505,26.43205178675787,1.7208982650771557e-16,6.638441390462724e-16,0.0,4.787217531539404e-16,3.363624505601198e-14,converged
2025-01-16T02:55:00+08:00,18.916666666666668,-7.611111111111111,0.0,3.038888888888889,53.0,53.0,45.0,45.0,50.0,60.0,85.0,41.27800798653161,13.77669828356355,13.4653202537545,14.035989449213565,75.3712400282815,1.1371252367844282,53.0,52.97090086306055,52.86666666666667,44.65986866011805,43.484973877976806,43.16358420499838,43.76781574557107,0.43080694444444445,0.43897574527804806,27.98703541504952,28.179459859787865,19.2475086385299,27.843345761591856,23.010387501856012,23.179875748487778,23.080911250068397,22.945425974586083,18.734438045955613,22.991246515727155,22.891810248898288,22.75563963508151,1.0,0.0,0.5,0.25,0.0,19.2475086385299,22.991246515727155,27.843345761591856,12.920367154470167,21.091217635229505,26.43205178675787,1.7208982650771557e-16,1.3259880879431862e-15,0.0,8.959049041014204e-17,5.73815427255764e-14,converged
2025-01-16T03:00:00+08:00,19.0,-7.638888888888889,0.0,3.036111111111111,53.0,53.0,45.0,45.0,50.0,60.0,85.0,41.27800798653161,13.77669828356355,13.4653202537545,14.035989449213565,75.3712400282815,1.1371252367844282,53.0,53.0,52.96181195235313,44.65911582940848,43.503857842858245,43.22768584124992,43.79552146731332,0.4312628055555556,0.4396520729005347,27.985168647876133,28.17707931764013,19.243002021295194,27.842158742515466,23.007167113336198,23.176166407621018,23.077752131110916,22.942893094702736,18.72964693241174,22.987444795217577,22.88856272395389,22.753021859594668,1.0,0.0,0.5,0.25,0.0,19.243002021295194,22.987444795217577,27.842158742515466,12.920367154470167,21.091217635229505,26.43205178675787,1.7208982650771557e-16,3.971844863333745e-16,0.0,1.8702791375330208e-15,3.565854431825596e-14,converged
2025-01-16T03:05:00+08:00,19.083333333333332,-7.666666666666667,0.0,3.033333333333333,53.13333333333333,53.13333333333333,45.06666666666667,45.06666666666667,50.0,60.0,85.0,41.33916059095611,13.797108206946609,13.485268876352658,14.056783507656847,75.59472764480431,1.1421866176674544,53.0,53.0,53.0,44.66844593805921,43.5144020710451,43.26461503686509,43.81463230477132,0.4317186666666667,0.4400099751502654,27.983281451025345,28.174680944877405,19.238451200651042,27.840952325047752,23.003915203710697,23.172429018226246,23.074564378785663,22.940330801070292,18.724887865274546,22.983685206579313,22.885353249394672,22.750438193848225,1.0,0.0,0.5,0.25,0.0,19.238451200651042,22.983685206579313,27.840952325047752,12.901254185306748,21.060017609141884,26.392951118434258,1.715810615931206e-16,1.322871393849406e-16,0.0,3.337280541252838e-15,3.045999093716049e-14,converged
2025-01-16T03:10:00+08:00,19.166666666666668,-7.694444444444444,0.0,3.0305555555555554,53.13333333333333,53.13333333333333,45.06666666666667,45.06666666666667,50.0,60.0,85.0,41.33916059095611,13.797108206946609,13.485268876352658,14.056783507656847,75.59472764480431,1.1421866176674544,53.0,53.0,53.0,44.667674402901596,43.51339247621108,43.26350632570533,43.81366846022239,0.43217452777777776,0.4400561465426471,27.98135899231574,28.172250788909324,19.233846364414426,27.839713716658657,23.000616561102124,23.1686492360327,23.07133432142602,22.937726015368323,18.72006953100595,22.97988321623578,22.88210147272913,22.747812051835822,1.0,0.0,0.5,0.25,0.0,19.233846364414426,22.97988321623578,27.839713716658657,12.901254185306748,21.060017609141884,26.392951118434258,1.715810615931206e-16,5.290930384295981e-16,0.0,4.174225049118564e-15,2.7080453418447188e-14,converged
2025-01-16T03:15:00+08:00,19.25,-7.722222222222222,0.0,3.0277777777777777,53.13333333333333,53.13333333333333,45.06666666666667,45.06666666666667,50.0,60.0,85.0,41.33916059095611,13.797108206946609,13.485268876352658,14.056783507656847,75.59472764480431,1.1421866176674544,53.05596655505848,53.0,53.0,44.70572538510895,43.512369125101074,43.262383204493084,43.825652396886966,0.4326303888888889,0.4403768653937709,27.979505548167257,28.169887630533918,19.229293093708534,27.838532297321972,22.997271377057448,23.16482722567065,23.068062115122125,22.93507888692447,18.715192226711448,22.97603898778717,22.878807549027353,22.745143581864244,1.0,0.0,0.4166666666666667,0.25,0.0,19.229293093708534,22.97603898778717,27.838532297321972,12.901254185306748,21.060017609141884,26.392951118434258,1.715810615931206e-16,6.608846364059108e-16,0.0,1.801164644260757e-15,5.108215267357874e-14,converged
2025-01-16T03:20:00+08:00,19.333333333333332,-7.75,0.0,3.025,53.13333333333333,53.13333333333333,45.06666666666667,45.06666666666667,50.0,60.0,85.0,41.33916059095611,13.797108206946609,13.485268876352658,14.056783507656847,75.59472764480431,1.1421866176674544,53.13333333333333,53.0,53.0,44.758665378078696,43.511332070021986,43.2612457314049,43.8425962492037,0.43308625,0.44080213301250826,27.97776047252023,28.167628772268866,19.22483109651567,27.83744186598675,22.99387984233854,23.16096315113103,23.064747915388207,22.932389564541598,18.71025624800714,22.972152684202452,22.87547163279098,22.742432931722465,1.0,0.0,0.4166666666666667,0.25,0.0,19.22483109651567,22.972152684202452,27.83744186598675,12.901254185306748,21.060017609141884,26.392951118434258,1.715810615931206e-16,3.9614822538857155e-16,0.0,3.155232182876567e-15,2.6227129786355027e-14,converged
2025-01-16T03:25:00+08:00,19.416666666666668,-7.777777777777778,0.0,3.022222222222222,53.13333333333333,53.13333333333333,45.06666666666667,45.06666666666667,50.0,60.0,85.0,41.33916059095611,13.797108206946609,13.485268876352658,14.056783507656847,75.59472764480431,1.1421866176674544,53.13333333333333,53.10506619708955,53.0,44.75793101019113,43.58210090997172,43.26009396437699,43.865045049047545,0.43354211111111113,0.4413685853792673,27.975979657949907,28.165337687092908,19.220314677504184,27.83631890993368,22.99064569932186,23.157250031296456,23.06157510395407,22.92983271030059,18.705261889027216,22.968224467821805,22.872093877955276,22.73968024868345,1.0,0.0,0.4166666666666667,0.25,0.0,19.220314677504184,22.968224467821805,27.83631890993368,12.901254185306748,21.060017609141884,26.392951118434258,1.715810615931206e-16,7.91279617648134e-16,0.0,4.371485866459536e-15,4.652031072035111e-14,converged
2025-01-16T03:30:00+08:00,19.5,-7.805555555555556,0.0,3.0194444444444444,53.13333333333333,53.13333333333333,45.06666666666667,45.06666666666667,50.0,60.0,85.0,41.33916059095611,13.797108206946609,13.485268876352658,14.056783507656847,75.59472764480431,1.1421866176674544,53.13333333333333,53.13333333333333,53.09618797017509,44.757184769057176,43.60042660149841,43.32494227470417,43.892824751165314,0.43399797222222225,0.44204635386037155,27.974163224422696,28.163014477499043,19.215744085567426,27.835163522765644,22.987419402113744,23.153546209631955,23.058409136873774,22.927280213691965,18.70040392767348,22.964428662630397,22.86883990357975,22.73704327581266,1.0,0.0,0.4166666666666667,0.25,0.0,19.215744085567426,22.964428662630397,27.835163522765644,12.901254185306748,21.060017609141884,26.392951118434258,1.715810615931206e-16,7.900663865471452e-16,0.0,2.507189376354818e-15,3.658309255187471e-14,converged
2025-01-16T03:35:00+08:00,19.583333333333332,-7.833333333333333,0.0,3.0166666666666666,53.266666666666666,53.266666666666666,45.13333333333333,45.13333333333333,50.0,60.0,85.0,41.40031319538059,13.817518130329663,13.505217498950808,14.077577566100123,75.81854610901998,1.1472629952236226,53.13333333333333,53.13333333333333,53.13333333333333,44.76655190450165,43.61100083924471,43.361196022160506,43.91172805952116,0.4344538333333333,0.4423993471536805,27.972326241706867,28.16067330408132,19.21112960422051,27.833988685996612,22.984161648008815,23.14981435772974,23.05521459756147,22.924698404379605,18.69557629016285,22.960673143087128,22.86562226877268,22.734438825456227,1.0,0.0,0.4166666666666667,0.25,0.0,19.21112960422051,22.960673143087128,27.833988685996612,12.882197679863165,21.028909754475503,26.353965961686207,1.7107454951045627e-16,5.262906583200472e-16,0.0,2.093397033164687e-15,3.821985991330824e-14,converged
2025-01-16T03:40:00+08:00,19.666666666666668,-7.861111111111111,0.0,3.013888888888889,53.266666666666666,53.266666666666666,45.13333333333333,45.13333333333333,50.0,60.0,85.0,41.40031319538059,13.817518130329663,13.505217498950808,14.077577566100123,75.81854610901998,1.1472629952236226,53.13333333333333,53.13333333333333,53.13333333333333,44.76578696513007,43.60999025022166,43.360081948849384,43.910764268704966,0.43490969444444444,0.44244558426915176,27.97045382967831,28.15830016687109,19.206461399800922,27.83278156802685,22.98085718654991,23.146040093338392,23.051977779733146,22.92207417271931,18.69068973126325,22.956875208068954,22.86236236334568,22.73179197261815,1.0,0.0,0.4166666666666667,0.25,0.0,19.206461399800922,22.956875208068954,27.83278156802685,12.882197679863165,21.028909754475503,26.353965961686207,1.7107454951045627e-16,2.63117829550122e-16,0.0,1.704129277403326e-15,3.161843078256208e-14,converged
2025-01-16T03:45:00+08:00,19.75,-7.888888888888889,0.0,3.011111111111111,53.266666666666666,53.266666666666666,45.13333333333333,45.13333333333333,50.0,60.0,85.0,41.40031319538059,13.817518130329663,13.505217498950808,14.077577566100123,75.81854610901998,1.1472629952236226,53.189808061870316,53.13333333333333,53.13333333333333,44.80421794289765,43.60896593010849,43.35895351397687,43.92287290745708,0.43536555555555556,0.442768931734298,27.968651243993364,28.15599477447257,19.20184602433427,27.831632388120696,22.977506209202726,23.142223581185114,23.04869883940049,22.91940766781223,18.685744546371176,22.953035021250834,22.859060342273914,22.72910286536718,1.0,0.0,0.4166666666666667,0.25,0.0,19.20184602433427,22.953035021250834,27.831632388120696,12.882197679863165,21.028909754475503,26.353965961686207,1.7107454951045627e-16,3.9438851785832173e-16,0.0,5.275241284154774e-17,3.104121138177717e-14,converged
2025-01-16T03:50:00+08:00,19.833333333333332,-7.916666666666667,0.0,3.0083333333333333,53.266666666666666,53.266666666666666,45.13333333333333,45.13333333333333,50.0,60.0,85.0,41.40031319538059,13.817518130329663,13.505217498950808,14.077577566100123,75.81854610901998,1.1472629952236226,53.266666666666666,53.13333333333333,53.13333333333333,44.85684029992325,43.60792793112427,43.35781077551167,43.9397086491952,0.4358214166666667,0.4431918783045467,27.966955957672752,28.153792647558838,19.19732127497209,27.830573332884562,22.97410890664811,23.138364985357313,23.04537793199948,22.916699038235468,18.680741029402167,22.94915274567613,22.85571635996435,22.72637165125501,1.0,0.0,0.4166666666666667,0.25,0.0,19.19732127497209,22.94915274567613,27.830573332884562,12.882197679863165,21.028909754475503,26.353965961686207,1.7107454951045627e-16,1.0506990540737129e-15,0.0,4.689211238264583e-15,3.4199941798493843e-14,converged
2025-01-16T03:55:00+08:00,19.916666666666668,-7.944444444444444,0.0,3.0055555555555555,53.266666666666666,53.266666666666666,45.13333333333333,45.13333333333333,50.0,60.0,85.0,41.40031319538059,13.817518130329663,13.505217498950808,14.077577566100123,75.81854610901998,1.1472629952236226,53.266666666666666,53.239229073213984,53.13333333333333,44.85611247017457,43.679303772770616,43.35665379118309,43.96235586743731,0.43627727777777775,0.4437626317426048,27.96522476631685,28.15155811455728,19.1927423921295,27.82948166318115,22.970870679704046,23.13465889633174,23.042199932332938,22.914124368089837,18.67567947279826,22.945228543759047,22.852330570257877,22.72359847731808,1.0,0.0,0.4166666666666667,0.25,0.0,19.1927423921295,22.945228543759047,27.82948166318115,12.882197679863165,21.028909754475503,26.353965961686207,1.7107454951045627e-16,0.0,0.0,3.853004749480728e-15,5.289524398214062e-14,converged
2025-01-16T04:00:00+08:00,20.0,-7.972222222222222,0.0,3.0027777777777778,53.266666666666666,53.266666666666666,45.13333333333333,45.13333333333333,50.0,60.0,85.0,41.40031319538059,13.817518130329663,13.505217498950808,14.077577566100123,75.81854610901998,1.1472629952236226,53.266666666666666,53.266666666666666,53.230560907688364,44.85537277071212,43.69707228426002,43.42224759758629,43.990209490032356,0.43673313888888887,0.4444418334709627,27.963457790470965,28.149291278548954,19.188109623397136,27.828357472888218,22.96763872640906,23.130960572869288,23.039027365663433,22.911552755353043,18.6707567909643,22.94143866894732,22.849070425294602,22.72094283248676,1.0,0.0,0.4166666666666667,0.25,0.0,19.188109623397136,22.94143866894732,27.828357472888218,12.882197679863165,21.028909754475503,26.353965961686207,1.7107454951045627e-16,1.5716160774213987e-15,0.0,1.0900407562316757e-15,5.894656268768822e-14,converged
2025-01-16T04:05:00+08:00,20.083333333333332,-8.0,0.0,3.0,53.4,53.4,45.2,45.2,50.0,60.0,85.0,41.46146579980509,13.837928053712723,13.525166121548965,14.098371624543406,76.04269542092851,1.152354391637362,53.266666666666666,53.266666666666666,53.266666666666666,44.864776676662366,43.7076764461526,43.45782727153448,44.00890562331632,0.437189,0.44478992443854404,27.961670148335628,28.147006348014052,19.183433271028104,27.827213782668988,22.964375379158405,23.127234237268812,23.035826286775738,22.90895192905724,18.665862705155465,22.937687237733755,22.84584491213481,22.71831812504379,1.0,0.0,0.4166666666666667,0.25,0.0,19.183433271028104,22.937687237733755,27.827213782668988,12.863197388299943,20.997893663392208,26.315095805400528,1.1371351798565668e-16,3.925965341072595e-16,0.0,4.1927438374554146e-16,3.939892457187965e-14,converged
2025-01-16T04:10:00+08:00,20.166666666666668,-8.0,0.41666666666666075,3.0,53.4,53.4,45.2,45.2,50.0,60.0,85.0,41.46146579980509,13.837928053712723,13.525166121548965,14.098371624543406,76.04269542092851,1.152354391637362,53.266666666666666,53.266666666666666,53.266666666666666,44.86402879318058,43.70667701277618,43.456720769147935,44.00795373844335,0.437015175,0.4448356578290192,27.959909307310618,28.144754960839155,19.178799509661996,27.826088838940194,22.961146201480208,23.123548640938953,23.032658232396095,22.906375693950984,18.661013938423306,22.9339765496154,22.84265243712689,22.71571803339326,1.0,0.0,0.4166666666666667,0.25,0.0,19.178799509661996,22.9339765496154,27.826088838940194,12.863197388299943,20.997893663392208,26.315095805400528,1.1371351798565668e-16,5.234082285358572e-16,0.0,3.547346763592968e-16,2.7186616069635127e-14,converged
2025-01-16T04:15:00+08:00,20.25,-8.0,0.8333333333333393,3.0,53.4,53.4,45.2,45.2,50.0,60.0,85.0,41.46146579980509,13.837928053712723,13.525166121548965,14.098371624543406,76.04269542092851,1.152354391637362,53.32364806964534,53.266666666666666,53.266666666666666,44.90287047494153,43.70568794773326,43.455625300155134,44.02022216142133,0.43684134999999996,0.44515993071031984,27.95828129047813,28.142637542288334,19.174315420442245,27.82507355113666,22.95795105328707,23.119903625631576,23.02952308064588,22.903823963593307,18.6562102635466,22.930306447350034,22.83949287912835,22.713142471565902,1.0,0.0,0.4166666666666667,0.25,0.0,19.174315420442245,22.930306447350034,27.82507355113666,12.863197388299943,20.997893663392208,26.315095805400528,1.1371351798565668e-16,3.922702172717228e-16,0.0,3.743713117501621e-15,4.00597791226492e-14,converged
2025-01-16T04:20:00+08:00,20.333333333333332,-8.0,1.25,3.0,53.4,53.4,45.2,45.2,50.0,60.0,85.0,41.46146579980509,13.837928053712723,13.525166121548965,14.098371624543406,76.04269542092851,1.152354391637362,53.4,53.266666666666666,53.266666666666666,44.95522811000053,43.70470921138064,43.45454081978868,44.03700869307424,0.436667525,0.44557774167488595,27.956821485489584,28.14068762701377,19.17001645756253,27.824198350527695,22.954789795065913,23.116299033713243,23.026420710096268,22.901296651847087,18.651451454443375,22.92667677430228,22.83636611744091,22.710591353892696,1.0,0.0,0.4166666666666667,0.25,0.0,19.17001645756253,22.92667677430228,27.824198350527695,12.863197388299943,20.997893663392208,26.315095805400528,1.1371351798565668e-16,5.225365225351709e-16,0.0,3.885885167515463e-15,3.148874987919663e-14,converged
2025-01-16T04:25:00+08:00,20.416666666666668,-8.0,1.6666666666666607,3.0,53.4,53.4,45.2,45.2,50.0,60.0,85.0,41.46146579980509,13.837928053712723,13.525166121548965,14.098371624543406,76.04269542092851,1.152354391637362,53.4,53.373389502309536,53.266666666666666,44.954579944507714,43.776775019169065,43.4534672834668,44.05993594907472,0.4364937,0.44614884665404897,27.955387380757564,28.13877018925581,19.16575835950596,27.823341123450145,22.95186915324357,23.11293070283022,23.02353720919477,22.898971027681103,18.646737286165184,22.923087374441273,22.83327203180885,22.70806459500381,1.0,0.0,0.4166666666666667,0.25,0.0,19.16575835950596,22.923087374441273,27.823341123450145,12.863197388299943,20.997893663392208,26.315095805400528,1.1371351798565668e-16,3.9140072657367577e-16,0.0,6.1086408611703505e-15,3.128995048804288e-14,converged
2025-01-16T04:30:00+08:00,20.5,-8.0,2.0833333333333393,3.0,53.4,53.4,45.2,45.2,50.0,60.0,85.0,41.46146579980509,13.837928053712723,13.525166121548965,14.098371624543406,76.04269542092851,1.152354391637362,53.4,53.4,53.36493077852266,44.953940648883666,43.79409525666913,43.519918889258946,44.08796853243104,0.436319875,0.44682442448374704,27.95397888998244,28.136885125687975,19.161540939356815,27.82250181815973,22.949032750364818,23.109650495278977,23.020731904845597,22.896713171553245,18.642266290979272,22.919716108714816,22.83037963001845,22.70572319411178,1.0,0.0,0.4166666666666667,0.25,0.0,19.161540939356815,22.919716108714816,27.82250181815973,12.863197388299943,20.997893663392208,26.315095805400528,1.1371351798565668e-16,3.908089468075934e-16,0.0,2.3263503808117717e-15,4.147432513793175e-14,converged
2025-01-16T04:35:00+08:00,20.583333333333332,-8.0,2.5,3.0,53.4,53.4,45.2,45.2,50.0,60.0,85.0,41.46146579980509,13.837928053712723,13.525166121548965,14.098371624543406,76.04269542092851,1.152354391637362,53.4,53.4,53.4,44.953310190587565,43.793222449795394,43.543026727061616,44.09533088164835,0.43614605,0.44704362693072164,27.952595927154366,28.135032333312523,19.157364011054316,27.82168038306113,22.946228766684644,23.10640929405293,23.01795816437843,22.89447870103379,18.63790924903138,22.916447527953558,22.82757929367276,22.70346280803816,1.0,0.0,0.4166666666666667,0.25,0.0,19.157364011054316,22.916447527953558,27.82168038306113,12.863197388299943,20.997893663392208,26.315095805400528,1.1371351798565668e-16,7.812346367146111e-16,0.0,0.0,2.8795805548990025e-14,converged
2025-01-16T04:40:00+08:00,20.666666666666668,-8.0,2.9166666666666607,3.0,53.4,53.4,45.2,45.2,50.0,60.0,85.0,41.46146579980509,13.837928053712723,13.525166121548965,14.098371624543406,76.04269542092851,1.152354391637362,53.4,53.4,53.4,44.952688537202114,43.79235952820943,43.54205991133629,44.09451315657867,0.435972225,0.4470829146019255,27.951238406552317,28.133211709459392,19.15322738938873,27.82087676670756,22.943457069291785,23.10320694763542,23.01521587130516,22.892267533919533,18.633594833524512,22.913217826794313,22.824810436463896,22.70122576538516,1.0,0.0,0.4166666666666667,0.25,0.0,19.15322738938873,22.913217826794313,27.82087676670756,12.863197388299943,20.997893663392208,26.315095805400528,1.1371351798565668e-16,5.207773235109594e-16,0.0,2.603886617554797e-16,2.7361934451136256e-14,converged
2025-01-16T04:45:00+08:00,20.75,-8.0,3.3333333333333393,3.0,53.4,53.4,45.2,45.2,50.0,60.0,85.0,41.46146579980509,13.837928053712723,13.525166121548965,14.098371624543406,76.04269542092851,1.152354391637362,53.4,53.4,53.4,44.952075656433095,43.79150645411681,43.5411035667471,44.09370513231862,0.43579840000000003,0.4471217361968974,27.949906242743104,28.13142315178516,19.149130889997473,27.820090917800357,22.940717525819874,23.100043305098342,23.012504909567575,22.890079588296214,18.629322830737813,22.910026855186743,22.822072942965885,22.699011984627205,1.0,0.0,0.4166666666666667,0.25,0.0,19.149130889997473,22.910026855186743,27.820090917800357,12.863197388299943,20.997893663392208,26.315095805400528,1.1371351798565668e-16,1.041464213456797e-15,0.0,2.603660533641992e-16,2.7825877123044515e-14,converged
2025-01-16T04:50:00+08:00,20.833333333333332,-8.0,3.75,3.0,53.4,53.4,45.2,45.2,50.0,60.0,85.0,41.46146579980509,13.837928053712723,13.525166121548965,14.098371624543406,76.04269542092851,1.152354391637362,53.4,53.4,53.4,44.95147151610884,43.79066318986807,43.54015765083917,44.09290677141297,0.435624575,0.44716009351517727,27.948599350580427,28.129666558272014,19.145074329361236,27.819322785188536,22.938010004445218,23.096918216099848,23.009825163535794,22.887914782537518,18.625093028021976,22.90687446365961,22.81936669817599,22.696821384523435,1.0,0.0,0.4166666666666667,0.25,0.0,19.145074329361236,22.90687446365961,27.819322785188536,12.863197388299943,20.997893663392208,26.315095805400528,1.1371351798565668e-16,9.11203017226407e-16,0.0,1.301718596037724e-16,2.901642744741233e-14,converged
2025-01-16T04:55:00+08:00,20.916666666666668,-8.0,4.166666666666661,3.0,53.4,53.4,45.2,45.2,50.0,60.0,85.0,41.46146579980509,13.837928053712723,13.525166121548965,14.098371624543406,76.04269542092851,1.152354391637362,53.4,53.4,53.4,44.950876084179754,43.78982969795811,43.539222121333566,44.09211803655414,0.43545075,0.447197988349211,27.947317645203892,28.127941827226707,19.14105752480013,27.818572317868373,22.935334373884572,23.093831530882092,23.007176518006666,22.885773035304055,18.620905213793886,22.90376050331853,22.816691587513162,22.694653884116725,1.0,0.0,0.4166666666666667,0.25,0.0,19.14105752480013,22.90376050331853,27.818572317868373,12.863197388299943,20.997893663392208,26.315095805400528,1.1371351798565668e-16,6.508041452549403e-16,0.0,1.3016082905098808e-16,3.7065739295727984e-14,converged
2025-01-16T05:00:00+08:00,21.0,-8.0,4.583333333333339,3.0,53.4,53.4,45.2,45.2,50.0,60.0,85.0,41.46146579980509,13.837928053712723,13.525166121548965,14.098371624543406,76.04269542092851,1.152354391637362,53.4,53.4,53.4,44.95028932871789,43.789005941025664,43.53829693612645,44.09133889058162,0.435276925,0.4472354224843787,27.946061042038068,28.12624885727952,19.137080294469836,27.817839464982974,22.932690503392926,23.09078310026894,23.004558858202206,22.883654265542354,18.616759177531257,22.90068482584377,22.81404749681649,22.69250940273269,1.0,0.0,0.4166666666666667,0.25,0.0,19.137080294469836,22.90068482584377,27.817839464982974,12.863197388299943,20.997893663392208,26.315095805400528,1.1371351798565668e-16,2.6029986887051875e-16,0.0,5.205997377410375e-16,3.0178611141014776e-14,converged
2025-01-16T05:05:00+08:00,21.083333333333332,-8.0,5.0,3.0,53.4,53.4,45.2,45.2,50.0,60.0,85.0,41.46146579980509,13.837928053712723,13.525166121548965,14.098371624543406,76.04269542092851,1.152354391637362,53.4,53.4,53.4,44.94971121791642,43.78819188185275,43.5373820532884,44.09056929648135,0.43510309999999996,0.44727239769902327,27.944829456791513,28.12458754738325,19.133142457357803,27.817124175821867,22.93007826276129,23.087772775663726,23.001972069768023,22.88155839248385,18.61265470976733,22.897647283488006,22.81143431234366,22.69038785997869,1.0,0.0,0.4166666666666667,0.25,0.0,19.133142457357803,22.897647283488006,27.817124175821867,12.863197388299943,20.997893663392208,26.315095805400528,1.1371351798565668e-16,5.205567006854402e-16,0.0,2.602783503427201e-16,3.00053367398209e-14,converged
2025-01-16T05:10:00+08:00,21.166666666666668,-8.0,5.416666666666661,3.0,53.4,53.4,45.2,45.2,50.0,60.0,85.0,41.46146579980509,13.837928053712723,13.525166121548965,14.098371624543406,76.04269542092851,1.152354391637362,53.4,53.4,53.4,44.94914172008918,43.78738748336412,43.53647743106365,44.089809217385174,0.434929275,0.4473089157644788,27.943622805455842,28.122957796812166,19.129243833279418,27.816426399820564,22.927497522314496,23.08480040904699,22.999416038771756,22.8794853356439,18.608591602085568,22.894647729074126,22.808851920769428,22.688289175742856,1.0,0.0,0.3333333333333333,0.25,0.0,19.129243833279418,22.894647729074126,27.816426399820564,12.863197388299943,20.997893663392208,26.315095805400528,1.1371351798565668e-16,9.108998547411206e-16,0.0,2.602571013546058e-16,2.8136377519325864e-14,converged
2025-01-16T05:15:00+08:00,21.25,-8.0,5.833333333333339,3.0,53.4,53.4,45.2,45.2,50.0,60.0,85.0,41.46146579980509,13.837928053712723,13.525166121548965,14.098371624543406,76.04269542092851,1.152354391637362,53.4,53.4,53.4,44.94858080367018,43.78659270862669,43.535583027869386,44.08905861657024,0.43475545,0.44734497844509885,27.942441004304754,28.121359505160996,19.125384242874244,27.81574608656015,22.924948152909028,23.081865852974246,22.996890651701516,22.87743501482076,18.604569647114392,22.891686015993027,22.80630020918408,22.686213270193104,1.0,0.0,0.3333333333333333,0.25,0.0,19.125384242874244,22.891686015993027,27.81574608656015,12.863197388299943,20.997893663392208,26.315095805400528,1.1371351798565668e-16,5.204722414972724e-16,0.0,1.3011806037431811e-15,3.4672055266843745e-14,converged
2025-01-16T05:20:00+08:00,21.333333333333332,-8.0,6.25,3.0,53.4,53.4,45.2,45.2,50.0,60.0,85.0,41.46146579980509,13.837928053712723,13.525166121548965,14.098371624543406,76.04269542092851,1.152354391637362,53.4,53.4,53.4,44.94802843721315,43.78580752084903,43.53469880229495,44.08831745745835,0.434581625,0.44738058749828413,27.941283969893096,28.119792572343908,19.121563507602232,27.815083185766863,22.922430025930815,23.07896896057374,22.99439579546434,22.875407350094623,18.60058863852195,22.888761998201424,22.803779065091913,22.684160063776158,1.0,0.0,0.3333333333333333,0.25,0.0,19.121563507602232,22.888761998201424,27.815083185766863,12.863197388299943,20.997893663392208,26.315095805400528,1.1371351798565668e-16,7.806462221209899e-16,0.0,0.0,3.030120867277e-14,converged
2025-01-16T05:25:00+08:00,21.416666666666668,-8.0,6.666666666666661,3.0,53.4,53.4,45.2,45.2,50.0,60.0,85.0,41.46146579980509,13.837928053712723,13.525166121548965,14.098371624543406,76.04269542092851,1.152354391637362,53.4,53.4,53.4,44.947484589391074,43.78503188338079,43.53382471310117,44.0875857036155,0.4344078,0.4474157446745111,27.940151619055925,28.118256898593483,19.117781449739976,27.814437647311674,22.919943013293082,23.076109585544227,22.99193135738463,22.87340226182659,18.596648371010893,22.885875530219668,22.801288376409715,22.682129477216577,1.0,0.0,0.3333333333333333,0.25,0.0,19.117781449739976,22.885875530219668,27.814437647311674,12.863197388299943,20.997893663392208,26.315095805400528,1.1371351798565668e-16,7.805848802546637e-16,0.0,0.0,3.0527359582474255e-14,converged
2025-01-16T05:30:00+08:00,21.5,-8.0,7.083333333333339,3.0,53.4,53.4,45.2,45.2,50.0,60.0,85.0,41.46146579980509,13.837928053712723,13.525166121548965,14.098371624543406,76.04269542092851,1.152354391637362,53.4,53.4,53.4,44.946949228995706,43.78426575971214,43.53296071921961,44.086863318751206,0.434233975,0.44745045171735937,27.93904386890755,28.116752384459716,19.11403789237698,27.81380942120987,22.91748698743418,23.07328758215276,22.989497225202637,22.871419670657716,18.5927486403132,22.88302646712956,22.798828031465263,22.680121431515786,1.0,0.0,0.3333333333333333,0.25,0.0,19.11403789237698,22.88302646712956,27.81380942120987,12.863197388299943,20.997893663392208,26.315095805400528,1.1371351798565668e-16,2.601747777438177e-16,0.0,1.0406991109752708e-15,2.498488461841637e-14,converged
2025-01-16T05:35:00+08:00,21.583333333333332,-8.0,7.5,3.0,53.4,53.4,45.2,45.2,50.0,60.0,85.0,41.46146579980509,13.837928053712723,13.525166121548965,14.098371624543406,76.04269542092851,1.152354391637362,53.4,53.4,53.4,44.94642232493709,43.783509113473286,43.53210677975185,44.08615026671792,0.43406015000000003,0.44748471036353965,27.937960636840614,28.115278930808998,19.110332659411938,27.813198457620643,22.91506182131543,23.070502805232472,22.987093287072902,22.869459497508007,18.588889243185008,22.880214664572204,22.7963979189958,22.678135847951108,1.0,0.0,0.3333333333333333,0.25,0.0,19.110332659411938,22.880214664572204,27.813198457620643,12.863197388299943,20.997893663392208,26.315095805400528,1.1371351798565668e-16,3.902322888273374e-16,0.0,1.1706968664820121e-15,3.131393265884129e-14,converged
2025-01-16T05:40:00+08:00,21.666666666666668,-8.0,7.916666666666661,3.0,53.4,53.4,45.2,45.2,50.0,60.0,85.0,41.46146579980509,13.837928053712723,13.525166121548965,14.098371624543406,76.04269542092851,1.152354391637362,53.4,53.4,53.4,44.945903846243155,43.782761908433876,43.53126285396875,44.08544651151053,0.433886325,0.4475185223429213,27.93690184052514,28.113836438823114,19.106665575549023,27.81260470684667,22.912667388418985,23.067755110180396,22.98471943156274,22.867521663575445,18.58506997740148,22.87743997874583,22.793997928146545,22.676172648074804,1.0,0.0,0.3333333333333333,0.25,0.0,19.106665575549023,22.87743997874583,27.81260470684667,12.863197388299943,20.997893663392208,26.315095805400528,1.1371351798565668e-16,3.902028050731571e-16,0.0,1.1706084152194714e-15,3.056674138996623e-14,converged
2025-01-16T05:45:00+08:00,21.75,-8.0,8.33333333333334,3.0,53.4,53.4,45.2,45.2,50.0,60.0,85.0,41.46146579980509,13.837928053712723,13.525166121548965,14.098371624543406,76.04269542092851,1.152354391637362,53.4,53.4,53.4,44.94539376205918,43.782024108502505,43.53042890130975,44.08475201726573,0.4337125,0.44755188937856005,27.93586739790762,28.112424809998235,19.10303646629422,27.812028119333704,22.91030356274569,23.06504435295525,22.98237554765072,22.865606090335014,18.5812906417517,22.87470226640365,22.79162794846919,22.6742317537131,1.0,0.0,0.3333333333333333,0.25,0.0,19.10303646629422,22.87470226640365,27.812028119333704,12.863197388299943,20.997893663392208,26.315095805400528,1.1371351798565668e-16,2.6011580911563386e-16,0.0,1.0404632364625355e-15,3.380990642326266e-14,converged
2025-01-16T05:50:00+08:00,21.833333333333332,-8.0,8.75,3.0,53.4,53.4,45.2,45.2,50.0,60.0,85.0,41.46146579980509,13.837928053712723,13.525166121548965,14.098371624543406,76.04269542092851,1.152354391637362,53.4,53.4,53.4,44.94489204164741,43.781295677726156,43.529604881382184,44.08406674826145,0.433538675,0.44758481318672527,27.934857227210067,28.111043946143916,19.099445157951646,27.811468645670157,22.90797021881296,23.062370390075277,22.980061524725127,22.863712699537718,18.577551036033576,22.872001384851714,22.789287869920415,22.672313086965254,1.0,0.0,0.3333333333333333,0.25,0.0,19.099445157951646,22.872001384851714,27.811468645670157,12.863197388299943,20.997893663392208,26.315095805400528,1.1371351798565668e-16,5.201933506102594e-16,0.0,2.600966753051297e-16,3.032976962717344e-14,converged
2025-01-16T05:55:00+08:00,21.916666666666668,-8.0,9.16666666666666,3.0,53.4,53.4,45.2,45.2,50.0,60.0,85.0,41.46146579980509,13.837928053712723,13.525166121548965,14.098371624543406,76.04269542092851,1.152354391637362,53.4,53.4,53.4,44.94439865438651,43.780576580289676,43.528790753960486,44.08339066891634,0.43336484999999997,0.4476172954769271,27.9338712469291,28.109693749382107,19.0958914776199,27.810926236586695,22.905667231652657,23.059733078616055,22.977777252582477,22.861841413209614,18.573850961048795,22.869337191946787,22.7869775828604,22.67041657020257,1.0,0.0,0.3333333333333333,0.25,0.0,19.0958914776199,22.869337191946787,27.810926236586695,12.863197388299943,20.997893663392208,26.315095805400528,1.1371351798565668e-16,1.300389004215048e-16,0.0,7.802334025290287e-16,3.1152632054482885e-14,converged
2025-01-16T06:00:00+08:00,22.0,-8.0,9.58333333333334,3.0,53.4,53.4,45.2,45.2,50.0,60.0,85.0,41.46146579980509,13.837928053712723,13.525166121548965,14.098371624543406,76.04269542092851,1.152354391637362,53.4,53.4,53.4,44.9439135697712,43.779866780515235,43.52798647898559,44.0827237437891,0.433191025,0.4476493379519441,27.932909375835024,28.108374122146152,19.092375253188443,27.81040084295583,22.903394476808987,23.057132276208346,22.975522621426,22.859992153650854,18.57019021859779,22.866709546094214,22.784696978051343,22.66854212606748,1.0,0.0,0.3333333333333333,0.25,0.0,19.092375253188443,22.866709546094214,27.81040084295583,12.863197388299943,20.997893663392208,26.315095805400528,1.1371351798565668e-16,7.801775538832509e-16,0.0,0.0,3.085917811706771e-14,converged
2025-01-16T06:05:00+08:00,22.083333333333332,-8.0,10.0,3.0,53.4,53.4,45.2,45.2,50.0,60.0,85.0,41.46146579980509,13.837928053712723,13.525166121548965,14.098371624543406,76.04269542092851,1.152354391637362,53.4,53.4,53.4,44.94343675741172,43.77916624286182,43.527192016564115,44.082065937578065,0.4330172,0.44768094230784994,27.931971532970906,28.107084967179805,19.088896313333958,27.809892415791502,22.901151830336396,23.05456784103593,22.97329752186412,22.85816484343471,18.56656861147473,22.8641183062458,22.782445946656,22.666689677472576,1.0,0.0,0.3333333333333333,0.25,0.0,19.088896313333958,22.8641183062458,27.809892415791502,12.863197388299943,20.997893663392208,26.315095805400528,1.1371351798565668e-16,1.300204127819241e-16,0.0,6.501020639096206e-16,2.0134047528567123e-14,converged
2025-01-16T06:10:00+08:00,22.166666666666668,-8.0,10.41666666666666,3.0,53.4,53.4,45.2,45.2,50.0,60.0,85.0,41.46146579980509,13.837928053712723,13.525166121548965,14.098371624543406,76.04269542092851,1.152354391637362,53.4,53.4,53.4,44.942968187033415,43.77847493192469,43.52640732696777,44.08141721512048,0.432843375,0.44771211023404045,27.93105763765166,28.105826187536238,19.085454487516763,27.809400906248683,22.898939168797476,23.05203963183346,22.97110184490899,22.856359405406618,18.56298594346253,22.86156333189771,22.780224380236195,22.664859147599678,1.0,0.0,0.3333333333333333,0.25,0.0,19.085454487516763,22.86156333189771,27.809400906248683,12.863197388299943,20.997893663392208,26.315095805400528,1.1371351798565668e-16,5.200454451235593e-16,0.0,2.6002272256177963e-16,3.104309557975432e-14,converged
2025-01-16T06:15:00+08:00,22.25,-8.0,10.83333333333334,3.0,53.4,53.4,45.2,45.2,50.0,60.0,85.0,41.46146579980509,13.837928053712723,13.525166121548965,14.098371624543406,76.04269542092851,1.152354391637362,53.4,53.4,53.4,44.94250782847631,43.77779281243487,43.52563237063257,44.08077754139209,0.43266955,0.4477428434132606,27.930167609463133,28.10459768657705,19.082049605977232,27.80892626562296,22.896756369260885,23.04954750788432,22.968935481974988,22.854575762683222,18.5594420193279,22.859044483088358,22.77803217075137,22.663050459898887,1.0,0.0,0.3333333333333333,0.25,0.0,19.082049605977232,22.859044483088358,27.80892626562296,12.863197388299943,20.997893663392208,26.315095805400528,1.1371351798565668e-16,6.500121863449029e-16,0.0,1.4300268099587864e-15,2.4812166058207785e-14,converged
2025-01-16T06:20:00+08:00,22.333333333333332,-8.0,11.25,3.0,53.4,53.4,45.2,45.2,50.0,60.0,85.0,41.46146579980509,13.837928053712723,13.525166121548965,14.098371624543406,76.04269542092851,1.152354391637362,53.4,53.4,53.4,44.94205565169463,43.777119849258575,43.52486710815817,44.08014688150644,0.432495725,0.4477731435216311,27.929301368261203,28.103399367971306,19.078681499732213,27.80846844535014,22.89460330929927,23.047091329018496,22.966798324877225,22.85281383865142,18.55593664481642,22.856561620396327,22.775869210557126,22.66126353808765,1.0,0.0,0.3333333333333333,0.25,0.0,19.078681499732213,22.856561620396327,27.80846844535014,12.863197388299943,20.997893663392208,26.315095805400528,1.1371351798565668e-16,1.2999364020735535e-16,0.0,6.499682010367767e-16,3.145582579061119e-14,converged
2025-01-16T06:25:00+08:00,22.416666666666668,-8.0,11.66666666666666,3.0,53.4,53.4,45.2,45.2,50.0,60.0,85.0,41.46146579980509,13.837928053712723,13.525166121548965,14.098371624543406,76.04269542092851,1.152354391637362,53.4,53.4,53.4,44.941611626756305,43.77645600739679,43.524111500307214,44.07952520071446,0.43232190000000004,0.44780301222867513,27.92845883417086,28.10223113569453,19.075350000571483,27.80802739700584,22.892479866987205,23.044670955610457,22.96469026583008,22.851073556967417,18.55246962664762,22.854114604938275,22.77373539240377,22.65949830614982,1.0,0.0,0.3333333333333333,0.25,0.0,19.075350000571483,22.854114604938275,27.80802739700584,12.863197388299943,20.997893663392208,26.315095805400528,1.1371351798565668e-16,6.499248478005221e-16,0.0,1.2998496956010442e-16,2.6304757928144185e-14,converged
2025-01-16T06:30:00+08:00,22.5,-8.0,12.08333333333334,3.0,53.4,53.4,45.2,45.2,50.0,60.0,85.0,41.46146579980509,13.837928053712723,13.525166121548965,14.098371624543406,76.04269542092851,1.152354391637362,53.4,53.4,53.4,44.94117572384265,43.77580125198464,43.52336550800458,44.07891246440383,0.432148075,0.4478324511973449,27.927639927585314,28.101092894027758,19.072054941054216,27.807603072305092,22.890385920899128,23.042286248577028,22.962611197445717,22.849354841555773,18.549040772510104,22.851703298366857,22.771630609434855,22.657754688334748,1.0,0.0,0.3333333333333333,0.25,0.0,19.072054941054216,22.851703298366857,27.807603072305092,12.863197388299943,20.997893663392208,26.315095805400528,1.1371351798565668e-16,2.5995284958846013e-16,0.0,5.199056991769203e-16,3.0953020020431216e-14,converged
2025-01-16T06:35:00+08:00,22.583333333333332,-8.0,12.5,3.0,53.4,53.4,45.2,45.2,50.0,60.0,85.0,41.46146579980509,13.837928053712723,13.525166121548965,14.098371624543406,76.04269542092851,1.152354391637362,53.4,53.4,53.4,44.940747913247776,43.77515554829097,43.52262909233672,44.07830863809843,0.43197425,0.44786146208404787,27.92684456916508,28.09998454755655,19.06879615450546,27.807195423101927,22.888321350107294,23.039937069375295,22.960561012732622,22.84765761660846,18.54564989105668,22.849327562868666,22.769554755185766,22.656032609156323,1.0,0.0,0.3333333333333333,0.25,0.0,19.06879615450546,22.849327562868666,27.807195423101927,12.863197388299943,20.997893663392208,26.315095805400528,1.1371351798565668e-16,5.198720215185103e-16,0.0,1.2996800537962759e-16,2.5972416318381216e-14,converged
2025-01-16T06:40:00+08:00,22.666666666666668,-8.0,12.91666666666666,3.0,53.4,53.4,45.2,45.2,50.0,60.0,85.0,41.46146579980509,13.837928053712723,13.525166121548965,14.098371624543406,76.04269542092851,1.152354391637362,53.4,53.4,53.4,44.940328165378276,43.77451886171776,43.521902214550984,44.07771368745783,0.431800425,0.44789004653867326,27.9260726798371,28.098906001170022,19.06557347501263,27.80680440138899,22.886286034179733,23.0376232800005,22.95853960509414,22.845981806583925,18.542296791899545,22.846987261162162,22.767507723582256,22.654331993392077,1.0,0.0,0.3333333333333333,0.25,0.0,19.06557347501263,22.846987261162162,27.80680440138899,12.863197388299943,20.997893663392208,26.315095805400528,1.1371351798565668e-16,3.8987913236719876e-16,0.0,3.8987913236719876e-16,3.4722121666132885e-14,converged
2025-01-16T06:45:00+08:00,22.75,-8.0,13.33333333333334,3.0,53.4,53.4,45.2,45.2,50.0,60.0,85.0,41.46146579980509,13.837928053712723,13.525166121548965,14.098371624543406,76.04269542092851,1.152354391637362,53.4,53.4,53.4,44.93991645075269,43.77389115779964,43.52118483605494,44.07712757827671,0.43162659999999997,0.44791820620461836,27.925324180793833,28.097857160059885,19.06238673742203,27.80642995929714,22.88427985317822,23.035344742983952,22.95654686832701,22.844327336206156,18.538981285605463,22.844682256495627,22.765489408939025,22.652652766082245,1.0,0.0,0.3333333333333333,0.25,0.0,19.06238673742203,22.844682256495627,27.80642995929714,12.863197388299943,20.997893663392208,26.315095805400528,1.1371351798565668e-16,1.1695638644835356e-15,0.0,3.8985462149451175e-16,3.2801153706312244e-14,converged
2025-01-16T06:50:00+08:00,22.833333333333332,-8.0,13.75,3.0,53.4,53.4,45.2,45.2,50.0,60.0,85.0,41.46146579980509,13.837928053712723,13.525166121548965,14.098371624543406,76.04269542092851,1.152354391637362,53.4,53.4,53.4,44.93951274000113,43.77327240220341,43.520476918415696,44.07655027648436,0.431452775,0.44794594271881416,27.924598993492367,28.09683792971948,19.059235777335378,27.806072049095036,22.88230268765625,23.033101321390948,22.95458269661993,22.842694130463745,18.535703183690973,22.84241241264511,22.7634997059583,22.650994852528857,1.0,0.0,0.3333333333333333,0.25,0.0,19.059235777335378,22.842694130463745,27.806072049095036,12.863197388299943,20.997893663392208,26.315095805400528,1.1371351798565668e-16,2.5988698797080374e-16,0.0,5.197739759416075e-16,3.010199966305682e-14,converged
2025-01-16T06:55:00+08:00,22.916666666666668,-8.0,14.16666666666666,3.0,53.4,53.4,45.2,45.2,50.0,60.0,85.0,41.46146579980509,13.837928053712723,13.525166121548965,14.098371624543406,76.04269542092851,1.152354391637362,53.4,53.4,53.4,44.9391170038648,43.77266256072749,43.519778423359185,44.075981748144066,0.43127895,0.4479732577117519,27.923897039653532,28.095848215942823,19.056120431106343,27.805730623188758,22.88035441865702,23.030892878818694,22.952646984552093,22.841082114608955,18.53246229861764,22.840177593912408,22.761538509728403,22.649358178294825,1.0,0.0,0.3333333333333333,0.25,0.0,19.056120431106343,22.841082114608955,27.805730623188758,12.863197388299943,20.997893663392208,26.315095805400528,1.1371351798565668e-16,9.095489951242751e-16,0.0,1.2993557073203928e-16,3.6217643358564864e-14,converged
2025-01-16T07:00:00+08:00,23.0,-8.0,14.58333333333334,3.0,53.4,53.4,45.2,45.2,50.0,60.0,85.0,41.46146579980509,13.837928053712723,13.525166121548965,14.098371624543406,76.04269542092851,1.152354391637362,53.4,53.4,53.4,44.93872921319557,43.7720615993014,43.51908931276957,44.07542195945267,0.431105125,0.44800015280750854,27.923218241261015,28.094887924823638,19.05304053583712,27.805405634121406,22.878434927711425,23.02871927939424,22.95073962709175,22.839491214156798,18.52925844378731,22.837977665123017,22.759605715722344,22.647742669203023,1.0,0.0,0.3333333333333333,0.25,0.0,19.05304053583712,22.839491214156798,27.805405634121406,12.863197388299943,20.997893663392208,26.315095805400528,1.1371351798565668e-16,2.598555404443239e-16,0.0,9.094943915551337e-16,2.976605082480293e-14,converged
2025-01-16T07:05:00+08:00,23.083333333333332,-8.0,15.0,3.0,53.4,53.4,45.2,45.2,50.0,60.0,85.0,41.46146579980509,13.837928053712723,13.525166121548965,14.098371624543406,76.04269542092851,1.152354391637362,53.4,53.4,53.4,44.93834933895559,43.77146948398532,43.51840954868851,44.074870876739915,0.43093129999999996,0.4480266296237726,27.922562520560476,28.093956962754415,19.049995929374994,27.805097034572704,22.87654409683605,23.026580387772427,22.948860519594785,22.83792135488411,18.526091433537395,22.83581249162412,22.757701219796406,22.646148251335386,1.0,0.0,0.3333333333333333,0.25,0.0,19.049995929374994,22.83792135488411,27.805097034572704,12.863197388299943,20.997893663392208,26.315095805400528,1.1371351798565668e-16,7.795205516557831e-16,0.0,0.0,2.826753526937113e-14,converged
2025-01-16T07:10:00+08:00,23.166666666666668,-8.0,15.41666666666666,3.0,53.4,53.4,45.2,45.2,50.0,60.0,85.0,41.46146579980509,13.837928053712723,13.525166121548965,14.098371624543406,76.04269542092851,1.152354391637362,53.4,53.4,53.4,44.93797735221678,43.770886180969526,43.5177390933145,44.07432846646804,0.430757475,0.44805268977187007,27.921929800058667,28.09305523642545,19.04698645030894,27.8048047773586,22.87468180853119,23.024476069133822,22.94700955780327,22.836372462828628,18.522961083136185,22.833681939282584,22.755824918188736,22.644574851032004,1.0,0.0,0.3333333333333333,0.25,0.0,19.04698645030894,22.836372462828628,27.8048047773586,12.863197388299943,20.997893663392208,26.315095805400528,1.1371351798565668e-16,1.0393002830645537e-15,0.0,3.8973760614920747e-16,3.5894833013520464e-14,converged
2025-01-16T07:15:00+08:00,23.25,-8.0,15.83333333333334,3.0,53.4,53.4,45.2,45.2,50.0,60.0,85.0,41.46146579980509,13.837928053712723,13.525166121548965,14.098371624543406,76.04269542092851,1.152354391637362,53.4,53.4,53.4,44.937613224160465,43.77031165657392,43.51707790900229,44.07379469523116,0.43058365000000004,0.44807833485678983,27.92132000252256,28.0921826528239,19.04401193796622,27.804528815430896,22.87284794577886,23.0224061891827,22.94518663784405,22.83484446428808,18.51986720877818,22.831585874482933,22.753976707517957,22.64302239489022,1.0,0.0,0.3333333333333333,0.25,0.0,19.04401193796622,22.83484446428808,27.804528815430896,12.863197388299943,20.997893663392208,26.315095805400528,1.1371351798565668e-16,2.5981020007169566e-16,0.0,5.196204001433913e-16,2.728346636816196e-14,converged
2025-01-16T07:20:00+08:00,23.333333333333332,-8.0,16.25,3.0,53.4,53.4,45.2,45.2,50.0,60.0,85.0,41.46146579980509,13.837928053712723,13.525166121548965,14.098371624543406,76.04269542092851,1.152354391637362,53.4,53.4,53.4,44.93725692607691,43.76974587724752,43.51642595826207,44.07326952975473,0.430409825,0.448103566477209,27.920733050978466,28.09133911923285,19.041072232409025,27.804269101876823,22.871042392040827,23.020370614144984,22.943391656227316,22.83333728581926,18.51680962757945,22.829524164125367,22.752156484781757,22.641490809763734,1.0,0.0,0.3333333333333333,0.25,0.0,19.041072232409025,22.83333728581926,27.804269101876823,12.863197388299943,20.997893663392208,26.315095805400528,1.1371351798565668e-16,2.597955707921281e-16,0.0,5.195911415842562e-16,2.7563364309361464e-14,converged
2025-01-16T07:25:00+08:00,23.416666666666668,-8.0,16.66666666666666,3.0,53.4,53.4,45.2,45.2,50.0,60.0,85.0,41.46146579980509,13.837928053712723,13.525166121548965,14.098371624543406,76.04269542092851,1.152354391637362,53.4,53.4,53.4,44.93690842936492,43.769188809567986,43.515783203758964,44.0727529368951,0.430236,0.4481283862255182,27.920168868711173,28.090524543230348,19.03816717443109,27.804025589918684,22.869265031256628,23.018369210766238,22.941624509845198,22.83185085423713,18.513788157572996,22.82749667562376,22.750364147355512,22.6399800227617,1.0,0.0,0.3333333333333333,0.25,0.0,19.03816717443109,22.83185085423713,27.804025589918684,12.863197388299943,20.997893663392208,26.315095805400528,1.1371351798565668e-16,0.0,0.0,7.793435457691544e-16,3.071829820051032e-14,converged
2025-01-16T07:30:00+08:00,23.5,-8.0,17.08333333333334,3.0,53.4,53.4,45.2,45.2,50.0,60.0,85.0,41.46146579980509,13.837928053712723,13.525166121548965,14.098371624543406,76.04269542092851,1.152354391637362,53.4,53.4,53.4,44.93656770553138,43.76864042024109,43.51514960831229,44.07224488363889,0.430062175,0.44815279568784744,27.919627379263066,28.089738832688493,19.035296605554368,27.803798232913447,22.86751574784163,23.016401846309638,22.939885095970347,22.8303850966139,18.510802617704183,22.82550327690369,22.7485995929909,22.63848996124785,1.0,0.0,0.3333333333333333,0.25,0.0,19.035296605554368,22.8303850966139,27.803798232913447,12.863197388299943,20.997893663392208,26.315095805400528,1.1371351798565668e-16,0.0,0.0,6.494175811636672e-16,2.531923760142763e-14,converged
2025-01-16T07:35:00+08:00,23.583333333333332,-8.0,17.5,3.0,53.4,53.4,45.2,45.2,50.0,60.0,85.0,41.46146579980509,13.837928053712723,13.525166121548965,14.098371624543406,76.04269542092851,1.152354391637362,53.4,53.4,53.4,44.9362347261909,43.76810067610025,43.51452513489497,44.07174533710254,0.42988835,0.44817679644409036,27.91910850643328,28.088981895772477,19.03246036802569,27.80358698435236,22.865794426685063,23.014468388553965,22.938173312254534,22.828939940278133,18.50785282782614,22.82354383640045,22.74686271981451,22.637020552839576,1.0,0.0,0.3333333333333333,0.25,0.0,19.03246036802569,22.828939940278133,27.80358698435236,12.863197388299943,20.997893663392208,26.315095805400528,1.1371351798565668e-16,3.8962968213858943e-16,0.0,1.1688890464157682e-15,3.11668081669579e-14,converged
2025-01-16T07:40:00+08:00,23.666666666666668,-8.0,17.91666666666666,3.0,53.4,53.4,45.2,45.2,50.0,60.0,85.0,41.46146579980509,13.837928053712723,13.525166121548965,14.098371624543406,76.04269542092851,1.152354391637362,53.4,53.4,53.4,44.935909463065286,43.767569544106024,43.51390974663276,44.071254264531746,0.429714525,0.44820039006793,27.918612174276813,28.08825364093967,19.029658304813438,27.803391797860566,22.864100953148096,23.012568705791605,22.936489056727257,22.82751531281384,18.504938608695227,22.821618223057097,22.745153426326475,22.63557172540708,1.0,0.0,0.3333333333333333,0.25,0.0,19.029658304813438,22.82751531281384,27.803391797860566,12.863197388299943,20.997893663392208,26.315095805400528,1.1371351798565668e-16,6.493486195387443e-16,0.0,1.2986972390774884e-16,2.8111790256378986e-14,converged
2025-01-16T07:45:00+08:00,23.75,-8.0,18.33333333333334,3.0,53.4,53.4,45.2,45.2,50.0,60.0,85.0,41.46146579980509,13.837928053712723,13.525166121548965,14.098371624543406,76.04269542092851,1.152354391637362,53.4,53.4,53.4,44.93559188798325,43.76704699134564,43.51330340680377,44.07077163330098,0.4295407,0.4482235781268633,27.918138307103696,28.08755397693868,19.026890259604276,27.803212627196718,22.86243521306188,23.010702666826546,22.934832227794335,22.826111142059585,18.502059781966487,22.81972630632248,22.74347161139911,22.63414340707246,1.0,0.0,0.3333333333333333,0.25,0.0,19.026890259604276,22.826111142059585,27.803212627196718,12.863197388299943,20.997893663392208,26.315095805400528,1.1371351798565668e-16,9.090410372810596e-16,0.0,1.2986300532586563e-16,3.097470361786509e-14,converged
2025-01-16T07:50:00+08:00,23.833333333333332,-8.0,18.75,3.0,53.4,53.4,45.2,45.2,50.0,60.0,85.0,41.46146579980509,13.837928053712723,13.525166121548965,14.098371624543406,76.04269542092851,1.152354391637362,53.4,53.4,53.4,44.935281972879885,43.76653298503248,43.51270607883769,44.07029741091293,0.429366875,0.4482463621822262,27.91768682947811,28.086882812808426,19.02415607679983,27.803049426252592,22.860797092725633,23.0088701409724,22.933202724236526,22.824727356107587,18.499216170189154,22.81786795614929,22.741817174275532,22.632735526208858,1.0,0.0,0.3333333333333333,0.25,0.0,19.02415607679983,22.824727356107587,27.803049426252592,12.863197388299943,20.997893663392208,26.315095805400528,1.1371351798565668e-16,7.791384268698761e-16,0.0,0.0,2.933318699402804e-14,converged
2025-01-16T07:55:00+08:00,23.916666666666668,-8.0,19.16666666666666,3.0,53.4,53.4,45.2,45.2,50.0,60.0,85.0,41.46146579980509,13.837928053712723,13.525166121548965,14.098371624543406,76.04269542092851,1.152354391637362,53.4,53.4,53.4,44.934979689796286,43.76602749250563,43.512117726315225,44.06983156499801,0.42919304999999996,0.44826874378921827,27.91725766621755,28.08624005787722,19.02145560151344,27.80290214905271,22.859186478904725,23.007070998050416,22.931600445208144,22.82336388330283,18.496407596802168,22.81604304299212,22.740190014568313,22.631348011439552,1.0,0.0,0.3333333333333333,0.25,0.0,19.02145560151344,22.82336388330283,27.80290214905271,12.863197388299943,20.997893663392208,26.315095805400528,1.1371351798565668e-16,1.2984992087879632e-16,0.0,6.492496043939816e-16,3.220946340383607e-14,converged
2025-01-16T08:00:00+08:00,24.0,-8.0,19.58333333333334,3.0,53.4,53.4,45.2,45.2,50.0,60.0,85.0,41.46146579980509,13.837928053712723,13.525166121548965,14.098371624543406,76.04269542092851,1.152354391637362,53.4,53.4,53.4,44.93468501087917,43.76553048122935,43.5115383129674,44.069374063313845,0.429019225,0.44829072449692725,27.91685074239197,28.085625621761846,19.0187886795669,27.80277074975395,22.85760325882876,23.00530510838751,22.93002529023568,22.82202065224217,18.493633886129714,22.814251437805524,22.738590032258113,22.629980791637113,1.0,0.0,0.3333333333333333,0.25,0.0,19.0187886795669,22.82202065224217,27.80277074975395,12.863197388299943,20.997893663392208,26.315095805400528,1.1371351798565668e-16,5.193742161744539e-16,0.0,1.1685919863925213e-15,2.81489659260669e-14,converged
