timestamp,elapsed_hours,outdoor_temperature_c,solar_radiation_w_m2,wind_m_s,raw_supply_target_c,applied_supply_setpoint_c,raw_pump_target_hz,applied_pump_frequency_hz,near_valve_pct,mid_valve_pct,far_valve_pct,total_flow_m3_h,near_flow_m3_h,mid_flow_m3_h,far_flow_m3_h,pump_pressure_kpa,pump_power_kw,delivered_supply_near_c,delivered_supply_mid_c,delivered_supply_far_c,return_near_c,return_mid_c,return_far_c,station_return_c,required_heat_load_mw,actual_heat_supply_mw,B01_indoor_c,B02_indoor_c,B03_indoor_c,B04_indoor_c,B05_indoor_c,B06_indoor_c,B07_indoor_c,B08_indoor_c,B09_indoor_c,B10_indoor_c,B11_indoor_c,B12_indoor_c,compliance_rate,comfort_rate,overheating_rate,severe_overheating_rate,underheating_rate,P10_c,P50_c,P90_c,near_transport_delay_min,mid_transport_delay_min,far_transport_delay_min,hydraulic_residual,heat_balance_residual,mass_residual,pipe_heat_balance_residual,building_heat_balance_residual,solver_status
2025-01-15T08:05:00+08:00,0.08333333333333333,-6.0,20.0,3.0,51.8,51.8,44.4,44.4,50.0,60.0,85.0,40.72763454671606,13.593008973117659,13.285782650372692,13.848842923225705,73.37473962574259,1.092243998697986,51.8,51.8,51.8,43.69579100878259,42.57959109319344,42.331767892754186,42.86785853183674,0.3960234,0.42155000833690365,27.79271226673641,27.93922101242271,19.333922943077667,27.619606075076362,23.003234814890135,23.143577810460723,23.062320278611764,22.948661915723008,18.830650478942708,22.960016101833354,22.878524622337732,22.764454950030675,1.0,0.0,0.5,0.25,0.0,19.333922943077667,22.960016101833354,27.619606075076362,13.094966710610093,21.376234089757084,26.789241675764913,2.390551130416141e-13,1.3808008483526758e-16,0.0,5.5232033934107e-16,3.1869991610444956e-14,converged
2025-01-15T08:10:00+08:00,0.16666666666666666,-5.916666666666667,28.333333333333332,2.9895833333333335,51.8,51.8,44.4,44.4,50.0,60.0,85.0,40.72763454671606,13.593008973117659,13.285782650372692,13.848842923225705,73.37473962574259,1.092243998697986,51.8,51.8,51.8,43.69572880481564,42.579337157341854,42.33146245802512,42.867651075811054,0.3911793166666667,0.4215597991681022,27.79313021208967,27.939598538832872,19.332759147995098,27.620300017042688,23.00272379392023,23.142995805414202,23.061812223016787,22.948253689923064,18.82947262801407,22.959412414515224,22.8779948600582,22.764024868324633,1.0,0.0,0.5,0.25,0.0,19.332759147995098,22.959412414515224,27.620300017042688,13.094966710610093,21.376234089757084,26.789241675764913,2.390551130416141e-13,1.3807687789094989e-16,0.0,6.90384389454749e-16,3.369666558407739e-14,converged
2025-01-15T08:15:00+08:00,0.25,-5.833333333333333,36.666666666666664,2.9791666666666665,51.8,51.8,44.4,44.4,50.0,60.0,85.0,40.72763454671606,13.593008973117659,13.285782650372692,13.848842923225705,73.37473962574259,1.092243998697986,51.8,51.8,51.8,43.69584042030165,42.579270700120645,42.3313480888335,42.867627759287174,0.38633523333333336,0.42156089958516035,27.794087515691412,27.94061857961827,19.33224918541927,27.621408033385038,23.00281086385535,23.143112072860426,23.061892456468605,22.948310367378944,18.828965672392115,22.959507077322925,22.87805346112939,22.764059762042393,1.0,0.0,0.5,0.25,0.0,19.33224918541927,22.959507077322925,27.621408033385038,13.094966710610093,21.376234089757084,26.789241675764913,2.390551130416141e-13,5.523060698536987e-16,0.0,2.7615303492684923e-16,3.939054316192577e-14,converged
2025-01-15T08:20:00+08:00,0.3333333333333333,-5.75,45.0,2.96875,51.8,51.8,44.4,44.4,50.0,60.0,85.0,40.72763454671606,13.593008973117659,13.285782650372692,13.848842923225705,73.37473962574259,1.092243998697986,51.8,51.8,51.8,43.6961252337307,42.57939100689193,42.33142402061839,42.86778788173341,0.38149115,0.4215533426494817,27.795582370298444,27.942279095017536,19.332390067064924,27.622928934574773,23.003493576357574,23.143923904511375,23.062558811131098,22.948830316365054,18.829126251682467,22.960297399397625,22.878698271635084,22.764558009889885,1.0,0.0,0.5,0.25,0.0,19.332390067064924,22.960297399397625,27.622928934574773,13.094966710610093,21.376234089757084,26.789241675764913,2.390551130416141e-13,2.7615798535781804e-16,0.0,5.523159707156358e-16,3.5319051275622713e-14,converged
2025-01-15T08:25:00+08:00,0.4166666666666667,-5.666666666666667,53.33333333333333,2.9583333333333335,51.8,51.8,44.4,44.4,50.0,60.0,85.0,40.72763454671606,13.593008973117659,13.285782650372692,13.848842923225705,73.37473962574259,1.092243998697986,51.8,51.8,51.8,43.69658262589119,42.57969736575057,42.33168949194229,42.86813074533871,0.3766470666666667,0.42153716129407137,27.797612974723158,27.944578051744834,19.333178818304514,27.624861534500468,23.004769493111475,23.145428602583277,23.06380912715659,22.94981191088286,18.82995102232236,22.961780700248823,22.87992714554425,22.76551799622623,1.0,0.0,0.5,0.25,0.0,19.333178818304514,22.961780700248823,27.624861534500468,13.094966710610093,21.376234089757084,26.789241675764913,2.390551130416141e-13,2.7616858610888054e-16,0.0,5.523371722177608e-16,3.8476758962698435e-14,converged
2025-01-15T08:30:00+08:00,0.5,-5.583333333333333,61.66666666666667,2.9479166666666665,51.8,51.8,44.4,44.4,50.0,60.0,85.0,40.72763454671606,13.593008973117659,13.285782650372692,13.848842923225705,73.37473962574259,1.092243998697986,51.8,51.8,51.8,43.69721197986096,42.580189067513615,42.33214374447819,42.868655655001795,0.3718029833333333,0.4215123883240463,27.80017753381324,27.947513422969312,19.33461247810576,27.627204650458083,23.00663618578308,23.147623479755858,23.065641252656405,22.951253530640784,18.83143665749633,22.96395430971439,22.881737944682186,22.766938111044023,1.0,0.0,0.5,0.25,0.0,19.33461247810576,22.96395430971439,27.627204650458083,13.094966710610093,21.376234089757084,26.789241675764913,2.390551130416141e-13,1.3809240849338707e-16,0.0,6.904620424669349e-16,3.03963494847823e-14,converged
2025-01-15T08:35:00+08:00,0.5833333333333334,-5.5,70.0,2.9375,51.4,51.4,44.2,44.2,50.0,60.0,85.0,40.54417673343772,13.531779202966865,13.22593678257664,13.786460747894214,72.71519475005029,1.0775503315615431,51.8,51.8,51.8,43.66813736966812,42.54671608945167,42.297727705074124,42.836329975231,0.36695890000000003,0.42113241353341535,27.80323015898382,27.951041663115042,19.336658311226216,27.6299190217756,23.009045762932345,23.150462986050176,23.068012193400723,22.953114497354917,18.833537783768147,22.96676996146347,22.884085084487538,22.76877519669516,1.0,0.0,0.5,0.25,0.0,19.336658311226216,22.96676996146347,27.6299190217756,13.154219953646097,21.47295913088977,26.910459963893757,1.1891713201276387e-16,1.3821700501533312e-16,0.0,2.4792675274625376e-15,3.471000613982235e-14,converged
2025-01-15T08:40:00+08:00,0.6666666666666666,-5.416666666666667,78.33333333333334,2.9270833333333335,51.4,51.4,44.2,44.2,50.0,60.0,85.0,40.54417673343772,13.531779202966865,13.22593678257664,13.786460747894214,72.71519475005029,1.0775503315615431,51.8,51.8,51.8,43.66910040043393,42.54756604322381,42.29854658057318,42.837207101179466,0.36211481666666673,0.42109120427798413,27.806813320403002,27.955202421901433,19.339343309694517,27.63304166789626,23.01204147952948,23.153987499080745,23.0709608179164,22.955432405702958,18.836293384636434,22.97027079305394,22.887010059667865,22.771069355481224,1.0,0.0,0.5,0.25,0.0,19.339343309694517,22.97027079305394,27.63304166789626,13.154219953646097,21.47295913088977,26.910459963893757,1.1891713201276387e-16,8.293831880901722e-16,0.0,1.848833356784342e-15,3.111376240214004e-14,converged
2025-01-15T08:45:00+08:00,0.75,-5.333333333333333,86.66666666666666,2.9166666666666665,51.4,51.4,44.2,44.2,50.0,60.0,85.0,40.54417673343772,13.531779202966865,13.22593678257664,13.786460747894214,72.71519475005029,1.0775503315615431,51.65233759629169,51.8,51.8,43.568492082739944,42.548599959905,42.29955272704333,42.80430807762041,0.3572707333333333,0.42032145417132877,27.81065156880393,27.959734415213866,19.34238718640319,27.636336819371017,23.015620937084737,23.15819436303456,23.074484998267387,22.95820565252082,18.83970018278816,22.974454165455885,22.89051075571514,22.773818994315207,1.0,0.0,0.5,0.25,0.0,19.34238718640319,22.974454165455885,27.636336819371017,13.154219953646097,21.47295913088977,26.910459963893757,1.1891713201276387e-16,6.924183899704198e-16,0.0,2.7869840196309396e-15,6.447138593225816e-14,converged
2025-01-15T08:50:00+08:00,0.8333333333333334,-5.25,95.0,2.90625,51.4,51.4,44.2,44.2,50.0,60.0,85.0,40.54417673343772,13.531779202966865,13.22593678257664,13.786460747894214,72.71519475005029,1.0775503315615431,51.4,51.8,51.8,43.395780103035705,42.54981713857951,42.30074539574519,42.74746737810958,0.35242665,0.4190351784912112,27.814550832123523,27.96445337170271,19.34559276550392,27.639638255104483,23.019781746923016,23.163080932395363,23.078582614356012,22.96143264026907,18.843754917321593,22.979317449803855,22.89458506585908,22.77702252566266,1.0,0.0,0.5,0.25,0.0,19.34559276550392,22.979317449803855,27.639638255104483,13.154219953646097,21.47295913088977,26.910459963893757,1.1891713201276387e-16,2.7781753848472294e-16,0.0,1.6452007357142187e-15,3.0419203358049106e-14,converged
2025-01-15T08:55:00+08:00,0.9166666666666666,-5.166666666666667,103.33333333333334,2.8958333333333335,51.4,51.4,44.2,44.2,50.0,60.0,85.0,40.54417673343772,13.531779202966865,13.22593678257664,13.786460747894214,72.71519475005029,1.0775503315615431,51.4,51.517836730471174,51.8,43.397034174824796,42.35978009847259,42.30212384099551,42.68636256912064,0.3475825666666667,0.41758155965190236,27.81897779639012,27.96980106878861,19.3494322104949,27.643346280080365,23.02397668789704,23.16812836629249,23.082761124982415,22.964644672920603,18.848454343664123,22.984858027357692,22.89923089103883,22.780678367522345,1.0,0.0,0.5,0.25,0.0,19.3494322104949,22.984858027357692,27.643346280080365,13.154219953646097,21.47295913088977,26.910459963893757,1.1891713201276387e-16,5.575692658649921e-16,0.0,5.323044085054847e-15,3.240541917545257e-14,converged
2025-01-15T09:00:00+08:00,1.0,-5.083333333333333,111.66666666666666,2.8854166666666665,51.4,51.4,44.2,44.2,50.0,60.0,85.0,40.54417673343772,13.531779202966865,13.22593678257664,13.786460747894214,72.71519475005029,1.0775503315615431,51.4,51.4,51.552836797111496,43.39845799039618,42.28121824063242,42.13530761541903,42.604486624882696,0.34273848333333334,0.4156737131826897,27.823930694389066,27.975775511530113,19.353902624926857,27.647459726912533,23.028523392220926,23.173637087770807,23.087306226282777,22.96811417805598,18.853296705819073,22.990627347699313,22.90402246995302,22.78438142648806,1.0,0.0,0.5,0.25,0.0,19.353902624926857,22.990627347699313,27.647459726912533,13.154219953646097,21.47295913088977,26.910459963893757,1.1891713201276387e-16,5.601283801930962e-16,0.0,4.406634991050374e-15,2.893394178306489e-14,converged
2025-01-15T09:05:00+08:00,1.0833333333333333,-5.0,120.0,2.875,51.0,51.0,44.0,44.0,50.0,60.0,85.0,40.360718920164246,13.470549432817693,13.166090914782176,13.724078572564375,72.0586275035817,1.0629890389052916,51.4,51.4,51.4,43.370441358779736,42.24885852720663,41.99793816978535,42.537869391905865,0.33789440000000004,0.4144778839091664,27.829364112861814,27.98233362056703,19.35897147645059,27.651939725714858,23.033602330030735,23.179777898409245,23.092380433865358,22.971996177453665,18.858430452881286,22.996749966555193,22.90907828245852,22.78824469346414,1.0,0.0,0.5,0.25,0.0,19.35897147645059,22.996749966555193,27.651939725714858,13.214011862526307,21.570563490575633,27.03278023645691,6.000032690739051e-17,7.021805405451226e-16,0.0,6.407397432474244e-16,2.705056840420373e-14,converged
2025-01-15T09:10:00+08:00,1.1666666666666667,-4.916666666666667,128.33333333333331,2.8645833333333335,51.0,51.0,44.0,44.0,50.0,60.0,85.0,40.360718920164246,13.470549432817693,13.166090914782176,13.724078572564375,72.0586275035817,1.0629890389052916,51.4,51.4,51.4,43.372197436935494,42.250566703420176,41.9996363442085,42.53959015461779,0.33305031666666673,0.41439740460694346,27.835320105103953,27.989514646776282,19.364665684623755,27.656822937339506,23.03925649277583,23.186590926194828,23.09802237523731,22.97632803336714,18.86420349556128,23.00354503847696,22.914702026416528,22.79255797740156,1.0,0.0,0.5833333333333334,0.25,0.0,19.364665684623755,23.00354503847696,27.656822937339506,13.214011862526307,21.570563490575633,27.03278023645691,6.000032690739051e-17,2.809267638569187e-16,0.0,2.7741517930870723e-15,2.1537213706093798e-14,converged
2025-01-15T09:15:00+08:00,1.25,-4.833333333333333,136.66666666666669,2.8541666666666665,51.0,51.0,44.0,44.0,50.0,60.0,85.0,40.360718920164246,13.470549432817693,13.166090914782176,13.724078572564375,72.0586275035817,1.0629890389052916,51.25712094900211,51.4,51.4,43.27583929334298,42.252456269142826,42.001518983213934,42.50868680378164,0.32820623333333326,0.4136124666661928,27.84153237424975,27.99706598266809,19.370714135985185,27.66188143009348,23.04548352754261,23.194073565912493,23.104229959926055,22.981108168103145,18.870612633375806,23.01100997452288,22.920891624419614,22.797319710455007,1.0,0.0,0.5833333333333334,0.25,0.0,19.370714135985185,23.01100997452288,27.66188143009348,13.214011862526307,21.570563490575633,27.03278023645691,6.000032690739051e-17,0.0,0.0,1.556825049412528e-15,2.665686122032674e-14,converged
2025-01-15T09:20:00+08:00,1.3333333333333333,-4.75,145.0,2.84375,51.0,51.0,44.0,44.0,50.0,60.0,85.0,40.360718920164246,13.470549432817693,13.166090914782176,13.724078572564375,72.0586275035817,1.0629890389052916,51.0,51.4,51.4,43.10091528712225,42.25452653357778,42.00358534983746,42.45168320556366,0.32336215,0.41226496408348035,27.84778933520028,28.004786771500214,19.376901826016017,27.666933964557455,23.05228109104189,23.202223222443845,23.111001105156426,22.986335009501556,18.87765468186408,23.019142195718633,22.92764500665919,22.802528330241483,1.0,0.0,0.5833333333333334,0.25,0.0,19.376901826016017,23.019142195718633,27.666933964557455,13.214011862526307,21.570563490575633,27.03278023645691,6.000032690739051e-17,8.471395726222443e-16,0.0,2.8767447986963713e-15,3.098994731948969e-14,converged
2025-01-15T09:25:00+08:00,1.4166666666666667,-4.666666666666667,153.33333333333331,2.8333333333333335,51.0,51.0,44.0,44.0,50.0,60.0,85.0,40.360718920164246,13.470549432817693,13.166090914782176,13.724078572564375,72.0586275035817,1.0629890389052916,51.0,51.125645079246056,51.4,43.10295521294858,42.070967155792054,42.005834710120666,42.39324990208596,0.3185180666666667,0.41081210737721174,27.854566113485998,28.01312679045532,19.383709761198187,27.672388068905175,23.05911750037635,23.210535784932993,23.11785725460582,22.991553171954052,18.885326472507572,23.027939133018936,22.934960110897716,22.808182279821295,1.0,0.0,0.5833333333333334,0.25,0.0,19.383709761198187,23.027939133018936,27.672388068905175,13.214011862526307,21.570563490575633,27.03278023645691,6.000032690739051e-17,1.4168925372012116e-16,0.0,9.386913058958027e-16,2.978348089931514e-14,converged
2025-01-15T09:30:00+08:00,1.5,-4.583333333333333,161.66666666666669,2.8229166666666665,51.0,51.0,44.0,44.0,50.0,60.0,85.0,40.360718920164246,13.470549432817693,13.166090914782176,13.724078572564375,72.0586275035817,1.0629890389052916,51.0,51.0,51.162622418916555,43.10516271228698,41.988108185153074,41.846835483990276,42.31289180959551,0.3136739833333333,0.4088783984351771,27.861860969254597,28.02208407585258,19.39113510789495,27.678242590798543,23.06628001857181,23.219282911886523,23.125056766710504,22.99700903625434,18.89314633865796,23.036970299403492,22.942428327711003,22.813892792656212,1.0,0.0,0.5833333333333334,0.25,0.0,19.39113510789495,23.036970299403492,27.678242590798543,13.214011862526307,21.570563490575633,27.03278023645691,6.000032690739051e-17,8.541560689373843e-16,0.0,7.095723593516292e-16,4.053588640437129e-14,converged
2025-01-15T09:35:00+08:00,1.5833333333333333,-4.5,170.0,2.8125,50.6,50.6,43.8,43.8,50.0,60.0,85.0,40.17726110689077,13.409319662668521,13.106245046987711,13.661696397234536,71.40503788634878,1.0485595217497308,51.0,50.999999999999986,51.0,43.07821540664939,41.95687265351954,41.70412901061255,42.245183409237576,0.30882990000000005,0.4075976787122682,27.869628998668297,28.031616053752956,19.399145555000196,27.684459074648288,23.07396442226069,23.228649926439488,23.132775928564524,23.002870715236295,18.901223417617643,23.046325201331413,22.95013481571668,22.81974109995921,1.0,0.0,0.6666666666666666,0.25,0.0,19.399145555000196,23.046325201331413,27.684459074648288,13.274349816236473,21.669059214276892,27.156217589134794,6.054952612159255e-17,9.996465820942567e-16,0.0,3.8825559215268005e-15,3.6135346980477664e-14,converged
2025-01-15T09:40:00+08:00,1.6666666666666667,-4.416666666666667,178.33333333333331,2.8020833333333335,50.6,50.6,43.8,43.8,50.0,60.0,85.0,40.17726110689077,13.409319662668521,13.106245046987711,13.661696397234536,71.40503788634878,1.0485595217497308,51.0,50.999999999999986,51.0,43.08075383978203,41.9594263045034,41.706692431456794,42.24773530330314,0.3039858166666667,0.40747887027274704,27.877911802778595,28.04176153559255,19.407767927614096,27.69107379859682,23.082213406210073,23.2386766695494,23.141053096682107,23.00917531616275,18.90992506797739,23.05634012760897,22.958399551594947,22.82603251722934,1.0,0.0,0.6666666666666666,0.25,0.0,19.407767927614096,23.05634012760897,27.69107379859682,13.274349816236473,21.669059214276892,27.156217589134794,6.054952612159255e-17,1.1427863412796046e-15,0.0,1.6070432924244439e-16,3.504627576856446e-14,converged
2025-01-15T09:45:00+08:00,1.75,-4.333333333333333,186.66666666666669,2.7916666666666665,50.6,50.6,43.8,43.8,50.0,60.0,85.0,40.17726110689077,13.409319662668521,13.106245046987711,13.661696397234536,71.40503788634878,1.0485595217497308,50.86194798529891,50.999999999999986,51.0,42.98865542572766,41.962158828070265,41.709437576109345,42.218821918313665,0.29914173333333327,0.40667985870837026,27.886452301927825,28.052276651804743,19.416740358810554,27.697866724440505,23.091024661951664,23.249360585402485,23.149886217213272,23.015921286269005,18.91924816377532,23.06701253820334,22.967220494210046,22.832765501328172,1.0,0.0,0.6666666666666666,0.25,0.0,19.416740358810554,23.06701253820334,27.697866724440505,13.274349816236473,21.669059214276892,27.156217589134794,6.054952612159255e-17,8.587736963173493e-16,0.0,5.725157975448994e-16,6.608570566640149e-14,converged
2025-01-15T09:50:00+08:00,1.8333333333333333,-4.25,195.0,2.78125,50.6,50.6,43.8,43.8,50.0,60.0,85.0,40.17726110689077,13.409319662668521,13.106245046987711,13.661696397234536,71.40503788634878,1.0485595217497308,50.6,50.999999999999986,51.0,42.81149194253704,41.965069543320205,41.71236371910065,42.161637404216194,0.29429765,0.4052718987869983,27.89502127219218,28.062943841042422,19.425829867194714,27.704641486932765,23.100395890456095,23.26069912808629,23.159273243867624,23.023107078233927,18.929189594694897,23.078339902856744,22.97659560988928,22.839938514491276,1.0,0.0,0.6666666666666666,0.25,0.0,19.425829867194714,23.078339902856744,27.704641486932765,13.274349816236473,21.669059214276892,27.156217589134794,6.054952612159255e-17,1.292635758336998e-15,0.0,1.5798881490785531e-15,2.5231447013892252e-14,converged
2025-01-15T09:55:00+08:00,1.9166666666666667,-4.166666666666667,203.33333333333331,2.7708333333333335,50.6,50.6,43.8,43.8,50.0,60.0,85.0,40.17726110689077,13.409319662668521,13.106245046987711,13.661696397234536,71.40503788634878,1.0485595217497308,50.6,50.73352473714214,51.0,42.81430716820811,41.788007066557256,41.715470137917755,42.10587364791102,0.2894535666666667,0.40382103125277974,27.9041023378597,28.07422093628084,19.435526372319273,27.71181288838882,23.109811063026232,23.272203026436525,23.168749709646747,23.03029071656377,18.93974626598664,23.090319701048827,22.986522872395717,22.847550024309516,1.0,0.0,0.6666666666666666,0.25,0.0,19.435526372319273,23.090319701048827,27.71181288838882,13.274349816236473,21.669059214276892,27.156217589134794,6.054952612159255e-17,8.648533346500891e-16,0.0,4.96840222978671e-15,3.174270117967581e-14,converged
2025-01-15T10:00:00+08:00,2.0,-4.083333333333333,211.66666666666669,2.7604166666666665,50.6,50.6,43.8,43.8,50.0,60.0,85.0,40.17726110689077,13.409319662668521,13.106245046987711,13.661696397234536,71.40503788634878,1.0485595217497308,50.6,50.599999999999994,50.772497407130786,42.81728784387321,41.70081021928829,41.56431350101034,42.027025304111376,0.2846094833333333,0.40186248244843237,27.913693785877733,28.0861060044841,19.44582710163894,27.719379791253914,23.119526842881342,23.284114955931024,23.178546428110945,23.037692338294647,18.950456757563803,23.10253964215726,22.996610950753123,22.855227711850144,1.0,0.0,0.6666666666666666,0.25,0.0,19.44582710163894,23.10253964215726,27.719379791253914,13.274349816236473,21.669059214276892,27.156217589134794,6.054952612159255e-17,1.4484472538671662e-16,0.0,1.473342441043008e-15,2.158701682261008e-14,converged
2025-01-15T10:05:00+08:00,2.0833333333333335,-4.0,220.0,2.75,50.2,50.2,43.6,43.6,50.0,60.0,85.0,39.9938032936173,13.34808989251935,13.046399179193248,13.599314221904699,70.75442589835158,1.0342611811153124,50.6,50.6,50.6,42.79142157311809,41.67071018180493,41.41624450157444,41.958224664142456,0.2797654,0.40049767580280743,27.923751256186353,28.098557016647085,19.45669998373361,27.727304177991275,23.129754456425466,23.296634902683582,23.18885358721939,23.045493265055878,18.9613906051705,23.115053956707943,23.006911461947038,22.863020833114692,1.0,0.0,0.75,0.25,0.0,19.45669998373361,23.115053956707943,27.727304177991275,13.335241329154988,21.76845856847082,27.28078739458954,1.222126008887173e-16,8.720299431968795e-16,1.177945431168076e-16,2.3344968270999794e-15,2.808642045429917e-14,converged
2025-01-15T10:10:00+08:00,2.1666666666666665,-3.9166666666666665,228.33333333333334,2.7395833333333335,50.2,50.2,43.6,43.6,50.0,60.0,85.0,39.9938032936173,13.34808989251935,13.046399179193248,13.599314221904699,70.75442589835158,1.0342611811153124,50.6,50.6,50.6,42.7947319381757,41.674096878361624,41.41965948429914,41.961595503061915,0.27492131666666664,0.4003414563802606,27.934315861984345,28.11161230388592,19.468171727265446,27.7356219196805,23.14053626848893,23.30980238309636,23.1997092423742,23.053730326403866,18.9729347408307,23.12821615773923,23.017760752692197,22.871250303237307,1.0,0.0,0.75,0.25,0.0,19.468171727265446,23.12821615773923,27.7356219196805,13.335241329154988,21.76845856847082,27.28078739458954,1.222126008887173e-16,4.361851113778689e-16,1.177945431168076e-16,5.170611007791821e-15,3.5694046402091145e-14,converged
2025-01-15T10:15:00+08:00,2.25,-3.8333333333333335,236.66666666666666,2.7291666666666665,50.2,50.2,43.6,43.6,50.0,60.0,85.0,39.9938032936173,13.34808989251935,13.046399179193248,13.599314221904699,70.75442589835158,1.0342611811153124,50.4668193063324,50.6,50.6,42.706903229867876,41.677659985857105,41.42325351416309,41.934666745584586,0.27007723333333333,0.3995294646832385,27.945139806330282,28.125036796520515,19.47998978569786,27.744120927935136,23.151870013947107,23.323614889589514,23.211111375526738,23.062401993972326,18.985086110866348,23.142023752976765,23.02915681731491,22.87991460326357,1.0,0.0,0.75,0.25,0.0,19.47998978569786,23.142023752976765,27.744120927935136,13.335241329154988,21.76845856847082,27.28078739458954,1.222126008887173e-16,4.3707160091146136e-16,1.177945431168076e-16,1.7847090370551337e-15,3.205123930744481e-14,converged
2025-01-15T10:20:00+08:00,2.3333333333333335,-3.75,245.0,2.71875,50.2,50.2,43.6,43.6,50.0,60.0,85.0,39.9938032936173,13.34808989251935,13.046399179193248,13.599314221904699,70.75442589835158,1.0342611811153124,50.2,50.6,50.6,42.52747297033563,41.68139883307088,41.42702587691748,41.87728357606833,0.26523315000000003,0.39806179262965846,27.955976099385875,28.138596108156484,19.491903050805,27.752589603059764,23.1637534369334,23.33806992429382,23.22305797605325,23.071506744750895,18.99784167687899,23.156474259733407,23.0410976574718,22.889012219526627,1.0,0.0,0.75,0.25,0.0,19.491903050805,23.156474259733407,27.752589603059764,13.335241329154988,21.76845856847082,27.28078739458954,1.222126008887173e-16,2.924554026094215e-16,1.177945431168076e-16,1.8141374193115678e-15,2.534815061124555e-14,converged
2025-01-15T10:25:00+08:00,2.4166666666666665,-3.6666666666666665,253.33333333333334,2.7083333333333335,50.2,50.2,43.6,43.6,50.0,60.0,85.0,39.9938032936173,13.34808989251935,13.046399179193248,13.599314221904699,70.75442589835158,1.0342611811153124,50.2,50.34147668547767,50.6,42.53105320803158,41.51085302978176,41.43097586122219,41.82418779520141,0.26038906666666667,0.3966141221405962,27.967316924088657,28.15275618419582,19.504410426226396,27.761450073001388,23.175686280243728,23.352693166685672,23.235098771925838,23.08061611419101,19.011198415673302,23.17156520487236,23.053581282123012,22.89854164362879,1.0,0.0,0.75,0.25,0.0,19.504410426226396,23.17156520487236,27.761450073001388,13.335241329154988,21.76845856847082,27.28078739458954,1.222126008887173e-16,7.33807215427812e-16,1.177945431168076e-16,2.1922490560905886e-15,2.971911687335769e-14,converged
2025-01-15T10:30:00+08:00,2.5,-3.5833333333333335,261.66666666666663,2.6979166666666665,50.2,50.2,43.6,43.6,50.0,60.0,85.0,39.9938032936173,13.34808989251935,13.046399179193248,13.599314221904699,70.75442589835158,1.0342611811153124,50.2,50.2,50.38246299156717,42.53479681797308,41.419277676140894,41.287688038068744,41.74684144519116,0.25554498333333336,0.39463173478154784,27.97916059363531,28.167515121644684,19.517509198835167,27.770701214728962,23.18789437413045,23.367698088319923,23.247436822363557,23.08992379641585,19.024715312908004,23.186902628678116,23.066233766734594,22.908147126328124,1.0,0.0,0.75,0.25,0.0,19.517509198835167,23.186902628678116,27.770701214728962,13.335241329154988,21.76845856847082,27.28078739458954,1.222126008887173e-16,1.4749868239990585e-16,1.177945431168076e-16,3.4570003687477933e-18,2.497618034559001e-14,converged
2025-01-15T10:35:00+08:00,2.5833333333333335,-3.5,270.0,2.6875,49.8,49.8,43.4,43.4,50.0,60.0,85.0,39.81034548034383,13.28686012237018,12.986553311398783,13.536932046574861,70.10679153959005,1.0200934180224872,50.2,50.2,50.2,42.51002365517954,41.390324842799835,41.13423120039534,41.676947807931285,0.2507009,0.39318361983779915,27.991463326375943,28.18283147626592,19.53116755544168,27.78030547276692,23.20060453946713,23.383299481098753,23.26027634689561,23.099624440846046,19.03842200931525,23.202505256373964,23.079072963713315,22.917845730461032,1.0,0.0,0.75,0.25,0.0,19.53116755544168,23.20060453946713,27.78030547276692,13.396694054174134,21.868774045744882,27.406505308850324,1.850123694908174e-16,1.48041927426885e-16,1.1833737511273759e-16,1.7302400268017186e-15,2.8136506236125596e-14,converged
2025-01-15T10:40:00+08:00,2.6666666666666665,-3.4166666666666665,278.33333333333337,2.6770833333333335,49.8,49.8,43.4,43.4,50.0,60.0,85.0,39.81034548034383,13.28686012237018,12.986553311398783,13.536932046574861,70.10679153959005,1.0200934180224872,50.2,50.2,50.2,42.51409579350928,41.39453246817176,41.13848442063732,41.68112571784342,0.24585681666666667,0.39299088539178245,28.00426571179795,28.198743057681234,19.54541206628428,27.790298286536007,23.213858777785443,23.3995364992039,23.273655069534883,23.10975457645763,19.052725137832315,23.218743916488513,23.092451682211685,22.92797406500484,1.0,0.0,0.75,0.25,0.0,19.54541206628428,23.213858777785443,27.790298286536007,13.396694054174134,21.868774045744882,27.406505308850324,1.850123694908174e-16,0.0,1.1833737511273759e-16,2.3142895562736274e-15,2.887926191570832e-14,converged
2025-01-15T10:45:00+08:00,2.75,-3.3333333333333335,286.66666666666663,2.6666666666666665,49.8,49.8,43.4,43.4,50.0,60.0,85.0,39.81034548034383,13.28686012237018,12.986553311398783,13.536932046574861,70.10679153959005,1.0200934180224872,50.071735524333924,50.2,50.2,42.430547183978604,41.398914096953476,41.142914073980435,41.65617661217231,0.24101273333333334,0.39216698691977886,28.017329301894637,28.21502365873409,19.559999580049684,27.800475574397215,23.22765486623123,23.416406682150683,23.28757100723203,23.120312698764458,19.067621714896163,23.235616163383526,23.106367951227348,22.938530634677967,1.0,0.0,0.75,0.25,0.0,19.559999580049684,23.22765486623123,27.800475574397215,13.396694054174134,21.868774045744882,27.406505308850324,1.850123694908174e-16,5.937028139023266e-16,1.1833737511273759e-16,7.699583367795799e-16,2.6275744633080228e-14,converged
2025-01-15T10:50:00+08:00,2.8333333333333335,-3.25,295.0,2.65625,49.8,49.8,43.4,43.4,50.0,60.0,85.0,39.81034548034383,13.28686012237018,12.986553311398783,13.536932046574861,70.10679153959005,1.0200934180224872,49.8,50.2,50.2,42.24882299441384,41.40346906739133,41.14751945712928,41.5985773189541,0.23616865,0.3906403241132279,28.03038921250502,28.231421946293164,19.574660709945725,27.810610392451167,23.241990591031975,23.43390757897887,23.302022184230925,23.131297308550533,19.083108771868595,23.253119560824597,23.12081980695849,22.949513949401783,1.0,0.0,0.75,0.25,0.0,19.574660709945725,23.241990591031975,27.810610392451167,13.396694054174134,21.868774045744882,27.406505308850324,1.850123694908174e-16,1.3410518983425843e-15,1.1833737511273759e-16,7.91593134438331e-17,2.5081264253737412e-14,converged
2025-01-15T10:55:00+08:00,2.9166666666666665,-3.1666666666666665,303.33333333333337,2.6458333333333335,49.8,49.8,43.4,43.4,50.0,60.0,85.0,39.81034548034383,13.28686012237018,12.986553311398783,13.536932046574861,70.10679153959005,1.0200934180224872,49.8,49.94950192365959,50.2,42.25315821779049,41.23946023863526,41.15229986965032,41.54814832247339,0.23132456666666668,0.38919703997847677,28.043946245752597,28.24841203543263,19.589903415656973,27.821132246312875,23.25638158513078,23.451579932044567,23.316572630336886,23.142293554194193,19.099183354961582,23.271251681945007,23.135805292777547,22.96092252428251,1.0,0.0,0.75,0.25,0.0,19.589903415656973,23.25638158513078,27.821132246312875,13.396694054174134,21.868774045744882,27.406505308850324,1.850123694908174e-16,5.982333361701454e-16,1.1833737511273759e-16,3.879169289228287e-16,2.971556339288638e-14,converged
2025-01-15T11:00:00+08:00,3.0,-3.0833333333333335,311.66666666666663,2.6354166666666665,49.8,49.8,43.4,43.4,50.0,60.0,85.0,39.81034548034383,13.28686012237018,12.986553311398783,13.536932046574861,70.10679153959005,1.0200934180224872,49.8,49.8,49.992520424708026,42.25765478047261,41.14346587678139,41.0169077129714,41.472296553628205,0.22648048333333334,0.3871917946366677,28.05799874054519,28.265992052610418,19.605725041848586,27.832040027220362,23.271022610072073,23.46960778564511,23.331397438638813,23.15346848553315,19.115425016761822,23.28963703397436,23.15096802003055,22.97241730322125,1.0,0.0,0.75,0.25,0.0,19.605725041848586,23.271022610072073,27.832040027220362,13.396694054174134,21.868774045744882,27.406505308850324,1.850123694908174e-16,7.516644427871748e-16,1.1833737511273759e-16,9.196144667224342e-16,2.985022476306426e-14,converged
2025-01-15T11:05:00+08:00,3.0833333333333335,-3.0,320.0,2.625,49.4,49.4,43.2,43.2,50.0,60.0,85.0,39.626887667070356,13.225630352221009,12.92670744360432,13.474549871245024,69.46213481006424,1.006055633491708,49.8,49.800000000000004,49.79999999999999,42.233987165749376,41.115672357839806,40.85803791204424,41.40130947810777,0.22163639999999998,0.38566112570736577,28.072503528562898,28.28412117852681,19.622094052215974,27.84329666602954,23.28615622735086,23.488220881699306,23.346714992294103,23.165030200055266,19.131823205801368,23.30825860473315,23.16629185101689,22.98398293547296,1.0,0.0,0.75,0.25,0.0,19.622094052215974,23.28615622735086,27.84329666602954,13.458715785906422,21.970018370030736,27.53338727787278,6.224313748108925e-17,3.0185910393071127e-16,0.0,7.074822748376045e-16,2.4177762249798034e-14,converged
2025-01-15T11:10:00+08:00,3.1666666666666665,-2.9166666666666665,328.33333333333337,2.6145833333333335,49.4,49.4,43.2,43.2,50.0,60.0,85.0,39.626887667070356,13.225630352221009,12.92670744360432,13.474549871245024,69.46213481006424,1.006055633491708,49.8,49.800000000000004,49.79999999999999,42.23881117826366,41.12068910182424,40.86311639803871,41.406282891679716,0.21679231666666668,0.3854327505491473,28.087500639459705,28.30283665982461,19.63903685657133,27.854937145654596,23.301824041716422,23.507457974348625,23.362562653479287,23.177014903115094,19.148804385350278,23.327504630783494,23.182146150924698,22.995971819196498,1.0,0.0,0.75,0.25,0.0,19.63903685657133,23.301824041716422,27.854937145654596,13.458715785906422,21.970018370030736,27.53338727787278,6.224313748108925e-17,3.020379603473537e-16,0.0,3.2657854462557622e-15,2.3242957621007408e-14,converged
2025-01-15T11:15:00+08:00,3.25,-2.8333333333333335,336.66666666666663,2.6041666666666665,49.4,49.4,43.2,43.2,50.0,60.0,85.0,39.626887667070356,13.225630352221009,12.92670744360432,13.474549871245024,69.46213481006424,1.006055633491708,49.676697262872516,49.800000000000004,49.79999999999999,42.159553473531936,41.12587749466313,40.868368764288185,41.383308818982044,0.21194823333333335,0.3845979990991584,28.102761041101818,28.32192121519033,19.656319774651855,27.866765448744736,23.318023871539598,23.527316649092693,23.378938473361018,23.189421113599984,19.16636563985835,23.347372712028367,23.19852898265067,23.00838248228336,1.0,0.0,0.8333333333333334,0.25,0.0,19.656319774651855,23.318023871539598,27.866765448744736,13.458715785906422,21.970018370030736,27.53338727787278,6.224313748108925e-17,1.5134675960303188e-16,0.0,8.986213851430019e-16,5.5129117264686344e-14,converged
2025-01-15T11:20:00+08:00,3.3333333333333335,-2.75,345.0,2.59375,49.4,49.4,43.2,43.2,50.0,60.0,85.0,39.626887667070356,13.225630352221009,12.92670744360432,13.474549871245024,69.46213481006424,1.006055633491708,49.4,49.800000000000004,49.79999999999999,41.97550834066901,41.131236883861504,40.873794318189674,41.32547619882383,0.20710415,0.3830130436075258,28.118001825260347,28.341106441801415,19.67365498755211,27.878539176292396,23.334753544100874,23.547794500773833,23.395840510270443,23.20224735558347,19.184504068356112,23.367860457595537,23.21543841616518,23.021213457745173,1.0,0.0,0.8333333333333334,0.25,0.0,19.67365498755211,23.334753544100874,27.878539176292396,13.458715785906422,21.970018370030736,27.53338727787278,6.224313748108925e-17,1.5197305127057998e-16,0.0,3.932302701626257e-15,2.610893493260871e-14,converged
2025-01-15T11:25:00+08:00,3.4166666666666665,-2.6666666666666665,353.33333333333337,2.5833333333333335,49.4,49.4,43.2,43.2,50.0,60.0,85.0,39.626887667070356,13.225630352221009,12.92670744360432,13.474549871245024,69.46213481006424,1.006055633491708,49.4,49.55760146960246,49.79999999999999,41.98058878008756,40.973785854272904,40.87939236995635,41.27771317058403,0.20226006666666668,0.3815753171612114,28.13373247443409,28.360874682268765,19.691559583915407,27.89069526416996,23.35154470252497,23.568447448174787,23.412847203942473,23.21509249352017,19.203216784381926,23.388965485802096,23.23287252848646,23.03446328369589,1.0,0.0,0.8333333333333334,0.25,0.0,19.691559583915407,23.35154470252497,27.89069526416996,13.458715785906422,21.970018370030736,27.53338727787278,6.224313748108925e-17,6.101826642929874e-16,0.0,3.3703058098057975e-15,4.4875392830991515e-14,converged
2025-01-15T11:30:00+08:00,3.5,-2.5833333333333335,361.66666666666663,2.5729166666666665,49.4,49.4,43.2,43.2,50.0,60.0,85.0,39.626887667070356,13.225630352221009,12.92670744360432,13.474549871245024,69.46213481006424,1.006055633491708,49.4,49.400000000000006,49.60267098222982,41.985828569739866,40.873332104272386,40.7519233542537,41.20334890683749,0.1974159833333333,0.3795481742265903,28.149951352715657,28.38122409192409,19.710030964617992,27.903232617634764,23.36856080128742,23.589429882523437,23.430105467188266,23.228096729339523,19.222104070660208,23.410330908411574,23.250492597741875,23.047809722018133,1.0,0.0,0.8333333333333334,0.25,0.0,19.710030964617992,23.36856080128742,27.903232617634764,13.458715785906422,21.970018370030736,27.53338727787278,6.224313748108925e-17,1.0735228201915207e-15,0.0,3.7213860262442666e-15,2.843562381927415e-14,converged
2025-01-15T11:35:00+08:00,3.5833333333333335,-2.5,370.0,2.5625,49.0,49.0,43.0,43.0,50.0,60.0,85.0,39.44342985379687,13.164400582071835,12.866861575809853,13.412167695915183,68.82045570977407,0.9921472285434239,49.4,49.4,49.4,41.96327931325987,40.84671041308239,40.58761565353234,41.131268271179536,0.1925719,0.37793568188866844,28.166615940335742,28.402114516924446,19.729037889013615,27.91611467841477,23.3860602901425,23.61098664143408,23.44784798023306,23.241481730177124,19.24111488255253,23.43190374098294,23.268248267984237,23.061204785476928,1.0,0.0,0.8333333333333334,0.25,0.0,19.729037889013615,23.3860602901425,27.91611467841477,13.521314463980408,22.07220450198437,27.661449544281492,2.5129395974625856e-16,1.2321178169276773e-15,0.0,1.7230397596097986e-15,2.429725905868145e-14,converged
2025-01-15T11:40:00+08:00,3.6666666666666665,-2.4166666666666665,378.33333333333337,2.5520833333333335,49.0,49.0,43.0,43.0,50.0,60.0,85.0,39.44342985379687,13.164400582071835,12.866861575809853,13.412167695915183,68.82045570977407,0.9921472285434239,49.4,49.4,49.4,41.96884555572822,40.85252476629261,40.59350677873495,41.13702592165456,0.18772781666666669,0.3776725192139417,28.183765670716188,28.423582599124277,19.7486065844582,27.92937594780927,23.404084343436917,23.63315604101762,23.466111712787658,23.255283354548737,19.26069564503349,23.454089721944754,23.28652555523685,23.075016757890648,1.0,0.0,0.8333333333333334,0.25,0.0,19.7486065844582,23.404084343436917,27.92937594780927,13.521314463980408,22.07220450198437,27.661449544281492,2.5129395974625856e-16,7.706102238338166e-16,0.0,2.013219209765846e-15,2.4059344415684093e-14,converged
2025-01-15T11:45:00+08:00,3.75,-2.3333333333333335,386.66666666666663,2.5416666666666665,49.0,49.0,43.0,43.0,50.0,60.0,85.0,39.44342985379687,13.164400582071835,12.866861575809853,13.412167695915183,68.82045570977407,0.9921472285434239,49.28170515711844,49.4,49.4,41.89388997109232,40.85850846565836,40.59956929113363,41.11602261436914,0.18288373333333333,0.3768279495817933,28.20118099526334,28.445420047064033,19.768512918574327,27.942828530915218,23.42263081974809,23.65593571167437,23.48489474946974,23.2695001442199,19.280843508528115,23.4768864956731,23.305322555541203,23.089244189835288,1.0,0.0,0.8333333333333334,0.25,0.0,19.768512918574327,23.42263081974809,27.942828530915218,13.521314463980408,22.07220450198437,27.661449544281492,2.5129395974625856e-16,1.5446747243156125e-16,0.0,3.2920880061976492e-15,2.735787891932656e-14,converged
2025-01-15T11:50:00+08:00,3.8333333333333335,-2.25,395.0,2.53125,49.0,49.0,43.0,43.0,50.0,60.0,85.0,39.44342985379687,13.164400582071835,12.866861575809853,13.412167695915183,68.82045570977407,0.9921472285434239,49.0,49.4,49.4,41.707497016979026,40.86466086773972,40.605802508562924,41.05793972303011,0.17803965,0.37518537666343266,28.218560850579568,28.46734126399334,19.788450484952815,27.95621446154771,23.441697586395335,23.6793232929699,23.504195181935646,23.284130646060163,19.301555637708418,23.50029171559401,23.32463737188844,23.103885636925906,1.0,0.0,0.8333333333333334,0.25,0.0,19.788450484952815,23.441697586395335,27.95621446154771,13.521314463980408,22.07220450198437,27.661449544281492,2.5129395974625856e-16,4.654312070831353e-16,0.0,1.3865971377685072e-15,2.3641247747224196e-14,converged
2025-01-15T11:55:00+08:00,3.9166666666666665,-2.1666666666666665,403.33333333333337,2.5208333333333335,49.0,49.0,43.0,43.0,50.0,60.0,85.0,39.44342985379687,13.164400582071835,12.866861575809853,13.412167695915183,68.82045570977407,0.9921472285434239,49.0,49.16577636015875,49.4,41.713313154860096,40.713788980598245,40.612205751629055,41.012842216159726,0.1731955666666667,0.37375436184091626,28.236423461389606,28.48983687855144,19.80894557507866,27.969978158986333,23.460832418119136,23.702889994986773,23.52360596919747,23.298787544934385,19.322829211422164,23.524303044148706,23.344468114193994,23.118939659799103,1.0,0.0,0.8333333333333334,0.25,0.0,19.80894557507866,23.460832418119136,27.969978158986333,13.521314463980408,22.07220450198437,27.661449544281492,2.5129395974625856e-16,3.114754868773558e-16,0.0,1.2945699923340101e-15,3.83641326697838e-14,converged
2025-01-15T12:00:00+08:00,4.0,-2.0833333333333335,411.66666666666663,2.5104166666666665,49.0,49.0,43.0,43.0,50.0,60.0,85.0,39.44342985379687,13.164400582071835,12.866861575809853,13.412167695915183,68.82045570977407,0.9921472285434239,49.0,49.0,49.21291596354252,41.7192866968519,40.608835578626554,40.492687966925956,40.93995871243949,0.1683514833333333,0.37170626206193463,28.25476721645608,28.5129050743779,19.829995644502382,27.984118542262777,23.480167221305283,23.726760327556274,23.543245627246815,23.313583988956896,19.344285407797777,23.548582336795512,23.364493859752137,23.134100964563487,1.0,0.0,0.8333333333333334,0.25,0.0,19.829995644502382,23.480167221305283,27.984118542262777,13.521314463980408,22.07220450198437,27.661449544281492,2.5129395974625856e-16,2.0357461498697945e-15,0.0,2.366065537168379e-15,3.612917401354736e-14,converged
2025-01-15T12:05:00+08:00,4.083333333333333,-2.0,420.0,2.5,48.6,48.6,42.8,42.8,50.0,60.0,85.0,39.259972040523394,13.103170811922665,12.807015708015388,13.349785520585344,68.18175423871959,0.9783676041980879,49.0,49.0,49.0,41.69786898206887,40.58339863466564,40.32291761994628,40.8667847164661,0.1635074,0.37001265371979913,28.273550280094618,28.5365064039704,19.851569767136848,27.998599588796772,23.499976483123415,23.751194371150227,23.563361268226497,23.328755337821168,19.365832384224856,23.5730403991862,23.384629803590126,23.149288702063437,1.0,0.0,0.8333333333333334,0.25,0.0,19.851569767136848,23.499976483123415,27.998599588796772,13.584498176428914,22.17534564451701,27.7907086543015,1.902359915047843e-16,7.865631124813713e-16,0.0,5.682918487677907e-15,2.5086754394828917e-14,converged
2025-01-15T12:10:00+08:00,4.166666666666667,-1.916666666666667,423.3333333333333,2.5,48.6,48.6,42.8,42.8,50.0,60.0,85.0,39.259972040523394,13.103170811922665,12.807015708015388,13.349785520585344,68.18175423871959,0.9783676041980879,49.0,49.0,49.0,41.70412822660224,40.58995823227687,40.32956816505217,40.87327499543051,0.16074921666666667,0.3697173848428189,28.292561869993996,28.560361572039994,19.873439548021757,28.013269844289468,23.520051424171527,23.775914787055914,23.583734907191676,23.344151690584305,19.387687286034243,23.597785384002773,23.405024174045018,23.16470174799206,1.0,0.0,0.8333333333333334,0.25,0.0,19.873439548021757,23.520051424171527,28.013269844289468,13.584498176428914,22.17534564451701,27.7907086543015,1.902359915047843e-16,1.5743825770652827e-16,0.0,4.4279509979961075e-16,2.4572484804730518e-14,converged
2025-01-15T12:15:00+08:00,4.25,-1.833333333333333,426.6666666666667,2.5,48.6,48.6,42.8,42.8,50.0,60.0,85.0,39.259972040523394,13.103170811922665,12.807015708015388,13.349785520585344,68.18175423871959,0.9783676041980879,48.88675985411432,49.0,49.0,41.63336706790834,40.596602831528635,40.336306017362475,40.85411682643751,0.1579910333333333,0.368869550236741,28.31159282202706,28.58427233812465,19.895391641397435,28.027950125419718,23.54039096031366,23.80092046808175,23.604365596436196,23.359772260026226,19.409848574110473,23.62281618941119,23.425676028241448,23.180339319383254,1.0,0.0,0.8333333333333334,0.25,0.0,19.895391641397435,23.54039096031366,28.027950125419718,13.584498176428914,22.17534564451701,27.7907086543015,1.902359915047843e-16,6.312004975863108e-16,0.0,1.933051523858077e-15,3.624001535244783e-14,converged
2025-01-15T12:20:00+08:00,4.333333333333333,-1.75,430.0,2.5,48.6,48.6,42.8,42.8,50.0,60.0,85.0,39.259972040523394,13.103170811922665,12.807015708015388,13.349785520585344,68.18175423871959,0.9783676041980879,48.6,49.0,49.0,41.444401027869134,40.603332110047624,40.343130828293845,40.795564503474445,0.15523285,0.367179223971365,28.330324614895417,28.607936779292444,19.91710205166267,28.042367314406018,23.560994011837796,23.826210311316846,23.62525239173511,23.375616261681095,19.432314717031094,23.648131717808656,23.446584426744163,23.196200635991804,1.0,0.0,0.8333333333333334,0.25,0.0,19.91710205166267,23.560994011837796,28.042367314406018,13.584498176428914,22.17534564451701,27.7907086543015,1.902359915047843e-16,6.34106257798582e-16,0.0,7.975867773872789e-16,2.0185152698817326e-14,converged
2025-01-15T12:25:00+08:00,4.416666666666667,-1.666666666666667,433.3333333333333,2.5,48.6,48.6,42.8,42.8,50.0,60.0,85.0,39.259972040523394,13.103170811922665,12.807015708015388,13.349785520585344,68.18175423871959,0.9783676041980879,48.6,48.774027651561354,49.0,41.450666153385846,40.458774729492255,40.35004225068508,40.752849505476426,0.15247466666666668,0.3657689294690541,28.349285105045848,28.631854859481713,19.93910749831574,28.056973894971396,23.58142561773417,23.85137214352176,23.646003810110397,23.391310950449434,19.455084191028227,23.67373087580737,23.46774843354546,23.212284920283903,1.0,0.0,0.8333333333333334,0.25,0.0,19.93910749831574,23.58142561773417,28.056973894971396,13.584498176428914,22.17534564451701,27.7907086543015,1.902359915047843e-16,1.4322401549569798e-15,0.0,7.111470213848893e-16,3.012131852754592e-14,converged
2025-01-15T12:30:00+08:00,4.5,-1.583333333333333,436.6666666666667,2.5,48.6,48.6,42.8,42.8,50.0,60.0,85.0,39.259972040523394,13.103170811922665,12.807015708015388,13.349785520585344,68.18175423871959,0.9783676041980879,48.6,48.6,48.823256692344124,41.45700813244553,40.348913869761205,40.238138819356195,40.68107725546777,0.14985531666666665,0.36371731275937164,28.36847352962475,28.656025777100524,19.961406635144243,28.07176932549214,23.601786898237293,23.876501566735556,23.66671067646846,23.40694285424151,19.477800464848908,23.699295599783568,23.488865977544446,23.228304587822546,1.0,0.0,0.8333333333333334,0.25,0.0,19.961406635144243,23.601786898237293,28.07176932549214,13.584498176428914,22.17534564451701,27.7907086543015,1.902359915047843e-16,0.0,0.0,2.089212684340944e-15,2.4106421672922733e-14,converged
2025-01-15T12:35:00+08:00,4.583333333333333,-1.5,440.0,2.5,48.2,48.2,42.6,42.6,50.0,60.0,85.0,39.07651422724993,13.041941041773494,12.747169840220927,13.287403345255509,67.54603039690079,0.9647161614761515,48.6,48.6,48.6,41.43629569310423,40.32422088470568,40.062429763099196,40.60636196300316,0.1473013,0.3619633652387759,28.38784958562007,28.68041180568017,19.983970005021423,28.086718662921687,23.62236952267766,23.901875243792933,23.687635585560304,23.42276178437074,19.500331804877145,23.72470142738599,23.50981847919297,23.244146329826656,1.0,0.0,0.8333333333333334,0.25,0.0,19.983970005021423,23.62236952267766,28.086718662921687,13.64827516317271,22.279455248481874,27.921181464885073,1.9202643802933943e-16,6.432436705307968e-16,0.0,3.176015623245809e-15,3.103404465520784e-14,converged
2025-01-15T12:40:00+08:00,4.666666666666667,-1.416666666666667,443.3333333333333,2.5,48.2,48.2,42.6,42.6,50.0,60.0,85.0,39.07651422724993,13.041941041773494,12.747169840220927,13.287403345255509,67.54603039690079,0.9647161614761515,48.6,48.6,48.6,41.44280397434322,40.33106603702742,40.06938164987087,40.6131309767754,0.14474728333333337,0.36165685461207403,28.407452227973163,28.705049238214468,20.00682454164786,28.10185589530766,23.643214705434143,23.927531701002536,23.708815551862482,23.43880347571216,19.523166181032963,23.750390580882407,23.531026461984435,23.2602111318693,1.0,0.08333333333333333,0.8333333333333334,0.25,0.0,20.00682454164786,23.643214705434143,28.10185589530766,13.64827516317271,22.279455248481874,27.921181464885073,1.9202643802933943e-16,8.047360387500882e-16,0.0,8.952688431094732e-16,2.7335877038516422e-14,converged
2025-01-15T12:45:00+08:00,4.75,-1.333333333333333,446.6666666666667,2.5,48.2,48.2,42.6,42.6,50.0,60.0,85.0,39.07651422724993,13.041941041773494,12.747169840220927,13.287403345255509,67.54603039690079,0.9647161614761515,48.49186201305382,48.6,48.6,41.37589529521769,40.33799553742079,40.07642008289768,40.59545373393452,0.14219326666666662,0.36082303159053525,28.427081896666685,28.729748934921517,20.0297665722449,28.117010070650625,23.664321375547328,23.95346984551137,23.73024963885717,23.455067149213267,19.5463020790512,23.776361972726708,23.552488994198466,23.27649821913735,1.0,0.08333333333333333,0.8333333333333334,0.25,0.0,20.0297665722449,23.664321375547328,28.117010070650625,13.64827516317271,22.279455248481874,27.921181464885073,1.9202643802933943e-16,6.452765573958362e-16,0.0,4.637925256282572e-16,3.541026372010989e-14,converged
2025-01-15T12:50:00+08:00,4.833333333333333,-1.25,450.0,2.5,48.2,48.2,42.6,42.6,50.0,60.0,85.0,39.07651422724993,13.041941041773494,12.747169840220927,13.287403345255509,67.54603039690079,0.9647161614761515,48.2,48.6,48.6,41.18405614098737,40.34500906613588,40.08354471687025,40.53613717364707,0.13963925,0.35909810161009437,28.446401631956334,28.754191507305983,20.05245316575462,28.131892266986927,23.685688466426175,23.979688588689967,23.75193691346524,23.471552028546096,19.569737992233442,23.802614519547333,23.574205147512593,23.29300681950902,1.0,0.08333333333333333,0.8333333333333334,0.25,0.0,20.05245316575462,23.685688466426175,28.131892266986927,13.64827516317271,22.279455248481874,27.921181464885073,1.9202643802933943e-16,3.2418807369061943e-16,0.0,4.710857945816814e-16,2.5593846131933925e-14,converged
2025-01-15T12:55:00+08:00,4.916666666666667,-1.166666666666667,453.3333333333333,2.5,48.2,48.2,42.6,42.6,50.0,60.0,85.0,39.07651422724993,13.041941041773494,12.747169840220927,13.287403345255509,67.54603039690079,0.9647161614761515,48.2,48.38235641987855,48.6,41.19056810107561,40.20658976327434,40.09075520788692,40.49560855710933,0.13708523333333336,0.35771842134753323,28.46594814135985,28.778885305050625,20.075430363881054,28.14696255017795,23.706897370959595,24.00579125414852,23.77350061387599,23.487899387656988,19.593472421410226,23.829147142131248,23.596173996989872,23.309736163544557,1.0,0.08333333333333333,0.8333333333333334,0.25,0.0,20.075430363881054,23.706897370959595,28.14696255017795,13.64827516317271,22.279455248481874,27.921181464885073,1.9202643802933943e-16,4.881576466836501e-16,0.0,1.5051527439412545e-15,3.880105011645845e-14,converged
2025-01-15T13:00:00+08:00,5.0,-1.083333333333333,456.6666666666667,2.5,48.2,48.2,42.6,42.6,50.0,60.0,85.0,39.07651422724993,13.041941041773494,12.747169840220927,13.287403345255509,67.54603039690079,0.9647161614761515,48.2,48.2,48.4336945171908,41.19715640304141,40.09166529264958,39.986380384799446,40.42482670954187,0.13453121666666665,0.3556692325059059,28.485720668881342,28.80382953465627,20.098696840918162,28.162220382646122,23.72801714634685,24.031843070035908,23.795002707210507,23.504168268231044,19.617170030880025,23.85566077587754,23.618111519698964,23.326415854377597,1.0,0.08333333333333333,0.8333333333333334,0.25,0.0,20.098696840918162,23.72801714634685,28.162220382646122,13.64827516317271,22.279455248481874,27.921181464885073,1.9202643802933943e-16,8.1828361288603835e-16,0.0,5.435193184966483e-15,3.280257066826198e-14,converged
2025-01-15T13:05:00+08:00,5.083333333333333,-1.0,460.0,2.5,47.8,47.8,42.4,42.4,50.0,60.0,85.0,38.89305641397645,12.980711271624322,12.68732397242646,13.22502116992567,66.91328418431769,0.9511923013980651,48.2,48.2,48.2,41.17711902250182,40.067685052581155,39.80466402624004,40.34852652928881,0.13197720000000002,0.35385681439356587,28.505679624630012,28.828987208397056,20.12222344804451,28.177631381558268,23.749355755121208,24.05813618590327,23.81672045296011,23.520622396089497,19.640657613078105,23.881994208531683,23.6398641753254,23.34289923414674,1.0,0.08333333333333333,0.8333333333333334,0.25,0.0,20.12222344804451,23.749355755121208,28.177631381558268,13.71265381960277,22.384547018521882,28.052885151040194,6.461409359019447e-17,8.224747771668996e-16,0.0,1.634668619619213e-15,2.4042899811555846e-14,converged
2025-01-15T13:10:00+08:00,5.166666666666667,-0.916666666666667,463.3333333333333,2.5,47.8,47.8,42.4,42.4,50.0,60.0,85.0,38.89305641397645,12.980711271624322,12.68732397242646,13.22502116992567,66.91328418431769,0.9511923013980651,48.2,48.2,48.2,41.18387377966064,40.074812467121056,39.811913383448776,40.355571032795545,0.12942318333333336,0.35353932678067695,28.52586326308608,28.854393896051338,20.146036851189436,28.19322898213543,23.770953875049905,24.084708571115968,23.838690378173965,23.537297087827177,19.664443485584314,23.908607451449477,23.661869429312784,23.359603470698964,1.0,0.08333333333333333,0.8333333333333334,0.25,0.0,20.146036851189436,23.770953875049905,28.19322898213543,13.71265381960277,22.384547018521882,28.052885151040194,6.461409359019447e-17,8.232133811463829e-16,0.0,7.357469593995798e-15,2.4507936747677412e-14,converged
2025-01-15T13:15:00+08:00,5.25,-0.833333333333333,466.6666666666667,2.5,47.8,47.8,42.4,42.4,50.0,60.0,85.0,38.89305641397645,12.980711271624322,12.68732397242646,13.22502116992567,66.91328418431769,0.9511923013980651,48.09701230556822,48.2,48.2,41.12083632087209,40.08202359285257,39.819248546317,40.33937859287647,0.12686916666666664,0.35271997027900953,28.546081698616714,28.87986962504846,20.169943131377366,28.208850523938413,23.79281044804245,24.111559146837543,23.860911557285483,23.55419157239675,19.6885261582574,23.935499431054065,23.68412636086104,23.376527797213267,1.0,0.08333333333333333,0.8333333333333334,0.25,0.0,20.169943131377366,23.79281044804245,28.208850523938413,13.71265381960277,22.384547018521882,28.052885151040194,6.461409359019447e-17,9.901508134187666e-16,0.0,5.652110893265459e-15,5.6301539053951786e-14,converged
2025-01-15T13:20:00+08:00,5.333333333333333,-0.75,470.0,2.5,47.8,47.8,42.4,42.4,50.0,60.0,85.0,38.89305641397645,12.980711271624322,12.68732397242646,13.22502116992567,66.91328418431769,0.9511923013980651,47.8,48.2,48.2,40.926103843079105,40.08931811258453,39.82666917272253,40.27928868458557,0.12431515,0.35096052225454855,28.565979398109558,28.905077413526968,20.19358026184553,28.22419116533175,23.814924420322438,24.138686838399146,23.883383068125152,23.571305081446297,19.712904148400263,23.962669077887693,23.706634052526702,23.393671449531073,1.0,0.08333333333333333,0.8333333333333334,0.25,0.0,20.19358026184553,23.814924420322438,28.22419116533175,13.71265381960277,22.384547018521882,28.052885151040194,6.461409359019447e-17,3.3170489113445017e-16,0.0,2.954246686666197e-15,2.3986264507347653e-14,converged
2025-01-15T13:25:00+08:00,5.416666666666667,-0.666666666666667,473.3333333333333,2.5,47.8,47.8,42.4,42.4,50.0,60.0,85.0,38.89305641397645,12.980711271624322,12.68732397242646,13.22502116992567,66.91328418431769,0.9511923013980651,47.8,47.99076376148176,48.2,40.9328601147117,39.95706700997595,39.83417492193698,40.24095413805255,0.12176113333333334,0.34961203931869794,28.586101984398987,28.930534057724238,20.217503684246292,28.23971860936265,23.836893665059485,24.165710585904524,23.905742983731702,23.588293016258334,19.73757598072278,23.990115326595905,23.729391590210675,23.41103366614698,1.0,0.08333333333333333,0.8333333333333334,0.25,0.0,20.217503684246292,23.836893665059485,28.23971860936265,13.71265381960277,22.384547018521882,28.052885151040194,6.461409359019447e-17,0.0,0.0,5.4630237489679095e-16,2.7576906790578662e-14,converged
2025-01-15T13:30:00+08:00,5.5,-0.583333333333333,476.6666666666667,2.5,47.8,47.8,42.4,42.4,50.0,60.0,85.0,38.89305641397645,12.980711271624322,12.68732397242646,13.22502116992567,66.91328418431769,0.9511923013980651,47.8,47.8,48.04423081208322,40.939692230120656,39.83704620050707,39.737366228716006,40.17116393786733,0.11920711666666664,0.347565643334158,28.606448708223354,28.956238772089623,20.241712092830596,28.255432322439216,23.858754927796262,24.19266500818195,23.928024189966266,23.60518671962265,19.7622276878052,24.017558256275887,23.75213313657955,23.42836136864219,1.0,0.08333333333333333,0.8333333333333334,0.25,0.0,20.241712092830596,23.858754927796262,28.255432322439216,13.71265381960277,22.384547018521882,28.052885151040194,6.461409359019447e-17,1.6747242436015218e-16,0.0,1.8827563957363982e-15,3.6582597662036065e-14,converged
2025-01-15T13:35:00+08:00,5.583333333333333,-0.5,480.0,2.5,47.4,47.4,42.2,42.2,50.0,60.0,85.0,38.70959860070299,12.919481501475154,12.627478104631999,13.162638994595834,66.28351560097029,0.9377954249842816,47.8,47.79999999999999,47.8,40.920339685684084,39.81378882563891,39.549614867191046,40.09327601514895,0.1166531,0.3456947589531728,28.626980712128855,28.982155328989993,20.266176658357786,28.271298496553438,23.8808326037595,24.219857875935116,23.950518736906904,23.622263949570744,19.78664426057642,24.044799640188586,23.77466993747763,23.44547430699525,1.0,0.08333333333333333,0.8333333333333334,0.25,0.0,20.266176658357786,23.8808326037595,28.271298496553438,13.777642700264392,22.490634919083593,28.185837213367392,1.30456001541641e-16,3.3675755507390904e-16,0.0,4.93560291655198e-15,2.374471377917935e-14,converged
2025-01-15T13:40:00+08:00,5.666666666666667,-0.41666666666666696,483.3333333333333,2.5,47.4,47.4,42.2,42.2,50.0,60.0,85.0,38.70959860070299,12.919481501475154,12.627478104631999,13.162638994595834,66.28351560097029,0.9377954249842816,47.8,47.79999999999999,47.8,40.92733844054742,39.82119530836067,39.55715794185734,40.10059286320142,0.11409908333333335,0.3453665525675847,28.64773553051289,29.008318553288852,20.290923766559725,28.287349999330864,23.903166815534693,24.24732658156196,23.973262647099833,23.639559590383865,19.811354516848496,24.072317397634155,23.797456515162327,23.462805942982094,1.0,0.08333333333333333,0.8333333333333334,0.25,0.0,20.290923766559725,23.903166815534693,28.287349999330864,13.777642700264392,22.490634919083593,28.185837213367392,1.30456001541641e-16,1.0112327406472306e-15,0.0,3.370775802157435e-16,3.2302933104456336e-14,converged
2025-01-15T13:45:00+08:00,5.75,-0.33333333333333304,486.6666666666667,2.5,47.4,47.4,42.2,42.2,50.0,60.0,85.0,38.70959860070299,12.919481501475154,12.627478104631999,13.162638994595834,66.28351560097029,0.9377954249842816,47.70221141602115,47.79999999999999,47.8,40.86819118425805,39.82868488173889,39.5647861014784,40.085889255596676,0.11154506666666665,0.3445621131475069,28.66853302316263,29.03455770687863,20.315769334130472,28.30343252278087,23.92575651760082,24.275070059928574,23.99625500569829,23.657072878861204,19.836356989900235,24.100110468694293,23.820491959524848,23.480355517616747,1.0,0.08333333333333333,0.8333333333333334,0.25,0.0,20.315769334130472,23.92575651760082,28.30343252278087,13.777642700264392,22.490634919083593,28.185837213367392,1.30456001541641e-16,6.757290914169514e-16,0.0,1.7421140638093277e-15,2.8172591400371527e-14,converged
2025-01-15T13:50:00+08:00,5.833333333333333,-0.25,490.0,2.5,47.4,47.4,42.2,42.2,50.0,60.0,85.0,38.70959860070299,12.919481501475154,12.627478104631999,13.162638994595834,66.28351560097029,0.9377954249842816,47.4,47.79999999999999,47.8,40.67054513627395,39.83625723107788,39.57249900703456,40.025016947976994,0.10899105,0.34276822427719744,28.688998947234527,29.06051808536529,20.340332076352887,28.319225188872554,23.94860066869792,24.303087250014006,24.01949490121185,23.67480305446883,19.861650220335573,24.128177797515587,23.84377536377254,23.49812227454729,1.0,0.08333333333333333,0.8333333333333334,0.25,0.0,20.340332076352887,23.94860066869792,28.319225188872554,13.777642700264392,22.490634919083593,28.185837213367392,1.30456001541641e-16,3.3963277101435596e-16,0.0,3.348566851719666e-15,2.8640664632281405e-14,converged
2025-01-15T13:55:00+08:00,5.916666666666667,-0.16666666666666696,493.3333333333333,2.5,47.4,47.4,42.2,42.2,50.0,60.0,85.0,38.70959860070299,12.919481501475154,12.627478104631999,13.162638994595834,66.28351560097029,0.9377954249842816,47.4,47.59925079352668,47.8,40.67754327811619,39.710204772360186,39.58029632088646,39.98888433173665,0.10643703333333333,0.3414515189547447,28.709687905813933,29.086724993003333,20.36517691357379,28.335203393474217,23.971313750123475,24.331012829446276,24.04263535652497,23.692419755364558,19.887232756047005,24.156518332293917,23.86730582441683,23.5161054600467,1.0,0.08333333333333333,0.8333333333333334,0.25,0.0,20.36517691357379,23.971313750123475,28.335203393474217,13.777642700264392,22.490634919083593,28.185837213367392,1.30456001541641e-16,1.7047123144056694e-16,0.0,7.990838973776576e-17,2.0524069246358074e-14,converged
2025-01-15T14:00:00+08:00,6.0,-0.08333333333333304,496.6666666666667,2.5,47.4,47.4,42.2,42.2,50.0,60.0,85.0,38.70959860070299,12.919481501475154,12.627478104631999,13.162638994595834,66.28351560097029,0.9377954249842816,47.4,47.399999999999984,47.65486697706939,40.68461677891279,39.5850548128594,39.49109167483461,39.92008715843627,0.10388301666666665,0.33940827557437825,28.730599156252886,29.113177652049583,20.39030255946721,28.35136660692044,23.993899944299425,24.358850569613214,24.065679950210143,23.70992641034119,19.912812172773492,24.184871442146,23.890835828710486,23.534069446502777,1.0,0.08333333333333333,0.8333333333333334,0.25,0.0,20.39030255946721,23.993899944299425,28.35136660692044,13.777642700264392,22.490634919083593,28.185837213367392,1.30456001541641e-16,1.3719797683769022e-15,0.0,2.387566354734023e-15,3.148690346869307e-14,converged
2025-01-15T14:05:00+08:00,6.083333333333333,0.0,500.0,2.5,47.0,47.0,42.0,42.0,50.0,60.0,85.0,38.526140787429505,12.858251731325977,12.56763223683753,13.100256819265992,65.65672464685854,0.9245249332552503,47.4,47.4,47.4,40.665959066619116,39.56253066157484,39.29727762052068,39.840608792960104,0.101329,0.3374789201561107,28.751694593133514,29.139840616617168,20.415680515791703,28.36768161087292,24.016700220259995,24.386923998370808,24.088935650252353,23.727614928729526,19.9381313283503,24.213001618306286,23.914141152763182,23.55180014595797,1.0,0.08333333333333333,0.8333333333333334,0.25,0.0,20.415680515791703,24.016700220259995,28.36768161087292,13.843250522646608,22.597733180603043,28.32005548581201,1.3170139783753745e-16,5.1743374863124865e-16,0.0,2.9105648360507734e-15,2.3082747139081588e-14,converged
2025-01-15T14:10:00+08:00,6.166666666666667,-0.04166666666666652,490.62500000000006,2.5104166666666665,47.0,47.0,42.0,42.0,50.0,60.0,85.0,38.526140787429505,12.858251731325977,12.56763223683753,13.100256819265992,65.65672464685854,0.9245249332552503,47.4,47.4,47.4,40.67306159062976,39.57006492068791,39.304960000946615,39.84804932528623,0.10551960416666664,0.3371467475318829,28.77218946419349,29.165769227637835,20.44035349893581,28.383548855307865,24.038849723827465,24.4142127458663,24.111547718741917,23.744816812101934,19.96273180319943,24.240347629159185,23.936803241899135,23.569044482386786,1.0,0.08333333333333333,0.8333333333333334,0.25,0.0,20.44035349893581,24.038849723827465,28.383548855307865,13.843250522646608,22.597733180603043,28.32005548581201,1.3170139783753745e-16,1.0358870967538471e-15,0.0,5.999512768699365e-15,2.2319647784101676e-14,converged
2025-01-15T14:15:00+08:00,6.25,-0.08333333333333348,481.24999999999994,2.5208333333333335,47.0,47.0,42.0,42.0,50.0,60.0,85.0,38.526140787429505,12.858251731325977,12.56763223683753,13.100256819265992,65.65672464685854,0.9245249332552503,47.30746004181173,47.4,47.4,40.6174109186198,39.57738602647774,39.31242601645527,39.834402625843666,0.10971020833333334,0.33637714088843845,28.791916180344984,29.190805135224313,20.464151827304452,28.39882424887598,24.060351106127353,24.44071984082564,24.13351851599179,23.761533760205424,19.98661718557075,24.266912480700256,23.958824438812538,23.585804142944095,1.0,0.08333333333333333,0.8333333333333334,0.25,0.0,20.464151827304452,24.060351106127353,28.39882424887598,13.843250522646608,22.597733180603043,28.32005548581201,1.3170139783753745e-16,8.652142764477022e-16,0.0,3.244553536678883e-17,4.8898682437485644e-14,converged
2025-01-15T14:20:00+08:00,6.333333333333333,-0.125,471.875,2.53125,47.0,47.0,42.0,42.0,50.0,60.0,85.0,38.526140787429505,12.858251731325977,12.56763223683753,13.100256819265992,65.65672464685854,0.9245249332552503,47.0,47.4,47.4,40.41614414126612,39.5844947881562,39.31967652865279,39.77201342814708,0.1139008125,0.3345812688715729,28.81048437598958,29.21457885794649,20.4866792566161,28.413172556679022,24.081207007484988,24.466448300284444,24.154850393659228,23.777767466850037,20.009791045798615,24.292699167401963,23.98020707766537,23.602080808932154,1.0,0.16666666666666666,0.8333333333333334,0.25,0.0,20.4866792566161,24.081207007484988,28.413172556679022,13.843250522646608,22.597733180603043,28.32005548581201,1.3170139783753745e-16,6.958866658588719e-16,0.0,4.0774609327668275e-16,3.1802546352826765e-14,converged
2025-01-15T14:25:00+08:00,6.416666666666667,-0.16666666666666652,462.50000000000006,2.5416666666666665,47.0,47.0,42.0,42.0,50.0,60.0,85.0,38.526140787429505,12.858251731325977,12.56763223683753,13.100256819265992,65.65672464685854,0.9245249332552503,47.0,47.20781865444825,47.4,40.422421860323055,39.46363998414594,39.326712395642474,39.737076978585755,0.11809141666666664,0.3333421783469953,28.828460415829053,29.23762733654694,20.50851470800822,28.42707871601177,24.10105230107066,24.491052710857645,24.175214681569855,23.79320435600997,20.0322569363913,24.317710672257856,24.000953484118472,23.61787615582092,1.0,0.16666666666666666,0.8333333333333334,0.25,0.0,20.50851470800822,24.10105230107066,28.42707871601177,13.843250522646608,22.597733180603043,28.32005548581201,1.3170139783753745e-16,1.2223284446474385e-15,0.0,1.6261333772541815e-15,3.2495293491921117e-14,converged
2025-01-15T14:30:00+08:00,6.5,-0.20833333333333348,453.12499999999994,2.5520833333333335,47.0,47.0,42.0,42.0,50.0,60.0,85.0,38.526140787429505,12.858251731325977,12.56763223683753,13.100256819265992,65.65672464685854,0.9245249332552503,47.0,47.0,47.265604438864955,40.42850237842358,39.33200393812603,39.24380350525852,39.667973344395776,0.12228202083333334,0.3313605236791535,28.845846270407186,29.259952857631436,20.52966133613732,28.440543988338,24.11986199135893,24.514509789038538,24.194588651267107,23.8078221545295,20.05374911053735,24.341709808527614,24.02083781761955,23.63297455383842,1.0,0.16666666666666666,0.8333333333333334,0.25,0.0,20.52966133613732,24.11986199135893,28.440543988338,13.843250522646608,22.597733180603043,28.32005548581201,1.3170139783753745e-16,3.5132525906935224e-16,0.0,1.1898398422387828e-15,3.299296994983829e-14,converged
2025-01-15T14:35:00+08:00,6.583333333333333,-0.25,443.75,2.5625,47.2,47.2,42.1,42.1,50.0,60.0,85.0,38.61786969406625,12.888866616400566,12.597555170734767,13.131447906930916,65.96974792025996,0.9311444184703936,47.0,46.99999999999999,47.0,40.44699376795256,39.35298784674822,39.088177966330264,39.6280718772803,0.126472625,0.3298934761858274,28.862662108834467,29.281574553152197,20.550135648759326,28.453585589876248,24.138056945741646,24.53721841956448,24.213350971279155,23.821981235369396,20.074029740941693,24.36448649836524,24.039660174008326,23.64718530917955,1.0,0.16666666666666666,0.8333333333333334,0.25,0.0,20.550135648759326,24.138056945741646,28.453585589876248,13.810368692426543,22.544056854758377,28.252786945465648,2.621529621085595e-16,8.822190360727126e-16,0.0,1.0629093846453185e-15,2.13998485035689e-14,converged
2025-01-15T14:40:00+08:00,6.666666666666667,-0.2916666666666665,434.37500000000006,2.5729166666666665,47.2,47.2,42.1,42.1,50.0,60.0,85.0,38.61786969406625,12.888866616400566,12.597555170734767,13.131447906930916,65.96974792025996,0.9311444184703936,47.0,46.99999999999999,47.0,40.45267632648887,39.35901411221972,39.09433600400315,39.63402823643469,0.13066322916666664,0.3296269293619648,28.878891606278962,29.30247776941835,20.56992733323982,28.466188759990082,24.155619873491695,24.55916305767277,24.231486123411134,23.835665998694676,20.093616833142292,24.38649952541168,24.057855607461107,23.660921900961267,1.0,0.16666666666666666,0.8333333333333334,0.25,0.0,20.56992733323982,24.155619873491695,28.466188759990082,13.810368692426543,22.544056854758377,28.252786945465648,2.621529621085595e-16,1.4126918823322063e-15,0.0,5.243516458497343e-15,2.3764047118394515e-14,converged
2025-01-15T14:45:00+08:00,6.75,-0.3333333333333335,424.99999999999994,2.5833333333333335,47.2,47.2,42.1,42.1,50.0,60.0,85.0,38.61786969406625,12.888866616400566,12.597555170734767,13.131447906930916,65.96974792025996,0.9311444184703936,47.04758525230294,46.99999999999999,47.0,40.4903590947053,39.36483329676375,39.100284097134995,39.65052585144489,0.13485383333333334,0.3295993701443619,28.89462396551996,29.32274743295484,20.58912842981218,28.478429540722544,24.172553349913347,24.580346652859014,24.248996408088097,23.84887810158016,20.112513850341532,24.40775181772825,24.07542640177745,23.67418597439006,1.0,0.16666666666666666,0.8333333333333334,0.25,0.0,20.58912842981218,24.172553349913347,28.478429540722544,13.810368692426543,22.544056854758377,28.252786945465648,2.621529621085595e-16,1.7660125044526908e-16,0.0,3.3220487074446183e-15,5.175855512892705e-14,converged
2025-01-15T14:50:00+08:00,6.833333333333333,-0.375,415.625,2.59375,47.2,47.2,42.1,42.1,50.0,60.0,85.0,38.61786969406625,12.888866616400566,12.597555170734767,13.131447906930916,65.96974792025996,0.9311444184703936,47.2,46.99999999999999,47.0,40.59884296203503,39.37044618664833,39.10602308143011,39.69051521314652,0.1390444375,0.3300862345939153,28.910052588407698,29.34256722391139,20.60793688780059,28.490473387129203,24.188859939817327,24.60077214323189,24.26588411729724,23.861619195311516,20.1307242384482,24.42824629214939,24.09237483243731,23.686979168964044,1.0,0.16666666666666666,0.8333333333333334,0.25,0.0,20.60793688780059,24.188859939817327,28.490473387129203,13.810368692426543,22.544056854758377,28.252786945465648,2.621529621085595e-16,1.763407704204227e-16,0.0,5.196352751503342e-15,2.335340897685568e-14,converged
2025-01-15T14:55:00+08:00,6.916666666666667,-0.4166666666666665,406.25000000000006,2.6041666666666665,47.2,47.2,42.1,42.1,50.0,60.0,85.0,38.61786969406625,12.888866616400566,12.597555170734767,13.131447906930916,65.96974792025996,0.9311444184703936,47.2,47.09823772580966,47.0,40.604056433096254,39.441220510027165,39.111553789196954,39.717223195374764,0.14325954166666663,0.33032511868378384,28.92489948800229,29.361674218507535,20.626070312947903,28.502081649595862,24.204730265232975,24.62062063432852,24.282320812489587,23.87405214935173,20.148251426163842,24.447985854325708,24.10870316663138,23.699303118492764,1.0,0.16666666666666666,0.8333333333333334,0.25,0.0,20.626070312947903,24.204730265232975,28.502081649595862,13.810368692426543,22.544056854758377,28.252786945465648,2.621529621085595e-16,0.0,0.0,4.448961468565483e-15,3.303287343882235e-14,converged
2025-01-15T15:00:00+08:00,7.0,-0.4583333333333335,396.87499999999994,2.6145833333333335,47.2,47.2,42.1,42.1,50.0,60.0,85.0,38.61786969406625,12.888866616400566,12.597555170734767,13.131447906930916,65.96974792025996,0.9311444184703936,47.2,47.199999999999996,47.06988852218137,40.60907681215921,39.514223649468875,39.16358392475139,39.760405253336394,0.14785439583333335,0.3309417036050332,28.93916660071343,29.380070664779254,20.643531782999986,28.513255571231618,24.220172453934474,24.639900389761458,24.298313899390106,23.886183532585523,20.165238901491993,24.467098343440473,24.124532364713904,23.711272503522874,1.0,0.16666666666666666,0.8333333333333334,0.25,0.0,20.643531782999986,24.220172453934474,28.513255571231618,13.810368692426543,22.544056854758377,28.252786945465648,2.621529621085595e-16,1.5829644390977845e-15,0.0,7.833605303825414e-16,3.6093647552056013e-14,converged
2025-01-15T15:05:00+08:00,7.083333333333333,-0.5,387.5,2.625,47.4,47.4,42.2,42.2,50.0,60.0,85.0,38.70959860070299,12.919481501475152,12.627478104631997,13.162638994595834,66.28351560097029,0.9377954249842816,47.2,47.2,47.2,40.62652689833022,39.53409329356259,39.27099414103683,39.809234265541335,0.15244925,0.3315220558145421,28.952874097290525,29.397775666604925,20.660337714931526,28.52401239643492,24.235013618040618,24.658447792470362,24.31370772554224,23.897864893930834,20.181828271794163,24.485712963382777,24.139985012678476,23.723003917614637,1.0,0.16666666666666666,0.8333333333333334,0.25,0.0,20.660337714931526,24.235013618040618,28.52401239643492,13.777642700264396,22.490634919083597,28.185837213367392,1.9568400231246148e-16,5.267311169127422e-16,0.0,1.709509697411953e-16,2.3127263585201754e-14,converged
2025-01-15T15:10:00+08:00,7.166666666666667,-0.5416666666666665,378.12500000000006,2.6354166666666665,47.4,47.4,42.2,42.2,50.0,60.0,85.0,38.70959860070299,12.919481501475152,12.627478104631997,13.162638994595834,66.28351560097029,0.9377954249842816,47.2,47.2,47.2,40.631159511700325,39.53900311691714,39.27601810346925,39.81409038031031,0.15704410416666667,0.33130422870307313,28.966005586359124,29.414774525320112,20.67647773605723,28.534337301686005,24.249236408609992,24.676247252912326,24.32848672761002,23.909080585464014,20.197742524962145,24.503579863163186,24.154823000721922,23.73426976175735,1.0,0.16666666666666666,0.8333333333333334,0.25,0.0,20.67647773605723,24.249236408609992,28.534337301686005,13.777642700264396,22.490634919083597,28.185837213367392,1.9568400231246148e-16,0.0,0.0,3.4212080777124457e-16,2.8315989153504345e-14,converged
2025-01-15T15:15:00+08:00,7.25,-0.5833333333333335,368.74999999999994,2.6458333333333335,47.4,47.4,42.2,42.2,50.0,60.0,85.0,38.70959860070299,12.919481501475152,12.627478104631997,13.162638994595834,66.28351560097029,0.9377954249842816,47.24889429198942,47.2,47.2,40.66871211223586,39.54371044954193,39.28083698740707,39.82979788230495,0.16163895833333333,0.3313316431030813,28.97865268502591,29.431154448609224,20.69204628033543,28.54430840946899,24.262843345846402,24.693301659228343,24.342653161217786,23.919832234391563,20.212985032682145,24.52070191035832,24.16904856847351,23.74507165170264,1.0,0.16666666666666666,0.8333333333333334,0.25,0.0,20.69204628033543,24.262843345846402,28.54430840946899,13.777642700264396,22.490634919083597,28.185837213367392,1.9568400231246148e-16,3.5135588239218254e-16,0.0,1.0552756815976234e-15,2.4662299776210166e-14,converged
2025-01-15T15:20:00+08:00,7.333333333333333,-0.625,359.375,2.65625,47.4,47.4,42.2,42.2,50.0,60.0,85.0,38.70959860070299,12.919481501475152,12.627478104631997,13.162638994595834,66.28351560097029,0.9377954249842816,47.4,47.2,47.2,40.77536163191867,39.54821606038491,39.28545160897435,39.868431493884444,0.1662338125,0.33186088030059774,28.99100405656181,29.447094621499446,20.707236371521365,28.55408712452334,24.275836939682478,24.709613888407,24.35620927371459,23.930121462233966,20.227559149801415,24.537081961547383,24.182663947402,23.75541119759471,1.0,0.16666666666666666,0.8333333333333334,0.25,0.0,20.707236371521365,24.275836939682478,28.55408712452334,13.777642700264396,22.490634919083597,28.185837213367392,1.9568400231246148e-16,1.0523866662574371e-15,0.0,2.560190427498777e-15,3.314558916193542e-14,converged
2025-01-15T15:25:00+08:00,7.416666666666667,-0.6666666666666665,350.00000000000006,2.6666666666666665,47.4,47.4,42.2,42.2,50.0,60.0,85.0,38.70959860070299,12.919481501475152,12.627478104631997,13.162638994595834,66.28351560097029,0.9377954249842816,47.4,47.300374603236655,47.2,40.779537119715954,39.619374350723646,39.28986278097984,39.89453761721699,0.17082866666666666,0.3321585969785796,29.00278393613933,29.46233421891153,20.72176791997936,28.56343671188202,24.28841193066465,24.72536893905159,24.369330338689135,23.940114686828483,20.24146821441235,24.55272286235433,24.195671360845367,23.76529000398978,1.0,0.16666666666666666,0.8333333333333334,0.25,0.0,20.72176791997936,24.28841193066465,28.56343671188202,13.777642700264396,22.490634919083597,28.185837213367392,1.9568400231246148e-16,7.009622685421101e-16,0.0,3.379535713876335e-15,3.667443326647666e-14,converged
2025-01-15T15:30:00+08:00,7.5,-0.7083333333333335,340.62499999999994,2.6770833333333335,47.4,47.4,42.2,42.2,50.0,60.0,85.0,38.70959860070299,12.919481501475152,12.627478104631997,13.162638994595834,66.28351560097029,0.9377954249842816,47.4,47.4,47.27256651146531,40.78352352881585,39.68992227386795,39.342614328898094,39.93681897208178,0.17542352083333335,0.3328266272253449,29.013994226680776,29.476875451001153,20.735643928600716,28.57235839659583,24.300568200702685,24.740567253859695,24.382016345337302,23.949811426372683,20.254861037639,24.567757239046344,24.20819633031579,23.774827108125976,1.0,0.16666666666666666,0.8333333333333334,0.25,0.0,20.735643928600716,24.300568200702685,28.57235839659583,13.777642700264396,22.490634919083597,28.185837213367392,1.9568400231246148e-16,5.24666503386976e-16,0.0,3.885663283372224e-15,3.087188989150535e-14,converged
2025-01-15T15:35:00+08:00,7.583333333333333,-0.75,331.25,2.6875,47.6,47.6,42.3,42.3,50.0,60.0,85.0,38.801327507339714,12.950096386549735,12.657401038529228,13.19383008226075,66.59802768898952,0.944478027669357,47.4,47.4,47.4,40.79996993586618,39.708719437204806,39.447224184005805,39.98401092560786,0.180018375,0.33344175871524134,29.024655119162976,29.490737415990466,20.748880736492968,28.580869462635697,24.3121368476445,24.755048967517183,24.394115229961443,23.959066673126326,20.267868420574235,24.582304703066548,24.220352354717864,23.78413047581134,1.0,0.16666666666666666,0.8333333333333334,0.25,0.0,20.748880736492968,24.3121368476445,28.580869462635697,13.74507144092571,22.437465569393094,28.119204028465823,1.2983991738925275e-16,0.0,0.0,2.576289649624463e-15,2.5208371964511086e-14,converged
2025-01-15T15:40:00+08:00,7.666666666666667,-0.7916666666666665,321.87500000000006,2.6979166666666665,47.6,47.6,42.3,42.3,50.0,60.0,85.0,38.801327507339714,12.950096386549735,12.657401038529228,13.19383008226075,66.59802768898952,0.944478027669357,47.4,47.4,47.4,40.80357853048967,39.71254202400387,39.4511449263793,39.987795468055765,0.18461322916666667,0.3332715960468359,29.03475013822148,29.503905349028766,20.761467901974697,28.58895501271555,24.323100448649196,24.768798426888118,24.405611369647488,23.96786472108778,20.280218566812856,24.596120032677415,24.23190572140242,23.792976692989047,1.0,0.16666666666666666,0.8333333333333334,0.25,0.0,20.761467901974697,24.323100448649196,28.58895501271555,13.74507144092571,22.437465569393094,28.119204028465823,1.2983991738925275e-16,8.732766548951153e-16,0.0,3.087770018896078e-15,2.927564685650324e-14,converged
2025-01-15T15:45:00+08:00,7.75,-0.8333333333333335,312.49999999999994,2.7083333333333335,47.6,47.6,42.3,42.3,50.0,60.0,85.0,38.801327507339714,12.950096386549735,12.657401038529228,13.19383008226075,66.59802768898952,0.944478027669357,47.450197142362974,47.4,47.4,40.84102409447889,39.716166599481184,39.454865331695316,40.002740517649414,0.1892080833333333,0.3333529083420057,29.044373306940972,29.51646873112882,20.7735022443267,28.596695242354293,24.33346147012137,24.781818460129088,24.416506976169163,23.976207168198588,20.291914759197716,24.609206036309867,24.24285862675693,23.801367346545625,1.0,0.16666666666666666,0.8333333333333334,0.25,0.0,20.7735022443267,24.33346147012137,28.596695242354293,13.74507144092571,22.437465569393094,28.119204028465823,1.2983991738925275e-16,3.4922545720674415e-16,0.0,5.112031669387147e-16,4.6631804466574966e-14,converged
2025-01-15T15:50:00+08:00,7.833333333333333,-0.875,303.125,2.71875,47.6,47.6,42.3,42.3,50.0,60.0,85.0,38.801327507339714,12.950096386549735,12.657401038529228,13.19383008226075,66.59802768898952,0.944478027669357,47.6,47.4,47.4,40.945867243790815,39.71959391567983,39.458386197005886,40.040047578936104,0.1938029375,0.3339234936061754,29.05370856786528,29.528602269178386,20.78517188422517,28.604247521008208,24.34322236841159,24.794111884473608,24.426804253184088,23.98409560681539,20.30296026417414,24.621565511621828,24.253213259164127,23.809304017859116,1.0,0.16666666666666666,0.8333333333333334,0.25,0.0,20.78517188422517,24.34322236841159,28.604247521008208,13.74507144092571,22.437465569393094,28.119204028465823,1.2983991738925275e-16,3.486287250103863e-16,0.0,9.016959217492846e-16,3.2779057640340674e-14,converged
2025-01-15T15:55:00+08:00,7.916666666666667,-0.9166666666666665,293.75000000000006,2.7291666666666665,47.6,47.6,42.3,42.3,50.0,60.0,85.0,38.801327507339714,12.950096386549735,12.657401038529228,13.19383008226075,66.59802768898952,0.944478027669357,47.6,47.50250137722428,47.4,40.949030392940394,39.79116082079695,39.46170831612626,40.0655788080036,0.19839779166666666,0.3342789584222987,29.062482370697705,29.540047229696636,20.79619902863099,28.611377021614057,24.35258198767152,24.805867577608442,24.436682172792825,23.99169998987908,20.313358331871825,24.633201245539542,24.26297179903117,23.816788282818198,1.0,0.16666666666666666,0.8333333333333334,0.25,0.0,20.79619902863099,24.35258198767152,28.611377021614057,13.74507144092571,22.437465569393094,28.119204028465823,1.2983991738925275e-16,3.4825800097135015e-16,0.0,8.2689447219359725e-16,2.786664923961914e-14,converged
2025-01-15T16:00:00+08:00,8.0,-0.9583333333333335,284.37499999999994,2.7395833333333335,47.6,47.6,42.3,42.3,50.0,60.0,85.0,38.801327507339714,12.950096386549735,12.657401038529228,13.19383008226075,66.59802768898952,0.944478027669357,47.6,47.6,47.47523183886136,40.95200838332112,39.85928602532566,39.51520640230056,40.10698713238184,0.20299264583333332,0.33499738124299205,29.070696585508227,29.550805785636772,20.806586607582634,28.618084951456254,24.36153199698965,24.817078192739025,24.44613333715153,23.99901281267409,20.323263076952863,24.644250634201907,24.272264312347964,23.823943519184596,1.0,0.16666666666666666,0.8333333333333334,0.25,0.0,20.806586607582634,24.36153199698965,28.618084951456254,13.74507144092571,22.437465569393094,28.119204028465823,1.2983991738925275e-16,1.3900445596915561e-15,0.0,2.2298355532847186e-15,3.6910708914449937e-14,converged
2025-01-15T16:05:00+08:00,8.083333333333334,-1.0,275.0,2.75,47.8,47.8,42.4,42.4,50.0,60.0,85.0,38.89305641397645,12.98071127162432,12.68732397242646,13.22502116992567,66.91328418431769,0.9511923013980651,47.6,47.6,47.6,40.96748773968399,39.87705134821038,39.61706305595014,40.152583545388524,0.2075875,0.3356464327265101,29.078371441499954,29.560897051300564,20.816350894746,28.62438864513577,24.36990748188215,24.827587622224364,24.455009273012514,24.00589250824324,20.332794555297756,24.654823754751018,24.281195262002647,23.830869109247992,1.0,0.16666666666666666,0.8333333333333334,0.25,0.0,20.816350894746,24.36990748188215,28.62438864513577,13.712653819602771,22.384547018521882,28.052885151040194,6.461409359019447e-17,1.734195726158541e-16,0.0,2.5913168808436637e-15,3.0121543867055577e-14,converged
2025-01-15T16:10:00+08:00,8.166666666666666,-1.041666666666667,265.62499999999994,2.760416666666667,47.8,47.8,42.4,42.4,50.0,60.0,85.0,38.89305641397645,12.98071127162432,12.68732397242646,13.22502116992567,66.91328418431769,0.9511923013980651,47.6,47.6,47.6,40.97009763001289,39.879815188518684,39.619910633194806,40.15532447781662,0.2121823541666667,0.33552290207699637,29.085490362441462,29.570306175101294,20.825481370883043,28.63027312104534,24.377690930517513,24.83738013120304,24.46329428395455,24.012323302862608,20.341686152428192,24.664679977542985,24.289535300720065,23.837345797496173,1.0,0.16666666666666666,0.8333333333333334,0.25,0.0,20.825481370883043,24.377690930517513,28.63027312104534,13.712653819602771,22.384547018521882,28.052885151040194,6.461409359019447e-17,8.674171055558797e-16,0.0,5.622692390082268e-15,2.77589120968542e-14,converged
2025-01-15T16:15:00+08:00,8.25,-1.083333333333333,256.25000000000006,2.770833333333333,47.8,47.8,42.4,42.4,50.0,60.0,85.0,38.89305641397645,12.98071127162432,12.68732397242646,13.22502116992567,66.91328418431769,0.9511923013980651,47.65149384721589,47.6,47.6,41.00745868889244,39.88238538878354,39.622562493446836,40.169534031924236,0.21677720833333328,0.3356570594392945,29.09214976908271,29.579124903583057,20.834077232206585,28.635820640369133,24.384884756772465,24.846458489187704,24.470990538831337,24.018306765800407,20.34994106493947,24.673822053173268,24.297286582555493,23.84337514252895,1.0,0.16666666666666666,0.8333333333333334,0.25,0.0,20.834077232206585,24.384884756772465,28.635820640369133,13.712653819602771,22.384547018521882,28.052885151040194,6.461409359019447e-17,0.0,0.0,1.893589078846492e-15,6.009663185942561e-14,converged
2025-01-15T16:20:00+08:00,8.333333333333334,-1.125,246.875,2.78125,47.8,47.8,42.4,42.4,50.0,60.0,85.0,38.89305641397645,12.98071127162432,12.68732397242646,13.22502116992567,66.91328418431769,0.9511923013980651,47.8,47.6,47.6,41.1105228301634,39.88476268454865,39.62501941518119,40.205543035919426,0.2213720625,0.3362679906333891,29.098528900989354,29.58752348237883,20.84232171862157,28.641184552230204,24.39149136468177,24.854825454992188,24.478100198536296,24.023844460838994,20.35756247345795,24.682252721683827,24.304451253712013,23.84895869753463,1.0,0.16666666666666666,0.8333333333333334,0.25,0.0,20.84232171862157,24.39149136468177,28.641184552230204,13.712653819602771,22.384547018521882,28.052885151040194,6.461409359019447e-17,1.7309902379893005e-16,0.0,8.34366195499749e-16,3.3594812684526626e-14,converged
2025-01-15T16:25:00+08:00,8.416666666666666,-1.166666666666667,237.49999999999994,2.791666666666667,47.8,47.8,42.4,42.4,50.0,60.0,85.0,38.89305641397645,12.98071127162432,12.68732397242646,13.22502116992567,66.91328418431769,0.9511923013980651,47.8,47.70461811925913,47.6,41.11269868005081,39.95676215873283,39.627282173712445,40.230525638292306,0.22596691666666668,0.3366801419548082,29.104356414846013,29.59524526253319,20.84993932567042,28.646131930758614,24.397713687153598,24.86267377146231,24.484805920119967,24.02910986281985,20.364553542720838,24.689974712603625,24.311031452569118,23.85409801030881,1.0,0.16666666666666666,0.8333333333333334,0.25,0.0,20.84993932567042,24.397713687153598,28.646131930758614,13.712653819602771,22.384547018521882,28.052885151040194,6.461409359019447e-17,8.6443561202490655e-16,0.0,1.5596024951815146e-15,2.637814115530651e-14,converged
2025-01-15T16:30:00+08:00,8.5,-1.208333333333333,228.12500000000006,2.802083333333333,47.8,47.8,42.4,42.4,50.0,60.0,85.0,38.89305641397645,12.98071127162432,12.68732397242646,13.22502116992567,66.91328418431769,0.9511923013980651,47.8,47.8,47.677884593958396,41.11469319995433,40.022496426153,39.68155115415994,40.27108790813141,0.2305617708333333,0.3374479271712977,29.109634148494,29.602292380463226,20.856932912487633,28.650663965759897,24.403535213287206,24.869988333533037,24.491092948005836,24.034088471721564,20.371073671405355,24.69713017480692,24.317161772994485,23.85892078305178,1.0,0.16666666666666666,0.8333333333333334,0.25,0.0,20.856932912487633,24.403535213287206,28.650663965759897,13.712653819602771,22.384547018521882,28.052885151040194,6.461409359019447e-17,6.899750299419635e-16,0.0,1.6765590924872405e-15,2.4844714467485386e-14,converged
2025-01-15T16:35:00+08:00,8.583333333333334,-1.25,218.75,2.8125,48.0,48.0,42.5,42.5,50.0,60.0,85.0,38.984785320613184,13.011326156698908,12.717246906323691,13.256212257590587,67.22928508695479,0.9579383210428486,47.8,47.79999999999999,47.8,41.129241163597534,40.039269434845984,39.780700535379914,40.315129192989815,0.235156625,0.33813005713746663,29.11438238678724,29.608683987621504,20.863318699250556,28.65479805319562,24.408795017665543,24.876616796534233,24.49681640063895,24.03864215853092,20.377232230276434,24.70381970833019,24.32293769218655,23.863517858211726,1.0,0.16666666666666666,0.8333333333333334,0.25,0.0,20.863318699250556,24.408795017665543,28.65479805319562,13.680388751791941,22.33187749612536,27.986878362449513,2.5724153997001085e-16,3.4429155104541986e-16,1.259647640146552e-16,1.0374312341227363e-15,2.828392262155594e-14,converged
2025-01-15T16:40:00+08:00,8.666666666666666,-1.291666666666667,209.37499999999994,2.822916666666667,48.0,48.0,42.5,42.5,50.0,60.0,85.0,38.984785320613184,13.011326156698908,12.717246906323691,13.256212257590587,67.22928508695479,0.9579383210428486,47.8,47.79999999999999,47.8,41.13087706679914,40.041002320518864,39.782504223052214,40.316853785575276,0.2397514791666667,0.3380521484327614,29.118584436305834,29.614405125781666,20.869086080975322,28.658519116902593,24.41347548495099,24.88254332640666,24.501960494655215,24.042755072492824,20.382767753686156,24.709807239259273,24.32813419707788,23.867674112854854,1.0,0.16666666666666666,0.8333333333333334,0.25,0.0,20.869086080975322,24.41347548495099,28.658519116902593,13.680388751791941,22.33187749612536,27.986878362449513,2.5724153997001085e-16,1.7218544885256045e-16,1.259647640146552e-16,7.022575225420515e-16,2.9794463953452564e-14,converged
2025-01-15T16:45:00+08:00,8.75,-1.333333333333333,200.00000000000006,2.833333333333333,48.0,48.0,42.5,42.5,50.0,60.0,85.0,38.984785320613184,13.011326156698908,12.717246906323691,13.256212257590587,67.22928508695479,0.9579383210428486,47.852784449928315,47.79999999999999,47.8,41.16817556690726,40.04254583189365,39.78411669557629,40.330354114973744,0.2443463333333333,0.3382381204344262,29.12233910718881,29.61954979925602,20.874336622429226,28.661911476397318,24.417578977734514,24.887770635330387,24.506527356899745,24.046428754782195,20.38768335450325,24.71509546163626,24.33275340028268,23.871391077861464,1.0,0.16666666666666666,0.8333333333333334,0.25,0.0,20.874336622429226,24.417578977734514,28.661911476397318,13.680388751791941,22.33187749612536,27.986878362449513,2.5724153997001085e-16,1.720907768725378e-16,1.259647640146552e-16,5.144953605477539e-16,4.867717678266708e-14,converged
2025-01-15T16:50:00+08:00,8.833333333333334,-1.375,190.625,2.84375,48.0,48.0,42.5,42.5,50.0,60.0,85.0,38.984785320613184,13.011326156698908,12.717246906323691,13.256212257590587,67.22928508695479,0.9579383210428486,48.0,47.79999999999999,47.8,41.26948746210342,40.04390068841033,39.785538713331846,40.365092865357,0.2489411875,0.3388884174759781,29.125820953670107,29.62428380920977,20.87924870487413,28.665124475337215,24.421107848972223,24.892301425005968,24.510519106409923,24.04966474118519,20.391982130043626,24.71968705916444,24.33679740671231,23.87467027879542,1.0,0.16666666666666666,0.8333333333333334,0.25,0.0,20.87924870487413,24.421107848972223,28.665124475337215,13.680388751791941,22.33187749612536,27.986878362449513,2.5724153997001085e-16,1.2023238487433817e-15,1.259647640146552e-16,7.146053051282939e-16,2.2683073414110248e-14,converged
2025-01-15T16:55:00+08:00,8.916666666666666,-1.416666666666667,181.24999999999994,2.854166666666667,48.0,48.0,42.5,42.5,50.0,60.0,85.0,38.984785320613184,13.011326156698908,12.717246906323691,13.256212257590587,67.22928508695479,0.9579383210428486,48.0,47.90672490015498,47.8,41.27070046140093,40.11635600950398,39.78677103361266,40.38955242897605,0.2535360416666667,0.3393562159959178,29.128760831898223,29.62835258416954,20.883549104429765,28.66792708236781,24.424269105543132,24.896332289572104,24.514122071688085,24.05264001530803,20.3956671621481,24.72358470524798,24.340268313603367,23.877513235922613,1.0,0.16666666666666666,0.8333333333333334,0.25,0.0,20.883549104429765,24.424269105543132,28.66792708236781,13.680388751791941,22.33187749612536,27.986878362449513,2.5724153997001085e-16,0.0,1.259647640146552e-16,1.029058601348351e-15,4.815797488279614e-14,converged
2025-01-15T17:00:00+08:00,9.0,-1.458333333333333,171.87500000000006,2.864583333333333,48.0,48.0,42.5,42.5,50.0,60.0,85.0,38.984785320613184,13.011326156698908,12.717246906323691,13.256212257590587,67.22928508695479,0.9579383210428486,48.0,47.999999999999986,47.88052486550202,41.27173587053004,40.179730422177805,39.84183451499346,40.42929494091973,0.25813089583333326,0.3401723555155288,29.131160548098237,29.631758224671398,20.887240611223977,28.670320470098915,24.427038089180265,24.89984039671571,24.517314168551383,24.055333109265387,20.398903114046792,24.726935284435843,24.343305226181272,23.88005195987922,1.0,0.16666666666666666,0.8333333333333334,0.25,0.0,20.887240611223977,24.427038089180265,28.670320470098915,13.680388751791941,22.33187749612536,27.986878362449513,2.5724153997001085e-16,5.133367832778837e-16,1.259647640146552e-16,5.04465775644468e-15,4.311686232649764e-14,converged
2025-01-15T17:05:00+08:00,9.083333333333334,-1.5,162.5,2.875,48.2,48.2,42.6,42.6,50.0,60.0,85.0,39.07651422724992,13.041941041773494,12.747169840220925,13.287403345255507,67.5460303969008,0.9647161614761515,48.0,48.0,48.0,41.28538715364108,40.195549557572896,39.938321355456424,40.471820433141545,0.26272575,0.3408867398711507,29.1330404596401,29.63451993974186,20.890339403441835,28.672322106263962,24.429257864409653,24.90267716942615,24.519954107946393,24.057609328877774,20.401788730552838,24.729829975927743,24.345994685552483,23.882368796403245,1.0,0.16666666666666666,0.8333333333333334,0.25,0.0,20.890339403441835,24.429257864409653,28.672322106263962,13.64827516317271,22.279455248481877,27.921181464885073,1.2801762535289295e-16,5.122610014294093e-16,0.0,2.817293626538553e-15,2.9740070516238416e-14,converged
2025-01-15T17:10:00+08:00,9.166666666666666,-1.541666666666667,153.12499999999994,2.885416666666667,48.2,48.2,42.6,42.6,50.0,60.0,85.0,39.07651422724992,13.041941041773494,12.747169840220925,13.287403345255507,67.5460303969008,0.9647161614761515,48.0,48.0,48.0,41.28607320391857,40.196278599129236,39.939109670064376,40.47255528113238,0.2673206041666667,0.3408534649029234,29.1343837401347,29.636622645241037,20.89283478252276,28.673916810221634,24.43091069842981,24.90482665761448,24.522026006609586,24.059452737376077,20.40406766241056,24.7320372259485,24.34811598228929,23.884252729605773,1.0,0.16666666666666666,0.8333333333333334,0.25,0.0,20.89283478252276,24.43091069842981,28.673916810221634,13.64827516317271,22.279455248481877,27.921181464885073,1.2801762535289295e-16,3.4154067308686573e-16,0.0,2.651211042698325e-15,2.9695314329871995e-14,converged
2025-01-15T17:15:00+08:00,9.25,-1.583333333333333,143.75000000000006,2.895833333333333,48.2,48.2,42.6,42.6,50.0,60.0,85.0,39.07651422724992,13.041941041773494,12.747169840220925,13.287403345255507,67.5460303969008,0.9647161614761515,48.054068993473095,48.0,48.0,41.323330520733435,40.196822429134684,39.93971115621678,40.4853719875796,0.2719154583333333,0.3410902430330175,29.13529158087034,29.638162595520132,20.894830673424675,28.675190952524172,24.431998903759478,24.906291517411056,24.52353195027016,24.060864848410635,20.405742941210402,24.733559673241373,24.349671188437792,23.885705263203842,1.0,0.16666666666666666,0.8333333333333334,0.25,0.0,20.894830673424675,24.431998903759478,28.675190952524172,13.64827516317271,22.279455248481877,27.921181464885073,1.2801762535289295e-16,3.413035822770979e-16,0.0,2.3692257138687108e-15,6.015029635109485e-14,converged
2025-01-15T17:20:00+08:00,9.333333333333334,-1.625,134.375,2.90625,48.2,48.2,42.6,42.6,50.0,60.0,85.0,39.07651422724992,13.041941041773494,12.747169840220925,13.287403345255507,67.5460303969008,0.9647161614761515,48.2,48.0,48.0,41.42291634568047,40.19718175131194,39.94012655666729,40.51886761577459,0.2765103125,0.34177894741413883,29.13593386829402,29.63930116396668,20.896500620717326,28.67628988614918,24.43252478348478,24.907074394681164,24.524474016998948,24.061847170338165,20.406817583394005,24.734399946420815,24.350662368487495,23.886727895691237,1.0,0.16666666666666666,0.8333333333333334,0.25,0.0,20.896500620717326,24.43252478348478,28.67628988614918,13.64827516317271,22.279455248481877,27.921181464885073,1.2801762535289295e-16,3.406158357842696e-16,0.0,4.91339370343917e-15,3.163361719989535e-14,converged
2025-01-15T17:25:00+08:00,9.416666666666666,-1.666666666666667,124.99999999999993,2.916666666666667,48.2,48.2,42.6,42.6,50.0,60.0,85.0,39.07651422724992,13.041941041773494,12.747169840220925,13.287403345255507,67.5460303969008,0.9647161614761515,48.2,48.108821790060716,48.0,41.42319036650649,40.270115537383795,39.940356611156076,40.542829065942435,0.2811051666666667,0.34230137567146074,29.13604365053263,29.639785849575578,20.89757367310513,28.676984467612296,24.432699403732993,24.907375721048442,24.525042193315347,24.062580182460636,20.40729459032992,24.734560664011344,24.35109157939886,23.887322120356625,1.0,0.16666666666666666,0.8333333333333334,0.25,0.0,20.89757367310513,24.432699403732993,28.676984467612296,13.64827516317271,22.279455248481877,27.921181464885073,1.2801762535289295e-16,8.50239950092033e-16,0.0,3.4047590694973527e-15,5.3995869162944536e-14,converged
2025-01-15T17:30:00+08:00,9.5,-1.708333333333333,115.62500000000007,2.927083333333333,48.2,48.2,42.6,42.6,50.0,60.0,85.0,39.07651422724992,13.041941041773494,12.747169840220925,13.287403345255507,67.5460303969008,0.9647161614761515,48.2,48.2,48.0831527414046,41.42329045013095,40.33116049515108,39.996237470746564,40.58177745425275,0.2857000208333333,0.3431648830095469,29.135622702796407,29.639618717645842,20.89805255355644,28.677275852606478,24.4324899912868,24.907164967776772,24.525207095377382,24.06303547630674,20.407343870400602,24.734193429251487,24.351102421314565,23.88762424035129,1.0,0.16666666666666666,0.8333333333333334,0.25,0.0,20.89805255355644,24.4324899912868,28.677275852606478,13.64827516317271,22.279455248481877,27.921181464885073,1.2801762535289295e-16,0.0,0.0,1.7209698437440947e-15,3.026831047610963e-14,converged
2025-01-15T17:35:00+08:00,9.583333333333334,-1.75,106.25,2.9375,48.4,48.4,42.7,42.7,50.0,60.0,85.0,39.16824313388667,13.072555926848082,12.77709277411816,13.318594432920431,67.86352011415575,0.971525897570417,48.2,48.2,48.2,41.43607884316606,40.346063140726926,40.090105337189016,40.62282544065855,0.290294875,0.3439107147281687,29.1346914712918,29.638819054569396,20.897953409318635,28.677181590736613,24.43174360098727,24.906297329614148,24.524831027021822,24.063081789158254,20.407053600723835,24.733380055868842,24.35077254813422,23.887708147299968,1.0,0.16666666666666666,0.8333333333333334,0.25,0.0,20.897953409318635,24.43174360098727,28.677181590736613,13.616311989488462,22.227278538298073,27.85579228112655,6.370935665347146e-17,0.0,1.2254107111381142e-16,1.60777215186242e-15,3.8478958666997845e-14,converged
2025-01-15T17:40:00+08:00,9.666666666666666,-1.791666666666667,96.87499999999993,2.947916666666667,48.4,48.4,42.7,42.7,50.0,60.0,85.0,39.16824313388667,13.072555926848082,12.77709277411816,13.318594432920431,67.86352011415575,0.971525897570417,48.2,48.2,48.2,41.4358386057261,40.34581478381746,40.08990605597952,40.62259648113592,0.29488972916666667,0.34392110668000464,29.133232981406223,29.6373716316326,20.897265440769257,28.676686387266052,24.43044236915167,24.904756724231362,24.52389799259447,24.06270308956612,20.406172516635724,24.731893475389032,24.349885524085025,23.88736690724761,1.0,0.16666666666666666,0.8333333333333334,0.25,0.0,20.897265440769257,24.43044236915167,28.676686387266052,13.616311989488462,22.227278538298073,27.85579228112655,6.370935665347146e-17,6.769885276930759e-16,1.2254107111381142e-16,2.267304234103785e-15,3.1057118951586404e-14,converged
2025-01-15T17:45:00+08:00,9.75,-1.833333333333333,87.50000000000007,2.958333333333333,48.4,48.4,42.7,42.7,50.0,60.0,85.0,39.16824313388667,13.072555926848082,12.77709277411816,13.318594432920431,67.86352011415575,0.971525897570417,48.255347520420464,48.2,48.2,41.47307555775231,40.345385277580625,40.08952422084327,40.6347545140588,0.2994845833333333,0.3442077038714363,29.131350797373685,29.635374945529918,20.896094924707537,28.675878656522325,24.428588559412123,24.902545752964045,24.52241003758291,24.061900864213687,20.404703570826094,24.729736272484057,24.348443381500168,23.886601997293482,1.0,0.16666666666666666,0.8333333333333334,0.25,0.0,20.896094924707537,24.428588559412123,28.675878656522325,13.616311989488462,22.227278538298073,27.85579228112655,6.370935665347146e-17,3.3821242382888864e-16,1.2254107111381142e-16,4.361072172239591e-15,3.2309721332248255e-14,converged
2025-01-15T17:50:00+08:00,9.833333333333334,-1.875,78.125,2.96875,48.4,48.4,42.7,42.7,50.0,60.0,85.0,39.16824313388667,13.072555926848082,12.77709277411816,13.318594432920431,67.86352011415575,0.971525897570417,48.4,48.2,48.2,41.57096091600889,40.344775310398944,40.08896055736473,40.66703349586991,0.3040794375,0.3449338781895479,29.129210155298203,29.632985958465177,20.89461059078723,28.67489977550784,24.426184426165623,24.899667007092432,24.520369199962566,24.060676594583914,20.402649701228224,24.726911021902477,24.346448145299437,23.88541488940493,1.0,0.16666666666666666,0.8333333333333334,0.25,0.0,20.89461059078723,24.426184426165623,28.67489977550784,13.616311989488462,22.227278538298073,27.85579228112655,6.370935665347146e-17,3.3750039989682403e-16,1.2254107111381142e-16,3.016258858919583e-15,3.832203830007284e-14,converged
2025-01-15T17:55:00+08:00,9.916666666666666,-1.916666666666667,68.74999999999993,2.979166666666667,48.4,48.4,42.7,42.7,50.0,60.0,85.0,39.16824313388667,13.072555926848082,12.77709277411816,13.318594432920431,67.86352011415575,0.971525897570417,48.4,48.310908858468075,48.2,41.570319267738526,40.41820953601568,40.088215788185394,40.69052111181455,0.3086742916666667,0.3455099400987091,29.12654628783139,29.62995423291724,20.89254375231723,28.67352248199529,24.423445080128122,24.896324741975324,24.517969110898406,24.059214242671995,20.400013831092604,24.723420288507512,24.34390183301628,23.883807050435202,1.0,0.16666666666666666,0.8333333333333334,0.25,0.0,20.89254375231723,24.423445080128122,28.67352248199529,13.616311989488462,22.227278538298073,27.85579228112655,6.370935665347146e-17,5.0540653820412225e-16,1.2254107111381142e-16,2.1573212831208563e-15,5.094114649099576e-14,converged
2025-01-15T18:00:00+08:00,10.0,-1.958333333333333,59.375000000000064,2.989583333333333,48.4,48.4,42.7,42.7,50.0,60.0,85.0,39.16824313388667,13.072555926848082,12.77709277411816,13.318594432920431,67.86352011415575,0.971525897570417,48.4,48.4,48.28576830875493,41.56950725045359,40.476954772418516,40.14493619332157,40.72870036486793,0.3132691458333333,0.3464198499115639,29.123360939759195,29.62628179958114,20.889897066904712,28.671747915035425,24.42032966534275,24.892480763083054,24.515173115658957,24.05747848653593,20.396971094616138,24.71942037731745,24.340952523349326,23.881919060211313,1.0,0.16666666666666666,0.8333333333333334,0.25,0.0,20.889897066904712,24.42032966534275,28.671747915035425,13.616311989488462,22.227278538298073,27.85579228112655,6.370935665347146e-17,3.360526882528643e-16,1.2254107111381142e-16,3.8561393837211986e-15,4.6036876933436105e-14,converged
2025-01-15T18:05:00+08:00,10.083333333333334,-2.0,50.0,3.0,48.6,48.6,42.8,42.8,50.0,60.0,85.0,39.259972040523394,13.103170811922663,12.80701570801539,13.349785520585344,68.18175423871959,0.9783676041980879,48.4,48.4,48.4,41.58146564556739,40.49097728148223,40.23622751907431,40.76830811101563,0.317864,0.3471963386893179,29.119674661914527,29.621988041389812,20.886686661486873,28.669593715899886,24.416689226850494,24.88799404045085,24.51184711095321,24.055341491292747,20.39359915859516,24.71498379107006,24.33766903117983,23.87981639831816,1.0,0.16666666666666666,0.8333333333333334,0.25,0.0,20.886686661486873,24.416689226850494,28.669593715899886,13.584498176428916,22.175345644517005,27.7907086543015,1.2682399433652287e-16,5.029516826116658e-16,0.0,4.068914732289329e-15,3.4010134989172707e-14,converged
2025-01-15T18:10:00+08:00,10.166666666666666,-2.041666666666667,48.95833333333333,3.0,48.6,48.6,42.8,42.8,50.0,60.0,85.0,39.259972040523394,13.103170811922663,12.80701570801539,13.349785520585344,68.18175423871959,0.9783676041980879,48.4,48.4,48.4,41.58038852012846,40.48984590739364,40.23513591729624,40.76720836662704,0.3189823541666667,0.34724637048184376,29.115886288072627,29.61758305066938,20.883325657879098,28.667353547445977,24.412921573151717,24.883373641595576,24.508399195640173,24.053096104484066,20.390067436251268,24.710413217053556,24.334263389190255,23.877605173722785,1.0,0.16666666666666666,0.8333333333333334,0.25,0.0,20.883325657879098,24.412921573151717,28.667353547445977,13.584498176428916,22.175345644517005,27.7907086543015,1.2682399433652287e-16,1.0057584331153297e-15,0.0,5.34448630866393e-15,3.7800286113669384e-14,converged
2025-01-15T18:15:00+08:00,10.25,-2.083333333333333,47.91666666666667,3.0,48.6,48.6,42.8,42.8,50.0,60.0,85.0,39.259972040523394,13.103170811922663,12.80701570801539,13.349785520585344,68.18175423871959,0.9783676041980879,48.45662007294285,48.4,48.4,41.61782424097629,40.48867416905799,40.23400200244612,40.77893488168781,0.3201007083333333,0.3475725925371778,29.1121003597118,29.613165898075138,20.879920741596102,28.66511697663936,24.409027223363324,24.878620083345098,24.504829817535104,24.050742705338948,20.386376726250685,24.70570916980522,24.330736043046986,23.875285763689885,1.0,0.16666666666666666,0.8333333333333334,0.25,0.0,20.879920741596102,24.409027223363324,28.66511697663936,13.584498176428916,22.175345644517005,27.7907086543015,1.2682399433652287e-16,1.6746907599522902e-16,0.0,1.6410242219174963e-15,4.9862947397591445e-14,converged
2025-01-15T18:20:00+08:00,10.333333333333334,-2.125,46.875,3.0,48.6,48.6,42.8,42.8,50.0,60.0,85.0,39.259972040523394,13.103170811922663,12.80701570801539,13.349785520585344,68.18175423871959,0.9783676041980879,48.6,48.4,48.4,41.71436503914559,40.4874622195345,40.232825944395074,40.8103605023717,0.3212190625,0.3483199681312601,29.108476097031346,29.608887495653992,20.87663392301572,28.6630205377465,24.405006694483905,24.87373388052908,24.50113942280829,24.048281671759643,20.382527823267626,24.700872161886416,24.327087436790382,23.872858544173123,1.0,0.16666666666666666,0.8333333333333334,0.25,0.0,20.87663392301572,24.405006694483905,28.6630205377465,13.584498176428916,22.175345644517005,27.7907086543015,1.2682399433652287e-16,3.342194891998415e-16,0.0,4.978863684858188e-15,3.713995491450272e-14,converged
2025-01-15T18:25:00+08:00,10.416666666666666,-2.166666666666667,45.83333333333333,3.0,48.6,48.6,42.8,42.8,50.0,60.0,85.0,39.259972040523394,13.103170811922663,12.80701570801539,13.349785520585344,68.18175423871959,0.9783676041980879,48.6,48.51298617421933,48.4,41.713292883185446,40.56189571989743,40.23160791231693,40.833869482401404,0.3223374166666667,0.3489272358627126,29.10474953149291,29.604497812173904,20.873196854908656,28.66083796435202,24.4010774442542,24.868921083283073,24.49752372710186,24.04589936201537,20.37852151800426,24.695902703890177,24.32331801284071,23.870323889819698,1.0,0.16666666666666666,0.8333333333333334,0.25,0.0,20.873196854908656,24.4010774442542,28.66083796435202,13.584498176428916,22.175345644517005,27.7907086543015,1.2682399433652287e-16,3.336378186102362e-16,0.0,1.711838641204395e-15,6.867455602608133e-14,converged
2025-01-15T18:30:00+08:00,10.5,-2.208333333333333,44.79166666666667,3.0,48.6,48.6,42.8,42.8,50.0,60.0,85.0,39.259972040523394,13.103170811922663,12.80701570801539,13.349785520585344,68.18175423871959,0.9783676041980879,48.6,48.6,48.48837165382794,41.71218492112589,40.61898307213184,40.2897986344085,40.87190910347767,0.3234557708333333,0.34985507302552504,29.100921004342805,29.599997199323656,20.869610222843818,28.658569502784125,24.397188889885694,24.864133854244432,24.493937292210667,24.04355249792042,20.374536104761244,24.690959791666153,24.319578781258166,23.86782557877747,1.0,0.16666666666666666,0.8333333333333334,0.25,0.0,20.869610222843818,24.397188889885694,28.658569502784125,13.584498176428916,22.175345644517005,27.7907086543015,1.2682399433652287e-16,3.3275299060317265e-16,0.0,1.0968304537254582e-15,4.0910718346453286e-14,converged
2025-01-15T18:35:00+08:00,10.583333333333334,-2.25,43.75,3.0,48.8,48.8,42.9,42.9,50.0,60.0,85.0,39.35170094716014,13.13378569699725,12.83693864191262,13.380976608250263,68.50073277059235,0.985241356231609,48.599999999999994,48.6,48.6,41.72406498163104,40.63290364791151,40.379293360501734,40.91084654570814,0.324574125,0.35062781049853026,29.09700980995874,29.595403506656808,20.86588824024383,28.656232017018258,24.393194390547055,24.859232934543133,24.49024806606601,24.04111559860116,20.370636755290228,24.686104676251883,24.315928234042367,23.865419657054005,1.0,0.16666666666666666,0.8333333333333334,0.25,0.0,20.86588824024383,24.393194390547055,28.656232017018258,13.552832679514161,22.123654862128856,27.72592844764812,1.2623342939095965e-16,3.320196468768777e-16,0.0,1.8758834141164452e-15,3.322851329175634e-14,converged
2025-01-15T18:40:00+08:00,10.666666666666666,-2.291666666666667,42.70833333333333,3.0,48.8,48.8,42.9,42.9,50.0,60.0,85.0,39.35170094716014,13.13378569699725,12.83693864191262,13.380976608250263,68.50073277059235,0.985241356231609,48.599999999999994,48.6,48.6,41.72289330907829,40.63165732226088,40.37807432726679,40.90963441621505,0.32569247916666666,0.35068308398380155,29.09299727367066,29.590699533644436,20.86201799556582,28.65380908808223,24.389074124185463,24.854199943953592,24.486438266363326,24.038571358776608,20.366580258382495,24.681117184418504,24.312156879168434,23.86290622834667,1.0,0.16666666666666666,0.8333333333333334,0.25,0.0,20.86201799556582,24.389074124185463,28.65380908808223,13.552832679514161,22.123654862128856,27.72592844764812,1.2623342939095965e-16,8.299182876490855e-16,0.0,1.3902660121166798e-15,4.42710485943283e-14,converged
2025-01-15T18:45:00+08:00,10.75,-2.333333333333333,41.66666666666667,3.0,48.8,48.8,42.9,42.9,50.0,60.0,85.0,39.35170094716014,13.13378569699725,12.83693864191262,13.380976608250263,68.50073277059235,0.985241356231609,48.65788669281943,48.6,48.6,41.76113193734596,40.630371153998205,40.37681358622564,40.92154845114311,0.32681083333333333,0.3510207943242099,29.08899032075605,29.58598660877311,20.85810856168752,28.651392327114387,24.38482860411338,24.849035393201543,24.482508336097148,24.035920154075374,20.362367399620407,24.675997824626087,24.308265157501804,23.86028566633279,1.0,0.16666666666666666,0.8333333333333334,0.25,0.0,20.85810856168752,24.38482860411338,28.651392327114387,13.552832679514161,22.123654862128856,27.72592844764812,1.2623342939095965e-16,1.1607677749653185e-15,0.0,3.918884192981919e-15,4.603476524466422e-14,converged
2025-01-15T18:50:00+08:00,10.833333333333334,-2.375,40.625,3.0,48.8,48.8,42.9,42.9,50.0,60.0,85.0,39.35170094716014,13.13378569699725,12.83693864191262,13.380976608250263,68.50073277059235,0.985241356231609,48.79999999999999,48.6,48.6,41.8568020652766,40.62904529422973,40.37551130478494,40.95260340303693,0.3279291875,0.3517675416872941,29.085143582722893,29.58141129649168,20.85431722904446,28.649114336343207,24.38045834154821,24.843739791037716,24.47845871663442,24.033162358811587,20.35799896065919,24.670747103381704,24.30425350829906,23.857558343390853,1.0,0.16666666666666666,0.8333333333333334,0.25,0.0,20.85431722904446,24.38045834154821,28.649114336343207,13.552832679514161,22.123654862128856,27.72592844764812,1.2623342939095965e-16,0.0,0.0,1.9773626980900054e-15,4.5669523628772294e-14,converged
2025-01-15T18:55:00+08:00,10.916666666666666,-2.416666666666667,39.58333333333333,3.0,48.8,48.8,42.9,42.9,50.0,60.0,85.0,39.35170094716014,13.13378569699725,12.83693864191262,13.380976608250263,68.50073277059235,0.985241356231609,48.79999999999999,48.71505380551485,48.6,41.855636487446326,40.70482279994223,40.37416764966433,40.97647691552768,0.32904754166666667,0.35239036211363445,29.081195287719485,29.576725645759097,20.850377950792307,28.646750732208048,24.376184850151805,24.83852302991761,24.474488775189478,24.03048781027035,20.35347571924657,24.66536552524692,24.300122369213796,23.854724630605013,1.0,0.16666666666666666,0.8333333333333334,0.25,0.0,20.850377950792307,24.376184850151805,28.646750732208048,13.552832679514161,22.123654862128856,27.72592844764812,1.2623342939095965e-16,3.3035898351100374e-16,0.0,1.866126390731255e-15,3.621611737078864e-14,converged
2025-01-15T19:00:00+08:00,11.0,-2.458333333333333,38.54166666666667,3.0,48.8,48.8,42.9,42.9,50.0,60.0,85.0,39.35170094716014,13.13378569699725,12.83693864191262,13.380976608250263,68.50073277059235,0.985241356231609,48.79999999999999,48.8,48.69096286209408,41.85443552968608,40.760466137115095,40.43403321685384,41.014583952869756,0.33016589583333333,0.3533267148457572,29.077145774602663,29.571930005386605,20.846291402059514,28.644301759618003,24.371949568509134,24.83332971309879,24.470545893039514,24.027846392596324,20.34898121736872,24.66001679935581,24.296027229270184,23.85193257310749,1.0,0.16666666666666666,0.8333333333333334,0.25,0.0,20.846291402059514,24.371949568509134,28.644301759618003,13.552832679514161,22.123654862128856,27.72592844764812,1.2623342939095965e-16,3.2948349766803023e-16,0.0,2.4286160086671875e-15,4.0517894818344254e-14,converged
2025-01-15T19:05:00+08:00,11.083333333333334,-2.5,37.5,3.0,49.0,49.0,43.0,43.0,50.0,60.0,85.0,39.44342985379688,13.164400582071837,12.866861575809855,13.412167695915185,68.82045570977407,0.992147228543424,48.8,48.8,48.8,41.86630693187355,40.7743574299096,40.52180897323712,41.05292444215318,0.33128425,0.3540925476385651,29.07301447779785,29.56704236277635,20.842071836320702,28.6417843938948,24.36760986612322,24.828024385960894,24.466501626116692,24.025116055012422,20.344570273897272,24.654752993825895,24.29201785071369,23.84922989675569,1.0,0.16666666666666666,0.8333333333333334,0.25,0.0,20.842071836320702,24.36760986612322,28.6417843938948,13.521314463980408,22.072204501984366,27.661449544281492,6.282348993656464e-17,4.931563341419038e-16,0.0,8.513198375683706e-17,3.2044453088898636e-14,converged
2025-01-15T19:10:00+08:00,11.166666666666666,-2.541666666666667,36.45833333333333,3.0,49.0,49.0,43.0,43.0,50.0,60.0,85.0,39.44342985379688,13.164400582071837,12.866861575809855,13.412167695915185,68.82045570977407,0.992147228543424,48.8,48.8,48.8,41.865043309060596,40.7729993064264,40.52046617866981,41.05160307101819,0.33240260416666667,0.35415294303139044,29.06878257753524,29.56204537361352,20.837706281238244,28.639182101698204,24.363145809314315,24.82258855604311,24.462338093156465,24.022279405773823,20.340004743482996,24.649358386108577,24.287888977213726,23.84642074697295,1.0,0.16666666666666666,0.8333333333333334,0.25,0.0,20.837706281238244,24.363145809314315,28.639182101698204,13.521314463980408,22.072204501984366,27.661449544281492,6.282348993656464e-17,3.287148225579374e-16,0.0,4.0556143052818484e-16,2.8522203546988284e-14,converged
2025-01-15T19:15:00+08:00,11.25,-2.583333333333333,35.41666666666667,3.0,49.0,49.0,43.0,43.0,50.0,60.0,85.0,39.44342985379688,13.164400582071837,12.866861575809855,13.412167695915185,68.82045570977407,0.992147228543424,48.85914742144078,48.8,48.8,41.90408480009593,40.77160184982655,40.51908226628485,41.06370687850827,0.33352095833333334,0.3545019988292003,29.064559374281686,29.557042616069683,20.833306187356197,28.636588530947282,24.35855790573286,24.81702272811008,24.458055732438783,24.01933681698461,20.335285399012342,24.643833478726194,24.28364104493976,23.84350549392437,1.0,0.16666666666666666,0.8333333333333334,0.25,0.0,20.833306187356197,24.35855790573286,28.636588530947282,13.521314463980408,22.072204501984366,27.661449544281492,6.282348993656464e-17,3.283911577689691e-16,0.0,3.580401135872847e-15,5.111045281701704e-14,converged
2025-01-15T19:20:00+08:00,11.333333333333334,-2.625,34.375,3.0,49.0,49.0,43.0,43.0,50.0,60.0,85.0,39.44342985379688,13.164400582071837,12.866861575809855,13.412167695915185,68.82045570977407,0.992147228543424,49.0,48.8,48.8,41.99888902159737,40.770165209308786,40.51765740108786,41.094395010031334,0.3346393125,0.3552480208631547,29.060494927487476,29.55217632275656,20.829024145044187,28.634132366059124,24.353846660956922,24.81132740497408,24.453654980633,24.016288659446452,20.33041300950756,24.638178772270464,24.2792744884692,23.840484506488135,1.0,0.16666666666666666,0.8333333333333334,0.25,0.0,20.829024145044187,24.353846660956922,28.634132366059124,13.521314463980408,22.072204501984366,27.661449544281492,6.282348993656464e-17,6.554030704749751e-16,0.0,1.122589372986166e-15,3.5784746443050945e-14,converged
2025-01-15T19:25:00+08:00,11.416666666666666,-2.666666666666667,33.33333333333333,3.0,49.0,49.0,43.0,43.0,50.0,60.0,85.0,39.44342985379688,13.164400582071837,12.866861575809855,13.412167695915185,68.82045570977407,0.992147228543424,49.0,48.91711181992062,48.8,41.99763258881819,40.84728570897952,40.516191747407454,41.11863481422963,0.3357576666666667,0.3558862360796455,29.056329654117892,29.547200615380106,20.82459639852165,28.63159109957323,24.349237629143186,24.805716306809,24.44933884263232,24.01332823620858,20.325388340146027,24.632394765409913,24.27478974079319,23.83735815226,1.0,0.16666666666666666,0.8333333333333334,0.25,0.0,20.82459639852165,24.349237629143186,28.63159109957323,13.521314463980408,22.072204501984366,27.661449544281492,6.282348993656464e-17,0.0,0.0,1.85822176159905e-15,5.132912441378464e-14,converged
2025-01-15T19:30:00+08:00,11.5,-2.708333333333333,32.29166666666667,3.0,49.0,49.0,43.0,43.0,50.0,60.0,85.0,39.44342985379688,13.164400582071837,12.866861575809855,13.412167695915185,68.82045570977407,0.992147228543424,49.0,49.0,48.893542018228736,41.99634119224522,40.901491790435585,40.5777306572843,41.15681181530532,0.3368760208333333,0.3568309736130169,29.052063890690174,29.542115839929522,20.820023612759364,28.628964975005257,24.344664300905514,24.800126506524318,24.445047546734916,24.010398619936353,20.320400159691594,24.62664986287897,24.270346753082503,23.83427872732377,1.0,0.16666666666666666,0.8333333333333334,0.25,0.0,20.820023612759364,24.344664300905514,28.628964975005257,13.521314463980408,22.072204501984366,27.661449544281492,6.282348993656464e-17,3.2624780480291827e-16,0.0,9.83105781457395e-16,4.393329313559908e-14,converged
2025-01-15T19:35:00+08:00,11.583333333333334,-2.75,31.25,3.0,49.2,49.2,43.1,43.1,50.0,60.0,85.0,39.53515876043361,13.19501546714642,12.896784509707084,13.443358783580102,69.14092305626468,0.9990852960059755,48.999999999999986,49.0,49.0,42.00820684352242,40.9153574433499,40.66379638597562,41.194560551023415,0.337994375,0.3575898379446423,29.04771721172106,29.53694012206528,20.815320082430503,28.626271078918002,24.339988041948228,24.794426340608403,24.440656244205076,24.00738117765922,20.315492977883377,24.62098698599239,24.265986591912405,23.831285669582503,1.0,0.16666666666666666,0.8333333333333334,0.25,0.0,20.815320082430503,24.339988041948228,28.626271078918002,13.489942504667228,22.020992890610856,27.597269846962977,1.2506460763315014e-16,6.511109068203265e-16,0.0,3.2833348178806956e-15,4.0330249801379373e-14,converged
2025-01-15T19:40:00+08:00,11.666666666666666,-2.791666666666667,30.208333333333325,3.0,49.2,49.2,43.1,43.1,50.0,60.0,85.0,39.53515876043361,13.19501546714642,12.896784509707084,13.443358783580102,69.14092305626468,0.9990852960059755,48.999999999999986,49.0,49.0,42.006853801843356,40.913890597615264,40.66233340248911,41.19313300114364,0.3391127291666667,0.35765523814837213,29.04327065239036,29.531655973378722,20.81047277380529,28.623492763755884,24.335188806421648,24.78859720362243,24.436146954253296,24.004258430814982,20.31043369351683,24.615194844849754,24.26150821968219,23.828187150239327,1.0,0.16666666666666666,0.8333333333333334,0.25,0.0,20.81047277380529,24.335188806421648,28.623492763755884,13.489942504667228,22.020992890610856,27.597269846962977,1.2506460763315014e-16,1.6274796145812392e-16,0.0,1.5273214869927242e-15,3.085233171262149e-14,converged
2025-01-15T19:45:00+08:00,11.75,-2.833333333333333,29.166666666666675,3.0,49.2,49.2,43.1,43.1,50.0,60.0,85.0,39.53515876043361,13.19501546714642,12.896784509707084,13.443358783580102,69.14092305626468,0.9990852960059755,49.06040229981331,49.0,49.0,42.04669805560408,40.912384916411376,40.66082987630053,41.20542875691827,0.3402310833333333,0.35801549938388316,29.038835879789463,29.526369213622644,20.805595505451773,28.6207257068656,24.330267096453305,24.78263959450786,24.431520110548863,24.001030748057616,20.30522306715918,24.6092739361721,24.25691206796817,23.824983536020785,1.0,0.16666666666666666,0.8333333333333334,0.25,0.0,20.805595505451773,24.330267096453305,28.6207257068656,13.489942504667228,22.020992890610856,27.597269846962977,1.2506460763315014e-16,1.3006735409754778e-15,0.0,1.6190668570696153e-15,4.8656499110343336e-14,converged
2025-01-15T19:50:00+08:00,11.833333333333334,-2.875,28.125,3.0,49.2,49.2,43.1,43.1,50.0,60.0,85.0,39.53515876043361,13.19501546714642,12.896784509707084,13.443358783580102,69.14092305626468,0.9990852960059755,49.199999999999996,49.0,49.0,42.140641062135295,40.91084054707373,40.6592859700762,41.23575383408873,0.3413494375,0.35876070153841416,29.03455839785615,29.52121775924871,20.800836187421037,28.618094689004195,24.325223412120486,24.776554010275934,24.426776145167093,23.997698496750495,20.299861855574534,24.603224754771734,24.25219856677101,23.821675192378187,1.0,0.16666666666666666,0.8333333333333334,0.25,0.0,20.800836187421037,24.325223412120486,28.618094689004195,13.489942504667228,22.020992890610856,27.597269846962977,1.2506460763315014e-16,1.6224647979520924e-16,0.0,1.1491285486829319e-15,3.616078789730209e-14,converged
2025-01-15T19:55:00+08:00,11.916666666666666,-2.916666666666667,27.083333333333325,3.0,49.2,49.2,43.1,43.1,50.0,60.0,85.0,39.53515876043361,13.19501546714642,12.896784509707084,13.443358783580102,69.14092305626468,0.9990852960059755,49.199999999999996,49.11916028437557,49.0,42.13929627663151,40.989302965931685,40.657701845815225,41.26036161415852,0.3424677916666667,0.35941415651907493,29.030180804543654,29.515957797304313,20.795933345727054,28.615379072091873,24.320287332733177,24.77055798429762,24.42212168686361,23.994458432528965,20.29435081174292,24.59704779355954,24.24736814452149,23.818262483492042,1.0,0.16666666666666666,0.8333333333333334,0.25,0.0,20.795933345727054,24.320287332733177,28.615379072091873,13.489942504667228,22.020992890610856,27.597269846962977,1.2506460763315014e-16,1.6195149761825866e-16,0.0,3.3230480588445063e-15,3.597925853762878e-14,converged
2025-01-15T20:00:00+08:00,12.0,-2.958333333333333,26.041666666666675,3.0,49.2,49.2,43.1,43.1,50.0,60.0,85.0,39.53515876043361,13.19501546714642,12.896784509707084,13.443358783580102,69.14092305626468,0.9990852960059755,49.199999999999996,49.2,49.09610920612148,42.13791693368936,41.042078462751356,40.72091251720724,41.29861104935257,0.3435861458333333,0.3603671508046876,29.025703434078576,29.510589671011125,20.7908876354582,28.612579098276107,24.31538443141398,24.764581087999915,24.417489838339304,23.991246842620743,20.288883910415002,24.59091613528233,24.242585197811472,23.81490194045295,1.0,0.16666666666666666,0.8333333333333334,0.25,0.0,20.7908876354582,24.31538443141398,28.612579098276107,13.489942504667228,22.020992890610856,27.597269846962977,1.2506460763315014e-16,0.0,0.0,2.2386522055661195e-15,4.469826864342855e-14,converged
2025-01-15T20:05:00+08:00,12.083333333333334,-3.0,25.0,3.0,49.4,49.4,43.2,43.2,50.0,60.0,85.0,39.626887667070356,13.225630352221009,12.92670744360432,13.474549871245024,69.46213481006424,1.006055633491708,49.2,49.20000000000001,49.199999999999996,42.14977964621762,41.05592200452875,40.80527700510173,41.335773109045014,0.3447045,0.3611189848796236,29.02114600108144,29.50513164465749,20.785713393573953,28.60971196523763,24.310380055963314,24.75849543585804,24.412759333549616,23.987948499608425,20.28349539560242,24.5848635903106,24.23788213139474,23.81162474519245,1.0,0.16666666666666666,0.8333333333333334,0.25,0.0,20.785713393573953,24.310380055963314,28.60971196523763,13.458715785906422,21.970018370030736,27.53338727787278,6.224313748108925e-17,4.835607931236613e-16,0.0,2.2792456007539247e-15,3.5738429503237545e-14,converged
2025-01-15T20:10:00+08:00,12.166666666666666,-3.041666666666667,23.958333333333325,3.0,49.4,49.4,43.2,43.2,50.0,60.0,85.0,39.626887667070356,13.225630352221009,12.92670744360432,13.474549871245024,69.46213481006424,1.006055633491708,49.2,49.20000000000001,49.199999999999996,42.148339653268714,41.05434943587123,40.803697310001944,41.33424236481055,0.3458228541666667,0.36118927542588136,29.01648939576058,29.499566085471532,20.780397524399415,28.606760911375478,24.305254047868917,24.75228230876741,24.40791209165898,23.98454583779152,20.27795718872376,24.578683283514238,24.233062109573424,23.80824307886822,1.0,0.16666666666666666,0.8333333333333334,0.25,0.0,20.780397524399415,24.305254047868917,28.606760911375478,13.458715785906422,21.970018370030736,27.53338727787278,6.224313748108925e-17,4.834666880252819e-16,0.0,1.8564468288022585e-15,3.476752752253411e-14,converged
2025-01-15T20:15:00+08:00,12.25,-3.083333333333333,22.916666666666675,3.0,49.4,49.4,43.2,43.2,50.0,60.0,85.0,39.626887667070356,13.225630352221009,12.92670744360432,13.474549871245024,69.46213481006424,1.006055633491708,49.26165136856375,49.20000000000001,49.199999999999996,42.18898651594802,41.05273851782841,40.802077632836095,41.34673216966049,0.3469412083333333,0.3615606048263981,29.01184764331179,29.494001046725703,20.775056204938295,28.603823636149514,24.30000690387128,24.745942199981208,24.402948541827786,23.981039222446825,20.272270038392815,24.572375705946452,24.228125559431355,23.804757304840464,1.0,0.16666666666666666,0.8333333333333334,0.25,0.0,20.775056204938295,24.30000690387128,28.603823636149514,13.458715785906422,21.970018370030736,27.53338727787278,6.224313748108925e-17,8.049502647200126e-16,0.0,5.238577194871138e-15,6.952087158924982e-14,converged
2025-01-15T20:20:00+08:00,12.333333333333334,-3.125,21.875,3.0,49.4,49.4,43.2,43.2,50.0,60.0,85.0,39.626887667070356,13.225630352221009,12.92670744360432,13.474549871245024,69.46213481006424,1.006055633491708,49.4,49.20000000000001,49.199999999999996,42.28207292827861,41.051089395915845,40.80041813399135,41.37669787814176,0.3480595625,0.36230489504011787,29.007361708617672,29.488570144305477,20.76983268454268,28.60102103073331,24.29463911868224,24.73947560084403,24.397869111638705,23.977429017572117,20.266434689479535,24.565941346773087,24.223072906492792,23.80116778520559,1.0,0.16666666666666666,0.8333333333333334,0.25,0.0,20.76983268454268,24.29463911868224,28.60102103073331,13.458715785906422,21.970018370030736,27.53338727787278,6.224313748108925e-17,1.4459339506390023e-15,0.0,1.6391580112515578e-15,3.290770426213543e-14,converged
2025-01-15T20:25:00+08:00,12.416666666666666,-3.166666666666667,20.833333333333325,3.0,49.4,49.4,43.2,43.2,50.0,60.0,85.0,39.626887667070356,13.225630352221009,12.92670744360432,13.474549871245024,69.46213481006424,1.006055633491708,49.4,49.32119926519877,49.199999999999996,42.28064222921956,41.13089259766493,40.79871897319713,41.401675245191825,0.3491779166666667,0.3629734375765494,29.002776362830783,29.483031623232225,20.76446776180351,28.59813431974325,24.28938428150776,24.73310384348232,24.39288403996968,23.973915418284076,20.26045188312876,24.559380693279873,24.217904574728117,23.797474880800593,1.0,0.16666666666666666,0.8333333333333334,0.25,0.0,20.76446776180351,24.28938428150776,28.59813431974325,13.458715785906422,21.970018370030736,27.53338727787278,6.224313748108925e-17,6.414536700216989e-16,0.0,4.5811929321615034e-15,3.4075927084457013e-14,converged
2025-01-15T20:30:00+08:00,12.5,-3.208333333333333,19.791666666666675,3.0,49.4,49.4,43.2,43.2,50.0,60.0,85.0,39.626887667070356,13.225630352221009,12.92670744360432,13.474549871245024,69.46213481006424,1.006055633491708,49.4,49.400000000000006,49.29866450888508,42.27917736954285,41.182244094533765,40.86359974870398,41.43999950982305,0.3502962708333333,0.3639345632245989,28.99809193793511,29.477385824013663,20.758962082194724,28.595163743983495,24.28416007828479,24.72674902654135,24.38791933115034,23.97042795226685,20.254520779403446,24.552871488733444,24.212789389515994,23.793839341865397,1.0,0.16666666666666666,0.8333333333333334,0.25,0.0,20.758962082194724,24.28416007828479,28.595163743983495,13.458715785906422,21.970018370030736,27.53338727787278,6.224313748108925e-17,0.0,0.0,7.197242909212763e-16,4.554273507408456e-14,converged
2025-01-15T20:35:00+08:00,12.583333333333334,-3.25,18.75,3.0,49.6,49.6,43.3,43.3,50.0,60.0,85.0,39.71861657370709,13.256245237295595,12.95663037750155,13.505740958909941,69.78409097117267,1.0130583158730635,49.4,49.4,49.4,42.29103986289325,41.19606894260999,40.94627163161537,41.476579852444445,0.351414625,0.36467930718826497,28.993328288637333,29.471651149896555,20.753330025993115,28.592126612112203,24.27883582483375,24.72028702938172,24.382857289215018,23.96685478544002,20.2486653996556,24.546438468163277,24.20775112740515,23.790284126132345,1.0,0.16666666666666666,0.8333333333333334,0.25,0.0,20.753330025993115,24.27883582483375,28.592126612112203,13.427633301412413,21.91927929758263,27.469799778385777,6.195597229315214e-17,1.5961328149452094e-16,0.0,3.887224265164388e-15,3.220505931432411e-14,converged
2025-01-15T20:40:00+08:00,12.666666666666666,-3.291666666666667,17.708333333333325,3.0,49.6,49.6,43.3,43.3,50.0,60.0,85.0,39.71861657370709,13.256245237295595,12.95663037750155,13.505740958909941,69.78409097117267,1.0130583158730635,49.4,49.4,49.4,42.28951532409158,41.19439357595562,40.944578609634654,41.47494882174363,0.3525329791666667,0.3647543761780316,28.988466160281764,29.465809823513826,20.74755843506839,28.58900604866969,24.273391249535766,24.713699018598575,24.377679732803436,23.963178264675427,20.242662666594963,24.53987915348325,24.20259713790866,23.786625409007595,1.0,0.16666666666666666,0.8333333333333334,0.25,0.0,20.74755843506839,24.273391249535766,28.58900604866969,13.427633301412413,21.91927929758263,27.469799778385777,6.195597229315214e-17,9.574825918204812e-16,0.0,4.1345148297582845e-16,3.6544030533760064e-14,converged
2025-01-15T20:45:00+08:00,12.75,-3.333333333333333,16.666666666666675,3.0,49.6,49.6,43.3,43.3,50.0,60.0,85.0,39.71861657370709,13.256245237295595,12.95663037750155,13.505740958909941,69.78409097117267,1.0130583158730635,49.462894667943495,49.4,49.4,42.33096458970034,41.19268033471435,40.942846152127196,41.48763470351527,0.3536513333333333,0.3651366391582526,28.98362192769285,29.45997212363797,20.741765835325335,28.5859017679529,24.267826843876993,24.70698548188877,24.37238708666673,23.959398751944192,20.236513317237083,24.533194030209305,24.1973278437165,23.78286355055581,1.0,0.16666666666666666,0.8333333333333334,0.25,0.0,20.741765835325335,24.267826843876993,28.5859017679529,13.427633301412413,21.91927929758263,27.469799778385777,6.195597229315214e-17,6.376534663588205e-16,0.0,7.940938624365463e-16,3.252059593760228e-14,converged
2025-01-15T20:50:00+08:00,12.833333333333334,-3.375,15.625,3.0,49.6,49.6,43.3,43.3,50.0,60.0,85.0,39.71861657370709,13.256245237295595,12.95663037750155,13.505740958909941,69.78409097117267,1.0130583158730635,49.6,49.4,49.4,42.42319895952928,41.19092936262397,40.941074417259514,41.51724465060973,0.3547696875,0.3658799278010815,28.978932033068148,29.454267381099466,20.736090834909927,28.582930785554254,24.26214309733598,24.700146905061665,24.3669797739942,23.95551660794973,20.230218084911183,24.52638358199091,24.191943665974776,23.778998909589045,1.0,0.16666666666666666,0.8333333333333334,0.25,0.0,20.736090834909927,24.26214309733598,28.582930785554254,13.427633301412413,21.91927929758263,27.469799778385777,6.195597229315214e-17,0.0,0.0,2.762617430546899e-16,3.5279052057340995e-14,converged
2025-01-15T20:55:00+08:00,12.916666666666666,-3.416666666666667,14.583333333333325,3.0,49.6,49.6,43.3,43.3,50.0,60.0,85.0,39.71861657370709,13.256245237295595,12.95663037750155,13.505740958909941,69.78409097117267,1.0130583158730635,49.6,49.5232288280967,49.4,42.421684724628776,41.272072151251976,40.939263562549556,41.542593144668416,0.3558880416666667,0.3665634084426419,28.97414341301099,29.44845589156409,20.730276495823862,28.579876182136466,24.25657759384097,24.693408404636738,24.361671630121826,23.951735454257985,20.2237776992786,24.519448290618215,24.186445024291377,23.775031843671115,1.0,0.16666666666666666,0.8333333333333334,0.25,0.0,20.730276495823862,24.25657759384097,28.579876182136466,13.427633301412413,21.91927929758263,27.469799778385777,6.195597229315214e-17,3.17585768643765e-16,0.0,3.55610394033507e-15,5.471647659198555e-14,converged
2025-01-15T21:00:00+08:00,13.0,-3.458333333333333,13.541666666666675,3.0,49.6,49.6,43.3,43.3,50.0,60.0,85.0,39.71861657370709,13.256245237295595,12.95663037750155,13.505740958909941,69.78409097117267,1.0130583158730635,49.6,49.6,49.50120800886457,42.42013671663614,41.322006148286164,41.00581271100612,41.580994560954494,0.3570063958333333,0.36753254266401253,28.969256397309906,29.442537992878243,20.724323454187502,28.57673819718487,24.251040162275956,24.686684635014743,24.356381588079444,23.947978084757143,20.217396485155636,24.512570542479907,24.18100515628808,23.771127306420535,1.0,0.16666666666666666,0.8333333333333334,0.25,0.0,20.724323454187502,24.251040162275956,28.57673819718487,13.427633301412413,21.91927929758263,27.469799778385777,6.195597229315214e-17,3.167483373937809e-16,0.0,1.158804129036084e-15,3.1592466331497634e-14,converged
2025-01-15T21:05:00+08:00,13.083333333333334,-3.5,12.5,3.0,49.8,49.8,43.4,43.4,50.0,60.0,85.0,39.81034548034382,13.286860122370179,12.986553311398783,13.536932046574861,70.10679153959006,1.0200934180224874,49.6,49.6,49.6,42.43200162037273,41.3358156117653,41.0868004775953,41.61699803004311,0.35812475,0.3682701385591406,28.964290980710956,29.436532227539825,20.718246134571228,28.57353425017772,24.24540407243567,24.679855227361877,24.350995509397638,23.94413604652535,20.21108828397058,24.50576603261579,24.175639243695507,23.76730006293459,1.0,0.16666666666666666,0.8333333333333334,0.25,0.0,20.718246134571228,24.24540407243567,28.57353425017772,13.396694054174136,21.868774045744882,27.406505308850324,6.167078983027246e-17,1.580569663921307e-16,1.1833737511273759e-16,9.492562620399443e-16,3.117583765085469e-14,converged
2025-01-15T21:10:00+08:00,13.166666666666666,-3.541666666666667,11.458333333333325,3.0,49.8,49.8,43.4,43.4,50.0,60.0,85.0,39.81034548034382,13.286860122370179,12.986553311398783,13.536932046574861,70.10679153959006,1.0200934180224874,49.6,49.6,49.6,42.430394880532724,41.334040299443416,41.0849974233577,41.615269546216105,0.35924310416666666,0.36834987660516194,28.95922776382949,29.430420673390834,20.712031315920175,28.570247351999445,24.23964893919743,24.672901233389965,24.34549511175386,23.940191598747948,20.204634998578282,24.498836662406422,24.170158804678902,23.76337026727935,1.0,0.16666666666666666,0.8333333333333334,0.25,0.0,20.712031315920175,24.23964893919743,28.570247351999445,13.396694054174136,21.868774045744882,27.406505308850324,6.167078983027246e-17,1.5802275122209639e-16,1.1833737511273759e-16,6.407330997314305e-16,3.735330726273312e-14,converged
2025-01-15T21:15:00+08:00,13.25,-3.583333333333333,10.416666666666675,3.0,49.8,49.8,43.4,43.4,50.0,60.0,85.0,39.81034548034382,13.286860122370179,12.986553311398783,13.536932046574861,70.10679153959006,1.0200934180224874,49.66413223783304,49.6,49.6,42.472646292439954,41.332227576318594,41.0831554664086,41.62815346174719,0.36036145833333333,0.3687429412088949,28.954185462686965,29.424315826725874,20.70579986355899,28.566979224546078,24.233775248922665,24.66582313536854,24.33988081558753,23.936145100160452,20.19803735474094,24.491782911958207,24.164564257630943,23.75933827629334,1.0,0.16666666666666666,0.8333333333333334,0.25,0.0,20.70579986355899,24.233775248922665,28.566979224546078,13.396694054174136,21.868774045744882,27.406505308850324,6.167078983027246e-17,1.578543055567061e-16,1.1833737511273759e-16,7.575465949704573e-16,6.586119840061907e-14,converged
2025-01-15T21:20:00+08:00,13.333333333333334,-3.625,9.375,3.0,49.8,49.8,43.4,43.4,50.0,60.0,85.0,39.81034548034382,13.286860122370179,12.986553311398783,13.536932046574861,70.10679153959006,1.0200934180224874,49.8,49.6,49.6,42.56403310397289,41.33037758439209,41.0812747627507,41.65741117833864,0.3614798125,0.36948514102576935,28.949296013079362,29.418342748749495,20.699685763794974,28.563843021757464,24.227783485985736,24.65862141370029,24.334153039791797,23.931996908241747,20.19129607459023,24.484605259531463,24.15885601941581,23.755204445573455,1.0,0.16666666666666666,0.8333333333333334,0.25,0.0,20.699685763794974,24.227783485985736,28.563843021757464,13.396694054174136,21.868774045744882,27.406505308850324,6.167078983027246e-17,0.0,1.1833737511273759e-16,5.278297851821205e-16,4.6225662605786194e-14,converged
2025-01-15T21:25:00+08:00,13.416666666666666,-3.666666666666667,8.333333333333325,3.0,49.8,49.8,43.4,43.4,50.0,60.0,85.0,39.81034548034382,13.286860122370179,12.986553311398783,13.536932046574861,70.10679153959006,1.0200934180224874,49.8,49.7252490381702,49.6,42.562437651047034,41.41285870593491,41.079355467747206,41.68313227027711,0.36259816666666667,0.3701834130210714,28.94430850935213,29.41226377847998,20.69343433292546,28.560623673727278,24.22191521394652,24.651524955013898,24.32852920257167,23.927954058047163,20.184411876645473,24.47730418154753,24.15303450537479,23.750969129479245,1.0,0.16666666666666666,0.8333333333333334,0.25,0.0,20.69343433292546,24.22191521394652,28.560623673727278,13.396694054174136,21.868774045744882,27.406505308850324,6.167078983027246e-17,4.717201705913885e-16,1.1833737511273759e-16,9.788507590451586e-16,3.725725781748469e-14,converged
2025-01-15T21:30:00+08:00,13.5,-3.708333333333333,7.291666666666674,3.0,49.8,49.8,43.4,43.4,50.0,60.0,85.0,39.81034548034382,13.286860122370179,12.986553311398783,13.536932046574861,70.10679153959006,1.0200934180224874,49.8,49.8,49.703739787645986,42.56080880349288,41.46138162046378,41.14757118661878,41.72161308924841,0.36371652083333333,0.3711604355701282,28.939223279144606,29.406079251154114,20.68704619797113,28.557321418646097,24.21607243459716,24.644440997840444,24.32292119257528,23.923932635271136,20.177594230032284,24.470066690213507,24.147277348919037,23.746801469323206,1.0,0.16666666666666666,0.8333333333333334,0.25,0.0,20.68704619797113,24.21607243459716,28.557321418646097,13.396694054174136,21.868774045744882,27.406505308850324,6.167078983027246e-17,3.1365229337580877e-16,1.1833737511273759e-16,2.513694412042688e-15,3.504731498248198e-14,converged
2025-01-15T21:35:00+08:00,13.583333333333334,-3.75,6.25,3.0,50.0,50.0,43.5,43.5,50.0,60.0,85.0,39.90207438698056,13.317475007444763,13.016476245296015,13.56812313423978,70.43023651531638,1.0271610148124228,49.8,49.8,49.8,42.57267865968504,41.475178903017714,41.22688318221259,41.75704441600906,0.364834875,0.37189082729406775,28.934060457167284,29.399807848776938,20.68053582871945,28.553953786638672,24.210132357692537,24.637252912094937,24.317218416277317,23.919827556010237,20.17084683866426,24.462899475682292,24.141591170121377,23.7427080689259,1.0,0.16666666666666666,0.8333333333333334,0.25,0.0,20.68053582871945,24.210132357692537,28.553953786638672,13.36589705634845,21.81850100196156,27.343501848370213,1.227751437629362e-16,7.825907046026772e-16,1.1806533516994967e-16,2.4435283052260773e-15,2.8925753247770587e-14,converged
2025-01-15T21:40:00+08:00,13.666666666666666,-3.791666666666667,5.208333333333326,3.0,50.0,50.0,43.5,43.5,50.0,60.0,85.0,39.90207438698056,13.317475007444763,13.016476245296015,13.56812313423978,70.43023651531638,1.0271610148124228,49.8,49.8,49.8,42.57099200455418,41.47330642652321,41.224973302632606,41.75522123975087,0.36595322916666667,0.3719751274645562,28.928800499468263,29.393431504238972,20.673889940761274,28.550503675152022,24.204074484254196,24.62994163407254,24.31140248999511,23.915620991534023,20.16395656457775,24.455608801370325,24.13579163937145,23.738513045540564,1.0,0.16666666666666666,0.8333333333333334,0.25,0.0,20.673889940761274,24.204074484254196,28.550503675152022,13.36589705634845,21.81850100196156,27.343501848370213,1.227751437629362e-16,6.259306777871996e-16,1.1806533516994967e-16,1.4171238783336622e-15,4.229398320073823e-14,converged
2025-01-15T21:45:00+08:00,13.75,-3.833333333333333,4.166666666666674,3.0,50.0,50.0,43.5,43.5,50.0,60.0,85.0,39.90207438698056,13.317475007444763,13.016476245296015,13.56812313423978,70.43023651531638,1.0271610148124228,49.86536411774607,49.8,49.8,42.614045256986365,41.471396992260004,41.22302503979476,41.76830507675596,0.36707158333333334,0.3723788643077289,28.92356445487817,29.38706492342037,20.66723172941303,28.547074806481127,24.19789929564543,24.622507640741663,24.305473829951897,23.911313297411088,20.156924122616488,24.448195142099394,24.129879170859216,23.734216752847644,1.0,0.16666666666666666,0.8333333333333334,0.25,0.0,20.66723172941303,24.19789929564543,28.547074806481127,13.36589705634845,21.81850100196156,27.343501848370213,1.227751437629362e-16,1.0941910657355613e-15,1.1806533516994967e-16,3.154169601406608e-16,5.413474065417249e-14,converged
2025-01-15T21:50:00+08:00,13.833333333333334,-3.875,3.125,3.0,50.0,50.0,43.5,43.5,50.0,60.0,85.0,39.90207438698056,13.317475007444763,13.016476245296015,13.56812313423978,70.43023651531638,1.0271610148124228,50.0,49.8,49.8,42.704588928472894,41.469450740533084,41.22103854759337,41.797214019202215,0.3681899375,0.3731198903635854,28.918479768988878,29.38082891324731,20.660690578386426,28.543776486768596,24.19160727126249,24.614951407224012,24.299432850839835,23.90690482796423,20.14975022404784,24.440658970865147,24.12385417726117,23.72981954329666,1.0,0.16666666666666666,0.8333333333333334,0.25,0.0,20.660690578386426,24.19160727126249,28.543776486768596,13.36589705634845,21.81850100196156,27.343501848370213,1.227751437629362e-16,1.4040231082581108e-15,1.1806533516994967e-16,4.6951739202996924e-15,3.033437771423535e-14,converged
2025-01-15T21:55:00+08:00,13.916666666666666,-3.916666666666667,2.083333333333326,3.0,50.0,50.0,43.5,43.5,50.0,60.0,85.0,39.90207438698056,13.317475007444763,13.016476245296015,13.56812313423978,70.43023651531638,1.0271610148124228,50.0,49.92725995992154,49.8,42.70291451695762,41.553268884795315,41.219013979292,41.8233091126077,0.3693082916666667,0.3738328096032863,28.913297686218865,29.374487848836043,20.65401404921009,28.5403954889579,24.18544393928872,24.607505576051746,24.293500540218727,23.90260601884995,20.142435576580695,24.433000758844102,24.11771706974588,23.725321768110504,1.0,0.16666666666666666,0.8333333333333334,0.25,0.0,20.65401404921009,24.18544393928872,28.5403954889579,13.36589705634845,21.81850100196156,27.343501848370213,1.227751437629362e-16,3.1141012462355956e-16,1.1806533516994967e-16,1.1137912155750004e-15,2.638385267261021e-14,converged
2025-01-15T22:00:00+08:00,14.0,-3.958333333333333,1.041666666666674,3.0,50.0,50.0,43.5,43.5,50.0,60.0,85.0,39.90207438698056,13.317475007444763,13.016476245296015,13.56812313423978,70.43023651531638,1.0271610148124228,50.0,50.0,49.90625992606519,42.701207080443616,41.600387053101976,41.28889439700328,41.86187151597147,0.3704266458333333,0.3748176027219453,28.90801853210368,29.368042062864575,20.64720276005222,28.536932049968563,24.179303504215255,24.600069998100015,24.287581769120848,23.898326273026854,20.135194773320155,24.425412126851622,24.11164986114949,23.720896740696546,1.0,0.16666666666666666,0.8333333333333334,0.25,0.0,20.64720276005222,24.179303504215255,28.536932049968563,13.36589705634845,21.81850100196156,27.343501848370213,1.227751437629362e-16,0.0,1.1806533516994967e-16,3.176536286307528e-15,4.77977036812405e-14,converged
2025-01-15T22:05:00+08:00,14.083333333333334,-4.0,0.0,3.0,50.2,50.2,43.6,43.6,50.0,60.0,85.0,39.9938032936173,13.34808989251935,13.046399179193248,13.599314221904699,70.75442589835158,1.0342611811153124,50.0,50.0,50.0,42.71308434610964,41.61417525579558,41.366538827306925,41.89673532227505,0.371545,0.37554073598486876,28.90266258121607,29.361510377065464,20.640271226789867,28.533403810382456,24.17306710177566,24.592531769000033,24.281569476444183,23.893963863508553,20.128021422752198,24.41789079501115,24.105650642823456,23.716542934753406,1.0,0.16666666666666666,0.8333333333333334,0.25,0.0,20.640271226789867,24.17306710177566,28.533403810382456,13.335241329154988,21.76845856847082,27.28078739458954,1.222126008887173e-16,1.549969293233017e-16,1.177945431168076e-16,6.239620696280847e-16,3.1923097789777254e-14,converged
2025-01-15T22:10:00+08:00,14.166666666666666,-4.027777777777778,0.0,3.0,50.2,50.2,43.6,43.6,50.0,60.0,85.0,39.9938032936173,13.34808989251935,13.046399179193248,13.599314221904699,70.75442589835158,1.0342611811153124,50.0,50.0,50.0,42.711331956379944,41.61222129806535,41.364538508621614,41.894832874289456,0.37200086111111114,0.3756289037475048,28.897282939931642,29.35495997003797,20.63329651918122,28.529850020979712,24.16679612670356,24.584965824687163,24.27552523747634,23.88956524452168,20.12080084056712,24.41034148824523,24.09961928275463,23.712152787188344,1.0,0.16666666666666666,0.8333333333333334,0.25,0.0,20.63329651918122,24.16679612670356,28.529850020979712,13.335241329154988,21.76845856847082,27.28078739458954,1.222126008887173e-16,1.5496054838366272e-16,1.177945431168076e-16,3.5066197105799652e-15,3.368511232694649e-14,converged
2025-01-15T22:15:00+08:00,14.25,-4.055555555555555,0.0,3.0,50.2,50.2,43.6,43.6,50.0,60.0,85.0,39.9938032936173,13.34808989251935,13.046399179193248,13.599314221904699,70.75442589835158,1.0342611811153124,50.0665903468338,50.0,50.0,42.75522249639723,41.6102567003958,41.36252677174592,41.90815658102328,0.37245672222222226,0.3760414189521434,28.892002738170962,29.34850747886674,20.626403740247166,28.526376235437436,24.16049072030449,24.577372272488816,24.269449169755397,23.885130542956727,20.113533263096194,24.402764314167143,24.09355589841432,23.70772642450855,1.0,0.16666666666666666,0.8333333333333334,0.25,0.0,20.626403740247166,24.16049072030449,28.526376235437436,13.335241329154988,21.76845856847082,27.28078739458954,1.222126008887173e-16,1.547905575818369e-16,1.177945431168076e-16,1.3821809393385882e-15,3.902931574412596e-14,converged
2025-01-15T22:20:00+08:00,14.333333333333334,-4.083333333333333,0.0,3.0,50.2,50.2,43.6,43.6,50.0,60.0,85.0,39.9938032936173,13.34808989251935,13.046399179193248,13.599314221904699,70.75442589835158,1.0342611811153124,50.2,50.0,50.0,42.844986944838695,41.60828150297782,41.360503662684295,41.93678356127661,0.3729125833333333,0.3767782490343228,28.886944704872526,29.342269201837304,20.61971727919741,28.523087764493223,24.154151023306454,24.569751219316775,24.263341390386977,23.880659885259515,20.106218925488168,24.395159379976207,24.08746060684449,23.70326397278083,1.0,0.16666666666666666,0.8333333333333334,0.25,0.0,20.61971727919741,24.154151023306454,28.523087764493223,13.335241329154988,21.76845856847082,27.28078739458954,1.222126008887173e-16,0.0,1.177945431168076e-16,8.288566829527317e-16,3.742770639177097e-14,converged
2025-01-15T22:25:00+08:00,14.416666666666666,-4.111111111111112,0.0,3.0,50.2,50.2,43.6,43.6,50.0,60.0,85.0,39.9938032936173,13.34808989251935,13.046399179193248,13.599314221904699,70.75442589835158,1.0342611811153124,50.2,50.12926165726117,50.0,42.84331901817955,41.69352560663124,41.35846922725135,41.96334262680083,0.37336844444444445,0.37750156637625865,28.88186198514783,29.33601127417176,20.61298652462872,28.519773056465425,24.1480261811411,24.5623386878325,24.2574261504467,23.87636687087043,20.098858061715184,24.387526792459365,24.08133352465935,23.698765557633156,1.0,0.16666666666666666,0.8333333333333334,0.25,0.0,20.61298652462872,24.1480261811411,28.519773056465425,13.335241329154988,21.76845856847082,27.28078739458954,1.222126008887173e-16,6.167673577857571e-16,1.177945431168076e-16,5.7182532562971764e-15,3.0137293265382805e-14,converged
2025-01-15T22:30:00+08:00,14.5,-4.138888888888888,0.0,3.0,50.2,50.2,43.6,43.6,50.0,60.0,85.0,39.9938032936173,13.34808989251935,13.046399179193248,13.599314221904699,70.75442589835158,1.0342611811153124,50.2,50.2,50.10876850421642,42.84164202056291,41.739361168114065,41.43013087135508,42.00210246969987,0.37382430555555557,0.378488743486417,28.87675466153113,29.329733758115868,20.606211678816557,28.516432186559374,24.142002299530276,24.555026809063605,24.25160103864261,23.87215402211166,20.09166990771518,24.380062406038935,24.075360738432366,23.694408427303692,1.0,0.16666666666666666,0.8333333333333334,0.25,0.0,20.606211678816557,24.142002299530276,28.516432186559374,13.335241329154988,21.76845856847082,27.28078739458954,1.222126008887173e-16,6.151587006503017e-16,1.177945431168076e-16,1.7834335490724337e-15,3.1734842443637406e-14,converged
2025-01-15T22:35:00+08:00,14.583333333333334,-4.166666666666667,0.0,3.0,50.333333333333336,50.333333333333336,43.666666666666664,43.666666666666664,50.0,60.0,85.0,40.05495589804178,13.368499815902407,13.066347801791402,13.620108280347978,70.97096571332447,1.0390127564651488,50.2,50.2,50.199999999999996,42.849096671533175,41.74801895373043,41.500841438640236,42.03145885506607,0.3742801666666667,0.3791447800445467,28.871636218714304,29.32344914450621,20.599402253188572,28.513076913981383,24.135957065153853,24.54769947573844,24.24575592071081,23.86791664380177,20.084630991044694,24.37274767312829,24.069524849714274,23.690176255951144,1.0,0.16666666666666666,0.8333333333333334,0.25,0.0,20.599402253188572,24.135957065153853,28.513076913981383,13.314882182087578,21.735224280580027,27.23913733749857,6.091985875149306e-17,1.5352357193636805e-16,0.0,2.1903393567023982e-15,3.1594203139043135e-14,converged
2025-01-15T22:40:00+08:00,14.666666666666666,-4.194444444444445,0.0,3.0,50.333333333333336,50.333333333333336,43.666666666666664,43.666666666666664,50.0,60.0,85.0,40.05495589804178,13.368499815902407,13.066347801791402,13.620108280347978,70.97096571332447,1.0390127564651488,50.2,50.2,50.199999999999996,42.8474074137024,41.74612337382151,41.498893948479775,42.02961448463601,0.37473602777777776,0.3792303869367227,28.86649329466312,29.317145030785056,20.592549097733535,28.509695597613245,24.12987648007888,24.540343614264994,24.239878244264187,23.8636426198433,20.077544173181956,24.365404174519075,24.063656225327414,23.685907321641782,1.0,0.16666666666666666,0.8333333333333334,0.25,0.0,20.592549097733535,24.12987648007888,28.509695597613245,13.314882182087578,21.735224280580027,27.23913733749857,6.091985875149306e-17,6.139556630326649e-16,0.0,1.3285421936986445e-15,2.8085657499960973e-14,converged
2025-01-15T22:45:00+08:00,14.75,-4.222222222222222,0.0,3.0,50.333333333333336,50.333333333333336,43.666666666666664,43.666666666666664,50.0,60.0,85.0,40.05495589804178,13.368499815902407,13.066347801791402,13.620108280347978,70.97096571332447,1.0390127564651488,50.244936475144335,50.2,50.199999999999996,42.876533287934194,41.74421695452418,41.496934857681204,42.038047305752144,0.3751918888888889,0.3795350985654779,28.86140903598093,29.310900173981658,20.585736714460722,28.506359516208835,24.123760688810087,24.53295933513336,24.233968129109147,23.859332078672217,20.070409693829454,24.358032020882032,24.057754984930565,23.681601752367456,1.0,0.16666666666666666,0.8333333333333334,0.25,0.0,20.585736714460722,24.123760688810087,28.506359516208835,13.314882182087578,21.735224280580027,27.23913733749857,6.091985875149306e-17,6.134627456957091e-16,0.0,4.381795870989718e-15,4.429475033430892e-14,converged
2025-01-15T22:50:00+08:00,14.833333333333334,-4.25,0.0,3.0,50.333333333333336,50.333333333333336,43.666666666666664,43.666666666666664,50.0,60.0,85.0,40.05495589804178,13.368499815902407,13.066347801791402,13.620108280347978,70.97096571332447,1.0390127564651488,50.333333333333336,50.2,50.199999999999996,42.935511228446245,41.74229973679957,41.49496421298347,42.05643592065877,0.37564775,0.3800509661442309,28.856463309284408,29.304790251189687,20.57904607118712,28.503137204318723,24.117609835261504,24.5255467484057,24.228025694611247,23.85498514827435,20.063227791490185,24.350631322462124,24.051821247745114,23.67725967567441,1.0,0.16666666666666666,0.8333333333333334,0.25,0.0,20.57904607118712,24.117609835261504,28.503137204318723,13.314882182087578,21.735224280580027,27.23913733749857,6.091985875149306e-17,4.594725399912076e-16,0.0,2.7722278101119264e-15,3.327777333970906e-14,converged
2025-01-15T22:55:00+08:00,14.916666666666666,-4.277777777777778,0.0,3.0,50.333333333333336,50.333333333333336,43.666666666666664,43.666666666666664,50.0,60.0,85.0,40.05495589804178,13.368499815902407,13.066347801791402,13.620108280347978,70.97096571332447,1.0390127564651488,50.333333333333336,50.2870606858512,50.199999999999996,42.93386888315308,41.799158524560966,41.492982060932604,42.07376171375002,0.3761036111111111,0.38056498325267185,28.85149252380245,29.298660274828098,20.572311155605146,28.499888467451676,24.111591818302312,24.51826490120358,24.22220205986914,23.850745774114,20.055998703473644,24.343202189080163,24.04585513255666,23.67288121866483,1.0,0.16666666666666666,0.8333333333333334,0.25,0.0,20.572311155605146,24.111591818302312,28.499888467451676,13.314882182087578,21.735224280580027,27.23913733749857,6.091985875149306e-17,3.0590129662466127e-16,0.0,1.927549055676225e-15,3.166494940299202e-14,converged
2025-01-15T23:00:00+08:00,15.0,-4.305555555555555,0.0,3.0,50.333333333333336,50.333333333333336,43.666666666666664,43.666666666666664,50.0,60.0,85.0,40.05495589804178,13.368499815902407,13.066347801791402,13.620108280347978,70.97096571332447,1.0390127564651488,50.333333333333336,50.333333333333336,50.273623004333366,42.93221740496688,41.82852869452823,41.54090903920039,42.099088260260295,0.37655947222222225,0.3812520455158649,28.846496763329945,29.292510308430916,20.565532169907296,28.496613381365815,24.105627318810466,24.511038661001006,24.21642589615514,23.846546066269855,20.048870933404476,24.33587726540984,24.039982672925934,23.668586433017023,1.0,0.16666666666666666,0.8333333333333334,0.25,0.0,20.565532169907296,24.105627318810466,28.496613381365815,13.314882182087578,21.735224280580027,27.23913733749857,6.091985875149306e-17,1.0687250893118595e-15,0.0,2.5849109965170827e-15,4.343440888783208e-14,converged
2025-01-15T23:05:00+08:00,15.083333333333334,-4.333333333333333,0.0,3.0,50.46666666666667,50.46666666666667,43.733333333333334,43.733333333333334,50.0,60.0,85.0,40.11610850246628,13.388909739285467,13.086296424389559,13.640902338791259,71.18783637599023,1.043778862615146,50.333333333333336,50.333333333333336,50.333333333333336,42.939739009098545,41.837247547990344,41.59034746894378,42.121253629853854,0.3770153333333333,0.38174756485813494,28.84148958177343,29.286352913332856,20.558718653752166,28.493323757985838,24.09964128103698,24.50379669388258,24.210629597174503,23.842321825743618,20.04182885747904,24.328644933568295,24.034193031620262,23.664365221811885,1.0,0.16666666666666666,0.8333333333333334,0.25,0.0,20.558718653752166,24.09964128103698,28.493323757985838,13.29458510559049,21.702091316737675,27.197614262288962,2.4293707615313897e-16,1.372291525725611e-15,1.1964566470792107e-16,1.1440606279651293e-15,3.328287261305888e-14,converged
2025-01-15T23:10:00+08:00,15.166666666666666,-4.361111111111112,0.0,3.0,50.46666666666667,50.46666666666667,43.733333333333334,43.733333333333334,50.0,60.0,85.0,40.11610850246628,13.388909739285467,13.086296424389559,13.640902338791259,71.18783637599023,1.043778862615146,50.333333333333336,50.333333333333336,50.333333333333336,42.938075127209366,41.83537072730973,41.588413668108444,42.11942850305906,0.37747119444444444,0.38183240788628675,28.836457550078897,29.28017561873046,20.551861428595576,28.49000790438011,24.093619653821193,24.496525871697667,24.204800562859816,23.83806089548461,20.034738899250755,24.321383522917078,24.02837048857527,23.660107211562686,1.0,0.16666666666666666,0.8333333333333334,0.25,0.0,20.551861428595576,24.093619653821193,28.49000790438011,13.29458510559049,21.702091316737675,27.197614262288962,2.4293707615313897e-16,7.622147794589792e-16,1.1964566470792107e-16,3.937708205272198e-16,3.055078691632843e-14,converged
2025-01-15T23:15:00+08:00,15.25,-4.388888888888888,0.0,3.0,50.46666666666667,50.46666666666667,43.733333333333334,43.733333333333334,50.0,60.0,85.0,40.11610850246628,13.388909739285467,13.086296424389559,13.640902338791259,71.18783637599023,1.043778862615146,50.37881106385092,50.333333333333336,50.333333333333336,42.967615190692065,41.83348301819584,41.58646824016188,42.12801031078819,0.37792705555555556,0.38213905645065577,28.831484844563697,29.27405815732316,20.545046025267663,28.48673798153455,24.08756258266291,24.48922630621723,24.19893891368399,23.83376340410024,20.027601298348404,24.31409314534724,24.022515164073614,23.65581253040486,1.0,0.16666666666666666,0.8333333333333334,0.25,0.0,20.545046025267663,24.08756258266291,28.48673798153455,13.29458510559049,21.702091316737675,27.197614262288962,2.4293707615313897e-16,6.092825104463883e-16,1.1964566470792107e-16,2.217240413568295e-15,5.723973527761894e-14,converged
2025-01-15T23:20:00+08:00,15.333333333333334,-4.416666666666667,0.0,3.0,50.46666666666667,50.46666666666667,43.733333333333334,43.733333333333334,50.0,60.0,85.0,40.11610850246628,13.388909739285467,13.086296424389559,13.640902338791259,71.18783637599023,1.043778862615146,50.46666666666667,50.333333333333336,50.333333333333336,43.02628121747604,41.83158446180691,41.58451123194205,42.146305547666444,0.3783829166666667,0.3826516548602085,28.82664935616942,29.268074334674825,20.538351390757644,28.483580830212606,24.081470212467085,24.481898108779284,24.193044769676572,23.82942947974711,20.020416293201546,24.30677391231929,24.016627177958224,23.65148130602767,1.0,0.16666666666666666,0.8333333333333334,0.25,0.0,20.538351390757644,24.081470212467085,28.483580830212606,13.29458510559049,21.702091316737675,27.197614262288962,2.4293707615313897e-16,6.084663183775542e-16,1.1964566470792107e-16,2.370256848574028e-15,3.203331159160398e-14,converged
2025-01-15T23:25:00+08:00,15.416666666666666,-4.444444444444445,0.0,3.0,50.46666666666667,50.46666666666667,43.733333333333334,43.733333333333334,50.0,60.0,85.0,40.11610850246628,13.388909739285467,13.086296424389559,13.640902338791259,71.18783637599023,1.043778862615146,50.46666666666667,50.421277564887,50.333333333333336,43.02466399433997,41.88909419288561,41.58254269009371,42.1638566978843,0.37883877777777775,0.38316937906573256,28.821788443399303,29.262070062504343,20.53161250427418,28.480397068807893,24.075512190696482,24.47470198363633,24.18727082386368,23.825204566579597,20.0131841210465,24.299425934864857,24.010706649633903,23.647113665675764,1.0,0.16666666666666666,0.8333333333333334,0.25,0.0,20.53161250427418,24.075512190696482,28.480397068807893,13.29458510559049,21.702091316737675,27.197614262288962,2.4293707615313897e-16,3.038220906659762e-16,1.1964566470792107e-16,2.4636328874600967e-15,4.071761097659245e-14,converged
2025-01-15T23:30:00+08:00,15.5,-4.472222222222222,0.0,3.0,50.46666666666667,50.46666666666667,43.733333333333334,43.733333333333334,50.0,60.0,85.0,40.11610850246628,13.388909739285467,13.086296424389559,13.640902338791259,71.18783637599023,1.043778862615146,50.46666666666667,50.46666666666667,50.40806361967229,43.023037577739345,41.91790495412229,41.631264128083984,42.18927926832279,0.37929463888888887,0.38385713091349283,28.816902191286662,29.25604540561233,20.524829567930738,28.477186773623494,24.069605768581344,24.46755954936207,24.181542660437387,23.821017834071768,20.00605554482187,24.292183890380834,24.004881543425395,23.642831499582133,1.0,0.16666666666666666,0.8333333333333334,0.25,0.0,20.524829567930738,24.069605768581344,28.477186773623494,13.29458510559049,21.702091316737675,27.197614262288962,2.4293707615313897e-16,1.516388682814004e-16,1.1964566470792107e-16,2.884247923695241e-15,4.7962859438740525e-14,converged
2025-01-15T23:35:00+08:00,15.583333333333334,-4.5,0.0,3.0,50.6,50.6,43.8,43.8,50.0,60.0,85.0,40.17726110689077,13.409319662668521,13.106245046987711,13.661696397234536,71.40503788634878,1.0485595217497308,50.46666666666667,50.46666666666666,50.46666666666667,43.030625285432,41.92668412900031,41.68003026745939,42.211257775107555,0.3797505,0.38434677256066613,28.812004222120954,29.250012994962685,20.518012149431236,28.473961808776373,24.063677627402658,24.460401122212073,24.175794235596076,23.81680656601537,19.99901050884398,24.28503222152504,23.99913727427923,23.638621135988778,1.0,0.08333333333333333,0.8333333333333334,0.25,0.0,20.518012149431236,24.063677627402658,28.473961808776373,13.274349816236473,21.669059214276892,27.156217589134794,6.054952612159255e-17,4.54337060194357e-16,0.0,7.088646552080929e-15,3.364391668314399e-14,converged
2025-01-15T23:40:00+08:00,15.666666666666666,-4.527777777777778,0.0,3.0,50.6,50.6,43.8,43.8,50.0,60.0,85.0,40.17726110689077,13.409319662668521,13.106245046987711,13.661696397234536,71.40503788634878,1.0485595217497308,50.46666666666667,50.46666666666666,50.46666666666667,43.028986324751344,41.924825685150985,41.67810991350268,42.20945153299674,0.3802063611111111,0.3844308657091552,28.80708104062023,29.243960292336403,20.511151041892827,28.47071043003417,24.0577136632812,24.453213520055506,24.170012902024308,23.812558564704233,19.99191760844992,24.277851167338333,23.993359940468277,23.634373937639896,1.0,0.08333333333333333,0.8333333333333334,0.25,0.0,20.511151041892827,24.0577136632812,28.47071043003417,13.274349816236473,21.669059214276892,27.156217589134794,6.054952612159255e-17,6.056502336886233e-16,0.0,1.0500300190079078e-15,3.589869841963769e-14,converged
2025-01-15T23:45:00+08:00,15.75,-4.555555555555555,0.0,3.0,50.6,50.6,43.8,43.8,50.0,60.0,85.0,40.17726110689077,13.409319662668521,13.106245046987711,13.661696397234536,71.40503788634878,1.0485595217497308,50.51268400490036,50.46666666666666,50.46666666666667,43.05893936840265,41.922956305233,41.67617790678088,42.21818171735887,0.38066222222222224,0.3847394584926897,28.802217850338447,29.23796800375601,20.50433280216082,28.467505678503827,24.051714022690604,24.445996855917464,24.16419878084903,23.808273958915226,19.98477708319971,24.270640840907006,23.987549662887698,23.630090032813182,1.0,0.08333333333333333,0.8333333333333334,0.25,0.0,20.50433280216082,24.051714022690604,28.467505678503827,13.274349816236473,21.669059214276892,27.156217589134794,6.054952612159255e-17,6.051644522400698e-16,0.0,2.0043600306524685e-15,6.753494661464963e-14,converged
2025-01-15T23:50:00+08:00,15.833333333333334,-4.583333333333333,0.0,3.0,50.6,50.6,43.8,43.8,50.0,60.0,85.0,40.17726110689077,13.409319662668521,13.106245046987711,13.661696397234536,71.40503788634878,1.0485595217497308,50.6,50.46666666666666,50.46666666666667,43.11729365933375,41.92107603059623,41.67423429422806,42.236383429866905,0.3811180833333333,0.385248807780361,28.797490571222973,29.232108067687918,20.49763436191423,28.464412705181235,24.045678851505613,24.43875124238518,24.15835199275136,23.803952876973764,19.977589171454387,24.26340135488215,23.981706561990627,23.62576954933961,1.0,0.08333333333333333,0.8333333333333334,0.25,0.0,20.49763436191423,24.045678851505613,28.464412705181235,13.274349816236473,21.669059214276892,27.156217589134794,6.054952612159255e-17,7.5545543215091395e-16,0.0,5.292749195680422e-15,2.8302675528761308e-14,converged
2025-01-15T23:55:00+08:00,15.916666666666666,-4.611111111111112,0.0,3.0,50.6,50.6,43.8,43.8,50.0,60.0,85.0,40.17726110689077,13.409319662668521,13.106245046987711,13.661696397234536,71.40503788634878,1.0485595217497308,50.6,50.555491754285946,50.46666666666667,43.115701107778506,41.979235137565645,41.672279122584676,42.25415919391102,0.3815739444444444,0.3857702417498297,28.79273750878309,29.2262272930023,20.490891689178376,28.461292939413795,24.039779541360534,24.431639036647987,24.15262680071482,23.79974225795442,19.970354110381994,24.256132821481323,23.975830757789783,23.62141261460497,1.0,0.08333333333333333,0.8333333333333334,0.25,0.0,20.490891689178376,24.039779541360534,28.461292939413795,13.274349816236473,21.669059214276892,27.156217589134794,6.054952612159255e-17,3.0177372235577886e-16,0.0,3.4829589703071713e-15,5.72494932654567e-14,converged
2025-01-16T00:00:00+08:00,16.0,-4.638888888888888,0.0,3.0,50.6,50.6,43.8,43.8,50.0,60.0,85.0,40.17726110689077,13.409319662668521,13.106245046987711,13.661696397234536,71.40503788634878,1.0485595217497308,50.6,50.599999999999994,50.54250086428975,43.114099303525435,42.0074871681057,41.721793309059045,42.279677277642705,0.38202980555555555,0.3864586933466944,28.78795874926873,29.220325745745065,20.484104985991543,28.45814645804185,24.033929922444155,24.424578616521618,24.146945709595492,23.795568338108673,19.963224916239017,24.248971945757546,23.970052140575042,23.617142952838197,1.0,0.08333333333333333,0.8333333333333334,0.25,0.0,20.484104985991543,24.033929922444155,28.45814645804185,13.274349816236473,21.669059214276892,27.156217589134794,6.054952612159255e-17,3.012361316517156e-16,0.0,1.5267070562226224e-15,4.545533644448645e-14,converged
2025-01-16T00:05:00+08:00,16.083333333333332,-4.666666666666667,0.0,3.0,50.733333333333334,50.733333333333334,43.86666666666667,43.86666666666667,50.0,60.0,85.0,40.23841371131526,13.429729586051579,13.126193669585867,13.682490455677817,71.62257024440025,1.0533547560533316,50.6,50.6,50.6,43.12175227893479,42.01632593161216,41.76988794216123,42.301468670229475,0.38248566666666667,0.3869424808350859,28.783167982534106,29.214416125654417,20.477283847918148,28.45498517685526,24.028058408301632,24.417501943813946,24.14124423383767,23.79136988010489,19.956177113072258,24.24189924018326,23.96435238641998,23.61294332609367,1.0,0.08333333333333333,0.8333333333333334,0.25,0.0,20.477283847918148,24.028058408301632,28.45498517685526,13.254176032321219,21.63612751334334,27.114946741734897,6.03656248576309e-17,6.017190026574042e-16,0.0,7.148087364252092e-16,3.843477681370156e-14,converged
2025-01-16T00:10:00+08:00,16.166666666666668,-4.694444444444444,0.0,3.0,50.733333333333334,50.733333333333334,43.86666666666667,43.86666666666667,50.0,60.0,85.0,40.23841371131526,13.429729586051579,13.126193669585867,13.682490455677817,71.62257024440025,1.0533547560533316,50.6,50.6,50.6,43.12013779327644,42.01448549105689,41.767980797820435,42.29968096135669,0.38294152777777773,0.38702583781462335,28.77835164784835,29.208485827912575,20.470419039929926,28.4517973008271,24.022150842836986,24.41039578298317,24.135509679304665,23.787134645876765,19.949081462404767,24.234796849202148,23.95861940775516,23.608706829251986,1.0,0.08333333333333333,0.8333333333333334,0.25,0.0,20.470419039929926,24.022150842836986,28.4517973008271,13.254176032321219,21.63612751334334,27.114946741734897,6.03656248576309e-17,1.5039735135551224e-16,0.0,4.186179809399484e-16,3.778541199227849e-14,converged
2025-01-16T00:15:00+08:00,16.25,-4.722222222222222,0.0,3.0,50.733333333333334,50.733333333333334,43.86666666666667,43.86666666666667,50.0,60.0,85.0,40.23841371131526,13.429729586051579,13.126193669585867,13.682490455677817,71.62257024440025,1.0533547560533316,50.646555305804775,50.6,50.6,43.15050261842507,42.012634068173405,41.766061975861724,42.308558920482206,0.38339738888888886,0.3873363818523813,28.773595973533613,29.202616529526576,20.46359814209299,28.448656749081795,24.016207373476956,24.40326024828236,24.129742167765244,23.782862764368684,19.941938203732597,24.22766488707122,23.952853326077122,23.604433590731805,1.0,0.08333333333333333,0.8333333333333334,0.25,0.0,20.46359814209299,24.016207373476956,28.448656749081795,13.254176032321219,21.63612751334334,27.114946741734897,6.03656248576309e-17,7.51383857037874e-16,0.0,3.9359143602722286e-16,4.8654904294823706e-14,converged
2025-01-16T00:20:00+08:00,16.333333333333332,-4.75,0.0,3.0,50.733333333333334,50.733333333333334,43.86666666666667,43.86666666666667,50.0,60.0,85.0,40.23841371131526,13.429729586051579,13.126193669585867,13.682490455677817,71.62257024440025,1.0533547560533316,50.733333333333334,50.6,50.6,43.20854535843461,42.01077170449784,41.76413152331234,42.32666696925168,0.38385325,0.3878425017714409,28.768974913207938,29.196878306282645,20.45689607627117,28.445626986853345,24.0102281470454,24.396095453521923,24.123941820539926,23.77855436407293,19.93474757535303,24.22050346760772,23.947054262438094,23.600123738504504,1.0,0.08333333333333333,0.8333333333333334,0.25,0.0,20.45689607627117,24.0102281470454,28.445626986853345,13.254176032321219,21.63612751334334,27.114946741734897,6.03656248576309e-17,4.502419975707281e-16,0.0,1.7308921775329923e-15,4.289471787337556e-14,converged
2025-01-16T00:25:00+08:00,16.416666666666668,-4.777777777777778,0.0,3.0,50.733333333333334,50.733333333333334,43.86666666666667,43.86666666666667,50.0,60.0,85.0,40.23841371131526,13.429729586051579,13.126193669585867,13.682490455677817,71.62257024440025,1.0533547560533316,50.733333333333334,50.68970326631085,50.6,43.20697703635416,42.06957863139913,41.76218948700557,42.344666612133715,0.3843091111111111,0.3883676479421635,28.76432771712654,29.191118862061295,20.45014979661776,28.442570252518657,24.004386294943018,24.389065404649994,24.11826446661455,23.774357875228436,19.92750981437057,24.213312704190816,23.941222337447652,23.595777400095738,1.0,0.08333333333333333,0.8333333333333334,0.25,0.0,20.45014979661776,24.004386294943018,28.442570252518657,13.254176032321219,21.63612751334334,27.114946741734897,6.03656248576309e-17,1.4987772854379417e-16,0.0,1.1567916479100086e-15,4.104863366207345e-14,converged
2025-01-16T00:30:00+08:00,16.5,-4.805555555555556,0.0,3.0,50.733333333333334,50.733333333333334,43.86666666666667,43.86666666666667,50.0,60.0,85.0,40.23841371131526,13.429729586051579,13.126193669585867,13.682490455677817,71.62257024440025,1.0533547560533316,50.733333333333334,50.733333333333334,50.67693475355374,43.20539940365557,42.09727261578229,41.812494719213525,42.370279706350544,0.3847649722222222,0.3890568091962695,28.75965447273457,29.185338264132806,20.44335950509958,28.439486623447735,23.998592234891817,24.382085246836933,24.112629539224933,23.770196608218782,19.920380184387078,24.206231324481546,23.935489362579656,23.5915201291883,1.0,0.08333333333333333,0.8333333333333334,0.25,0.0,20.44335950509958,23.998592234891817,28.439486623447735,13.254176032321219,21.63612751334334,27.114946741734897,6.03656248576309e-17,1.4961224052013208e-16,0.0,2.3961781929101597e-15,3.38606697455134e-14,converged
2025-01-16T00:35:00+08:00,16.583333333333332,-4.833333333333333,0.0,3.0,50.86666666666667,50.86666666666667,43.93333333333333,43.93333333333333,50.0,60.0,85.0,40.29956631573975,13.450139509434635,13.146142292184022,13.703284514121096,71.84043345014454,1.0581645877103758,50.733333333333334,50.733333333333334,50.733333333333334,43.213116824442615,42.1061702484665,41.85991863573445,42.39188374411135,0.3852208333333333,0.3895347657960582,28.754968936646115,29.17954928016859,20.436534824957537,28.43638806659061,23.992776107959052,24.375088582849138,24.10697410683399,23.76601080069132,19.913329800744524,24.19923592001486,23.92983328395404,23.587331130269842,1.0,0.08333333333333333,0.8333333333333334,0.25,0.0,20.436534824957537,23.992776107959052,28.43638806659061,13.234063473850322,21.603295756873926,27.073801147286133,3.009128007080589e-16,2.9885733456685686e-16,1.1690080606736291e-16,9.697936739127385e-16,4.4205619356250874e-14,converged
2025-01-16T00:40:00+08:00,16.666666666666668,-4.861111111111111,0.0,3.0,50.86666666666667,50.86666666666667,43.93333333333333,43.93333333333333,50.0,60.0,85.0,40.29956631573975,13.450139509434635,13.146142292184022,13.703284514121096,71.84043345014454,1.0581645877103758,50.733333333333334,50.733333333333334,50.733333333333334,43.211526376006425,42.104347446317554,41.858024468816545,42.39011422437497,0.3856766944444444,0.38961740004909884,28.750257483447832,29.173739239555754,20.429666493210167,28.433262736625526,23.98692370632666,24.36806212429409,24.10128542890516,23.761788174512592,19.90623158557601,24.192210536369398,23.92414382399097,23.583105226276594,1.0,0.08333333333333333,0.8333333333333334,0.25,0.0,20.429666493210167,23.98692370632666,28.433262736625526,13.234063473850322,21.603295756873926,27.073801147286133,3.009128007080589e-16,2.9879394968567724e-16,1.1690080606736291e-16,8.225442145513928e-16,3.3569262215817674e-14,converged
2025-01-16T00:45:00+08:00,16.75,-4.888888888888889,0.0,3.0,50.86666666666667,50.86666666666667,43.93333333333333,43.93333333333333,50.0,60.0,85.0,40.29956631573975,13.450139509434635,13.146142292184022,13.703284514121096,71.84043345014454,1.0581645877103758,50.78042497403066,50.733333333333334,50.733333333333334,43.24230179422775,42.102513616923765,41.856118600211055,42.399139364342744,0.38613255555555553,0.38992990213290457,28.745607363770606,29.16799078795571,20.4228431103613,28.43018542859827,23.981035178354208,24.361005986627273,24.095563627837073,23.7575288587926,19.899085778318252,24.1851552889489,23.91842110477743,23.578842545766896,1.0,0.08333333333333333,0.8333333333333334,0.25,0.0,20.4228431103613,23.981035178354208,28.43018542859827,13.234063473850322,21.603295756873926,27.073801147286133,3.009128007080589e-16,2.9855448681967346e-16,1.1690080606736291e-16,1.5824402149979457e-15,6.705457564860994e-14,converged
2025-01-16T00:50:00+08:00,16.833333333333332,-4.916666666666667,0.0,3.0,50.86666666666667,50.86666666666667,43.93333333333333,43.93333333333333,50.0,60.0,85.0,40.29956631573975,13.450139509434635,13.146142292184022,13.703284514121096,71.84043345014454,1.0581645877103758,50.86666666666667,50.733333333333334,50.733333333333334,43.30003317514528,42.100668802002374,41.85420107703555,42.41715361681955,0.3865884166666667,0.3904328121480354,28.741090569552178,29.1623721428767,20.416137593932184,28.42721792597281,23.975110671794496,24.353920284856766,24.08980882557773,23.753232982188603,19.891892617209393,24.178070292712864,23.91266524795388,23.57454321685126,1.0,0.08333333333333333,0.8333333333333334,0.25,0.0,20.416137593932184,23.975110671794496,28.42721792597281,13.234063473850322,21.603295756873926,27.073801147286133,3.009128007080589e-16,2.9816992374809706e-16,1.1690080606736291e-16,2.2288983960392314e-15,3.2042575249076304e-14,converged
2025-01-16T00:55:00+08:00,16.916666666666668,-4.944444444444444,0.0,3.0,50.86666666666667,50.86666666666667,43.93333333333333,43.93333333333333,50.0,60.0,85.0,40.29956631573975,13.450139509434635,13.146142292184022,13.703284514121096,71.84043345014454,1.0581645877103758,50.86666666666667,50.82391211315003,50.733333333333334,43.29848864874448,42.1601220041331,41.852271946213335,42.43537641170261,0.3870442777777778,0.3909616727329086,28.73654729354171,29.15673190107634,20.40938788152621,28.424223274238003,23.969325053426225,24.346970669527494,24.08417841317508,23.749050462362,19.884652339294995,24.170955662178258,23.9068763747159,23.570207367193927,1.0,0.08333333333333333,0.8333333333333334,0.25,0.0,20.40938788152621,23.969325053426225,28.424223274238003,13.234063473850322,21.603295756873926,27.073801147286133,3.009128007080589e-16,1.1910663366377164e-15,1.1690080606736291e-16,2.2903094057716547e-15,4.024165081189253e-14,converged
2025-01-16T01:00:00+08:00,17.0,-4.972222222222222,0.0,3.0,50.86666666666667,50.86666666666667,43.93333333333333,43.93333333333333,50.0,60.0,85.0,40.29956631573975,13.450139509434635,13.146142292184022,13.703284514121096,71.84043345014454,1.0581645877103758,50.86666666666667,50.86666666666667,50.811365302739034,43.2969347550933,42.18725863319891,41.90336652977536,42.46108402126352,0.3875001388888889,0.3916515533012469,28.731977624358567,29.15107013102873,20.402594175042353,28.42120155128606,23.96358533704788,24.340069061247426,24.07858875993201,23.744901691155956,19.87752244957321,24.16395214258493,23.901188212957848,23.56596237540608,1.0,0.08333333333333333,0.8333333333333334,0.25,0.0,20.402594175042353,23.96358533704788,28.42120155128606,13.234063473850322,21.603295756873926,27.073801147286133,3.009128007080589e-16,1.1889683147753693e-15,1.1690080606736291e-16,2.1273035713504772e-15,4.952654085141983e-14,converged
2025-01-16T01:05:00+08:00,17.083333333333332,-5.0,0.0,3.0,51.0,51.0,44.0,44.0,50.0,60.0,85.0,40.360718920164246,13.470549432817693,13.166090914782176,13.724078572564375,72.0586275035817,1.0629890389052916,50.86666666666667,50.86666666666667,50.86666666666667,43.30471581217822,42.19621442864865,41.95012052483698,42.482500474095396,0.387956,0.39212370202102564,28.72739538458484,29.145399667510915,20.39576612521482,28.418164774720957,23.957823386530254,24.3331506991723,24.07297848412253,23.740728377314838,19.87046966620035,24.157032413752134,23.895574987736875,23.561783896999263,1.0,0.08333333333333333,0.8333333333333334,0.25,0.0,20.39576612521482,23.957823386530254,28.418164774720957,13.214011862526307,21.570563490575633,27.03278023645691,6.000032690739051e-17,1.4844208756946378e-16,0.0,2.0502233542759864e-15,3.5707653370835976e-14,converged
2025-01-16T01:10:00+08:00,17.166666666666668,-5.027777777777778,0.0,3.0,51.0,51.0,44.0,44.0,50.0,60.0,85.0,40.360718920164246,13.470549432817693,13.166090914782176,13.724078572564375,72.0586275035817,1.0629890389052916,50.86666666666667,50.86666666666667,50.86666666666667,43.30314897139231,42.19440890846251,41.94823910810701,42.480748806580536,0.38841186111111115,0.3922056267270562,28.722786884878875,29.13970777490567,20.388894441300135,28.415101049419523,23.952024942820834,24.326202242610364,24.067334799226284,23.736518202928735,19.863369066365284,24.150082418134303,23.88992822730609,23.557568478898286,1.0,0.08333333333333333,0.8333333333333334,0.25,0.0,20.388894441300135,23.952024942820834,28.415101049419523,13.214011862526307,21.570563490575633,27.03278023645691,6.000032690739051e-17,1.484110806854265e-16,0.0,1.5019705854369308e-15,3.403573878453536e-14,converged
2025-01-16T01:15:00+08:00,17.25,-5.055555555555556,0.0,3.0,51.0,51.0,44.0,44.0,50.0,60.0,85.0,40.360718920164246,13.470549432817693,13.166090914782176,13.724078572564375,72.0586275035817,1.0629890389052916,50.91429301699929,50.86666666666667,50.86666666666667,43.3343338043469,42.19259231742577,41.94634596638547,42.489920541259515,0.38886772222222227,0.39252009341065663,28.718240395729694,29.134078065207074,20.382068741467968,28.412086044260175,23.94619015519223,24.31922380819448,24.061657828260053,23.73227129727139,19.85622088944989,24.143102272258446,23.884248054332218,23.55331624979991,1.0,0.08333333333333333,0.8333333333333334,0.25,0.0,20.382068741467968,23.94619015519223,28.412086044260175,13.214011862526307,21.570563490575633,27.03278023645691,6.000032690739051e-17,1.0380452701258066e-15,0.0,2.5547308130591098e-15,5.935148516181294e-14,converged
2025-01-16T01:20:00+08:00,17.333333333333332,-5.083333333333333,0.0,3.0,51.0,51.0,44.0,44.0,50.0,60.0,85.0,40.360718920164246,13.470549432817693,13.166090914782176,13.724078572564375,72.0586275035817,1.0629890389052916,51.0,50.86666666666667,50.86666666666667,43.39175402474533,42.19076469743169,41.944441146877466,42.507840871547906,0.38932358333333333,0.39301981270331177,28.713825952027953,29.128576902032595,20.375359944347284,28.409179864914954,23.94031917230646,24.312215512105492,24.055947693787644,23.72798778916316,19.849025373637637,24.136092092202936,23.878534591033294,23.549027337952523,1.0,0.08333333333333333,0.8333333333333334,0.25,0.0,20.375359944347284,23.94031917230646,28.409179864914954,13.214011862526307,21.570563490575633,27.03278023645691,6.000032690739051e-17,1.4810362997503133e-15,0.0,9.892420778948378e-16,4.113441748255155e-14,converged
2025-01-16T01:25:00+08:00,17.416666666666668,-5.111111111111111,0.0,3.0,51.0,51.0,44.0,44.0,50.0,60.0,85.0,40.360718920164246,13.470549432817693,13.166090914782176,13.724078572564375,72.0586275035817,1.0629890389052916,51.0,50.95811830691799,50.86666666666667,43.390232868383485,42.25086264113953,41.94252469659354,42.52628609958949,0.38977944444444446,0.393552389695856,28.709384686772868,29.12305377289138,20.368606968324464,28.406246362073844,23.93458859194852,24.305344645338984,24.050363344993734,23.723819079959927,19.84178275591959,24.129051993599255,23.872787959180297,23.544701871157702,1.0,0.08333333333333333,0.8333333333333334,0.25,0.0,20.368606968324464,23.93458859194852,28.406246362073844,13.214011862526307,21.570563490575633,27.03278023645691,6.000032690739051e-17,2.958064158037576e-16,0.0,2.8043638933131458e-15,2.165895214793024e-14,converged
2025-01-16T01:30:00+08:00,17.5,-5.138888888888889,0.0,3.0,51.0,51.0,44.0,44.0,50.0,60.0,85.0,40.360718920164246,13.470549432817693,13.166090914782176,13.724078572564375,72.0586275035817,1.0629890389052916,51.0,51.0,50.94579252702782,43.3887022894027,42.277442611826224,41.99440694538648,42.55208773686377,0.3902353055555556,0.39424299898942244,28.704916689737402,29.11750874744114,20.361810015234155,28.403285614143883,23.928902032505356,24.298519911994045,24.04481809490735,23.719682650264833,19.834652776764443,24.12212473425564,23.86714379834212,23.54046904844605,1.0,0.08333333333333333,0.8333333333333334,0.25,0.0,20.361810015234155,23.928902032505356,28.403285614143883,13.214011862526307,21.570563490575633,27.03278023645691,6.000032690739051e-17,1.4764412066333008e-15,0.0,4.3822533252873386e-15,4.6867225370999025e-14,converged
2025-01-16T01:35:00+08:00,17.583333333333332,-5.166666666666667,0.0,3.0,51.13333333333333,51.13333333333333,44.06666666666667,44.06666666666667,50.0,60.0,85.0,40.42187152458874,13.490959356200753,13.186039537380333,13.744872631007656,72.27715240471173,1.0678281318225062,51.0,51.0,51.0,43.39654618672336,42.286455876376486,42.040491819377614,42.573316384957664,0.3906911666666667,0.39470936258066325,28.700435848692564,29.11195472675024,20.354978763121498,28.40030968888321,23.92319307595597,24.291678183070893,24.039252107425625,23.715521676052894,19.82759776861672,24.115279091471304,23.861572621375622,23.53630098491352,1.0,0.08333333333333333,0.8333333333333334,0.25,0.0,20.354978763121498,23.92319307595597,28.40030968888321,13.194020921735795,21.537930262904563,26.99188344336091,5.98189201271152e-17,5.898786948746069e-16,1.2148644033183461e-16,8.506209542020342e-16,3.524802230322006e-14,converged
2025-01-16T01:40:00+08:00,17.666666666666668,-5.194444444444444,0.0,3.0,51.13333333333333,51.13333333333333,44.06666666666667,44.06666666666667,50.0,60.0,85.0,40.42187152458874,13.490959356200753,13.186039537380333,13.744872631007656,72.27715240471173,1.0678281318225062,51.0,51.0,51.0,43.39500253208921,42.284667289953454,42.038622930449534,42.57158223978196,0.39114702777777777,0.3947905906613881,28.69592841111044,29.106378910975305,20.34810389367116,28.397306641854428,23.917447412494198,24.284806066121416,24.033652550455322,23.711323799926156,19.820494958188316,24.108402900326137,23.85596775822163,23.532095947420096,1.0,0.08333333333333333,0.8333333333333334,0.25,0.0,20.34810389367116,23.917447412494198,28.397306641854428,13.194020921735795,21.537930262904563,26.99188344336091,5.98189201271152e-17,1.474393318644013e-16,1.2148644033183461e-16,4.2318325553195876e-15,3.682017946764197e-14,converged
2025-01-16T01:45:00+08:00,17.75,-5.222222222222222,0.0,3.0,51.13333333333333,51.13333333333333,44.06666666666667,44.06666666666667,50.0,60.0,85.0,40.42187152458874,13.490959356200753,13.186039537380333,13.744872631007656,72.27715240471173,1.0678281318225062,51.04815944208704,51.0,51.0,43.42659561136435,42.28286759035363,42.036742293974434,42.580899990676166,0.3916028888888889,0.3951070282655061,28.691483664896484,29.10086587612972,20.341276039957926,28.394353013687216,23.911665192286343,24.27790367893139,24.028019547619888,23.707089151320243,19.81334458481062,24.101496278447453,23.85032933211615,23.527854064799723,1.0,0.08333333333333333,0.8333333333333334,0.25,0.0,20.341276039957926,23.911665192286343,28.394353013687216,13.194020921735795,21.537930262904563,26.99188344336091,5.98189201271152e-17,1.1785699924194255e-15,1.2148644033183461e-16,2.751644698180986e-15,6.926131964037095e-14,converged
2025-01-16T01:50:00+08:00,17.833333333333332,-5.25,0.0,3.0,51.13333333333333,51.13333333333333,44.06666666666667,44.06666666666667,50.0,60.0,85.0,40.42187152458874,13.490959356200753,13.186039537380333,13.744872631007656,72.27715240471173,1.0678281318225062,51.13333333333333,51.0,51.0,43.483704876407984,42.28105681964129,42.0348499572423,42.59872627938632,0.39205875,0.3956035757391627,28.687169692511713,29.09548013631249,20.334564127146603,28.391507236226104,23.905846564884392,24.270971138830056,24.02235322208751,23.702817859216786,19.806146886616748,24.09455934300964,23.844657465844342,23.523575465437425,1.0,0.08333333333333333,0.8333333333333334,0.25,0.0,20.334564127146603,23.905846564884392,28.391507236226104,13.194020921735795,21.537930262904563,26.99188344336091,5.98189201271152e-17,2.9427267336858473e-16,1.2148644033183461e-16,2.4775577318157724e-15,4.0341617478781255e-14,converged
2025-01-16T01:55:00+08:00,17.916666666666668,-5.277777777777778,0.0,3.0,51.13333333333333,51.13333333333333,44.06666666666667,44.06666666666667,50.0,60.0,85.0,40.42187152458874,13.490959356200753,13.186039537380333,13.744872631007656,72.27715240471173,1.0678281318225062,51.13333333333333,51.092321859655875,51.0,43.48220667244528,42.341797982122415,42.03294596734817,42.61739322958455,0.39251461111111113,0.3961398709184569,28.682828564969558,29.09007206766631,20.32780805175018,28.388633963458027,23.900169854724506,24.26417737313335,24.016814077268922,23.698662804951987,19.798902100547576,24.087592210735902,23.838952281742177,23.519260277270877,1.0,0.08333333333333333,0.8333333333333334,0.25,0.0,20.32780805175018,23.900169854724506,28.388633963458027,13.194020921735795,21.537930262904563,26.99188344336091,5.98189201271152e-17,8.816228587924559e-16,1.2148644033183461e-16,3.245669594390788e-15,4.559224376520283e-14,converged
2025-01-16T02:00:00+08:00,18.0,-5.305555555555556,0.0,3.0,51.13333333333333,51.13333333333333,44.06666666666667,44.06666666666667,50.0,60.0,85.0,40.42187152458874,13.490959356200753,13.186039537380333,13.744872631007656,72.27715240471173,1.0678281318225062,51.13333333333333,51.13333333333333,51.08021644151037,43.48069899173485,42.36782199727083,42.08561420339302,42.64328841429864,0.39297047222222226,0.3968312181073021,28.678460373176346,29.08464174101265,20.32100801554238,28.385733274297618,23.894535293262958,24.25742787745564,24.01131237755025,23.694538565162382,19.79177219663979,24.080739647011143,23.833351326324618,23.515039515257577,1.0,0.08333333333333333,0.8333333333333334,0.25,0.0,20.32100801554238,23.894535293262958,28.385733274297618,13.194020921735795,21.537930262904563,26.99188344336091,5.98189201271152e-17,4.4004346123087684e-16,1.2148644033183461e-16,5.171517821157519e-16,3.427889184374438e-14,converged
2025-01-16T02:05:00+08:00,18.083333333333332,-5.333333333333333,0.0,3.0,51.266666666666666,51.266666666666666,44.13333333333333,44.13333333333333,50.0,60.0,85.0,40.48302412901323,13.511369279583809,13.205988159978487,13.765666689450933,72.49600815353458,1.0726818886464475,51.13333333333333,51.13333333333333,51.13333333333333,43.488604946009794,42.37689204971944,42.131030761809626,42.66432904791319,0.3934263333333333,0.39729181906874,28.674079069325416,29.079202122909923,20.31417372369774,28.382817286163686,23.88887817591463,24.250661150120802,24.005789828283206,23.690389779202807,19.784715133054977,24.073966535784013,23.827821409082354,23.510881762608395,1.0,0.08333333333333333,0.8333333333333334,0.25,0.0,20.31417372369774,23.88887817591463,28.382817286163686,13.174090376536801,21.505395625045193,26.95111020553106,1.1927666962176003e-16,5.860443947716551e-16,0.0,2.990730937016266e-15,3.281599635322392e-14,converged
2025-01-16T02:10:00+08:00,18.166666666666668,-5.361111111111111,0.0,3.0,51.266666666666666,51.266666666666666,44.13333333333333,44.13333333333333,50.0,60.0,85.0,40.48302412901323,13.511369279583809,13.205988159978487,13.765666689450933,72.49600815353458,1.0726818886464475,51.13333333333333,51.13333333333333,51.13333333333333,43.48708406395025,42.37512005690807,42.129174183039424,42.662612102075954,0.39388219444444444,0.39737236319316477,28.669670838432857,29.07374035005436,20.307295830518196,28.379874005785698,23.883184142593777,24.243863747458835,24.000233552207458,23.68620405047338,19.777610280516708,24.067162600518444,23.82225765751021,23.5066870020787,1.0,0.08333333333333333,0.8333333333333334,0.25,0.0,20.307295830518196,23.883184142593777,28.379874005785698,13.174090376536801,21.505395625045193,26.95111020553106,1.1927666962176003e-16,5.85925608371233e-16,0.0,3.1343455771121784e-15,3.15073776307555e-14,converged
2025-01-16T02:15:00+08:00,18.25,-5.388888888888889,0.0,3.0,51.266666666666666,51.266666666666666,44.13333333333333,44.13333333333333,50.0,60.0,85.0,40.48302412901323,13.511369279583809,13.205988159978487,13.765666689450933,72.49600815353458,1.0726818886464475,51.18202425662568,51.13333333333333,51.13333333333333,43.519084230904134,42.37333690984265,42.12730583489865,42.67207529817273,0.39433805555555557,0.39769077781045226,28.66532598338762,29.068341960173647,20.300465981234037,28.376980843470534,23.87745334434151,24.237035788384507,23.99464367354188,23.681981508569805,19.770457878310083,24.060327959919608,23.8166601954032,23.502455362638386,1.0,0.08333333333333333,0.8333333333333334,0.25,0.0,20.300465981234037,23.87745334434151,28.376980843470534,13.174090376536801,21.505395625045193,26.95111020553106,1.1927666962176003e-16,8.781847228231739e-16,0.0,4.768729121510149e-15,2.7521473266487487e-14,converged
2025-01-16T02:20:00+08:00,18.333333333333332,-5.416666666666667,0.0,3.0,51.266666666666666,51.266666666666666,44.13333333333333,44.13333333333333,50.0,60.0,85.0,40.48302412901323,13.511369279583809,13.205988159978487,13.765666689450933,72.49600815353458,1.0726818886464475,51.266666666666666,51.13333333333333,51.13333333333333,43.57588275219961,42.371542650753675,42.12542576475943,42.68980743227159,0.3947939166666667,0.3981841720957638,28.661110638822848,29.06306962220576,20.29375111295196,28.374194561186002,23.87168593158096,24.230177391351603,23.98902031604784,23.677722282633177,19.76325816452207,24.05346273223553,23.81102914610338,23.498186972807904,1.0,0.08333333333333333,0.8333333333333334,0.25,0.0,20.29375111295196,23.87168593158096,28.374194561186002,13.174090376536801,21.505395625045193,26.95111020553106,1.1927666962176003e-16,1.4618275911647336e-16,0.0,2.961187565694159e-15,3.0276095695768503e-14,converged
2025-01-16T02:25:00+08:00,18.416666666666668,-5.444444444444444,0.0,3.0,51.266666666666666,51.266666666666666,44.13333333333333,44.13333333333333,50.0,60.0,85.0,40.48302412901323,13.511369279583809,13.205988159978487,13.765666689450933,72.49600815353458,1.0726818886464475,51.266666666666666,51.22652278333212,51.13333333333333,43.57440709084649,42.43292551985591,42.12353401979869,42.70869540131482,0.39524977777777776,0.39872418703128204,28.65686781153836,29.05777459881655,20.28699209766583,28.371380614318458,23.86606195106085,24.223459115881845,23.983525533466132,23.67358073027961,19.75601137604751,24.046567035258857,23.805364632501522,23.493881960659817,1.0,0.08333333333333333,0.8333333333333334,0.25,0.0,20.28699209766583,23.86606195106085,28.371380614318458,13.174090376536801,21.505395625045193,26.95111020553106,1.1927666962176003e-16,5.839391018323221e-16,0.0,4.9839624392312625e-17,3.314633617351653e-14,converged
2025-01-16T02:30:00+08:00,18.5,-5.472222222222222,0.0,3.0,51.266666666666666,51.266666666666666,44.13333333333333,44.13333333333333,50.0,60.0,85.0,40.48302412901323,13.511369279583809,13.205988159978487,13.765666689450933,72.49600815353458,1.0726818886464475,51.266666666666666,51.266666666666666,51.21463706118584,43.57292189983307,42.45839428801798,42.176986573150664,42.734683660402254,0.3957056388888889,0.3994162810494605,28.65259759355398,29.052456961971757,20.28018913709177,28.368539082282993,23.86047825575663,24.21678325709983,23.97806654914295,23.669468531425654,19.74888170661163,24.039787636978012,23.799806103347574,23.489673152602332,1.0,0.08333333333333333,0.8333333333333334,0.25,0.0,20.28018913709177,23.86047825575663,28.368539082282993,13.174090376536801,21.505395625045193,26.95111020553106,1.1927666962176003e-16,5.829272733753128e-16,0.0,4.31630594007051e-15,2.952291765563508e-14,converged
2025-01-16T02:35:00+08:00,18.583333333333332,-5.5,0.0,3.0,51.4,51.4,44.2,44.2,50.0,60.0,85.0,40.54417673343772,13.531779202966865,13.22593678257664,13.786460747894214,72.71519475005029,1.0775503315615431,51.266666666666666,51.266666666666666,51.266666666666666,43.58088914032896,42.467520459348,42.22173562643976,42.75553607964262,0.3961615,0.39987114163139714,28.64831400073107,29.047129742931286,20.273351963353004,28.365682131671836,23.85487184986951,24.210089936156034,23.972586605735245,23.665331784970522,19.74182275147713,24.03308553713435,23.79431667357192,23.4855256084619,1.0,0.08333333333333333,0.8333333333333334,0.25,0.0,20.273351963353004,23.85487184986951,28.365682131671836,13.154219953646097,21.47295913088977,26.910459963893757,1.1891713201276387e-16,7.278302289581511e-16,0.0,2.8664163242133515e-15,3.3794355480036375e-14,converged
2025-01-16T02:40:00+08:00,18.666666666666668,-5.527777777777778,0.0,3.0,51.4,51.4,44.2,44.2,50.0,60.0,85.0,40.54417673343772,13.531779202966865,13.22593678257664,13.786460747894214,72.71519475005029,1.0775503315615431,51.266666666666666,51.266666666666666,51.266666666666666,43.57939062503897,42.46576472785409,42.21989114482109,42.75383601687722,0.3966173611111111,0.3999510142208131,28.644003156348372,29.041780015684637,20.266471203556836,28.362797720856356,23.849228323501677,24.20336565868481,23.967072781216395,23.661158055396303,19.7347160198892,24.02635234334348,23.788793264101127,23.48134102286302,1.0,0.08333333333333333,0.8333333333333334,0.25,0.0,20.266471203556836,23.849228323501677,28.362797720856356,13.154219953646097,21.47295913088977,26.910459963893757,1.1891713201276387e-16,4.366109261670551e-16,0.0,2.7225600759557316e-15,3.453245175401848e-14,converged
2025-01-16T02:45:00+08:00,18.75,-5.555555555555556,0.0,3.0,51.4,51.4,44.2,44.2,50.0,60.0,85.0,40.54417673343772,13.531779202966865,13.22593678257664,13.786460747894214,72.71519475005029,1.0775503315615431,51.31588746790277,51.266666666666666,51.266666666666666,43.61179673064791,42.46399780224802,42.21803487272376,42.763444094498745,0.39707322222222224,0.40027141172070596,28.63975637585418,29.03649427737705,20.259639512350464,28.359964127753887,23.843547828550587,24.19661054470651,23.961525200389694,23.656947472457002,19.72756175109073,24.019588175366447,23.783235999279153,23.477119524910343,1.0,0.08333333333333333,0.8333333333333334,0.25,0.0,20.259639512350464,23.843547828550587,28.359964127753887,13.154219953646097,21.47295913088977,26.910459963893757,1.1891713201276387e-16,1.4542048022675794e-16,0.0,2.2235067304655407e-15,6.451608827578367e-14,converged
2025-01-16T02:50:00+08:00,18.833333333333332,-5.583333333333333,0.0,3.0,51.4,51.4,44.2,44.2,50.0,60.0,85.0,40.54417673343772,13.531779202966865,13.22593678257664,13.786460747894214,72.71519475005029,1.0775503315615431,51.4,51.266666666666666,51.266666666666666,43.66828472609794,42.46221972492174,42.216166857599475,42.78108196716416,0.3975290833333333,0.4007616711805555,28.63563785063989,29.031333356128112,20.252921844166615,28.357236448392715,23.837830516292133,24.189824713776154,23.95594398759872,23.652700165451392,19.720360183126587,24.012793152503033,23.777645002994937,23.472861243258535,1.0,0.08333333333333333,0.8333333333333334,0.25,0.0,20.252921844166615,23.837830516292133,28.357236448392715,13.154219953646097,21.47295913088977,26.910459963893757,1.1891713201276387e-16,2.9048516911310646e-16,0.0,2.4324452336153337e-15,2.977596114846376e-14,converged
2025-01-16T02:55:00+08:00,18.916666666666668,-5.611111111111111,0.0,3.0,51.4,51.4,44.2,44.2,50.0,60.0,85.0,40.54417673343772,13.531779202966865,13.22593678257664,13.786460747894214,72.71519475005029,1.0775503315615431,51.4,51.36072108984293,51.266666666666666,43.6668312052671,42.52424279895214,42.21428714670442,42.80019025928361,0.39798494444444443,0.401305407236905,28.63149152107185,29.02614939902398,20.2461600438449,28.35448093766771,23.832258151465403,24.183180353522328,23.950492743032918,23.648571964588797,19.71311155284962,24.005967393593522,23.772020398684067,23.468566306113846,1.0,0.08333333333333333,0.8333333333333334,0.25,0.0,20.2461600438449,23.832258151465403,28.35448093766771,13.154219953646097,21.47295913088977,26.910459963893757,1.1891713201276387e-16,7.252289635746838e-16,0.0,1.9707642345235502e-15,3.544560362143833e-14,converged
2025-01-16T03:00:00+08:00,19.0,-5.638888888888889,0.0,3.0,51.4,51.4,44.2,44.2,50.0,60.0,85.0,40.54417673343772,13.531779202966865,13.22593678257664,13.786460747894214,72.71519475005029,1.0775503315615431,51.4,51.4,51.349054400962835,43.66536810305659,42.54915703420421,42.2685223553453,42.82627112673838,0.39844080555555556,0.4019982567873276,28.62731748026391,29.020942479155494,20.23935431304706,28.351697675487397,23.826724216984033,24.176576566545723,23.94507565657364,23.64447166028568,19.705982271817103,23.999259664275225,23.766503532637678,23.464369346875305,1.0,0.08333333333333333,0.8333333333333334,0.25,0.0,20.23935431304706,23.826724216984033,28.351697675487397,13.154219953646097,21.47295913088977,26.910459963893757,1.1891713201276387e-16,1.447958042869362e-16,0.0,3.408244452389066e-15,3.3858234719453114e-14,converged
2025-01-16T03:05:00+08:00,19.083333333333332,-5.666666666666667,0.0,3.0,51.53333333333333,51.53333333333333,44.266666666666666,44.266666666666666,50.0,60.0,85.0,40.60532933786221,13.552189126349921,13.245885405174795,13.80725480633749,72.93471219425886,1.0824334827522208,51.4,51.4,51.4,43.67339587136005,42.55833866731299,42.312604718752354,42.84693514133971,0.3988966666666667,0.40244739899585547,28.62312980700313,29.015725691708045,20.23251441066514,28.348898877136275,23.821167421208553,24.169955092349852,23.93963750405283,23.640346807165542,19.69892158373237,23.99262708919922,23.7610538340035,23.460231910455864,1.0,0.08333333333333333,0.8333333333333334,0.25,0.0,20.23251441066514,23.821167421208553,28.348898877136275,13.134409381426751,21.44062033701795,26.86993216274332,5.927960879858132e-17,1.1570736659489127e-15,0.0,1.7267712181298106e-15,3.316646943861949e-14,converged
2025-01-16T03:10:00+08:00,19.166666666666668,-5.694444444444444,0.0,3.0,51.53333333333333,51.53333333333333,44.266666666666666,44.266666666666666,50.0,60.0,85.0,40.60532933786221,13.552189126349921,13.245885405174795,13.80725480633749,72.93471219425886,1.0824334827522208,51.4,51.4,51.4,43.67191932466026,42.55659887251324,42.31077212581431,42.84525165196917,0.39935252777777774,0.4025266122287263,28.618914563538226,29.010486048706124,20.225630936798865,28.346072453096745,23.81557330489014,24.16330238639162,23.93416531907345,23.636184931074116,19.691813130893337,23.985963155909538,23.755570013029093,23.45605739933641,1.0,0.08333333333333333,0.8333333333333334,0.25,0.0,20.225630936798865,23.81557330489014,28.346072453096745,13.134409381426751,21.44062033701795,26.86993216274332,5.927960879858132e-17,1.4460574567028197e-16,0.0,8.721174687008736e-16,3.541313090773212e-14,converged
2025-01-16T03:15:00+08:00,19.25,-5.722222222222222,0.0,3.0,51.53333333333333,51.53333333333333,44.266666666666666,44.266666666666666,50.0,60.0,85.0,40.60532933786221,13.552189126349921,13.245885405174795,13.80725480633749,72.93471219425886,1.0824334827522208,51.44974908316195,51.4,51.4,43.70473022936848,42.55484784493315,42.308927721989015,42.85500405462717,0.39980838888888887,0.4028489982622028,28.614764075461366,29.005311004424048,20.218797552784768,28.34329754683708,23.809942020764566,24.15661856977407,23.92865922701244,23.631986161921954,19.684657152504624,23.979267985201613,23.75005219459751,23.45184594275515,1.0,0.08333333333333333,0.8333333333333334,0.25,0.0,20.218797552784768,23.809942020764566,28.34329754683708,13.134409381426751,21.44062033701795,26.86993216274332,5.927960879858132e-17,1.4449002272454882e-16,0.0,6.28095667619891e-16,3.557382791352186e-14,converged
2025-01-16T03:20:00+08:00,19.333333333333332,-5.75,0.0,3.0,51.53333333333333,51.53333333333333,44.266666666666666,44.266666666666666,50.0,60.0,85.0,40.60532933786221,13.552189126349921,13.245885405174795,13.80725480633749,72.93471219425886,1.0824334827522208,51.53333333333333,51.4,51.4,43.7609079230283,42.55308562712157,42.30707155480519,42.87254756510511,0.40026425,0.4033361409966585,28.610740595492793,29.000259550490917,20.212077235743887,28.34062759236975,23.80427372094253,24.149903763130663,23.923119352784834,23.627750629163767,19.677453886572923,23.972541697405568,23.744500503134752,23.44759766949979,1.0,0.08333333333333333,0.8333333333333334,0.25,0.0,20.212077235743887,23.80427372094253,28.34062759236975,13.134409381426751,21.44062033701795,26.86993216274332,5.927960879858132e-17,1.4431551005975843e-15,0.0,1.1962454735428233e-15,3.1880205121501865e-14,converged
2025-01-16T03:25:00+08:00,19.416666666666668,-5.777777777777778,0.0,3.0,51.53333333333333,51.53333333333333,44.266666666666666,44.266666666666666,50.0,60.0,85.0,40.60532933786221,13.552189126349921,13.245885405174795,13.80725480633749,72.93471219425886,1.0824334827522208,51.53333333333333,51.49491679101285,51.4,43.759476148189606,42.61574741465861,42.305203671595756,42.89187549193085,0.4007201111111111,0.40388359933822326,28.606688995353462,28.995184716317826,20.205312800737016,28.337929642213805,23.79875188384761,24.14333177811347,23.91771083916184,23.623635631928988,19.670203569913,23.965784412387997,23.738915062611436,23.44331270790909,1.0,0.08333333333333333,0.8333333333333334,0.25,0.0,20.205312800737016,23.79875188384761,28.337929642213805,13.134409381426751,21.44062033701795,26.86993216274332,5.927960879858132e-17,0.0,0.0,2.4906690249978268e-15,3.2606544529863245e-14,converged
2025-01-16T03:30:00+08:00,19.5,-5.805555555555556,0.0,3.0,51.53333333333333,51.53333333333333,44.266666666666666,44.266666666666666,50.0,60.0,85.0,40.60532933786221,13.552189126349921,13.245885405174795,13.80725480633749,72.93471219425886,1.0824334827522208,51.53333333333333,51.53333333333333,51.48346847566017,43.758034741422385,42.640107836419176,42.3602198813283,42.91804850866366,0.40117597222222223,0.4045772128974134,28.60260936923209,28.99008657610191,20.198504449374635,28.335203776764292,23.79326663071994,24.13679853273621,23.912334850107325,23.61954707832735,19.66307482608053,23.959146888498854,23.733439112183312,23.4391274939292,1.0,0.08333333333333333,0.8333333333333334,0.25,0.0,20.198504449374635,23.79326663071994,28.335203776764292,13.134409381426751,21.44062033701795,26.86993216274332,5.927960879858132e-17,2.877456221353071e-16,0.0,6.012816745710062e-16,4.770054366004284e-14,converged
2025-01-16T03:35:00+08:00,19.583333333333332,-5.833333333333333,0.0,3.0,51.666666666666664,51.666666666666664,44.333333333333336,44.333333333333336,50.0,60.0,85.0,40.6664819422867,13.572599049732979,13.26583402777295,13.828048864780772,73.1545604861603,1.0873313644029088,51.53333333333333,51.53333333333333,51.53333333333333,43.766122291216035,42.649344285853694,42.403636374748125,42.93852393777937,0.4016318333333333,0.40502065849856245,28.59851585811096,28.984978288190288,20.191661967138597,28.33246225952284,23.78775836947466,24.130247380405095,23.906937690516873,23.61543397490178,19.65601255851473,23.952582384389707,23.72802840396494,23.4350000660009,1.0,0.08333333333333333,0.8333333333333334,0.25,0.0,20.191661967138597,23.78775836947466,28.33246225952284,13.114658389875732,21.40837880267657,26.829526249716636,5.910145830936583e-17,8.622917329093327e-16,1.1584606195246944e-16,2.5141887171523693e-15,2.7581757689841276e-14,converged
2025-01-16T03:40:00+08:00,19.666666666666668,-5.861111111111111,0.0,3.0,51.666666666666664,51.666666666666664,44.333333333333336,44.333333333333336,50.0,60.0,85.0,40.6664819422867,13.572599049732979,13.26583402777295,13.828048864780772,73.1545604861603,1.0873313644029088,51.53333333333333,51.53333333333333,51.53333333333333,43.76466732240902,42.64762011061371,42.40181546645533,42.936856718575044,0.4020876944444444,0.40509922431531603,28.594394463904894,28.97984680337251,20.184775927307076,28.329692953546182,23.782212591966704,24.1236647269099,23.901506350014103,23.61128380914114,19.64890253711837,23.945986263318968,23.722583433425644,23.430835530462147,1.0,0.08333333333333333,0.8333333333333334,0.25,0.0,20.184775927307076,23.782212591966704,28.329692953546182,13.114658389875732,21.40837880267657,26.829526249716636,5.910145830936583e-17,2.873748327306619e-16,1.1584606195246944e-16,6.347279919249773e-15,2.9083931616918744e-14,converged
2025-01-16T03:45:00+08:00,19.75,-5.888888888888889,0.0,3.0,51.666666666666664,51.666666666666664,44.333333333333336,44.333333333333336,50.0,60.0,85.0,40.6664819422867,13.572599049732979,13.26583402777295,13.828048864780772,73.1545604861603,1.0873313644029088,51.583609109603316,51.53333333333333,51.53333333333333,43.7978818959812,42.64588466508672,42.39998272755051,42.946752896828585,0.40254355555555554,0.40542360431955965,28.590338519943167,28.974780530771675,20.177940995189264,28.326975865801252,23.776629451752548,24.11705069441398,23.89604095453902,23.607096711110806,19.641745001061633,23.939358647095435,23.71710432597791,23.42663401668355,1.0,0.08333333333333333,0.8333333333333334,0.25,0.0,20.177940995189264,23.776629451752548,28.326975865801252,13.114658389875732,21.40837880267657,26.829526249716636,5.910145830936583e-17,2.8714490371698955e-16,1.1584606195246944e-16,3.769308689068766e-15,5.232413424653509e-14,converged
2025-01-16T03:50:00+08:00,19.833333333333332,-5.916666666666667,0.0,3.0,51.666666666666664,51.666666666666664,44.333333333333336,44.333333333333336,50.0,60.0,85.0,40.6664819422867,13.572599049732979,13.26583402777295,13.828048864780772,73.1545604861603,1.0873313644029088,51.666666666666664,51.53333333333333,51.53333333333333,43.85374951791786,42.644137991973956,42.398138205636926,42.96420195029349,0.40299941666666667,0.40590764817073527,28.586408344829955,28.969836629839634,20.17121817593513,28.324362772194952,23.77100910176015,24.11040540460692,23.89054162956762,23.602872810419708,19.634540188316834,23.932699657058627,23.711591206575182,23.42239565358468,1.0,0.08333333333333333,0.8333333333333334,0.25,0.0,20.17121817593513,23.77100910176015,28.324362772194952,13.114658389875732,21.40837880267657,26.829526249716636,5.910145830936583e-17,1.0038086944912313e-15,1.1584606195246944e-16,1.3949788472604295e-15,3.274597845901836e-14,converged
2025-01-16T03:55:00+08:00,19.916666666666668,-5.944444444444444,0.0,3.0,51.666666666666664,51.666666666666664,44.333333333333336,44.333333333333336,50.0,60.0,85.0,40.6664819422867,13.572599049732979,13.26583402777295,13.828048864780772,73.1545604861603,1.0873313644029088,51.666666666666664,51.62910989859528,51.53333333333333,43.85233910195583,42.707437011683936,42.396281948121754,42.98374883071334,0.40345527777777773,0.4064588297662257,28.582449739436775,28.964869010224522,20.164451252212558,28.32172152099272,23.76553672980796,24.103904289096405,23.88517505660037,23.598770871457862,19.627288335664428,23.926009414080582,23.706044199713524,23.41812056963565,1.0,0.08333333333333333,0.8333333333333334,0.25,0.0,20.164451252212558,23.76553672980796,28.32172152099272,13.114658389875732,21.40837880267657,26.829526249716636,5.910145830936583e-17,7.160339086119186e-16,1.1584606195246944e-16,1.7337567271559472e-15,5.483966100127662e-14,converged
2025-01-16T04:00:00+08:00,20.0,-5.972222222222222,0.0,3.0,51.666666666666664,51.666666666666664,44.333333333333336,44.333333333333336,50.0,60.0,85.0,40.6664819422867,13.572599049732979,13.26583402777295,13.828048864780772,73.1545604861603,1.0873313644029088,51.666666666666664,51.666666666666664,51.61787930000755,43.85091900466474,42.73124434453592,42.45207751246654,43.01001354441117,0.40391113888888885,0.40715321558898165,28.578462799008445,28.959877747211266,20.157640425583804,28.319052193069325,23.760099103820334,24.097440089217287,23.879839381203457,23.594693927195177,19.6201602728476,23.91944066430596,23.70060843275385,23.413946998902162,1.0,0.08333333333333333,0.8333333333333334,0.25,0.0,20.157640425583804,23.760099103820334,28.319052193069325,13.114658389875732,21.40837880267657,26.829526249716636,5.910145830936583e-17,2.8592509495112345e-16,1.1584606195246944e-16,2.7414600211680854e-15,6.167572946798186e-14,converged
2025-01-16T04:05:00+08:00,20.083333333333332,-6.0,0.0,3.0,51.8,51.8,44.4,44.4,50.0,60.0,85.0,40.72763454671119,13.593008973116037,13.285782650371104,13.84884292322405,73.37473962575459,1.092243998698034,51.666666666666664,51.666666666666664,51.666666666666664,43.85906560150746,42.74053497623452,42.4948289602973,43.03030021640576,0.404367,0.4075909861127897,28.5744617260035,28.954876061557027,20.15079550794236,28.316367099674302,23.7546383266844,24.090957767851098,23.874482433243475,23.5905924323043,19.61309657429264,23.912942809451298,23.69523598949897,23.40982948176467,1.0,0.08333333333333333,0.8333333333333334,0.25,0.0,20.15079550794236,23.7546383266844,28.316367099674302,13.094966710611654,21.376234089759638,26.78924167576811,1.1784821939443633e-16,1.42808999454566e-16,0.0,1.8678451261902257e-16,3.198155212578592e-14,converged
2025-01-16T04:10:00+08:00,20.166666666666668,-6.0,0.41666666666666075,3.0,51.8,51.8,44.4,44.4,50.0,60.0,85.0,40.72763454671119,13.593008973116037,13.285782650371104,13.84884292322405,73.37473962575459,1.092243998698034,51.666666666666664,51.666666666666664,51.666666666666664,43.85764249079709,42.73883835689197,42.49303243304754,43.02866090941155,0.404193175,0.407668352764398,28.57049485791927,28.949916528523918,20.144003075810737,28.313705173808728,23.74922069438438,24.08452685324534,23.869166436377558,23.586520781927327,19.60608903765251,23.906496256966104,23.689904425089562,23.405741770936515,1.0,0.08333333333333333,0.8333333333333334,0.25,0.0,20.144003075810737,23.74922069438438,28.313705173808728,13.094966710611654,21.376234089759638,26.78924167576811,1.1784821939443633e-16,1.4278189738978122e-15,0.0,2.6210856155765723e-15,2.820095626408296e-14,converged
2025-01-16T04:15:00+08:00,20.25,-6.0,0.8333333333333393,3.0,51.8,51.8,44.4,44.4,50.0,60.0,85.0,40.72763454671119,13.593008973116037,13.285782650371104,13.84884292322405,73.37473962575459,1.092243998698034,51.71746755438369,51.666666666666664,51.666666666666664,43.891291550903226,42.73715486103913,42.49124977883033,43.03873607636618,0.40401935,0.40799304448965845,28.566656324354504,28.94508830128453,20.13735835686869,28.311147137047417,23.74384603030308,24.078147146016082,23.86389123970155,23.582478871315455,19.59913738162224,23.900100809173846,23.684613589873873,23.401683762487917,1.0,0.08333333333333333,0.8333333333333334,0.25,0.0,20.13735835686869,23.74384603030308,28.311147137047417,13.094966710611654,21.376234089759638,26.78924167576811,1.1784821939443633e-16,8.560096065305764e-16,0.0,1.799257014798091e-15,5.888013573679288e-14,converged
2025-01-16T04:20:00+08:00,20.333333333333332,-6.0,1.25,3.0,51.8,51.8,44.4,44.4,50.0,60.0,85.0,40.72763454671119,13.593008973116037,13.285782650371104,13.84884292322405,73.37473962575459,1.092243998698034,51.8,51.666666666666664,51.666666666666664,43.946902473250354,42.73548443853445,42.48948094140921,43.05615006449557,0.40384552500000004,0.40847119987035363,28.56300430596799,28.940446503546905,20.13091995272375,28.30874296466472,23.7385141585463,24.07181844755272,23.85865669286738,23.57846659608754,19.592241326305864,23.893756269159667,23.679363334748,23.39765535285148,1.0,0.08333333333333333,0.8333333333333334,0.25,0.0,20.13091995272375,23.7385141585463,28.30874296466472,13.094966710611654,21.376234089759638,26.78924167576811,1.1784821939443633e-16,7.12506303160935e-16,0.0,7.449389266175998e-16,3.702954093667615e-14,converged
2025-01-16T04:25:00+08:00,20.416666666666668,-6.0,1.6666666666666607,3.0,51.8,51.8,44.4,44.4,50.0,60.0,85.0,40.72763454671119,13.593008973116037,13.285782650371104,13.84884292322405,73.37473962575459,1.092243998698034,51.8,51.763300424273076,51.666666666666664,43.945587292568355,42.79950447698477,42.487725864780664,43.07599833905798,0.4036717,0.40902218292891385,28.559385322914853,28.935845715910492,20.124532176153654,28.30636115279803,23.73341164378094,24.065717485277858,23.85363073691045,23.574643948927324,19.58540059320937,23.887462440767457,23.67415351115389,23.39365643882094,1.0,0.08333333333333333,0.8333333333333334,0.25,0.0,20.124532176153654,23.73341164378094,28.30636115279803,13.094966710611654,21.376234089759638,26.78924167576811,1.1784821939443633e-16,7.115465046009941e-16,0.0,3.653645690593064e-15,3.5467781112782347e-14,converged
2025-01-16T04:30:00+08:00,20.5,-6.0,2.0833333333333393,3.0,51.8,51.8,44.4,44.4,50.0,60.0,85.0,40.72763454671119,13.593008973116037,13.285782650371104,13.84884292322405,73.37473962575459,1.092243998698034,51.8,51.8,51.752286888646175,43.94428342521526,42.82286886073597,42.54441431001787,43.10246096153274,0.403497875,0.4097123153815725,28.555799264502653,28.931285808182377,20.11819479576942,28.304001637211357,23.728421582013773,24.059733512880175,23.848708232149953,23.57091086230357,19.578787699812114,23.881373736249046,23.66913085744654,23.389826817171695,1.0,0.08333333333333333,0.8333333333333334,0.25,0.0,20.11819479576942,23.728421582013773,28.304001637211357,13.094966710611654,21.376234089759638,26.78924167576811,1.1784821939443633e-16,5.682783624334803e-16,0.0,7.090228892505732e-16,3.0983870198940523e-14,converged
2025-01-16T04:35:00+08:00,20.583333333333332,-6.0,2.5,3.0,51.8,51.8,44.4,44.4,50.0,60.0,85.0,40.72763454671119,13.593008973116037,13.285782650371104,13.84884292322405,73.37473962575459,1.092243998698034,51.8,51.8,51.8,43.942990829806504,42.821313427790244,42.57530928035243,43.11202754183095,0.40332405,0.41002651774218135,28.552246020409846,28.92676665058296,20.111907581239613,28.30166435385326,23.723472738167604,24.05379901436922,23.84382507756699,23.567206327147925,19.572324761127298,23.87542074876939,23.6642295066355,23.38610382303269,1.0,0.08333333333333333,0.8333333333333334,0.25,0.0,20.111907581239613,23.723472738167604,28.30166435385326,13.094966710611654,21.376234089759638,26.78924167576811,1.1784821939443633e-16,7.098036150684713e-16,0.0,0.0,2.6930882564778485e-14,converged
2025-01-16T04:40:00+08:00,20.666666666666668,-6.0,2.9166666666666607,3.0,51.8,51.8,44.4,44.4,50.0,60.0,85.0,40.72763454671119,13.593008973116037,13.285782650371104,13.84884292322405,73.37473962575459,1.092243998698034,51.8,51.8,51.8,43.94170946511425,42.81977058024824,42.57367019000166,43.11053923924857,0.403150225,0.4100967577812862,28.548725480684553,28.922288113744646,20.10567030328551,28.299349238856287,23.718564943513236,24.047913797857813,23.83898112815676,23.563530243249946,19.565914975258764,23.86951696419486,23.659367310066163,23.382409259565158,1.0,0.08333333333333333,0.8333333333333334,0.25,0.0,20.10567030328551,23.718564943513236,28.299349238856287,13.094966710611654,21.376234089759638,26.78924167576811,1.1784821939443633e-16,1.4193640844268967e-16,0.0,9.935548590988276e-16,3.198161291423775e-14,converged
2025-01-16T04:45:00+08:00,20.75,-6.0,3.3333333333333393,3.0,51.8,51.8,44.4,44.4,50.0,60.0,85.0,40.72763454671119,13.593008973116037,13.285782650371104,13.84884292322405,73.37473962575459,1.092243998698034,51.8,51.8,51.8,43.940439290066635,42.81824027002586,42.57204433917391,43.109063262968064,0.4029764,0.41016641608389665,28.545237535743304,28.917850068710543,20.099482733676286,28.297056228536473,23.713698030012175,24.042077672203032,23.8341762394488,23.559882510750914,19.55955807597358,23.863662192938513,23.654544124400303,23.378743027635945,1.0,0.08333333333333333,0.8333333333333334,0.25,0.0,20.099482733676286,23.713698030012175,28.297056228536473,13.094966710611654,21.376234089759638,26.78924167576811,1.1784821939443633e-16,4.25736910417074e-16,0.0,2.8382460694471603e-16,2.8927491460251044e-14,converged
2025-01-16T04:50:00+08:00,20.833333333333332,-6.0,3.75,3.0,51.8,51.8,44.4,44.4,50.0,60.0,85.0,40.72763454671119,13.593008973116037,13.285782650371104,13.84884292322405,73.37473962575459,1.092243998698034,51.8,51.8,51.8,43.939180263747296,42.81672244922329,42.570431674237696,43.1075995654714,0.402802575,0.41023549489261424,28.541782076369824,28.913452386933145,20.09334464522422,28.294785259392793,23.708871830313814,24.036290447003307,23.829410267505025,23.556263030142585,19.553253798372324,23.8578562461439,23.649759806824445,23.37510502845756,1.0,0.08333333333333333,0.8333333333333334,0.25,0.0,20.09334464522422,23.708871830313814,28.294785259392793,13.094966710611654,21.376234089759638,26.78924167576811,1.1784821939443633e-16,9.93218849824122e-16,0.0,2.837768142354634e-16,2.7524533812859875e-14,converged
2025-01-16T04:55:00+08:00,20.916666666666668,-6.0,4.166666666666661,3.0,51.8,51.8,44.4,44.4,50.0,60.0,85.0,40.72763454671119,13.593008973116037,13.285782650371104,13.84884292322405,73.37473962575459,1.092243998698034,51.8,51.8,51.8,43.937932345394664,42.81521707012428,42.568832141783524,43.10614809942759,0.40262875,0.41030399644121285,28.538358993713782,28.909094940273047,20.087255811779944,28.292536268106645,23.704086177752608,24.030551932595547,23.824683068917754,23.552671702265982,19.547001878882412,23.852098935682278,23.645014215047926,23.371495163586975,1.0,0.08333333333333333,0.8333333333333334,0.25,0.0,20.087255811779944,23.704086177752608,28.292536268106645,13.094966710611654,21.376234089759638,26.78924167576811,1.1784821939443633e-16,5.674588735994165e-16,0.0,2.8372943679970824e-16,3.623499883044202e-14,converged
2025-01-16T05:00:00+08:00,21.0,-6.0,4.583333333333339,3.0,51.8,51.8,44.4,44.4,50.0,60.0,85.0,40.72763454671119,13.593008973116037,13.285782650371104,13.84884292322405,73.37473962575459,1.092243998698034,51.8,51.8,51.8,43.93669549440142,42.81372408519541,42.56724568862293,43.10470881769191,0.40245492499999996,0.4103719229546743,28.534968179289585,28.904777600997637,20.081216008227674,28.290309191541326,23.699340906345267,24.024861940052286,23.819994500807763,23.549108428310156,19.540802055251447,23.846390074149788,23.640307207300992,23.367913334924403,1.0,0.08333333333333333,0.8333333333333334,0.25,0.0,20.081216008227674,23.699340906345267,28.290309191541326,13.094966710611654,21.376234089759638,26.78924167576811,1.1784821939443633e-16,7.092061817286713e-16,0.0,1.4184123634573426e-16,3.57563241627274e-14,converged
2025-01-16T05:05:00+08:00,21.083333333333332,-6.0,5.0,3.0,51.8,51.8,44.4,44.4,50.0,60.0,85.0,40.72763454671119,13.593008973116037,13.285782650371104,13.84884292322405,73.37473962575459,1.092243998698034,51.8,51.8,51.8,43.93546967031387,42.81224344708548,42.56567226178762,43.1032816733052,0.4022811,0.4104392766492238,28.53160952497514,28.900500241779813,20.07522501048051,28.28810396674151,23.69463585078798,24.019220281178825,23.815344420822335,23.54557310981096,19.534654066540607,23.840729474864677,23.635638642332893,23.36435944471213,1.0,0.08333333333333333,0.8333333333333334,0.25,0.0,20.07522501048051,23.69463585078798,28.28810396674151,13.094966710611654,21.376234089759638,26.78924167576811,1.1784821939443633e-16,4.254538799649072e-16,0.0,1.2763616398947218e-15,3.193546434321402e-14,converged
2025-01-16T05:10:00+08:00,21.166666666666668,-6.0,5.416666666666661,3.0,51.8,51.8,44.4,44.4,50.0,60.0,85.0,40.72763454671119,13.593008973116037,13.285782650371104,13.84884292322405,73.37473962575459,1.092243998698034,51.8,51.8,51.8,43.9342548328313,42.81077510862466,42.56411180852843,43.10186661949306,0.40210727500000004,0.41050605973236526,28.52828292301064,28.89626273569669,20.069282595475713,28.285920530932724,23.68997084645361,24.01362676851038,23.81073268713332,23.542065648649846,19.528557653118064,23.8351169518645,23.63100837940997,23.360833395533295,1.0,0.08333333333333333,0.8333333333333334,0.25,0.0,20.069282595475713,23.68997084645361,28.285920530932724,13.094966710611654,21.376234089759638,26.78924167576811,1.1784821939443633e-16,8.507693301981946e-16,0.0,0.0,3.241818169280837e-14,converged
2025-01-16T05:15:00+08:00,21.25,-6.0,5.833333333333339,3.0,51.8,51.8,44.4,44.4,50.0,60.0,85.0,40.72763454671119,13.593008973116037,13.285782650371104,13.84884292322405,73.37473962575459,1.092243998698034,51.8,51.8,51.8,43.93305094180548,42.80931902282397,42.562564276314525,43.10046360966522,0.40193345,0.4105722744029159,28.524988265997358,28.892064956228324,20.063388541170035,28.28375882152083,23.68534572938894,24.008081215309264,23.806159158435204,23.53858594705264,19.522512556652437,23.82955231990336,23.626416278313776,23.35733509031072,1.0,0.08333333333333333,0.8333333333333334,0.25,0.0,20.063388541170035,23.68534572938894,28.28375882152083,13.094966710611654,21.376234089759638,26.78924167576811,1.1784821939443633e-16,2.835440410491294e-16,0.0,9.92404143671953e-16,3.798310977703986e-14,converged
2025-01-16T05:20:00+08:00,21.333333333333332,-6.0,6.25,3.0,51.8,51.8,44.4,44.4,50.0,60.0,85.0,40.72763454671119,13.593008973116037,13.285782650371104,13.84884292322405,73.37473962575459,1.092243998698034,51.8,51.8,51.8,43.931857957239956,42.80787514287443,42.56102961283236,43.09907259741464,0.401759625,0.4106379228510417,28.521725446896426,28.887906777256422,20.057542626535064,28.281618776091506,23.68076033631191,24.002583435562066,23.80162369394318,23.535133907588335,19.51651852010629,23.824035394449144,23.621862199339187,23.35386443230572,1.0,0.08333333333333333,0.8333333333333334,0.25,0.0,20.057542626535064,23.68076033631191,28.281618776091506,13.094966710611654,21.376234089759638,26.78924167576811,1.1784821939443633e-16,5.669974220533173e-16,0.0,1.4174935551332932e-16,3.6309300629431276e-14,converged
2025-01-16T05:25:00+08:00,21.416666666666668,-6.0,6.666666666666661,3.0,51.8,51.8,44.4,44.4,50.0,60.0,85.0,40.72763454671119,13.593008973116037,13.285782650371104,13.84884292322405,73.37473962575459,1.092243998698034,51.8,51.8,51.8,43.930675839289535,42.80644342214645,42.559507765984826,43.09769353651692,0.4015858,0.41070300725829195,28.51849435902764,28.88378807306308,20.05174463155257,28.27950033240973,23.67621450460887,23.99713324397683,23.797126153391236,23.531709433167897,19.510575287729626,23.81856599168077,23.61734600329251,23.35042132511692,1.0,0.08333333333333333,0.8333333333333334,0.25,0.0,20.05174463155257,23.67621450460887,28.27950033240973,13.094966710611654,21.376234089759638,26.78924167576811,1.1784821939443633e-16,5.669075695553454e-16,0.0,2.834537847776727e-16,3.6463904256960573e-14,converged
2025-01-16T05:30:00+08:00,21.5,-6.0,7.083333333333339,3.0,51.8,51.8,44.4,44.4,50.0,60.0,85.0,40.72763454671119,13.593008973116037,13.285782650371104,13.84884292322405,73.37473962575459,1.092243998698034,51.8,51.8,51.8,43.92950454825964,42.80502381418914,42.55799868389032,43.09632638092947,0.401411975,0.4107675297976337,28.51529489606824,28.8797087183295,20.0459943372099,28.277403428419262,23.671708072331842,23.99173045598027,23.79266639703023,23.528312427043048,19.50468260505347,23.813143928485452,23.61286755148963,23.347005672679078,1.0,0.08333333333333333,0.8333333333333334,0.25,0.0,20.0459943372099,23.671708072331842,28.277403428419262,13.094966710611654,21.376234089759638,26.78924167576811,1.1784821939443633e-16,1.2753416719166991e-15,0.0,4.251138906388995e-16,3.232574174041618e-14,converged
2025-01-16T05:35:00+08:00,21.583333333333332,-6.0,7.5,3.0,51.8,51.8,44.4,44.4,50.0,60.0,85.0,40.72763454671119,13.593008973116037,13.285782650371104,13.84884292322405,73.37473962575459,1.092243998698034,51.8,51.8,51.8,43.92834404460577,42.8036162727296,42.556502314881826,43.094971084790835,0.40123815,0.41083149263348656,28.51212695205174,28.875668588134726,20.040291525495384,28.27532800224214,23.667240878195802,23.986374887714984,23.788244285626,23.524942792805085,19.49884021888343,23.80776902245596,23.608426705754127,23.343617379261925,1.0,0.08333333333333333,0.8333333333333334,0.25,0.0,20.040291525495384,23.667240878195802,28.27532800224214,13.094966710611654,21.376234089759638,26.78924167576811,1.1784821939443633e-16,5.667302722130504e-16,0.0,2.833651361065252e-16,3.3520110286175693e-14,converged
2025-01-16T05:40:00+08:00,21.666666666666668,-6.0,7.916666666666661,3.0,51.8,51.8,44.4,44.4,50.0,60.0,85.0,40.72763454671119,13.593008973116037,13.285782650371104,13.84884292322405,73.37473962575459,1.092243998698034,51.8,51.8,51.8,43.927194288932874,42.80222075167222,42.555018607506014,43.09362760241992,0.401064325,0.4108948979217568,28.50899042136671,28.87166755795439,20.03463597939375,28.27327399217816,23.662812761575953,23.981066356036656,23.783859680457457,23.52160043438368,19.493047877293318,23.80244109188792,23.604023328415433,23.34025634946898,1.0,0.08333333333333333,0.8333333333333334,0.25,0.0,20.03463597939375,23.662812761575953,28.27327399217816,13.094966710611654,21.376234089759638,26.78924167576811,1.1784821939443633e-16,2.833214099657737e-16,0.0,4.249821149486606e-16,3.479463804007824e-14,converged
2025-01-16T05:45:00+08:00,21.75,-6.0,8.33333333333334,3.0,51.8,51.8,44.4,44.4,50.0,60.0,85.0,40.72763454671119,13.593008973116037,13.285782650371104,13.84884292322405,73.37473962575459,1.092243998698034,51.8,51.8,51.8,43.926055241994774,42.800837205098055,42.55354751052233,43.09229588831531,0.4008905,0.410957747809872,28.505885198755596,28.867705503659437,20.029027482881585,28.271241336704367,23.658423562505035,23.975804678511317,23.779512443314697,23.51828525604569,19.4873053296188,23.79715995577709,23.59965728230697,23.336922488236397,1.0,0.08333333333333333,0.8333333333333334,0.25,0.0,20.029027482881585,23.658423562505035,28.271241336704367,13.094966710611654,21.376234089759638,26.78924167576811,1.1784821939443633e-16,2.8327808016116033e-16,0.0,1.1331123206446413e-15,3.251186018188079e-14,converged
2025-01-16T05:50:00+08:00,21.833333333333332,-6.0,8.75,3.0,51.8,51.8,44.4,44.4,50.0,60.0,85.0,40.72763454671119,13.593008973116037,13.285782650371104,13.84884292322405,73.37473962575459,1.092243998698034,51.8,51.8,51.8,43.92492686469363,42.79946558726406,42.552088972902084,43.090975897154514,0.40071667499999997,0.4110200444368142,28.502811179313536,28.863782301514888,20.023465820922777,28.26922997447454,23.654073121670624,23.970589673412572,23.775202436497118,23.514997162393986,19.481612326451074,23.791925433816665,23.595328430764308,23.3336157008318,1.0,0.08333333333333333,0.8333333333333334,0.25,0.0,20.023465820922777,23.654073121670624,28.26922997447454,13.094966710611654,21.376234089759638,26.78924167576811,1.1784821939443633e-16,1.4161757243062054e-16,0.0,7.080878621531027e-16,3.2866607689552974e-14,converged
2025-01-16T05:55:00+08:00,21.916666666666668,-6.0,9.16666666666666,3.0,51.8,51.8,44.4,44.4,50.0,60.0,85.0,40.72763454671119,13.593008973116037,13.285782650371104,13.84884292322405,73.37473962575459,1.092243998698034,51.8,51.8,51.8,43.923809118079255,42.79810585260254,42.55064294382758,43.08966758379327,0.40054284999999995,0.41108178993315486,28.499768258487173,28.85989782817858,20.01795077946403,28.2672398443187,23.649761280412456,23.96542115971887,23.770929522811542,23.51173605836626,19.475968619630585,23.786737346394595,23.591036637623326,23.33033589285313,1.0,0.08333333333333333,0.8333333333333334,0.25,0.0,20.01795077946403,23.649761280412456,28.2672398443187,13.094966710611654,21.376234089759638,26.78924167576811,1.1784821939443633e-16,7.079815056139124e-16,0.0,1.4159630112278247e-16,3.516057293098494e-14,converged
2025-01-16T06:00:00+08:00,22.0,-6.0,9.58333333333334,3.0,51.8,51.8,44.4,44.4,50.0,60.0,85.0,40.72763454671119,13.593008973116037,13.285782650371104,13.84884292322405,73.37473962575459,1.092243998698034,51.8,51.8,51.8,43.92270196334866,42.79675795572034,42.54920937269124,43.08837090326483,0.40036902500000005,0.4111429864210882,28.49675633207348,28.856051960699904,20.012482145430358,28.26527088524258,23.64548788071976,23.960298957110748,23.766693565570346,23.50850184923386,19.47037396224076,23.781595514590904,23.58678176721838,23.3270829702275,1.0,0.08333333333333333,0.8333333333333334,0.25,0.0,20.012482145430358,23.64548788071976,28.26527088524258,13.094966710611654,21.376234089759638,26.78924167576811,1.1784821939443633e-16,4.247256757568892e-16,0.0,4.247256757568892e-16,2.7467966000010358e-14,converged
2025-01-16T06:05:00+08:00,22.083333333333332,-6.0,10.0,3.0,51.8,51.8,44.4,44.4,50.0,60.0,85.0,40.72763454671119,13.593008973116037,13.285782650371104,13.84884292322405,73.37473962575459,1.092243998698034,51.8,51.8,51.8,43.9216053618454,42.79542185139825,42.54778820909462,43.087085810779215,0.40019520000000003,0.41120363601446464,28.493775296218594,28.852244576518594,20.007059706720614,28.263323036427142,23.641252765228593,23.955222885968137,23.762494428589598,23.505294440600604,19.464828108601793,23.776499760175025,23.58256368438048,23.32385683921003,1.0,0.08333333333333333,0.8333333333333334,0.25,0.0,20.007059706720614,23.641252765228593,28.263323036427142,13.094966710611654,21.376234089759638,26.78924167576811,1.1784821939443633e-16,5.662173756792352e-16,0.0,2.831086878396176e-16,3.414308896164691e-14,converged
2025-01-16T06:10:00+08:00,22.166666666666668,-6.0,10.41666666666666,3.0,51.8,51.8,44.4,44.4,50.0,60.0,85.0,40.72763454671119,13.593008973116037,13.285782650371104,13.84884292322405,73.37473962575459,1.092243998698034,51.8,51.8,51.8,43.92051927505903,42.79409749459035,42.546379402847656,43.085812261722545,0.400021375,0.41126374081882455,28.490825047416624,28.848475553463462,20.001683252203044,28.261396237228066,23.637055777219196,23.950192767367625,23.758331976187204,23.502113738401636,19.45933081426444,23.77144990560314,23.578382254435475,23.32065740638272,1.0,0.08333333333333333,0.8333333333333334,0.25,0.0,20.001683252203044,23.637055777219196,28.261396237228066,13.094966710611654,21.376234089759638,26.78924167576811,1.1784821939443633e-16,1.415336562313424e-16,0.0,8.492019373880542e-16,3.597478411969076e-14,converged
2025-01-16T06:15:00+08:00,22.25,-6.0,10.83333333333334,3.0,51.8,51.8,44.4,44.4,50.0,60.0,85.0,40.72763454671119,13.593008973116037,13.285782650371104,13.84884292322405,73.37473962575459,1.092243998698034,51.8,51.8,51.8,43.91944366462451,42.79278484042329,42.54498290396767,43.084550211656286,0.39984755,0.4113233029314318,28.48790548250851,28.844744769751173,19.996352571710847,28.259490427175248,23.63289676061336,23.945208423079766,23.754206073181056,23.498959648902243,19.45388183600386,23.766445774015544,23.574237343202228,23.317484578653296,1.0,0.0,0.8333333333333334,0.25,0.0,19.996352571710847,23.63289676061336,28.259490427175248,13.094966710611654,21.376234089759638,26.78924167576811,1.1784821939443633e-16,5.660526451930268e-16,0.0,1.415131612982567e-16,3.453325949723164e-14,converged
2025-01-16T06:20:00+08:00,22.333333333333332,-6.0,11.25,3.0,51.8,51.8,44.4,44.4,50.0,60.0,85.0,40.72763454671119,13.593008973116037,13.285782650371104,13.84884292322405,73.37473962575459,1.092243998698034,51.8,51.8,51.8,43.91837849232168,42.791483844195646,42.54359866267859,43.083299616316616,0.399673725,0.4113823244413065,28.485016498680846,28.841052103985014,19.99106745603778,28.257605545972293,23.62877555997179,23.940269675566388,23.750116584887188,23.495832078696708,19.448480931813478,23.761487189233996,23.570128816990827,23.31433826325409,1.0,0.0,0.8333333333333334,0.25,0.0,19.99106745603778,23.62877555997179,28.257605545972293,13.094966710611654,21.376234089759638,26.78924167576811,1.1784821939443633e-16,1.4149285823720926e-16,0.0,7.074642911860462e-16,4.050963805622644e-14,converged
2025-01-16T06:25:00+08:00,22.416666666666668,-6.0,11.66666666666666,3.0,51.8,51.8,44.4,44.4,50.0,60.0,85.0,40.72763454671119,13.593008973116037,13.285782650371104,13.84884292322405,73.37473962575459,1.092243998698034,51.8,51.8,51.8,43.91732372007465,42.79019446137729,42.54222662940998,43.082060431613634,0.3994999,0.41144080742925865,28.482157993464728,28.83739743515366,19.985827696933754,28.255741533496032,23.624692020491494,23.935376347977908,23.74606337711794,23.492730934707147,19.443127860898894,23.7565739757591,23.56605654260078,23.311218367740896,1.0,0.0,0.8333333333333334,0.25,0.0,19.985827696933754,23.624692020491494,28.255741533496032,13.094966710611654,21.376234089759638,26.78924167576811,1.1784821939443633e-16,1.1317819693609342e-15,0.0,2.829454923402335e-16,3.9161781970569513e-14,converged
2025-01-16T06:30:00+08:00,22.5,-6.0,12.08333333333334,3.0,51.8,51.8,44.4,44.4,50.0,60.0,85.0,40.72763454671119,13.593008973116037,13.285782650371104,13.84884292322405,73.37473962575459,1.092243998698034,51.8,51.8,51.8,43.916279309951264,42.788916647608694,42.540866754796255,43.080832613630754,0.399326075,0.4114987539679207,28.479329864734595,28.833780642629964,19.98063308710047,28.253898329796,23.62064598800319,23.930528264150666,23.742046316180144,23.489656124182364,19.4378223836718,23.751705958767687,23.562020387319222,23.308124799991845,1.0,0.0,0.8333333333333334,0.25,0.0,19.98063308710047,23.62064598800319,28.253898329796,13.094966710611654,21.376234089759638,26.78924167576811,1.1784821939443633e-16,9.901697695688182e-16,0.0,1.4145282422411689e-16,2.751357564674005e-14,converged
2025-01-16T06:35:00+08:00,22.583333333333332,-6.0,12.5,3.0,51.8,51.8,44.4,44.4,50.0,60.0,85.0,40.72763454671119,13.593008973116037,13.285782650371104,13.84884292322405,73.37473962575459,1.092243998698034,51.8,51.8,51.8,43.91524522416255,42.787650358700304,42.53951898967576,43.07961611862394,0.39915225,0.4115561661217805,28.476532010707082,28.830201606169716,19.975483420187064,28.252075875093972,23.61663730896869,23.925725248604262,23.73806526887327,23.4866075546967,19.43256426174394,23.746882964110213,23.558020218919133,23.305057468206282,1.0,0.0,0.8333333333333334,0.25,0.0,19.975483420187064,23.61663730896869,28.252075875093972,13.094966710611654,21.376234089759638,26.78924167576811,1.1784821939443633e-16,1.4143309153153016e-16,0.0,5.657323661261206e-16,3.7239094383068514e-14,converged
2025-01-16T06:40:00+08:00,22.666666666666668,-6.0,12.91666666666666,3.0,51.8,51.8,44.4,44.4,50.0,60.0,85.0,40.72763454671119,13.593008973116037,13.285782650371104,13.84884292322405,73.37473962575459,1.092243998698034,51.8,51.8,51.8,43.91422142506209,42.78639555063185,42.53818328508992,43.078410903021016,0.39897842499999997,0.4116130459472142,28.473764329939875,28.82666020591045,19.97037849078579,28.250274109783433,23.612665830478342,23.920967126538905,23.734120102487648,23.4835851341489,19.427353257921112,23.74210481830816,23.554055905657552,23.30201628090365,1.0,0.0,0.8333333333333334,0.25,0.0,19.97037849078579,23.612665830478342,28.250274109783433,13.094966710611654,21.376234089759638,26.78924167576811,1.1784821939443633e-16,5.656541889192894e-16,0.0,2.828270944596447e-16,3.091339196555733e-14,converged
2025-01-16T06:45:00+08:00,22.75,-6.0,13.33333333333334,3.0,51.8,51.8,44.4,44.4,50.0,60.0,85.0,40.72763454671119,13.593008973116037,13.285782650371104,13.84884292322405,73.37473962575459,1.092243998698034,51.8,51.8,51.8,43.91320787514557,42.78515217955174,42.53685959228242,43.07721692342104,0.39880459999999995,0.41166939549251824,28.471026721330563,28.823156322370217,19.965318094427694,28.248492974429112,23.608731400248427,23.916253723832778,23.73021068480263,23.480588770760964,19.422189136197165,23.737371348551452,23.550127316273816,23.299001146922368,1.0,0.0,0.8333333333333334,0.25,0.0,19.965318094427694,23.608731400248427,28.248492974429112,13.094966710611654,21.376234089759638,26.78924167576811,1.1784821939443633e-16,8.483651427694039e-16,0.0,0.0,2.9548937307705805e-14,converged
2025-01-16T06:50:00+08:00,22.833333333333332,-6.0,13.75,3.0,51.8,51.8,44.4,44.4,50.0,60.0,85.0,40.72763454671119,13.593008973116037,13.285782650371104,13.84884292322405,73.37473962575459,1.092243998698034,51.8,51.8,51.8,43.91220453705013,42.783920201776354,42.53554786269828,43.076034136593556,0.39863077500000005,0.4117252167979428,28.4683190841155,28.819689836446383,19.96030202757833,28.246732409766476,23.60483386661862,23.9115848670394,23.726336884084798,23.477618373077014,19.417071661748068,23.732682382695877,23.54623431998779,23.296011975418715,1.0,0.0,0.8333333333333334,0.25,0.0,19.96030202757833,23.60483386661862,28.246732409766476,13.094966710611654,21.376234089759638,26.78924167576811,1.1784821939443633e-16,2.827500407488194e-16,0.0,5.655000814976388e-16,3.087055764917113e-14,converged
2025-01-16T06:55:00+08:00,22.916666666666668,-6.0,14.16666666666666,3.0,51.8,51.8,44.4,44.4,50.0,60.0,85.0,40.72763454671119,13.593008973116037,13.285782650371104,13.84884292322405,73.37473962575459,1.092243998698034,51.8,51.8,51.8,43.91121137355388,42.78269957378947,42.53424804798306,43.074862499477916,0.39845695000000003,0.4117805118957228,28.465641317868673,28.816260629414423,19.95533008763349,28.24499235670125,23.600973078549433,23.90696038338502,23.72249856908618,23.474673849962166,19.41200060092598,23.728037749260526,23.542376786498103,23.293048675865737,1.0,0.0,0.8333333333333334,0.25,0.0,19.95533008763349,23.600973078549433,28.24499235670125,13.094966710611654,21.376234089759638,26.78924167576811,1.1784821939443633e-16,1.4135603612102853e-16,0.0,9.894922528471998e-16,3.325768482965474e-14,converged
2025-01-16T07:00:00+08:00,23.0,-6.0,14.58333333333334,3.0,51.8,51.8,44.4,44.4,50.0,60.0,85.0,40.72763454671119,13.593008973116037,13.285782650371104,13.84884292322405,73.37473962575459,1.092243998698034,51.8,51.8,51.8,43.91022834757531,42.78149025224157,42.53296009998201,43.07370196918262,0.398283125,0.41183528281011106,28.462993322500573,28.812868582926725,19.950402072914954,28.243272756308915,23.59714888561967,23.90238010076599,23.718695609042445,23.471755110601407,19.406975721253357,23.723437277425234,23.5385545859804,23.290111158052124,1.0,0.0,0.8333333333333334,0.25,0.0,19.950402072914954,23.59714888561967,28.243272756308915,13.094966710611654,21.376234089759638,26.78924167576811,1.1784821939443633e-16,2.8267447371820146e-16,0.0,9.893606580137053e-16,3.3853950646426595e-14,converged
2025-01-16T07:05:00+08:00,23.083333333333332,-6.0,15.0,3.0,51.8,51.8,44.4,44.4,50.0,60.0,85.0,40.72763454671119,13.593008973116037,13.285782650371104,13.84884292322405,73.37473962575459,1.092243998698034,51.8,51.8,51.8,43.90925542217276,42.7802921939492,42.531683970739195,43.07255250298463,0.3981093,0.41188953155741,28.46037499825706,28.809513579011387,19.945517782666247,28.24157354983423,23.593361138023898,23.897843847746174,23.714927873671122,23.468862064498463,19.4019967914171,23.71888079702803,23.534767589085597,23.287199332081126,1.0,0.0,0.8333333333333334,0.25,0.0,19.945517782666247,23.593361138023898,28.24157354983423,13.094966710611654,21.376234089759638,26.78924167576811,1.1784821939443633e-16,5.652744870050606e-16,0.0,2.826372435025303e-16,2.646884792094445e-14,converged
2025-01-16T07:10:00+08:00,23.166666666666668,-6.0,15.41666666666666,3.0,51.8,51.8,44.4,44.4,50.0,60.0,85.0,40.72763454671119,13.593008973116037,13.285782650371104,13.84884292322405,73.37473962575459,1.092243998698034,51.8,51.8,51.8,43.90829256054386,42.77910535589437,42.530419612496665,43.07141405832869,0.397935475,0.4119432601460034,28.45778624571824,28.806195500071027,19.940677017048444,28.23989467869074,23.589609686569922,23.893351453554374,23.711195233169835,23.46599462147469,19.397063581262714,23.714368138562616,23.53101566693814,23.284313108369442,1.0,0.0,0.8333333333333334,0.25,0.0,19.940677017048444,23.589609686569922,28.23989467869074,13.094966710611654,21.376234089759638,26.78924167576811,1.1784821939443633e-16,4.2390056989526007e-16,0.0,4.2390056989526007e-16,3.1022167835690665e-14,converged
2025-01-16T07:15:00+08:00,23.25,-6.0,15.83333333333334,3.0,51.8,51.8,44.4,44.4,50.0,60.0,85.0,40.72763454671119,13.593008973116037,13.285782650371104,13.84884292322405,73.37473962575459,1.092243998698034,51.8,51.8,51.8,43.90733972602499,42.77792969522389,42.52916697769364,43.07028659282667,0.39776165,0.41199647057638833,28.455226965797355,28.802914228881594,19.935879577135957,28.238236084460294,23.585894382676283,23.888902748081726,23.707497558214527,23.463152691667947,19.3921758617885,23.709899133175814,23.52729869113426,23.281452397646138,1.0,0.0,0.8333333333333334,0.25,0.0,19.935879577135957,23.585894382676283,28.238236084460294,13.094966710611654,21.376234089759638,26.78924167576811,1.1784821939443633e-16,4.238458220190635e-16,0.0,1.1302555253841693e-15,3.0711895347382165e-14,converged
2025-01-16T07:20:00+08:00,23.333333333333332,-6.0,16.25,3.0,51.8,51.8,44.4,44.4,50.0,60.0,85.0,40.72763454671119,13.593008973116037,13.285782650371104,13.84884292322405,73.37473962575459,1.092243998698034,51.8,51.8,51.8,43.90639688209077,42.776765169248705,42.52792601896568,43.06917006425684,0.397587825,0.4120491648412069,28.45269705973966,28.799669648591184,19.931125264912378,28.236597708892567,23.582215078369753,23.884497561879144,23.703834719957694,23.4603361855315,19.38733340513979,23.705473612665077,23.52361653374027,23.27861711095155,1.0,0.0,0.8333333333333334,0.25,0.0,19.931125264912378,23.582215078369753,28.236597708892567,13.094966710611654,21.376234089759638,26.78924167576811,1.1784821939443633e-16,2.8252774610475975e-16,0.0,1.130110984419039e-15,3.405204490517818e-14,converged
2025-01-16T07:25:00+08:00,23.416666666666668,-6.0,16.66666666666666,3.0,51.8,51.8,44.4,44.4,50.0,60.0,85.0,40.72763454671119,13.593008973116037,13.285782650371104,13.84884292322405,73.37473962575459,1.092243998698034,51.8,51.8,51.8,43.90546399235346,42.775611735443334,42.5266966891438,43.068064430563275,0.397414,0.4121013449252774,28.450196429121302,28.796461642718857,19.926413883266314,28.234979493904568,23.578571626282844,23.880135726154762,23.70020659002664,23.457545013832906,19.382535984603205,23.70109140947597,23.519969067290827,23.275807159636205,1.0,0.0,0.8333333333333334,0.25,0.0,19.926413883266314,23.578571626282844,28.234979493904568,13.094966710611654,21.376234089759638,26.78924167576811,1.1784821939443633e-16,1.4124598628529513e-16,0.0,9.887219039970658e-16,1.8560459826550835e-14,converged
2025-01-16T07:30:00+08:00,23.5,-6.0,17.08333333333334,3.0,51.8,51.8,44.4,44.4,50.0,60.0,85.0,40.72763454671119,13.593008973116037,13.285782650371104,13.84884292322405,73.37473962575459,1.092243998698034,51.8,51.8,51.8,43.90454102056249,42.77446935144521,42.52547894125369,43.066969649855146,0.397240175,0.41215301280562605,28.447724975848228,28.79329009515346,19.92174523598725,28.23338138158016,23.574963879651328,23.875817072771383,23.69661304052171,23.454779087652913,19.37778337460093,23.69675235669967,23.516356164787215,23.273022455359733,1.0,0.0,0.8333333333333334,0.25,0.0,19.92174523598725,23.574963879651328,28.23338138158016,13.094966710611654,21.376234089759638,26.78924167576811,1.1784821939443633e-16,1.2710545160281688e-15,0.0,4.236848386760561e-16,2.8198356128726958e-14,converged
2025-01-16T07:35:00+08:00,23.583333333333332,-6.0,17.5,3.0,51.8,51.8,44.4,44.4,50.0,60.0,85.0,40.72763454671119,13.593008973116037,13.285782650371104,13.84884292322405,73.37473962575459,1.092243998698034,51.8,51.8,51.8,43.903627930603875,42.77333797505404,42.52427272851493,43.065885680406105,0.39706634999999996,0.4122041704515179,28.445282602155068,28.79015489015245,19.917119127761435,28.23180331416959,23.571391692311774,23.871541434243937,23.693053944014576,23.452038318384353,19.373075350685028,23.692456288070478,23.512777699695647,23.270262910089794,1.0,0.0,0.8333333333333334,0.25,0.0,19.917119127761435,23.571391692311774,28.23180331416959,13.094966710611654,21.376234089759638,26.78924167576811,1.1784821939443633e-16,0.0,0.0,7.060537603211076e-16,3.275665677933843e-14,converged
2025-01-16T07:40:00+08:00,23.666666666666668,-6.0,17.91666666666666,3.0,51.8,51.8,44.4,44.4,50.0,60.0,85.0,40.72763454671119,13.593008973116037,13.285782650371104,13.84884292322405,73.37473962575459,1.092243998698034,51.8,51.8,51.8,43.90272468649972,42.77221756423118,42.52307800434006,43.06481248065352,0.396892525,0.41225481982448847,28.442869210604037,28.787055912340733,19.912535364167784,28.230245234089,23.56785491869908,23.867308643736955,23.689529173546457,23.449322617731063,19.36841168953178,23.68820303796335,23.509233545945555,23.267528436101006,1.0,0.0,0.8333333333333334,0.25,0.0,19.912535364167784,23.56785491869908,28.230245234089,13.094966710611654,21.376234089759638,26.78924167576811,1.1784821939443633e-16,4.2358020899487705e-16,0.0,4.2358020899487705e-16,3.41105786624696e-14,converged
2025-01-16T07:45:00+08:00,23.75,-6.0,18.33333333333334,3.0,51.8,51.8,44.4,44.4,50.0,60.0,85.0,40.72763454671119,13.593008973116037,13.285782650371104,13.84884292322405,73.37473962575459,1.092243998698034,51.8,51.8,51.8,43.90183125240763,42.77110807709904,42.521894722333904,43.06375000919795,0.39671870000000004,0.41230496287837415,28.440484704083836,28.783993046709483,19.907993751673796,28.22870708391996,23.564353413844028,23.863118535062046,23.686038602626432,23.446631897706773,19.363792168936055,23.683992441391425,23.505723577927906,23.264818945973868,1.0,0.0,0.8333333333333334,0.25,0.0,19.907993751673796,23.564353413844028,28.22870708391996,13.094966710611654,21.376234089759638,26.78924167576811,1.1784821939443633e-16,4.235286946859145e-16,0.0,2.8235246312394297e-16,2.970449795986139e-14,converged
2025-01-16T07:50:00+08:00,23.833333333333332,-6.0,18.75,3.0,51.8,51.8,44.4,44.4,50.0,60.0,85.0,40.72763454671119,13.593008973116037,13.285782650371104,13.84884292322405,73.37473962575459,1.092243998698034,51.8,51.8,51.8,43.90094759262028,42.770009471940455,42.52072283629264,43.06269822480242,0.396544875,0.4123546015593434,28.438128985808564,28.780966178614996,19.903494097631498,28.227188806408986,23.560887033370847,23.858970942675395,23.682582105229688,23.443966070634037,19.35921656780571,23.679824334003552,23.502247670493496,23.262134352593694,1.0,0.0,0.8333333333333334,0.25,0.0,19.903494097631498,23.560887033370847,28.227188806408986,13.094966710611654,21.376234089759638,26.78924167576811,1.1784821939443633e-16,5.646369478439352e-16,0.0,1.4115923696098378e-15,3.447774679338321e-14,converged
2025-01-16T07:55:00+08:00,23.916666666666668,-6.0,19.16666666666666,3.0,51.8,51.8,44.4,44.4,50.0,60.0,85.0,40.72763454671119,13.593008973116037,13.285782650371104,13.84884292322405,73.37473962575459,1.092243998698034,51.8,51.8,51.8,43.900073671564776,42.768921707198054,42.519562300203056,43.061657086391726,0.39637105,0.41240373780592754,28.435801959316624,28.777975193777515,19.89903621027339,28.22569034446707,23.557455633494776,23.85486570167525,23.679159555795813,23.441325049143135,19.354684666156015,23.67569855208186,23.498805698951276,23.259474569149557,1.0,0.0,0.8333333333333334,0.25,0.0,19.89903621027339,23.557455633494776,28.22569034446707,13.094966710611654,21.376234089759638,26.78924167576811,1.1784821939443633e-16,2.8228483681134463e-16,0.0,5.645696736226893e-16,2.878304764509692e-14,converged
2025-01-16T08:00:00+08:00,24.0,-6.0,19.58333333333334,3.0,51.8,51.8,44.4,44.4,50.0,60.0,85.0,40.72763454671119,13.593008973116037,13.285782650371104,13.84884292322405,73.37473962575459,1.092243998698034,51.8,51.8,51.8,43.899209453802214,42.76784474147365,42.51841306824173,43.06062655305191,0.396197225,0.4124523735490512,28.43350352846963,28.77501997828008,19.894619898708434,28.2242116411692,23.554059071019655,23.85080264779945,23.675770829227087,23.438708746171002,19.3501962451041,23.671614932539317,23.495397539066676,23.256839509133222,1.0,0.0,0.8333333333333334,0.25,0.0,19.894619898708434,23.554059071019655,28.2242116411692,13.094966710611654,21.376234089759638,26.78924167576811,1.1784821939443633e-16,4.2337732533289706e-16,0.0,2.822515502219314e-16,3.6126017944576845e-14,converged
