timestamp,elapsed_hours,outdoor_temperature_c,solar_radiation_w_m2,wind_m_s,raw_supply_target_c,applied_supply_setpoint_c,raw_pump_target_hz,applied_pump_frequency_hz,near_valve_pct,mid_valve_pct,far_valve_pct,total_flow_m3_h,near_flow_m3_h,mid_flow_m3_h,far_flow_m3_h,pump_pressure_kpa,pump_power_kw,delivered_supply_near_c,delivered_supply_mid_c,delivered_supply_far_c,return_near_c,return_mid_c,return_far_c,station_return_c,required_heat_load_mw,actual_heat_supply_mw,B01_indoor_c,B02_indoor_c,B03_indoor_c,B04_indoor_c,B05_indoor_c,B06_indoor_c,B07_indoor_c,B08_indoor_c,B09_indoor_c,B10_indoor_c,B11_indoor_c,B12_indoor_c,compliance_rate,comfort_rate,overheating_rate,severe_overheating_rate,underheating_rate,P10_c,P50_c,P90_c,near_transport_delay_min,mid_transport_delay_min,far_transport_delay_min,hydraulic_residual,heat_balance_residual,mass_residual,pipe_heat_balance_residual,building_heat_balance_residual,solver_status
2025-01-15T08:05:00+08:00,0.08333333333333333,-5.0,20.0,3.0,51.0,51.0,44.0,44.0,50.0,60.0,85.0,40.36071892016924,13.47054943281936,13.166090914783805,13.724078572566071,72.05862750356954,1.0629890389052437,51.0,51.0,51.0,43.05943386762454,41.975128489218164,41.72980149883167,42.253599800155165,0.3796124,0.40906522448944904,28.241141028347695,28.346246029613795,18.551941986028673,28.07988973151054,23.030927976476896,23.141151602653476,23.07387433206876,22.98068381716112,18.459572541614474,23.155331371329247,23.088138372825128,22.99503895535747,1.0,0.0,0.6666666666666666,0.25,0.0,18.551941986028673,23.07387433206876,28.07988973151054,13.214011862524671,21.570563490572965,27.03278023645357,2.4750134849298585e-13,1.1383546178703586e-15,1.2167051069595872e-16,1.1383546178703574e-15,3.200003217808607e-14,converged
2025-01-15T08:10:00+08:00,0.16666666666666666,-5.0,22.22222222222222,3.0055555555555555,51.0,51.0,44.0,44.0,50.0,60.0,85.0,40.36071892016924,13.47054943281936,13.166090914783805,13.724078572566071,72.05862750356954,1.0629890389052437,51.0,51.0,51.0,43.05943717378621,41.97493303861822,41.72956104117198,42.253455381410284,0.3786853333333333,0.40907197888953883,28.241526404200783,28.346619555408285,18.550622371245243,28.080568004198877,23.030346918808792,23.140524086646078,23.073326226470627,22.980235072119704,18.458259030437773,23.154712019281412,23.087597858065017,22.994597311703064,1.0,0.0,0.6666666666666666,0.25,0.0,18.550622371245243,23.073326226470627,28.080568004198877,13.214011862524671,21.570563490572965,27.03278023645357,2.4750134849298585e-13,1.1383358219055164e-15,1.2167051069595872e-16,1.138335821905515e-15,3.3598759868296087e-14,converged
2025-01-15T08:15:00+08:00,0.25,-5.0,24.444444444444443,3.011111111111111,51.0,51.0,44.0,44.0,50.0,60.0,85.0,40.36071892016924,13.47054943281936,13.166090914783805,13.724078572566071,72.05862750356954,1.0629890389052437,51.0,51.0,51.0,43.059475776655546,41.97477407265922,41.729357249134495,42.253347112368985,0.3777582666666667,0.40907704258416444,28.242021377157684,28.347131988596907,18.54942169143941,28.081326698432402,23.029879121622756,23.14003908134433,23.072893263622138,22.97987029573369,18.45706282229295,23.154235147541584,23.087172459144025,22.994239612618497,1.0,0.0,0.6666666666666666,0.25,0.0,18.54942169143941,23.072893263622138,28.081326698432402,13.214011862524671,21.570563490572965,27.03278023645357,2.4750134849298585e-13,8.537412983984546e-16,1.2167051069595872e-16,8.537412983984539e-16,3.536889343867447e-14,converged
2025-01-15T08:20:00+08:00,0.3333333333333333,-5.0,26.666666666666668,3.0166666666666666,51.0,51.0,44.0,44.0,50.0,60.0,85.0,40.36071892016924,13.47054943281936,13.166090914783805,13.724078572566071,72.05862750356954,1.0629890389052437,51.0,51.0,51.0,43.059549551386475,41.97465145224332,41.7291899771878,42.25327485650235,0.37683120000000003,0.40908042195872185,28.2426255709267,28.347782877314227,18.548339419072807,28.082165577478644,23.029524121635447,23.13969603444004,23.07257501955212,22.97958919351633,18.455983339768967,23.15390020359704,23.086861751942603,22.993965563529596,1.0,0.0,0.6666666666666666,0.25,0.0,18.548339419072807,23.07257501955212,28.082165577478644,13.214011862524671,21.570563490572965,27.03278023645357,2.4750134849298585e-13,1.1383123276301077e-15,1.2167051069595872e-16,1.1383123276301064e-15,3.3190140542205685e-14,converged
2025-01-15T08:25:00+08:00,0.4166666666666667,-5.0,28.88888888888889,3.022222222222222,51.0,51.0,44.0,44.0,50.0,60.0,85.0,40.36071892016924,13.47054943281936,13.166090914783805,13.724078572566071,72.05862750356954,1.0629890389052437,51.0,51.0,51.0,43.05965837358478,41.97456503880455,41.729059080387614,42.25323847780546,0.3759041333333333,0.409082123374101,28.24333861050808,28.348571771164732,18.54737502894698,28.083084405301996,23.029281457458552,23.139494395765517,23.07237107185051,22.979391472013667,18.455020008297023,23.15370663707759,23.08666531390378,22.993774870895905,1.0,0.0,0.6666666666666666,0.25,0.0,18.54737502894698,23.07237107185051,28.083084405301996,13.214011862524671,21.570563490572965,27.03278023645357,2.4750134849298585e-13,5.691537966349819e-16,1.2167051069595872e-16,5.691537966349815e-16,3.102830325708948e-14,converged
2025-01-15T08:30:00+08:00,0.5,-5.0,31.11111111111111,3.0277777777777777,51.0,51.0,44.0,44.0,50.0,60.0,85.0,40.36071892016924,13.47054943281936,13.166090914783805,13.724078572566071,72.05862750356954,1.0629890389052437,51.0,51.0,51.0,43.05980211930642,41.97451469430688,41.72896441437438,42.25323784079529,0.37497706666666664,0.4090821531667813,28.244160122189616,28.349498221218038,18.546527998193,28.084082946561647,23.029150669591033,23.13943361728528,23.072280999662638,22.979276838800928,18.454172256136577,23.153653899747294,23.08658272402741,22.993667242207035,1.0,0.0,0.6666666666666666,0.25,0.0,18.546527998193,23.072280999662638,28.084082946561647,13.214011862524671,21.570563490572965,27.03278023645357,2.4750134849298585e-13,1.1383075103691723e-15,1.2167051069595872e-16,1.1383075103691711e-15,2.7910649240793668e-14,converged
2025-01-15T08:35:00+08:00,0.5833333333333334,-5.0,33.333333333333336,3.033333333333333,51.0,51.0,44.0,44.0,50.0,60.0,85.0,40.36071892016924,13.47054943281936,13.166090914783805,13.724078572566071,72.05862750356954,1.0629890389052437,51.0,51.0,51.0,43.05998066505589,41.974500281242115,41.72890583537085,42.25327281050877,0.37405,0.4090805176489266,28.245089733542198,28.35056178000413,18.545797806261128,28.085160966609553,23.029131300411404,23.13951315308779,23.07230438368346,22.9792450024789,18.453439514361406,23.153741445496156,23.086613562864425,22.99364238597907,1.0,0.0,0.6666666666666666,0.25,0.0,18.545797806261128,23.07230438368346,28.085160966609553,13.214011862524671,21.570563490572965,27.03278023645357,2.4750134849298585e-13,7.114450383508766e-16,1.2167051069595872e-16,7.114450383508761e-16,3.327735278342063e-14,converged
2025-01-15T08:40:00+08:00,0.6666666666666666,-5.0,35.55555555555556,3.0388888888888888,51.0,51.0,44.0,44.0,50.0,60.0,85.0,40.36071892016924,13.47054943281936,13.166090914783805,13.724078572566071,72.05862750356954,1.0629890389052437,51.0,51.0,51.0,43.06019388778454,41.97452166262789,41.728883200179716,42.253343252500635,0.37312293333333335,0.40907722310848055,28.246127073415423,28.35176200150862,18.545183934910543,28.086318231488388,23.029222894170044,23.13973245937721,23.072440806151874,22.979295672670336,18.452821216845773,23.153968730331908,23.086757412511137,22.993700011750946,1.0,0.0,0.6666666666666666,0.25,0.0,18.545183934910543,23.072440806151874,28.086318231488388,13.214011862524671,21.570563490572965,27.03278023645357,2.4750134849298585e-13,4.268704608227358e-16,1.2167051069595872e-16,4.2687046082273567e-16,3.6363865073065314e-14,converged
2025-01-15T08:45:00+08:00,0.75,-5.0,37.77777777777778,3.0444444444444443,51.0,51.0,44.0,44.0,50.0,60.0,85.0,40.36071892016924,13.47054943281936,13.166090914783805,13.724078572566071,72.05862750356954,1.0629890389052437,51.0,51.0,51.0,43.060441664888934,41.974578702005665,41.728896366181175,42.2534490328415,0.37219586666666665,0.40907227580926087,28.247271771933196,28.353098441168,18.544685868199082,28.087554507929514,23.02942499698154,23.140090994465226,23.072689850845034,22.97942856001637,18.452316800250625,23.154335212371777,23.087013856603523,22.99383983008088,1.0,0.0,0.6666666666666666,0.25,0.0,18.544685868199082,23.072689850845034,28.087554507929514,13.214011862524671,21.570563490572965,27.03278023645357,2.4750134849298585e-13,7.114593722871608e-16,1.2167051069595872e-16,7.114593722871603e-16,2.3931962206342504e-14,converged
2025-01-15T08:50:00+08:00,0.8333333333333334,-5.0,40.0,3.05,51.0,51.0,44.0,44.0,50.0,60.0,85.0,40.36071892016924,13.47054943281936,13.166090914783805,13.724078572566071,72.05862750356954,1.0629890389052437,51.0,51.0,51.0,43.06072387420917,41.97467126343871,41.72894519133063,42.253590018115815,0.3712688,0.40906568199105314,28.24852346048936,28.354570655864922,18.544303092473058,28.08886956335095,23.029737156817067,23.140588218762854,23.07305110307268,22.97964337617295,18.451925704009884,23.154840351834313,23.087382480311568,22.994061552542778,1.0,0.0,0.6666666666666666,0.25,0.0,18.544303092473058,23.07305110307268,28.08886956335095,13.214011862524671,21.570563490572965,27.03278023645357,2.4750134849298585e-13,1.4229416809093384e-15,1.2167051069595872e-16,1.4229416809093364e-15,3.153537479547727e-14,converged
2025-01-15T08:55:00+08:00,0.9166666666666666,-5.0,42.22222222222222,3.055555555555556,51.0,51.0,44.0,44.0,50.0,60.0,85.0,40.36071892016924,13.47054943281936,13.166090914783805,13.724078572566071,72.05862750356954,1.0629890389052437,51.0,51.0,51.0,43.06104039402726,41.97479921151008,41.72902953415628,42.25376607541987,0.3703417333333333,0.4090574478697054,28.24988177174333,28.356178203923502,18.544035096357106,28.090263165855358,23.030158923496785,23.14122359477233,23.073524149671496,22.979939833807283,18.451647370316795,23.155483611031247,23.087862870333613,22.994364891722675,1.0,0.0,0.6666666666666666,0.25,0.0,18.544035096357106,23.073524149671496,28.090263165855358,13.214011862524671,21.570563490572965,27.03278023645357,2.4750134849298585e-13,2.8459406480239884e-16,1.2167051069595872e-16,2.8459406480239874e-16,3.423815590904627e-14,converged
2025-01-15T09:00:00+08:00,1.0,-5.0,44.44444444444444,3.0611111111111113,51.0,51.0,44.0,44.0,50.0,60.0,85.0,40.36071892016924,13.47054943281936,13.166090914783805,13.724078572566071,72.05862750356954,1.0629890389052437,51.0,51.0,51.0,43.06139110306549,41.97496241132067,41.72914925375679,42.253977072359746,0.36941466666666667,0.40904757963722055,28.25134633961575,28.357920645104624,18.543881370744074,28.09173508422802,23.030689848682282,23.141996587078985,23.074108578999496,22.980317646594266,18.451481244110347,23.156264454359363,23.088454614890715,22.99474956121519,1.0,0.0,0.6666666666666666,0.25,0.0,18.543881370744074,23.074108578999496,28.09173508422802,13.214011862524671,21.570563490572965,27.03278023645357,2.4750134849298585e-13,4.269013959091832e-16,1.2167051069595872e-16,4.26901395909183e-16,3.859389093384553e-14,converged
2025-01-15T09:05:00+08:00,1.0833333333333333,-5.0,46.66666666666667,3.066666666666667,51.0,51.0,44.0,44.0,50.0,60.0,85.0,40.36071892016924,13.47054943281936,13.166090914783805,13.724078572566071,72.05862750356954,1.0629890389052437,51.0,51.0,51.0,43.061775880484774,41.97516072848716,41.72930420979892,42.2542228770494,0.36848759999999997,0.40903608346185005,28.252916799284176,28.35979754060127,18.543841408784964,28.093285087934834,23.03132948586904,23.142906662343183,23.074803980930408,22.98077652921298,18.45142677306175,23.157182348292416,23.08915730372104,22.99521527561998,1.0,0.0,0.6666666666666666,0.25,0.0,18.543841408784964,23.074803980930408,28.093285087934834,13.214011862524671,21.570563490572965,27.03278023645357,2.4750134849298585e-13,1.2807401825958144e-15,1.2167051069595872e-16,1.2807401825958128e-15,3.4164555389068007e-14,converged
2025-01-15T09:10:00+08:00,1.1666666666666667,-5.0,48.888888888888886,3.0722222222222224,51.0,51.0,44.0,44.0,50.0,60.0,85.0,40.36071892016924,13.47054943281936,13.166090914783805,13.724078572566071,72.05862750356954,1.0629890389052437,51.0,51.0,51.0,43.06219460588306,41.975394029140126,41.72949426251524,42.25450335810867,0.36756053333333333,0.4090229654881864,28.254592787178737,28.361808453033863,18.543914705878915,28.09491294712031,23.032077390378934,23.14395328929227,23.075609946848108,22.981316197343155,18.451483407561,23.15823676137308,23.089970528074282,22.995761750538215,1.0,0.0,0.6666666666666666,0.25,0.0,18.543914705878915,23.075609946848108,28.09491294712031,13.214011862524671,21.570563490572965,27.03278023645357,2.4750134849298585e-13,7.115451432414569e-16,1.2167051069595872e-16,7.115451432414563e-16,3.287236233020647e-14,converged
2025-01-15T09:15:00+08:00,1.25,-5.0,51.111111111111114,3.077777777777778,51.0,51.0,44.0,44.0,50.0,60.0,85.0,40.36071892016924,13.47054943281936,13.166090914783805,13.724078572566071,72.05862750356954,1.0629890389052437,51.0,51.0,51.0,43.06264715929367,41.97566217992198,41.729719272701765,42.25481838466124,0.3666334666666667,0.4090082318372551,28.25637394097785,28.363952946445618,18.544100759663237,28.096618432605567,23.03293311935276,23.145135938712578,23.07652606964104,22.981936367661657,18.451650600703474,23.15942716420492,23.090893880706084,22.996388702569057,1.0,0.0,0.6666666666666666,0.25,0.0,18.544100759663237,23.07652606964104,28.096618432605567,13.214011862524671,21.570563490572965,27.03278023645357,2.4750134849298585e-13,1.4231415502812743e-15,1.2167051069595872e-16,1.4231415502812721e-15,3.16968523749883e-14,converged
2025-01-15T09:20:00+08:00,1.3333333333333333,-5.0,53.333333333333336,3.0833333333333335,51.0,51.0,44.0,44.0,50.0,60.0,85.0,40.36071892016924,13.47054943281936,13.166090914783805,13.724078572566071,72.05862750356954,1.0629890389052437,51.0,51.0,51.0,43.0631334211837,41.975965047985085,41.729979101715664,42.255167826332766,0.36570640000000004,0.4089918886066071,28.258259899603928,28.366230586297913,18.544399070003475,28.098401315886345,23.03389623174279,23.146454083441427,23.0775519436967,22.982636757838996,18.451927808276633,23.160753029444415,23.09192695587249,22.997095849306177,1.0,0.0,0.6666666666666666,0.25,0.0,18.544399070003475,23.0775519436967,28.098401315886345,13.214011862524671,21.570563490572965,27.03278023645357,2.4750134849298585e-13,8.53919051232652e-16,1.2167051069595872e-16,8.539190512326513e-16,3.816939485723454e-14,converged
2025-01-15T09:25:00+08:00,1.4166666666666667,-5.0,55.55555555555556,3.088888888888889,51.0,51.0,44.0,44.0,50.0,60.0,85.0,40.36071892016924,13.47054943281936,13.166090914783805,13.724078572566071,72.05862750356954,1.0629890389052437,51.0,51.0,51.0,43.063653272452456,41.97630250098972,41.73027361147296,42.255551553248836,0.3647793333333333,0.4089739418704097,28.26025030321912,28.36864093946569,18.544809138983535,28.100261369131026,23.034966288305384,23.147907198359192,23.0786871648961,22.983417086535848,18.45231448874676,23.162213831792975,23.09306934932443,22.99788290933424,1.0,0.0,0.6666666666666666,0.25,0.0,18.544809138983535,23.0786871648961,28.100261369131026,13.214011862524671,21.570563490572965,27.03278023645357,2.4750134849298585e-13,4.2697826160214007e-16,1.2167051069595872e-16,4.2697826160213987e-16,3.436399657724206e-14,converged
2025-01-15T09:30:00+08:00,1.5,-5.0,57.77777777777778,3.0944444444444446,51.0,51.0,44.0,44.0,50.0,60.0,85.0,40.36071892016924,13.47054943281936,13.166090914783805,13.724078572566071,72.05862750356954,1.0629890389052437,51.0,51.0,51.0,43.06420659442977,41.9766744071022,41.73060266444623,42.25596943603306,0.36385226666666665,0.4089543976795384,28.262344793221033,28.37118357423283,18.545330470895834,28.10219836517864,23.036142851593578,23.149494760381373,23.079931330608268,22.984277073399564,18.452810103245785,23.163809047989027,23.09432065830219,22.998749602225452,1.0,0.0,0.6666666666666666,0.25,0.0,18.545330470895834,23.079931330608268,28.10219836517864,13.214011862524671,21.570563490572965,27.03278023645357,2.4750134849298585e-13,1.1386631124398301e-15,1.2167051069595872e-16,1.138663112439829e-15,3.217359174919177e-14,converged
2025-01-15T09:35:00+08:00,1.5833333333333333,-5.0,60.0,3.1,51.0,51.0,44.0,44.0,50.0,60.0,85.0,40.36071892016924,13.47054943281936,13.166090914783805,13.724078572566071,72.05862750356954,1.0629890389052437,51.0,51.0,51.0,43.064793268874496,41.977080634992895,41.7309661236623,42.256421345805165,0.3629252,0.4089332620616673,28.264543012238512,28.3738580602876,18.545962572231513,28.104212077536904,23.037425485949758,23.151216248450716,23.081284039684782,22.98521643906073,18.453414115558143,23.16553815680011,23.09568048152995,22.99969564853607,1.0,0.0,0.6666666666666666,0.25,0.0,18.545962572231513,23.081284039684782,28.104212077536904,13.214011862524671,21.570563490572965,27.03278023645357,2.4750134849298585e-13,5.693609819852675e-16,1.2167051069595872e-16,5.693609819852672e-16,3.176372554633575e-14,converged
2025-01-15T09:40:00+08:00,1.6666666666666667,-5.0,62.22222222222222,3.1055555555555556,51.0,51.0,44.0,44.0,50.0,60.0,85.0,40.36071892016924,13.47054943281936,13.166090914783805,13.724078572566071,72.05862750356954,1.0629890389052437,51.0,51.0,51.0,43.065413177972836,41.97752105383434,41.73136385270001,42.25690715417897,0.36199813333333336,0.4089105410213594,28.2668446041274,28.37666396871806,18.546704951670677,28.10630228038024,23.038813757498335,23.153071143529356,23.082744892454294,22.9862349051297,18.45412599210774,23.16740063901501,23.097148419210296,23.000720769802967,1.0,0.0,0.75,0.25,0.0,18.546704951670677,23.082744892454294,28.10630228038024,13.214011862524671,21.570563490572965,27.03278023645357,2.4750134849298585e-13,8.540889276379931e-16,1.2167051069595872e-16,8.540889276379924e-16,2.578068487216179e-14,converged
2025-01-15T09:45:00+08:00,1.75,-5.0,64.44444444444444,3.111111111111111,51.0,51.0,44.0,44.0,50.0,60.0,85.0,40.36071892016924,13.47054943281936,13.166090914783805,13.724078572566071,72.05862750356954,1.0629890389052437,51.0,51.0,51.0,43.06606620433682,41.977995533299236,41.731795715687944,42.25742673326054,0.36107106666666666,0.4088862405401574,28.269249213966326,28.379600872007526,18.547557120072696,28.108468748547832,23.040307234138456,23.155058928590986,23.084313490717104,22.98733219419318,18.454945201944952,23.16939597743592,23.098724073018783,23.00182468854019,1.0,0.0,0.75,0.25,0.0,18.547557120072696,23.084313490717104,28.108468748547832,13.214011862524671,21.570563490572965,27.03278023645357,2.4750134849298585e-13,7.117830724332083e-16,1.2167051069595872e-16,7.117830724332078e-16,3.4893742222423363e-14,converged
2025-01-15T09:50:00+08:00,1.8333333333333333,-5.0,66.66666666666667,3.1166666666666667,51.0,51.0,44.0,44.0,50.0,60.0,85.0,40.36071892016924,13.47054943281936,13.166090914783805,13.724078572566071,72.05862750356954,1.0629890389052437,51.0,51.0,51.0,43.066752231002724,41.9785039435586,41.732261577302125,42.25797995564622,0.360144,0.4088603665766725,28.271756488052514,28.382668344030023,18.548518590466525,28.110711257541645,23.041905485536738,23.15717908861306,23.08598943773974,22.988508029810784,18.455871216733684,23.171523656870626,23.10040704609851,23.00300712823552,1.0,0.0,0.75,0.25,0.0,18.548518590466525,23.08598943773974,28.110711257541645,13.214011862524671,21.570563490572965,27.03278023645357,2.4750134849298585e-13,1.4236562325869723e-15,1.2167051069595872e-16,1.4236562325869704e-15,3.020374621929699e-14,converged
2025-01-15T09:55:00+08:00,1.9166666666666667,-5.0,68.88888888888889,3.1222222222222222,51.0,51.0,44.0,44.0,50.0,60.0,85.0,40.36071892016924,13.47054943281936,13.166090914783805,13.724078572566071,72.05862750356954,1.0629890389052437,51.0,51.0,51.0,43.06747114142946,41.979046155279846,41.73276130276385,42.258566694420786,0.3592169333333333,0.40883292506667473,28.274366073897593,28.385865960045763,18.549588878041096,28.113029583524494,23.04360808312005,23.15943111056903,23.087772338249557,22.98976213651164,18.456903510738524,23.173783164124742,23.102196943054707,23.00426781334706,1.0,0.0,0.75,0.25,0.0,18.549588878041096,23.087772338249557,28.113029583524494,13.214011862524671,21.570563490572965,27.03278023645357,2.4750134849298585e-13,0.0,1.2167051069595872e-16,0.0,2.787535740581535e-14,converged
2025-01-15T10:00:00+08:00,2.0,-5.0,71.11111111111111,3.1277777777777778,51.0,51.0,44.0,44.0,50.0,60.0,85.0,40.36071892016924,13.47054943281936,13.166090914783805,13.724078572566071,72.05862750356954,1.0629890389052437,51.0,51.0,51.0,43.06822281949702,41.979622039624836,41.73329475783737,42.259186823155424,0.3582898666666667,0.40880392192318116,28.277077620223427,28.389193296696632,18.550767500135727,28.115423503318087,23.0454146000683,23.161814483420624,23.089661798429347,22.99109423979097,18.458041560811935,23.176173987993955,23.104093369949354,23.005606469299835,1.0,0.0,0.75,0.25,0.0,18.550767500135727,23.089661798429347,28.115423503318087,13.214011862524671,21.570563490572965,27.03278023645357,2.4750134849298585e-13,1.4238528006197865e-16,1.2167051069595872e-16,1.4238528006197865e-16,2.7171281542763533e-14,converged
2025-01-15T10:05:00+08:00,2.0833333333333335,-5.0,73.33333333333334,3.1333333333333333,51.0,51.0,44.0,44.0,50.0,60.0,85.0,40.36071892016924,13.47054943281936,13.166090914783805,13.724078572566071,72.05862750356954,1.0629890389052437,51.0,51.0,51.0,43.069007149504955,41.980231468248014,41.73386180882774,42.25984021590596,0.3573628,0.4087733630365451,28.279890776957963,28.392649932001707,18.552053976230585,28.117892794401097,23.047324611307275,23.16432869811011,23.091657425912,22.992504066106726,18.45928484638151,23.178695619256306,23.106095934295805,23.007022822482394,1.0,0.0,0.75,0.25,0.0,18.552053976230585,23.091657425912,28.117892794401097,13.214011862524671,21.570563490572965,27.03278023645357,2.4750134849298585e-13,9.967714710360047e-16,1.2167051069595872e-16,9.967714710360037e-16,2.938941194540381e-14,converged
2025-01-15T10:10:00+08:00,2.1666666666666665,-5.0,75.55555555555556,3.138888888888889,51.0,51.0,44.0,44.0,50.0,60.0,85.0,40.36071892016924,13.47054943281936,13.166090914783805,13.724078572566071,72.05862750356954,1.0629890389052437,51.0,51.0,51.0,43.06982401617082,41.98087431329456,41.734462322578544,42.26052674721092,0.35643573333333334,0.40874125427454433,28.28280519523109,28.396235445352758,18.55344782793719,28.12043723490721,23.0493376935015,23.16697324755265,23.093758829775155,22.993991342876186,18.46063284943731,23.181347550664512,23.108204245053454,23.008516600243432,1.0,0.0,0.75,0.25,0.0,18.55344782793719,23.093758829775155,28.12043723490721,13.214011862524671,21.570563490572965,27.03278023645357,2.4750134849298585e-13,7.120355518893909e-16,1.2167051069595872e-16,7.120355518893904e-16,3.308413410325857e-14,converged
2025-01-15T10:15:00+08:00,2.25,-5.0,77.77777777777777,3.1444444444444444,51.0,51.0,44.0,44.0,50.0,60.0,85.0,40.36071892016924,13.47054943281936,13.166090914783805,13.724078572566071,72.05862750356954,1.0629890389052437,51.0,51.0,51.0,43.070673304628556,41.98155044739839,41.73509616646972,42.261246292089616,0.3555086666666667,0.4087076014824688,28.28582052737051,28.3999494175098,18.55494857898897,28.12305660362322,23.05145342504711,23.169747626628634,23.095965620535875,22.99555579847261,18.462085054519232,23.1841292769383,23.110417912622392,23.010087530888413,1.0,0.0,0.75,0.25,0.0,18.55494857898897,23.095965620535875,28.12305660362322,13.214011862524671,21.570563490572965,27.03278023645357,2.4750134849298585e-13,5.696753444500266e-16,1.2167051069595872e-16,5.696753444500263e-16,2.9544631157382956e-14,converged
2025-01-15T10:20:00+08:00,2.3333333333333335,-5.0,80.0,3.15,51.0,51.0,44.0,44.0,50.0,60.0,85.0,40.36071892016924,13.47054943281936,13.166090914783805,13.724078572566071,72.05862750356954,1.0629890389052437,51.0,51.0,51.0,43.071554900427024,41.98225974368043,41.73576320841533,42.261998726040325,0.3545816,0.40867241048320885,28.288936426897624,28.403791430596627,18.556555755231834,28.125750679987082,23.053671386064792,23.172651332176073,23.09827741014535,22.99719716222188,18.46364094870447,23.18704029475678,23.112736548838114,23.01173534367622,1.0,0.0,0.75,0.25,0.0,18.556555755231834,23.09827741014535,28.125750679987082,13.214011862524671,21.570563490572965,27.03278023645357,2.4750134849298585e-13,5.697243994978123e-16,1.2167051069595872e-16,5.69724399497812e-16,3.4114911957993244e-14,converged
2025-01-15T10:25:00+08:00,2.4166666666666665,-5.0,82.22222222222223,3.155555555555556,51.0,51.0,44.0,44.0,50.0,60.0,85.0,40.36071892016924,13.47054943281936,13.166090914783805,13.724078572566071,72.05862750356954,1.0629890389052437,51.0,51.0,51.0,43.072468689528435,41.98300207574663,41.73646331686141,42.262783925038406,0.3536545333333333,0.40863568707734155,28.292152548523436,28.407761068096395,18.55826888461482,28.128519244086014,23.055991158392708,23.175683862983014,23.10069381198363,22.99891516439917,18.465300021595027,23.19008010275085,23.11515976696622,23.013459768815814,1.0,0.0,0.75,0.25,0.0,18.55826888461482,23.10069381198363,28.128519244086014,13.214011862524671,21.570563490572965,27.03278023645357,2.4750134849298585e-13,0.0,1.2167051069595872e-16,0.0,3.1773214223864855e-14,converged
2025-01-15T10:30:00+08:00,2.5,-5.0,84.44444444444444,3.1611111111111114,51.0,51.0,44.0,44.0,50.0,60.0,85.0,40.36071892016924,13.47054943281936,13.166090914783805,13.724078572566071,72.05862750356954,1.0629890389052437,51.0,51.0,51.0,43.07341455830686,41.98377731768616,41.73719636078375,42.26360176553441,0.35272746666666666,0.4085974370432187,28.29546854814447,28.411857914847182,18.560087497180746,28.13136207665458,23.058412325579475,23.178844719779978,23.103214440854334,23.000709536225585,18.467061765305278,23.19324820149563,23.11768718169715,23.015260537462883,1.0,0.0,0.8333333333333334,0.25,0.0,18.560087497180746,23.103214440854334,28.13136207665458,13.214011862524671,21.570563490572965,27.03278023645357,2.4750134849298585e-13,4.2737170356242783e-16,1.2167051069595872e-16,4.2737170356242763e-16,3.6548626062805616e-14,converged
2025-01-15T10:35:00+08:00,2.5833333333333335,-5.0,86.66666666666667,3.166666666666667,51.0,51.0,44.0,44.0,50.0,60.0,85.0,40.36071892016924,13.47054943281936,13.166090914783805,13.724078572566071,72.05862750356954,1.0629890389052437,51.0,51.0,51.0,43.07439239354663,41.98458534406956,41.73796220968576,42.26445212445229,0.35180039999999996,0.40855766613705263,28.2988840828387,28.416081557037582,18.562011125056948,28.13427895907278,23.060934472877186,23.182133405232427,23.105838912979443,23.00258000986489,18.468925674449615,23.196544093502915,23.120318409140936,23.017137381716537,1.0,0.0,0.8333333333333334,0.25,0.0,18.562011125056948,23.105838912979443,28.13427895907278,13.214011862524671,21.570563490572965,27.03278023645357,2.4750134849298585e-13,2.8494220394308485e-16,1.2167051069595872e-16,2.8494220394308475e-16,2.5780916245067567e-14,converged
2025-01-15T10:40:00+08:00,2.6666666666666665,-5.0,88.8888888888889,3.1722222222222225,51.0,51.0,44.0,44.0,50.0,60.0,85.0,40.36071892016924,13.47054943281936,13.166090914783805,13.724078572566071,72.05862750356954,1.0629890389052437,51.0,51.0,51.0,43.075402082440895,41.98542602994685,41.738760733596294,42.265334879187506,0.3508733333333333,0.40851638009300284,28.30239881086149,28.420431582202326,18.564039302446005,28.137269673364155,23.06355718723442,23.185549423933278,23.10856684599405,23.00452631842016,18.470891246130126,23.199967283213667,23.123053066821967,23.01909003461599,1.0,0.0,0.8333333333333334,0.25,0.0,18.564039302446005,23.10856684599405,28.137269673364155,13.214011862524671,21.570563490572965,27.03278023645357,2.4750134849298585e-13,4.2745650174577466e-16,1.2167051069595872e-16,4.2745650174577466e-16,3.135941419018111e-14,converged
2025-01-15T10:45:00+08:00,2.75,-5.0,91.11111111111111,3.177777777777778,51.0,51.0,44.0,44.0,50.0,60.0,85.0,40.36071892016924,13.47054943281936,13.166090914783805,13.724078572566071,72.05862750356954,1.0629890389052437,51.0,51.0,51.0,43.07644351259008,41.98629925084575,41.739591803067434,42.266249907605186,0.34994626666666667,0.40847358462326183,28.30601239164155,28.424907579217884,18.56617156561656,28.140334002193892,23.06628005728931,23.18909228239542,23.111397858941174,23.00654819593052,18.472957979924367,23.20351727699054,23.125890773673788,23.021118230137258,1.0,0.0,0.8333333333333334,0.25,0.0,18.56617156561656,23.111397858941174,28.140334002193892,13.214011862524671,21.570563490572965,27.03278023645357,2.4750134849298585e-13,4.27501286041442e-16,1.2167051069595872e-16,4.2750128604144185e-16,3.636225581161616e-14,converged
2025-01-15T10:50:00+08:00,2.8333333333333335,-5.0,93.33333333333334,3.1833333333333336,51.0,51.0,44.0,44.0,50.0,60.0,85.0,40.36071892016924,13.47054943281936,13.166090914783805,13.724078572566071,72.05862750356954,1.0629890389052437,51.0,51.0,51.0,43.077516572000356,41.987204882769795,41.74045528917249,42.26719708803836,0.34901920000000003,0.40842928541814033,28.30972448577691,28.42950913829812,18.568407452894142,28.143471728866935,23.069102673362636,23.192761489044287,23.114331572266565,23.008645377367834,18.475125377873155,23.20719358311042,23.128831150033893,23.023221703189883,1.0,0.0,0.8333333333333334,0.25,0.0,18.568407452894142,23.114331572266565,28.143471728866935,13.214011862524671,21.570563490572965,27.03278023645357,2.4750134849298585e-13,4.2754765384080454e-16,1.2167051069595872e-16,4.2754765384080434e-16,3.134360489792569e-14,converged
2025-01-15T10:55:00+08:00,2.9166666666666665,-5.0,95.55555555555556,3.188888888888889,51.0,51.0,44.0,44.0,50.0,60.0,85.0,40.36071892016924,13.47054943281936,13.166090914783805,13.724078572566071,72.05862750356954,1.0629890389052437,51.0,51.0,51.0,43.07862114908218,41.98814280219656,41.7413510635037,42.26817629928604,0.3480921333333334,0.4083834881461533,28.31353475503092,28.43423585098992,18.570746504652046,28.1466826373261,23.07202462745094,23.196556554210428,23.117367607813545,23.01081759863346,18.477392944468466,23.210995711757015,23.131873817638564,23.02540018961364,1.0,0.0,0.8333333333333334,0.25,0.0,18.570746504652046,23.117367607813545,28.1466826373261,13.214011862524671,21.570563490572965,27.03278023645357,2.4750134849298585e-13,1.7103824009447485e-15,1.2167051069595872e-16,1.7103824009447455e-15,3.187069510887041e-14,converged
2025-01-15T11:00:00+08:00,3.0,-5.0,97.77777777777777,3.1944444444444446,51.0,51.0,44.0,44.0,50.0,60.0,85.0,40.36071892016924,13.47054943281936,13.166090914783805,13.724078572566071,72.05862750356954,1.0629890389052437,51.0,51.0,51.0,43.079757132648794,41.98911288607582,41.74227899817022,42.26918742061152,0.34716506666666663,0.40833619845410385,28.317442862328214,28.43908731016888,18.57318826330225,28.1499665121502,23.07504551321967,23.200476990122137,23.120505588817856,23.013064596554962,18.479760186641357,23.214923175013435,23.135018399617714,23.02765342617529,1.0,0.0,0.8333333333333334,0.25,0.0,18.57318826330225,23.120505588817856,28.1499665121502,13.214011862524671,21.570563490572965,27.03278023645357,2.4750134849298585e-13,8.552902407452348e-16,1.2167051069595872e-16,8.55290240745234e-16,2.6064580059627715e-14,converged
2025-01-15T11:05:00+08:00,3.0833333333333335,-5.0,100.0,3.2,51.0,51.0,44.0,44.0,50.0,60.0,85.0,40.36071892016924,13.47054943281936,13.166090914783805,13.724078572566071,72.05862750356954,1.0629890389052437,51.0,51.0,51.0,43.08092441191471,41.990115011827704,41.74323896579596,42.27023033174045,0.346238,0.40828742196716855,28.32144847175076,28.444063110034957,18.57573227328637,28.153323138552167,23.078164925996354,23.204522310898096,23.123745139902542,23.01538610888289,18.48222661374996,23.21897548685486,23.138264520489752,23.029981150565316,1.0,0.0,0.8333333333333334,0.25,0.0,18.57573227328637,23.123745139902542,28.153323138552167,13.214011862524671,21.570563490572965,27.03278023645357,2.4750134849298585e-13,1.2830886283421494e-15,1.2167051069595872e-16,1.2830886283421476e-15,2.375638196973678e-14,converged
2025-01-15T11:10:00+08:00,3.1666666666666665,-5.083333333333334,100.83333333333333,3.2222222222222223,51.0,51.0,44.0,44.0,50.0,60.0,85.0,40.36071892016924,13.47054943281936,13.166090914783805,13.724078572566071,72.05862750356954,1.0629890389052437,51.0,51.0,51.0,43.08208937720746,41.99111092811887,41.744190756435145,42.27126766451434,0.3472579333333333,0.40823890637740323,28.32535713808443,28.44895704122643,18.578082904306626,28.156593805955858,23.081132974416033,23.208433762377272,23.12685298358606,23.01757588713704,18.484473079984436,23.2228938932715,23.141378902920803,23.03217711445571,1.0,0.0,0.8333333333333334,0.25,0.0,18.578082904306626,23.12685298358606,28.156593805955858,13.214011862524671,21.570563490572965,27.03278023645357,2.4750134849298585e-13,4.277470373658338e-16,1.2167051069595872e-16,4.277470373658336e-16,3.170900814475024e-14,converged
2025-01-15T11:15:00+08:00,3.25,-5.166666666666666,101.66666666666667,3.2444444444444445,51.0,51.0,44.0,44.0,50.0,60.0,85.0,40.36071892016924,13.47054943281936,13.166090914783805,13.724078572566071,72.05862750356954,1.0629890389052437,51.0,51.0,51.0,43.083218581020645,41.99206257752267,41.74509437545629,42.27226224136714,0.34827786666666666,0.4081923904629393,28.329169194174522,28.453769370061906,18.5802410140991,28.159778767394037,23.08395027762303,23.21221186337759,23.129829604832864,23.019634393322413,18.486500668077564,23.226678913524246,23.14436203227281,23.034241780213957,1.0,0.0,0.8333333333333334,0.25,0.0,18.5802410140991,23.129829604832864,28.159778767394037,13.214011862524671,21.570563490572965,27.03278023645357,2.4750134849298585e-13,9.98190157176057e-16,1.2167051069595872e-16,9.98190157176056e-16,2.8345907845766108e-14,converged
2025-01-15T11:20:00+08:00,3.3333333333333335,-5.25,102.5,3.2666666666666666,51.0,51.0,44.0,44.0,50.0,60.0,85.0,40.36071892016924,13.47054943281936,13.166090914783805,13.724078572566071,72.05862750356954,1.0629890389052437,51.0,51.0,51.0,43.08431215573907,41.992970128188766,41.745950018231056,42.273214227768314,0.3492978,0.4081478664848447,28.33288497172353,28.458500361993664,18.582207456595377,28.16287827515463,23.086617452229103,23.215857130706276,23.132675486821714,23.02156208782371,18.488310455432483,23.230331064860387,23.14721439211951,23.036175608585026,1.0,0.0,0.8333333333333334,0.25,0.0,18.582207456595377,23.132675486821714,28.16287827515463,13.214011862524671,21.570563490572965,27.03278023645357,2.4750134849298585e-13,0.0,1.2167051069595872e-16,0.0,3.181348308829353e-14,converged
2025-01-15T11:25:00+08:00,3.4166666666666665,-5.333333333333334,103.33333333333333,3.288888888888889,51.0,51.0,44.0,44.0,50.0,60.0,85.0,40.36071892016924,13.47054943281936,13.166090914783805,13.724078572566071,72.05862750356954,1.0629890389052437,51.0,51.0,51.0,43.08537023324398,41.99383374762585,41.74675787932254,42.274123788535206,0.3503177333333334,0.408105326734685,28.33650480129509,28.463150281610467,18.583983081939405,28.16589258078291,23.089135112323813,23.219370079167632,23.135391110952234,23.02335942941102,18.489903514148935,23.23385086252142,23.149936464253013,23.037979058697054,1.0,0.0,0.8333333333333334,0.25,0.0,18.583983081939405,23.135391110952234,28.16589258078291,13.214011862524671,21.570563490572965,27.03278023645357,2.4750134849298585e-13,5.705160614216537e-16,1.2167051069595872e-16,5.705160614216533e-16,3.3317389989984925e-14,converged
2025-01-15T11:30:00+08:00,3.5,-5.416666666666666,104.16666666666667,3.3111111111111113,51.0,51.0,44.0,44.0,50.0,60.0,85.0,40.36071892016924,13.47054943281936,13.166090914783805,13.724078572566071,72.05862750356954,1.0629890389052437,51.0,51.0,51.0,43.08639294491512,41.99465360270409,41.74751815248874,42.27499108783573,0.3513376666666666,0.40806476353440135,28.340029012317864,28.467719392640365,18.585568736504307,28.168821935083695,23.091503869484836,23.22275122157081,23.13797695685147,23.025026875245473,18.491280911049373,23.237238819750836,23.152528728690378,23.03965258806703,1.0,0.0,0.8333333333333334,0.25,0.0,18.585568736504307,23.13797695685147,28.168821935083695,13.214011862524671,21.570563490572965,27.03278023645357,2.4750134849298585e-13,4.2792957967732213e-16,1.2167051069595872e-16,4.2792957967732193e-16,3.8642997422568285e-14,converged
2025-01-15T11:35:00+08:00,3.5833333333333335,-5.5,105.0,3.3333333333333335,51.4,51.4,44.2,44.2,50.0,60.0,85.0,40.54417673343772,13.531779202966865,13.22593678257664,13.786460747894214,72.71519475005029,1.0775503315615431,51.0,51.0,51.0,43.11680993719678,42.02878061339269,41.78254547515892,42.30818600328473,0.3523576,0.40836003515363173,28.343493462866327,28.472241430294005,18.587010984284564,28.17169728026279,23.093768758854495,23.226042962392448,23.140473427267302,23.026603062718433,18.492495172162524,23.240537105863325,23.155031364019543,23.041234619678104,1.0,0.0,0.8333333333333334,0.25,0.0,18.587010984284564,23.140473427267302,28.17169728026279,13.154219953646097,21.47295913088977,26.910459963893757,1.1891713201276387e-16,4.2762015796846086e-16,0.0,7.324454157928005e-16,3.070200631263747e-14,converged
2025-01-15T11:40:00+08:00,3.6666666666666665,-5.583333333333334,105.83333333333333,3.3555555555555556,51.4,51.4,44.2,44.2,50.0,60.0,85.0,40.54417673343772,13.531779202966865,13.22593678257664,13.786460747894214,72.71519475005029,1.0775503315615431,51.0,51.0,51.0,43.117770184210684,42.02952391959203,41.78322213113579,42.30897905089429,0.3533775333333334,0.40832277607861683,28.346862822987905,28.476683068701973,18.588264738087013,28.1744880793559,23.095885775742136,23.229203749592447,23.142840922920506,23.028050127985747,18.493495634295627,23.24370440567473,23.157404996644335,23.04268750547757,1.0,0.0,0.8333333333333334,0.25,0.0,18.588264738087013,23.142840922920506,28.1744880793559,13.154219953646097,21.47295913088977,26.910459963893757,1.1891713201276387e-16,1.4255305930389818e-16,0.0,1.8738610257248906e-16,2.986663433466214e-14,converged
2025-01-15T11:45:00+08:00,3.75,-5.666666666666666,106.66666666666667,3.3777777777777778,51.4,51.4,44.2,44.2,50.0,60.0,85.0,40.54417673343772,13.531779202966865,13.22593678257664,13.786460747894214,72.71519475005029,1.0775503315615431,51.14766240370831,51.0,51.0,43.21965679413025,42.030224067243026,41.78385189527327,42.343426647289824,0.3543974666666666,0.4090197709171334,28.35042383350812,28.48131591835158,18.589588559174288,28.177440101500036,23.097855525243755,23.232234090886003,23.145079918898077,23.02936852406825,18.494283350187853,23.246741227322286,23.159650102031048,23.044011698832644,1.0,0.0,0.8333333333333334,0.25,0.0,18.589588559174288,23.145079918898077,28.177440101500036,13.154219953646097,21.47295913088977,26.910459963893757,1.1891713201276387e-16,2.8462028025173466e-16,0.0,2.6248338775003615e-15,5.417232189836433e-14,converged
2025-01-15T11:50:00+08:00,3.8333333333333335,-5.75,107.5,3.4000000000000004,51.4,51.4,44.2,44.2,50.0,60.0,85.0,40.54417673343772,13.531779202966865,13.22593678257664,13.786460747894214,72.71519475005029,1.0775503315615431,51.4,51.0,51.0,43.39323396261587,42.03088122033642,41.784434957727655,42.40177134539744,0.35541740000000005,0.4102353855223499,28.35437802864413,28.48633095608222,18.591163855127707,28.180726298442078,23.099678609979286,23.235134492019874,23.147190888537,23.03055870239738,18.494859367394724,23.249648076972,23.161767153893546,23.045207651518982,1.0,0.0,0.8333333333333334,0.25,0.0,18.591163855127707,23.147190888537,28.180726298442078,13.154219953646097,21.47295913088977,26.910459963893757,1.1891713201276387e-16,1.7026613393484424e-15,0.0,2.1814652287034377e-15,3.5780345353137795e-14,converged
2025-01-15T11:55:00+08:00,3.9166666666666665,-5.833333333333334,108.33333333333333,3.4222222222222225,51.4,51.4,44.2,44.2,50.0,60.0,85.0,40.54417673343772,13.531779202966865,13.22593678257664,13.786460747894214,72.71519475005029,1.0775503315615431,51.4,51.282163269528816,51.0,43.39431677934911,42.22293232477565,41.784971507868356,42.464964275607564,0.3564373333333334,0.4115908999549594,28.358235451093044,28.49126399010782,18.592550066778347,28.183926739344926,23.1019004723494,23.23842166239124,23.149664732342405,23.032088216913305,18.49522472831363,23.252425458826306,23.163756624199724,23.046275813726286,1.0,0.0,0.8333333333333334,0.25,0.0,18.592550066778347,23.149664732342405,28.183926739344926,13.154219953646097,21.47295913088977,26.910459963893757,1.1891713201276387e-16,2.828423122077631e-16,0.0,1.8632431051605376e-15,4.514174636387341e-14,converged
2025-01-15T12:00:00+08:00,4.0,-5.916666666666666,109.16666666666667,3.4444444444444446,51.4,51.4,44.2,44.2,50.0,60.0,85.0,40.54417673343772,13.531779202966865,13.22593678257664,13.786460747894214,72.71519475005029,1.0775503315615431,51.4,51.4,51.2471632028885,43.39536430139138,42.3036474466871,41.95358872707794,42.54897985775225,0.3574572666666666,0.4133982216532616,28.361996433266583,28.496115287307884,18.59374803307937,28.18704167675902,23.10420170867203,23.2417930557456,23.15221411952698,23.03368350195552,18.495858281227697,23.255526684901476,23.166049178278623,23.04762636593324,1.0,0.0,0.8333333333333334,0.25,0.0,18.59374803307937,23.15221411952698,28.18704167675902,13.154219953646097,21.47295913088977,26.910459963893757,1.1891713201276387e-16,1.4080288173636404e-15,0.0,4.3600380137762654e-15,3.9589394921064066e-14,converged
2025-01-15T12:05:00+08:00,4.083333333333333,-6.0,110.0,3.466666666666667,51.8,51.8,44.4,44.4,50.0,60.0,85.0,40.727634546711194,13.593008973116037,13.285782650371106,13.848842923224051,73.37473962575456,1.0922439986980337,51.4,51.4,51.4,43.42603755290003,42.33797283669784,42.09270470092421,42.61771885413961,0.3584772,0.4144773908305918,28.365697143114648,28.500918868810007,18.59480449761172,28.190102320967192,23.106399611197105,23.245075319970255,23.154674495496227,23.035188008463148,18.49662730682444,23.258819044137148,23.16851896395252,23.049139698723586,1.0,0.0,0.8333333333333334,0.25,0.0,18.59480449761172,23.154674495496227,28.190102320967192,13.094966710611654,21.376234089759635,26.78924167576811,1.767723290916545e-16,4.2130882553199473e-16,0.0,1.3431856769499677e-16,3.480627506747312e-14,converged
2025-01-15T12:10:00+08:00,4.166666666666667,-6.083333333333333,110.83333333333333,3.488888888888889,51.8,51.8,44.4,44.4,50.0,60.0,85.0,40.727634546711194,13.593008973116037,13.285782650371106,13.848842923224051,73.37473962575456,1.0922439986980337,51.4,51.4,51.4,43.42702271221592,42.33869823585506,42.09334064571857,42.61850053161432,0.35949713333333333,0.4144404997729259,28.369301945308735,28.50564112776723,18.59567417851065,28.19307786936074,23.10844991199659,23.248226662501136,23.157006026252866,23.036563642305403,18.497184724724825,23.261980435260096,23.170859864594167,23.05052412491814,1.0,0.0,0.8333333333333334,0.25,0.0,18.59567417851065,23.157006026252866,28.19307786936074,13.094966710611654,21.376234089759635,26.78924167576811,1.767723290916545e-16,2.8089755197843686e-16,0.0,3.668888208579537e-15,2.7053837301337342e-14,converged
2025-01-15T12:15:00+08:00,4.25,-6.166666666666667,111.66666666666667,3.5111111111111115,51.8,51.8,44.4,44.4,50.0,60.0,85.0,40.727634546711194,13.593008973116037,13.285782650371106,13.848842923224051,73.37473962575456,1.0922439986980337,51.55240266315107,51.4,51.4,43.53235448037599,42.339380691825866,42.093930046833165,42.65407846711272,0.36051706666666666,0.41516196823923773,28.373107009328272,28.510562608003287,18.59662410968644,28.196222173460505,23.110353215291177,23.251247591125185,23.159209186589525,23.037810855801823,18.497531577209756,23.265011366531596,23.173072355418117,23.051780097217705,1.0,0.0,0.8333333333333334,0.25,0.0,18.59662410968644,23.159209186589525,28.196222173460505,13.094966710611654,21.376234089759635,26.78924167576811,1.767723290916545e-16,1.402047041070129e-16,0.0,3.270174366334527e-15,4.225974666571945e-14,converged
2025-01-15T12:20:00+08:00,4.333333333333333,-6.25,112.5,3.533333333333333,51.8,51.8,44.4,44.4,50.0,60.0,85.0,40.727634546711194,13.593008973116037,13.285782650371106,13.848842923224051,73.37473962575456,1.0922439986980337,51.8,51.4,51.4,43.70300752732327,42.3400203678463,42.094473092971626,42.71142791992739,0.361537,0.4163553878420974,28.377295609768293,28.51585698860085,18.597819252747485,28.199692534362086,23.11211012282813,23.25413861165987,23.16128444954924,23.03893009968439,18.497668901426344,23.26791234424046,23.175156909886752,23.052908066733263,1.0,0.0,0.8333333333333334,0.25,0.0,18.597819252747485,23.16128444954924,28.199692534362086,13.094966710611654,21.376234089759635,26.78924167576811,1.767723290916545e-16,2.7960565715336743e-16,0.0,1.0220168272766228e-15,3.225690748228478e-14,converged
2025-01-15T12:25:00+08:00,4.416666666666667,-6.333333333333333,113.33333333333333,3.5555555555555554,51.8,51.8,44.4,44.4,50.0,60.0,85.0,40.727634546711194,13.593008973116037,13.285782650371106,13.848842923224051,73.37473962575456,1.0922439986980337,51.8,51.68990127281923,51.4,43.70411479356427,42.537649739198514,42.09496997205696,42.776435210012764,0.3625569333333333,0.4177505373888892,28.38138662590486,28.521068448634978,18.598826996675033,28.203076592292938,23.114281453414574,23.257431003749502,23.16373655892022,23.0404021131987,18.497597729413197,23.2706838727107,23.177113999716738,23.05390848299156,1.0,0.0,0.8333333333333334,0.25,0.0,18.598826996675033,23.16373655892022,28.203076592292938,13.094966710611654,21.376234089759635,26.78924167576811,1.767723290916545e-16,2.786718661203357e-16,0.0,1.2813854062836296e-17,3.8209362853396243e-14,converged
2025-01-15T12:30:00+08:00,4.5,-6.416666666666667,114.16666666666667,3.577777777777778,51.8,51.8,44.4,44.4,50.0,60.0,85.0,40.727634546711194,13.593008973116037,13.285782650371106,13.848842923224051,73.37473962575456,1.0922439986980337,51.8,51.8,51.656860665938545,43.70518683507381,42.61323077018715,42.270449633028356,42.86111765522383,0.3635768666666667,0.41957105857572485,28.385380393089125,28.526197258091088,18.599648173206933,28.206374601529145,23.116517615272762,23.26079362158034,23.16625101294936,23.041927452273743,18.497816019930625,23.27379739037566,23.179391512065486,23.05520792959791,1.0,0.0,0.8333333333333334,0.25,0.0,18.599648173206933,23.16625101294936,28.206374601529145,13.094966710611654,21.376234089759635,26.78924167576811,1.767723290916545e-16,1.387313536616635e-16,0.0,1.697751041181155e-15,3.042546289486701e-14,converged
2025-01-15T12:35:00+08:00,4.583333333333333,-6.5,115.0,3.6,52.2,52.2,44.6,44.6,50.0,60.0,85.0,40.911092359984664,13.654238743265207,13.34562851816557,13.911225098553889,74.03726213069454,1.1070706392943126,51.8,51.8,51.8,43.736111221015435,42.64775150339504,42.40330910032051,42.92787675718439,0.3645968,0.42060357907786244,28.389313380961493,28.531277715993166,18.60032970448071,28.20961803377318,23.118650962647777,23.2640673740039,23.16867680989765,23.043362480836784,18.498153548745055,23.277084691994105,23.18182988012265,23.05665469337598,1.0,0.0,0.8333333333333334,0.25,0.0,18.60032970448071,23.16867680989765,28.20961803377318,13.036244886797252,21.28037653778762,26.669110547177223,1.1679365450009853e-16,9.687355188169803e-16,0.0,1.1835091195260894e-15,3.141289763682053e-14,converged
2025-01-15T12:40:00+08:00,4.666666666666667,-6.583333333333333,115.83333333333333,3.6222222222222222,52.2,52.2,44.6,44.6,50.0,60.0,85.0,40.911092359984664,13.654238743265207,13.34562851816557,13.911225098553889,74.03726213069454,1.1070706392943126,51.8,51.8,51.8,43.737120998823364,42.64845970306553,42.40390590015343,42.928647729846844,0.36561673333333333,0.42056702933071344,28.39314965695453,28.5362759424849,18.60082611537838,28.212775827415545,23.12063696933216,23.267210232984127,23.1709738857257,23.044668878747917,18.49828159485272,23.28024104036881,23.18413947565673,23.057972782491063,1.0,0.0,0.8333333333333334,0.25,0.0,18.60082611537838,23.1709738857257,28.212775827415545,13.036244886797252,21.28037653778762,26.669110547177223,1.1679365450009853e-16,1.3840281537546715e-15,0.0,2.8307257153081095e-15,2.023144134097836e-14,converged
2025-01-15T12:45:00+08:00,4.75,-6.666666666666667,116.66666666666667,3.644444444444445,52.2,52.2,44.6,44.6,50.0,60.0,85.0,40.911092359984664,13.654238743265207,13.34562851816557,13.911225098553889,74.03726213069454,1.1070706392943126,51.95710040905622,51.8,51.8,43.8458782573001,42.6491251712109,42.40445649628693,42.96535019959521,0.36663666666666667,0.42131276602229756,28.39719474906533,28.541481348291914,18.601412849503536,28.216109856297088,23.122476238708437,23.270222706392346,23.173142714950092,23.04584709764977,18.498201190393438,23.28326694389639,23.18632077364782,23.059162649001134,1.0,0.0,0.8333333333333334,0.25,0.0,18.601412849503536,23.173142714950092,28.216109856297088,13.036244886797252,21.28037653778762,26.669110547177223,1.1679365450009853e-16,5.526313523610327e-16,0.0,2.2935246822321634e-15,5.3883884694931055e-14,converged
2025-01-15T12:50:00+08:00,4.833333333333333,-6.75,117.5,3.666666666666667,52.2,52.2,44.6,44.6,50.0,60.0,85.0,40.911092359984664,13.654238743265207,13.34562851816557,13.911225098553889,74.03726213069454,1.1070706392943126,52.2,51.8,51.8,44.01362281074035,42.64974807032549,42.40496107600757,43.02171037845644,0.3676566,0.4224841306937579,28.401613807726665,28.547050443025956,18.602238544859414,28.219761886888456,23.124169371688186,23.27310530012932,23.175183770338162,23.046897587599176,18.49791336242158,23.286162908999728,23.188374247324045,23.060224743376,1.0,0.0,0.8333333333333334,0.25,0.0,18.602238544859414,23.175183770338162,28.219761886888456,13.036244886797252,21.28037653778762,26.669110547177223,1.1679365450009853e-16,2.755495730354892e-16,0.0,3.8669160712030074e-15,3.066054229320596e-14,converged
2025-01-15T12:55:00+08:00,4.916666666666667,-6.833333333333333,118.33333333333333,3.6888888888888887,52.2,52.2,44.6,44.6,50.0,60.0,85.0,40.911092359984664,13.654238743265207,13.34562851816557,13.911225098553889,74.03726213069454,1.1070706392943126,52.2,52.09756987697698,51.8,44.014754232776916,42.85292502254811,42.405419825827394,43.08852244454304,0.36867653333333333,0.4239185982750555,28.40593448336408,28.55253571465797,18.60287847979274,28.22332707447718,23.12629244902075,23.27640375566779,23.17761553600686,23.048314175134333,18.497419132931142,23.28892944013563,23.19030036816801,23.061159514502886,1.0,0.0,0.8333333333333334,0.25,0.0,18.60287847979274,23.17761553600686,28.22332707447718,13.036244886797252,21.28037653778762,26.669110547177223,1.1679365450009853e-16,2.7461716070168697e-16,0.0,2.2739961300457055e-16,4.2754063913476456e-14,converged
2025-01-15T13:00:00+08:00,5.0,-6.916666666666667,119.16666666666667,3.7111111111111112,52.2,52.2,44.6,44.6,50.0,60.0,85.0,40.911092359984664,13.654238743265207,13.34562851816557,13.911225098553889,74.03726213069454,1.1070706392943126,52.2,52.2,52.06647115622582,44.01585049892032,42.923400537832435,42.58772483512217,43.173868362868305,0.36969646666666667,0.42575219612363085,28.41015711422514,28.557937436234372,18.60333347902556,28.226805675045195,23.128465915340144,23.279758540194702,23.180096541082214,23.049771729933543,18.497235428230724,23.292055966822236,23.192564116670788,23.06240982680045,1.0,0.0,0.8333333333333334,0.25,0.0,18.60333347902556,23.180096541082214,28.226805675045195,13.036244886797252,21.28037653778762,26.669110547177223,1.1679365450009853e-16,4.101516899508718e-16,0.0,2.51016927895793e-15,2.6606334271017623e-14,converged
2025-01-15T13:05:00+08:00,5.083333333333333,-7.0,120.0,3.7333333333333334,52.6,52.6,44.8,44.8,50.0,60.0,85.0,41.094550173258135,13.715468513414379,13.405474385960034,13.973607273883728,74.70276226487015,1.1220308523299272,52.2,52.2,52.2,44.047020979166064,42.95811360570798,42.71436127781021,43.23865629187791,0.3707164,0.42673836414387395,28.414318463655622,28.563290176857148,18.60365064214006,28.230229415208367,23.13053707214177,23.283024714510965,23.18248923329686,23.051139430675086,18.49715480061976,23.295339051170416,23.19497245982139,23.063792099981185,1.0,0.0,0.8333333333333334,0.25,0.0,18.60365064214006,23.18248923329686,28.230229415208367,12.978047364981194,21.185374856815358,26.550052017948754,5.787659084657407e-17,2.728025685257715e-16,0.0,3.1011088984373985e-15,2.9176378897743214e-14,converged
2025-01-15T13:10:00+08:00,5.166666666666667,-7.083333333333333,120.83333333333333,3.7555555555555555,52.6,52.6,44.8,44.8,50.0,60.0,85.0,41.094550173258135,13.715468513414379,13.405474385960034,13.973607273883728,74.70276226487015,1.1220308523299272,52.2,52.2,52.2,44.04805507790923,42.95880529024427,42.71492044590105,43.2394171982087,0.37173633333333334,0.4267021298543028,28.41838230978659,28.568559791426868,18.603784302256404,28.23356698084868,23.132461139827114,23.286160020072604,23.184753323169826,23.052378735425943,18.49686675088098,23.29849119393228,23.19725213793287,23.065045923318547,1.0,0.0,0.8333333333333334,0.25,0.0,18.603784302256404,23.184753323169826,28.23356698084868,12.978047364981194,21.185374856815358,26.550052017948754,5.787659084657407e-17,0.0,0.0,7.263713879978791e-16,2.9324552033436e-14,converged
2025-01-15T13:15:00+08:00,5.25,-7.166666666666667,121.66666666666667,3.777777777777778,52.6,52.6,44.8,44.8,50.0,60.0,85.0,41.094550173258135,13.715468513414379,13.405474385960034,13.973607273883728,74.70276226487015,1.1220308523299272,52.36175621080151,52.2,52.2,44.160218291554116,42.95945445131214,42.71543374233947,43.277238416191864,0.37275626666666667,0.4274719321737258,28.422663469765777,28.574044491864917,18.604018250406018,28.237088208721186,23.134238720976676,23.289164964847547,23.186889284959484,23.053490095175658,18.49637230132144,23.3015129036507,23.19940362576768,23.06617174825072,1.0,0.0,0.8333333333333334,0.25,0.0,18.604018250406018,23.186889284959484,28.237088208721186,12.978047364981194,21.185374856815358,26.550052017948754,5.787659084657407e-17,2.7233442260163016e-16,0.0,2.1223978531993945e-15,2.203826598732556e-14,converged
2025-01-15T13:20:00+08:00,5.333333333333333,-7.25,122.5,3.8,52.6,52.6,44.8,44.8,50.0,60.0,85.0,41.094550173258135,13.715468513414379,13.405474385960034,13.973607273883728,74.70276226487015,1.1220308523299272,52.6,52.2,52.2,44.32506987651177,42.96006125067678,42.71590135302952,43.33261523269815,0.3737762,0.4286213810212841,28.427309103842287,28.57988374519549,18.60448492201088,28.240919445430105,23.135870415702357,23.292040054832043,23.188897591175238,23.054473959329677,18.49567246920963,23.304404686893513,23.201427396336438,23.067170024629306,1.0,0.0,0.8333333333333334,0.25,0.0,18.60448492201088,23.188897591175238,28.240919445430105,12.978047364981194,21.185374856815358,26.550052017948754,5.787659084657407e-17,0.0,0.0,2.3741431678537625e-15,3.318289431161513e-14,converged
2025-01-15T13:25:00+08:00,5.416666666666667,-7.333333333333333,123.33333333333333,3.822222222222222,52.6,52.6,44.8,44.8,50.0,60.0,85.0,41.094550173258135,13.715468513414379,13.405474385960034,13.973607273883728,74.70276226487015,1.1220308523299272,52.6,52.505170011454766,52.2,44.32622515704476,43.168755290988095,42.71632346310663,43.40122253498586,0.3747961333333333,0.43009485357089133,28.43185556887526,28.58563828699577,18.604767426638045,28.244663305928697,23.13794745348804,23.295345386098262,23.191310364437538,23.055837144780302,18.4947682668003,23.307167048261167,23.203323920904396,23.068041200724895,1.0,0.0,0.8333333333333334,0.25,0.0,18.604767426638045,23.191310364437538,28.244663305928697,12.978047364981194,21.185374856815358,26.550052017948754,5.787659084657407e-17,8.120207962991569e-16,0.0,1.3059668495255467e-15,3.1737740380317373e-14,converged
2025-01-15T13:30:00+08:00,5.5,-7.416666666666667,124.16666666666667,3.8444444444444446,52.6,52.6,44.8,44.8,50.0,60.0,85.0,41.094550173258135,13.715468513414379,13.405474385960034,13.973607273883728,74.70276226487015,1.1220308523299272,52.6,52.6,52.475995838564096,44.3273453494611,43.23415366435774,42.90541693941682,43.4872285417195,0.37581606666666667,0.4319414071665795,28.436303205966247,28.591308393328852,18.604866582188254,28.248320047885155,23.140060537424674,23.2986932490643,23.193759364385652,23.057229025011253,18.49419544659707,23.310307274514983,23.2055751462159,23.069244300801618,1.0,0.0,0.8333333333333334,0.25,0.0,18.604866582188254,23.193759364385652,28.248320047885155,12.978047364981194,21.185374856815358,26.550052017948754,5.787659084657407e-17,5.390329331498376e-16,0.0,3.631068022657715e-16,3.51402006130264e-14,converged
2025-01-15T13:35:00+08:00,5.583333333333333,-7.5,125.0,3.8666666666666667,53.0,53.0,45.0,45.0,50.0,60.0,85.0,41.27800798653162,13.776698283563551,13.465320253754498,14.035989449213567,75.37124002828149,1.137125236784428,52.6,52.599999999999994,52.6,44.358756967338024,43.26905608616298,43.02586358638482,43.550053970122214,0.376836,0.4328815164171403,28.440689064375796,28.596928895753063,18.60482966449944,28.251921646469913,23.142071802783576,23.301952748689633,23.19612038599368,23.05853149630244,18.493709615644338,23.313586953805892,23.20795481878418,23.070564111524487,1.0,0.0,0.8333333333333334,0.25,0.0,18.60482966449944,23.19612038599368,28.251921646469913,12.920367154470165,21.09121763522951,26.432051786757867,2.294531020102874e-16,4.033967173875107e-16,0.0,2.631816080810405e-15,2.1219251368214947e-14,converged
2025-01-15T13:40:00+08:00,5.666666666666667,-7.583333333333333,125.83333333333333,3.888888888888889,53.0,53.0,45.0,45.0,50.0,60.0,85.0,41.27800798653162,13.776698283563551,13.465320253754498,14.035989449213567,75.37124002828149,1.137125236784428,52.6,52.599999999999994,52.6,44.35981508610651,43.269731917420614,43.02638658467407,43.550805422707406,0.37785593333333334,0.4328455725636058,28.44497664067659,28.60246539149559,18.604610816489497,28.255436541401057,23.143936221394586,23.30508140080007,23.198352918865385,23.059705799082913,18.49301836056449,23.316735700061393,23.210205928906696,23.071755690276742,1.0,0.0,0.8333333333333334,0.25,0.0,18.604610816489497,23.198352918865385,28.255436541401057,12.920367154470165,21.09121763522951,26.432051786757867,2.294531020102874e-16,5.379069543784132e-16,0.0,8.853907997654199e-16,2.8304768305558755e-14,converged
2025-01-15T13:45:00+08:00,5.75,-7.666666666666667,126.66666666666667,3.9111111111111114,53.0,53.0,45.0,45.0,50.0,60.0,85.0,41.27800798653162,13.776698283563551,13.465320253754498,14.035989449213567,75.37124002828149,1.137125236784428,52.76637062764239,52.599999999999994,52.6,44.47536485225956,43.2703654297552,43.02686403566293,43.5897396224649,0.37887586666666667,0.43363924066821247,28.449489972558215,28.60822482868541,18.604502115031167,28.259142473590718,23.14565439507135,23.308079713471965,23.20045743701827,23.060752383712412,18.492122694131535,23.31975402198116,23.212328951144613,23.07281948789928,1.0,0.0,0.8333333333333334,0.25,0.0,18.604502115031167,23.20045743701827,28.259142473590718,12.920367154470165,21.09121763522951,26.432051786757867,2.294531020102874e-16,5.369224503185906e-16,0.0,4.0411546972419916e-16,2.317408352032713e-14,converged
2025-01-15T13:50:00+08:00,5.833333333333333,-7.75,127.5,3.9333333333333336,53.0,53.0,45.0,45.0,50.0,60.0,85.0,41.27800798653162,13.776698283563551,13.465320253754498,14.035989449213567,75.37124002828149,1.137125236784428,53.0,52.599999999999994,52.6,44.63733889130071,43.27095678421512,43.02729612390644,43.644138929466,0.3798958,0.43476691183924554,28.45435836260456,28.614329757260165,18.60461991266453,28.263150483285465,23.14722692316113,23.310948192808826,23.202434412721107,23.061671698968194,18.491023624126324,23.322642426288485,23.214324358307355,23.073755953647925,1.0,0.0,0.8333333333333334,0.25,0.0,18.60461991266453,23.202434412721107,28.263150483285465,12.920367154470165,21.09121763522951,26.432051786757867,2.294531020102874e-16,1.2049420826553297e-15,0.0,9.22675967966685e-16,2.921142373988559e-14,converged
2025-01-15T13:55:00+08:00,5.916666666666667,-7.833333333333333,128.33333333333334,3.9555555555555553,53.0,53.0,45.0,45.0,50.0,60.0,85.0,41.27800798653162,13.776698283563551,13.465320253754498,14.035989449213567,75.37124002828149,1.137125236784428,53.0,52.912702589181634,52.6,44.63851772983,43.48513761284107,43.0276830331967,43.714531972852924,0.38091573333333334,0.4362790802371039,28.459126810095913,28.620349099779602,18.60455509266227,28.267070590311416,23.1492600719132,23.31426118342593,23.204829506385515,23.062983456217133,18.4897221533612,23.32540141773793,23.21619262145907,23.07456553519899,1.0,0.0,0.8333333333333334,0.25,0.0,18.60455509266227,23.204829506385515,28.267070590311416,12.920367154470165,21.09121763522951,26.432051786757867,2.294531020102874e-16,1.3341840933980467e-16,0.0,1.0545824763555062e-15,3.2076967257696767e-14,converged
2025-01-15T14:00:00+08:00,6.0,-7.916666666666667,129.16666666666666,3.977777777777778,53.0,53.0,45.0,45.0,50.0,60.0,85.0,41.27800798653162,13.776698283563551,13.465320253754498,14.035989449213567,75.37124002828149,1.137125236784428,53.0,52.999999999999986,52.88543585705937,44.63966154701429,43.54548701777971,43.22352830793633,43.80119468923093,0.3819356666666667,0.43813847053972044,28.463795658945976,28.626283135279774,18.604308466293407,28.270903054003597,23.15131502249365,23.317603006906847,23.207247905618928,23.06431172073087,18.4887727207344,23.32855600796156,23.218432527910956,23.075723297020254,1.0,0.0,0.8333333333333334,0.25,0.0,18.604308466293407,23.207247905618928,28.270903054003597,12.920367154470165,21.09121763522951,26.432051786757867,2.294531020102874e-16,1.1956698246010655e-15,0.0,1.7021949456946368e-15,2.3894255335022544e-14,converged
2025-01-15T14:05:00+08:00,6.083333333333333,-8.0,130.0,4.0,53.4,53.4,45.2,45.2,50.0,60.0,85.0,41.46146579980509,13.837928053712723,13.525166121548963,14.098371624543402,76.04269542092851,1.152354391637362,53.0,53.0,53.0,44.67130942810471,43.58057584074078,43.33781813780735,43.86206624084837,0.38295559999999995,0.439032812277747,28.468402236728807,28.632166950345134,18.603927484390592,28.274680091872018,23.153268631727897,23.32085670578506,23.209578651543882,23.065551010313914,18.48789426305772,23.331833067033983,23.220784846756988,23.07698262424506,1.0,0.0,0.8333333333333334,0.25,0.0,18.603927484390592,23.209578651543882,28.274680091872018,12.863197388299943,20.99789366339221,26.315095805400535,1.1371351798565668e-16,6.629078657182834e-16,0.0,1.7862383400085855e-15,2.1540948807115243e-14,converged
2025-01-15T14:10:00+08:00,6.166666666666667,-8.083333333333332,128.19444444444446,4.006944444444445,53.4,53.4,45.2,45.2,50.0,60.0,85.0,41.46146579980509,13.837928053712723,13.525166121548963,14.098371624543402,76.04269542092851,1.152354391637362,53.0,53.0,53.0,44.672370822065126,43.58121568795673,43.33828565161492,43.86278818147372,0.385076425,0.4389981265783976,28.472778048816043,28.637799497199687,18.603231817211828,28.278272032518736,23.154943953836955,23.32381323229336,23.21164668246507,23.06656450834929,18.48668069963653,23.33481285604705,23.22287436629647,23.078016087183343,1.0,0.0,0.8333333333333334,0.25,0.0,18.603231817211828,23.21164668246507,28.278272032518736,12.863197388299943,20.99789366339221,26.315095805400535,1.1371351798565668e-16,7.955522913112821e-16,0.0,1.937222875604058e-15,2.229284725939714e-14,converged
2025-01-15T14:15:00+08:00,6.25,-8.166666666666668,126.38888888888889,4.013888888888889,53.4,53.4,45.2,45.2,50.0,60.0,85.0,41.46146579980509,13.837928053712723,13.525166121548963,14.098371624543402,76.04269542092851,1.152354391637362,53.17094420893601,53.0,53.0,44.791226643657154,43.5817719816166,43.338666590742555,43.902767783292646,0.38719725,0.43981843412621036,28.477256739029787,28.643496938633177,18.602522363285463,28.28196475176608,23.15634212973413,23.326473740771846,23.21345296794556,23.067353008521287,18.485133683104866,23.33749653037938,23.224702056957202,23.0788244802283,1.0,0.0,0.8333333333333334,0.25,0.0,18.602522363285463,23.21345296794556,28.28196475176608,12.863197388299943,20.99789366339221,26.315095805400535,1.1371351798565668e-16,6.617237523150762e-16,0.0,7.972859917410763e-18,3.0199173964030395e-14,converged
2025-01-15T14:20:00+08:00,6.333333333333333,-8.25,124.58333333333333,4.020833333333333,53.4,53.4,45.2,45.2,50.0,60.0,85.0,41.46146579980509,13.837928053712723,13.525166121548963,14.098371624543402,76.04269542092851,1.152354391637362,53.4,53.0,53.0,44.95023658923238,43.58224504039021,43.33896130255767,43.95609251022247,0.389318075,0.4409294069996955,28.481950335258816,28.64936557259834,18.601900104743155,28.28585438379806,23.15746429565525,23.328839381076683,23.214998473970212,23.06791730172429,18.483254857946505,23.339885240919052,23.226268885583526,23.07940859497913,1.0,0.0,0.8333333333333334,0.25,0.0,18.601900104743155,23.214998473970212,28.28585438379806,12.863197388299943,20.99789366339221,26.315095805400535,1.1371351798565668e-16,1.3201129248679848e-16,0.0,2.766168055052139e-16,2.728781744547574e-14,converged
2025-01-15T14:25:00+08:00,6.416666666666667,-8.333333333333332,122.77777777777779,4.027777777777778,53.4,53.4,45.2,45.2,50.0,60.0,85.0,41.46146579980509,13.837928053712723,13.525166121548963,14.098371624543402,76.04269542092851,1.152354391637362,53.4,53.320168506928624,53.0,44.95129631605755,43.80173794655385,43.33917013300841,44.02811810202495,0.3914389,0.4424868721440649,28.486412866220927,28.654982987869257,18.600964233109842,28.289558586281878,23.158932179281607,23.33149928259968,23.216842791243447,23.068790240481963,18.481045860535154,23.34198013408108,23.22757581544956,23.079769220250896,1.0,0.0,0.8333333333333334,0.25,0.0,18.600964233109842,23.216842791243447,28.289558586281878,12.863197388299943,20.99789366339221,26.315095805400535,1.1371351798565668e-16,1.3154663918371832e-16,0.0,1.5189456443810175e-15,3.9337181982727104e-14,converged
2025-01-15T14:30:00+08:00,6.5,-8.416666666666668,120.97222222222221,4.034722222222222,53.4,53.4,45.2,45.2,50.0,60.0,85.0,41.46146579980509,13.837928053712723,13.525166121548963,14.098371624543402,76.04269542092851,1.152354391637362,53.4,53.4,53.294792335567955,44.952280732163246,43.85688079107407,43.54154562886167,44.11524969012364,0.393559725,0.4443678446244546,28.49064512738571,28.66035000385197,18.59971614201914,28.293077906520725,23.160278190300282,23.3340106424043,23.218565220948484,23.069571108109812,18.47908031743946,23.34432445444689,23.229138840697928,23.08039768288959,1.0,0.0,0.8333333333333334,0.25,0.0,18.59971614201914,23.218565220948484,28.293077906520725,12.863197388299943,20.99789366339221,26.315095805400535,1.1371351798565668e-16,6.549490654826749e-16,0.0,4.0486062538337946e-15,3.016061556801186e-14,converged
2025-01-15T14:35:00+08:00,6.583333333333333,-8.5,119.16666666666667,4.041666666666667,53.8,53.8,45.4,45.4,50.0,60.0,85.0,41.644923613078554,13.899157823861891,13.585011989343426,14.160753799873238,76.71712844281119,1.1677189158682777,53.4,53.4,53.4,44.98393981193172,43.891929411944,43.64948825020959,44.17395358856569,0.39568054999999996,0.44522754705714995,28.494685167992323,28.665502494824675,18.598204045395978,28.296445086014394,23.161394330715844,23.336270975648926,23.220068442163377,23.070167290319876,18.477041407066775,23.3466112479152,23.23066648546612,23.081016537082824,1.0,0.0,0.8333333333333334,0.25,0.0,18.598204045395978,23.220068442163377,28.296445086014394,12.806531320510079,20.905391929192245,26.199170273218158,1.1271384355674284e-16,3.9221064351165904e-16,1.1312427488750688e-16,3.5085190212798e-15,2.4916898465736943e-14,converged
2025-01-15T14:40:00+08:00,6.666666666666667,-8.583333333333332,117.36111111111111,4.048611111111111,53.8,53.8,45.4,45.4,50.0,60.0,85.0,41.644923613078554,13.899157823861891,13.585011989343426,14.160753799873238,76.71712844281119,1.1677189158682777,53.4,53.4,53.4,44.984783009786376,43.89230938222409,43.64967772200705,44.17442338662623,0.397801375,0.44520487569514056,28.49849638740299,28.670406095838327,18.59638229218683,28.299628373800626,23.162235615949925,23.338237992124398,23.22131200051909,23.070539940950958,18.47467311725852,23.34860461705639,23.231934374265684,23.0814117789573,1.0,0.0,0.8333333333333334,0.25,0.0,18.59638229218683,23.22131200051909,28.299628373800626,12.806531320510079,20.905391929192245,26.199170273218158,1.1271384355674284e-16,6.537176937087927e-16,1.1312427488750688e-16,3.712319608085711e-15,2.4234717656639277e-14,converged
2025-01-15T14:45:00+08:00,6.75,-8.666666666666668,115.55555555555554,4.055555555555555,53.8,53.8,45.4,45.4,50.0,60.0,85.0,41.644923613078554,13.899157823861891,13.585011989343426,14.160753799873238,76.71712844281119,1.1677189158682777,53.5754774943592,53.4,53.4,45.106746370932406,43.89260708483246,43.64978205059901,44.215261729520265,0.3999222,0.4460603860296313,28.502421505897797,28.6753855677177,18.59455993002236,28.302921429296283,23.162803173262226,23.339912831615326,23.22229685466895,23.070689846033844,18.471977072904643,23.350305702721386,23.232943466639057,23.08158419527492,1.0,0.0,0.8333333333333334,0.25,0.0,18.59455993002236,23.22229685466895,28.302921429296283,12.806531320510079,20.905391929192245,26.199170273218158,1.1271384355674284e-16,9.134494771459154e-16,1.1312427488750688e-16,3.1775681931019896e-15,3.319070454818875e-14,converged
2025-01-15T14:50:00+08:00,6.833333333333333,-8.75,113.75,4.0625,53.8,53.8,45.4,45.4,50.0,60.0,85.0,41.644923613078554,13.899157823861891,13.585011989343426,14.160753799873238,76.71712844281119,1.1677189158682777,53.8,53.4,53.4,45.26266970518224,43.89282283363428,43.649801577609146,44.26737877789257,0.402043025,0.44716154051656753,28.506554945372432,28.680530527985763,18.59282207815684,28.30640529872386,23.163098125289235,23.341296629477284,23.223023959727005,23.070617788835303,18.468954890879214,23.3517156413254,23.233694718584115,23.081534570029433,1.0,0.0,0.8333333333333334,0.25,0.0,18.59282207815684,23.223023959727005,28.30640529872386,12.806531320510079,20.905391929192245,26.199170273218158,1.1271384355674284e-16,2.603428767430449e-16,1.1312427488750688e-16,1.459075638935149e-15,2.3001703530376635e-14,converged
2025-01-15T14:55:00+08:00,6.916666666666667,-8.833333333333332,111.94444444444444,4.069444444444445,53.8,53.8,45.4,45.4,50.0,60.0,85.0,41.644923613078554,13.899157823861891,13.585011989343426,14.160753799873238,76.71712844281119,1.1677189158682777,53.8,53.727568645664626,53.4,45.26351377032754,44.117500475690136,43.64973664326534,44.34093061736614,0.40416385,0.4487687381109358,28.510459241974978,28.685426622868505,18.590775573219396,28.30970493187927,23.163757003334467,23.342992540409394,23.224066235414902,23.070869320691187,18.465608180079954,23.3528355648652,23.23418908256726,23.081263684456164,1.0,0.0,0.8333333333333334,0.25,0.0,18.590775573219396,23.224066235414902,28.30970493187927,12.806531320510079,20.905391929192245,26.199170273218158,1.1271384355674284e-16,2.5941049797046443e-16,1.1312427488750688e-16,4.801781707822161e-16,3.3999501528001954e-14,converged
2025-01-15T15:00:00+08:00,7.0,-8.916666666666668,110.13888888888889,4.076388888888889,53.8,53.8,45.4,45.4,50.0,60.0,85.0,41.644923613078554,13.899157823861891,13.585011989343426,14.160753799873238,76.71712844281119,1.1677189158682777,53.8,53.8,53.704066378142535,45.26428358101361,44.16740914756907,43.858551052208156,44.42847259714848,0.406284675,0.4506739155258832,28.51413518489911,28.690074664448243,18.588421787216696,28.312820872779632,23.16428311445582,23.344530187232824,23.224976788794002,23.0710187795712,18.46252895992747,23.35422616783524,23.234959135428223,23.081278663219248,1.0,0.0,0.8333333333333334,0.25,0.0,18.588421787216696,23.224976788794002,28.312820872779632,12.806531320510079,20.905391929192245,26.199170273218158,1.1271384355674284e-16,2.583138668921894e-16,1.1312427488750688e-16,1.3418747607970148e-15,4.226469123169086e-14,converged
2025-01-15T15:05:00+08:00,7.083333333333333,-9.0,108.33333333333333,4.083333333333333,54.2,54.2,45.6,45.6,50.0,60.0,85.0,41.82838142635203,13.960387594011065,13.644857857137891,14.223135975203078,77.3945390939296,1.1832194084567254,53.8,53.8,53.8,45.295940624854126,44.202406388967695,43.960170902165494,44.48500908862753,0.4084055,0.45150006525107067,28.517621088447292,28.69451076997727,18.585809100535243,28.315786094977206,23.164582959217228,23.34582081118471,23.225671345369726,23.07098598345379,18.459364271264473,23.355546279612867,23.235680901200542,23.081271114203926,1.0,0.0,0.8333333333333334,0.25,0.0,18.585809100535243,23.225671345369726,28.315786094977206,12.750362323490295,20.81370161371333,26.08426163166895,2.2345458774374424e-16,7.735236212792026e-16,0.0,8.26658549895782e-16,3.2287860231057366e-14,converged
2025-01-15T15:10:00+08:00,7.166666666666667,-9.083333333333332,106.52777777777779,4.090277777777778,54.2,54.2,45.6,45.6,50.0,60.0,85.0,41.82838142635203,13.960387594011065,13.644857857137891,14.223135975203078,77.3945390939296,1.1832194084567254,53.8,53.8,53.8,45.296572130935786,44.202534410369154,43.96009117488447,44.485234508096624,0.41052632499999997,0.4514891391099742,28.5208800743042,28.6987003171477,18.582891653238747,28.31856860871917,23.164611296412062,23.346821884875247,23.22610922383982,23.07073186769454,18.45587576182515,23.356576723908994,23.236145887132693,23.08104215697118,1.0,0.0,0.8333333333333334,0.25,0.0,18.582891653238747,23.22610922383982,28.31856860871917,12.750362323490295,20.81370161371333,26.08426163166895,2.2345458774374424e-16,2.5784744690963263e-16,0.0,1.5606439417384005e-15,2.782497002363979e-14,converged
2025-01-15T15:15:00+08:00,7.25,-9.166666666666668,104.72222222222221,4.097222222222222,54.2,54.2,45.6,45.6,50.0,60.0,85.0,41.82838142635203,13.960387594011065,13.644857857137891,14.223135975203078,77.3945390939296,1.1832194084567254,53.979971014120785,53.8,53.8,45.42163081264882,44.202581418261516,43.95992769820194,44.5269330838999,0.41264715,0.4523794148039486,28.52426387298274,28.702976602109434,18.579986582848715,28.321469800230634,23.164369239978832,23.347534533865606,23.226291372185713,23.0702572108316,18.45206502956165,23.357318627378376,23.23635504211917,23.080592570812072,1.0,0.0,0.8333333333333334,0.25,0.0,18.579986582848715,23.226291372185713,28.321469800230634,12.750362323490295,20.81370161371333,26.08426163166895,2.2345458774374424e-16,2.5734000712076316e-16,0.0,3.9106696162995854e-15,6.519728271617872e-14,converged
2025-01-15T15:20:00+08:00,7.333333333333333,-9.25,102.91666666666667,4.104166666666667,54.2,54.2,45.6,45.6,50.0,60.0,85.0,41.82838142635203,13.960387594011065,13.644857857137891,14.223135975203078,77.3945390939296,1.1832194084567254,54.2,53.8,53.8,45.57448941758826,44.20254772182268,43.959680808150054,44.57785530382581,0.41476797499999996,0.45347064153411537,28.52784942881955,28.707412683610812,18.577163261973922,28.324555737717226,23.163857899285787,23.34795987934158,23.226218734887688,23.069562788664456,18.447933664540724,23.35777311229367,23.236309311547945,23.079923132274793,1.0,0.0,0.8333333333333334,0.25,0.0,18.577163261973922,23.226218734887688,28.324555737717226,12.750362323490295,20.81370161371333,26.08426163166895,2.2345458774374424e-16,0.0,0.0,4.859604729349647e-15,2.4556740938599975e-14,converged
2025-01-15T15:25:00+08:00,7.416666666666667,-9.333333333333332,101.11111111111111,4.111111111111111,54.2,54.2,45.6,45.6,50.0,60.0,85.0,41.82838142635203,13.960387594011065,13.644857857137891,14.223135975203078,77.3945390939296,1.1832194084567254,54.2,54.13490387090293,53.8,45.57512425187642,44.43238762157335,43.959350839388115,44.65293117329682,0.4168888,0.45512703014315714,28.531207723603803,28.71160220683203,18.574036117063542,28.327458610143932,23.16372850119763,23.348714998990783,23.226477463437018,23.06920675868698,18.443483248982666,23.35794129656248,23.236009637313455,23.07903461517431,1.0,0.0,0.8333333333333334,0.25,0.0,18.574036117063542,23.226477463437018,28.327458610143932,12.750362323490295,20.81370161371333,26.08426163166895,2.2345458774374424e-16,0.0,0.0,3.0581890621081364e-15,3.476872138304384e-14,converged
2025-01-15T15:30:00+08:00,7.5,-9.416666666666668,99.30555555555554,4.118055555555555,54.2,54.2,45.6,45.6,50.0,60.0,85.0,41.82838142635203,13.960387594011065,13.644857857137891,14.223135975203078,77.3945390939296,1.1832194084567254,54.2,54.2,54.11325906946648,45.57568586251493,44.47709691667554,44.17457553682218,44.740887299977395,0.419009625,0.45705605598700766,28.53433954038471,28.715545976673155,18.57060649906324,28.330178958302092,23.163455462982547,23.349302142950243,23.226594662094456,23.068738695597904,18.43932406040951,23.35840119682077,23.236005057549406,23.07844982635457,1.0,0.0,0.8333333333333334,0.25,0.0,18.57060649906324,23.226594662094456,28.330178958302092,12.750362323490295,20.81370161371333,26.08426163166895,2.2345458774374424e-16,2.5470687960919187e-16,0.0,1.3627968739919436e-15,3.627784945509125e-14,converged
2025-01-15T15:35:00+08:00,7.583333333333333,-9.5,97.5,4.125,54.6,54.6,45.8,45.8,50.0,60.0,85.0,42.01183923962551,14.021617364160235,13.704703724932356,14.285518150532917,78.07492737428362,1.1988564683822518,54.2,54.2,54.2,45.607347881501454,44.51205209810746,44.26991721901306,44.79527693140458,0.42113045,0.45784874607088205,28.537283458188647,28.71928035451628,18.566922959698157,28.33274998626922,23.162959682091387,23.349646183703285,23.226499011324254,23.068090761063804,18.43506727487543,23.35877768182786,23.23593933774126,23.07782965583711,1.0,0.0,0.8333333333333334,0.25,0.0,18.566922959698157,23.226499011324254,28.33274998626922,12.69468388539645,20.722812087015893,25.970356559041576,1.1075364017916135e-16,5.085317927633329e-16,0.0,2.5684949531652953e-15,2.346654522306938e-14,converged
2025-01-15T15:40:00+08:00,7.666666666666667,-9.583333333333332,95.69444444444444,4.131944444444445,54.6,54.6,45.8,45.8,50.0,60.0,85.0,42.01183923962551,14.021617364160235,13.704703724932356,14.285518150532917,78.07492737428362,1.1988564683822518,54.2,54.2,54.2,45.60777402207877,44.511935879648966,44.2695768779845,44.795265517779946,0.423251275,0.45784930171868693,28.54000232159395,28.72277045978046,18.562939426315843,28.33513946713566,23.16219565886083,23.34970435353843,23.22614960119693,23.067223671737423,18.430492064281943,23.358868169238388,23.23561974839554,23.076990234278757,1.0,0.0,0.8333333333333334,0.25,0.0,18.562939426315843,23.22614960119693,28.33513946713566,12.69468388539645,20.722812087015893,25.970356559041576,1.1075364017916135e-16,1.2713279390176185e-16,0.0,2.2026533452942674e-15,3.086271791492765e-14,converged
2025-01-15T15:45:00+08:00,7.75,-9.666666666666668,93.88888888888889,4.138888888888889,54.6,54.6,45.8,45.8,50.0,60.0,85.0,42.01183923962551,14.021617364160235,13.704703724932356,14.285518150532917,78.07492737428362,1.1988564683822518,54.38442528916829,54.2,54.2,45.735915760906,44.51173987094367,44.269154144737506,44.83782564506475,0.4253721,0.4587739128283912,28.542856805834244,28.726358061905856,18.55898106774882,28.337656457759962,23.16116449423317,23.349477764118493,23.225547369255167,23.06613819882211,18.425600000427423,23.35867377183553,23.235047227991473,23.075932333657136,1.0,0.0,0.8333333333333334,0.25,0.0,18.55898106774882,23.225547369255167,28.337656457759962,12.69468388539645,20.722812087015893,25.970356559041576,1.1075364017916135e-16,0.0,0.0,5.970795408780041e-16,2.076953666778286e-14,converged
2025-01-15T15:50:00+08:00,7.833333333333333,-9.75,92.08333333333333,4.145833333333333,54.6,54.6,45.8,45.8,50.0,60.0,85.0,42.01183923962551,14.021617364160235,13.704703724932356,14.285518150532917,78.07492737428362,1.1988564683822518,54.6,54.2,54.2,45.88573124346862,44.51146437659651,44.26864934986072,44.88756563704703,0.42749292499999997,0.4598551063878423,28.545906504739023,28.730099781212658,18.555101624931932,28.34035215709394,23.159867284632114,23.348967522783372,23.224693249577793,23.06483511080736,18.420392647351584,23.358195598072758,23.23422271153902,23.074656723231755,1.0,0.0,0.8333333333333334,0.25,0.0,18.555101624931932,23.224693249577793,28.34035215709394,12.69468388539645,20.722812087015893,25.970356559041576,1.1075364017916135e-16,1.26578263685464e-15,0.0,1.5772840503938082e-16,2.6117857657180116e-14,converged
2025-01-15T15:55:00+08:00,7.916666666666667,-9.833333333333332,90.27777777777779,4.152777777777778,54.6,54.6,45.8,45.8,50.0,60.0,85.0,42.01183923962551,14.021617364160235,13.704703724932356,14.285518150532917,78.07492737428362,1.1988564683822518,54.6,54.54217503303873,54.2,45.88616310163637,44.7464440504118,44.26806282259223,44.964163171773116,0.42961375,0.4615601531503148,28.548730784610964,28.733597203963768,18.55092305943638,28.342865940879133,23.158969845585517,23.348804528991124,23.224186529224795,23.0638850796884,18.414871561373783,23.35743475209068,23.233147130591682,23.07316416955358,1.0,0.0,0.8333333333333334,0.25,0.0,18.55092305943638,23.224186529224795,28.342865940879133,12.69468388539645,20.722812087015893,25.970356559041576,1.1075364017916135e-16,7.566640298064609e-16,0.0,1.960134508901658e-15,4.48297281793551e-14,converged
2025-01-15T16:00:00+08:00,8.0,-9.916666666666668,88.47222222222221,4.159722222222222,54.6,54.6,45.8,45.8,50.0,60.0,85.0,42.01183923962551,14.021617364160235,13.704703724932356,14.285518150532917,78.07492737428362,1.1988564683822518,54.6,54.6,54.52237147527668,45.886522742174606,44.78598837271904,44.48966918878464,45.05253701583593,0.431734575,0.46351267751567465,28.551330422483854,28.736851128016095,18.54644670169878,28.345198346740492,23.157917915112968,23.34846385957789,23.223528498915297,23.062813097006895,18.40966514481863,23.356986446275688,23.232385864485796,23.07199304725747,1.0,0.0,0.8333333333333334,0.25,0.0,18.54644670169878,23.223528498915297,28.345198346740492,12.69468388539645,20.722812087015893,25.970356559041576,1.1075364017916135e-16,7.534766197824092e-16,0.0,4.490749836737783e-16,2.8196486341851902e-14,converged
2025-01-15T16:05:00+08:00,8.083333333333334,-10.0,86.66666666666666,4.166666666666667,55.0,55.0,46.0,46.0,50.0,60.0,85.0,42.19529705289899,14.082847134309407,13.764549592726821,14.347900325862756,78.75829328387341,1.214630694624407,54.6,54.6,54.6,45.918196439761786,44.82091042436819,44.57877663255305,45.104799875173555,0.4338554,0.46427200117330203,28.553744261647324,28.739898159868524,18.541721279298546,28.34738280771027,23.156646686741347,23.34788392420317,23.22266070339654,23.06156358036223,18.40434897837967,23.356441841649552,23.231550658915047,23.070773754344962,1.0,0.0,0.8333333333333334,0.25,0.0,18.541721279298546,23.22266070339654,28.34738280771027,12.639489607633859,20.632712904028867,25.857441965306613,1.0979265868875992e-16,0.0,1.1375008122955976e-16,3.263299552107385e-15,3.022321760525645e-14,converged
2025-01-15T16:10:00+08:00,8.166666666666666,-10.083333333333334,84.8611111111111,4.173611111111111,55.0,55.0,46.0,46.0,50.0,60.0,85.0,42.19529705289899,14.082847134309407,13.764549592726821,14.347900325862756,78.75829328387341,1.214630694624407,54.6,54.6,54.6,45.918423367868535,44.820557461944944,44.57818401293301,45.10455896154358,0.43597622500000005,0.46428378075157606,28.55593487026249,28.742703159918474,18.536700503371158,28.34938686139782,23.155110400769193,23.34702171197959,23.221542002623966,23.06009702761436,18.39871962423614,23.355614824238398,23.23046442964086,23.06933732156805,1.0,0.0,0.8333333333333334,0.25,0.0,18.536700503371158,23.221542002623966,28.34938686139782,12.639489607633859,20.632712904028867,25.857441965306613,1.0979265868875992e-16,1.2537086869423192e-16,1.1375008122955976e-16,3.0677276554418125e-15,2.2959569966893082e-14,converged
2025-01-15T16:15:00+08:00,8.25,-10.166666666666666,83.05555555555557,4.180555555555555,55.0,55.0,46.0,46.0,50.0,60.0,85.0,42.19529705289899,14.082847134309407,13.764549592726821,14.347900325862756,78.75829328387341,1.214630694624407,54.788840831389294,54.6,54.6,46.0496358599585,44.82012590243703,44.5775103226766,45.14798179141534,0.43809704999999993,0.46524230468068134,28.55827180347455,28.745616309526998,18.531717516103125,28.351527179723128,23.15331014546027,23.345878320989883,23.220173323930016,23.058414202786672,18.392778628795003,23.354506493271593,23.229128104955272,23.067684513745334,1.0,0.0,0.8333333333333334,0.25,0.0,18.531717516103125,23.220173323930016,28.351527179723128,12.639489607633859,20.632712904028867,25.857441965306613,1.0979265868875992e-16,5.004502843172715e-16,1.1375008122955976e-16,7.249996902698547e-16,2.6118410580397992e-14,converged
2025-01-15T16:20:00+08:00,8.333333333333334,-10.25,81.25,4.1875,55.0,55.0,46.0,46.0,50.0,60.0,85.0,42.19529705289899,14.082847134309407,13.764549592726821,14.347900325862756,78.75829328387341,1.214630694624407,55.0,54.6,54.6,46.196429557059176,44.819616045987814,44.57675588707288,45.196551912458794,0.440217875,0.46631336352523073,28.56079743029513,28.748677909642335,18.526810540484533,28.353840199982297,23.15124700461019,23.34445484504513,23.21855559121976,23.056515867212973,18.386527530827635,23.3531179437,23.227542609717464,23.065816093001537,1.0,0.0,0.8333333333333334,0.25,0.0,18.526810540484533,23.21855559121976,28.353840199982297,12.639489607633859,20.632712904028867,25.857441965306613,1.0979265868875992e-16,9.986016351481717e-16,1.1375008122955976e-16,5.122909846822478e-16,2.93670112547405e-14,converged
2025-01-15T16:25:00+08:00,8.416666666666666,-10.333333333333334,79.44444444444443,4.194444444444445,55.0,55.0,46.0,46.0,50.0,60.0,85.0,42.19529705289899,14.082847134309407,13.764549592726821,14.347900325862756,78.75829328387341,1.214630694624407,55.0,54.9493829676777,54.6,46.19666452253375,45.05971300957803,44.575921030081965,45.2746686062751,0.4423387000000001,0.4680665440029594,28.563099441065116,28.751497430356036,18.521609019088597,28.355972432860103,23.1496012766585,23.343395905241046,23.217301131952922,23.054985116716615,18.379967861507517,23.35145026621262,23.225708865366467,23.063732818776998,1.0,0.0,0.8333333333333334,0.25,0.0,18.521609019088597,23.217301131952922,28.355972432860103,12.639489607633859,20.632712904028867,25.857441965306613,1.0979265868875992e-16,7.461459699597677e-16,1.1375008122955976e-16,1.5683437079379575e-16,5.147432516766989e-14,converged
2025-01-15T16:30:00+08:00,8.5,-10.416666666666666,77.6388888888889,4.201388888888888,55.0,55.0,46.0,46.0,50.0,60.0,85.0,42.19529705289899,14.082847134309407,13.764549592726821,14.347900325862756,78.75829328387341,1.214630694624407,55.0,55.0,54.931404642775476,46.1968282522533,45.09412637761745,44.80388045620467,45.36346355921251,0.44445952499999997,0.4700422234571761,28.565178606929567,28.754075662618597,18.516114262381198,28.357924412873555,23.1477902286515,23.342149602351903,23.215885610532748,23.053322537862798,18.37374601609422,23.350115743916103,23.224208473643085,23.061988520340392,1.0,0.0,0.8333333333333334,0.25,0.0,18.516114262381198,23.215885610532748,28.357924412873555,12.639489607633859,20.632712904028867,25.857441965306613,1.0979265868875992e-16,1.1145146586366927e-15,1.1375008122955976e-16,8.102173506374559e-16,4.92571279647374e-14,converged
2025-01-15T16:35:00+08:00,8.583333333333334,-10.5,75.83333333333333,4.208333333333333,55.3,55.3,46.2,46.2,50.0,60.0,85.0,42.37875486617246,14.144076904458576,13.824395460521286,14.410282501192592,79.44463682269887,1.2305426861627389,55.0,55.0,55.0,46.22852003492523,45.129023853602206,44.88679693334188,45.41361928903991,0.44658034999999996,0.47076827407477456,28.56707403486529,28.756449458871177,18.51037517796628,28.35972980039844,23.14576325023867,23.340667789903712,23.21426334610142,23.05148471724402,18.367402246062724,23.34867208000343,23.22262139645169,23.060183326962797,1.0,0.0,0.8333333333333334,0.25,0.0,18.51037517796628,23.21426334610142,28.35972980039844,12.584773202406009,20.543393800548223,25.74550498710182,2.1768826088849158e-16,1.2364397543115232e-16,1.132576566354924e-16,2.367867529192506e-15,2.4142063248763645e-14,converged
2025-01-15T16:40:00+08:00,8.666666666666666,-10.583333333333334,74.02777777777776,4.215277777777778,55.3,55.3,46.2,46.2,50.0,60.0,85.0,42.37875486617246,14.144076904458576,13.824395460521286,14.410282501192592,79.44463682269887,1.2305426861627389,55.0,55.0,55.0,46.228553735058036,45.128441435742815,44.88596012732246,45.413156001981534,0.44870117500000006,0.4707910251896583,28.568748017417377,28.758583419899395,18.50434525759323,28.36135589927846,23.143474320334402,23.338907211253268,23.212392967208483,23.04943193396111,18.36075037177576,23.3469495048932,23.22078607825424,23.0581630598054,1.0,0.0,0.8333333333333334,0.25,0.0,18.50434525759323,23.212392967208483,28.36135589927846,12.584773202406009,20.543393800548223,25.74550498710182,2.1768826088849158e-16,4.945520011985651e-16,1.132576566354924e-16,1.5060730103103001e-15,2.641371132512436e-14,converged
2025-01-15T16:45:00+08:00,8.75,-10.666666666666666,72.22222222222223,4.222222222222222,55.3,55.3,46.2,46.2,50.0,60.0,85.0,42.37875486617246,14.144076904458576,13.824395460521286,14.410282501192592,79.44463682269887,1.2305426861627389,55.144913607855635,55.0,55.0,46.32924777410268,45.12778158464022,44.88504353763895,45.44623611199492,0.45082199999999994,0.47154166005708403,28.570484523786384,28.760746641116597,18.498280618495052,28.363046016093573,23.140924514834502,23.336868951214786,23.210275391200085,23.04716494500936,18.35379191499018,23.344949104572045,23.218703437379066,23.05592847667924,1.0,0.0,0.8333333333333334,0.25,0.0,18.498280618495052,23.210275391200085,28.363046016093573,12.584773202406009,20.543393800548223,25.74550498710182,2.1768826088849158e-16,7.406471051540288e-16,1.132576566354924e-16,4.052231642357465e-15,4.513905268578167e-14,converged
2025-01-15T16:50:00+08:00,8.833333333333334,-10.75,70.41666666666666,4.229166666666667,55.3,55.3,46.2,46.2,50.0,60.0,85.0,42.37875486617246,14.144076904458576,13.824395460521286,14.410282501192592,79.44463682269887,1.2305426861627389,55.3,55.0,55.0,46.43706587042591,45.12704459608479,44.88404748442064,45.48164172080349,0.452942825,0.47234482618524987,28.572302695712995,28.762957392389136,18.49219869597869,28.36481661959612,23.13811490521582,23.334554090380944,23.207911532030685,23.044684504718283,18.346528389946712,23.342671960798118,23.216374388757295,23.05348033272523,1.0,0.0,0.8333333333333334,0.25,0.0,18.49219869597869,23.207911532030685,28.36481661959612,12.584773202406009,20.543393800548223,25.74550498710182,2.1768826088849158e-16,2.464625743170047e-16,1.132576566354924e-16,1.7429332461196568e-15,2.2756563639194544e-14,converged
2025-01-15T16:55:00+08:00,8.916666666666666,-10.833333333333334,68.6111111111111,4.236111111111111,55.3,55.3,46.2,46.2,50.0,60.0,85.0,42.37875486617246,14.144076904458576,13.824395460521286,14.410282501192592,79.44463682269887,1.2305426861627389,55.3,55.2673963719671,55.0,46.437054782690645,45.31073496800579,44.88297228648903,45.541194145596904,0.4550636500000001,0.47370389502242827,28.573899688786938,28.764928841380865,18.485827463274106,28.36640803733963,23.13556676579507,23.332456580601583,23.20577057262505,23.042437373467056,18.33896130340712,23.340119151117573,23.213799843935405,23.05081938042353,1.0,0.0,0.8333333333333334,0.25,0.0,18.485827463274106,23.20577057262505,28.36640803733963,12.584773202406009,20.543393800548223,25.74550498710182,2.1768826088849158e-16,8.601441336575464e-16,1.132576566354924e-16,1.5827671616948262e-15,2.3794110242475127e-14,converged
2025-01-15T17:00:00+08:00,9.0,-10.916666666666666,66.80555555555557,4.243055555555555,55.3,55.3,46.2,46.2,50.0,60.0,85.0,42.37875486617246,14.144076904458576,13.824395460521286,14.410282501192592,79.44463682269887,1.2305426861627389,55.3,55.3,55.25526970077389,46.436973611031796,45.33249941270941,45.058396700655415,45.607917379138094,0.457184475,0.4752121588707127,28.575276266068766,28.76666177029684,18.47916820793009,28.367820799328232,23.13282211383133,23.330142679804432,23.2034404072667,23.04003100690958,18.331589223504935,23.337762866471856,23.21142830992356,23.04837268620117,1.0,0.0,0.8333333333333334,0.25,0.0,18.47916820793009,23.2034404072667,28.367820799328232,12.584773202406009,20.543393800548223,25.74550498710182,2.1768826088849158e-16,0.0,1.132576566354924e-16,6.668927221092008e-16,2.893010782871804e-14,converged
2025-01-15T17:05:00+08:00,9.083333333333334,-11.0,65.0,4.25,55.6,55.6,46.4,46.4,50.0,60.0,85.0,42.56221267944593,14.20530667460775,13.884241328315749,14.472664676522431,80.13395799075995,1.246593041976795,55.3,55.3,55.3,46.46852658177141,45.367214871963014,45.12469013952112,45.65231498048321,0.45930529999999997,0.47582979842513545,28.576471652406806,28.768193140855978,18.472269889386265,28.369088667592692,23.129865473729005,23.32759752334663,23.20090697439245,23.037452106887358,18.32405473683701,23.335257648485367,23.208931723630414,23.045827956337973,1.0,0.0,0.8333333333333334,0.25,0.0,18.472269889386265,23.20090697439245,28.369088667592692,12.53052849032667,20.454844689338962,25.634532982847073,5.395392059894658e-17,4.893149702361526e-16,0.0,2.7250028631814044e-15,3.085543502702633e-14,converged
2025-01-15T17:10:00+08:00,9.166666666666666,-11.083333333333334,63.19444444444443,4.256944444444445,55.6,55.6,46.4,46.4,50.0,60.0,85.0,42.56221267944593,14.20530667460775,13.884241328315749,14.472664676522431,80.13395799075995,1.246593041976795,55.3,55.3,55.3,46.4683185302366,45.36635488215216,45.123562149251505,45.6515814479694,0.4614261250000001,0.47586597670287567,28.577448006921454,28.769487427893008,18.465085903067482,28.370178835657416,23.12665070498252,23.3247777423876,23.19812879938661,23.034660857291698,18.31621803814902,23.332477656277387,23.206190264344336,23.043070761751803,1.0,0.0,0.8333333333333334,0.25,0.0,18.465085903067482,23.19812879938661,28.370178835657416,12.53052849032667,20.454844689338962,25.634532982847073,5.395392059894658e-17,3.669583271119937e-16,0.0,6.339335123306713e-16,2.335883159852282e-14,converged
2025-01-15T17:15:00+08:00,9.25,-11.166666666666666,61.3888888888889,4.263888888888888,55.6,55.6,46.4,46.4,50.0,60.0,85.0,42.56221267944593,14.20530667460775,13.884241328315749,14.472664676522431,80.13395799075995,1.246593041976795,55.44816829058041,55.3,55.3,46.57119633001609,45.365418805090634,45.122355846993536,45.68520177637553,0.46354694999999996,0.4766467923408954,28.57849585935753,28.770819941541546,18.45787825243207,28.371340237162787,23.123178868162846,23.321684406003747,23.19510678744831,23.031658006181466,18.308080620533623,23.329423960104332,23.20320483825413,23.040101851325105,1.0,0.0,0.8333333333333334,0.25,0.0,18.45787825243207,23.19510678744831,28.371340237162787,12.53052849032667,20.454844689338962,25.634532982847073,5.395392059894658e-17,4.884762624970113e-16,0.0,1.0378198481969184e-15,2.6039448174449556e-14,converged
2025-01-15T17:20:00+08:00,9.333333333333334,-11.25,59.58333333333333,4.270833333333333,55.6,55.6,46.4,46.4,50.0,60.0,85.0,42.56221267944593,14.20530667460775,13.884241328315749,14.472664676522431,80.13395799075995,1.246593041976795,55.6,55.3,55.3,46.676679155959796,45.364406931514615,45.12107154696826,45.719640294925796,0.465667775,0.47744755769440683,28.579621614652048,28.772196884249933,18.45065289398532,28.372578426241684,23.119451019483392,23.318318579109697,23.191841840428722,23.028444298980286,18.29964396970678,23.326097626053926,23.19997634819512,23.03692197130071,1.0,0.0,0.8333333333333334,0.25,0.0,18.45065289398532,23.191841840428722,28.372578426241684,12.53052849032667,20.454844689338962,25.634532982847073,5.395392059894658e-17,7.314855000354644e-16,0.0,1.444574214492982e-15,2.6901638559833133e-14,converged
2025-01-15T17:25:00+08:00,9.416666666666666,-11.333333333333334,57.777777777777764,4.277777777777778,55.6,55.6,46.4,46.4,50.0,60.0,85.0,42.56221267944593,14.20530667460775,13.884241328315749,14.472664676522431,80.13395799075995,1.246593041976795,55.6,55.57270931863966,55.3,46.676429232147385,45.551792239057164,45.119709562113094,45.78022081634315,0.46778860000000005,0.4788472830765003,28.58052857844828,28.77333724842328,18.443143323647565,28.373639002943918,23.11599913312335,23.31518435101149,23.188812776290582,23.025475676349018,18.2909095640442,23.32249971606144,23.196505693661546,23.033531865291142,1.0,0.0,0.8333333333333334,0.25,0.0,18.443143323647565,23.188812776290582,28.373639002943918,12.53052849032667,20.454844689338962,25.634532982847073,5.395392059894658e-17,0.0,0.0,2.17835130850074e-16,3.0975796333680234e-14,converged
2025-01-15T17:30:00+08:00,9.5,-11.416666666666666,55.97222222222223,4.284722222222222,55.6,55.6,46.4,46.4,50.0,60.0,85.0,42.56221267944593,14.20530667460775,13.884241328315749,14.472664676522431,80.13395799075995,1.246593041976795,55.6,55.6,55.561928021029175,46.67611034824998,45.56964981888341,45.29974407704437,45.84715785015173,0.46990942499999994,0.480377717063001,28.58121750588484,28.774241807685655,18.435350806645236,28.37452249283864,23.11234417432119,23.31182803276823,23.18558854116022,23.022341549473236,18.282389261178917,23.319115033610416,23.193253368346443,23.030370019937486,1.0,0.0,0.8333333333333334,0.25,0.0,18.435350806645236,23.18558854116022,28.37452249283864,12.53052849032667,20.454844689338962,25.634532982847073,5.395392059894658e-17,1.211706098054368e-16,0.0,3.6867800563763535e-15,4.211381414037896e-14,converged
2025-01-15T17:35:00+08:00,9.583333333333334,-11.5,54.166666666666664,4.291666666666667,55.9,55.9,46.6,46.6,50.0,60.0,85.0,42.745670492719405,14.266536444756921,13.944087196110214,14.53504685185227,80.82625678805677,1.2627823610461257,55.6,55.6,55.6,46.70753448153933,45.604195385141864,45.361291084050244,45.88984307511964,0.47203025,0.48097522281906036,28.58172774273933,28.774947637117346,18.427324361131156,28.375262761017197,23.108481081652464,23.308244623567337,23.18216444473274,23.019037545788823,18.273699450893393,23.31557331472151,23.18986774304246,23.02710169697004,1.0,0.0,0.8333333333333334,0.25,0.0,18.427324361131156,23.18216444473274,28.375262761017197,12.476749398093508,20.36705565633751,25.524513527985064,0.0,1.2102008201650074e-16,1.1228548790900746e-16,1.6655155055957583e-15,2.489711388928576e-14,converged
2025-01-15T17:40:00+08:00,9.666666666666666,-11.583333333333334,52.36111111111109,4.298611111111111,55.9,55.9,46.6,46.6,50.0,60.0,85.0,42.745670492719405,14.266536444756921,13.944087196110214,14.53504685185227,80.82625678805677,1.2627823610461257,55.6,55.6,55.6,46.707091781468414,45.60306627586647,45.359881143322916,45.88884756495626,0.4741510750000001,0.4810245336310644,28.582021311926578,28.775419081792723,18.419017280420242,28.37582688940804,23.104363590461645,23.304390636754896,23.17849890499557,23.01552375114453,18.26471314926628,23.311760863850356,23.186240539320952,23.02362346392912,1.0,0.0,0.8333333333333334,0.25,0.0,18.419017280420242,23.17849890499557,28.37582688940804,12.476749398093508,20.36705565633751,25.524513527985064,0.0,1.2100767599956025e-16,1.1228548790900746e-16,1.4232505638271578e-15,2.5705500292382817e-14,converged
2025-01-15T17:45:00+08:00,9.75,-11.666666666666666,50.555555555555564,4.305555555555555,55.9,55.9,46.6,46.6,50.0,60.0,85.0,42.745670492719405,14.266536444756921,13.944087196110214,14.53504685185227,80.82625678805677,1.2627823610461257,55.75139503611438,55.6,55.6,46.812146887174364,45.601862391678914,45.35839432323045,45.92301183028743,0.47627189999999997,0.4818351161600011,28.582395256737026,28.775937622059356,18.410697412299577,28.376469398386885,23.099992746362027,23.300267126024437,23.17459281526154,23.011800904846258,18.25543182155355,23.3076787358781,23.18237265149188,23.01993606095194,1.0,0.0,0.8333333333333334,0.25,0.0,18.410697412299577,23.17459281526154,28.376469398386885,12.476749398093508,20.36705565633751,25.524513527985064,0.0,8.456287487750692e-16,1.1228548790900746e-16,2.414560519946707e-15,2.8252429658952592e-14,converged
2025-01-15T17:50:00+08:00,9.833333333333334,-11.75,48.74999999999999,4.3125,55.9,55.9,46.6,46.6,50.0,60.0,85.0,42.745670492719405,14.266536444756921,13.944087196110214,14.53504685185227,80.82625678805677,1.2627823610461257,55.9,55.6,55.6,46.915312695941445,45.60058401838615,45.35683093224336,45.95649519934498,0.47839272499999996,0.48263330045969427,28.582843336660194,28.77649747948171,18.40235931725991,28.377185005652205,23.09536959066928,23.295875140966153,23.170447065538326,23.007869743594583,18.245856925769885,23.303327981575638,23.178264970554512,23.016040225566016,1.0,0.0,0.8333333333333334,0.25,0.0,18.40235931725991,23.170447065538326,28.377185005652205,12.476749398093508,20.36705565633751,25.524513527985064,0.0,4.824172791892005e-16,1.1228548790900746e-16,4.727202373813721e-16,2.6423429933686403e-14,converged
2025-01-15T17:55:00+08:00,9.916666666666666,-11.833333333333334,46.94444444444443,4.319444444444445,55.9,55.9,46.6,46.6,50.0,60.0,85.0,42.745670492719405,14.266536444756921,13.944087196110214,14.53504685185227,80.82625678805677,1.2627823610461257,55.9,55.87797666061974,55.6,46.9148309592377,45.79165066344509,45.355191277572104,46.018104825697904,0.48051355000000007,0.4840731953179832,28.583074963533655,28.776823429681002,18.39374197479355,28.37772454613357,23.091036720763125,23.291728835746774,23.16655003980595,23.004195322551716,18.235989912724488,23.29870964761965,23.17391838420968,23.011936692698352,1.0,0.0,0.8333333333333334,0.25,0.0,18.39374197479355,23.16655003980595,28.37772454613357,12.476749398093508,20.36705565633751,25.524513527985064,0.0,4.809823099189066e-16,1.1228548790900746e-16,1.505041563762047e-15,2.849086522181178e-14,converged
2025-01-15T18:00:00+08:00,10.0,-11.916666666666666,45.1388888888889,4.326388888888888,55.9,55.9,46.6,46.6,50.0,60.0,85.0,42.745670492719405,14.266536444756921,13.944087196110214,14.53504685185227,80.82625678805677,1.2627823610461257,55.9,55.9,55.8685291883209,46.91428135901347,45.80562928677792,45.53981794236112,46.085260994749085,0.48263437499999995,0.4856254442811458,28.583090884733732,28.77691623786201,18.384846628384626,28.378088541041905,23.086494201254542,23.287354717925247,23.162451872103546,23.000349137914267,18.226355834077847,23.29432105936967,23.169805286661855,23.00807528710377,1.0,0.0,0.8333333333333334,0.25,0.0,18.384846628384626,23.162451872103546,28.378088541041905,12.476749398093508,20.36705565633751,25.524513527985064,0.0,0.0,1.1228548790900746e-16,6.145544052231803e-16,3.49414031056795e-14,converged
2025-01-15T18:05:00+08:00,10.083333333333334,-12.0,43.33333333333333,4.333333333333333,56.2,56.2,46.8,46.8,50.0,60.0,85.0,42.929128305992876,14.327766214906092,14.003933063904677,14.597429027182107,81.52153321458924,1.2791112423502784,55.9,55.9,55.9,46.9455862560482,45.84001663083574,45.59665589493723,46.12625356456702,0.4847552,0.48620280503795915,28.582930569820224,28.77681309631345,18.375722361378273,28.378310959822592,23.081747315968414,23.282757586363125,23.158157181289788,22.996335682352573,18.216545080059404,23.289767332321002,23.165550657150042,23.00409899089226,1.0,0.0,0.75,0.25,0.0,18.375722361378273,23.158157181289788,28.378310959822592,12.423429956221314,20.280016956951453,25.41543441034411,2.65177863824759e-16,2.394377832062198e-16,0.0,1.0344931556883995e-15,2.6985011046411583e-14,converged
2025-01-15T18:10:00+08:00,10.166666666666666,-12.083333333333334,41.52777777777776,4.340277777777778,56.2,56.2,46.8,46.8,50.0,60.0,85.0,42.929128305992876,14.327766214906092,14.003933063904677,14.597429027182107,81.52153321458924,1.2791112423502784,55.9,55.9,55.9,46.94491581969941,45.8386266226905,45.594972970909,46.12500411454396,0.48687602500000005,0.48626495992503155,28.582555902922405,28.77647821677293,18.366322359567274,28.378358771642258,23.076749671684837,23.277893831317517,23.153624273986587,22.992114941029808,18.2064433886397,23.28494682284255,23.161057671864874,22.999915285911484,1.0,0.0,0.6666666666666666,0.25,0.0,18.366322359567274,23.153624273986587,28.378358771642258,12.423429956221314,20.280016956951453,25.41543441034411,2.65177863824759e-16,7.182215340678638e-16,0.0,1.4989217138674584e-15,2.2929745957032613e-14,converged
2025-01-15T18:15:00+08:00,10.25,-12.166666666666666,39.72222222222223,4.347222222222222,56.2,56.2,46.8,46.8,50.0,60.0,85.0,42.929128305992876,14.327766214906092,14.003933063904677,14.597429027182107,81.52153321458924,1.2791112423502784,56.054594202626724,55.9,55.9,47.05214168318945,45.83716311918725,45.593214562168946,46.159715838522445,0.48899685,0.48710490288412683,28.582270394374774,28.776199205766403,18.356920273607624,28.378492043713727,23.071502299418384,23.27276449144658,23.14885403187603,22.987687644678914,18.19605219804264,23.279860570787676,23.156327213492958,22.995524903733344,1.0,0.0,0.6666666666666666,0.25,0.0,18.356920273607624,23.14885403187603,28.378492043713727,12.423429956221314,20.280016956951453,25.41543441034411,2.65177863824759e-16,9.559774179043962e-16,0.0,1.3292927520869519e-15,2.948025560812798e-14,converged
2025-01-15T18:20:00+08:00,10.333333333333334,-12.25,37.916666666666664,4.354166666666667,56.2,56.2,46.8,46.8,50.0,60.0,85.0,42.929128305992876,14.327766214906092,14.003933063904677,14.597429027182107,81.52153321458924,1.2791112423502784,56.2,55.9,55.9,47.153008465898566,45.835626401325506,45.59138097159037,46.19225574637102,0.491117675,0.48790033079532574,28.582055248608206,28.77595838959269,18.34749934987718,28.378694734659593,23.066006225944538,23.26737060136228,23.143847333376943,22.983054521456825,18.1853729393824,23.27450961195666,23.151360161452104,22.990928573349343,1.0,0.0,0.6666666666666666,0.25,0.0,18.34749934987718,23.143847333376943,28.378694734659593,12.423429956221314,20.280016956951453,25.41543441034411,2.65177863824759e-16,2.3860472001969407e-16,0.0,3.7633516673995066e-16,3.152416449756735e-14,converged
2025-01-15T18:25:00+08:00,10.416666666666666,-12.333333333333334,36.11111111111109,4.361111111111111,56.2,56.2,46.8,46.8,50.0,60.0,85.0,42.929128305992876,14.327766214906092,14.003933063904677,14.597429027182107,81.52153321458924,1.2791112423502784,56.2,56.18319898258291,55.9,47.15230175071666,46.03036071067644,45.589472500809435,46.25489530889711,0.4932385000000001,0.48937991622671,28.58162594025672,28.775486286000802,18.337804012726984,28.378722877068736,23.06081459599135,23.262236308263248,23.139102060195608,22.978689675942615,18.174407036698565,23.268894978112474,23.14615739190344,22.98612702117969,1.0,0.0,0.6666666666666666,0.25,0.0,18.337804012726984,23.139102060195608,28.378722877068736,12.423429956221314,20.280016956951453,25.41543441034411,2.65177863824759e-16,4.75766650681285e-16,0.0,1.7427807697708522e-15,2.7169247286224418e-14,converged
2025-01-15T18:30:00+08:00,10.5,-12.416666666666666,34.305555555555564,4.368055555555555,56.2,56.2,46.8,46.8,50.0,60.0,85.0,42.929128305992876,14.327766214906092,14.003933063904677,14.597429027182107,81.52153321458924,1.2791112423502784,56.2,56.2,56.17507393537936,47.15152824200486,46.04048792782788,45.77867329098724,46.32227574357573,0.49535932499999996,0.49095363178002416,28.58098320909112,28.774783651935213,18.327835484464575,28.378576987869433,23.055406723326133,23.25686845805406,23.134149668910624,22.97414681745131,18.163692641213668,23.263526426786417,23.1412031143061,22.981581328864284,1.0,0.0,0.6666666666666666,0.25,0.0,18.327835484464575,23.134149668910624,28.378576987869433,12.423429956221314,20.280016956951453,25.41543441034411,2.65177863824759e-16,1.1856040396814467e-16,0.0,2.354944501910243e-15,2.365020528847254e-14,converged
2025-01-15T18:35:00+08:00,10.583333333333334,-12.5,32.49999999999999,4.375,56.5,56.5,47.0,47.0,50.0,60.0,85.0,43.112586119266346,14.38899598505526,14.063778931699142,14.659811202511943,82.21978727035744,1.2955802848688027,56.2,56.2,56.2,47.18272314287927,46.07472828234782,45.830838910859946,46.36159489306618,0.49748015,0.4915108376570526,28.580166651109618,28.773887800512444,18.31764291972493,28.378291142046766,23.04979816856919,23.251281585517287,23.12900402589251,22.969439244009415,18.152794338368818,23.257984635784894,23.136099088840616,22.9769123619152,1.0,0.0,0.6666666666666666,0.25,0.0,18.31764291972493,23.12900402589251,28.378291142046766,12.370564296833141,20.193719012453787,25.30728362561924,2.1034066617058945e-16,0.0,0.0,4.1264079353828495e-15,2.6820050865881633e-14,converged
2025-01-15T18:40:00+08:00,10.666666666666666,-12.583333333333334,30.694444444444425,4.381944444444445,56.5,56.5,47.0,47.0,50.0,60.0,85.0,43.112586119266346,14.38899598505526,14.063778931699142,14.659811202511943,82.21978727035744,1.2955802848688027,56.2,56.2,56.2,47.18183169672794,46.073085370258674,45.82889171167659,46.360099317279065,0.49960097500000006,0.49158555420916794,28.579138009268693,28.77276280678115,18.307179391723395,28.377832194946123,23.043942405824005,23.245431952871925,23.123623322681503,22.96452683763392,18.141610490012997,23.25217992122797,23.13075985979259,22.972038435198805,1.0,0.0,0.6666666666666666,0.25,0.0,18.307179391723395,23.123623322681503,28.377832194946123,12.370564296833141,20.193719012453787,25.30728362561924,2.1034066617058945e-16,3.5522399152132275e-16,0.0,1.80615931694445e-15,2.2833020082877034e-14,converged
2025-01-15T18:45:00+08:00,10.75,-12.666666666666666,28.888888888888896,4.388888888888888,56.5,56.5,47.0,47.0,50.0,60.0,85.0,43.112586119266346,14.38899598505526,14.063778931699142,14.659811202511943,82.21978727035744,1.2955802848688027,56.35776614219001,56.2,56.2,47.29122168100502,46.07137021042858,45.826870385516976,46.39536183091722,0.5017217999999999,0.49245445841918545,28.578207214935603,28.771702359874283,18.29672431295583,28.377465721140155,23.037840451857377,23.23932058408098,23.118008429579426,22.959410320661426,18.130142508120446,23.24611330828143,23.125186298475708,22.96696027189821,1.0,0.0,0.6666666666666666,0.25,0.0,18.29672431295583,23.118008429579426,28.377465721140155,12.370564296833141,20.193719012453787,25.30728362561924,2.1034066617058945e-16,3.545972216414786e-16,0.0,8.864129909096915e-16,3.865069427713981e-14,converged
2025-01-15T18:50:00+08:00,10.833333333333334,-12.75,27.08333333333333,4.395833333333333,56.5,56.5,47.0,47.0,50.0,60.0,85.0,43.112586119266346,14.38899598505526,14.063778931699142,14.659811202511943,82.21978727035744,1.2955802848688027,56.5,56.2,56.2,47.389807172008545,46.0695830791683,45.8247752298063,46.426969719721185,0.503842625,0.4932469594485433,28.577343006917438,28.770676975540034,18.286249696715785,28.37716499671898,23.03149331925415,23.23294849911712,23.112160213665845,22.954090412881246,18.118391797683437,23.239785818113834,23.119379272975866,22.96167859264484,1.0,0.0,0.6666666666666666,0.25,0.0,18.286249696715785,23.112160213665845,28.37716499671898,12.370564296833141,20.193719012453787,25.30728362561924,2.1034066617058945e-16,9.440733052431884e-16,0.0,5.132748406298655e-16,2.6689459309777133e-14,converged
2025-01-15T18:55:00+08:00,10.916666666666666,-12.833333333333334,25.27777777777776,4.402777777777778,56.5,56.5,47.0,47.0,50.0,60.0,85.0,43.112586119266346,14.38899598505526,14.063778931699142,14.659811202511943,82.21978727035744,1.2955802848688027,56.5,56.488376859252774,56.2,47.388882129024346,46.26797130974762,45.82260654075489,46.49063987854879,0.5059634500000001,0.4947657645681313,28.576266879701848,28.769422872997684,18.27550537389952,28.37669121510096,23.02546462503701,23.226849767138166,23.1065859868018,22.949050203891012,18.106359756746784,23.233198467912107,23.11333964816313,22.956194115527435,1.0,0.0,0.6666666666666666,0.25,0.0,18.27550537389952,23.1065859868018,28.37669121510096,12.370564296833141,20.193719012453787,25.30728362561924,2.1034066617058945e-16,1.1764690502439154e-16,0.0,3.5302949939131507e-15,2.455478621164626e-14,converged
2025-01-15T19:00:00+08:00,11.0,-12.916666666666666,23.47222222222223,4.409722222222222,56.5,56.5,47.0,47.0,50.0,60.0,85.0,43.112586119266346,14.38899598505526,14.063778931699142,14.659811202511943,82.21978727035744,1.2955802848688027,56.5,56.5,56.48156298246284,47.3878913366087,46.274274319636824,46.01636336475292,46.55824951069986,0.508084275,0.4963606049718249,28.574979565608054,28.76794080108772,18.26449254618967,28.376044889006177,23.01921308032659,23.22051171273862,23.10079866130875,22.943825742878598,18.094597542622484,23.226873358623553,23.10756336439645,22.950979098701886,1.0,0.0,0.6666666666666666,0.25,0.0,18.26449254618967,23.10079866130875,28.376044889006177,12.370564296833141,20.193719012453787,25.30728362561924,2.1034066617058945e-16,8.208822825844536e-16,0.0,1.8267075839873524e-15,2.7287831426148434e-14,converged
2025-01-15T19:05:00+08:00,11.083333333333334,-13.0,21.66666666666666,4.416666666666667,56.8,56.8,47.2,47.2,50.0,60.0,85.0,43.29604393253983,14.450225755204437,14.123624799493609,14.722193377841785,82.92101895536132,1.3121900875812469,56.5,56.5,56.5,47.41898513211332,46.30837849348987,46.06389273539719,46.595914002830305,0.5102051000000001,0.4968976474149234,28.57352078953996,28.76626819715479,18.253260445243136,28.375260200041435,23.01276445455477,23.21395854327517,23.094821289860832,22.938439073828157,18.082644128280716,23.22036691100015,23.10162913326124,22.9456324522292,1.0,0.0,0.6666666666666666,0.25,0.0,18.253260445243136,23.094821289860832,28.375260200041435,12.318146651507572,20.10815240646881,25.200049372968305,3.649833157897138e-16,5.857107717886052e-16,0.0,7.390381472023634e-16,2.7307815005338946e-14,converged
2025-01-15T19:10:00+08:00,11.166666666666666,-13.083333333333334,19.861111111111093,4.423611111111111,56.8,56.8,47.2,47.2,50.0,60.0,85.0,43.29604393253983,14.450225755204437,14.123624799493609,14.722193377841785,82.92101895536132,1.3121900875812469,56.5,56.5,56.5,47.417879221805656,46.306490452771946,46.06168971759888,46.59417989782812,0.5123259250000001,0.4969846491530146,28.57185215107905,28.764368996421986,18.24176202698382,28.374303888773746,23.006072085325556,23.207146388292788,23.08861194544276,22.932849973324966,18.070410402829104,23.213601309985744,23.09546278173075,22.94008324371322,1.0,0.0,0.6666666666666666,0.25,0.0,18.24176202698382,23.08861194544276,28.374303888773746,12.318146651507572,20.10815240646881,25.200049372968305,3.649833157897138e-16,2.3424329509037243e-16,0.0,2.0249046519888696e-15,2.7049525485528444e-14,converged
2025-01-15T19:15:00+08:00,11.25,-13.166666666666666,18.05555555555556,4.430555555555555,56.8,56.8,47.2,47.2,50.0,60.0,85.0,43.29604393253983,14.450225755204437,14.123624799493609,14.722193377841785,82.92101895536132,1.3121900875812469,56.66091120090954,56.5,56.5,47.52942660535609,46.30453138081843,46.05941389466485,46.629996347353334,0.51444675,0.4978821225811503,28.570289957097476,28.762542927515685,18.230282425143354,28.373446998073423,22.999136975501063,23.20007625739238,23.0821714872216,22.927059155482574,18.05789775275295,23.206577566391577,23.08906516999118,22.934332188121463,1.0,0.0,0.5833333333333334,0.25,0.0,18.230282425143354,23.0821714872216,28.373446998073423,12.318146651507572,20.10815240646881,25.200049372968305,3.649833157897138e-16,2.3382105230733643e-16,0.0,1.4580748880600894e-15,4.340945691177084e-14,converged
2025-01-15T19:20:00+08:00,11.333333333333334,-13.25,16.249999999999993,4.4375,56.8,56.8,47.2,47.2,50.0,60.0,85.0,43.29604393253983,14.450225755204437,14.123624799493609,14.722193377841785,82.92101895536132,1.3121900875812469,56.8,56.5,56.5,47.62574828743287,46.30250154936705,46.05706555871713,46.66068341935086,0.5165675750000001,0.4986715309752217,28.568790569272604,28.760748779457675,18.21878250009872,28.372652197237638,22.991960123817208,23.192749156239127,23.075500771182284,22.92106733189537,18.04510755767966,23.199296687086274,23.08243715504108,22.928379997897874,1.0,0.0,0.5833333333333334,0.25,0.0,18.21878250009872,23.075500771182284,28.372652197237638,12.318146651507572,20.10815240646881,25.200049372968305,3.649833157897138e-16,1.050529087146218e-15,0.0,2.4744292591913655e-15,3.239367925767725e-14,converged
2025-01-15T19:25:00+08:00,11.416666666666666,-13.333333333333334,14.444444444444425,4.444444444444445,56.8,56.8,47.2,47.2,50.0,60.0,85.0,43.29604393253983,14.450225755204437,14.123624799493609,14.722193377841785,82.92101895536132,1.3121900875812469,56.8,56.79351085561187,56.5,47.62461138848497,46.50452989337727,46.05464500068462,46.725384669288,0.5186884,0.5002290927713946,28.567081459451675,28.758728432704867,18.207017451372185,28.371685804069642,22.98511554532513,23.18570900562299,23.069116472478708,22.915366513457936,18.032041190412684,23.191759675011234,23.07557959070316,22.922227382971748,1.0,0.0,0.5833333333333334,0.25,0.0,18.207017451372185,23.069116472478708,28.371685804069642,12.318146651507572,20.10815240646881,25.200049372968305,3.649833157897138e-16,4.654480257514201e-16,0.0,9.896505085312383e-17,2.115067192504586e-14,converged
2025-01-15T19:30:00+08:00,11.5,-13.416666666666666,12.638888888888895,4.451388888888888,56.8,56.8,47.2,47.2,50.0,60.0,85.0,43.29604393253983,14.450225755204437,14.123624799493609,14.722193377841785,82.92101895536132,1.3121900875812469,56.8,56.8,56.78799703762191,47.6234097589761,46.507035550062476,46.252939706066876,46.79322823809621,0.5208092249999999,0.501844722806287,28.565163352653492,28.756482628147452,18.194988460559497,28.370548327154665,22.9780414951309,23.178423747691976,23.06251309097499,22.90947521465118,18.019262721860105,23.184500886709355,23.06900006477074,22.9163576984935,1.0,0.0,0.5833333333333334,0.25,0.0,18.194988460559497,23.06251309097499,28.370548327154665,12.318146651507572,20.10815240646881,25.200049372968305,3.649833157897138e-16,1.971785675050142e-15,0.0,3.2478508925840625e-15,2.4361257575697462e-14,converged
2025-01-15T19:35:00+08:00,11.583333333333334,-13.5,10.833333333333327,4.458333333333333,57.1,57.1,47.4,47.4,50.0,60.0,85.0,43.4795017458133,14.511455525353606,14.183470667288072,14.78457555317162,83.62522826960084,1.3289412494671582,56.8,56.8,56.8,47.654411002019806,46.54101394221361,46.295868289622184,46.82925637807303,0.52293005,0.5023615945918004,28.5630761049735,28.754048930547732,18.182744841721675,28.36927405570367,22.97077388396615,23.17092719943909,23.055722804884443,22.90342416649617,18.006285702439413,23.177052664349645,23.06225440870023,22.910348058374968,1.0,0.0,0.5833333333333334,0.25,0.0,18.182744841721675,23.055722804884443,28.36927405570367,12.266171349180537,20.023307881547,25.093720050719494,5.170139796538483e-17,1.042812495742001e-15,0.0,5.307821960504242e-16,2.6019260518294366e-14,converged
2025-01-15T19:40:00+08:00,11.666666666666666,-13.583333333333334,9.027777777777759,4.465277777777778,57.1,57.1,47.4,47.4,50.0,60.0,85.0,43.4795017458133,14.511455525353606,14.183470667288072,14.78457555317162,83.62522826960084,1.3289412494671582,56.8,56.8,56.8,47.65309699719354,46.53888833446789,46.29341766533629,46.8272911288364,0.525050875,0.5024606108515421,28.560781170593536,28.751391132373968,18.170239429103408,28.367829614646375,22.963265909389538,23.163175353399794,23.048703565394984,22.897173038028953,17.99303345325774,23.169348971981588,23.055279647840297,22.90413820366512,0.9166666666666666,0.0,0.5833333333333334,0.25,0.08333333333333333,18.170239429103408,23.048703565394984,28.367829614646375,12.266171349180537,20.023307881547,25.093720050719494,5.170139796538483e-17,8.10916552650251e-16,0.0,2.8783275168036496e-15,2.5471930393215756e-14,converged
2025-01-15T19:45:00+08:00,11.75,-13.666666666666666,7.2222222222222285,4.472222222222222,57.1,57.1,47.4,47.4,50.0,60.0,85.0,43.4795017458133,14.511455525353606,14.183470667288072,14.78457555317162,83.62522826960084,1.3289412494671582,56.96402971904918,56.8,56.8,47.76679497818782,46.536692881684395,46.290895522854214,46.86366448144583,0.5271716999999999,0.503386268478615,28.55860118683954,28.748814959083838,18.1577630374872,28.36649147649798,22.95551856069387,23.155169205138925,23.04145622077952,22.890722535310033,17.97950733605108,23.16139080638786,23.04807663149022,22.897728841285776,0.9166666666666666,0.0,0.5833333333333334,0.25,0.08333333333333333,18.1577630374872,23.04145622077952,28.36649147649798,12.266171349180537,20.023307881547,25.093720050719494,5.170139796538483e-17,9.250575879137663e-16,0.0,1.6294414182881616e-15,4.1287344676172035e-14,converged
2025-01-15T19:50:00+08:00,11.833333333333334,-13.75,5.41666666666666,4.479166666666667,57.1,57.1,47.4,47.4,50.0,60.0,85.0,43.4795017458133,14.511455525353606,14.183470667288072,14.78457555317162,83.62522826960084,1.3289412494671582,57.1,56.8,56.8,47.86087008761392,46.5344278511406,46.288302149135795,46.893441704977334,0.529292525,0.5041724231241435,28.556480225825368,28.74626755591845,18.14526545365239,28.36521177870942,22.947532823100207,23.146909746339,23.033981616168102,22.88407336190831,17.96570870581804,23.15317916046193,23.040646205800883,22.89112067566275,0.9166666666666666,0.0,0.5833333333333334,0.25,0.08333333333333333,18.14526545365239,23.033981616168102,28.36521177870942,12.266171349180537,20.023307881547,25.093720050719494,5.170139796538483e-17,0.0,0.0,6.260877898656791e-16,2.4049671717994556e-14,converged
2025-01-15T19:55:00+08:00,11.916666666666666,-13.833333333333334,3.611111111111091,4.486111111111111,57.1,57.1,47.4,47.4,50.0,60.0,85.0,43.4795017458133,14.511455525353606,14.183470667288072,14.78457555317162,83.62522826960084,1.3289412494671582,57.1,57.09860152710719,56.8,47.85952763047218,46.74008244098623,46.28563782996881,46.95917438113006,0.5314133500000001,0.505768286316065,28.55415169470645,28.74349642475878,18.13250720821708,28.363761927404205,22.93989303619861,23.13895067983045,23.026805723845396,22.87772638696109,17.95163891085321,23.144715023223245,23.032989213786472,22.884314408734653,0.9166666666666666,0.0,0.5833333333333334,0.25,0.08333333333333333,18.13250720821708,23.026805723845396,28.363761927404205,12.266171349180537,20.023307881547,25.093720050719494,5.170139796538483e-17,5.754380265461351e-16,0.0,9.915010375549409e-16,2.5053514292476838e-14,converged
2025-01-15T20:00:00+08:00,12.0,-13.916666666666666,1.8055555555555614,4.493055555555555,57.1,57.1,47.4,47.4,50.0,60.0,85.0,43.4795017458133,14.511455525353606,14.183470667288072,14.78457555317162,83.62522826960084,1.3289412494671582,57.1,57.1,57.09437679695684,47.858121437058685,46.73881726005297,46.488452209441206,47.02725643883277,0.5335341749999999,0.5074043771595548,28.55161631134959,28.740502298695798,18.119489463214794,28.362142427104928,22.932017144169503,23.13074070271812,23.01940476163373,22.871182714346602,17.937874844133223,23.136544919912264,23.02562480808633,22.877804413960853,0.9166666666666666,0.0,0.5833333333333334,0.25,0.08333333333333333,18.119489463214794,23.01940476163373,28.362142427104928,12.266171349180537,20.023307881547,25.093720050719494,5.170139796538483e-17,3.441495395012951e-16,0.0,3.820096378841997e-15,3.665158512614661e-14,converged
2025-01-15T20:05:00+08:00,12.083333333333334,-14.0,0.0,4.5,57.4,57.4,47.6,47.6,50.0,60.0,85.0,43.66295955908678,14.57268529550278,14.243316535082538,14.846957728501463,84.33241521307608,1.3458343695060875,57.1,57.1,57.1,47.8890383537277,46.77267987300656,46.52681486310864,47.06166608775381,0.535655,0.5079010723965774,28.548914065153458,28.737322872896186,18.106261620157827,28.360387675513483,22.923951132006042,23.122323179105216,23.011819972965114,22.864481703677825,17.923904821088716,23.128177290461576,23.018086106530543,22.871146166590922,0.9166666666666666,0.0,0.5833333333333334,0.25,0.08333333333333333,18.106261620157827,23.011819972965114,28.360387675513483,12.214632814099947,19.939176335826215,24.988284252187054,2.5633922589486087e-16,8.022302935326851e-16,1.1246853929879926e-16,3.380090955546016e-15,2.2772567536072822e-14,converged
2025-01-15T20:10:00+08:00,12.166666666666666,-14.0,0.0,4.493055555555555,57.4,57.4,47.6,47.6,50.0,60.0,85.0,43.66295955908678,14.57268529550278,14.243316535082538,14.846957728501463,84.33241521307608,1.3458343695060875,57.1,57.1,57.1,47.88755693297603,46.77036293012434,46.524165306420095,47.059514903171454,0.535655,0.5080099140595321,28.546221168199107,28.73415386927882,18.093092763365494,28.35863812900658,22.915918329351175,23.113938491771883,23.004263295478125,22.857804348120506,17.910003935956865,23.119842320489884,23.010575360612332,22.864511436218383,0.9166666666666666,0.0,0.5833333333333334,0.25,0.08333333333333333,18.093092763365494,23.004263295478125,28.35863812900658,12.214632814099947,19.939176335826215,24.988284252187054,2.5633922589486087e-16,1.1457977354876234e-16,1.1246853929879926e-16,5.065604930223732e-15,2.66034332926938e-14,converged
2025-01-15T20:15:00+08:00,12.25,-14.0,0.0,4.486111111111112,57.4,57.4,47.6,47.6,50.0,60.0,85.0,43.66295955908678,14.57268529550278,14.243316535082538,14.846957728501463,84.33241521307608,1.3458343695060875,57.26712203115401,57.1,57.1,48.003501906927326,46.76805485683889,46.52152666409441,47.09656184648132,0.535655,0.5089576151583282,28.54386580015572,28.731306207172405,18.080277938100803,28.357175135517267,22.907918599474204,23.10558651262567,22.996734624985482,22.851150564170183,17.896171846572816,23.11153988252482,23.003092466664288,22.85790013978096,0.9166666666666666,0.0,0.5,0.25,0.08333333333333333,18.080277938100803,22.996734624985482,28.357175135517267,12.214632814099947,19.939176335826215,24.988284252187054,2.5633922589486087e-16,1.1436642105327372e-16,1.1246853929879926e-16,3.3461785868786617e-15,2.2464747563198986e-14,converged
2025-01-15T20:20:00+08:00,12.333333333333334,-14.0,0.0,4.479166666666667,57.4,57.4,47.6,47.6,50.0,60.0,85.0,43.66295955908678,14.57268529550278,14.243316535082538,14.846957728501463,84.33241521307608,1.3458343695060875,57.4,57.103649419850434,57.1,48.09551925519974,46.768300480285745,46.51889889025989,47.126459588566235,0.535655,0.5097490039593728,28.541779089267532,28.728714711866903,18.06775453151937,28.355939860367474,22.899958955415503,23.097273887016758,22.989240291989496,22.844526396531812,17.882408212465087,23.103269849591545,22.995637321403425,22.851312194509756,0.9166666666666666,0.0,0.4166666666666667,0.25,0.08333333333333333,18.06775453151937,22.989240291989496,28.355939860367474,12.214632814099947,19.939176335826215,24.988284252187054,2.5633922589486087e-16,7.993220648386907e-16,1.1246853929879926e-16,2.117131910891562e-15,4.872485861652169e-14,converged
2025-01-15T20:25:00+08:00,12.416666666666666,-14.0,0.0,4.472222222222222,57.4,57.4,47.6,47.6,50.0,60.0,85.0,43.66295955908678,14.57268529550278,14.243316535082538,14.846957728501463,84.33241521307608,1.3458343695060875,57.4,57.4,57.10070294486878,48.09421747895326,46.972748333243146,46.51677332687871,47.19199538797725,0.535655,0.5113365038919541,28.5396995979897,28.72613171150296,18.055286969943925,28.35470824938965,22.892611437318422,23.089542610823223,22.9822952626897,22.83842235027581,17.868714073529304,23.09503340133231,22.988211062745467,22.8447486996577,0.9166666666666666,0.0,0.4166666666666667,0.25,0.08333333333333333,18.055286969943925,22.9822952626897,28.35470824938965,12.214632814099947,19.939176335826215,24.988284252187054,2.5633922589486087e-16,7.968404823301393e-16,1.1246853929879926e-16,6.850013465211151e-16,2.970355678062028e-14,converged
2025-01-15T20:30:00+08:00,12.5,-14.0,0.0,4.465277777777778,57.4,57.4,47.6,47.6,50.0,60.0,85.0,43.66295955908678,14.57268529550278,14.243316535082538,14.846957728501463,84.33241521307608,1.3458343695060875,57.4,57.4,57.4,48.09292098247269,46.97063069195514,46.723469804959464,47.261156027402926,0.535655,0.5129864947271279,28.53762730134379,28.72355717823409,18.0428750043476,28.353480291714828,22.885294170535182,23.081841493897212,22.975375973458423,22.832339851798444,17.855673263136797,23.087384129739657,22.981339672134148,22.83871065009635,0.9166666666666666,0.0,0.4166666666666667,0.25,0.08333333333333333,18.0428750043476,22.975375973458423,28.353480291714828,12.214632814099947,19.939176335826215,24.988284252187054,2.5633922589486087e-16,3.404046393722103e-16,1.1246853929879926e-16,3.404046393722102e-16,3.059015890587342e-14,converged
2025-01-15T20:35:00+08:00,12.583333333333334,-14.0,0.0,4.458333333333333,57.4,57.4,47.6,47.6,50.0,60.0,85.0,43.66295955908678,14.57268529550278,14.243316535082538,14.846957728501463,84.33241521307608,1.3458343695060875,57.4,57.4,57.4,48.0916297439234,46.96852115736907,46.72103672578154,47.259209585695025,0.535655,0.513084977188405,28.535562174437786,28.72099108430509,18.030518386814002,28.35225597650629,22.87800703051461,23.074170418589144,22.968482328896343,22.826278825034308,17.842696991965667,23.07976471382195,22.974493762582686,22.832693926987425,0.9166666666666666,0.0,0.4166666666666667,0.25,0.08333333333333333,18.030518386814002,22.968482328896343,28.35225597650629,12.214632814099947,19.939176335826215,24.988284252187054,2.5633922589486087e-16,4.537857353176297e-16,1.1246853929879926e-16,4.537857353176295e-16,2.9933542167084505e-14,converged
2025-01-15T20:40:00+08:00,12.666666666666666,-14.0,0.0,4.451388888888889,57.4,57.4,47.6,47.6,50.0,60.0,85.0,43.66295955908678,14.57268529550278,14.243316535082538,14.846957728501463,84.33241521307608,1.3458343695060875,57.4,57.4,57.4,48.090343741562535,46.96641969834777,46.71861368596368,47.257270939659,0.535655,0.5131830652186795,28.533504192465795,28.718433402051748,18.018216870532257,28.35103529295946,22.87074989321834,23.06652926770838,22.961614233957704,22.820239194186513,17.829784940610065,23.072175037050272,22.967673239600103,22.82669845500568,0.9166666666666666,0.0,0.4166666666666667,0.25,0.08333333333333333,18.018216870532257,22.961614233957704,28.35103529295946,12.214632814099947,19.939176335826215,24.988284252187054,2.5633922589486087e-16,1.1342475007171902e-15,1.1246853929879926e-16,1.134247500717189e-15,2.845689667714546e-14,converged
2025-01-15T20:45:00+08:00,12.75,-14.0,0.0,4.444444444444445,57.4,57.4,47.6,47.6,50.0,60.0,85.0,43.66295955908678,14.57268529550278,14.243316535082538,14.846957728501463,84.33241521307608,1.3458343695060875,57.4,57.4,57.4,48.08906295373866,46.96432628387407,46.71620064323817,47.25534005757795,0.535655,0.5132807604227058,28.53145333070775,28.715884103900517,18.00597020979209,28.349818230301814,22.86352263511869,23.058917924521435,22.954771593949015,22.814220883725735,17.816936791244892,23.064614983350527,22.96087800904582,22.820724159091917,0.9166666666666666,0.0,0.4166666666666667,0.25,0.08333333333333333,18.00597020979209,22.954771593949015,28.349818230301814,12.214632814099947,19.939176335826215,24.988284252187054,2.5633922589486087e-16,1.1340316139169377e-16,1.1246853929879926e-16,1.1340316139169374e-16,1.8752648763763695e-14,converged
2025-01-15T20:50:00+08:00,12.833333333333334,-14.0,0.0,4.4375,57.4,57.4,47.6,47.6,50.0,60.0,85.0,43.66295955908678,14.57268529550278,14.243316535082538,14.846957728501463,84.33241521307608,1.3458343695060875,57.4,57.4,57.4,48.08778735889129,46.962240883050306,46.71379755551893,47.25341690786607,0.535655,0.513378064398603,28.5294095645291,28.71334316236825,17.9937781599789,28.348604777792783,22.856325133196584,23.051336272750195,22.94795431452775,22.80822381838928,17.804152227617966,23.057084437101665,22.954107977128363,22.814770964452048,0.8333333333333334,0.0,0.4166666666666667,0.25,0.16666666666666666,17.9937781599789,22.94795431452775,28.348604777792783,12.214632814099947,19.939176335826215,24.988284252187054,2.5633922589486087e-16,1.1338166733254332e-16,1.1246853929879926e-16,1.1338166733254332e-16,3.0815626356313716e-14,converged
2025-01-15T20:55:00+08:00,12.916666666666666,-14.0,0.0,4.430555555555555,57.4,57.4,47.6,47.6,50.0,60.0,85.0,43.66295955908678,14.57268529550278,14.243316535082538,14.846957728501463,84.33241521307608,1.3458343695060875,57.4,57.4,57.4,48.08651693555061,46.96016346509788,46.71140438090075,47.25150145906815,0.535655,0.5134749787378833,28.52737286938054,28.710810550061883,17.981640477568888,28.347394924723652,22.84915726493943,23.043784196570144,22.941162301701027,22.802247923180133,17.791430935042246,23.049583283133916,22.947363050404057,22.808838796556163,0.8333333333333334,0.0,0.4166666666666667,0.25,0.16666666666666666,17.981640477568888,22.941162301701027,28.347394924723652,12.214632814099947,19.939176335826215,24.988284252187054,2.5633922589486087e-16,4.534410697599427e-16,1.1246853929879926e-16,4.534410697599425e-16,2.7519717331421352e-14,converged
2025-01-15T21:00:00+08:00,13.0,-14.0,0.0,4.423611111111112,57.4,57.4,47.6,47.6,50.0,60.0,85.0,43.66295955908678,14.57268529550278,14.243316535082538,14.846957728501463,84.33241521307608,1.3458343695060875,57.4,57.4,57.4,48.08525166233702,46.95809399935681,46.70902107765849,47.24959367985904,0.535655,0.51357150502548,28.525343220797687,28.70828623967815,17.969556920124194,28.346188660417475,22.842018908339043,23.036261580608585,22.934395461824344,22.79629312336603,17.778772600388088,23.042111406727024,22.940643135775744,22.802927581137585,0.8333333333333334,0.0,0.4166666666666667,0.25,0.16666666666666666,17.969556920124194,22.934395461824344,28.346188660417475,12.214632814099947,19.939176335826215,24.988284252187054,2.5633922589486087e-16,4.533558450489152e-16,1.1246853929879926e-16,4.533558450489149e-16,2.583478528366395e-14,converged
2025-01-15T21:05:00+08:00,13.083333333333334,-14.0,0.0,4.416666666666667,57.4,57.4,47.6,47.6,50.0,60.0,85.0,43.66295955908678,14.57268529550278,14.243316535082538,14.846957728501463,84.33241521307608,1.3458343695060875,57.4,57.4,57.4,48.08399151796075,46.95603245528524,46.7066476042463,47.24769353904305,0.535655,0.513667644839774,28.523320594400808,28.705770204003283,17.95752724628804,28.344985974228976,22.834909941889585,23.028768309942887,22.927653701600256,22.790359344478514,17.766176912075522,23.034668693608495,22.933948140491502,22.79703724419195,0.8333333333333334,0.0,0.4166666666666667,0.25,0.16666666666666666,17.95752724628804,22.927653701600256,28.344985974228976,12.214632814099947,19.939176335826215,24.988284252187054,2.5633922589486087e-16,5.665887417497733e-16,1.1246853929879926e-16,5.66588741749773e-16,2.441954116662168e-14,converged
2025-01-15T21:10:00+08:00,13.166666666666666,-14.0,0.0,4.409722222222222,57.4,57.4,47.6,47.6,50.0,60.0,85.0,43.66295955908678,14.57268529550278,14.243316535082538,14.846957728501463,84.33241521307608,1.3458343695060875,57.4,57.4,57.4,48.08273648122151,46.95397880245902,46.70428391929682,47.24580100555345,0.535655,0.5137633997526231,28.52130496589452,28.70326241591273,17.945551215779926,28.343786855544458,22.827830244585478,23.02130427009872,22.920936928077108,22.784446512312005,17.753643560066603,23.02725502995185,22.92727797214335,22.791167711976286,0.8333333333333334,0.0,0.4166666666666667,0.25,0.16666666666666666,17.945551215779926,22.920936928077108,28.343786855544458,12.214632814099947,19.939176335826215,24.988284252187054,2.5633922589486087e-16,2.2659325651260633e-16,1.1246853929879926e-16,2.2659325651260633e-16,2.2442117494191668e-14,converged
2025-01-15T21:15:00+08:00,13.25,-14.0,0.0,4.402777777777778,57.4,57.4,47.6,47.6,50.0,60.0,85.0,43.66295955908678,14.57268529550278,14.243316535082538,14.846957728501463,84.33241521307608,1.3458343695060875,57.4,57.4,57.4,48.081486531008075,46.95193301057122,46.701929981620395,47.2439160484519,0.535655,0.5138587713293875,28.51929631106749,28.700762848370836,17.933628589390814,28.342591293781705,22.820779695919345,23.013869347048324,22.914245048647743,22.77855455292288,17.74117223585776,23.01987030237488,22.92063253866599,22.78531891100807,0.8333333333333334,0.0,0.4166666666666667,0.25,0.16666666666666666,17.933628589390814,22.914245048647743,28.342591293781705,12.214632814099947,19.939176335826215,24.988284252187054,2.5633922589486087e-16,1.1327560053685615e-16,1.1246853929879926e-16,1.1327560053685615e-16,2.8104015378054364e-14,converged
2025-01-15T21:20:00+08:00,13.333333333333334,-14.0,0.0,4.395833333333333,57.4,57.4,47.6,47.6,50.0,60.0,85.0,43.66295955908678,14.57268529550278,14.243316535082538,14.846957728501463,84.33241521307608,1.3458343695060875,57.4,57.4,57.4,48.08024164629796,46.949895049431696,46.699585750204314,47.24203863692794,0.535655,0.5139537611289586,28.517294605792156,28.698271474430587,17.921759128978366,28.34139927838989,22.813758175879972,23.00646342720874,22.907577971048237,22.77268339262854,17.728762632472225,23.01251439793792,22.914011748335525,22.779490768064324,0.8333333333333334,0.0,0.4166666666666667,0.25,0.16666666666666666,17.921759128978366,22.907577971048237,28.34139927838989,12.214632814099947,19.939176335826215,24.988284252187054,2.5633922589486087e-16,3.3976399424886538e-16,1.1246853929879926e-16,3.3976399424886538e-16,2.2652179987121535e-14,converged
2025-01-15T21:25:00+08:00,13.416666666666666,-14.0,0.0,4.388888888888889,57.4,57.4,47.6,47.6,50.0,60.0,85.0,43.66295955908678,14.57268529550278,14.243316535082538,14.846957728501463,84.33241521307608,1.3458343695060875,57.4,57.4,57.4,48.07900180615695,46.94786488896662,46.69725118421201,47.2401687402984,0.535655,0.5140483707037853,28.515299826024435,28.69578826723329,17.90994259746218,28.340210798849483,22.80676556495025,22.9990863974401,22.900935603356615,22.766832958006493,17.71641444445245,23.005187204142118,22.907415509768196,22.773683210180696,0.8333333333333334,0.0,0.3333333333333333,0.25,0.16666666666666666,17.90994259746218,22.900935603356615,28.340210798849483,12.214632814099947,19.939176335826215,24.988284252187054,2.5633922589486087e-16,7.92636743185132e-16,1.1246853929879926e-16,7.926367431851314e-16,2.7909674918986348e-14,converged
2025-01-15T21:30:00+08:00,13.5,-14.0,0.0,4.381944444444445,57.4,57.4,47.6,47.6,50.0,60.0,85.0,43.66295955908678,14.57268529550278,14.243316535082538,14.846957728501463,84.33241521307608,1.3458343695060875,57.4,57.4,57.4,48.07776698973885,46.945842499218074,46.69492624298231,47.23830632800698,0.535655,0.5141426015999017,28.513311947803427,28.6933132000083,17.898178758819054,28.33902584467216,22.799801744105153,22.991738145043882,22.89431785399159,22.761003175893435,17.704127367852614,22.997888608927703,22.90084373191912,22.767896164650548,0.8333333333333334,0.0,0.25,0.25,0.16666666666666666,17.898178758819054,22.89431785399159,28.33902584467216,12.214632814099947,19.939176335826215,24.988284252187054,2.5633922589486087e-16,5.66065336079306e-16,1.1246853929879926e-16,5.66065336079306e-16,2.2066824595133395e-14,converged
2025-01-15T21:35:00+08:00,13.583333333333334,-14.0,0.0,4.375,57.4,57.4,47.6,47.6,50.0,60.0,85.0,43.66295955908678,14.57268529550278,14.243316535082538,14.846957728501463,84.33241521307608,1.3458343695060875,57.4,57.4,57.4,48.076537176284965,46.94382785034352,46.69261088602868,47.23645136962353,0.535655,0.5142364553569528,28.511330947251132,28.690846246072727,17.88646737807827,28.33784440540071,22.792866594809706,22.984418557761202,22.8877246317113,22.755193973384333,17.69190110023112,22.99061850067229,22.89429632408104,22.762129559024036,0.8333333333333334,0.0,0.25,0.25,0.16666666666666666,17.88646737807827,22.8877246317113,28.33784440540071,12.214632814099947,19.939176335826215,24.988284252187054,2.5633922589486087e-16,3.395772137920272e-16,1.1246853929879926e-16,3.3957721379202705e-16,2.8223027552985556e-14,converged
2025-01-15T21:40:00+08:00,13.666666666666666,-14.0,0.0,4.368055555555555,57.4,57.4,47.6,47.6,50.0,60.0,85.0,43.66295955908678,14.57268529550278,14.243316535082538,14.846957728501463,84.33241521307608,1.3458343695060875,57.4,57.4,57.4,48.075312345123855,46.94182091261545,46.690305073038395,47.23460383484373,0.535655,0.5143299335082234,28.50935680057217,28.68838737883114,17.874808221316904,28.336666470608932,22.785959999016963,22.977127523771085,22.88115584561205,22.749405277831514,17.67973534064317,22.983376768189167,22.887773195883057,22.756383321107215,0.8333333333333334,0.0,0.25,0.25,0.16666666666666666,17.874808221316904,22.88115584561205,28.336666470608932,12.214632814099947,19.939176335826215,24.988284252187054,2.5633922589486087e-16,3.395154965010611e-16,1.1246853929879926e-16,3.395154965010611e-16,2.8371244124041833e-14,converged
2025-01-15T21:45:00+08:00,13.75,-14.0,0.0,4.361111111111112,57.4,57.4,47.6,47.6,50.0,60.0,85.0,43.66295955908678,14.57268529550278,14.243316535082538,14.846957728501463,84.33241521307608,1.3458343695060875,57.4,57.4,57.4,48.074092475670895,46.939821656420875,46.688008763871856,47.232763693488394,0.535655,0.5144230375806628,28.507389484053483,28.6859365717753,17.863201055655157,28.335492029901562,22.779081839166007,22.96986493168876,22.874611405127048,22.743637016843756,17.667629789633338,22.976163300725588,22.8812742572894,22.750657378961126,0.8333333333333334,0.0,0.25,0.25,0.16666666666666666,17.863201055655157,22.874611405127048,28.335492029901562,12.214632814099947,19.939176335826215,24.988284252187054,2.5633922589486087e-16,1.1315134949480234e-16,1.1246853929879926e-16,1.1315134949480234e-16,2.4265417157575514e-14,converged
2025-01-15T21:50:00+08:00,13.833333333333334,-14.0,0.0,4.354166666666667,57.4,57.4,47.6,47.6,50.0,60.0,85.0,43.66295955908678,14.57268529550278,14.243316535082538,14.846957728501463,84.33241521307608,1.3458343695060875,57.4,57.4,57.4,48.0728775474279,46.9378300522609,46.68572191856177,47.23093091550304,0.535655,0.5145157690949124,28.505428974064053,28.683493798483855,17.851645649251694,28.334321072914165,22.772231998179944,22.962630670563975,22.86809122002518,22.73788911828539,17.65558414922822,22.96897798796108,22.87479941859818,22.7449516609009,0.8333333333333334,0.0,0.25,0.25,0.16666666666666666,17.851645649251694,22.86809122002518,28.334321072914165,12.214632814099947,19.939176335826215,24.988284252187054,2.5633922589486087e-16,2.262619123058593e-16,1.1246853929879926e-16,2.2626191230585926e-16,3.217945321569873e-14,converged
2025-01-15T21:55:00+08:00,13.916666666666666,-14.0,0.0,4.347222222222222,57.4,57.4,47.6,47.6,50.0,60.0,85.0,43.66295955908678,14.57268529550278,14.243316535082538,14.846957728501463,84.33241521307608,1.3458343695060875,57.4,57.4,57.4,48.071667539982826,46.935846070750294,46.68344449731243,47.229105470957336,0.535655,0.514608129565332,28.503475247054627,28.681059032622063,17.840141771299024,28.333153589313053,22.76541035946391,22.955424629879275,22.861595200409738,22.73216151027539,17.64359812292907,22.96182072000576,22.868348590440135,22.73926609549486,0.8333333333333334,0.0,0.25,0.25,0.16666666666666666,17.840141771299024,22.861595200409738,28.333153589313053,12.214632814099947,19.939176335826215,24.988284252187054,2.5633922589486087e-16,2.262213034319259e-16,1.1246853929879926e-16,2.262213034319259e-16,2.826550883020465e-14,converged
2025-01-15T22:00:00+08:00,14.0,-14.0,0.0,4.340277777777778,57.4,57.4,47.6,47.6,50.0,60.0,85.0,43.66295955908678,14.57268529550278,14.243316535082538,14.846957728501463,84.33241521307608,1.3458343695060875,57.4,57.4,57.4,48.070462433009304,46.93386968261704,46.68117646049895,47.22728733004457,0.535655,0.5147001205000263,28.501528279557423,28.678632247941504,17.828689192018878,28.33198956879519,22.75861680690309,22.94824669954833,22.855123256717206,22.726454121186467,17.63167141570454,22.95469138739866,22.861921683777418,22.733600611563624,0.8333333333333334,0.0,0.25,0.25,0.16666666666666666,17.828689192018878,22.855123256717206,28.33198956879519,12.214632814099947,19.939176335826215,24.988284252187054,2.5633922589486087e-16,0.0,1.1246853929879926e-16,0.0,2.4078979080266055e-14,converged
2025-01-15T22:05:00+08:00,14.083333333333334,-14.0,0.0,4.333333333333333,57.4,57.4,47.6,47.6,50.0,60.0,85.0,43.66295955908678,14.57268529550278,14.243316535082538,14.846957728501463,84.33241521307608,1.3458343695060875,57.4,57.4,57.4,48.06926220626637,46.931900858701916,46.67891776866654,47.225476463081144,0.535655,0.5147917434008712,28.499588048185853,28.676213418279808,17.817287682657632,28.330829001088105,22.751851224860733,22.94109676991426,22.84867529971601,22.72076687964419,17.619803733983392,22.947589881106044,22.85551860990236,22.727955138179222,0.8333333333333334,0.0,0.25,0.25,0.16666666666666666,17.817287682657632,22.84867529971601,28.330829001088105,12.214632814099947,19.939176335826215,24.988284252187054,2.5633922589486087e-16,4.522812314659894e-16,1.1246853929879926e-16,4.522812314659892e-16,2.564536214075343e-14,converged
2025-01-15T22:10:00+08:00,14.166666666666666,-14.0,0.0,4.326388888888889,57.4,57.4,47.6,47.6,50.0,60.0,85.0,43.66295955908678,14.57268529550278,14.243316535082538,14.846957728501463,84.33241521307608,1.3458343695060875,57.4,57.4,57.4,48.06806683959802,46.92993956995801,46.676668382529726,47.223672840506076,0.535655,0.5148829997635391,28.497654529634247,28.67380251756036,17.805937015481728,28.32967187594979,22.745113498176195,22.93397473174794,22.842251240505288,22.71509971452609,17.607994785647268,22.940516092519736,22.849139280436248,22.722329604664203,0.8333333333333334,0.0,0.25,0.25,0.16666666666666666,17.805937015481728,22.842251240505288,28.32967187594979,12.214632814099947,19.939176335826215,24.988284252187054,2.5633922589486087e-16,0.0,1.1246853929879926e-16,0.0,2.8236917577993603e-14,converged
2025-01-15T22:15:00+08:00,14.25,-14.0,0.0,4.319444444444445,57.4,57.4,47.6,47.6,50.0,60.0,85.0,43.66295955908678,14.57268529550278,14.243316535082538,14.846957728501463,84.33241521307608,1.3458343695060875,57.4,57.4,57.4,48.066876312932905,46.92798578745034,46.6744282629716,47.22187643288043,0.535655,0.5149738910775263,28.495727700677563,28.67139951979203,17.79463696377313,28.328518183168622,22.73840351216297,22.926880476246346,22.835850990513666,22.709452554960755,17.596244280023516,22.933469913455472,22.84278360732809,22.71672394059074,0.8333333333333334,0.0,0.25,0.25,0.16666666666666666,17.79463696377313,22.835850990513666,28.328518183168622,12.214632814099947,19.939176335826215,24.988284252187054,2.5633922589486087e-16,1.130303145887149e-16,1.1246853929879926e-16,1.130303145887149e-16,2.8571286512951276e-14,converged
2025-01-15T22:20:00+08:00,14.333333333333334,-14.0,0.0,4.3125,57.4,57.4,47.6,47.6,50.0,60.0,85.0,43.66295955908678,14.57268529550278,14.243316535082538,14.846957728501463,84.33241521307608,1.3458343695060875,57.4,57.4,57.4,48.06569060628396,46.9260394823554,46.672197371043154,47.22008721088686,0.535655,0.5150644188261781,28.493807538171115,28.66900439906888,17.783387301824796,28.327367912563272,22.731721152606745,22.919813895030888,22.829474461498048,22.70382533032696,17.58455192787803,22.926451236151234,22.836451502853425,22.711138075779765,0.8333333333333334,0.0,0.25,0.25,0.16666666666666666,17.783387301824796,22.829474461498048,28.327367912563272,12.214632814099947,19.939176335826215,24.988284252187054,2.5633922589486087e-16,0.0,1.1246853929879926e-16,0.0,2.471962622263173e-14,converged
2025-01-15T22:25:00+08:00,14.416666666666666,-14.0,0.0,4.305555555555555,57.4,57.4,47.6,47.6,50.0,60.0,85.0,43.66295955908678,14.57268529550278,14.243316535082538,14.846957728501463,84.33241521307608,1.3458343695060875,57.4,57.4,57.4,48.06450969974802,46.92410062596072,46.66997566796246,47.218305145329076,0.535655,0.5151545844867145,28.491894019050292,28.666617129569897,17.772187804936163,28.326221053982604,22.725066305763445,22.91277488014575,22.82312156554238,22.69821797025278,17.572917441408133,22.919459953265616,22.830142879613092,22.705571940300082,0.8333333333333334,0.0,0.25,0.25,0.16666666666666666,17.772187804936163,22.82312156554238,28.326221053982604,12.214632814099947,19.939176335826215,24.988284252187054,2.5633922589486087e-16,5.649533428054793e-16,1.1246853929879926e-16,5.649533428054793e-16,2.0472028753236964e-14,converged
2025-01-15T22:30:00+08:00,14.5,-14.0,0.0,4.298611111111112,57.4,57.4,47.6,47.6,50.0,60.0,85.0,43.66295955908678,14.57268529550278,14.243316535082538,14.846957728501463,84.33241521307608,1.3458343695060875,57.4,57.4,57.4,48.063333573505496,46.92216918966445,46.66776311511399,47.216530207131306,0.535655,0.5152443895302563,28.489987120330284,28.664237685558707,17.76103824940867,28.3250775973056,22.718438858357306,22.905763324056252,22.81679221505645,22.69263040461471,17.56134053423548,22.912495957876164,22.82385765053203,22.700025464467494,0.8333333333333334,0.0,0.25,0.25,0.16666666666666666,17.76103824940867,22.81679221505645,28.3250775973056,12.214632814099947,19.939176335826215,24.988284252187054,2.5633922589486087e-16,9.037677979032017e-16,1.1246853929879926e-16,9.03767797903201e-16,2.6152379617838116e-14,converged
2025-01-15T22:35:00+08:00,14.583333333333334,-14.0,0.0,4.291666666666667,57.4,57.4,47.6,47.6,50.0,60.0,85.0,43.66295955908678,14.57268529550278,14.243316535082538,14.846957728501463,84.33241521307608,1.3458343695060875,57.4,57.4,57.4,48.06216220782,46.920245144974956,46.665559674047856,47.21476236733789,0.535655,0.5153338354218507,28.488086819105803,28.661866041383302,17.749938412541283,28.323937532441263,22.71183869757895,22.898779119647198,22.81048632277468,22.687062563536784,17.54982092139902,22.90555914347776,22.817595728858084,22.694498578843923,0.8333333333333334,0.0,0.25,0.25,0.16666666666666666,17.749938412541283,22.81048632277468,28.323937532441263,12.214632814099947,19.939176335826215,24.988284252187054,2.5633922589486087e-16,4.518054659913319e-16,1.1246853929879926e-16,4.518054659913317e-16,2.3993369902132628e-14,converged
2025-01-15T22:40:00+08:00,14.666666666666666,-14.0,0.0,4.284722222222222,57.4,57.4,47.6,47.6,50.0,60.0,85.0,43.66295955908678,14.57268529550278,14.243316535082538,14.846957728501463,84.33241521307608,1.3458343695060875,57.4,57.4,57.4,48.06099558303798,46.918328463510306,46.66336530647913,47.213001597112644,0.535655,0.5154229236204967,28.48619309255081,28.659502171475758,17.738888072626043,28.322800849328523,22.705265711083456,22.891822160221245,22.804203801754916,22.6815143773897,17.538358319347985,22.898649403980972,22.811357028160796,22.688991214236555,0.8333333333333334,0.0,0.25,0.25,0.16666666666666666,17.738888072626043,22.804203801754916,28.322800849328523,12.214632814099947,19.939176335826215,24.988284252187054,2.5633922589486087e-16,2.2586368687134842e-16,1.1246853929879926e-16,2.258636868713484e-16,2.660707413555875e-14,converged
2025-01-15T22:45:00+08:00,14.75,-14.0,0.0,4.277777777777778,57.4,57.4,47.6,47.6,50.0,60.0,85.0,43.66295955908678,14.57268529550278,14.243316535082538,14.846957728501463,84.33241521307608,1.3458343695060875,57.4,57.4,57.4,48.0598336795884,46.91641911699796,46.661179974287066,47.21124786773844,0.535655,0.51551165557917,28.484305917918235,28.65714605035197,17.72788700894365,28.32166753793616,22.698719786988452,22.884892339497263,22.797944565377243,22.67598577678996,17.5269524459349,22.891766633710454,22.805141462330216,22.683503301696962,0.8333333333333334,0.0,0.25,0.25,0.16666666666666666,17.72788700894365,22.797944565377243,28.32166753793616,12.214632814099947,19.939176335826215,24.988284252187054,2.5633922589486087e-16,1.1291240514838006e-16,1.1246853929879926e-16,1.1291240514838006e-16,2.901095479616261e-14,converged
2025-01-15T22:50:00+08:00,14.833333333333334,-14.0,0.0,4.270833333333333,57.4,57.4,47.6,47.6,50.0,60.0,85.0,43.66295955908678,14.57268529550278,14.243316535082538,14.846957728501463,84.33241521307608,1.3458343695060875,57.4,57.4,57.4,48.05867647798236,46.914517077274276,46.65900363951441,47.2095011506167,0.535655,0.5156000327448491,28.48242527253971,28.654797652611357,17.71693500175904,28.32053758826271,22.692200813872205,22.877989551608728,22.791708527342774,22.670476692598992,17.51560302040864,22.88491072740331,22.798948945575713,22.678034772520242,0.8333333333333334,0.0,0.25,0.25,0.16666666666666666,17.71693500175904,22.791708527342774,28.32053758826271,12.214632814099947,19.939176335826215,24.988284252187054,2.5633922589486087e-16,2.2578610247013765e-16,1.1246853929879926e-16,2.257861024701376e-16,2.4326339514743225e-14,converged
2025-01-15T22:55:00+08:00,14.916666666666666,-14.0,0.0,4.263888888888889,57.4,57.4,47.6,47.6,50.0,60.0,85.0,43.66295955908678,14.57268529550278,14.243316535082538,14.846957728501463,84.33241521307608,1.3458343695060875,57.4,57.4,57.4,48.05752395881277,46.91262231628411,46.6568362643667,47.20776141726689,0.535655,0.5156880565585398,28.480551133825305,28.652456952936618,17.706031832317006,28.31941099033637,22.685708680771736,22.871113691102085,22.78549560167247,22.66498705592229,17.504309763407537,22.878081580207496,22.792779392424798,22.67258555824416,0.8333333333333334,0.0,0.25,0.25,0.16666666666666666,17.706031832317006,22.78549560167247,28.31941099033637,12.214632814099947,19.939176335826215,24.988284252187054,2.5633922589486087e-16,0.0,1.1246853929879926e-16,0.0,2.980070638454181e-14,converged
2025-01-15T23:00:00+08:00,15.0,-14.0,0.0,4.256944444444445,57.4,57.4,47.6,47.6,50.0,60.0,85.0,43.66295955908678,14.57268529550278,14.243316535082538,14.846957728501463,84.33241521307608,1.3458343695060875,57.4,57.4,57.4,48.05637610275397,46.91073480608038,46.65467781121151,47.206028639325986,0.535655,0.5157757284553007,28.478683479263232,28.65012392609343,17.69517728283782,28.318287734214916,22.679243277180923,22.86426465293516,22.77930570270595,22.659516798108548,17.493072396952474,22.871279087680215,22.786632717721933,22.667155590648296,0.8333333333333334,0.0,0.25,0.25,0.16666666666666666,17.69517728283782,22.77930570270595,28.318287734214916,12.214632814099947,19.939176335826215,24.988284252187054,2.5633922589486087e-16,6.77127569625587e-16,1.1246853929879926e-16,6.771275696255865e-16,2.774439017222005e-14,converged
2025-01-15T23:05:00+08:00,15.083333333333334,-14.0,0.0,4.25,57.4,57.4,47.6,47.6,50.0,60.0,85.0,43.66295955908678,14.57268529550278,14.243316535082538,14.846957728501463,84.33241521307608,1.3458343695060875,57.4,57.4,57.4,48.05523289056143,46.90885451882368,46.652528242577795,47.20430278854807,0.535655,0.5158630498642679,28.476822286419594,28.64779854693019,17.684371136512897,28.317167809985627,22.672804493048616,22.85744233247553,22.773138745100322,22.65406585074881,17.481890644440067,22.86450314578632,22.78050883662736,22.661744801753173,0.8333333333333334,0.0,0.25,0.25,0.16666666666666666,17.684371136512897,22.773138745100322,28.317167809985627,12.214632814099947,19.939176335826215,24.988284252187054,2.5633922589486087e-16,5.641774588118185e-16,1.1246853929879926e-16,5.641774588118181e-16,2.8392561078900144e-14,converged
2025-01-15T23:10:00+08:00,15.166666666666666,-14.0,0.0,4.243055555555555,57.4,57.4,47.6,47.6,50.0,60.0,85.0,43.66295955908678,14.57268529550278,14.243316535082538,14.846957728501463,84.33241521307608,1.3458343695060875,57.4,57.4,57.4,48.05409430307135,46.90698142678185,46.650387521155146,47.202583836803754,0.535655,0.5159500222086798,28.474967532938116,28.645480790377746,17.67361317750045,28.31605120776517,22.666392218776778,22.850646625498943,22.766994643828983,22.648634145675604,17.470764230635844,22.85775365089671,22.774407664615932,22.656353123819425,0.8333333333333334,0.0,0.25,0.25,0.16666666666666666,17.67361317750045,22.766994643828983,28.31605120776517,12.214632814099947,19.939176335826215,24.988284252187054,2.5633922589486087e-16,2.256329427578739e-16,1.1246853929879926e-16,2.2563294275787384e-16,2.7898513690834884e-14,converged
2025-01-15T23:15:00+08:00,15.25,-14.0,0.0,4.236111111111112,57.4,57.4,47.6,47.6,50.0,60.0,85.0,43.66295955908678,14.57268529550278,14.243316535082538,14.846957728501463,84.33241521307608,1.3458343695060875,57.4,57.4,57.4,48.052960321200366,46.905115502329515,46.64825560979308,47.20087175607973,0.535655,0.5160366469059021,28.47311919653987,28.643170631449124,17.662903190921185,28.31493791769954,22.660006345218605,22.84387742818772,22.760873314180472,22.6432216149621,17.459692881667472,22.851030499786773,22.768329117475947,22.650980489346946,0.8333333333333334,0.0,0.25,0.25,0.16666666666666666,17.662903190921185,22.760873314180472,28.31493791769954,12.214632814099947,19.939176335826215,24.988284252187054,2.5633922589486087e-16,2.255950667940892e-16,1.1246853929879926e-16,2.255950667940892e-16,2.9601318780274505e-14,converged
2025-01-15T23:20:00+08:00,15.333333333333334,-14.0,0.0,4.229166666666667,57.4,57.4,47.6,47.6,50.0,60.0,85.0,43.66295955908678,14.57268529550278,14.243316535082538,14.846957728501463,84.33241521307608,1.3458343695060875,57.4,57.4,57.4,48.05183092594517,46.90325671794778,46.64613247150039,47.19916651847826,0.535655,0.5161229253674521,28.471277255023004,28.640868045239248,17.65224096285401,28.313827929963963,22.653646763676672,22.83713463712917,22.754774671757282,22.63782819092125,17.44867632501802,22.844333589634775,22.762273111307984,22.645626831074036,0.8333333333333334,0.0,0.25,0.25,0.16666666666666666,17.65224096285401,22.754774671757282,28.313827929963963,12.214632814099947,19.939176335826215,24.988284252187054,2.5633922589486087e-16,6.766720645709739e-16,1.1246853929879926e-16,6.766720645709735e-16,2.8156418632411074e-14,converged
2025-01-15T23:25:00+08:00,15.416666666666666,-14.0,0.0,4.222222222222222,57.4,57.4,47.6,47.6,50.0,60.0,85.0,43.66295955908678,14.57268529550278,14.243316535082538,14.846957728501463,84.33241521307608,1.3458343695060875,57.4,57.4,57.4,48.050706098382186,46.901405046223694,46.64401806944439,47.19746809621675,0.535655,0.5162088589990234,28.46944168626248,28.638573006924695,17.64162628033176,28.312721234762797,22.64731336590109,22.830418149314006,22.748698632474714,22.63245380610495,17.43771428951925,22.83766281802031,22.75623956252374,22.640292081976565,0.8333333333333334,0.0,0.25,0.25,0.16666666666666666,17.64162628033176,22.748698632474714,28.312721234762797,12.214632814099947,19.939176335826215,24.988284252187054,2.5633922589486087e-16,2.2551980617433586e-16,1.1246853929879926e-16,2.2551980617433586e-16,3.0049260237604503e-14,converged
2025-01-15T23:30:00+08:00,15.5,-14.0,0.0,4.215277777777778,57.4,57.4,47.6,47.6,50.0,60.0,85.0,43.66295955908678,14.57268529550278,14.243316535082538,14.846957728501463,84.33241521307608,1.3458343695060875,57.4,57.4,57.4,48.04958581966725,46.89956045984994,46.641912366950244,47.19577646162718,0.535655,0.5162944492005104,28.46761246820982,28.636285491763402,17.631058931336945,28.311617822329467,22.641006044087657,22.823727862134774,22.742645112559696,22.627098393303193,17.426806505344935,22.831018082922725,22.750228387844885,22.634976175267134,0.8333333333333334,0.0,0.25,0.25,0.16666666666666666,17.631058931336945,22.742645112559696,28.311617822329467,12.214632814099947,19.939176335826215,24.988284252187054,2.5633922589486087e-16,2.254824199779906e-16,1.1246853929879926e-16,2.2548241997799056e-16,3.0323671867638107e-14,converged
2025-01-15T23:35:00+08:00,15.583333333333334,-14.0,0.0,4.208333333333333,57.4,57.4,47.6,47.6,50.0,60.0,85.0,43.66295955908678,14.57268529550278,14.243316535082538,14.846957728501463,84.33241521307608,1.3458343695060875,57.4,57.4,57.4,48.04847007103523,46.897722931624365,46.63981532750032,47.194091587155704,0.535655,0.5163796973660325,28.46578957889281,28.634005475094416,17.62053870479751,28.310517682926363,22.634724690876023,22.81706367338429,22.736614028549656,22.621761885543226,17.415952704004233,22.82439928271956,22.744239504301913,22.629679044394237,0.8333333333333334,0.0,0.25,0.25,0.16666666666666666,17.62053870479751,22.736614028549656,28.310517682926363,12.214632814099947,19.939176335826215,24.988284252187054,2.5633922589486087e-16,4.508903910078191e-16,1.1246853929879926e-16,4.508903910078189e-16,2.7737752699620644e-14,converged
2025-01-15T23:40:00+08:00,15.666666666666666,-14.0,0.0,4.201388888888889,57.4,57.4,47.6,47.6,50.0,60.0,85.0,43.66295955908678,14.57268529550278,14.243316535082538,14.846957728501463,84.33241521307608,1.3458343695060875,57.4,57.4,57.4,48.04735883379974,46.8958924344496,46.63772691473342,47.192413445362114,0.535655,0.5164646048839583,28.463972996415272,28.63173293233762,17.610065390582633,28.309420806844763,22.62846919934786,22.81042548125407,22.730605297291344,22.616444216088716,17.40515261833506,22.817806316185003,22.738272829232983,22.624400623041428,0.8333333333333334,0.0,0.25,0.25,0.16666666666666666,17.610065390582633,22.730605297291344,28.309420806844763,12.214632814099947,19.939176335826215,24.988284252187054,2.5633922589486087e-16,2.2540813199210733e-16,1.1246853929879926e-16,2.254081319921073e-16,2.6667321715155234e-14,converged
2025-01-15T23:45:00+08:00,15.75,-14.0,0.0,4.194444444444445,57.4,57.4,47.6,47.6,50.0,60.0,85.0,43.66295955908678,14.57268529550278,14.243316535082538,14.846957728501463,84.33241521307608,1.3458343695060875,57.4,57.4,57.4,48.046252089352734,46.89406894133267,46.63564709244416,47.190742008919386,0.535655,0.5165491731369297,28.462162698956778,28.629467838993474,17.599638779498505,28.30832718440474,22.622239463025057,22.803813184332782,22.7246188359397,22.61114531843892,17.394405982497524,22.81123908248832,22.73232828028279,22.61914084512649,0.8333333333333334,0.0,0.25,0.25,0.16666666666666666,17.599638779498505,22.7246188359397,28.30832718440474,12.214632814099947,19.939176335826215,24.988284252187054,2.5633922589486087e-16,4.507424573732686e-16,1.1246853929879926e-16,4.507424573732683e-16,2.536805475930208e-14,converged
2025-01-15T23:50:00+08:00,15.833333333333334,-14.0,0.0,4.1875,57.4,57.4,47.6,47.6,50.0,60.0,85.0,43.66295955908678,14.57268529550278,14.243316535082538,14.846957728501463,84.33241521307608,1.3458343695060875,57.4,57.4,57.4,48.04514981916427,46.89225242538453,46.633575824582245,47.189077250613224,0.535655,0.516633403501886,28.460358664772393,28.627210170642744,17.589258663284173,28.30723680595508,22.61603537586788,22.79722668160469,22.71865456195671,22.60586512632784,17.38371253196738,22.80469748119234,22.72640577540143,22.613899644800615,0.8333333333333334,0.0,0.25,0.25,0.16666666666666666,17.589258663284173,22.71865456195671,28.30723680595508,12.214632814099947,19.939176335826215,24.988284252187054,2.5633922589486087e-16,2.2533448483555094e-16,1.1246853929879926e-16,2.253344848355509e-16,1.9380153302791683e-14,converged
2025-01-15T23:55:00+08:00,15.916666666666666,-14.0,0.0,4.180555555555555,57.4,57.4,47.6,47.6,50.0,60.0,85.0,43.66295955908678,14.57268529550278,14.243316535082538,14.846957728501463,84.33241521307608,1.3458343695060875,57.4,57.4,57.4,48.044052004782095,46.89044285981974,46.631513075251824,47.18741914334155,0.535655,0.5167172973500879,28.458560872192418,28.624959902946244,17.57892483460737,28.3061496618732,22.6098568322732,22.790665872448123,22.71271239311027,22.600603573723408,17.37307200352952,22.798181412251893,22.720505232843266,22.608676956447564,0.8333333333333334,0.0,0.25,0.25,0.16666666666666666,17.57892483460737,22.71271239311027,28.3061496618732,12.214632814099947,19.939176335826215,24.988284252187054,2.5633922589486087e-16,1.126489498454517e-16,1.1246853929879926e-16,1.126489498454517e-16,2.378754781203741e-14,converged
2025-01-16T00:00:00+08:00,16.0,-14.0,0.0,4.173611111111112,57.4,57.4,47.6,47.6,50.0,60.0,85.0,43.66295955908678,14.57268529550278,14.243316535082538,14.846957728501463,84.33241521307608,1.3458343695060875,57.4,57.4,57.4,48.04295862783133,46.888640217956,46.62945880871082,47.18576766011405,0.535655,0.5168008560471409,28.456769299622128,28.622717011644575,17.568637087060377,28.30506574256506,22.603703727072663,22.78413065663392,22.706792247473043,22.595360594826655,17.36248413527149,22.791690776012306,22.714626571165784,22.603472714682862,0.8333333333333334,0.0,0.25,0.25,0.16666666666666666,17.568637087060377,22.706792247473043,28.30506574256506,12.214632814099947,19.939176335826215,24.988284252187054,2.5633922589486087e-16,0.0,1.1246853929879926e-16,0.0,2.973732104800167e-14,converged
2025-01-16T00:05:00+08:00,16.083333333333332,-14.0,0.0,4.166666666666667,57.4,57.4,47.6,47.6,50.0,60.0,85.0,43.66295955908678,14.57268529550278,14.243316535082538,14.846957728501463,84.33241521307608,1.3458343695060875,57.4,57.4,57.4,48.041869670014194,46.88684447321382,46.62741298937023,47.18412277405174,0.535655,0.5168840809530193,28.45498392554151,28.62048147255786,17.558395215155894,28.30398503846508,22.597575955530928,22.777620934323913,22.700894043421343,22.59013612407088,17.35194866657705,22.78522547320786,22.708769709228495,22.598286854352974,0.8333333333333334,0.0,0.25,0.25,0.16666666666666666,17.558395215155894,22.700894043421343,28.30398503846508,12.214632814099947,19.939176335826215,24.988284252187054,2.5633922589486087e-16,4.504504050977575e-16,1.1246853929879926e-16,4.504504050977575e-16,2.9353752785393245e-14,converged
2025-01-16T00:10:00+08:00,16.166666666666668,-14.0,0.0,4.159722222222222,57.4,57.4,47.6,47.6,50.0,60.0,85.0,43.66295955908678,14.57268529550278,14.243316535082538,14.846957728501463,84.33241521307608,1.3458343695060875,57.4,57.4,57.4,48.0407851131096,46.88505559911605,46.62537558179344,47.18248445838642,0.535655,0.51696697342209,28.453204728505,28.618253261585476,17.548199014322943,28.30290754003605,22.591473413343866,22.771136606069394,22.695017699634,22.58493009612085,17.341465338119754,22.77878540496027,22.702934566191793,22.593119310534487,0.8333333333333334,0.0,0.25,0.25,0.16666666666666666,17.548199014322943,22.695017699634,28.30290754003605,12.214632814099947,19.939176335826215,24.988284252187054,2.5633922589486087e-16,9.007563563011966e-16,1.1246853929879926e-16,9.007563563011966e-16,2.503281017444561e-14,converged
2025-01-16T00:15:00+08:00,16.25,-14.0,0.0,4.152777777777778,57.4,57.4,47.6,47.6,50.0,60.0,85.0,43.66295955908678,14.57268529550278,14.243316535082538,14.846957728501463,84.33241521307608,1.3458343695060875,57.4,57.4,57.4,48.03970493897288,46.88327356928752,46.62334655069563,47.18085268646027,0.535655,0.5170495348031354,28.45143168714124,28.616032354705812,17.538048280902782,28.301833237769053,22.585395996636795,22.764677572809603,22.68916313509124,22.57974244587196,17.331033891856563,22.772370472777194,22.697121061515855,22.587970018533294,0.8333333333333334,0.0,0.25,0.25,0.16666666666666666,17.538048280902782,22.68916313509124,28.301833237769053,12.214632814099947,19.939176335826215,24.988284252187054,2.5633922589486087e-16,5.628828283892544e-16,1.1246853929879926e-16,5.62882828389254e-16,2.4626803049547492e-14,converged
2025-01-16T00:20:00+08:00,16.333333333333332,-14.0,0.0,4.145833333333333,57.4,57.4,47.6,47.6,50.0,60.0,85.0,43.66295955908678,14.57268529550278,14.243316535082538,14.846957728501463,84.33241521307608,1.3458343695060875,57.4,57.4,57.4,48.03862912953545,46.88149835745466,46.62132586094303,47.17922743172543,0.535655,0.5171317664393774,28.449664780152816,28.613818727975993,17.52794281214483,28.30076212218338,22.5793436019627,22.758243735870206,22.683330269073565,22.574573108449435,17.3206540710215,22.765980578550703,22.691329114959515,22.58283891388379,0.8333333333333334,0.0,0.25,0.25,0.16666666666666666,17.52794281214483,22.683330269073565,28.30076212218338,12.214632814099947,19.939176335826215,24.988284252187054,2.5633922589486087e-16,4.502346573233846e-16,1.1246853929879926e-16,4.502346573233846e-16,2.3552090637343745e-14,converged
2025-01-16T00:25:00+08:00,16.416666666666668,-14.0,0.0,4.138888888888889,57.4,57.4,47.6,47.6,50.0,60.0,85.0,43.66295955908678,14.57268529550278,14.243316535082538,14.846957728501463,84.33241521307608,1.3458343695060875,57.4,57.4,57.4,48.037557666804496,46.87972993744507,46.619313477552325,47.17760866774339,0.535655,0.5172136696685006,28.447903986315985,28.611612357531634,17.51788240620262,28.29969418382644,22.573316126300494,22.751834996961797,22.677519021160652,22.56942201920751,17.310325620119333,22.759615624555792,22.68555864657917,22.577725932348066,0.8333333333333334,0.0,0.25,0.25,0.16666666666666666,17.51788240620262,22.677519021160652,28.29969418382644,12.214632814099947,19.939176335826215,24.988284252187054,2.5633922589486087e-16,4.501633605374323e-16,1.1246853929879926e-16,4.501633605374321e-16,2.5727953995155344e-14,converged
2025-01-16T00:30:00+08:00,16.5,-14.0,0.0,4.131944444444445,57.4,57.4,47.6,47.6,50.0,60.0,85.0,43.66295955908678,14.57268529550278,14.243316535082538,14.846957728501463,84.33241521307608,1.3458343695060875,57.4,57.4,57.4,48.036490532862615,46.87796828318718,46.617309365689934,47.17599636818472,0.535655,0.5172952458226747,28.446149284480445,28.609413219586575,17.507866862129777,28.29862941327368,22.56731346705323,22.745451258178385,22.671729311230234,22.56428911372863,17.30004828491927,22.753275513448887,22.67980957672767,22.5726310099151,0.8333333333333334,0.0,0.25,0.25,0.16666666666666666,17.507866862129777,22.671729311230234,28.29862941327368,12.214632814099947,19.939176335826215,24.988284252187054,2.5633922589486087e-16,2.250461854560349e-16,1.1246853929879926e-16,2.250461854560349e-16,3.189388974429302e-14,converged
2025-01-16T00:35:00+08:00,16.583333333333332,-14.0,0.0,4.125,57.4,57.4,47.6,47.6,50.0,60.0,85.0,43.66295955908678,14.57268529550278,14.243316535082538,14.846957728501463,84.33241521307608,1.3458343695060875,57.4,57.4,57.4,48.03542770986752,46.87621336870979,46.61531349067144,47.17439050682843,0.535655,0.5173764962285793,28.444400653569062,28.607221290432626,17.497895979875988,28.297567801128512,22.561335522046388,22.73909242199591,22.665961059456993,22.559174327822635,17.28982181244872,22.746960148266353,22.674081826053218,22.567554082799955,0.8333333333333334,0.0,0.25,0.25,0.16666666666666666,17.497895979875988,22.665961059456993,28.297567801128512,12.214632814099947,19.939176335826215,24.988284252187054,2.5633922589486087e-16,6.75032530520107e-16,1.1246853929879926e-16,6.750325305201065e-16,2.3956584198138837e-14,converged
2025-01-16T00:40:00+08:00,16.666666666666668,-14.0,0.0,4.118055555555555,57.4,57.4,47.6,47.6,50.0,60.0,85.0,43.66295955908678,14.57268529550278,14.243316535082538,14.846957728501463,84.33241521307608,1.3458343695060875,57.4,57.4,57.4,48.03436918005173,46.87446516814177,46.613325817960835,47.17279105756169,0.535655,0.5174574222074249,28.442658072577633,28.60503654643932,17.48796956028302,28.29650933802221,22.55538218952612,22.732758391270746,22.660214186311475,22.55407759752596,17.27964595098706,22.740669432423008,22.668375315498274,22.562495087442986,0.8333333333333334,0.0,0.25,0.25,0.16666666666666666,17.48796956028302,22.660214186311475,28.29650933802221,12.214632814099947,19.939176335826215,24.988284252187054,2.5633922589486087e-16,3.374634805613126e-16,1.1246853929879926e-16,3.374634805613126e-16,2.3947215120935795e-14,converged
2025-01-16T00:45:00+08:00,16.75,-14.0,0.0,4.111111111111111,57.4,57.4,47.6,47.6,50.0,60.0,85.0,43.66295955908678,14.57268529550278,14.243316535082538,14.846957728501463,84.33241521307608,1.3458343695060875,57.4,57.4,57.4,48.033314925722244,46.87272365571158,46.61134631316996,47.171197994379206,0.535655,0.517538025074977,28.440921520574623,28.602858964053638,17.478087405080736,28.295454014613846,22.549453368157522,22.726449069238218,22.654488612558968,22.54899885910084,17.26952045005943,22.734403269710654,22.66268996629847,22.557453960509044,0.8333333333333334,0.0,0.25,0.25,0.16666666666666666,17.478087405080736,22.654488612558968,28.295454014613846,12.214632814099947,19.939176335826215,24.988284252187054,2.5633922589486087e-16,5.623515383728056e-16,1.1246853929879926e-16,5.623515383728053e-16,2.988055835047968e-14,converged
2025-01-16T00:50:00+08:00,16.833333333333332,-14.0,0.0,4.104166666666667,57.4,57.4,47.6,47.6,50.0,60.0,85.0,43.66295955908678,14.57268529550278,14.243316535082538,14.846957728501463,84.33241521307608,1.3458343695060875,57.4,57.4,57.4,48.032264929260215,46.87098880574696,46.60937494205781,47.169611291382935,0.535655,0.5176183061415793,28.43919097670091,28.600688519799778,17.468249316883128,28.294401821590196,22.543548957022903,22.720164359511127,22.648784259258438,22.543938049034512,17.259445060430583,22.728161564296595,22.657025699981514,22.552430638886673,0.8333333333333334,0.0,0.25,0.25,0.16666666666666666,17.468249316883128,22.648784259258438,28.294401821590196,12.214632814099947,19.939176335826215,24.988284252187054,2.5633922589486087e-16,1.124528638628681e-16,1.1246853929879926e-16,1.124528638628681e-16,2.4769953842101254e-14,converged
2025-01-16T00:55:00+08:00,16.916666666666668,-14.0,0.0,4.097222222222222,57.4,57.4,47.6,47.6,50.0,60.0,85.0,43.66295955908678,14.57268529550278,14.243316535082538,14.846957728501463,84.33241521307608,1.3458343695060875,57.4,57.4,57.4,48.03121917312064,46.869260592674514,46.60741167052992,47.1680309227815,0.535655,0.517698266712175,28.43746642016955,28.598525190278888,17.45845509918439,28.29335274966566,22.537668855620076,22.713904166078272,22.643101047761416,22.53889510403841,17.249419534098735,22.72194422072218,22.651382438366113,22.547425059687335,0.8333333333333334,0.0,0.25,0.25,0.16666666666666666,17.45845509918439,22.643101047761416,28.29335274966566,12.214632814099947,19.939176335826215,24.988284252187054,2.5633922589486087e-16,3.373064852030642e-16,1.1246853929879926e-16,3.373064852030642e-16,2.627171841154537e-14,converged
2025-01-16T01:00:00+08:00,17.0,-14.0,0.0,4.090277777777778,57.4,57.4,47.6,47.6,50.0,60.0,85.0,43.66295955908678,14.57268529550278,14.243316535082538,14.846957728501463,84.33241521307608,1.3458343695060875,57.4,57.4,57.4,48.03017763983204,46.86753899101932,46.60545646463768,47.16645686288981,0.535655,0.5177779080863305,28.43574783026551,28.59636895216882,17.448704556354986,28.292306789582188,22.53181296386064,22.707668393302985,22.637438899710933,22.533869961047387,17.23944362428947,22.71575114390134,22.645760103560892,22.542437160244607,0.8333333333333334,0.0,0.25,0.25,0.16666666666666666,17.448704556354986,22.637438899710933,28.292306789582188,12.214632814099947,19.939176335826215,24.988284252187054,2.5633922589486087e-16,0.0,1.1246853929879926e-16,0.0,2.4408592155166875e-14,converged
2025-01-16T01:05:00+08:00,17.083333333333332,-14.0,0.0,4.083333333333333,57.4,57.4,47.6,47.6,50.0,60.0,85.0,43.66295955908678,14.57268529550278,14.243316535082538,14.846957728501463,84.33241521307608,1.3458343695060875,57.4,57.4,57.4,48.02914031199617,46.865823975404574,46.60350929057778,47.164889086128625,0.535655,0.5178572315582578,28.43403518634543,28.594219782223874,17.438997493637732,28.291263932109185,22.525981182068286,22.701456945921677,22.631797737040426,22.52886255721892,17.229517085449668,22.709582239119136,22.640158617963323,22.537466878113413,0.8333333333333334,0.0,0.25,0.25,0.16666666666666666,17.438997493637732,22.631797737040426,28.291263932109185,12.214632814099947,19.939176335826215,24.988284252187054,2.5633922589486087e-16,1.124009811320346e-16,1.1246853929879926e-16,1.124009811320346e-16,2.0055468378459683e-14,converged
2025-01-16T01:10:00+08:00,17.166666666666668,-14.0,0.0,4.076388888888889,57.4,57.4,47.6,47.6,50.0,60.0,85.0,43.66295955908678,14.57268529550278,14.243316535082538,14.846957728501463,84.33241521307608,1.3458343695060875,57.4,57.4,57.4,48.02810717228768,46.864115520551195,46.60157011469148,47.163327567024076,0.535655,0.5179362384168363,28.432328467837372,28.59207765727455,17.429333717143923,28.29022416804344,22.52017341097708,22.695269729042373,22.626177481972668,22.523872829932326,17.219639673241446,22.703437412030304,22.634577904258645,22.53251415106923,0.8333333333333334,0.0,0.25,0.25,0.16666666666666666,17.429333717143923,22.626177481972668,28.29022416804344,12.214632814099947,19.939176335826215,24.988284252187054,2.5633922589486087e-16,4.495353411948112e-16,1.1246853929879926e-16,4.495353411948112e-16,2.7717636860016197e-14,converged
2025-01-16T01:15:00+08:00,17.25,-14.0,0.0,4.069444444444445,57.4,57.4,47.6,47.6,50.0,60.0,85.0,43.66295955908678,14.57268529550278,14.243316535082538,14.846957728501463,84.33241521307608,1.3458343695060875,57.4,57.4,57.4,48.02707820345384,46.86241360127744,46.599638903464026,47.16177228020723,0.535655,0.5180149299456362,28.430627654240574,28.5899425542273,17.419713033849444,28.28918748820904,22.514389551729803,22.689106648143262,22.620578057018697,22.51890071678798,17.20981114453616,22.697316568657822,22.629017885418804,22.52757891710731,0.8333333333333334,0.0,0.25,0.25,0.16666666666666666,17.419713033849444,22.620578057018697,28.28918748820904,12.214632814099947,19.939176335826215,24.988284252187054,2.5633922589486087e-16,1.123667630961449e-16,1.1246853929879926e-16,1.123667630961449e-16,3.291414002620364e-14,converged
2025-01-16T01:20:00+08:00,17.333333333333332,-14.0,0.0,4.0625,57.4,57.4,47.6,47.6,50.0,60.0,85.0,43.66295955908678,14.57268529550278,14.243316535082538,14.846957728501463,84.33241521307608,1.3458343695060875,57.4,57.4,57.4,48.026053388314175,46.86071819249853,46.59771562352404,47.16022320041368,0.535655,0.5180933074229396,28.4289327251252,28.587814450064272,17.410135251590933,28.288153883457298,22.508629505876243,22.682967609071266,22.61499938497674,22.513946155606526,17.20003125740842,22.69121961539146,22.62347848470139,22.52266111444191,0.8333333333333334,0.0,0.25,0.25,0.16666666666666666,17.410135251590933,22.61499938497674,28.288153883457298,12.214632814099947,19.939176335826215,24.988284252187054,2.5633922589486087e-16,0.0,1.1246853929879926e-16,0.0,2.6468857454601813e-14,converged
2025-01-16T01:25:00+08:00,17.416666666666668,-14.0,0.0,4.055555555555555,57.4,57.4,47.6,47.6,50.0,60.0,85.0,43.66295955908678,14.57268529550278,14.243316535082538,14.846957728501463,84.33241521307608,1.3458343695060875,57.4,57.4,57.4,48.025032709760225,46.85902926922635,46.59580024164286,47.15868030248308,0.535655,0.5181713721217633,28.427243660132103,28.58569332184307,17.400600179061925,28.28712334466665,22.502893175371533,22.676852518040587,22.60944138893116,22.509009084428115,17.190299771130118,22.685146458986367,22.617959625648574,22.51776068150551,0.8333333333333334,0.0,0.25,0.25,0.16666666666666666,17.400600179061925,22.60944138893116,28.28712334466665,12.214632814099947,19.939176335826215,24.988284252187054,2.5633922589486087e-16,3.3699851465234587e-16,1.1246853929879926e-16,3.3699851465234577e-16,2.7862142238818296e-14,converged
2025-01-16T01:30:00+08:00,17.5,-14.0,0.0,4.048611111111111,57.4,57.4,47.6,47.6,50.0,60.0,85.0,43.66295955908678,14.57268529550278,14.243316535082538,14.846957728501463,84.33241521307608,1.3458343695060875,57.4,57.4,57.4,48.024016150755195,46.85734680656891,46.59389272473394,47.157143561358716,0.535655,0.5182491253098805,28.425560438972564,28.583579146696504,17.391107625809042,28.2860958627426,22.497180462574473,22.670761281631282,22.60390399225138,22.504089441511614,17.18061644616452,22.67909700656162,22.612461232086048,22.512877556948055,0.8333333333333334,0.0,0.25,0.25,0.16666666666666666,17.391107625809042,22.60390399225138,28.2860958627426,12.214632814099947,19.939176335826215,24.988284252187054,2.5633922589486087e-16,4.492639394512271e-16,1.1246853929879926e-16,4.492639394512271e-16,2.6427730070886747e-14,converged
2025-01-16T01:35:00+08:00,17.583333333333332,-14.0,0.0,4.041666666666667,57.4,57.4,47.6,47.6,50.0,60.0,85.0,43.66295955908678,14.57268529550278,14.243316535082538,14.846957728501463,84.33241521307608,1.3458343695060875,57.4,57.4,57.4,48.02300369433365,46.855670779730154,46.591993039852206,47.15561295208706,0.535655,0.5183265682498435,28.423883041428066,28.581471901832344,17.381657402228186,28.285071428617623,22.49149127024588,22.664693806787835,22.598387118590843,22.499187165333844,17.170981044160367,22.673071165598827,22.60698322812199,22.508011679636173,0.8333333333333334,0.0,0.25,0.25,0.16666666666666666,17.381657402228186,22.598387118590843,28.285071428617623,12.214632814099947,19.939176335826215,24.988284252187054,2.5633922589486087e-16,3.3689761134573093e-16,1.1246853929879926e-16,3.3689761134573093e-16,2.552821081937999e-14,converged
2025-01-16T01:40:00+08:00,17.666666666666668,-14.0,0.0,4.034722222222222,57.4,57.4,47.6,47.6,50.0,60.0,85.0,43.66295955908678,14.57268529550278,14.243316535082538,14.846957728501463,84.33241521307608,1.3458343695060875,57.4,57.4,57.4,48.02199532360123,46.85400116400946,46.590101154193455,47.15408844981737,0.535655,0.5184037021990041,28.422211447350048,28.57937156453307,17.372249319560744,28.2840500332511,22.48582550154692,22.65865000081773,22.592890691885952,22.494302194588812,17.161393327945998,22.667068843940697,22.601525538146003,22.503162988652416,0.8333333333333334,0.0,0.25,0.25,0.16666666666666666,17.372249319560744,22.592890691885952,28.2840500332511,12.214632814099947,19.939176335826215,24.988284252187054,2.5633922589486087e-16,2.2456498927981317e-16,1.1246853929879926e-16,2.2456498927981317e-16,2.5789538368751245e-14,converged
2025-01-16T01:45:00+08:00,17.75,-14.0,0.0,4.027777777777778,57.4,57.4,47.6,47.6,50.0,60.0,85.0,43.66295955908678,14.57268529550278,14.243316535082538,14.846957728501463,84.33241521307608,1.3458343695060875,57.4,57.4,57.4,48.02099102173437,46.85233793480134,46.588217035093734,47.15257002980124,0.535655,0.5184805284095372,28.42054563665965,28.57727811215563,17.362883189889835,28.283031667629214,22.480183060037465,22.652629771390043,22.58741463635502,22.489434468186932,17.151853061523525,22.66108994978964,22.596088086828072,22.498331423294502,0.8333333333333334,0.0,0.25,0.25,0.16666666666666666,17.362883189889835,22.58741463635502,28.283031667629214,12.214632814099947,19.939176335826215,24.988284252187054,2.5633922589486087e-16,3.3679757131105045e-16,1.1246853929879926e-16,3.3679757131105045e-16,3.1612455975962364e-14,converged
2025-01-16T01:50:00+08:00,17.833333333333332,-14.0,0.0,4.020833333333333,57.4,57.4,47.6,47.6,50.0,60.0,85.0,43.66295955908678,14.57268529550278,14.243316535082538,14.846957728501463,84.33241521307608,1.3458343695060875,57.4,57.4,57.4,48.01999077197992,46.85068106759506,46.58634065002874,47.151057667392145,0.535655,0.5185570481284606,28.418885589347486,28.575191522131192,17.353558826136542,28.2820163227649,22.474563849674457,22.646633026534026,22.58195887649723,22.484583925254274,17.142360010063015,22.65513439170636,22.59067079911753,22.493516923074544,0.8333333333333334,0.0,0.25,0.25,0.16666666666666666,17.353558826136542,22.58195887649723,28.2820163227649,12.214632814099947,19.939176335826215,24.988284252187054,2.5633922589486087e-16,7.857450358930123e-16,1.1246853929879926e-16,7.8574503589301175e-16,2.9593501620641995e-14,converged
2025-01-16T01:55:00+08:00,17.916666666666668,-14.0,0.0,4.013888888888889,57.4,57.4,47.6,47.6,50.0,60.0,85.0,43.66295955908678,14.57268529550278,14.243316535082538,14.846957728501463,84.33241521307608,1.3458343695060875,57.4,57.4,57.4,48.018994557654935,46.849030537974244,46.5844719666132,47.1495513380451,0.535655,0.5186332625976584,28.4172312854734,28.573111771964918,17.34427604205618,28.281003989697744,22.468967774810263,22.640659674637707,22.576523337091576,22.479750505131797,17.13291393989671,22.649202078608443,22.585273600242015,22.4887194277183,0.8333333333333334,0.0,0.25,0.25,0.16666666666666666,17.34427604205618,22.576523337091576,28.281003989697744,12.214632814099947,19.939176335826215,24.988284252187054,2.5633922589486087e-16,2.244655910495402e-16,1.1246853929879926e-16,2.244655910495402e-16,2.6997194774558272e-14,converged
2025-01-16T02:00:00+08:00,18.0,-14.0,0.0,4.006944444444445,57.4,57.4,47.6,47.6,50.0,60.0,85.0,43.66295955908678,14.57268529550278,14.243316535082538,14.846957728501463,84.33241521307608,1.3458343695060875,57.4,57.4,57.4,48.01800236214633,46.847386321616554,46.58261095260026,47.148051017316114,0.535655,0.5187091730539009,28.415582705166216,28.571038839235698,17.335034652234572,28.279994659493916,22.463394740191056,22.634709624446483,22.57110794319586,22.474934147374594,17.123514618513287,22.643292919768992,22.579896415706447,22.483938877164423,0.8333333333333334,0.0,0.25,0.25,0.16666666666666666,17.335034652234572,22.57110794319586,28.279994659493916,12.214632814099947,19.939176335826215,24.988284252187054,2.5633922589486087e-16,5.61081854122318e-16,1.1246853929879926e-16,5.61081854122318e-16,3.263336302440789e-14,converged
2025-01-16T02:05:00+08:00,18.083333333333332,-14.0,0.0,4.0,57.4,57.4,47.6,47.6,50.0,60.0,85.0,43.66295955908678,14.57268529550278,14.243316535082538,14.846957728501463,84.33241521307608,1.3458343695060875,57.4,57.4,57.4,48.01701416891059,46.845748394293274,46.5807575758809,47.146556680861856,0.535655,0.518784780728867,28.413939828623523,28.56897270159592,17.325834472084356,28.278988323246075,22.457844650955185,22.62878278506173,22.565712620145625,22.47013479175113,17.114161814552116,22.637406824815216,22.574539171291992,22.479175211563696,0.8333333333333334,0.0,0.25,0.25,0.16666666666666666,17.325834472084356,22.565712620145625,28.278988323246075,12.214632814099947,19.939176335826215,24.988284252187054,2.5633922589486087e-16,4.488000656587382e-16,1.1246853929879926e-16,4.488000656587382e-16,2.789475482329636e-14,converged
2025-01-16T02:10:00+08:00,18.166666666666668,-13.972222222222223,0.27777777777777385,3.993055555555556,57.4,57.4,47.6,47.6,50.0,60.0,85.0,43.66295955908678,14.57268529550278,14.243316535082538,14.846957728501463,84.33241521307608,1.3458343695060875,57.4,57.4,57.4,48.01603905009233,46.84412724726139,46.57892293220803,47.14507855185504,0.5350832555555556,0.5188595683693519,28.41235809550579,28.566970260811978,17.316764285551617,28.27803093551402,22.45239133411133,22.622953481818296,22.56040550017764,22.46541417367558,17.10495227924355,22.631618119526376,22.56926999961026,22.474490166651602,0.8333333333333334,0.0,0.25,0.25,0.16666666666666666,17.316764285551617,22.56040550017764,28.27803093551402,12.214632814099947,19.939176335826215,24.988284252187054,2.5633922589486087e-16,3.365515322174733e-16,1.1246853929879926e-16,3.3655153221747315e-16,2.3280328065991052e-14,converged
2025-01-16T02:15:00+08:00,18.25,-13.944444444444445,0.5555555555555596,3.986111111111111,57.4,57.4,47.6,47.6,50.0,60.0,85.0,43.66295955908678,14.57268529550278,14.243316535082538,14.846957728501463,84.33241521307608,1.3458343695060875,57.4,57.4,57.4,48.01508603353909,46.84253331818988,46.577118057365524,47.14362680081151,0.5345115111111112,0.5189330213863874,28.410837294268763,28.565031308085082,17.307823512962266,28.277122351102747,22.44703439122672,22.617221334233257,22.555186256388556,22.46077201519801,17.095885303548275,22.62592642378338,22.564088574062648,22.469883464739073,0.8333333333333334,0.0,0.25,0.25,0.16666666666666666,17.307823512962266,22.555186256388556,28.277122351102747,12.214632814099947,19.939176335826215,24.988284252187054,2.5633922589486087e-16,1.1216796487138003e-16,1.1246853929879926e-16,1.1216796487138003e-16,2.7428551177324902e-14,converged
2025-01-16T02:20:00+08:00,18.333333333333332,-13.916666666666666,0.8333333333333334,3.9791666666666665,57.4,57.4,47.6,47.6,50.0,60.0,85.0,43.66295955908678,14.57268529550278,14.243316535082538,14.846957728501463,84.33241521307608,1.3458343695060875,57.4,57.4,57.4,48.014155036552715,46.84096650283941,46.57534282977483,47.14220132478542,0.5339397666666666,0.5190051449886363,28.409377214100083,28.563155635300895,17.29901157722712,28.276262425247943,22.441773425509016,22.611585963307927,22.550054563086597,22.456208039349676,17.08696018193602,22.620331358950768,22.558994569261674,22.465354829117835,0.8333333333333334,0.0,0.25,0.25,0.16666666666666666,17.29901157722712,22.550054563086597,28.276262425247943,12.214632814099947,19.939176335826215,24.988284252187054,2.5633922589486087e-16,1.1215237743884385e-16,1.1246853929879926e-16,1.1215237743884383e-16,2.463103096188069e-14,converged
2025-01-16T02:25:00+08:00,18.416666666666668,-13.88888888888889,1.1111111111111072,3.9722222222222223,57.4,57.4,47.6,47.6,50.0,60.0,85.0,43.66295955908678,14.57268529550278,14.243316535082538,14.846957728501463,84.33241521307608,1.3458343695060875,57.4,57.4,57.4,48.013245976752636,46.839426697371216,46.57359712836375,47.14080202123978,0.5333680222222221,0.5190759443640759,28.407977644916766,28.561343035027278,17.290327903830384,28.275451013614703,22.43660804179956,22.60604699152208,22.5450100957871,22.45172197013955,17.078176212368206,22.614832547870922,22.553987661026483,22.460903984056955,0.8333333333333334,0.0,0.25,0.25,0.16666666666666666,17.290327903830384,22.5450100957871,28.275451013614703,12.214632814099947,19.939176335826215,24.988284252187054,2.5633922589486087e-16,4.485483216509144e-16,1.1246853929879926e-16,4.485483216509144e-16,2.3394374099661086e-14,converged
2025-01-16T02:30:00+08:00,18.5,-13.86111111111111,1.3888888888888928,3.9652777777777777,57.4,57.4,47.6,47.6,50.0,60.0,85.0,43.66295955908678,14.57268529550278,14.243316535082538,14.846957728501463,84.33241521307608,1.3458343695060875,57.4,57.4,57.4,48.0123587720746,46.83791379834555,46.57188083256423,47.13942878804477,0.5327962777777778,0.5191454246800816,28.406638377362672,28.559593300512056,17.281771920818173,28.274687972296263,22.431537846566645,22.60060404282817,22.540052531208012,22.447313532550876,17.069532696280646,22.6094296148583,22.549067526378373,22.456530654799383,0.8333333333333334,0.0,0.25,0.25,0.16666666666666666,17.281771920818173,22.540052531208012,28.274687972296263,12.214632814099947,19.939176335826215,24.988284252187054,2.5633922589486087e-16,1.1212207244114174e-16,1.1246853929879926e-16,1.1212207244114174e-16,2.565792752149967e-14,converged
2025-01-16T02:35:00+08:00,18.583333333333332,-13.833333333333334,1.6666666666666667,3.9583333333333335,57.3,57.3,47.53333333333333,47.53333333333333,50.0,60.0,85.0,43.60180695466229,14.55227537211972,14.223367912484383,14.82616367005818,84.09635538422482,1.340187519390952,57.4,57.4,57.4,48.000515125471466,46.824123264577516,46.5575628834857,47.12610869561527,0.5322245333333333,0.5190913317730514,28.405345940787257,28.557893726715655,17.273326550057316,28.27396173592081,22.42654620297859,22.595241425379875,22.53516696922173,22.44296853063132,17.061010307675208,22.60410695231996,22.544219345407022,22.452220722039144,0.8333333333333334,0.0,0.25,0.25,0.16666666666666666,17.273326550057316,22.53516696922173,28.27396173592081,12.231764136419862,19.967141520027933,25.02333093416769,1.0282350969811025e-16,2.242675126731494e-16,0.0,2.305750364670817e-15,2.6735078815886826e-14,converged
2025-01-16T02:40:00+08:00,18.666666666666668,-13.805555555555555,1.9444444444444406,3.951388888888889,57.3,57.3,47.53333333333333,47.53333333333333,50.0,60.0,85.0,43.60180695466229,14.55227537211972,14.223367912484383,14.82616367005818,84.09635538422482,1.340187519390952,57.4,57.4,57.4,47.99966642729866,46.82265763015663,46.555898490330634,47.124781381073,0.5316527888888889,0.5191583947244703,28.404113434605808,28.556256647452997,17.265007803581025,28.273283616931142,22.421649030244815,22.589974140736086,22.53036771898694,22.43870066063907,17.052627074076455,22.598879478018475,22.53945734741839,22.447987805686203,0.8333333333333334,0.0,0.25,0.25,0.16666666666666666,17.265007803581025,22.53036771898694,28.273283616931142,12.231764136419862,19.967141520027933,25.02333093416769,1.0282350969811025e-16,5.605963565739854e-16,0.0,1.0931628953192716e-15,2.881951528908895e-14,converged
2025-01-16T02:45:00+08:00,18.75,-13.777777777777777,2.2222222222222263,3.944444444444444,57.3,57.3,47.53333333333333,47.53333333333333,50.0,60.0,85.0,43.60180695466229,14.55227537211972,14.223367912484383,14.82616367005818,84.09635538422482,1.340187519390952,57.34463528272839,57.4,57.4,47.9599592553427,46.82121864195297,46.554263195805284,47.11050348419312,0.5310810444444445,0.5189461735385081,28.40283194506385,28.554578867652296,17.25671730816429,28.27256028290648,22.416845939452273,22.584801817050845,22.525654460646074,22.434509650322838,17.0443823068677,22.59374682046868,22.53478121285739,22.443831633748292,0.8333333333333334,0.0,0.25,0.25,0.16666666666666666,17.25671730816429,22.525654460646074,28.27256028290648,12.231764136419862,19.967141520027933,25.02333093416769,1.0282350969811025e-16,1.121651220907367e-16,0.0,5.608256104536835e-17,2.988506893470768e-14,converged
2025-01-16T02:50:00+08:00,18.833333333333332,-13.75,2.5,3.9375,57.3,57.3,47.53333333333333,47.53333333333333,50.0,60.0,85.0,43.60180695466229,14.55227537211972,14.223367912484383,14.82616367005818,84.09635538422482,1.340187519390952,57.3,57.39934283040056,57.4,47.927766345057556,46.81934816448182,46.55265688113819,47.098602599685215,0.5305093000000001,0.5187839523392686,28.401522860156497,28.55288061594682,17.248474068716217,28.271810039197735,22.41213525618573,22.579722864566754,22.521025717132414,22.4303941251588,17.036275320839916,22.58870860963519,22.53019062335379,22.43975193519371,0.8333333333333334,0.0,0.25,0.25,0.16666666666666666,17.248474068716217,22.521025717132414,28.271810039197735,12.231764136419862,19.967141520027933,25.02333093416769,1.0282350969811025e-16,0.0,0.0,1.0737909342107311e-15,3.2381576117122157e-14,converged
2025-01-16T02:55:00+08:00,18.916666666666668,-13.722222222222223,2.777777777777774,3.930555555555556,57.3,57.3,47.53333333333333,47.53333333333333,50.0,60.0,85.0,43.60180695466229,14.55227537211972,14.223367912484383,14.82616367005818,84.09635538422482,1.340187519390952,57.3,57.3,57.4,47.926928319941275,46.748694675495024,46.5510794280522,47.074738604343516,0.5299375555555556,0.5183523309319528,28.40027376323548,28.551244854441833,17.24035655228155,28.271107984077844,22.40732371943945,22.574554170024488,22.516307546458915,22.42618844315415,17.028305434174875,22.58376447692673,22.525685261717843,22.435748439947933,0.8333333333333334,0.0,0.25,0.25,0.16666666666666666,17.24035655228155,22.516307546458915,28.271107984077844,12.231764136419862,19.967141520027933,25.02333093416769,1.0282350969811025e-16,4.491744895508817e-16,0.0,5.092691234068103e-16,2.731900681754298e-14,converged
2025-01-16T03:00:00+08:00,19.0,-13.694444444444445,3.05555555555556,3.923611111111111,57.3,57.3,47.53333333333333,47.53333333333333,50.0,60.0,85.0,43.60180695466229,14.55227537211972,14.223367912484383,14.82616367005818,84.09635538422482,1.340187519390952,57.3,57.3,57.30046661868335,47.92611189320868,46.74728028776655,46.47996084340506,47.04982188470486,0.529365811111111,0.5179012327235839,28.399084446781515,28.54967137832102,17.232364198281505,28.27045397462483,22.4026059120923,22.569480051889713,22.511675067211428,22.422059401321597,17.020277280133122,22.57872951726106,22.52108948385501,22.43165388507395,0.8333333333333334,0.0,0.25,0.25,0.16666666666666666,17.232364198281505,22.511675067211428,28.27045397462483,12.231764136419862,19.967141520027933,25.02333093416769,1.0282350969811025e-16,3.371742944539439e-16,0.0,8.946348342417964e-16,3.237175797873959e-14,converged
2025-01-16T03:05:00+08:00,19.083333333333332,-13.666666666666666,3.3333333333333335,3.9166666666666665,57.2,57.2,47.46666666666667,47.46666666666667,50.0,60.0,85.0,43.54065435023779,14.531865448736664,14.203419289886225,14.805369611614902,83.86062640306643,1.334556486772785,57.3,57.3,57.3,47.91434242025731,46.73358497414448,46.46542444381782,47.036483328902456,0.5287940666666666,0.5178398472671654,28.397941451408087,28.548147492553902,17.224479919823857,28.26983645570573,22.397965196233127,22.564484816466443,22.50711337770865,22.417992802596025,17.012366271381502,22.573772518890813,22.51656362864232,22.427620954472825,0.8333333333333334,0.0,0.25,0.25,0.16666666666666666,17.224479919823857,22.50711337770865,28.26983645570573,12.248943580431689,19.995185258117864,25.058476061884218,1.0311254261164666e-16,3.3721426356421397e-16,0.0,8.324977131741533e-16,2.6138516066853215e-14,converged
2025-01-16T03:10:00+08:00,19.166666666666668,-13.63888888888889,3.611111111111107,3.9097222222222223,57.2,57.2,47.46666666666667,47.46666666666667,50.0,60.0,85.0,43.54065435023779,14.531865448736664,14.203419289886225,14.805369611614902,83.86062640306643,1.334556486772785,57.3,57.3,57.3,47.91356406684602,46.732217250015886,46.46387248597701,47.035249663571236,0.5282223222222222,0.5179020911439153,28.396857868949144,28.546685524841244,17.216719760603553,28.2692667314952,22.39341750440651,22.559583478689486,22.50263679784326,22.414002351514128,17.004591388555962,22.568909279547718,22.512122759401525,22.423664060427413,0.8333333333333334,0.0,0.25,0.25,0.16666666666666666,17.216719760603553,22.50263679784326,28.2692667314952,12.248943580431689,19.995185258117864,25.058476061884218,1.0311254261164666e-16,1.123912451963678e-16,0.0,6.076151693428634e-16,2.736332553735291e-14,converged
2025-01-16T03:15:00+08:00,19.25,-13.61111111111111,3.888888888888893,3.9027777777777777,57.2,57.2,47.46666666666667,47.46666666666667,50.0,60.0,85.0,43.54065435023779,14.531865448736664,14.203419289886225,14.805369611614902,83.86062640306643,1.334556486772785,57.24497887160863,57.3,57.3,47.87418750053539,46.730875820887746,46.46234918800918,47.02115201523736,0.5276505777777778,0.5176868590846583,28.395725486683386,28.54518294450873,17.208985987569626,28.268652070038602,22.388962453698838,22.554775672352076,22.49824501224814,22.410087779329167,16.99695195809227,22.564139433365376,22.507766561051262,22.419782934436043,0.8333333333333334,0.0,0.25,0.25,0.16666666666666666,17.208985987569626,22.49824501224814,28.268652070038602,12.248943580431689,19.995185258117864,25.058476061884218,1.0311254261164666e-16,1.0119417540315377e-15,0.0,1.4212862482838786e-15,5.5197249458463375e-14,converged
2025-01-16T03:20:00+08:00,19.333333333333332,-13.583333333333334,4.166666666666667,3.8958333333333335,57.2,57.2,47.46666666666667,47.46666666666667,50.0,60.0,85.0,43.54065435023779,14.531865448736664,14.203419289886225,14.805369611614902,83.86062640306643,1.334556486772785,57.2,57.29990370516236,57.3,47.841838913398746,46.72949350477449,46.46085443300708,47.009396350583316,0.5270788333333334,0.517520983907492,28.394564339326248,28.543658698326027,17.20129639726227,28.268009616144976,22.38459947421663,22.55006085404361,22.493937537024276,22.40624865662338,16.98944730975907,22.559462615905066,22.503494719678326,22.415977308945187,0.8333333333333334,0.0,0.25,0.25,0.16666666666666666,17.20129639726227,22.493937537024276,28.268009616144976,12.248943580431689,19.995185258117864,25.058476061884218,1.0311254261164666e-16,1.1247401114825548e-16,0.0,2.276720022540078e-15,3.7078866988244446e-14,converged
2025-01-16T03:25:00+08:00,19.416666666666668,-13.555555555555555,4.444444444444441,3.888888888888889,57.2,57.2,47.46666666666667,47.46666666666667,50.0,60.0,85.0,43.54065435023779,14.531865448736664,14.203419289886225,14.805369611614902,83.86062640306643,1.334556486772785,57.2,57.2,57.3,47.841070423312736,46.65858153602329,46.459388104549696,46.98550903033796,0.526507088888889,0.5170819133988367,28.3934626676693,28.542196371378914,17.193730058189093,28.267415030904488,22.38013315580931,22.545253874661547,22.48953849547235,22.40231749822558,16.982076776641357,22.554878464150182,22.499306922533318,22.412246917346103,0.8333333333333334,0.0,0.25,0.25,0.16666666666666666,17.193730058189093,22.48953849547235,28.267415030904488,12.248943580431689,19.995185258117864,25.058476061884218,1.0311254261164666e-16,1.125695163670723e-16,0.0,1.143723875276387e-15,1.453135177182464e-14,converged
2025-01-16T03:30:00+08:00,19.5,-13.527777777777777,4.722222222222227,3.881944444444444,57.2,57.2,47.46666666666667,47.46666666666667,50.0,60.0,85.0,43.54065435023779,14.531865448736664,14.203419289886225,14.805369611614902,83.86062640306643,1.334556486772785,57.2,57.2,57.201169521237695,47.84032328100783,46.65726360991686,46.388906440317875,46.960863477019195,0.5259353444444445,0.516629825531175,28.39242026599267,28.540795760749308,17.186286420843306,28.26686817236284,22.375759143564586,22.54054005871531,22.48522396087853,22.39846200946394,16.97464642406652,22.550203422596702,22.495028807015153,22.408425716623647,0.8333333333333334,0.0,0.25,0.25,0.16666666666666666,17.186286420843306,22.48522396087853,28.26686817236284,12.248943580431689,19.995185258117864,25.058476061884218,1.0311254261164666e-16,3.3800406811755964e-16,0.0,3.322957108392315e-15,3.973801990122383e-14,converged
2025-01-16T03:35:00+08:00,19.583333333333332,-13.5,5.0,3.875,57.1,57.1,47.4,47.4,50.0,60.0,85.0,43.4795017458133,14.511455525353606,14.183470667288075,14.78457555317162,83.62522826960084,1.3289412494671582,57.2,57.2,57.2,47.82862703897378,46.64366218699603,46.37398517406721,46.94744912211781,0.5253635999999999,0.5165600483719064,28.391423686633416,28.53944418191275,17.178948390597487,28.2663574959459,22.37146079932975,22.535903711501092,22.480979030730815,22.39466799276838,16.96732886313518,22.545603629135407,22.49081819403841,22.404663992692765,0.8333333333333334,0.0,0.25,0.25,0.16666666666666666,17.178948390597487,22.480979030730815,28.2663574959459,12.266171349180537,20.023307881546998,25.093720050719494,3.619097857576938e-16,4.507329678083024e-16,0.0,2.824123751423895e-15,2.2899196785869278e-14,converged
2025-01-16T03:40:00+08:00,19.666666666666668,-13.472222222222223,5.277777777777774,3.868055555555556,57.1,57.1,47.4,47.4,50.0,60.0,85.0,43.4795017458133,14.511455525353606,14.183470667288075,14.78457555317162,83.62522826960084,1.3289412494671582,57.2,57.2,57.2,47.827917547637384,46.64239033762259,46.3725431134001,46.94630708407352,0.5247918555555555,0.51661758831825,28.390486013307278,28.53815395588121,17.171732041171367,28.265894297204635,22.3672540678424,22.531359860216202,22.47681803472721,22.390949160193284,16.960144488326915,22.541096198812966,22.486691396545613,22.400977346144817,0.8333333333333334,0.0,0.25,0.25,0.16666666666666666,17.171732041171367,22.47681803472721,28.265894297204635,12.266171349180537,20.023307881546998,25.093720050719494,3.619097857576938e-16,3.380120744801857e-16,0.0,2.5403719972651458e-15,1.952954762762704e-14,converged
2025-01-16T03:45:00+08:00,19.75,-13.444444444444445,5.55555555555556,3.861111111111111,57.1,57.1,47.4,47.4,50.0,60.0,85.0,43.4795017458133,14.511455525353606,14.183470667288075,14.78457555317162,83.62522826960084,1.3289412494671582,57.14532342698362,57.2,57.2,47.78887059260271,46.6411444399989,46.371129284712474,46.93238783163186,0.5242201111111111,0.5163994642748893,28.38949973593986,28.536823217904264,17.164540280876036,28.26538644604791,22.363138572040853,22.52690814416149,22.472740661891496,22.387305246422503,16.953092640685597,22.53668077125057,22.4826481038299,22.397365511895025,0.8333333333333334,0.0,0.25,0.25,0.16666666666666666,17.164540280876036,22.472740661891496,28.26538644604791,12.266171349180537,20.023307881546998,25.093720050719494,3.619097857576938e-16,2.2543656583842765e-16,0.0,2.573147052265178e-15,3.4736485287845456e-14,converged
2025-01-16T03:50:00+08:00,19.833333333333332,-13.416666666666666,5.833333333333334,3.8541666666666665,57.1,57.1,47.4,47.4,50.0,60.0,85.0,43.4795017458133,14.511455525353606,14.183470667288075,14.78457555317162,83.62522826960084,1.3289412494671582,57.1,57.2,57.2,47.75636445725787,46.63992439478753,46.3697435729142,46.9206695976792,0.5236483666666666,0.5162277248999879,28.388483532737325,28.535469629827034,17.157389694707618,28.26484992399139,22.359113936415348,22.522548204044394,22.468746602399634,22.38373598707616,16.94617266451538,22.532356987475527,22.478688006336206,22.393828225794575,0.8333333333333334,0.0,0.25,0.25,0.16666666666666666,17.157389694707618,22.468746602399634,28.26484992399139,12.266171349180537,20.023307881546998,25.093720050719494,3.619097857576938e-16,1.127557821981459e-16,0.0,1.6596241692289598e-15,2.953080532309118e-14,converged
2025-01-16T03:55:00+08:00,19.916666666666668,-13.38888888888889,6.111111111111107,3.8472222222222223,57.1,57.1,47.4,47.4,50.0,60.0,85.0,43.4795017458133,14.511455525353606,14.183470667288075,14.78457555317162,83.62522826960084,1.3289412494671582,57.1,57.10046615763095,57.2,47.75566403754843,46.56940045906651,46.368385863393534,46.896968510943765,0.5230766222222222,0.5157859668902776,28.387526303435607,28.534177401138514,17.150359953730256,28.26436095624552,22.35498533419365,22.518095443635087,22.464660504146874,22.380074396023605,16.93938390736455,22.528124489915765,22.474810795657014,22.390365224627317,0.8333333333333334,0.0,0.25,0.25,0.16666666666666666,17.150359953730256,22.464660504146874,28.26436095624552,12.266171349180537,20.023307881546998,25.093720050719494,3.619097857576938e-16,5.642617737780548e-16,0.0,8.50360126263959e-16,4.371362770469952e-14,converged
2025-01-16T04:00:00+08:00,20.0,-13.36111111111111,6.388888888888893,3.8402777777777777,57.1,57.1,47.4,47.4,50.0,60.0,85.0,43.4795017458133,14.511455525353606,14.183470667288075,14.78457555317162,83.62522826960084,1.3289412494671582,57.1,57.1,57.10187440101439,47.75498472100831,46.567852419725725,46.29853958885929,46.87248658445981,0.5225048777777778,0.5153306844142607,28.38662784407756,28.532946330782,17.143450519214184,28.263919401806888,22.35094673726648,22.513733602057215,22.46065693328635,22.376486742325525,16.93253386955852,22.52380107570106,22.470843393611318,22.386811688106746,0.8333333333333334,0.0,0.25,0.25,0.16666666666666666,17.143450519214184,22.46065693328635,28.263919401806888,12.266171349180537,20.023307881546998,25.093720050719494,3.619097857576938e-16,2.2590411428587014e-16,0.0,2.635593960311528e-16,2.306764812695206e-14,converged
2025-01-16T04:05:00+08:00,20.083333333333332,-13.333333333333334,6.666666666666667,3.8333333333333335,57.0,57.0,47.333333333333336,47.333333333333336,50.0,60.0,85.0,43.418349141388816,14.491045601970553,14.16352204468992,14.763781494728345,83.39016098382815,1.3233417852896456,57.1,57.1,57.1,47.74336079414269,46.55434359284135,46.28323088212302,46.85899482730036,0.5219331333333334,0.5152526266765909,28.38577471917952,28.531763745231853,17.136644289802433,28.263513726978488,22.346982420646132,22.509447848979327,22.45672180851136,22.37295961071897,16.92579235514478,22.519550226909427,22.466941097901824,22.38331549908651,0.8333333333333334,0.0,0.25,0.25,0.16666666666666666,17.136644289802433,22.45672180851136,28.263513726978488,12.283447646855437,20.051509723633682,25.12906331839656,1.0369427653584326e-16,1.2426608558563046e-15,0.0,1.007896802122088e-15,2.1992574417727667e-14,converged
2025-01-16T04:10:00+08:00,20.166666666666668,-13.305555555555555,6.944444444444441,3.826388888888889,57.0,57.0,47.333333333333336,47.333333333333336,50.0,60.0,85.0,43.418349141388816,14.491045601970553,14.16352204468992,14.763781494728345,83.39016098382815,1.3233417852896456,57.1,57.1,57.1,47.742718716794464,46.55316562809945,46.28189624254104,46.85794244208099,0.5213613888888889,0.5153055750190052,28.384980003807623,28.53064195824228,17.129957367637207,28.26315521833435,22.343108340141214,22.50525322276607,22.452869468410462,22.369506720025594,16.9191811736802,22.515390377903316,22.46312147311559,22.379893448512306,0.8333333333333334,0.0,0.25,0.25,0.16666666666666666,17.129957367637207,22.452869468410462,28.26315521833435,12.283447646855437,20.051509723633682,25.12906331839656,1.0369427653584326e-16,4.518302439194113e-16,0.0,1.286657218036136e-15,2.844387538865166e-14,converged
2025-01-16T04:15:00+08:00,20.25,-13.277777777777777,7.222222222222227,3.819444444444444,57.0,57.0,47.333333333333336,47.333333333333336,50.0,60.0,85.0,43.418349141388816,14.491045601970553,14.16352204468992,14.763781494728345,83.39016098382815,1.3233417852896456,57.045668952937106,57.1,57.1,47.70400041428378,46.552013279645315,46.28058941763842,46.84419978052982,0.5207896444444444,0.5150846750893727,28.384136892154693,28.529479772519387,17.1232933035929,28.262752349049492,22.33932412439816,22.501149368097447,22.449099606301044,22.366127808287455,16.91269968038562,22.51132117366346,22.45938421282326,22.376545274644112,0.8333333333333334,0.0,0.25,0.25,0.16666666666666666,17.1232933035929,22.449099606301044,28.262752349049492,12.283447646855437,20.051509723633682,25.12906331839656,1.0369427653584326e-16,4.520240164657801e-16,0.0,1.6597756854602866e-15,4.990477685423963e-14,converged
2025-01-16T04:20:00+08:00,20.333333333333332,-13.25,7.5,3.8125,57.0,57.0,47.333333333333336,47.333333333333336,50.0,60.0,85.0,43.418349141388816,14.491045601970553,14.16352204468992,14.763781494728345,83.39016098382815,1.3233417852896456,57.0,57.1,57.1,47.671334892807685,46.550886449442224,46.27931029409622,46.832495002336366,0.5202179,0.5149066981716738,28.383262702677637,28.528293561912985,17.116667467944357,28.26231993458547,22.335629403591653,22.49713593103893,22.445411916636623,22.36282261447093,16.906347233671706,22.507342260555635,22.4557290117313,22.373270716665964,0.8333333333333334,0.0,0.25,0.25,0.16666666666666666,17.116667467944357,22.445411916636623,28.26231993458547,12.283447646855437,20.051509723633682,25.12906331839656,1.0369427653584326e-16,3.391351935417659e-16,0.0,3.790542319482446e-15,2.4911779290750807e-14,converged
2025-01-16T04:25:00+08:00,20.416666666666668,-13.222222222222223,7.777777777777774,3.805555555555556,57.0,57.0,47.333333333333336,47.333333333333336,50.0,60.0,85.0,43.418349141388816,14.491045601970553,14.16352204468992,14.763781494728345,83.39016098382815,1.3233417852896456,57.0,57.00103019447267,57.1,47.67070111299276,46.480883527275935,46.278058759066234,46.80902222012874,0.5196461555555555,0.5144633321366003,28.38244699556742,28.52716816174382,17.11016013541872,28.261934765580918,22.331830502558788,22.493029406564457,22.441632083345386,22.359425138589636,16.900123195123175,22.503453286325254,22.45215556567778,22.370069514682683,0.8333333333333334,0.0,0.25,0.25,0.16666666666666666,17.11016013541872,22.441632083345386,28.261934765580918,12.283447646855437,20.051509723633682,25.12906331839656,1.0369427653584326e-16,4.525699483516318e-16,0.0,3.4574752987839997e-15,3.5015492304275607e-14,converged
2025-01-16T04:30:00+08:00,20.5,-13.194444444444445,8.05555555555556,3.798611111111111,57.0,57.0,47.333333333333336,47.333333333333336,50.0,60.0,85.0,43.418349141388816,14.491045601970553,14.16352204468992,14.763781494728345,83.39016098382815,1.3233417852896456,57.0,57.0,57.002581266367926,47.67008819758472,46.47903563248812,46.20884640676052,46.78468019536802,0.5190744111111111,0.5140044870227743,28.38168956859374,28.526103372780447,17.103770777776216,28.261596701966855,22.328119148877885,22.48901140736483,22.43793265147885,22.35609972396442,16.893836503019557,22.49947340380574,22.448492083841277,22.36677807395487,0.8333333333333334,0.0,0.25,0.25,0.16666666666666666,17.103770777776216,22.43793265147885,28.261596701966855,12.283447646855437,20.051509723633682,25.12906331839656,1.0369427653584326e-16,3.3973046373944417e-16,0.0,3.9408512615088194e-16,2.772020293628919e-14,converged
2025-01-16T04:35:00+08:00,20.583333333333332,-13.166666666666666,8.333333333333334,3.7916666666666665,56.9,56.9,47.266666666666666,47.266666666666666,50.0,60.0,85.0,43.357196536964324,14.470635678587493,14.143573422091762,14.742987436285064,83.1554245457483,1.3177580720558173,57.0,57.0,57.0,47.658535696499996,46.46561814099432,46.193147730969336,46.77110946807456,0.5185026666666667,0.513918256937329,28.380976998904142,28.525086532984876,17.097482287918233,28.261294221240092,22.3244807226945,22.485068149392518,22.434300533677572,22.352833902077386,16.887654148821934,22.495563433777992,22.444891335433265,22.3635418691729,0.8333333333333334,0.0,0.25,0.25,0.16666666666666666,17.097482287918233,22.434300533677572,28.261294221240092,12.300772678797408,20.07979111957675,25.164506284995145,1.0398699135578746e-16,0.0,1.1326168837707006e-16,3.2315203887374053e-15,2.6575971758045438e-14,converged
2025-01-16T04:40:00+08:00,20.666666666666668,-13.13888888888889,8.611111111111107,3.7847222222222223,56.9,56.9,47.266666666666666,47.266666666666666,50.0,60.0,85.0,43.357196536964324,14.470635678587493,14.143573422091762,14.742987436285064,83.1554245457483,1.3177580720558173,57.0,57.0,57.0,47.657959618834646,46.46453211516203,46.191918096892095,46.77014480755203,0.5179309222222223,0.513966723254642,28.380322352389115,28.52412994829006,17.091310794840847,28.261038600646717,22.32093118978587,22.481214681102124,22.430750076519516,22.349641397777194,16.88159935845883,22.491743131949548,22.441372138732884,22.36037888370249,0.8333333333333334,0.0,0.25,0.25,0.16666666666666666,17.091310794840847,22.430750076519516,28.261038600646717,12.300772678797408,20.07979111957675,25.164506284995145,1.0398699135578746e-16,6.79510850954007e-16,1.1326168837707006e-16,2.2738839673851535e-15,2.5640642932450023e-14,converged
2025-01-16T04:45:00+08:00,20.75,-13.11111111111111,8.888888888888893,3.7777777777777777,56.9,56.9,47.266666666666666,47.266666666666666,50.0,60.0,85.0,43.357196536964324,14.470635678587493,14.143573422091762,14.742987436285064,83.1554245457483,1.3177580720558173,56.94601545357595,57.0,57.0,47.61956904490096,46.463471377770915,46.19071587052438,46.756576978419154,0.5173591777777778,0.5137431608151182,28.379619529135585,28.52313309039752,17.08516049319608,28.260738918035813,22.317470184366314,22.47745065242741,22.427280977520564,22.34652195239329,16.87567150090972,22.48801214853566,22.437934191493483,22.357288859077805,0.8333333333333334,0.0,0.25,0.25,0.16666666666666666,17.08516049319608,22.427280977520564,28.260738918035813,12.300772678797408,20.07979111957675,25.164506284995145,1.0398699135578746e-16,1.1330109158263759e-16,1.1326168837707006e-16,3.485778895722084e-15,2.3401695506092137e-14,converged
2025-01-16T04:50:00+08:00,20.833333333333332,-13.083333333333334,9.166666666666668,3.7708333333333335,56.9,56.9,47.266666666666666,47.266666666666666,50.0,60.0,85.0,43.357196536964324,14.470635678587493,14.143573422091762,14.742987436285064,83.1554245457483,1.3177580720558173,56.9,57.0,57.0,47.58674233199137,46.46243583205533,46.189540940273744,46.74488360932892,0.5167874333333333,0.5135590510894079,28.378884484600782,28.522111042081114,17.079045535357935,28.260408820044777,22.314097342155314,22.473775714666953,22.42389293531704,22.34347530816772,16.86986994827556,22.48437013511604,22.434577192588595,22.35427153774539,0.8333333333333334,0.0,0.25,0.25,0.16666666666666666,17.079045535357935,22.42389293531704,28.260408820044777,12.300772678797408,20.07979111957675,25.164506284995145,1.0398699135578746e-16,1.1334170976052714e-16,1.1326168837707006e-16,4.031600035466251e-15,2.7064465802756003e-14,converged
2025-01-16T04:55:00+08:00,20.916666666666668,-13.055555555555555,9.444444444444441,3.763888888888889,56.9,56.9,47.266666666666666,47.266666666666666,50.0,60.0,85.0,43.357196536964324,14.470635678587493,14.143573422091762,14.742987436285064,83.1554245457483,1.3177580720558173,56.9,56.90159582239153,57.0,47.58617379495246,46.3929527870733,46.18839319501099,46.72163748376859,0.5162156888888889,0.5131141921781857,28.378207440947538,28.52114926592771,17.073046800835645,28.260125664053326,22.31062014217521,22.470007456445337,22.42041267221773,22.340336453513267,16.864194075763326,22.480816744629557,22.43130084200779,22.35132666306097,0.8333333333333334,0.0,0.25,0.25,0.16666666666666666,17.073046800835645,22.42041267221773,28.260125664053326,12.300772678797408,20.07979111957675,25.164506284995145,1.0398699135578746e-16,0.0,1.1326168837707006e-16,1.7317321118328783e-15,2.7544967051625882e-14,converged
2025-01-16T05:00:00+08:00,21.0,-13.027777777777777,9.722222222222227,3.756944444444444,56.9,56.9,47.266666666666666,47.266666666666666,50.0,60.0,85.0,43.357196536964324,14.470635678587493,14.143573422091762,14.742987436285064,83.1554245457483,1.3177580720558173,56.9,56.9,56.9032901256999,47.585625889269295,46.39080241808533,46.11981335920132,46.69743356407967,0.5156439444444444,0.5126518945213209,28.377588197637262,28.520247564495737,17.067163771600104,28.25988931091071,22.30722806222958,22.466325358855038,22.417010707290814,22.337267801382723,16.85845426258735,22.477172488697395,22.42793463924155,22.348291868662415,0.8333333333333334,0.0,0.25,0.25,0.16666666666666666,17.067163771600104,22.417010707290814,28.25988931091071,12.300772678797408,20.07979111957675,25.164506284995145,1.0398699135578746e-16,9.083381770051622e-16,1.1326168837707006e-16,1.553264381140709e-15,3.867364196219459e-14,converged
2025-01-16T05:05:00+08:00,21.083333333333332,-13.0,10.0,3.75,56.8,56.8,47.2,47.2,50.0,60.0,85.0,43.296043932539824,14.450225755204437,14.123624799493609,14.722193377841782,82.92101895536133,1.3121900875812469,56.9,56.9,56.9,47.57414395033066,46.377475034611926,46.10372222986965,46.68378233321622,0.5150722,0.5125575974960574,28.37701334489701,28.51939328771978,17.06137933578168,28.259688249622705,22.30390759100659,22.462716687409262,22.413674950164893,22.334257832822637,16.85281468204319,22.473595521285652,22.424628819700985,22.345310215948142,0.8333333333333334,0.0,0.25,0.25,0.16666666666666666,17.06137933578168,22.413674950164893,28.259688249622705,12.318146651507572,20.10815240646881,25.20004937296831,1.5642142105273448e-16,0.0,0.0,2.5409757250722467e-15,2.6848839975429928e-14,converged
2025-01-16T05:10:00+08:00,21.166666666666668,-12.972222222222223,10.277777777777775,3.743055555555556,56.8,56.8,47.2,47.2,50.0,60.0,85.0,43.296043932539824,14.450225755204437,14.123624799493609,14.722193377841782,82.92101895536133,1.3121900875812469,56.9,56.9,56.9,47.57363249102576,46.37647904537988,46.10259524472043,46.68290351449555,0.5145004555555556,0.5126016886878066,28.376495938920765,28.518598733153436,17.05570964769457,28.25953374775861,22.30067470316887,22.459196499592593,22.410419754519477,22.331320277978346,16.84729997778468,22.470106921504403,22.421403457428344,22.34240088278924,0.8333333333333334,0.0,0.25,0.25,0.16666666666666666,17.05570964769457,22.410419754519477,28.25953374775861,12.318146651507572,20.10815240646881,25.20004937296831,1.5642142105273448e-16,6.813203568931434e-16,0.0,4.341643003431047e-15,2.5567390061275905e-14,converged
2025-01-16T05:15:00+08:00,21.25,-12.944444444444445,10.55555555555556,3.736111111111111,56.8,56.8,47.2,47.2,50.0,60.0,85.0,43.296043932539824,14.450225755204437,14.123624799493609,14.722193377841782,82.92101895536133,1.3121900875812469,56.84636293303015,56.9,56.9,47.53556875573433,46.3755080241884,46.10149527038492,46.66950880474309,0.513928711111111,0.5123755744614572,28.37593058732304,28.51776404303877,17.050059546995605,28.25933548925479,22.297529038361898,22.4557644504701,22.407244821975965,22.328454881397374,16.84190953214407,22.466706344681352,22.418258254267013,22.339563613924984,0.8333333333333334,0.0,0.25,0.25,0.16666666666666666,17.050059546995605,22.407244821975965,28.25933548925479,12.318146651507572,20.10815240646881,25.20004937296831,1.5642142105273448e-16,0.0,0.0,2.3412972269401814e-15,4.1622116982995814e-14,converged
2025-01-16T05:20:00+08:00,21.333333333333332,-12.916666666666666,10.833333333333334,3.7291666666666665,56.8,56.8,47.2,47.2,50.0,60.0,85.0,43.296043932539824,14.450225755204437,14.123624799493609,14.722193377841782,82.92101895536133,1.3121900875812469,56.8,56.9,56.9,47.50257907791675,46.37456187551391,46.10042219695355,46.6578248426635,0.5133569666666666,0.5121854339916376,28.375331879300454,28.516903005983096,17.04444196497578,28.259105949145127,22.294470237713792,22.452420196451506,22.40414985526087,22.325661388528403,16.836642730508736,22.46339344748858,22.41519291316527,22.33679815499563,0.8333333333333334,0.0,0.25,0.25,0.16666666666666666,17.04444196497578,22.40414985526087,28.259105949145127,12.318146651507572,20.10815240646881,25.20004937296831,1.5642142105273448e-16,1.1364567801125276e-16,0.0,1.0849610822636788e-15,2.945292410864738e-14,converged
2025-01-16T05:25:00+08:00,21.416666666666668,-12.88888888888889,11.111111111111107,3.7222222222222223,56.8,56.8,47.2,47.2,50.0,60.0,85.0,43.296043932539824,14.450225755204437,14.123624799493609,14.722193377841782,82.92101895536133,1.3121900875812469,56.8,56.802163048129366,56.9,47.50207441911047,46.3055976161113,46.0993759149727,46.63480377114805,0.5127852222222222,0.5117391947315129,28.37479070051071,28.516101713279625,17.038938387057964,28.258923052868205,22.291306937021073,22.44898242227091,22.400962617421953,22.322775778447927,16.831498961306075,22.4601678879373,22.41220713817221,22.33410425253923,0.8333333333333334,0.0,0.25,0.25,0.16666666666666666,17.038938387057964,22.400962617421953,28.258923052868205,12.318146651507572,20.10815240646881,25.20004937296831,1.5642142105273448e-16,5.687238881908041e-16,0.0,1.6470776980650867e-15,3.590194184685092e-14,converged
2025-01-16T05:30:00+08:00,21.5,-12.86111111111111,11.388888888888893,3.7152777777777777,56.8,56.8,47.2,47.2,50.0,60.0,85.0,43.296043932539824,14.450225755204437,14.123624799493609,14.722193377841782,82.92101895536133,1.3121900875812469,56.8,56.8,56.80400098745937,47.50159016418531,46.30314219533644,46.03142725018985,46.6107362046271,0.5122134777777778,0.5112735519993986,28.374306852072547,28.515359969241974,17.033548305151896,28.25878666217563,22.288226358834994,22.44562847224221,22.397851596647666,22.319958529098002,16.82629004769018,22.456851539534817,22.40913172205542,22.33132077141282,0.8333333333333334,0.0,0.25,0.25,0.16666666666666666,17.033548305151896,22.397851596647666,28.25878666217563,12.318146651507572,20.10815240646881,25.20004937296831,1.5642142105273448e-16,6.830902246263959e-16,0.0,1.313064180565412e-15,2.5079000598428743e-14,converged
2025-01-16T05:35:00+08:00,21.583333333333332,-12.833333333333334,11.666666666666668,3.7083333333333335,56.7,56.7,47.13333333333333,47.13333333333333,50.0,60.0,85.0,43.23489132811534,14.429815831821378,14.103676176895453,14.701399319398506,82.68694421266714,1.306637809681506,56.8,56.8,56.8,47.49017794891715,46.289903725062594,46.01494122577708,46.59700297037544,0.5116417333333334,0.511171290688962,28.373866937737247,28.514665136258458,17.028254603570716,28.25868527789576,22.28521610379317,22.442346664713835,22.394805702594976,22.31719907391018,16.821177339166617,22.45359988388162,22.406114361086786,22.3285883545675,0.8333333333333334,0.0,0.25,0.25,0.16666666666666666,17.028254603570716,22.394805702594976,28.25868527789576,12.335569772655392,20.136593923309643,25.23569300715921,1.5686422740183114e-16,4.554845858812963e-16,0.0,1.1138021514128573e-15,2.6459097757514602e-14,converged
2025-01-16T05:40:00+08:00,21.666666666666668,-12.805555555555555,11.944444444444441,3.701388888888889,56.7,56.7,47.13333333333333,47.13333333333333,50.0,60.0,85.0,43.23489132811534,14.429815831821378,14.103676176895453,14.701399319398506,82.68694421266714,1.306637809681506,56.8,56.8,56.8,47.489729758853926,46.28899591256726,46.01391459051689,46.59620815472092,0.5110699888888889,0.5112111110420213,28.37348400348654,28.514029502950454,17.023073460442934,28.258630157574398,22.282292154379057,22.439152065157312,22.391839295170048,22.31451114760586,16.81618689852621,22.45043532557551,22.403176387165963,22.325927376484568,0.8333333333333334,0.0,0.25,0.25,0.16666666666666666,17.023073460442934,22.391839295170048,28.258630157574398,12.335569772655392,20.136593923309643,25.23569300715921,1.5686422740183114e-16,4.554491062983391e-16,0.0,1.1137153927451576e-15,2.2681882768830966e-14,converged
2025-01-16T05:45:00+08:00,21.75,-12.777777777777777,12.222222222222227,3.694444444444444,56.7,56.7,47.13333333333333,47.13333333333333,50.0,60.0,85.0,43.23489132811534,14.429815831821378,14.103676176895453,14.701399319398506,82.68694421266714,1.306637809681506,56.746711395453104,56.8,56.8,47.451992005508814,46.288112754992184,46.01291457899875,46.582984895676695,0.5104982444444445,0.5109825531650111,28.373053366102592,28.513353883651956,17.017910361670094,28.258531592653732,22.279454155535962,22.436044333649477,22.388952080008924,22.311894497882832,16.811318121060168,22.44735752493748,22.400317506135785,22.323337585040846,0.8333333333333334,0.0,0.25,0.25,0.16666666666666666,17.017910361670094,22.388952080008924,28.258531592653732,12.335569772655392,20.136593923309643,25.23569300715921,1.5686422740183114e-16,3.4173961842491986e-16,0.0,2.2515657151433522e-15,3.605367163841391e-14,converged
2025-01-16T05:50:00+08:00,21.833333333333332,-12.75,12.5,3.6875,56.7,56.7,47.13333333333333,47.13333333333333,50.0,60.0,85.0,43.23489132811534,14.429815831821378,14.103676176895453,14.701399319398506,82.68694421266714,1.306637809681506,56.7,56.8,56.8,47.41883762036267,46.287254158027594,46.011941082953506,46.5713083820133,0.5099265,0.5107864814101005,28.372588245249908,28.51265076970313,17.01277701427516,28.258400883775337,22.276701753667876,22.433023131592133,22.386143763837776,22.309348873328833,16.806570405050447,22.444366143613284,22.39753742492904,22.320818729002962,0.8333333333333334,0.0,0.25,0.25,0.16666666666666666,17.01277701427516,22.386143763837776,28.258400883775337,12.335569772655392,20.136593923309643,25.23569300715921,1.5686422740183114e-16,2.2791386629018323e-16,0.0,1.4752081111048187e-15,2.741290993274171e-14,converged
2025-01-16T05:55:00+08:00,21.916666666666668,-12.722222222222223,12.777777777777775,3.680555555555556,56.7,56.7,47.13333333333333,47.13333333333333,50.0,60.0,85.0,43.23489132811534,14.429815831821378,14.103676176895453,14.701399319398506,82.68694421266714,1.306637809681506,56.7,56.702731878466196,56.8,47.418395507051294,46.21880763641349,46.01099399456081,46.54851080615931,0.5093547555555555,0.5103389717722473,28.372180191610244,28.512006882549613,17.007755510738434,28.258316525759433,22.273844743947418,22.429908242299707,22.383243152812422,22.30671124595832,16.801943151754962,22.441460844568237,22.394835851564444,22.3183705580242,0.8333333333333334,0.0,0.25,0.25,0.16666666666666666,17.007755510738434,22.383243152812422,28.258316525759433,12.335569772655392,20.136593923309643,25.23569300715921,1.5686422740183114e-16,4.56227442018237e-16,0.0,3.605711609622648e-15,4.1057838636264303e-14,converged
2025-01-16T06:00:00+08:00,22.0,-12.694444444444445,13.05555555555556,3.673611111111111,56.7,56.7,47.13333333333333,47.13333333333333,50.0,60.0,85.0,43.23489132811534,14.429815831821378,14.103676176895453,14.701399319398506,82.68694421266714,1.306637809681506,56.7,56.7,56.70471386014318,47.41797357559152,46.21604462647725,45.94367521416315,46.52457788459508,0.5087830111111111,0.5098700888712366,28.371829007926014,28.51142202822624,17.002845352643977,28.25827838124439,22.27106808818052,22.42687486811237,22.380416699330375,22.304140154045353,16.797249631296488,22.438464866308358,22.39204487506472,22.315833171034384,0.8333333333333334,0.0,0.25,0.25,0.16666666666666666,17.002845352643977,22.380416699330375,28.25827838124439,12.335569772655392,20.136593923309643,25.23569300715921,1.5686422740183114e-16,5.708087430891367e-16,0.0,1.7032843704913733e-15,4.082995100203423e-14,converged
2025-01-16T06:05:00+08:00,22.083333333333332,-12.666666666666666,13.333333333333334,3.6666666666666665,56.6,56.6,47.06666666666666,47.06666666666666,50.0,60.0,85.0,43.17373872369084,14.409405908438318,14.083727554297296,14.680605260955224,82.45320031766586,1.3011012161721667,56.7,56.7,56.7,47.40663027009877,46.20289390642216,45.92679189496458,46.510761179953086,0.5082112666666666,0.5097599632445646,28.371521311914016,28.51088358205249,16.998029421425098,28.258274963193312,22.268360502358924,22.423912383486194,22.377654316117084,22.301625986228405,16.79264836372133,22.435531012484738,22.389309647194118,22.31334478735535,0.8333333333333334,0.0,0.25,0.25,0.16666666666666666,16.998029421425098,22.377654316117084,28.258274963193312,12.353042251086919,20.165116011019716,25.27143761481808,5.243630556552759e-17,3.425592344070072e-16,1.1374297033901232e-16,1.250698038121417e-15,1.9766842016806904e-14,converged
2025-01-16T06:10:00+08:00,22.166666666666668,-12.63888888888889,13.611111111111107,3.6597222222222223,56.6,56.6,47.06666666666666,47.06666666666666,50.0,60.0,85.0,43.17373872369084,14.409405908438318,14.083727554297296,14.680605260955224,82.45320031766586,1.3011012161721667,56.7,56.7,56.7,47.40624403160173,46.20207245230074,45.92586336666343,46.51004857174036,0.5076395222222222,0.5097956144980825,28.371270138832877,28.510403823169778,16.99332391755195,28.258317518783837,22.265737975740503,22.421035860853177,22.37497036844315,22.29918248109379,16.788166832425645,22.4326830152955,22.38665275982696,22.310926980202765,0.8333333333333334,0.0,0.25,0.25,0.16666666666666666,16.99332391755195,22.37497036844315,28.258317518783837,12.353042251086919,20.165116011019716,25.27143761481808,5.243630556552759e-17,0.0,1.1374297033901232e-16,2.2104229684402212e-15,2.5435832079207724e-14,converged
2025-01-16T06:15:00+08:00,22.25,-12.61111111111111,13.888888888888893,3.6527777777777777,56.6,56.6,47.06666666666666,47.06666666666666,50.0,60.0,85.0,43.17373872369084,14.409405908438318,14.083727554297296,14.680605260955224,82.45320031766586,1.3011012161721667,56.647060845021734,56.7,56.7,47.36883143599119,46.20127534709771,45.92496108461344,46.4969951380554,0.5070677777777778,0.5095647185844085,28.370971516279134,28.509884239561696,16.988634974423192,28.258316948387847,22.263200158436415,22.41824496518521,22.372364565870445,22.296809389423228,16.783804445277507,22.429920539938585,22.384073922716997,22.30857950052488,0.8333333333333334,0.0,0.25,0.25,0.16666666666666666,16.988634974423192,22.372364565870445,28.258316948387847,12.353042251086919,20.165116011019716,25.27143761481808,5.243630556552759e-17,1.2565317940906057e-15,1.1374297033901232e-16,4.228300880966825e-15,2.5746274238491694e-14,converged
2025-01-16T06:20:00+08:00,22.333333333333332,-12.583333333333334,14.166666666666668,3.6458333333333335,56.6,56.6,47.06666666666666,47.06666666666666,50.0,60.0,85.0,43.17373872369084,14.409405908438318,14.083727554297296,14.680605260955224,82.45320031766586,1.3011012161721667,56.6,56.7,56.7,47.33551063139462,46.20050249768941,45.92408494214441,46.485324156672476,0.5064960333333334,0.5093628124628702,28.370637291102994,28.509336022190574,16.983973071605657,28.258283375456408,22.260746701997075,22.41553936275992,22.369836619036295,22.29450646287739,16.77956061307326,22.42724325291752,22.381572846693324,22.306302100148798,0.8333333333333334,0.0,0.25,0.25,0.16666666666666666,16.983973071605657,22.369836619036295,28.258283375456408,12.353042251086919,20.165116011019716,25.27143761481808,5.243630556552759e-17,0.0,1.1374297033901232e-16,6.704754492469534e-16,2.8201867101417533e-14,converged
2025-01-16T06:25:00+08:00,22.416666666666668,-12.555555555555555,14.444444444444441,3.638888888888889,56.6,56.6,47.06666666666666,47.06666666666666,50.0,60.0,85.0,43.17373872369084,14.409405908438318,14.083727554297296,14.680605260955224,82.45320031766586,1.3011012161721667,56.6,56.6033023202204,56.7,47.335129761895395,46.132572708956616,45.92323483302807,46.46274856128219,0.5059242888888889,0.5089141399266208,28.370359680545658,28.508846524106428,16.97942090979296,28.258295865519102,22.258188563586046,22.412739937954818,22.367216379584345,22.292111668692623,16.775434749523047,22.424650822036313,22.379149243656393,22.30409453177739,0.8333333333333334,0.0,0.25,0.25,0.16666666666666666,16.97942090979296,22.367216379584345,28.258295865519102,12.353042251086919,20.165116011019716,25.27143761481808,5.243630556552759e-17,1.4868904840886971e-15,1.1374297033901232e-16,1.2827111117243538e-15,3.0487778954715383e-14,converged
2025-01-16T06:30:00+08:00,22.5,-12.527777777777777,14.722222222222227,3.631944444444444,56.6,56.6,47.06666666666666,47.06666666666666,50.0,60.0,85.0,43.17373872369084,14.409405908438318,14.083727554297296,14.680605260955224,82.45320031766586,1.3011012161721667,56.6,56.6,56.60542875229637,47.33476885753504,46.12949961176412,45.85654470780264,46.43894861912652,0.5053525444444444,0.5084421192655176,28.37013848894027,28.508415553032016,16.974977999986063,28.25835428208575,22.25570843875536,22.410019745926142,22.364668259195057,22.289781600803042,16.771241574770883,22.42196785392647,22.376636501874977,22.301798131278648,0.8333333333333334,0.0,0.25,0.25,0.16666666666666666,16.974977999986063,22.364668259195057,28.25835428208575,12.353042251086919,20.165116011019716,25.27143761481808,5.243630556552759e-17,4.579294964591265e-16,1.1374297033901232e-16,4.854041482547394e-16,2.435486339589495e-14,converged
2025-01-16T06:35:00+08:00,22.583333333333332,-12.5,15.0,3.625,56.5,56.5,47.0,47.0,50.0,60.0,85.0,43.112586119266346,14.388995985055264,14.063778931699142,14.659811202511943,82.21978727035744,1.2955802848688027,56.6,56.6,56.6,47.323493671938955,46.11643551009399,45.83926173486919,46.42504700912644,0.5047808,0.5083242266717363,28.369960348407062,28.508030497691838,16.97062722165987,28.258447150564944,22.253296162253715,22.407369220508272,22.362183176702466,22.287507605877497,16.767136773690233,22.419344468673092,22.37417722320776,22.29954868913664,0.8333333333333334,0.0,0.25,0.25,0.16666666666666666,16.97062722165987,22.362183176702466,28.258447150564944,12.370564296833136,20.193719012453787,25.30728362561924,1.0517033308529473e-16,6.870535519573794e-16,0.0,8.248221027404998e-16,2.644743151479739e-14,converged
2025-01-16T06:40:00+08:00,22.666666666666668,-12.472222222222223,15.277777777777775,3.618055555555556,56.5,56.5,47.0,47.0,50.0,60.0,85.0,43.112586119266346,14.388995985055264,14.063778931699142,14.659811202511943,82.21978727035744,1.2955802848688027,56.6,56.6,56.6,47.323168098033946,46.11569863656074,45.83842912531398,46.42441485482019,0.5042090555555555,0.508355808080432,28.369838282975547,28.507703627204588,16.96638479618381,28.25858570742351,22.250967729084746,22.40480344008336,22.359775501891797,22.28530342566537,16.763149251806354,22.416805728214268,22.371795261643754,22.297368979444713,0.8333333333333334,0.0,0.25,0.25,0.16666666666666666,16.96638479618381,22.359775501891797,28.25858570742351,12.370564296833136,20.193719012453787,25.30728362561924,1.0517033308529473e-16,4.580072460134677e-16,0.0,1.1575417506668501e-15,2.3105663394435218e-14,converged
2025-01-16T06:45:00+08:00,22.75,-12.444444444444445,15.55555555555556,3.611111111111111,56.5,56.5,47.0,47.0,50.0,60.0,85.0,43.112586119266346,14.388995985055264,14.063778931699142,14.659811202511943,82.21978727035744,1.2955802848688027,56.54741128593666,56.6,56.6,47.286079867694134,46.11498581290412,45.8376223938625,46.411529663451496,0.5036373111111111,0.508122677285021,28.36966903270995,28.507337104767405,16.962157505718405,28.258681463392232,22.248722794400706,22.402322074404406,22.357444948163916,22.283168813967364,16.759278429193465,22.4143513025113,22.36949033076109,22.295258756157843,0.8333333333333334,0.0,0.25,0.25,0.16666666666666666,16.962157505718405,22.357444948163916,28.258681463392232,12.370564296833136,20.193719012453787,25.30728362561924,1.0517033308529473e-16,5.727717293044274e-16,0.0,6.228892556185649e-16,3.346128236617718e-14,converged
2025-01-16T06:50:00+08:00,22.833333333333332,-12.416666666666666,15.833333333333334,3.6041666666666665,56.5,56.5,47.0,47.0,50.0,60.0,85.0,43.112586119266346,14.388995985055264,14.063778931699142,14.659811202511943,82.21978727035744,1.2955802848688027,56.5,56.6,56.6,47.252590961087165,46.114296947159566,45.83684143540316,46.399862339658014,0.5030655666666667,0.507915031237461,28.36946306835332,28.506940817843965,16.957954599182923,28.258743361923973,22.24656101477221,22.39992479451137,22.355191229980818,22.281103525452405,16.75552372879341,22.41198086281235,22.367262145198943,22.29321777409916,0.8333333333333334,0.0,0.25,0.25,0.16666666666666666,16.957954599182923,22.355191229980818,28.258743361923973,12.370564296833136,20.193719012453787,25.30728362561924,1.0517033308529473e-16,3.4380353405757415e-16,0.0,5.300304483387601e-16,2.5826453221530646e-14,converged
2025-01-16T06:55:00+08:00,22.916666666666668,-12.38888888888889,16.111111111111107,3.5972222222222223,56.5,56.5,47.0,47.0,50.0,60.0,85.0,43.112586119266346,14.388995985055264,14.063778931699142,14.659811202511943,82.21978727035744,1.2955802848688027,56.5,56.50387438024909,56.6,47.252270064039735,46.04688292837554,45.836086145259564,46.377507251711194,0.5024938222222222,0.5074653008529153,28.369313275247862,28.506602752546495,16.953859386652077,28.25885104059038,22.24429451198153,22.397433588339503,22.352845246864415,22.278946524872357,16.751884576401498,22.409694081647412,22.36511042065362,22.291245788956875,0.8333333333333334,0.0,0.25,0.25,0.16666666666666666,16.953859386652077,22.352845246864415,28.25885104059038,12.370564296833136,20.193719012453787,25.30728362561924,1.0517033308529473e-16,5.735137044408326e-16,0.0,5.58996638797174e-15,3.613501062829199e-14,converged
2025-01-16T07:00:00+08:00,23.0,-12.36111111111111,16.388888888888893,3.5902777777777777,56.5,56.5,47.0,47.0,50.0,60.0,85.0,43.112586119266346,14.388995985055264,14.063778931699142,14.659811202511943,82.21978727035744,1.2955802848688027,56.5,56.5,56.506145672512396,47.251968920610004,46.04349728419976,45.77002350205889,46.3538386650746,0.5019220777777778,0.5069902424052447,28.36921945928522,28.506322718253045,16.949871388293243,28.259004363757715,22.242103709802453,22.39501935863568,22.350569364836957,22.276852457134645,16.74817714525895,22.407316936914487,22.3628698476437,22.289185376414277,0.8333333333333334,0.0,0.25,0.25,0.16666666666666666,16.949871388293243,22.350569364836957,28.259004363757715,12.370564296833136,20.193719012453787,25.30728362561924,1.0517033308529473e-16,6.888613157995397e-16,0.0,2.055876549016644e-15,3.1887122275851e-14,converged
2025-01-16T07:05:00+08:00,23.083333333333332,-12.333333333333334,16.666666666666668,3.5833333333333335,56.4,56.4,46.93333333333334,46.93333333333334,50.0,60.0,85.0,43.051433514841875,14.368586061672211,14.043830309100992,14.639017144068669,81.98670507074185,1.2900749935869853,56.5,56.5,56.5,47.24076108849798,46.03051869955077,45.75233855614507,46.33985074602084,0.5013503333333333,0.5068646776379023,28.3691682674237,28.506088117563486,16.94597348252879,28.259191869589408,22.239979565141965,22.392673601881814,22.348355511881447,22.274813629763685,16.744554279308932,22.404996859483397,22.36068047269499,22.28716989288269,0.8333333333333334,0.0,0.25,0.25,0.16666666666666666,16.94597348252879,22.348355511881447,28.259191869589408,12.388136121118409,20.22240327241465,25.343231471678347,2.6367331160474335e-16,3.445159831499457e-16,0.0,2.242942598632459e-16,2.52424181837934e-14,converged
2025-01-16T07:10:00+08:00,23.166666666666668,-12.305555555555555,16.944444444444443,3.576388888888889,56.4,56.4,46.93333333333334,46.93333333333334,50.0,60.0,85.0,43.051433514841875,14.368586061672211,14.043830309100992,14.639017144068669,81.98670507074185,1.2900749935869853,56.5,56.5,56.5,47.240494922188255,46.02986466849399,45.75159973048278,46.33929733317723,0.5007785888888889,0.50689228603376,28.369172711962385,28.505911209035915,16.942181910214536,28.259424783500776,22.23793807773806,22.390411401415665,22.34621806145998,22.272843786979124,16.741046307783797,22.40276024319857,22.358567414073725,22.285223315495443,0.8333333333333334,0.0,0.25,0.25,0.16666666666666666,16.942181910214536,22.34621806145998,28.259424783500776,12.388136121118409,20.22240327241465,25.343231471678347,2.6367331160474335e-16,1.1483240624733172e-16,0.0,6.836116684411466e-16,2.9763365242783194e-14,converged
2025-01-16T07:15:00+08:00,23.25,-12.277777777777777,17.22222222222223,3.569444444444444,56.4,56.4,46.93333333333334,46.93333333333334,50.0,60.0,85.0,43.051433514841875,14.368586061672211,14.043830309100992,14.639017144068669,81.98670507074185,1.2900749935869853,56.44776272242236,56.5,56.5,47.20373029568476,46.02923439507755,45.75088642388905,46.32657884239537,0.5002068444444444,0.5066570211139713,28.36913024709316,28.505694832651255,16.938404103549836,28.2596152280161,22.235978907660513,22.388232431660093,22.34415673072756,22.270942685537133,16.73765266260419,22.400606762673775,22.356530389097816,22.283345401150928,0.8333333333333334,0.0,0.25,0.25,0.16666666666666666,16.938404103549836,22.34415673072756,28.2596152280161,12.388136121118409,20.22240327241465,25.343231471678347,2.6367331160474335e-16,5.744286419389591e-16,0.0,2.26540295664677e-15,2.532007478367318e-14,converged
2025-01-16T07:20:00+08:00,23.333333333333332,-12.25,17.5,3.5625,56.4,56.4,46.93333333333334,46.93333333333334,50.0,60.0,85.0,43.051433514841875,14.368586061672211,14.043830309100992,14.639017144068669,81.98670507074185,1.2900749935869853,56.4,56.5,56.5,47.170071633350254,46.028627788469436,45.75019853277153,46.314913341955474,0.4996351,0.5064437271642478,28.36904996414824,28.505447569243504,16.934648077611353,28.259770963772777,22.234101716377072,22.38613636830657,22.342171237886298,22.26911008305158,16.734372778499548,22.398536093791343,22.354569116132264,22.281535907605214,0.8333333333333334,0.0,0.25,0.25,0.16666666666666666,16.934648077611353,22.342171237886298,28.259770963772777,12.388136121118409,20.22240327241465,25.343231471678347,2.6367331160474335e-16,2.298682273720402e-16,0.0,3.734460772032481e-15,3.2011110820668114e-14,converged
2025-01-16T07:25:00+08:00,23.416666666666668,-12.222222222222223,17.777777777777775,3.555555555555556,56.4,56.4,46.93333333333334,46.93333333333334,50.0,60.0,85.0,43.051433514841875,14.368586061672211,14.043830309100992,14.639017144068669,81.98670507074185,1.2900749935869853,56.4,56.40444806544829,56.5,47.16980946700179,45.96172861778752,45.74953595396655,46.29277732962563,0.49906335555555553,0.5059930416133008,28.36902541811863,28.505258039450826,16.93099775303446,28.259972201722256,22.232119792929318,22.38394630535464,22.34009353273752,22.26718594409317,16.73120609299421,22.396547913697233,22.35268331458526,22.279794593469,0.8333333333333334,0.0,0.25,0.25,0.16666666666666666,16.93099775303446,22.34009353273752,28.259972201722256,12.388136121118409,20.22240327241465,25.343231471678347,2.6367331160474335e-16,0.0,0.0,2.952752900660055e-15,2.8829872796429224e-14,converged
2025-01-16T07:30:00+08:00,23.5,-12.194444444444445,18.05555555555556,3.548611111111111,56.4,56.4,46.93333333333334,46.93333333333334,50.0,60.0,85.0,43.051433514841875,14.368586061672211,14.043830309100992,14.639017144068669,81.98670507074185,1.2900749935869853,56.4,56.4,56.406864629433564,47.16956684781929,45.958028004378136,45.68409967438026,46.26923851529734,0.49849161111111107,0.5055150429780073,28.369056416422918,28.505126054274598,16.92745265890917,28.260218807072484,22.230211283772558,22.381830987901026,22.338083930688907,22.265322959841008,16.727970235525646,22.39446957471111,22.350708980241812,22.277965277129805,0.8333333333333334,0.0,0.25,0.25,0.16666666666666666,16.92745265890917,22.338083930688907,28.260218807072484,12.388136121118409,20.22240327241465,25.343231471678347,2.6367331160474335e-16,3.454357791445571e-16,0.0,6.969998948657347e-16,4.31630525201869e-14,converged
2025-01-16T07:35:00+08:00,23.583333333333332,-12.166666666666666,18.333333333333336,3.5416666666666665,56.3,56.3,46.86666666666667,46.86666666666667,50.0,60.0,85.0,42.990280910417376,14.348176138289151,14.023881686502836,14.61822308562539,81.7539537188191,1.284585320142286,56.4,56.4,56.4,47.15842562570846,45.94513386519516,45.6660104749194,46.25516291402333,0.49791986666666666,0.5053818983376869,28.369129621288955,28.505039030656988,16.92399567349605,28.260499331049758,22.228368271372176,22.37978297834325,22.336135371913294,22.26351440150217,16.72481520330589,22.392445812805732,22.348783598838256,22.27617887566477,0.8333333333333334,0.0,0.25,0.25,0.16666666666666666,16.92399567349605,22.336135371913294,28.260499331049758,12.405757936368934,20.25116913766702,25.379281587569785,2.6442398257477404e-16,4.607023805555783e-16,0.0,5.974733997830156e-16,2.645334716549246e-14,converged
2025-01-16T07:40:00+08:00,23.666666666666668,-12.13888888888889,18.611111111111107,3.5347222222222223,56.3,56.3,46.86666666666667,46.86666666666667,50.0,60.0,85.0,42.990280910417376,14.348176138289151,14.023881686502836,14.61822308562539,81.7539537188191,1.284585320142286,56.4,56.4,56.4,47.158217639268194,45.944560977294636,45.66536335033497,46.25468657031676,0.4973481222222222,0.5054056281900885,28.36925803278865,28.505009216062373,16.920643055753153,28.260824987679076,22.226606759205982,22.3778173639955,22.33426223272372,22.26177401508263,16.721772750905387,22.390504355924612,22.34693355510284,22.274460571428328,0.8333333333333334,0.0,0.25,0.25,0.16666666666666666,16.920643055753153,22.33426223272372,28.260824987679076,12.405757936368934,20.25116913766702,25.379281587569785,2.6442398257477404e-16,6.910211244213712e-16,0.0,2.6633105837073684e-15,3.098921156635103e-14,converged
2025-01-16T07:45:00+08:00,23.75,-12.11111111111111,18.888888888888893,3.5277777777777777,56.3,56.3,46.86666666666667,46.86666666666667,50.0,60.0,85.0,42.990280910417376,14.348176138289151,14.023881686502836,14.61822308562539,81.7539537188191,1.284585320142286,56.34811515872738,56.4,56.4,47.12177588549512,45.94401156145228,45.664741394670784,46.24213327873751,0.4967763777777778,0.5051683275656637,28.36933982090816,28.504940128832,16.917302889207626,28.261108512718184,22.22492641214077,22.375933823841887,22.332464233946375,22.26010156023186,16.718842321742212,22.38864488322571,22.345158570010586,22.272810124200358,0.8333333333333334,0.0,0.25,0.25,0.16666666666666666,16.917302889207626,22.332464233946375,28.261108512718184,12.405757936368934,20.25116913766702,25.379281587569785,2.6442398257477404e-16,2.304485761962239e-16,0.0,3.942831108357268e-16,4.8312420011469335e-14,converged
2025-01-16T07:50:00+08:00,23.833333333333332,-12.083333333333334,19.166666666666668,3.5208333333333335,56.3,56.3,46.86666666666667,46.86666666666667,50.0,60.0,85.0,42.990280910417376,14.348176138289151,14.023881686502836,14.61822308562539,81.7539537188191,1.284585320142286,56.3,56.4,56.4,47.08794584185706,45.94348552794283,45.664144505815415,46.23046780690505,0.49620463333333337,0.5049494753804508,28.369382694254348,28.504839040028926,16.91398195189473,28.261356481162203,22.223326896421423,22.374132038117207,22.33074109744084,22.25849679744673,16.716023361986117,22.386867075117696,22.343458365569933,22.271227294608135,0.8333333333333334,0.0,0.25,0.25,0.16666666666666666,16.91398195189473,22.33074109744084,28.261356481162203,12.405757936368934,20.25116913766702,25.379281587569785,2.6442398257477404e-16,1.4985649629697033e-15,0.0,1.729113418811196e-15,2.2144012958520874e-14,converged
2025-01-16T07:55:00+08:00,23.916666666666668,-12.055555555555555,19.444444444444443,3.513888888888889,56.3,56.3,46.86666666666667,46.86666666666667,50.0,60.0,85.0,42.990280910417376,14.348176138289151,14.023881686502836,14.61822308562539,81.7539537188191,1.284585320142286,56.3,56.30502338275334,56.4,47.087741193364785,45.877100323733806,45.66357258207973,46.20854947859976,0.49563288888888896,0.5044979350362816,28.369480879021037,28.50479520628685,16.91076477620162,28.261649678685096,22.221622671002287,22.372236209403706,22.328925825699663,22.25680069342983,16.713315320544925,22.385170613255074,22.341832664818902,22.26971184412335,0.8333333333333334,0.0,0.25,0.25,0.16666666666666666,16.91076477620162,22.328925825699663,28.261649678685096,12.405757936368934,20.25116913766702,25.379281587569785,2.6442398257477404e-16,6.922644102709519e-16,0.0,4.782753855335508e-15,4.624649023437902e-14,converged
2025-01-16T08:00:00+08:00,24.0,-12.027777777777777,19.72222222222223,3.506944444444444,56.3,56.3,46.86666666666667,46.86666666666667,50.0,60.0,85.0,42.990280910417376,14.348176138289151,14.023881686502836,14.61822308562539,81.7539537188191,1.284585320142286,56.3,56.3,56.3075856317514,47.08755589053692,45.873082355445966,45.59876160114018,46.18513889309157,0.49506114444444443,0.5040170914968928,28.369634184122873,28.50480844019916,16.90765089990373,28.26198797132202,22.219989599463833,22.370412919891663,22.32717667854433,22.2551639809153,16.710537286174233,22.38338422754852,22.340118771838437,22.26810883673847,0.8333333333333334,0.0,0.25,0.25,0.16666666666666666,16.90765089990373,22.32717667854433,28.26198797132202,12.405757936368934,20.25116913766702,25.379281587569785,2.6442398257477404e-16,3.4646242297415976e-16,0.0,2.448357011831391e-15,2.988534127714411e-14,converged
