timestamp,elapsed_hours,outdoor_temperature_c,solar_radiation_w_m2,wind_m_s,raw_supply_target_c,applied_supply_setpoint_c,raw_pump_target_hz,applied_pump_frequency_hz,near_valve_pct,mid_valve_pct,far_valve_pct,total_flow_m3_h,near_flow_m3_h,mid_flow_m3_h,far_flow_m3_h,pump_pressure_kpa,pump_power_kw,delivered_supply_near_c,delivered_supply_mid_c,delivered_supply_far_c,return_near_c,return_mid_c,return_far_c,station_return_c,required_heat_load_mw,actual_heat_supply_mw,B01_indoor_c,B02_indoor_c,B03_indoor_c,B04_indoor_c,B05_indoor_c,B06_indoor_c,B07_indoor_c,B08_indoor_c,B09_indoor_c,B10_indoor_c,B11_indoor_c,B12_indoor_c,compliance_rate,comfort_rate,overheating_rate,severe_overheating_rate,underheating_rate,P10_c,P50_c,P90_c,near_transport_delay_min,mid_transport_delay_min,far_transport_delay_min,hydraulic_residual,heat_balance_residual,mass_residual,pipe_heat_balance_residual,building_heat_balance_residual,solver_status
2025-01-15T08:05:00+08:00,0.08333333333333333,-8.0,20.0,3.0,53.4,53.4,45.2,45.2,50.0,60.0,85.0,40.179488582936905,14.366699519953656,14.041986406600586,11.77080265638266,79.20420561613986,1.163152220494985,53.4,53.4,53.4,45.15475965739903,44.0510643737923,41.94774996468063,43.829527449188646,0.42884540000000004,0.4455968467417936,28.409663953116013,28.55054311335746,18.05602261709097,28.237526201068306,22.83887842104261,22.980905877252003,22.901484066753426,22.78962025991052,17.933980622538456,22.99204087715787,22.912881465821926,22.801274258275324,0.9166666666666666,0.0,0.25,0.25,0.08333333333333333,18.05602261709097,22.901484066753426,28.237526201068306,12.389762850735407,20.22505874713728,31.51866621422177,0.0,1.175656766989576e-15,1.11502645631746e-16,3.9188558899652534e-16,2.8011031828575813e-14,converged
2025-01-15T08:10:00+08:00,0.16666666666666666,-7.916666666666667,22.5,2.995833333333333,53.4,53.4,45.2,45.2,50.0,60.0,85.0,40.179488582936905,14.366699519953656,14.041986406600586,11.77080265638266,79.20420561613986,1.163152220494985,53.4,53.4,53.4,45.15473652700208,44.05077897906386,41.946485592117575,43.829049033535235,0.4264348666666667,0.44561912155690436,28.410307531747293,28.551046375499197,18.053931111271513,28.238459516031195,22.838093511650523,22.979963364674965,22.900680486852945,22.78899262327474,17.929155046988857,22.988848594483805,22.90993397608651,22.79859639876214,0.9166666666666666,0.0,0.25,0.25,0.08333333333333333,18.053931111271513,22.900680486852945,28.238459516031195,12.389762850735407,20.22505874713728,31.51866621422177,0.0,1.0449760003134775e-15,1.11502645631746e-16,2.612440000783694e-16,2.5259330414275607e-14,converged
2025-01-15T08:15:00+08:00,0.25,-7.833333333333333,25.0,2.9916666666666667,53.4,53.4,45.2,45.2,50.0,60.0,85.0,40.179488582936905,14.366699519953656,14.041986406600586,11.77080265638266,79.20420561613986,1.163152220494985,53.4,53.4,53.4,45.15479383422842,44.050583898532864,41.94533712054822,43.828664896374534,0.42402433333333334,0.4456370068082977,28.411198454580465,28.551823853436247,18.052200637446806,28.23958976987639,22.837616757013258,22.979352830646153,22.90016934468167,22.788614381935506,17.924727038108855,22.98599683724687,22.90728666800406,22.796174996285163,0.9166666666666666,0.0,0.25,0.25,0.08333333333333333,18.052200637446806,22.90016934468167,28.23958976987639,12.389762850735407,20.22505874713728,31.51866621422177,0.0,1.044934061115924e-15,1.11502645631746e-16,2.61233515278981e-16,3.211857615551426e-14,converged
2025-01-15T08:20:00+08:00,0.3333333333333333,-7.75,27.5,2.9875,53.4,53.4,45.2,45.2,50.0,60.0,85.0,40.179488582936905,14.366699519953656,14.041986406600586,11.77080265638266,79.20420561613986,1.163152220494985,53.4,53.4,53.4,45.15493128710512,44.05047878665294,41.944304090938054,43.828374678069075,0.4216138,0.4456505192405305,28.41233586700598,28.55287464949819,18.05082958719775,28.240916379215207,22.83744688984949,22.979072981624697,22.899949557635917,22.788484656519294,17.920694661464562,22.98348430326331,22.90493845095814,22.79400916338023,0.9166666666666666,0.0,0.25,0.25,0.08333333333333333,18.05082958719775,22.899949557635917,28.240916379215207,12.389762850735407,20.22505874713728,31.51866621422177,0.0,9.14289580742881e-16,1.11502645631746e-16,1.30612797248983e-16,2.2740375542433842e-14,converged
2025-01-15T08:25:00+08:00,0.4166666666666667,-7.666666666666667,30.0,2.9833333333333334,53.4,53.4,45.2,45.2,50.0,60.0,85.0,40.179488582936905,14.366699519953656,14.041986406600586,11.77080265638266,79.20420561613986,1.163152220494985,53.4,53.4,53.4,45.15514859474603,44.05046329920415,41.94338604610499,43.82817802037622,0.4192032666666667,0.4456596755332171,28.41371891736708,28.554197868953214,18.049816359270846,28.24243876238713,22.837582648089562,22.979122529109958,22.900020047119792,22.78860257075327,17.917055992034435,22.98130969532898,22.902888238294747,22.79209801565423,0.9166666666666666,0.0,0.25,0.25,0.08333333333333333,18.049816359270846,22.900020047119792,28.24243876238713,12.389762850735407,20.22505874713728,31.51866621422177,0.0,1.1754910237153827e-15,1.11502645631746e-16,3.918303412384609e-16,3.018465135880271e-14,converged
2025-01-15T08:30:00+08:00,0.5,-7.583333333333333,32.5,2.9791666666666665,53.4,53.4,45.2,45.2,50.0,60.0,85.0,40.179488582936905,14.366699519953656,14.041986406600586,11.77080265638266,79.20420561613986,1.163152220494985,53.4,53.4,53.4,45.15544546734757,44.05053709328784,41.942582530711746,43.82807456644264,0.41679273333333333,0.4456644923012858,28.41534675694961,28.55579261999849,18.049159359546277,28.244156339454687,22.838022774854064,22.979500189621888,22.900379738530365,22.788967251454356,17.91380911416347,22.979471721200298,22.901134947307874,22.79044067177447,0.9166666666666666,0.0,0.25,0.25,0.08333333333333333,18.049159359546277,22.900379738530365,28.244156339454687,12.389762850735407,20.22505874713728,31.51866621422177,0.0,5.224348084174214e-16,1.11502645631746e-16,2.6121740420871064e-16,2.660173255537751e-14,converged
2025-01-15T08:35:00+08:00,0.5833333333333334,-7.5,35.0,2.975,53.0,53.0,45.0,45.0,50.0,60.0,85.0,40.001703235224795,14.303130053051206,13.979853723385538,11.718719458788046,78.50483415531914,1.1477803649165261,53.4,53.399999999999984,53.4,45.125371557851025,44.01630404384383,41.90163600970336,43.793361923163154,0.41438220000000003,0.4453015790466395,28.417181940585383,28.557623532420422,18.048810416338434,28.24603693856271,22.83872055418557,22.98016180800589,22.90098671843792,22.78953878504852,17.91089045836714,22.977918989597914,22.899629773345865,22.788990631363323,0.9166666666666666,0.0,0.25,0.25,0.08333333333333333,18.048810416338434,22.899629773345865,28.24603693856271,12.444828463405344,20.314947897124558,31.658749175173867,1.147265510051437e-16,3.921454379619722e-16,0.0,1.4378666058605647e-15,3.139825459742185e-14,converged
2025-01-15T08:40:00+08:00,0.6666666666666666,-7.416666666666667,37.5,2.970833333333333,53.0,53.0,45.0,45.0,50.0,60.0,85.0,40.001703235224795,14.303130053051206,13.979853723385538,11.718719458788046,78.50483415531914,1.1477803649165261,53.4,53.399999999999984,53.4,45.12581717956063,44.01654340357121,41.90103975715361,43.793430237326426,0.4119716666666667,0.4452984124440745,28.419260354124308,28.55972431718208,18.048814741678104,28.248111672913428,22.83972039200209,22.981149155669673,22.901880915191445,22.790355486523065,17.908360086037415,22.976700511437897,22.89841953870796,22.787792797173275,0.9166666666666666,0.0,0.25,0.25,0.08333333333333333,18.048814741678104,22.89841953870796,28.248111672913428,12.444828463405344,20.314947897124558,31.658749175173867,1.147265510051437e-16,5.228643021113647e-16,0.0,5.57177271937423e-15,2.9171545408730636e-14,converged
2025-01-15T08:45:00+08:00,0.75,-7.333333333333333,40.0,2.966666666666667,53.0,53.0,45.0,45.0,50.0,60.0,85.0,40.001703235224795,14.303130053051206,13.979853723385538,11.718719458788046,78.50483415531914,1.1477803649165261,53.19558627707242,53.399999999999984,53.4,44.98367485878948,44.01687139833064,41.900557148326136,43.74257864416377,0.4095611333333333,0.44426754721453304,28.421180930409175,28.561714911035637,18.048810650157016,28.250036872537123,22.841021046541528,22.9824609638806,22.90306126589886,22.79141649172259,17.906216108582566,22.97581500907033,22.89750317228478,22.78684629682526,0.9166666666666666,0.0,0.25,0.25,0.08333333333333333,18.048810650157016,22.89750317228478,28.250036872537123,12.444828463405344,20.314947897124558,31.658749175173867,1.147265510051437e-16,6.55096926147516e-16,0.0,6.428138587822501e-16,4.181740655738846e-14,converged
2025-01-15T08:50:00+08:00,0.8333333333333334,-7.25,42.5,2.9625,53.0,53.0,45.0,45.0,50.0,60.0,85.0,40.001703235224795,14.303130053051206,13.979853723385538,11.718719458788046,78.50483415531914,1.1477803649165261,53.0,53.399999999999984,53.4,44.84760655196979,44.01728768914805,41.90018773350804,43.69396291245384,0.4071506,0.443279350723815,28.422962159911393,28.563612643222967,18.048814498572632,28.25182828288827,22.842621281146677,22.984095968847825,22.904526711601484,22.79272093953762,17.904456646596895,22.975261209728988,22.89687960685681,22.786150260957765,0.9166666666666666,0.0,0.25,0.25,0.08333333333333333,18.048814498572632,22.89687960685681,28.25182828288827,12.444828463405344,20.314947897124558,31.658749175173867,1.147265510051437e-16,6.565573246128225e-16,0.0,3.5823409024187126e-15,3.08329162691741e-14,converged
2025-01-15T08:55:00+08:00,0.9166666666666666,-7.166666666666667,45.0,2.9583333333333335,53.0,53.0,45.0,45.0,50.0,60.0,85.0,40.001703235224795,14.303130053051206,13.979853723385538,11.718719458788046,78.50483415531914,1.1477803649165261,53.0,53.02519583176996,53.4,44.84806974898791,43.758102031190894,41.89993106479971,43.60347275943332,0.40474006666666673,0.44140217390794456,28.424986805657095,28.56578002910202,18.04917004429187,28.253814092572583,22.843789355350975,22.985360780388106,22.905618612431873,22.793641648855196,17.903079829816036,22.97503784551266,22.896547779080286,22.785703823216387,0.9166666666666666,0.0,0.25,0.25,0.08333333333333333,18.04917004429187,22.896547779080286,28.253814092572583,12.444828463405344,20.314947897124558,31.658749175173867,1.147265510051437e-16,1.1868291077570921e-15,0.0,2.3077232650832344e-15,4.237558576764226e-14,converged
2025-01-15T09:00:00+08:00,1.0,-7.083333333333333,47.5,2.9541666666666666,53.0,53.0,45.0,45.0,50.0,60.0,85.0,40.001703235224795,14.303130053051206,13.979853723385538,11.718719458788046,78.50483415531914,1.1477803649165261,53.0,52.999999999999986,53.4,44.84861189182371,43.741022031343284,41.899786696107235,43.597655172746705,0.4023295333333333,0.44126367468772754,28.427254026964363,28.568216186310487,18.04987572094466,28.255993725968047,22.845208548010977,22.98690253463871,22.90695181199701,22.794764265649757,17.902083797072496,22.975143653366562,22.896506629473105,22.785506120243436,0.9166666666666666,0.0,0.25,0.25,0.08333333333333333,18.04987572094466,22.896506629473105,28.255993725968047,12.444828463405344,20.314947897124558,31.658749175173867,1.147265510051437e-16,1.3191129080511708e-16,0.0,3.808938521997756e-15,3.0369542854427295e-14,converged
2025-01-15T09:05:00+08:00,1.0833333333333333,-7.0,50.0,2.95,52.6,52.6,44.8,44.8,50.0,60.0,85.0,39.82391788751268,14.239560586148755,13.91772104017049,11.666636261193432,77.80856412004528,1.1325445425665015,53.0,53.0,53.13329234443361,44.81901894559154,43.70729640196504,41.690054382740996,43.51384510980724,0.399919,0.4395644630883079,28.429726706648886,28.57088605961235,18.050883550174067,28.258335287965654,22.846881622782103,22.988723955608,22.90852892622736,22.796091279446458,17.900905528514514,22.975053966832487,22.896257707199563,22.785082386444657,0.9166666666666666,0.0,0.25,0.25,0.08333333333333333,18.050883550174067,22.896257707199563,28.258335287965654,12.500385733331258,20.405639628808153,31.800082876848755,1.1575318169314814e-16,2.648424329142075e-16,0.0,3.169832868941921e-15,2.918304576081524e-14,converged
2025-01-15T09:10:00+08:00,1.1666666666666667,-6.916666666666667,52.5,2.9458333333333333,52.6,52.6,44.8,44.8,50.0,60.0,85.0,39.82391788751268,14.239560586148755,13.91772104017049,11.666636261193432,77.80856412004528,1.1325445425665015,53.0,53.0,53.0,44.8197095574481,43.707831873102165,41.60536491867169,43.48946893898675,0.39750846666666667,0.43888736110160625,28.432440418357924,28.573823063923435,18.05223860680217,28.260869623367817,22.848852749332018,22.990866591181057,22.910389669485987,22.797660800106904,17.899858290832352,22.975057044267523,22.896075023708672,22.784693812726967,0.9166666666666666,0.0,0.25,0.25,0.08333333333333333,18.05223860680217,22.896075023708672,28.260869623367817,12.500385733331258,20.405639628808153,31.800082876848755,1.1575318169314814e-16,2.652510237130835e-16,0.0,7.625966931751151e-16,3.028517240260807e-14,converged
2025-01-15T09:15:00+08:00,1.25,-6.833333333333333,55.0,2.9416666666666664,52.6,52.6,44.8,44.8,50.0,60.0,85.0,39.82391788751268,14.239560586148755,13.91772104017049,11.666636261193432,77.80856412004528,1.1325445425665015,52.800030858666496,53.0,53.0,44.681138133344035,43.70845517705751,41.60528601205365,43.440115638318844,0.3950979333333333,0.4378652734833231,28.435003092884426,28.576655662963315,18.053587319766212,28.263260774109792,22.85112070281615,22.993329190665566,22.912532992540207,22.799471973166305,17.89919023262988,22.975388428500402,22.896182476691795,22.784553773229845,0.9166666666666666,0.0,0.25,0.25,0.08333333333333333,18.053587319766212,22.896182476691795,28.263260774109792,12.500385733331258,20.405639628808153,31.800082876848755,1.1575318169314814e-16,1.3293509314043455e-16,0.0,6.480585790596184e-16,6.1570234355281e-14,converged
2025-01-15T09:20:00+08:00,1.3333333333333333,-6.75,57.5,2.9375,52.6,52.6,44.8,44.8,50.0,60.0,85.0,39.82391788751268,14.239560586148755,13.91772104017049,11.666636261193432,77.80856412004528,1.1325445425665015,52.6,53.0,53.0,44.54243687570721,43.70916597806523,41.605319082622955,43.390779296912136,0.3926874,0.43684138486152735,28.43741580699882,28.579384690689405,18.054930393461863,28.265509557327547,22.85368426342343,22.996110508238953,22.91495785003877,22.80152394717055,17.898899510258996,22.976046865155457,22.896579012938343,22.784661408648244,0.9166666666666666,0.0,0.25,0.25,0.08333333333333333,18.054930393461863,22.896579012938343,28.265509557327547,12.500385733331258,20.405639628808153,31.800082876848755,1.1575318169314814e-16,2.664933448643765e-16,0.0,4.3305168540461174e-16,2.5466043560890593e-14,converged
2025-01-15T09:25:00+08:00,1.4166666666666667,-6.666666666666667,60.0,2.933333333333333,52.6,52.6,44.8,44.8,50.0,60.0,85.0,39.82391788751268,14.239560586148755,13.91772104017049,11.666636261193432,77.80856412004528,1.1325445425665015,52.6,52.63245117030466,53.0,44.54314257877882,43.45571967214164,41.6054636876464,43.30249920758033,0.3902768666666667,0.43498757403659727,28.440069760151268,28.5823806559419,18.056619201907147,28.267951388553225,22.855826372345643,22.99853106742884,22.917018819059766,22.803202127323228,17.898984289035788,22.977031104649672,22.897263583060944,22.785015862648148,0.9166666666666666,0.0,0.25,0.25,0.08333333333333333,18.056619201907147,22.897263583060944,28.267951388553225,12.500385733331258,20.405639628808153,31.800082876848755,1.1575318169314814e-16,1.3381453721381512e-15,0.0,2.5424762070624872e-15,3.717901433106908e-14,converged
2025-01-15T09:30:00+08:00,1.5,-6.583333333333333,62.5,2.9291666666666667,52.6,52.6,44.8,44.8,50.0,60.0,85.0,39.82391788751268,14.239560586148755,13.91772104017049,11.666636261193432,77.80856412004528,1.1325445425665015,52.6,52.6,53.0,44.543926624554906,43.43394394075455,41.605719386174215,43.295244247215564,0.3878663333333333,0.4347990096628606,28.442964119534782,28.585642685619156,18.058652205745858,28.270585696410127,22.85820153316483,23.001210743185144,22.919304839600347,22.80506748445058,17.899442743196946,22.978339902174362,22.898235141481553,22.785616281856317,0.9166666666666666,0.0,0.3333333333333333,0.25,0.08333333333333333,18.058652205745858,22.898235141481553,28.270585696410127,12.500385733331258,20.405639628808153,31.800082876848755,1.1575318169314814e-16,1.0709805610385567e-15,0.0,2.091758908278431e-17,2.878014432235312e-14,converged
2025-01-15T09:35:00+08:00,1.5833333333333333,-6.5,65.0,2.925,52.2,52.2,44.6,44.6,50.0,60.0,85.0,39.64613253980057,14.175991119246305,13.855588356955446,11.61455306359882,77.11539551031834,1.1174441488527862,52.6,52.6,52.744652399789814,44.514821011149124,43.400731978912674,41.40416260036282,43.214183019619725,0.3854558,0.43314534074872724,28.446062107666734,28.589136052255707,18.060981634080473,28.27338087128857,22.860826917690513,23.00416591476369,22.921831492868975,22.80713484863427,17.89973378711334,22.979469443871185,22.899015042939617,22.78600675811185,0.9166666666666666,0.0,0.3333333333333333,0.25,0.08333333333333333,18.060981634080473,22.899015042939617,28.27338087128857,12.556441274736333,20.497144739251233,31.9426841453548,5.839682725004926e-17,2.6876734175577503e-16,0.0,1.394230585358083e-15,3.119473543493241e-14,converged
2025-01-15T09:40:00+08:00,1.6666666666666667,-6.416666666666667,67.5,2.9208333333333334,52.2,52.2,44.6,44.6,50.0,60.0,85.0,39.64613253980057,14.175991119246305,13.855588356955446,11.61455306359882,77.11539551031834,1.1174441488527862,52.6,52.6,52.6,44.51575327587177,43.401559251483626,41.31285862051377,43.18805747526294,0.38304526666666666,0.4323987374954733,28.449398973917592,28.59289386152433,18.063652408847094,28.276367480672725,22.863746444665484,23.007437890993604,22.924638266151163,22.8094421139162,17.900127751210448,22.980667215947538,22.899838564105416,22.786411591557425,0.9166666666666666,0.0,0.3333333333333333,0.25,0.08333333333333333,18.063652408847094,22.899838564105416,28.276367480672725,12.556441274736333,20.497144739251233,31.9426841453548,5.839682725004926e-17,2.6923141011287883e-16,0.0,2.263226541261388e-15,2.938632405699974e-14,converged
2025-01-15T09:45:00+08:00,1.75,-6.333333333333333,70.0,2.9166666666666665,52.2,52.2,44.6,44.6,50.0,60.0,85.0,39.64613253980057,14.175991119246305,13.855588356955446,11.61455306359882,77.11539551031834,1.1174441488527862,52.40451530197891,52.6,52.6,44.38076879462866,43.40247357448052,41.31317694915953,43.14020481075863,0.38063473333333336,0.4313859371603025,28.452591714249078,28.596553167750503,18.066319133296716,28.279217336053897,22.866958905754156,23.011025438806023,22.92772412357552,22.81198843532319,17.90089388839361,22.982188732475436,22.90094857070594,22.787062216823557,0.9166666666666666,0.0,0.3333333333333333,0.25,0.08333333333333333,18.066319133296716,22.90094857070594,28.279217336053897,12.556441274736333,20.497144739251233,31.9426841453548,5.839682725004926e-17,1.3493175344711691e-16,0.0,5.186439273123557e-16,2.8558058491110086e-14,converged
2025-01-15T09:50:00+08:00,1.8333333333333333,-6.25,72.5,2.9125,52.2,52.2,44.6,44.6,50.0,60.0,85.0,39.64613253980057,14.175991119246305,13.855588356955446,11.61455306359882,77.11539551031834,1.1174441488527862,52.2,52.6,52.6,44.239415235272496,43.403474615268124,41.31360606871577,43.09013756247973,0.3782242,0.43032653256129005,28.455623861289382,28.600098186035176,18.068966741264628,28.28191621459103,22.870463097584782,23.01492732993145,22.93108803310126,22.814772970858204,17.90203038973625,22.984032757051118,22.90234402323841,22.787957784458328,0.9166666666666666,0.0,0.3333333333333333,0.25,0.08333333333333333,18.068966741264628,22.90234402323841,28.28191621459103,12.556441274736333,20.497144739251233,31.9426841453548,5.839682725004926e-17,2.7052787364523973e-16,0.0,2.8109536870950688e-15,3.066059241145347e-14,converged
2025-01-15T09:55:00+08:00,1.9166666666666667,-6.166666666666667,75.0,2.908333333333333,52.2,52.2,44.6,44.6,50.0,60.0,85.0,39.64613253980057,14.175991119246305,13.855588356955446,11.61455306359882,77.11539551031834,1.1174441488527862,52.2,52.239771579140104,52.6,44.2403601510254,43.15579483259963,41.314145541486134,43.004073978418155,0.3758136666666667,0.4284967024069688,28.458895113647827,28.603907478081958,18.071954279420275,28.28480681252571,22.873556752643253,23.01847810540961,22.93409788743073,22.817193806079885,17.903535455103974,22.98619805799274,22.90402388597185,22.78909744794551,0.9166666666666666,0.0,0.3333333333333333,0.25,0.08333333333333333,18.071954279420275,22.90402388597185,28.28480681252571,12.556441274736333,20.497144739251233,31.9426841453548,5.839682725004926e-17,2.7168312188402387e-16,0.0,3.5573508771689375e-15,4.811846903921604e-14,converged
2025-01-15T10:00:00+08:00,2.0,-6.083333333333333,77.5,2.904166666666667,52.2,52.2,44.6,44.6,50.0,60.0,85.0,39.64613253980057,14.175991119246305,13.855588356955446,11.61455306359882,77.11539551031834,1.1174441488527862,52.2,52.2,52.6,44.24138282206478,43.129291088856256,41.31479493153599,42.99536732305613,0.3734031333333333,0.4282581385795155,28.462404646238685,28.607980179873877,18.07528023470584,28.28788856265787,22.876865383067358,23.022270174271426,22.937316528630138,22.819787051749056,17.905407293111843,22.988683408322338,22.905987126933393,22.790480363694424,0.9166666666666666,0.0,0.3333333333333333,0.25,0.08333333333333333,18.07528023470584,22.905987126933393,28.28788856265787,12.556441274736333,20.497144739251233,31.9426841453548,5.839682725004926e-17,4.077516969545685e-16,0.0,2.4316442344426093e-15,2.6844635417698288e-14,converged
2025-01-15T10:05:00+08:00,2.0833333333333335,-6.0,80.0,2.9,51.8,51.8,44.4,44.4,50.0,60.0,85.0,39.46834719208846,14.112421652343855,13.793455673740398,11.562469866004205,76.42532832613824,1.1024785791832519,52.2,52.2,52.35611479798707,44.21277108087014,43.09659922413629,41.121457414280684,42.917072330234504,0.37099259999999995,0.4266508712297465,28.466116033146637,28.612281904662606,18.078897057892107,28.291130149760022,22.88042068841969,23.02633368584911,22.94077261077544,22.8225799793376,17.907126929042814,22.991006012667853,22.907775062193075,22.791669627335796,0.9166666666666666,0.0,0.3333333333333333,0.25,0.08333333333333333,18.078897057892107,22.907775062193075,28.291130149760022,12.61300182101893,20.589474220058673,32.086570109973515,5.892410969721817e-17,2.728585119055025e-16,0.0,3.0270241164516686e-15,2.908187910199683e-14,converged
2025-01-15T10:10:00+08:00,2.1666666666666665,-5.916666666666666,82.5,2.895833333333333,51.8,51.8,44.4,44.4,50.0,60.0,85.0,39.46834719208846,14.112421652343855,13.793455673740398,11.562469866004205,76.42532832613824,1.1024785791832519,52.2,52.2,52.2,44.213941750477645,43.097714098919674,41.023499019031505,42.88918309461968,0.36858206666666665,0.42583470074107177,28.470064187250372,28.61684543553603,18.082849502314804,28.2945618549526,22.88426632174826,23.030709694280926,22.944505380876127,22.82561025626708,17.908921425823426,22.993372274600908,22.90958394083588,22.792852371640567,0.9166666666666666,0.0,0.3333333333333333,0.25,0.08333333333333333,18.082849502314804,22.90958394083588,28.2945618549526,12.61300182101893,20.589474220058673,32.086570109973515,5.892410969721817e-17,2.7338148259016823e-16,0.0,5.459086480472422e-15,3.1793061493793044e-14,converged
2025-01-15T10:15:00+08:00,2.25,-5.833333333333334,85.0,2.8916666666666666,51.8,51.8,44.4,44.4,50.0,60.0,85.0,39.46834719208846,14.112421652343855,13.793455673740398,11.562469866004205,76.42532832613824,1.1024785791832519,52.00904014568152,52.2,52.2,44.082560492142896,43.09891526114959,41.024208287716746,42.84283358243573,0.3661715333333334,0.4248316909205461,28.47387523765349,28.621316481778916,18.086800406204738,28.29786331757824,22.888401090828623,23.035396983714943,22.948513816131072,22.828877046861468,17.911081291994478,22.99605782269399,22.91167573269969,22.79427822130972,0.9166666666666666,0.0,0.3333333333333333,0.25,0.08333333333333333,18.086800406204738,22.91167573269969,28.29786331757824,12.61300182101893,20.589474220058673,32.086570109973515,5.892410969721817e-17,0.0,0.0,3.3568298289843556e-15,4.750451594010142e-14,converged
2025-01-15T10:20:00+08:00,2.3333333333333335,-5.75,87.5,2.8874999999999997,51.8,51.8,44.4,44.4,50.0,60.0,85.0,39.46834719208846,14.112421652343855,13.793455673740398,11.562469866004205,76.42532832613824,1.1024785791832519,51.8,52.2,52.2,43.93853526026638,43.1002023812455,41.025027190878745,42.79202521151676,0.363761,0.42373693641082627,28.477515040955872,28.625662514696266,18.090718813390236,28.30100516192225,22.892823808332167,23.040394343029828,22.952796897520024,22.83237951838704,17.913604752346348,22.999061438106892,22.914049411695505,22.795946336545754,0.9166666666666666,0.0,0.3333333333333333,0.25,0.08333333333333333,18.090718813390236,22.914049411695505,28.30100516192225,12.61300182101893,20.589474220058673,32.086570109973515,5.892410969721817e-17,6.868372321575626e-16,0.0,2.4082230452524538e-15,3.274084960857601e-14,converged
2025-01-15T10:25:00+08:00,2.4166666666666665,-5.666666666666666,90.0,2.8833333333333333,51.8,51.8,44.4,44.4,50.0,60.0,85.0,39.46834719208846,14.112421652343855,13.793455673740398,11.562469866004205,76.42532832613824,1.1024785791832519,51.8,51.847157937604685,52.2,43.93971618361604,42.85831663322407,41.02595529573151,42.708184774654875,0.3613504666666666,0.4219316964249726,28.481391858361896,28.630270208900132,18.094971499842487,28.304337419316635,22.896847108913473,23.045050435751406,22.956735933158786,22.835528531850635,17.916490040294576,23.00238190665219,22.916703955455827,22.79785588045221,0.9166666666666666,0.0,0.4166666666666667,0.25,0.08333333333333333,18.094971499842487,22.916703955455827,28.304337419316635,12.61300182101893,20.589474220058673,32.086570109973515,5.892410969721817e-17,2.7591034950282684e-16,0.0,9.743084216818573e-16,3.210195971743121e-14,converged
2025-01-15T10:30:00+08:00,2.5,-5.583333333333334,92.5,2.8791666666666664,51.8,51.8,44.4,44.4,50.0,60.0,85.0,39.46834719208846,14.112421652343855,13.793455673740398,11.562469866004205,76.42532832613824,1.1024785791832519,51.8,51.8,52.2,43.94097429020241,42.82705251163832,41.02699217122962,42.69801215453007,0.35893993333333335,0.42164318763452974,28.48550487235694,28.635138709286032,18.099556978106442,28.30785952667065,22.90106729470236,23.049929997994564,22.960867470708692,22.838835150979715,17.919735397837954,23.006018018777485,22.91963834532114,22.80000601902366,0.9166666666666666,0.0,0.4166666666666667,0.25,0.08333333333333333,18.099556978106442,22.91963834532114,28.30785952667065,12.61300182101893,20.589474220058673,32.086570109973515,5.892410969721817e-17,5.521982815851437e-16,0.0,3.192396315414112e-16,3.1538001676475114e-14,converged
2025-01-15T10:35:00+08:00,2.5833333333333335,-5.5,95.0,2.875,51.4,51.4,44.2,44.2,50.0,60.0,85.0,39.29056184437635,14.048852185441408,13.731322990525353,11.510386668409593,75.73836256750505,1.0876472289657733,51.8,51.8,51.9676809282947,43.91286313231763,42.79488735751202,40.841918069725494,42.62250104057335,0.3565294,0.4200831778198111,28.489818020611185,28.640233982927985,18.104427934914483,28.311540472155126,22.905530713912377,23.05507706523816,22.965233345884858,22.842339190594696,17.922844139599235,23.009508165199815,22.922414016082126,22.80197899959672,0.9166666666666666,0.0,0.4166666666666667,0.25,0.08333333333333333,18.104427934914483,22.922414016082126,28.311540472155126,12.670074227448877,20.68263926177839,32.23175821001864,5.945856600638194e-17,8.313733658494859e-16,1.1402532992205697e-16,1.7580082632025586e-15,3.6262755207308396e-14,converged
2025-01-15T10:40:00+08:00,2.6666666666666665,-5.416666666666666,97.5,2.870833333333333,51.4,51.4,44.2,44.2,50.0,60.0,85.0,39.29056184437635,14.048852185441408,13.731322990525353,11.510386668409593,75.73836256750505,1.0876472289657733,51.8,51.8,51.8,43.91426904648751,42.79628574399146,40.73726538494752,42.592833872780595,0.35411886666666664,0.4191973617810737,28.49436586715083,28.645588476835936,18.109628939243073,28.3154102413506,22.910280739025044,23.06053242118662,22.9698725521101,22.84607808058528,17.925999726469186,23.013017353146527,22.925187893363606,22.803924508039547,0.9166666666666666,0.0,0.4166666666666667,0.25,0.08333333333333333,18.109628939243073,22.925187893363606,28.3154102413506,12.670074227448877,20.68263926177839,32.23175821001864,5.945856600638194e-17,1.3885502682115264e-16,1.1402532992205697e-16,3.289128447826053e-15,3.241194951140965e-14,converged
2025-01-15T10:45:00+08:00,2.75,-5.333333333333334,100.0,2.8666666666666667,51.4,51.4,44.2,44.2,50.0,60.0,85.0,39.29056184437635,14.048852185441408,13.731322990525353,11.510386668409593,75.73836256750505,1.0876472289657733,51.6136059381959,51.8,51.8,43.78650752423313,42.797769673951116,40.73835946655812,42.54799019952997,0.35170833333333335,0.41820463950104975,28.498783742959862,28.65085662033254,18.114831125676105,28.319156360399926,22.915316193539624,23.066294866808505,22.974784079369442,22.85005099438256,17.929514075615973,23.016841470484177,22.928241188644066,22.806110490083935,0.9166666666666666,0.0,0.4166666666666667,0.25,0.08333333333333333,18.114831125676105,22.928241188644066,28.319156360399926,12.670074227448877,20.68263926177839,32.23175821001864,5.945856600638194e-17,5.567385477398205e-16,1.1402532992205697e-16,4.110296309485394e-15,4.027547351027017e-14,converged
2025-01-15T10:50:00+08:00,2.8333333333333335,-5.25,102.5,2.8625,51.4,51.4,44.2,44.2,50.0,60.0,85.0,39.29056184437635,14.048852185441408,13.731322990525353,11.510386668409593,75.73836256750505,1.0876472289657733,51.4,51.8,51.8,43.63979122712692,42.799338820790695,40.73956205536946,42.49643056912893,0.3492978,0.4170746912398527,28.503019695257727,28.655989014599758,18.11998752728066,28.32273418656197,22.920635905784852,23.072363207735794,22.979966921380125,22.85425710832679,17.933385444572927,23.020979315537815,22.931572888961202,22.80853611539259,0.9166666666666666,0.0,0.4166666666666667,0.25,0.08333333333333333,18.11998752728066,22.931572888961202,28.32273418656197,12.670074227448877,20.68263926177839,32.23175821001864,5.945856600638194e-17,9.769320338834756e-16,1.1402532992205697e-16,7.065312030764421e-16,2.26191039934945e-14,converged
2025-01-15T10:55:00+08:00,2.9166666666666665,-5.166666666666666,105.0,2.8583333333333334,51.4,51.4,44.2,44.2,50.0,60.0,85.0,39.29056184437635,14.048852185441408,13.731322990525353,11.510386668409593,75.73836256750505,1.0876472289657733,51.4,51.45461114094226,51.8,43.641205039657684,42.56327495828634,40.74087272338252,42.4148201198752,0.3468872666666666,0.4152946459887081,28.507490611990583,28.661380507876515,18.125472706638668,28.32650114124668,22.925567524715195,23.078100336143983,22.984815902587115,22.85812015503608,17.93761209933635,23.02542969121771,22.93518198502497,22.81120055649531,0.9166666666666666,0.0,0.4166666666666667,0.25,0.08333333333333333,18.125472706638668,22.93518198502497,28.32650114124668,12.670074227448877,20.68263926177839,32.23175821001864,5.945856600638194e-17,0.0,1.1402532992205697e-16,1.1278492895037072e-15,3.3875636907518876e-14,converged
2025-01-15T11:00:00+08:00,3.0,-5.083333333333334,107.5,2.8541666666666665,51.4,51.4,44.2,44.2,50.0,60.0,85.0,39.29056184437635,14.048852185441408,13.731322990525353,11.510386668409593,75.73836256750505,1.0876472289657733,51.4,51.4,51.8,43.64269547842397,42.52721800588451,40.742291044318215,42.403167314171164,0.3444767333333334,0.41495623567799067,28.51219568306822,28.667030253802366,18.131285201221548,28.33045666540674,22.930677921459246,23.084043105935876,22.98984107758832,22.862125962155684,17.942192314324384,23.03019140500186,22.939067471204247,22.814102988779084,0.9166666666666666,0.0,0.4166666666666667,0.25,0.08333333333333333,18.131285201221548,22.939067471204247,28.33045666540674,12.670074227448877,20.68263926177839,32.23175821001864,5.945856600638194e-17,2.8054843334677353e-16,1.1402532992205697e-16,1.5780849375756012e-15,2.865926830191133e-14,converged
2025-01-15T11:05:00+08:00,3.0833333333333335,-5.0,110.0,2.8499999999999996,51.0,51.0,44.0,44.0,50.0,60.0,85.0,39.11277649666424,13.985282718538958,13.669190307310306,11.458303470814979,75.05449823441869,1.0729494936082233,51.4,51.4,51.579352205241506,43.61509178863882,42.49558636157129,40.565524911791236,42.330457969139886,0.3420662,0.41344433677144765,28.517099221921903,28.672904586542646,18.137377948107243,28.334570059764236,22.936028215101413,23.09024955607089,22.99509757371238,22.866326990956352,17.946651873698283,23.034824203044476,22.942811060061647,22.816844960781186,0.9166666666666666,0.0,0.4166666666666667,0.25,0.08333333333333333,18.137377948107243,22.942811060061647,28.334570059764236,12.727665473937282,20.776651258422838,32.37826620188236,1.800009807221715e-16,7.039358837033078e-16,0.0,5.543495084163549e-16,2.2907711621456776e-14,converged
2025-01-15T11:10:00+08:00,3.1666666666666665,-4.916666666666666,112.5,2.845833333333333,51.0,51.0,44.0,44.0,50.0,60.0,85.0,39.11277649666424,13.985282718538958,13.669190307310306,11.458303470814979,75.05449823441869,1.0729494936082233,51.4,51.4,51.4,43.61672987311114,42.497264275938285,40.45413808699158,42.29899870323874,0.33965566666666663,0.41248878466766725,28.522235431213893,28.679035603379788,18.143795316102157,28.338871005049356,22.941661482576762,23.096760183962015,23.000624117367195,22.87076042276908,17.951130298416142,23.03945137924718,22.946530054771735,22.819538428968645,0.9166666666666666,0.0,0.5,0.25,0.08333333333333333,18.143795316102157,22.946530054771735,28.338871005049356,12.727665473937282,20.776651258422838,32.37826620188236,1.800009807221715e-16,4.2333995306343168e-16,0.0,1.3934940121671293e-15,2.4262749103813113e-14,converged
2025-01-15T11:15:00+08:00,3.25,-4.833333333333334,115.0,2.8416666666666663,51.0,51.0,44.0,44.0,50.0,60.0,85.0,39.11277649666424,13.985282718538958,13.669190307310306,11.458303470814979,75.05449823441869,1.0729494936082233,51.21821323791498,51.4,51.4,43.49260483253881,42.499027008440954,40.45561101900917,42.25566372401757,0.33724513333333334,0.411506840978216,28.52724891332369,28.685086519488753,18.150216798233423,28.34305497381723,22.94757656273101,23.103573807011713,23.00641971104658,22.875425439946422,17.95596106894511,23.0443892271215,22.950525047457596,22.822469792464243,0.9166666666666666,0.0,0.5,0.25,0.08333333333333333,18.150216798233423,22.950525047457596,28.34305497381723,12.727665473937282,20.776651258422838,32.37826620188236,1.800009807221715e-16,5.658001774658104e-16,0.0,3.536251109161315e-17,3.572279371983998e-14,converged
2025-01-15T11:20:00+08:00,3.3333333333333335,-4.75,117.5,2.8375,51.0,51.0,44.0,44.0,50.0,60.0,85.0,39.11277649666424,13.985282718538958,13.669190307310306,11.458303470814979,75.05449823441869,1.0729494936082233,51.0,51.4,51.4,43.34317805363973,42.50087423538648,40.45719135944009,42.20334277380595,0.3348346,0.4103418453918722,28.532069771250402,28.690990938193174,18.15657929472477,28.34706194087278,22.953772299174553,23.11068924722021,23.01248336092894,22.880321227717598,17.961142474617127,23.049636561769272,22.954795038003315,22.825638230201104,0.9166666666666666,0.0,0.5,0.25,0.08333333333333333,18.15657929472477,22.954795038003315,28.34706194087278,12.727665473937282,20.776651258422838,32.37826620188236,1.800009807221715e-16,9.929614319620702e-16,0.0,2.8370326627487722e-15,3.331057411402406e-14,converged
2025-01-15T11:25:00+08:00,3.4166666666666665,-4.666666666666666,120.0,2.833333333333333,51.0,51.0,44.0,44.0,50.0,60.0,85.0,39.11277649666424,13.985282718538958,13.669190307310306,11.458303470814979,75.05449823441869,1.0729494936082233,51.0,51.06213210067383,51.4,43.34482172203029,42.27066044808553,40.45887868495179,42.12396934923346,0.33242406666666663,0.40858759475585227,28.53712358454983,28.697151942760456,18.163265212745426,28.35125677330686,22.95959146856771,23.11748373278304,23.018223509846997,22.884884487560598,17.966672813069568,23.05519220281152,22.959339029917036,22.829042923946155,0.9166666666666666,0.0,0.5,0.25,0.08333333333333333,18.163265212745426,22.95959146856771,28.35125677330686,12.727665473937282,20.776651258422838,32.37826620188236,1.800009807221715e-16,0.0,0.0,5.333371187517493e-15,4.184909650422524e-14,converged
2025-01-15T11:30:00+08:00,3.5,-4.583333333333334,122.5,2.8291666666666666,51.0,51.0,44.0,44.0,50.0,60.0,85.0,39.11277649666424,13.985282718538958,13.669190307310306,11.458303470814979,75.05449823441869,1.0729494936082233,51.0,51.0,51.4,43.34654147439122,42.229778121669455,40.46067257391153,42.11082218355056,0.3300135333333334,0.4081993154746707,28.542409550412863,28.703568695409388,18.170273114035744,28.355638916051014,22.965571287578822,23.12446602376158,23.02412351845963,22.889575619877935,17.97255039020492,23.061054974371213,22.964156030317817,22.83268305829036,0.9166666666666666,0.0,0.5,0.25,0.08333333333333333,18.170273114035744,22.965571287578822,28.355638916051014,12.727665473937282,20.776651258422838,32.37826620188236,1.800009807221715e-16,4.2778852418540573e-16,0.0,4.389288503360673e-15,2.849427176666396e-14,converged
2025-01-15T11:35:00+08:00,3.5833333333333335,-4.5,125.0,2.8249999999999997,50.6,50.6,43.8,43.8,50.0,60.0,85.0,38.93499114895213,13.921713251636506,13.607057624095257,11.406220273220363,74.37373532687923,1.0583847685184762,51.0,51.0,51.19113006919237,43.31945231325049,42.198686974089284,40.29225936946652,42.04093274485107,0.327603,0.40673637855915634,28.54789237036976,28.71020791083459,18.17755620050023,28.36017799167206,22.971787769728625,23.131708281216145,23.030251916906977,22.894459836655248,17.978323641725833,23.066806149162385,22.968848190279708,22.83617963407185,0.9166666666666666,0.0,0.5,0.25,0.08333333333333333,18.17755620050023,22.971787769728625,28.36017799167206,12.7857826678822,20.87152181211427,32.52611216627453,1.8164857836477769e-16,7.155453013529942e-16,0.0,6.556183823646809e-15,3.5407542039592075e-14,converged
2025-01-15T11:40:00+08:00,3.6666666666666665,-4.416666666666666,127.5,2.8208333333333333,50.6,50.6,43.8,43.8,50.0,60.0,85.0,38.93499114895213,13.921713251636506,13.607057624095257,11.406220273220363,74.37373532687923,1.0583847685184762,51.0,51.0,51.0,43.32131957827554,42.200640537297254,40.17409857613576,42.00766728818132,0.3251924666666666,0.40571098781437437,28.553605873051577,28.717101322779488,18.185158624905096,28.364903366601325,22.978283681311005,23.139250700289402,23.036647151030703,22.899574059518205,17.984087807342604,23.072526987455248,22.973492888373976,22.839606592846415,0.9166666666666666,0.0,0.5,0.25,0.08333333333333333,18.185158624905096,22.978283681311005,28.364903366601325,12.7857826678822,20.87152181211427,32.52611216627453,1.8164857836477769e-16,1.434707529787171e-16,0.0,4.3220564334838524e-15,2.481015925056751e-14,converged
2025-01-15T11:45:00+08:00,3.75,-4.333333333333334,130.0,2.8166666666666664,50.6,50.6,43.8,43.8,50.0,60.0,85.0,38.93499114895213,13.921713251636506,13.607057624095257,11.406220273220363,74.37373532687923,1.0583847685184762,50.82286261343058,51.0,51.0,43.20084799675395,42.202678211535286,40.175944557217946,41.96584402465301,0.3227819333333333,0.4047403080150635,28.559204002536376,28.723920998832302,18.19276830153758,28.36951852009122,22.985057876150766,23.14709211444073,23.04330823556263,22.904917479559384,17.99019808719489,23.07855433633575,22.97841023786681,22.843268920907075,0.9166666666666666,0.0,0.5,0.25,0.08333333333333333,18.19276830153758,22.985057876150766,28.36951852009122,12.7857826678822,20.87152181211427,32.52611216627453,1.8164857836477769e-16,4.3144450721202484e-16,0.0,4.718924297631521e-16,2.97485808814357e-14,converged
2025-01-15T11:50:00+08:00,3.8333333333333335,-4.25,132.5,2.8125,50.6,50.6,43.8,43.8,50.0,60.0,85.0,38.93499114895213,13.921713251636506,13.607057624095257,11.406220273220363,74.37373532687923,1.0583847685184762,50.6,51.0,51.0,43.04869129376387,42.204799675946816,40.17789687576126,41.912751768471665,0.32037140000000003,0.40354040196581475,28.564598781253277,28.73058341529404,18.200305874347713,28.37394792777169,22.992109212774135,23.155231361663134,23.050234188872594,22.910489290716207,17.996652801497646,23.084887027303633,22.983599251215004,22.847165806271896,0.9166666666666666,0.0,0.5,0.25,0.08333333333333333,18.200305874347713,22.992109212774135,28.37394792777169,12.7857826678822,20.87152181211427,32.52611216627453,1.8164857836477769e-16,5.769698461905023e-16,0.0,2.9885235001898674e-15,2.058109023171832e-14,converged
2025-01-15T11:55:00+08:00,3.9166666666666665,-4.166666666666666,135.0,2.808333333333333,50.6,50.6,43.8,43.8,50.0,60.0,85.0,38.93499114895213,13.921713251636506,13.607057624095257,11.406220273220363,74.37373532687923,1.0583847685184762,50.6,50.669721744969145,51.0,43.050561868256025,41.980464491718216,40.179955112982086,41.83562260055658,0.3179608666666666,0.4018125413810496,28.57022454596715,28.737499952555236,18.208161653745144,28.378563958641863,22.998795710246508,23.16306011476676,23.056847175399184,22.915739261676624,18.00345027861827,23.091523896313287,22.98905894445222,22.85129643976013,1.0,0.0,0.5,0.25,0.0,18.208161653745144,22.998795710246508,28.378563958641863,12.7857826678822,20.87152181211427,32.52611216627453,1.8164857836477769e-16,7.243136403035703e-16,0.0,1.2041714270046856e-15,4.095178529800273e-14,converged
2025-01-15T12:00:00+08:00,4.0,-4.083333333333334,137.5,2.8041666666666667,50.6,50.6,43.8,43.8,50.0,60.0,85.0,38.93499114895213,13.921713251636506,13.607057624095257,11.406220273220363,74.37373532687923,1.0583847685184762,50.6,50.6,51.0,43.052507998884,41.934724155211086,40.182118851776906,41.82096694445139,0.3155503333333334,0.4013744149355786,28.576080501010004,28.744669781252686,18.21633422509994,28.38336606154891,23.005624704814334,23.171058825974125,23.06360365873663,22.921102172296834,18.010588855037042,23.09846378375675,22.994788337176058,22.855660014982565,1.0,0.0,0.5833333333333334,0.25,0.0,18.21633422509994,23.005624704814334,28.38336606154891,12.7857826678822,20.87152181211427,32.52611216627453,1.8164857836477769e-16,1.4502085521024016e-16,0.0,1.0287416916476412e-15,3.676069252492722e-14,converged
2025-01-15T12:05:00+08:00,4.083333333333333,-4.0,140.0,2.8,50.2,50.2,43.6,43.6,50.0,60.0,85.0,38.75720580124002,13.858143784734056,13.544924940880211,11.35413707562575,73.69607384488664,1.0439524491044057,50.6,50.6,50.80301598694097,43.02594060483959,41.90418068102975,40.02210394025252,41.753915798277646,0.31313979999999997,0.39996128910760503,28.582131748516343,28.75206001022263,18.22477706972759,28.388324190342157,23.012687229369632,23.179313898376314,23.07058568427944,22.926656090724254,18.01763980183875,23.10530966183492,23.000410181427213,22.85989713780913,1.0,0.0,0.6666666666666666,0.25,0.0,18.22477706972759,23.012687229369632,28.388324190342157,12.844433047092672,20.967262737857915,32.6753145156611,1.222126008887173e-16,5.821329463492882e-16,0.0,2.5559274675648437e-15,2.3357587160921667e-14,converged
2025-01-15T12:10:00+08:00,4.166666666666667,-3.916666666666667,141.66666666666666,2.7875,50.2,50.2,43.6,43.6,50.0,60.0,85.0,38.75720580124002,13.858143784734056,13.544924940880211,11.35413707562575,73.69607384488664,1.0439524491044057,50.6,50.6,50.6,43.02802769640982,41.906399565566325,39.897121580006335,41.71882325270888,0.3110769166666667,0.3988662540792638,28.588370135363842,28.759649450005515,18.233491702927484,28.393436480890422,23.019984143163164,23.187812679460055,23.07778898210518,22.932406769666557,18.024612167180525,23.11204790226653,23.00591920278815,22.864012547332884,1.0,0.0,0.6666666666666666,0.25,0.0,18.233491702927484,23.019984143163164,28.393436480890422,12.844433047092672,20.967262737857915,32.6753145156611,1.222126008887173e-16,5.837311160637844e-16,0.0,2.371407659009124e-15,2.644851619559494e-14,converged
2025-01-15T12:15:00+08:00,4.25,-3.833333333333333,143.33333333333334,2.775,50.2,50.2,43.6,43.6,50.0,60.0,85.0,38.75720580124002,13.858143784734056,13.544924940880211,11.35413707562575,73.69607384488664,1.0439524491044057,50.427554643767415,50.6,50.6,42.91120747103102,41.90868880261928,39.8993116359014,41.678494294285244,0.3090140333333333,0.39790824297861094,28.59445916164761,28.767119259335395,18.24217471226086,28.39841457134673,23.02751448513529,23.196554222444416,23.08521273549729,22.938353517402344,18.031883230625095,23.119036255413558,23.01165533126795,22.86833005878242,1.0,0.0,0.6666666666666666,0.25,0.0,18.24217471226086,23.02751448513529,28.39841457134673,12.844433047092672,20.967262737857915,32.6753145156611,1.222126008887173e-16,7.314206471037632e-16,0.0,2.9256825884150528e-15,2.8684133352003094e-14,converged
2025-01-15T12:20:00+08:00,4.333333333333333,-3.75,145.0,2.7624999999999997,50.2,50.2,43.6,43.6,50.0,60.0,85.0,38.75720580124002,13.858143784734056,13.544924940880211,11.35413707562575,73.69607384488664,1.0439524491044057,50.2,50.6,50.6,42.75626924396034,41.91104812404242,39.90159150569283,41.624586552496595,0.30695115,0.3966750928344359,28.600292774067675,28.774368827731028,18.250730548227498,28.403167411098508,23.035277298166967,23.2055375842266,23.092856130753717,22.944495644642004,18.03945154305697,23.126273768213384,23.01761774465909,22.87284897525956,1.0,0.0,0.6666666666666666,0.25,0.0,18.250730548227498,23.035277298166967,28.403167411098508,12.844433047092672,20.967262737857915,32.6753145156611,1.222126008887173e-16,0.0,0.0,6.27308734276727e-15,2.771444931605826e-14,converged
2025-01-15T12:25:00+08:00,4.416666666666667,-3.666666666666667,146.66666666666666,2.75,50.2,50.2,43.6,43.6,50.0,60.0,85.0,38.75720580124002,13.858143784734056,13.544924940880211,11.35413707562575,73.69607384488664,1.0439524491044057,50.2,50.27738101902864,50.6,42.75831895326228,41.692574798820665,39.90396083532741,41.54966118385847,0.3048882666666667,0.39497636400345654,28.60631427517108,28.781818065801453,18.25955767060534,28.408075018611655,23.042646128838857,23.21416919455591,23.10015531373774,22.950296194611987,18.047315662390947,23.13375949123506,23.023805623730738,22.877568602269204,1.0,0.0,0.6666666666666666,0.25,0.0,18.25955767060534,23.042646128838857,28.408075018611655,12.844433047092672,20.967262737857915,32.6753145156611,1.222126008887173e-16,8.842199111381462e-16,0.0,2.431604755629902e-15,4.1091169996106235e-14,converged
2025-01-15T12:30:00+08:00,4.5,-3.583333333333333,148.33333333333334,2.7375,50.2,50.2,43.6,43.6,50.0,60.0,85.0,38.75720580124002,13.858143784734056,13.544924940880211,11.35413707562575,73.69607384488664,1.0439524491044057,50.2,50.2,50.6,42.76043097662588,41.64188519117272,39.906419272174304,41.53342149976717,0.3028253833333333,0.3944911613475311,28.61252301803587,28.789466322185785,18.26865487373147,28.41313693701694,23.05009837287926,23.222901183116164,23.107539800420227,22.95616423862541,18.055474153538018,23.14149247866548,23.03021815221795,22.88248824771104,1.0,0.0,0.6666666666666666,0.25,0.0,18.26865487373147,23.05009837287926,28.41313693701694,12.844433047092672,20.967262737857915,32.6753145156611,1.222126008887173e-16,8.85307453499909e-16,0.0,1.5700374370662449e-15,2.5274745926256377e-14,converged
2025-01-15T12:35:00+08:00,4.583333333333333,-3.5,150.0,2.7249999999999996,49.8,49.8,43.4,43.4,50.0,60.0,85.0,38.57942045352791,13.794574317831607,13.482792257665162,11.302053878031138,73.02151378844096,1.029651930773885,50.2,50.2,50.41501145231857,42.734321575393224,41.611824471222825,39.75476252884982,41.469151399989364,0.3007625,0.39313205113788485,28.61888465816915,28.797281281449898,18.27797611709404,28.418323550453593,23.057740375415996,23.23183451579776,23.11510541835475,22.962190913992412,18.063521505072675,23.14909777244545,23.03649899743702,22.887268381082617,1.0,0.0,0.6666666666666666,0.25,0.0,18.27797611709404,23.057740375415996,28.418323550453593,12.903623982793558,21.063886068447122,32.825892001908386,6.167078983027246e-17,1.4806134667725677e-16,0.0,1.6379286476171532e-15,3.170438762637933e-14,converged
2025-01-15T12:40:00+08:00,4.666666666666667,-3.416666666666667,151.66666666666666,2.7125,49.8,49.8,43.4,43.4,50.0,60.0,85.0,38.57942045352791,13.794574317831607,13.482792257665162,11.302053878031138,73.02151378844096,1.029651930773885,50.2,50.2,50.2,42.73655529292805,41.614233563647055,39.62283390263383,41.432142809670005,0.2986996166666667,0.39197059581530275,28.625432379004664,28.805294077681967,18.287565258490705,28.423663658211886,23.06561440347209,23.241008935794476,23.122890165483884,22.968412696197724,18.071463553990988,23.156571788555222,23.04264492103882,22.891906150600988,1.0,0.0,0.6666666666666666,0.25,0.0,18.287565258490705,23.06561440347209,28.423663658211886,12.903623982793558,21.063886068447122,32.825892001908386,6.167078983027246e-17,8.910004199533625e-16,0.0,1.6335007699144978e-15,2.4623995140308953e-14,converged
2025-01-15T12:45:00+08:00,4.75,-3.333333333333333,153.33333333333334,2.6999999999999997,49.8,49.8,43.4,43.4,50.0,60.0,85.0,38.57942045352791,13.794574317831607,13.482792257665162,11.302053878031138,73.02151378844096,1.029651930773885,50.032289918623476,50.2,50.2,42.623346573596585,41.61671258515355,39.62529347908745,41.393250475958524,0.2966367333333333,0.39102844773912593,28.631839162357142,28.813194854032467,18.29712742957086,28.428877026126987,23.073719506046846,23.25042350687049,23.130893233313333,22.974828899598247,18.079699611600635,23.164293126991904,23.049015656365107,22.896744228326984,1.0,0.0,0.6666666666666666,0.25,0.0,18.29712742957086,23.073719506046846,28.428877026126987,12.903623982793558,21.063886068447122,32.825892001908386,6.167078983027246e-17,1.4885786763090077e-16,0.0,3.44233818896458e-16,3.042168991401508e-14,converged
2025-01-15T12:50:00+08:00,4.833333333333333,-3.25,155.0,2.6875,49.8,49.8,43.4,43.4,50.0,60.0,85.0,38.57942045352791,13.794574317831607,13.482792257665162,11.302053878031138,73.02151378844096,1.029651930773885,49.8,50.2,50.2,42.46556307414951,41.61926126932311,39.627842155683794,41.33847029717388,0.29457384999999997,0.38976426352919713,28.63798059405288,28.820865606905475,18.30655056856838,28.4338568653729,23.082054736037428,23.260077296425752,23.13911381633181,22.98143884096037,18.088228252078515,23.172260845758128,23.05561038989195,22.901781923864572,1.0,0.0,0.6666666666666666,0.25,0.0,18.30655056856838,23.082054736037428,28.4338568653729,12.903623982793558,21.063886068447122,32.825892001908386,6.167078983027246e-17,5.973627277823236e-16,0.0,1.3627337227534258e-15,2.8180676149567088e-14,converged
2025-01-15T12:55:00+08:00,4.916666666666667,-3.166666666666667,156.66666666666666,2.675,49.8,49.8,43.4,43.4,50.0,60.0,85.0,38.57942045352791,13.794574317831607,13.482792257665162,11.302053878031138,73.02151378844096,1.029651930773885,49.8,49.88511088547576,50.2,42.46775787596829,41.406647367455456,39.63047958146107,41.26572310833735,0.29251096666666665,0.388096719815432,28.644308864310148,28.828734666962454,18.316241152893763,28.43899080905454,23.090009111604292,23.269391395009674,23.147001988524252,22.987718828495236,18.097048056516194,23.180474006444392,23.062428311039305,22.90701854919729,1.0,0.0,0.6666666666666666,0.25,0.0,18.316241152893763,23.090009111604292,28.43899080905454,12.903623982793558,21.063886068447122,32.825892001908386,6.167078983027246e-17,1.3498412160513601e-15,0.0,3.737841561808888e-15,3.8015839618113865e-14,converged
2025-01-15T13:00:00+08:00,5.0,-3.083333333333333,158.33333333333334,2.6624999999999996,49.8,49.8,43.4,43.4,50.0,60.0,85.0,38.57942045352791,13.794574317831607,13.482792257665162,11.302053878031138,73.02151378844096,1.029651930773885,49.8,49.8,50.2,42.47001471160585,41.350957186540796,39.63320540686625,41.2478659290576,0.29044808333333333,0.3875652844446228,28.650823330113887,28.836801387580095,18.326197994329593,28.44427840246677,23.09802968431019,23.278789184496084,23.154959952206365,22.994051917518835,18.106157612886367,23.188931674215397,23.06946861216037,22.912453418680034,1.0,0.0,0.6666666666666666,0.25,0.0,18.326197994329593,23.09802968431019,28.44427840246677,12.903623982793558,21.063886068447122,32.825892001908386,6.167078983027246e-17,1.50188015412367e-16,0.0,2.9098927986146103e-15,3.147006683017229e-14,converged
2025-01-15T13:05:00+08:00,5.083333333333333,-3.0,160.0,2.65,49.4,49.4,43.2,43.2,50.0,60.0,85.0,38.40163510581581,13.731004850929159,13.42065957445012,11.249970680436526,72.35005515754213,1.015482608934788,49.8,49.8,50.027117986820045,42.444363742666425,41.32137965131155,39.489944697851385,41.18638827635162,0.2883852,0.38626123835381476,28.657490066660483,28.845033867692347,18.336375353152185,28.449690376500353,23.1062380650487,23.288386107740642,23.163097272198186,23.000542311486463,18.115174608612808,23.19728093239607,23.07639588458884,22.917766912464312,1.0,0.0,0.75,0.25,0.0,18.336375353152185,23.1062380650487,28.449690376500353,12.963362982713898,21.16140405950474,32.97786372413944,1.8672941244326772e-16,1.5069506109787095e-16,0.0,8.288228360382903e-16,3.2112722583282154e-14,converged
2025-01-15T13:10:00+08:00,5.166666666666667,-2.916666666666667,161.66666666666666,2.6375,49.4,49.4,43.2,43.2,50.0,60.0,85.0,38.40163510581581,13.731004850929159,13.42065957445012,11.249970680436526,72.35005515754213,1.015482608934788,49.8,49.8,49.8,42.446742370877324,41.32397655797421,39.35103151283129,41.14745097332498,0.2863223166666667,0.38503313698276576,28.664341844542825,28.853462835779737,18.346816821020354,28.455255187306534,23.114676163199466,23.298221556032072,23.17145162390771,23.00722619172157,18.124059552346978,23.20547518183409,23.083166039526905,22.922917288959997,1.0,0.0,0.75,0.25,0.0,18.346816821020354,23.114676163199466,28.455255187306534,12.963362982713898,21.16140405950474,32.97786372413944,1.8672941244326772e-16,0.0,0.0,3.0329628411403735e-15,3.161569925773005e-14,converged
2025-01-15T13:15:00+08:00,5.25,-2.833333333333333,163.33333333333334,2.625,49.4,49.4,43.2,43.2,50.0,60.0,85.0,38.40163510581581,13.731004850929159,13.42065957445012,11.249970680436526,72.35005515754213,1.015482608934788,49.63706903861712,49.8,49.8,42.3371638520447,41.32664298228548,39.35375674338905,41.10999998372908,0.2842594333333333,0.38410723385495077,28.67106120009716,28.861787488346078,18.357236138866188,28.460700790797457,23.123343037588374,23.3082946034453,23.180022206891095,23.014102878540715,18.13323394893268,23.21391402506803,23.090158758832178,22.92826621526368,1.0,0.0,0.75,0.25,0.0,18.357236138866188,23.123343037588374,28.460700790797457,12.963362982713898,21.16140405950474,32.97786372413944,1.8672941244326772e-16,4.546203959448068e-16,0.0,9.94482116129265e-17,3.0701198729647974e-14,converged
2025-01-15T13:20:00+08:00,5.333333333333333,-2.75,165.0,2.6125,49.4,49.4,43.2,43.2,50.0,60.0,85.0,38.40163510581581,13.731004850929159,13.42065957445012,11.249970680436526,72.35005515754213,1.015482608934788,49.4,49.8,49.8,42.17651657120273,41.3293786595067,39.356570379726115,41.05433879462474,0.28219655,0.3828120376155151,28.67750521732518,28.869872295169948,18.367504605192607,28.465904539246438,23.13223775089738,23.31860432764958,23.188808223656643,23.02117169464805,18.142696395178593,23.222596530923887,23.09737323748585,22.933813007356598,1.0,0.0,0.75,0.25,0.0,18.367504605192607,23.13223775089738,28.465904539246438,12.963362982713898,21.16140405950474,32.97786372413944,1.8672941244326772e-16,9.123170934127643e-16,0.0,2.8747491745558454e-15,3.8546900593660884e-14,converged
2025-01-15T13:25:00+08:00,5.416666666666667,-2.666666666666667,166.66666666666666,2.6,49.4,49.4,43.2,43.2,50.0,60.0,85.0,38.40163510581581,13.731004850929159,13.42065957445012,11.249970680436526,72.35005515754213,1.015482608934788,49.4,49.492912324760375,49.8,42.17885477450518,41.122654886783245,39.3594720738902,40.98377879068108,0.28013366666666667,0.38117617577632257,28.68413504203961,28.878154071269666,18.378036775917046,28.471261738584047,23.14076491166597,23.328586592484243,23.197273783190166,23.027922315042332,18.152445494695698,23.231521771772673,23.104808673380873,22.939556983576487,1.0,0.0,0.75,0.25,0.0,18.378036775917046,23.14076491166597,28.471261738584047,12.963362982713898,21.16140405950474,32.97786372413944,1.8672941244326772e-16,3.0541080273403114e-16,0.0,1.462631422468446e-15,3.7360217154868337e-14,converged
2025-01-15T13:30:00+08:00,5.5,-2.583333333333333,168.33333333333334,2.5875,49.4,49.4,43.2,43.2,50.0,60.0,85.0,38.40163510581581,13.731004850929159,13.42065957445012,11.249970680436526,72.35005515754213,1.015482608934788,49.4,49.4,49.8,42.1812547406322,41.06193236465972,39.36246147932458,40.96429129683247,0.27807078333333335,0.38059841168645364,28.69095003506586,28.886632174677725,18.388831479815,28.476771936240297,23.1493409936994,23.338635810809656,23.20579356415173,23.034711579166228,18.162479857864298,23.24068882351689,23.11246426731143,22.945497464609456,1.0,0.0,0.75,0.25,0.0,18.388831479815,23.1493409936994,28.476771936240297,12.963362982713898,21.16140405950474,32.97786372413944,1.8672941244326772e-16,1.5293721446588778e-16,0.0,5.063655585206503e-15,2.621778223025007e-14,converged
2025-01-15T13:35:00+08:00,5.583333333333333,-2.5,170.0,2.575,49.0,49.0,43.0,43.0,50.0,60.0,85.0,38.22384975810369,13.667435384026707,13.35852689123507,11.197887482841912,71.68169795219015,1.0014438789949873,49.4,49.4,49.63933714024711,42.1560692386596,41.032845155755766,39.22764282516285,40.90562458436783,0.27600790000000003,0.3793501692698348,28.697916702050907,28.895275130125864,18.399843290896328,28.4824062182823,23.158103000594988,23.348882023731864,23.214490982839965,23.0416568642726,18.17244055796793,23.249766986199095,23.120025699939358,22.951334897325346,1.0,0.0,0.75,0.25,0.0,18.399843290896328,23.158103000594988,28.4824062182823,13.023657694261406,21.259829194665237,33.13124913680986,1.884704698096939e-16,4.603213518436353e-16,0.0,2.6180776886106757e-15,4.174803396406582e-14,converged
2025-01-15T13:40:00+08:00,5.666666666666667,-2.416666666666667,171.66666666666666,2.5625,49.0,49.0,43.0,43.0,50.0,60.0,85.0,38.22384975810369,13.667435384026707,13.35852689123507,11.197887482841912,71.68169795219015,1.0014438789949873,49.4,49.4,49.4,42.158591116098734,41.035627551477006,39.08170676871793,40.86474593806092,0.27394501666666665,0.37805518661085113,28.705067389817586,28.904113248858575,18.411115520767613,28.48819268921703,23.167092470943913,23.35936425705895,23.223403380292286,23.04879404742007,18.182242422638776,23.258666314824506,23.12740771934337,22.956988354127862,1.0,0.0,0.75,0.25,0.0,18.411115520767613,23.167092470943913,28.48819268921703,13.023657694261406,21.259829194665237,33.13124913680986,1.884704698096939e-16,3.0793208491744943e-16,0.0,2.222884737997838e-15,3.064645586643455e-14,converged
2025-01-15T13:45:00+08:00,5.75,-2.333333333333333,173.33333333333334,2.55,49.0,49.0,43.0,43.0,50.0,60.0,85.0,38.22384975810369,13.667435384026707,13.35852689123507,11.197887482841912,71.68169795219015,1.0014438789949873,49.24189261554091,49.4,49.4,42.0526616968257,41.03847906517232,39.084693898232445,40.828741141597156,0.2718821333333333,0.3771459075310931,28.712094262859665,28.912854850460043,18.422370585602504,28.49386755814163,23.176308473172465,23.370081594948136,23.23252996394764,23.05612245476897,18.19232931383759,23.267807569044137,23.135010102657205,22.962838636851185,1.0,0.0,0.75,0.25,0.0,18.422370585602504,23.176308473172465,28.49386755814163,13.023657694261406,21.259829194665237,33.13124913680986,1.884704698096939e-16,3.086744930868358e-16,0.0,1.4469116863445428e-15,5.125478171617821e-14,converged
2025-01-15T13:50:00+08:00,5.833333333333333,-2.25,175.0,2.5375,49.0,49.0,43.0,43.0,50.0,60.0,85.0,38.22384975810369,13.667435384026707,13.35852689123507,11.197887482841912,71.68169795219015,1.0014438789949873,49.0,49.4,49.4,41.88913206825773,41.04139943373807,39.087768758108616,40.77219040459476,0.26981925,0.3758197144163991,28.718835760799912,28.921346743054716,18.433463015270732,28.499292196368643,23.185750079522172,23.38103312511044,23.24186994416691,23.06364141484578,18.202699850364457,23.277189828271542,23.142832053192997,22.968885067731843,1.0,0.0,0.75,0.25,0.0,18.433463015270732,23.185750079522172,28.499292196368643,13.023657694261406,21.259829194665237,33.13124913680986,1.884704698096939e-16,6.195274881080318e-16,0.0,2.424869308922843e-15,2.999462938382595e-14,converged
2025-01-15T13:55:00+08:00,5.916666666666667,-2.166666666666667,176.66666666666666,2.525,49.0,49.0,43.0,43.0,50.0,60.0,85.0,38.22384975810369,13.667435384026707,13.35852689123507,11.197887482841912,71.68169795219015,1.0014438789949873,49.0,49.100786335573225,49.4,41.891612035251875,40.84059680314877,39.090931003323675,40.70382674938116,0.2677563666666667,0.3742160297433161,28.725762053742766,28.930034291055286,18.44481550578197,28.50486964150237,23.19483760907878,23.391669598459682,23.25090157304349,23.07085407240668,18.213352657712573,23.28681217542333,23.150872777143167,22.975126971340227,1.0,0.0,0.75,0.25,0.0,18.44481550578197,23.19483760907878,28.50486964150237,13.023657694261406,21.259829194665237,33.13124913680986,1.884704698096939e-16,1.7110017186792564e-15,0.0,2.607819380884719e-15,3.2454700932378656e-14,converged
2025-01-15T14:00:00+08:00,6.0,-2.083333333333333,178.33333333333334,2.5124999999999997,49.0,49.0,43.0,43.0,50.0,60.0,85.0,38.22384975810369,13.667435384026707,13.35852689123507,11.197887482841912,71.68169795219015,1.0014438789949873,49.0,49.0,49.4,41.89415350313452,40.77481004065791,39.09418029023755,40.68269612691363,0.26569348333333326,0.3735918327711311,28.73287250628931,28.93891685707013,18.456426902464717,28.510599443079702,23.203956721638622,23.40235623512265,23.259971793191422,23.078090848869643,18.2242863680358,23.296673696905838,23.15913148357001,22.981563674572545,1.0,0.0,0.75,0.25,0.0,18.456426902464717,23.203956721638622,28.510599443079702,13.023657694261406,21.259829194665237,33.13124913680986,1.884704698096939e-16,7.7902748143220835e-16,0.0,2.7314651067716805e-15,3.0996929666071725e-14,converged
2025-01-15T14:05:00+08:00,6.083333333333333,-2.0,180.0,2.5,48.6,48.6,42.8,42.8,50.0,60.0,85.0,38.04606441039157,13.603865917124256,13.296394208020022,11.145804285247296,71.0164421723851,0.9875351363623581,49.0,49.0,49.251670491369765,41.86944066225298,40.74622046975366,38.967850083088095,40.626859073176554,0.2636306,0.37240013477596806,28.740134065475356,28.947963403238706,18.468252106136894,28.516453050917804,23.213259941906355,23.413237797139388,23.269217987925988,23.08548240419495,18.235165629472302,23.306466086734062,23.167315109596444,22.987915848810744,1.0,0.0,0.75,0.25,0.0,18.468252106136894,23.213259941906355,28.516453050917804,13.084515907785994,21.35917419090199,33.28606805800992,1.902359915047843e-16,6.252163248918749e-16,0.0,6.7406135027405265e-16,2.9600586420529976e-14,converged
2025-01-15T14:10:00+08:00,6.166666666666667,-2.0416666666666665,176.66666666666669,2.5104166666666665,48.6,48.6,42.8,42.8,50.0,60.0,85.0,38.04606441039157,13.603865917124256,13.296394208020022,11.145804285247296,71.0164421723851,0.9875351363623581,49.0,49.0,49.0,41.8720314240919,40.74910608113104,38.814754139511535,40.58394360094078,0.2657049916666667,0.3710416805123044,28.747141895482184,28.956711194490147,18.479742950236563,28.522112291291123,23.222268657896016,23.423781673462496,23.278179321501447,23.09264717757208,18.245235747189223,23.31548444052854,23.174799075785902,22.99364594338327,1.0,0.0,0.75,0.25,0.0,18.479742950236563,23.222268657896016,28.522112291291123,13.084515907785994,21.35917419090199,33.28606805800992,1.902359915047843e-16,4.706290207054283e-16,0.0,1.1961820942929636e-15,3.912516454321717e-14,converged
2025-01-15T14:15:00+08:00,6.25,-2.0833333333333335,173.33333333333331,2.5208333333333335,48.6,48.6,42.8,42.8,50.0,60.0,85.0,38.04606441039157,13.603865917124256,13.296394208020022,11.145804285247296,71.0164421723851,0.9875351363623581,48.846761272622885,49.0,49.0,41.769552287627725,40.75190079778227,38.81770398866235,40.54914172703659,0.2677793833333333,0.37016034651405094,28.75359936445915,28.96487934808432,18.490633216924643,28.52732270957963,23.23098407526879,23.4339891739134,23.286856843698146,23.099585965018395,18.25496612580638,23.324173004147145,23.18200520194589,22.999155471806606,1.0,0.0,0.75,0.25,0.0,18.490633216924643,23.23098407526879,28.52732270957963,13.084515907785994,21.35917419090199,33.28606805800992,1.902359915047843e-16,4.71749565789251e-16,0.0,8.50132030016046e-16,3.397941873705427e-14,converged
2025-01-15T14:20:00+08:00,6.333333333333333,-2.125,170.0,2.53125,48.6,48.6,42.8,42.8,50.0,60.0,85.0,38.04606441039157,13.603865917124256,13.296394208020022,11.145804285247296,71.0164421723851,0.9875351363623581,48.6,49.0,49.0,41.6027591237404,40.754604966269746,38.82054483489414,40.49127995696357,0.269853775,0.3688213721696069,28.759327619324992,28.9722984727655,18.500763149440818,28.53193058894419,23.239407394750042,23.44386160323296,23.29525160042775,23.106299559757193,18.264358411012136,23.332533031932357,23.18893449208676,23.00444519323555,1.0,0.0,0.8333333333333334,0.25,0.0,18.500763149440818,23.239407394750042,28.53193058894419,13.084515907785994,21.35917419090199,33.28606805800992,1.902359915047843e-16,1.5782073736957934e-16,0.0,1.6373901502093855e-15,3.378123699328954e-14,converged
2025-01-15T14:25:00+08:00,6.416666666666667,-2.1666666666666665,166.66666666666669,2.5416666666666665,48.6,48.6,42.8,42.8,50.0,60.0,85.0,38.04606441039157,13.603865917124256,13.296394208020022,11.145804285247296,71.0164421723851,0.9875351363623581,48.6,48.708733935272164,49.0,41.604872583237835,40.55919773073126,38.823277106362205,40.424544879590776,0.2719281666666667,0.3672758011449329,28.764807414674458,28.97942414175924,18.510566246962885,28.53634777145032,23.246976877995365,23.4528669131566,23.30285791736881,23.112306134322356,18.273414240523184,23.340565773455825,23.19558794659073,23.009515864212016,1.0,0.0,0.8333333333333334,0.25,0.0,18.510566246962885,23.246976877995365,28.53634777145032,13.084515907785994,21.35917419090199,33.28606805800992,1.902359915047843e-16,7.924243951277603e-16,0.0,4.747117392062239e-15,3.249832690430293e-14,converged
2025-01-15T14:30:00+08:00,6.5,-2.2083333333333335,163.33333333333331,2.5520833333333335,48.6,48.6,42.8,42.8,50.0,60.0,85.0,38.04606441039157,13.603865917124256,13.296394208020022,11.145804285247296,71.0164421723851,0.9875351363623581,48.6,48.6,49.0,41.60690368532262,40.48759982124707,38.82590122950935,40.40101773586646,0.27400255833333337,0.36663770935985884,28.770039604413626,28.986257310619518,18.520043960170593,28.54057481899663,23.25404923366898,23.461343094923027,23.309996600686887,23.117910936409363,18.282135244123154,23.348272473536504,23.20196656222502,23.014368238674013,1.0,0.0,0.8333333333333334,0.25,0.0,18.520043960170593,23.25404923366898,28.54057481899663,13.084515907785994,21.35917419090199,33.28606805800992,1.902359915047843e-16,6.350428166824048e-16,0.0,4.3411130046648764e-15,3.075329081034097e-14,converged
2025-01-15T14:35:00+08:00,6.583333333333333,-2.25,160.0,2.5625,48.8,48.8,42.9,42.9,50.0,60.0,85.0,38.13495708424763,13.63565065057548,13.327460549627546,11.171845884044602,71.34868238409427,0.9944732970522845,48.6,48.6,48.86227265805655,41.62226881921669,40.5053053340092,38.761341080145876,40.39378623649691,0.27607695,0.36603090999363874,28.775040933063195,28.992813825396496,18.52921941978139,28.54462607624341,23.260856842042855,23.469510301411695,23.31687671401876,23.123313006627093,18.290296653162574,23.355435316465325,23.207863349130598,23.018805137327533,1.0,0.0,0.8333333333333334,0.25,0.0,18.52921941978139,23.260856842042855,28.54462607624341,13.054015870704907,21.309385906074713,33.20847815577679,1.8935014408643947e-16,4.770716843105873e-16,0.0,6.759873458168454e-15,2.896273853414521e-14,converged
2025-01-15T14:40:00+08:00,6.666666666666667,-2.2916666666666665,156.66666666666669,2.5729166666666665,48.8,48.8,42.9,42.9,50.0,60.0,85.0,38.13495708424763,13.63565065057548,13.327460549627546,11.171845884044602,71.34868238409427,0.9944732970522845,48.6,48.6,48.6,41.6241376708584,40.5074255689738,38.60058365183112,40.34810067681349,0.27815134166666666,0.3646544393007217,28.779796296587282,28.99907968845792,18.53807227439248,28.548488274029754,23.26738015741618,23.477350344527288,23.32348068081885,23.12849527440841,18.29764218721669,23.361815269184913,23.213050827030827,23.022609488534115,1.0,0.0,0.8333333333333334,0.25,0.0,18.53807227439248,23.26738015741618,28.548488274029754,13.054015870704907,21.309385906074713,33.20847815577679,1.8935014408643947e-16,4.788724993318807e-16,0.0,5.703023546435439e-15,3.166637938838286e-14,converged
2025-01-15T14:45:00+08:00,6.75,-2.3333333333333335,153.33333333333331,2.5833333333333335,48.8,48.8,42.9,42.9,50.0,60.0,85.0,38.13495708424763,13.63565065057548,13.327460549627546,11.171845884044602,71.34868238409427,0.9944732970522845,48.677839365171806,48.6,48.6,41.67930111235305,40.509457976344656,38.60263300846644,40.36913574289943,0.28022573333333334,0.36495481945320934,28.784457721861102,29.005199075930285,18.546739992733322,28.55229156597236,23.27362034387742,23.484864493528836,23.329809518953983,23.133458511425303,18.304661173183625,23.367875461183026,23.217968759241526,23.026199898698245,1.0,0.0,0.8333333333333334,0.25,0.0,18.546739992733322,23.27362034387742,28.55229156597236,13.054015870704907,21.309385906074713,33.20847815577679,1.8935014408643947e-16,0.0,0.0,4.286718881021913e-15,6.193440796802806e-14,converged
2025-01-15T14:50:00+08:00,6.833333333333333,-2.375,150.0,2.59375,48.8,48.8,42.9,42.9,50.0,60.0,85.0,38.13495708424763,13.63565065057548,13.327460549627546,11.171845884044602,71.34868238409427,0.9944732970522845,48.8,48.6,48.6,41.764854050287056,40.51140289102849,38.60457706493781,40.40097554395454,0.282300125,0.36547804773969056,28.789111205428764,29.011253652559095,18.555300380729573,28.55610961718326,23.279578560748465,23.49205401275117,23.335864242539166,23.138203486640595,18.311355193163564,23.37361710894231,23.222618120030067,23.029577104345773,1.0,0.0,0.8333333333333334,0.25,0.0,18.555300380729573,23.279578560748465,28.55610961718326,13.054015870704907,21.309385906074713,33.20847815577679,1.8935014408643947e-16,4.777933553611853e-16,0.0,7.4738363248801135e-16,3.0884776700822774e-14,converged
2025-01-15T14:55:00+08:00,6.916666666666667,-2.4166666666666665,146.66666666666669,2.6041666666666665,48.8,48.8,42.9,42.9,50.0,60.0,85.0,38.13495708424763,13.63565065057548,13.327460549627546,11.171845884044602,71.34868238409427,0.9944732970522845,48.8,48.747624563757014,48.6,41.76659261595799,40.613715948924664,38.60641623473714,40.437892502727756,0.2843745166666667,0.36612654529775346,28.79351991962385,29.017019212270053,18.563540894206586,28.55973929624796,23.285541393036038,23.499190590943204,23.341902788224584,23.14297567387974,18.31772582159155,23.379041424317478,23.226999880142348,23.032741839466947,1.0,0.0,0.8333333333333334,0.25,0.0,18.563540894206586,23.285541393036038,28.55973929624796,13.054015870704907,21.309385906074713,33.20847815577679,1.8935014408643947e-16,1.1128764948275166e-15,0.0,7.24839983910943e-16,3.42636231477421e-14,converged
2025-01-15T15:00:00+08:00,7.0,-2.4583333333333335,143.33333333333331,2.6145833333333335,48.8,48.8,42.9,42.9,50.0,60.0,85.0,38.13495708424763,13.63565065057548,13.327460549627546,11.171845884044602,71.34868238409427,0.9944732970522845,48.8,48.8,48.6,41.768250319752205,40.65122652573028,38.608150929703065,40.452102675981884,0.2864489083333333,0.3663074637775377,28.797684705866015,29.022496696382714,18.5714629531797,28.563181158344456,23.291324451150892,23.506099762952058,23.347759275572944,23.147616936817283,18.323774625274613,23.38414961455293,23.231115006815532,23.035694835525135,1.0,0.0,0.8333333333333334,0.25,0.0,18.5714629531797,23.291324451150892,28.563181158344456,13.054015870704907,21.309385906074713,33.20847815577679,1.8935014408643947e-16,4.767115060654417e-16,0.0,2.2928647570658475e-16,3.375180363421694e-14,converged
2025-01-15T15:05:00+08:00,7.083333333333333,-2.5,140.0,2.625,49.0,49.0,43.0,43.0,50.0,60.0,85.0,38.22384975810369,13.667435384026707,13.35852689123507,11.197887482841912,71.68169795219015,1.0014438789949873,48.8,48.8,48.67195933685318,41.78329333697685,40.66856532175741,38.6727094373833,40.48245386120509,0.2885233,0.3667507144421795,28.80162236930362,29.02770200027281,18.579089676475277,28.566449606787728,23.296848083949996,23.51270607346495,23.353361957284722,23.15205889302568,18.329665304643093,23.38909199937042,23.235106261694998,23.03857203112259,1.0,0.0,0.8333333333333334,0.25,0.0,18.579089676475277,23.296848083949996,28.566449606787728,13.023657694261406,21.259829194665237,33.13124913680986,1.884704698096939e-16,9.522707161238951e-16,0.0,2.584292792434572e-15,4.910803003549874e-14,converged
2025-01-15T15:10:00+08:00,7.166666666666667,-2.5416666666666665,136.66666666666669,2.6354166666666665,49.0,49.0,43.0,43.0,50.0,60.0,85.0,38.22384975810369,13.667435384026707,13.35852689123507,11.197887482841912,71.68169795219015,1.0014438789949873,48.8,48.8,48.8,41.78479248901028,40.67027984859907,38.753993519403075,40.50740171776862,0.29059769166666666,0.36730714379761165,28.805317721026597,29.032621049472496,18.586400664695375,28.569531300723167,23.302092676852197,23.51899127128807,23.358693197046136,23.156284414508953,18.33547354893427,23.39394484022089,23.239045833417112,23.04144187257629,1.0,0.0,0.8333333333333334,0.25,0.0,18.586400664695375,23.302092676852197,28.569531300723167,13.023657694261406,21.259829194665237,33.13124913680986,1.884704698096939e-16,4.754140661000062e-16,0.0,2.151844333672883e-15,3.247660161487453e-14,converged
2025-01-15T15:15:00+08:00,7.25,-2.5833333333333335,133.33333333333331,2.6458333333333335,49.0,49.0,43.0,43.0,50.0,60.0,85.0,38.22384975810369,13.667435384026707,13.35852689123507,11.197887482841912,71.68169795219015,1.0014438789949873,48.87905369222953,48.8,48.8,41.84046811380787,40.671908246766705,38.755551880330046,40.52833488804006,0.29267208333333333,0.36763196956015154,28.80892519558396,29.037400298834687,18.59353553348816,28.57255846181963,23.307059372661886,23.524956602452395,23.363753995580765,23.160294261266024,18.340962687855036,23.398483725820086,23.242720366744088,23.044100987946326,1.0,0.0,0.8333333333333334,0.25,0.0,18.59353553348816,23.307059372661886,28.57255846181963,13.023657694261406,21.259829194665237,33.13124913680986,1.884704698096939e-16,1.5833133604541848e-15,0.0,1.3670101844059164e-15,5.204286189126779e-14,converged
2025-01-15T15:20:00+08:00,7.333333333333333,-2.625,130.0,2.65625,49.0,49.0,43.0,43.0,50.0,60.0,85.0,38.22384975810369,13.667435384026707,13.35852689123507,11.197887482841912,71.68169795219015,1.0014438789949873,49.0,48.8,48.8,41.92489484328254,40.67345084473148,38.757007048473206,40.55948817382488,0.29474647499999995,0.36816759345554695,28.812526088183272,29.042116956939832,18.600567837996376,28.575600729676605,23.311749309503114,23.53060330815387,23.368545349922822,23.164089190627116,18.346134267746756,23.402709850845035,23.246130819876722,23.046550102860916,1.0,0.0,0.8333333333333334,0.25,0.0,18.600567837996376,23.311749309503114,28.575600729676605,13.023657694261406,21.259829194665237,33.13124913680986,1.884704698096939e-16,9.486059384066155e-16,0.0,3.967771047581377e-15,2.9027019969736295e-14,converged
2025-01-15T15:25:00+08:00,7.416666666666667,-2.6666666666666665,126.66666666666669,2.6666666666666665,49.0,49.0,43.0,43.0,50.0,60.0,85.0,38.22384975810369,13.667435384026707,13.35852689123507,11.197887482841912,71.68169795219015,1.0014438789949873,49.0,48.94960683221339,48.8,41.92626794998486,40.77680376567125,38.75835942898694,40.59649526323554,0.2968208666666667,0.3688442954189102,28.815885827020413,29.04654895222843,18.60728704665164,28.578456909788876,23.316452999316464,23.536206794940764,23.37332873402008,23.167918050327202,18.350989827457436,23.406624405426722,23.249278147551596,23.04878994044959,1.0,0.0,0.8333333333333334,0.25,0.0,18.60728704665164,23.316452999316464,28.578456909788876,13.023657694261406,21.259829194665237,33.13124913680986,1.884704698096939e-16,9.468655739521546e-16,0.0,3.7653349484843054e-15,2.805581209550527e-14,converged
2025-01-15T15:30:00+08:00,7.5,-2.7083333333333335,123.33333333333331,2.6770833333333335,49.0,49.0,43.0,43.0,50.0,60.0,85.0,38.22384975810369,13.667435384026707,13.35852689123507,11.197887482841912,71.68169795219015,1.0014438789949873,49.0,49.0,48.8,41.92756165559087,40.81259777137305,38.759609425405976,40.60983337930625,0.2988952583333333,0.3690335770277944,28.819005241278195,29.050697212053816,18.613694549601174,28.581127550728926,23.320978280937172,23.541585231720394,23.37793127434799,23.171616048295153,18.355530898378035,23.41022857516739,23.252163301053614,23.050821221351818,1.0,0.0,0.8333333333333334,0.25,0.0,18.613694549601174,23.320978280937172,28.581127550728926,13.023657694261406,21.259829194665237,33.13124913680986,1.884704698096939e-16,1.5772998593318624e-16,0.0,5.5909035804211834e-15,3.069138727323151e-14,converged
2025-01-15T15:35:00+08:00,7.583333333333333,-2.75,120.0,2.6875,49.2,49.2,43.1,43.1,50.0,60.0,85.0,38.31274243195975,13.699220117477934,13.389593232842595,11.223929081639218,72.01548887667276,1.008446957764483,49.0,49.0,48.875040637695754,41.942295606271,40.829584717547334,38.82571180391712,40.640403374229635,0.30096965000000003,0.3695105883942088,28.8219012012708,29.054577686786423,18.619813460793985,28.58362711710344,23.32524933781319,23.546666789037648,23.3822846761292,23.175118098252057,18.35992697647263,23.413678207133362,23.254934301594105,23.05278490197896,1.0,0.0,0.8333333333333334,0.25,0.0,18.619813460793985,23.32524933781319,28.58362711710344,12.993440391026459,21.21050244479362,33.05437848916065,1.875969114497252e-16,3.15052735925224e-16,0.0,4.3079615400875547e-16,3.1398474908641325e-14,converged
2025-01-15T15:40:00+08:00,7.666666666666667,-2.7916666666666665,116.66666666666669,2.6979166666666665,49.2,49.2,43.1,43.1,50.0,60.0,85.0,38.31274243195975,13.699220117477934,13.389593232842595,11.223929081639218,72.01548887667276,1.008446957764483,49.0,49.0,49.0,41.94343437056156,40.83090422425338,38.904686265181084,40.664407701115415,0.3030440416666667,0.3700701251686866,28.824558429133226,29.058176219941636,18.625623327339397,28.58594219393496,23.329246481364358,23.55143314648195,23.386371238607385,23.1784070115643,18.364242261648972,23.41703866855809,23.25765298928826,23.05473957321037,1.0,0.0,0.8333333333333334,0.25,0.0,18.625623327339397,23.329246481364358,28.58594219393496,12.993440391026459,21.21050244479362,33.05437848916065,1.875969114497252e-16,4.71864576101097e-16,0.0,4.320076659155876e-16,3.324735084725723e-14,converged
2025-01-15T15:45:00+08:00,7.75,-2.8333333333333335,113.33333333333331,2.7083333333333335,49.2,49.2,43.1,43.1,50.0,60.0,85.0,38.31274243195975,13.699220117477934,13.389593232842595,11.223929081639218,72.01548887667276,1.008446957764483,49.08026238435894,49.0,49.0,41.99962886833641,40.832139260345144,38.90576685527735,40.68524896282698,0.3051184333333333,0.3704189741354614,28.827133758017357,29.06164153653882,18.631265904194752,28.588207063076357,23.332970833619903,23.55588552738106,23.390191945731107,23.18148353679702,18.368245672220958,23.420090850744675,23.260111050291748,23.05648666822318,1.0,0.0,0.8333333333333334,0.25,0.0,18.631265904194752,23.332970833619903,28.588207063076357,12.993440391026459,21.21050244479362,33.05437848916065,1.875969114497252e-16,4.714201888495674e-16,0.0,1.1548402030468013e-15,6.20083922167687e-14,converged
2025-01-15T15:50:00+08:00,7.833333333333333,-2.875,110.0,2.71875,49.2,49.2,43.1,43.1,50.0,60.0,85.0,38.31274243195975,13.699220117477934,13.389593232842595,11.223929081639218,72.01548887667276,1.008446957764483,49.2,49.0,49.0,42.08294076199755,40.833290148012246,38.90674630734878,40.71572736541196,0.307192825,0.37096661865086206,28.829703800055263,29.065046406319567,18.63681051274385,28.59048735415653,23.336423512012892,23.560025150314857,23.393747777820685,23.18434841988629,18.37193871978323,23.4228359270458,23.262309427075937,23.058026901966304,1.0,0.0,0.8333333333333334,0.25,0.0,18.63681051274385,23.336423512012892,28.59048735415653,12.993440391026459,21.21050244479362,33.05437848916065,1.875969114497252e-16,1.5690808279504514e-16,0.0,7.5575726901145905e-16,3.075305383096901e-14,converged
2025-01-15T15:55:00+08:00,7.916666666666667,-2.9166666666666665,106.66666666666669,2.7291666666666665,49.2,49.2,43.1,43.1,50.0,60.0,85.0,38.31274243195975,13.699220117477934,13.389593232842595,11.223929081639218,72.01548887667276,1.008446957764483,49.2,49.15157990220825,49.0,42.083957619522955,40.9376893049198,38.90762501842256,40.752833949291,0.3092672166666667,0.3716710907310017,28.83203623085758,29.068170884271016,18.642048626962122,28.59258380224981,23.339898940701037,23.564131125736996,23.39730373279785,23.187253869681072,18.375322908604034,23.425275066348203,23.264249058704056,23.059360986926183,1.0,0.0,0.8333333333333334,0.25,0.0,18.642048626962122,23.339898940701037,28.59258380224981,12.993440391026459,21.21050244479362,33.05437848916065,1.875969114497252e-16,1.566106763885906e-16,0.0,1.4199350487276445e-15,3.5824083539765966e-14,converged
2025-01-15T16:00:00+08:00,8.0,-2.9583333333333335,103.33333333333331,2.7395833333333335,49.2,49.2,43.1,43.1,50.0,60.0,85.0,38.31274243195975,13.699220117477934,13.389593232842595,11.223929081639218,72.01548887667276,1.008446957764483,49.2,49.2,49.0,42.084896502804376,40.971780992485584,38.908403383938975,40.7653120985143,0.31134160833333335,0.37186837835928993,28.834131867615085,29.071015884043664,18.646981607904713,28.594496949436444,23.343197217288253,23.5680142853904,23.40067997124659,23.19002846414471,18.37839973566072,23.427409433089686,23.265930880843516,23.06048963313525,1.0,0.0,0.8333333333333334,0.25,0.0,18.646981607904713,23.343197217288253,28.594496949436444,12.993440391026459,21.21050244479362,33.05437848916065,1.875969114497252e-16,3.1305517920229624e-16,0.0,1.1378714187008775e-15,3.1499335264088226e-14,converged
2025-01-15T16:05:00+08:00,8.083333333333334,-3.0,100.0,2.75,49.4,49.4,43.2,43.2,50.0,60.0,85.0,38.4016351058158,13.731004850929159,13.420659574450118,11.249970680436524,72.35005515754214,1.015482608934788,49.2,49.2,49.078107673256646,42.09933408133985,40.98843054020896,38.976062411589496,40.79611423615886,0.313416,0.37237874400999604,28.836007650183706,29.07359741648178,18.651632571387804,28.596241324161266,23.34624635105177,23.571606418693126,23.40381164294943,23.192610404167148,18.381344479764827,23.429400389145723,23.267508160868125,23.061558800465136,1.0,0.0,0.8333333333333334,0.25,0.0,18.651632571387804,23.34624635105177,28.596241324161266,12.963362982713898,21.161404059504743,32.977863724139446,1.244862749621785e-16,1.563130598880394e-16,0.0,1.4015335896171572e-15,4.314655485189058e-14,converged
2025-01-15T16:10:00+08:00,8.166666666666666,-3.041666666666667,96.66666666666664,2.760416666666667,49.4,49.4,43.2,43.2,50.0,60.0,85.0,38.4016351058158,13.731004850929159,13.420659574450118,11.249970680436524,72.35005515754214,1.015482608934788,49.2,49.2,49.2,42.10012154763796,40.989365451264206,39.05274452563802,40.81918698706861,0.3154903916666667,0.3729410506530214,28.83764820781665,29.075901238084466,18.65598100576164,28.597803434982243,23.349026574502467,23.574889130134455,23.406680978209764,23.194982437389996,18.384209886835443,23.431302440509928,23.269032422956226,23.062617256770388,1.0,0.0,0.8333333333333334,0.25,0.0,18.65598100576164,23.349026574502467,28.597803434982243,12.963362982713898,21.161404059504743,32.977863724139446,1.244862749621785e-16,1.0925416380975459e-15,0.0,1.8340383875070232e-15,3.111284556079306e-14,converged
2025-01-15T16:15:00+08:00,8.25,-3.083333333333333,93.33333333333336,2.770833333333333,49.4,49.4,43.2,43.2,50.0,60.0,85.0,38.4016351058158,13.731004850929159,13.420659574450118,11.249970680436524,72.35005515754214,1.015482608934788,49.28146548069145,49.2,49.2,42.156841396264205,40.990217509891714,39.05336023333167,40.83994606143388,0.3175647833333333,0.37331350917058004,28.839212763246042,29.07807833552295,18.660170797711036,28.599319616111618,23.35153898939151,23.57786362085223,23.409288944561702,23.197145301179162,18.386770444033512,23.432901761988614,23.270300376426423,23.063471222896613,1.0,0.0,0.8333333333333334,0.25,0.0,18.660170797711036,23.35153898939151,28.599319616111618,12.963362982713898,21.161404059504743,32.977863724139446,1.244862749621785e-16,1.4032949125927094e-15,0.0,2.113065230510478e-15,3.0885170381244333e-14,converged
2025-01-15T16:20:00+08:00,8.333333333333334,-3.125,90.0,2.78125,49.4,49.4,43.2,43.2,50.0,60.0,85.0,38.4016351058158,13.731004850929159,13.420659574450118,11.249970680436524,72.35005515754214,1.015482608934788,49.4,49.2,49.2,42.239049599332745,40.99098703214988,39.05387680647064,40.86976094199547,0.319639175,0.373872807777111,28.840773263682603,29.08019705692467,18.66426705177257,28.60085150266037,23.353784692956086,23.580531087321624,23.41163650597096,23.199099730310323,18.38902762919107,23.434199506081153,23.271312948351017,23.06412140332759,1.0,0.0,0.8333333333333334,0.25,0.0,18.66426705177257,23.353784692956086,28.60085150266037,12.963362982713898,21.161404059504743,32.977863724139446,1.244862749621785e-16,3.113768089182278e-16,0.0,1.2195587163964138e-15,2.987227566224953e-14,converged
2025-01-15T16:25:00+08:00,8.416666666666666,-3.166666666666667,86.66666666666664,2.791666666666667,49.4,49.4,43.2,43.2,50.0,60.0,85.0,38.4016351058158,13.731004850929159,13.420659574450118,11.249970680436524,72.35005515754214,1.015482608934788,49.4,49.35354383761981,49.2,42.239719197797214,41.096438552451325,39.054294634159845,40.90697612204322,0.32171356666666673,0.37460462445651127,28.842099623748652,29.082039575897017,18.668063240427657,28.60220175199289,23.356062006929278,23.583174330078386,23.413992171079887,23.20110128202032,18.390982912976007,23.435196820899336,23.27207106244907,23.0645685001201,1.0,0.0,0.8333333333333334,0.25,0.0,18.668063240427657,23.356062006929278,28.60220175199289,12.963362982713898,21.161404059504743,32.977863724139446,1.244862749621785e-16,7.769212806424507e-16,0.0,1.3536497775074507e-15,3.497508310156916e-14,converged
2025-01-15T16:30:00+08:00,8.5,-3.208333333333333,83.33333333333336,2.802083333333333,49.4,49.4,43.2,43.2,50.0,60.0,85.0,38.4016351058158,13.731004850929159,13.420659574450118,11.249970680436524,72.35005515754214,1.015482608934788,49.4,49.4,49.2,42.24031221574945,41.12884190280809,39.05461410394932,40.9186061240242,0.3237879583333333,0.37480956930566894,28.84319264888308,29.083606792646293,18.67156069639566,28.603370899808606,23.35816331784648,23.585596872304443,23.41616916161678,23.202971929937412,18.392637758926803,23.435894850184056,23.27257563909853,23.064813212912284,1.0,0.0,0.8333333333333334,0.25,0.0,18.67156069639566,23.35816331784648,28.603370899808606,12.963362982713898,21.161404059504743,32.977863724139446,1.244862749621785e-16,6.211971697659324e-16,0.0,2.6302839945692306e-15,3.169120292461875e-14,converged
2025-01-15T16:35:00+08:00,8.583333333333334,-3.25,80.0,2.8125,49.6,49.6,43.3,43.3,50.0,60.0,85.0,38.49052777967186,13.762789584380382,13.451725916057642,11.276012279233832,72.68539679479815,1.022550908079916,49.4,49.4,49.28116054237153,42.25446576990186,41.145168098802515,39.12384206840072,40.94965332830003,0.32586234999999997,0.3753528900188552,28.84406935270168,29.08491478378476,18.674782543843946,28.60437354084872,23.36002045191199,23.58773411513654,23.41810606385121,23.204653153084905,18.39417321577406,23.43646045791852,23.272985178331,23.065006490646137,1.0,0.0,0.8333333333333334,0.25,0.0,18.674782543843946,23.36002045191199,28.60437354084872,12.933424500074837,21.112532456595957,32.90170237604674,1.2391194458630428e-16,3.1014899557876566e-16,0.0,1.1456309598952307e-15,4.463590335194693e-14,converged
2025-01-15T16:40:00+08:00,8.666666666666666,-3.291666666666667,76.66666666666664,2.822916666666667,49.6,49.6,43.3,43.3,50.0,60.0,85.0,38.49052777967186,13.762789584380382,13.451725916057642,11.276012279233832,72.68539679479815,1.022550908079916,49.4,49.4,49.4,42.254910811161544,41.14572858159899,39.19824877150927,40.97180619076433,0.3279367416666667,0.3759176371578255,28.84471426779862,29.08594921397252,18.67770820732081,28.60519610495004,23.36161355801988,23.58956758230824,23.419785034819924,23.206127632410713,18.395630610867023,23.436937321876748,23.27334092096173,23.065187310503067,1.0,0.0,0.8333333333333334,0.25,0.0,18.67770820732081,23.36161355801988,28.60519610495004,12.933424500074837,21.112532456595957,32.90170237604674,1.2391194458630428e-16,4.64524580598724e-16,0.0,4.424130587438802e-15,2.7543345377947762e-14,converged
2025-01-15T16:45:00+08:00,8.75,-3.333333333333333,73.33333333333336,2.833333333333333,49.6,49.6,43.3,43.3,50.0,60.0,85.0,38.49052777967186,13.762789584380382,13.451725916057642,11.276012279233832,72.68539679479815,1.022550908079916,49.48266301999702,49.4,49.4,42.3121622819872,41.146207791244116,39.19841215732631,40.992492539577455,0.3300111333333333,0.3763133001393616,28.845288997511602,29.086863323063184,18.680483697684842,28.605976970902766,23.362943718128808,23.59109845326952,23.42120702599568,23.20739609431143,18.39678998053872,23.43711688137935,23.273444581334903,23.06516666363939,1.0,0.0,0.8333333333333334,0.25,0.0,18.680483697684842,23.362943718128808,28.605976970902766,12.933424500074837,21.112532456595957,32.90170237604674,1.2391194458630428e-16,9.280723411887563e-16,0.0,2.447174275414661e-15,6.219815192057179e-14,converged
2025-01-15T16:50:00+08:00,8.833333333333334,-3.375,70.0,2.84375,49.6,49.6,43.3,43.3,50.0,60.0,85.0,38.49052777967186,13.762789584380382,13.451725916057642,11.276012279233832,72.68539679479815,1.022550908079916,49.6,49.4,49.4,42.3932777175449,41.146606037811836,39.19847836206835,41.02165499500575,0.33208552500000005,0.37688389458508237,28.84586084217807,29.08772105469398,18.683169919426053,28.606773794663994,23.36401200976368,23.592327902890982,23.42237298534139,23.208459262631457,18.397652769815444,23.43700026853341,23.27329707144745,23.064945244283813,1.0,0.0,0.8333333333333334,0.25,0.0,18.683169919426053,23.36401200976368,28.606773794663994,12.933424500074837,21.112532456595957,32.90170237604674,1.2391194458630428e-16,4.633336293997055e-16,0.0,1.568853575258644e-16,2.5621702171918952e-14,converged
2025-01-15T16:55:00+08:00,8.916666666666666,-3.416666666666667,66.66666666666664,2.854166666666667,49.6,49.6,43.3,43.3,50.0,60.0,85.0,38.49052777967186,13.762789584380382,13.451725916057642,11.276012279233832,72.68539679479815,1.022550908079916,49.6,49.55549870173616,49.4,42.393608832648496,41.25311580973886,39.19844776711779,41.05898761735976,0.33415991666666667,0.37764263893229966,28.84620194707317,29.08830669320771,18.6855623365188,28.607391148638634,23.365120637665825,23.59354240803746,23.423554919036558,23.20957603033839,18.398220416717034,23.436588611135065,23.272899299996816,23.064523744272822,1.0,0.0,0.8333333333333334,0.25,0.0,18.6855623365188,23.365120637665825,28.607391148638634,12.933424500074837,21.112532456595957,32.90170237604674,1.2391194458630428e-16,3.0826847878214485e-16,0.0,7.007139103807993e-16,6.491925703932256e-14,converged
2025-01-15T17:00:00+08:00,9.0,-3.458333333333333,63.33333333333336,2.864583333333333,49.6,49.6,43.3,43.3,50.0,60.0,85.0,38.49052777967186,13.762789584380382,13.451725916057642,11.276012279233832,72.68539679479815,1.022550908079916,49.6,49.6,49.4,42.39386472863902,41.28384453810485,39.19832075233334,41.069781027533566,0.3362343083333333,0.377854900333869,28.846313106119435,29.088621125620474,18.687662254083687,28.607829562254917,23.366054307285037,23.594538211762725,23.424559136830858,23.210561792207276,18.398494352290854,23.435883032685908,23.27225217239292,23.063902853058917,1.0,0.0,0.8333333333333334,0.25,0.0,18.687662254083687,23.366054307285037,28.607829562254917,12.933424500074837,21.112532456595957,32.90170237604674,1.2391194458630428e-16,3.0809530781279097e-16,0.0,2.4765184092209515e-15,3.282201901807165e-14,converged
2025-01-15T17:05:00+08:00,9.083333333333334,-3.5,60.0,2.875,49.8,49.8,43.4,43.4,50.0,60.0,85.0,38.57942045352791,13.794574317831607,13.482792257665164,11.302053878031138,73.02151378844096,1.029651930773885,49.6,49.6,49.484199342965134,42.40774626838733,41.29986103493688,39.269129464062345,41.10108582402826,0.3383087,0.37843078394670016,28.846211410757245,29.088680499426605,18.689492810871204,28.608103698922616,23.366748652716204,23.59525431960452,23.42532765330221,23.211361296306627,18.39866138202753,23.43505588641659,23.271519407724256,23.063238494226635,1.0,0.0,0.8333333333333334,0.25,0.0,18.689492810871204,23.366748652716204,28.608103698922616,12.903623982793558,21.06388606844712,32.825892001908386,1.2334157966054493e-16,7.690661460784547e-16,0.0,1.9458010438303137e-15,4.0274462109405434e-14,converged
2025-01-15T17:10:00+08:00,9.166666666666666,-3.541666666666667,56.66666666666664,2.885416666666667,49.8,49.8,43.4,43.4,50.0,60.0,85.0,38.57942045352791,13.794574317831607,13.482792257665164,11.302053878031138,73.02151378844096,1.029651930773885,49.6,49.6,49.6,42.40785754595595,41.30005700602862,39.341277363527624,41.122330225875594,0.3403830916666667,0.37899765020737747,28.845881293289846,29.088470382796476,18.69103336280079,28.60819990758376,23.367183734724467,23.59567216910599,23.425842548060775,23.211957154036536,18.398751450193956,23.434140054938293,23.270731996002088,23.062559886572398,1.0,0.0,0.8333333333333334,0.25,0.0,18.69103336280079,23.367183734724467,28.60819990758376,12.903623982793558,21.06388606844712,32.825892001908386,1.2334157966054493e-16,4.607495129451414e-16,0.0,2.8742696085418984e-15,3.0287360562055984e-14,converged
2025-01-15T17:15:00+08:00,9.25,-3.583333333333333,53.33333333333336,2.895833333333333,49.8,49.8,43.4,43.4,50.0,60.0,85.0,38.57942045352791,13.794574317831607,13.482792257665164,11.302053878031138,73.02151378844096,1.029651930773885,49.683855040688265,49.6,49.6,42.465646708948036,41.3001732452753,39.341000668420804,41.14295305796889,0.34245748333333326,0.3794161209509293,28.845486728733526,29.088146260341457,18.69243203737924,28.608258603867988,23.367360615950243,23.595792918520274,23.42610475686368,23.212350081049657,18.398550122705213,23.432932223191735,23.269696638551416,23.06168277429571,1.0,0.0,0.8333333333333334,0.25,0.0,18.69243203737924,23.367360615950243,28.608258603867988,12.903623982793558,21.06388606844712,32.825892001908386,1.2334157966054493e-16,1.5341377896010785e-16,0.0,3.3299693000251576e-15,5.959556769020994e-14,converged
2025-01-15T17:20:00+08:00,9.333333333333334,-3.625,50.0,2.90625,49.8,49.8,43.4,43.4,50.0,60.0,85.0,38.57942045352791,13.794574317831607,13.482792257665164,11.302053878031138,73.02151378844096,1.029651930773885,49.8,49.6,49.6,42.54568008309573,41.30021005690956,39.34062869699344,41.17147392731209,0.344531875,0.3799976610816241,28.84509038849529,29.08776768823255,18.693745555740747,28.608333479854604,23.36728035467852,23.595617721602583,23.426115212015517,23.212540790483708,18.39805881271224,23.43143350334291,23.268414232610958,23.060607841576243,1.0,0.0,0.8333333333333334,0.25,0.0,18.693745555740747,23.36728035467852,28.608333479854604,12.903623982793558,21.06388606844712,32.825892001908386,1.2334157966054493e-16,6.12715991438319e-16,0.0,5.493630646369834e-15,4.268686163615934e-14,converged
2025-01-15T17:25:00+08:00,9.416666666666666,-3.666666666666667,46.66666666666664,2.916666666666667,49.8,49.8,43.4,43.4,50.0,60.0,85.0,38.57942045352791,13.794574317831607,13.482792257665164,11.302053878031138,73.02151378844096,1.029651930773885,49.8,49.75744455726211,49.6,42.54568128125482,41.40778373564926,39.34016182310012,41.208932588952145,0.3466062666666667,0.3807829245702484,28.84446664018818,29.08712105370441,18.694771366364513,28.608231015779168,23.367249024165993,23.595436717863723,23.426149404118945,23.212791498448432,18.397278926512755,23.42964500332182,23.266885672172606,23.059335770235524,1.0,0.0,0.8333333333333334,0.25,0.0,18.694771366364513,23.367249024165993,28.608231015779168,12.903623982793558,21.06388606844712,32.825892001908386,1.2334157966054493e-16,1.0700417484689577e-15,0.0,2.628548555154565e-15,3.863273206865227e-14,converged
2025-01-15T17:30:00+08:00,9.5,-3.708333333333333,43.33333333333336,2.927083333333333,49.8,49.8,43.4,43.4,50.0,60.0,85.0,38.57942045352791,13.794574317831607,13.482792257665164,11.302053878031138,73.02151378844096,1.029651930773885,49.8,49.8,49.6,42.545608590136396,41.436851297714135,39.33960041910202,41.21890070498311,0.34868065833333334,0.38100216980861845,28.84361626644941,29.08620723083233,18.695510747490644,28.60795173490655,23.36704367858139,23.595038898493016,23.426006757664634,23.212911046200134,18.396211863584508,23.4275678268386,23.265111847993172,23.057867239745075,1.0,0.0,0.8333333333333334,0.25,0.0,18.695510747490644,23.36704367858139,28.60795173490655,12.903623982793558,21.06388606844712,32.825892001908386,1.2334157966054493e-16,1.5277514283634068e-16,0.0,1.0905737903841808e-15,3.580890659693175e-14,converged
2025-01-15T17:35:00+08:00,9.583333333333334,-3.75,40.0,2.9375,50.0,50.0,43.5,43.5,50.0,60.0,85.0,38.66831312738397,13.826359051282832,13.513858599272687,11.328095476828446,73.35840613847044,1.0367857525907096,49.8,49.8,49.687224172061775,42.55922979630759,41.452571364050854,39.41200122450524,41.25047523147112,0.35075505,0.38161023108306724,28.84255644045946,29.0850424429315,18.69598685844075,28.607510371603492,23.366603750745515,23.59436686595483,23.42563270725893,23.212847441714597,18.39505017279951,23.425379803359178,23.263261684525812,23.05636313386927,1.0,0.0,0.8333333333333334,0.25,0.0,18.69598685844075,23.366603750745515,28.607510371603492,12.873960479384838,21.01546334185299,32.75043018121434,1.227751437629362e-16,0.0,0.0,2.8765891937832087e-15,3.513903449258389e-14,converged
2025-01-15T17:40:00+08:00,9.666666666666666,-3.791666666666667,36.66666666666664,2.947916666666667,50.0,50.0,43.5,43.5,50.0,60.0,85.0,38.66831312738397,13.826359051282832,13.513858599272687,11.328095476828446,73.35840613847044,1.0367857525907096,49.8,49.8,49.8,42.55901576498977,41.452412495257676,39.48190660671949,41.27082234713712,0.3528294416666667,0.3821789029138767,28.841271490740056,29.083612157199205,18.69617898188723,28.606893191824426,23.365909208971964,23.593401966381386,23.425009251086934,23.21258322410151,18.393812450889556,23.42310305341931,23.2613559535183,23.054842945241923,1.0,0.0,0.8333333333333334,0.25,0.0,18.69617898188723,23.365909208971964,28.606893191824426,12.873960479384838,21.01546334185299,32.75043018121434,1.227751437629362e-16,0.0,0.0,5.5619677649545896e-15,3.8238414332698835e-14,converged
2025-01-15T17:45:00+08:00,9.75,-3.833333333333333,33.33333333333336,2.958333333333333,50.0,50.0,43.5,43.5,50.0,60.0,85.0,38.66831312738397,13.826359051282832,13.513858599272687,11.328095476828446,73.35840613847044,1.0367857525907096,49.885041580824605,49.8,49.8,42.61734849375388,41.45217539887298,39.48120176018415,41.29139062467867,0.3549038333333333,0.3826197929243679,28.839927755106434,29.08207409462447,18.69623735448774,28.606242640342504,23.36496109704616,23.592145337309255,23.4241373095287,23.212119098490504,18.392289773846638,23.42053948877979,23.25920632532372,23.053127153927864,1.0,0.0,0.8333333333333334,0.25,0.0,18.69623735448774,23.36496109704616,28.606242640342504,12.873960479384838,21.01546334185299,32.75043018121434,1.227751437629362e-16,1.5212924681335883e-16,0.0,9.672526102540846e-16,3.788202450240795e-14,converged
2025-01-15T17:50:00+08:00,9.833333333333334,-3.875,30.0,2.96875,50.0,50.0,43.5,43.5,50.0,60.0,85.0,38.66831312738397,13.826359051282832,13.513858599272687,11.328095476828446,73.35840613847044,1.0367857525907096,50.0,49.8,49.8,42.696310300645294,41.45186037342792,39.48040349459055,41.31928049542855,0.356978225,0.38321193650814506,28.838583293873615,29.080483440836918,18.69621453060267,28.60560846054807,23.36376045447454,23.590598111856647,23.423017799567805,23.21145576753276,18.390483523850932,23.417690202107117,23.256813682733352,23.051216434259807,1.0,0.0,0.8333333333333334,0.25,0.0,18.69621453060267,23.36376045447454,28.60560846054807,12.873960479384838,21.01546334185299,32.75043018121434,1.227751437629362e-16,1.2151533993196523e-15,0.0,3.226740108942036e-16,3.356754502312667e-14,converged
2025-01-15T17:55:00+08:00,9.916666666666666,-3.916666666666667,26.666666666666643,2.979166666666667,50.0,50.0,43.5,43.5,50.0,60.0,85.0,38.66831312738397,13.826359051282832,13.513858599272687,11.328095476828446,73.35840613847044,1.0367857525907096,50.0,49.95938146632588,49.8,42.6959899440004,41.56050338712277,39.47951217645511,41.35687355042289,0.3590526166666667,0.38402331883957885,28.837014688721247,29.07862867816051,18.695909936253063,28.604799033336825,23.362617208610143,23.589054078566814,23.421929683185084,23.2108587579596,18.388395076378327,23.4145562819051,23.25417890534319,23.04911145824574,1.0,0.0,0.8333333333333334,0.25,0.0,18.695909936253063,23.362617208610143,28.604799033336825,12.873960479384838,21.01546334185299,32.75043018121434,1.227751437629362e-16,4.547197375098695e-16,0.0,3.2067231130505476e-15,5.60998393079681e-14,converged
2025-01-15T18:00:00+08:00,10.0,-3.958333333333333,23.333333333333357,2.989583333333333,50.0,50.0,43.5,43.5,50.0,60.0,85.0,38.66831312738397,13.826359051282832,13.513858599272687,11.328095476828446,73.35840613847044,1.0367857525907096,50.0,50.0,49.8,42.695596997100395,41.587922985079416,39.47852817083038,41.36602741844591,0.3611270083333333,0.3842492229785297,28.83522271122783,29.07651066797461,18.69532482349848,28.60381487591638,23.361300791968304,23.587295004860593,23.420665526175632,23.210130382696832,18.386025800232936,23.411138812530716,23.251302869565514,23.04681289557692,1.0,0.0,0.8333333333333334,0.25,0.0,18.69532482349848,23.361300791968304,28.60381487591638,12.873960479384838,21.01546334185299,32.75043018121434,1.227751437629362e-16,1.514841343393421e-16,0.0,2.565982553874901e-15,3.637682052762824e-14,converged
2025-01-15T18:05:00+08:00,10.083333333333334,-4.0,20.0,3.0,50.2,50.2,43.6,43.6,50.0,60.0,85.0,38.75720580124002,13.858143784734056,13.544924940880211,11.35413707562575,73.69607384488664,1.0439524491044057,50.0,50.0,49.89023512579558,42.70896922978068,41.60335951568254,39.552531964980936,41.39788343512592,0.3632014,0.3848890834696904,28.833224620084426,29.0741457141834,18.694482377983626,28.602670795817158,23.359754426808742,23.58526708250428,23.419174174797533,23.209221900442632,18.3835739740806,23.40762108652786,23.248359691439294,23.0444865757029,1.0,0.0,0.8333333333333334,0.25,0.0,18.694482377983626,23.359754426808742,28.602670795817158,12.844433047092672,20.967262737857915,32.6753145156611,1.222126008887173e-16,1.5123229889696572e-16,0.0,1.2561714517486189e-15,3.369004583831275e-14,converged
2025-01-15T18:10:00+08:00,10.166666666666666,-4.041666666666667,19.58333333333333,3.004166666666667,50.2,50.2,43.6,43.6,50.0,60.0,85.0,38.75720580124002,13.858143784734056,13.544924940880211,11.35413707562575,73.69607384488664,1.0439524491044057,50.0,50.0,50.0,42.708460708185456,41.602878169708724,39.62023806974141,41.417368261707836,0.3640590166666667,0.3854581739563461,28.831150218806606,29.071703088588187,18.69351022393133,28.60146114734825,23.358103519004796,23.58313541368191,23.417586017281618,23.20822391817797,18.381192362012307,23.40419835480212,23.245508437540483,23.04225044369491,1.0,0.0,0.8333333333333334,0.25,0.0,18.69351022393133,23.358103519004796,28.60146114734825,12.844433047092672,20.967262737857915,32.6753145156611,1.222126008887173e-16,3.020180390314387e-16,0.0,1.4295864024165985e-16,3.516814178269742e-14,converged
2025-01-15T18:15:00+08:00,10.25,-4.083333333333333,19.16666666666667,3.0083333333333333,50.2,50.2,43.6,43.6,50.0,60.0,85.0,38.75720580124002,13.858143784734056,13.544924940880211,11.35413707562575,73.69607384488664,1.0439524491044057,50.08622267811629,50.0,50.0,42.76741027480299,41.60236580669278,39.61919835537622,41.43796279569751,0.3649166333333333,0.3859178651361591,28.829167697920287,29.06934214027032,18.69256004007,28.600330077448604,23.35634849720975,23.58090040143688,23.41590141093959,23.207136750544603,18.378676824892754,23.400677036626053,23.242565191837176,23.03992932547819,1.0,0.0,0.8333333333333334,0.25,0.0,18.69256004007,23.35634849720975,28.600330077448604,12.844433047092672,20.967262737857915,32.6753145156611,1.222126008887173e-16,6.033165724829105e-16,0.0,1.5970420328092666e-15,4.402315144994318e-14,converged
2025-01-15T18:20:00+08:00,10.333333333333334,-4.125,18.75,3.0125,50.2,50.2,43.6,43.6,50.0,60.0,85.0,38.75720580124002,13.858143784734056,13.544924940880211,11.35413707562575,73.69607384488664,1.0439524491044057,50.2,50.0,50.0,42.84542325704665,41.60182254479727,39.61812121225921,41.46535193871917,0.36577425,0.3865148915191627,28.827330024853527,29.0671131031522,18.69167957378094,28.599323077540298,23.354489788319295,23.57856244724682,23.41412071176431,23.20596071107813,18.376028012451105,23.39705750766653,23.239530287372013,23.037523514106525,1.0,0.0,0.8333333333333334,0.25,0.0,18.69167957378094,23.354489788319295,28.599323077540298,12.844433047092672,20.967262737857915,32.6753145156611,1.222126008887173e-16,1.5059616638491555e-16,0.0,9.250620757589924e-16,3.303051688862843e-14,converged
2025-01-15T18:25:00+08:00,10.416666666666666,-4.166666666666667,18.33333333333333,3.0166666666666666,50.2,50.2,43.6,43.6,50.0,60.0,85.0,38.75720580124002,13.858143784734056,13.544924940880211,11.35413707562575,73.69607384488664,1.0439524491044057,50.2,50.16130949048568,50.0,42.84494667097732,41.7116997336802,39.61700678871614,41.503255093237705,0.3666318666666667,0.3873444737927696,28.8254154893148,29.06480595084375,18.690669567928026,28.598250104606187,23.352840567591105,23.57641826643553,23.412525796153684,23.204964247165496,18.373246571264392,23.393340142158934,23.236404055981897,23.035033301623173,1.0,0.0,0.8333333333333334,0.25,0.0,18.690669567928026,23.352840567591105,28.598250104606187,12.844433047092672,20.967262737857915,32.6753145156611,1.222126008887173e-16,3.005472640077404e-16,0.0,2.3867697555198034e-16,3.197387508704214e-14,converged
2025-01-15T18:30:00+08:00,10.5,-4.208333333333333,17.91666666666667,3.0208333333333335,50.2,50.2,43.6,43.6,50.0,60.0,85.0,38.75720580124002,13.858143784734056,13.544924940880211,11.35413707562575,73.69607384488664,1.0439524491044057,50.2,50.2,50.0,42.844443312894676,41.737689175443535,39.61585523247331,41.5118205843499,0.36748948333333326,0.3875670603885788,28.823424355950273,29.062420938171744,18.68953059821664,28.59711135339643,23.351162085920006,23.57424172463073,23.410901855638862,23.20394279225929,18.370333144772825,23.389525312912603,23.233186828302365,23.032458979064362,1.0,0.0,0.8333333333333334,0.25,0.0,18.68953059821664,23.351162085920006,28.59711135339643,12.844433047092672,20.967262737857915,32.6753145156611,1.222126008887173e-16,6.007493088304027e-16,0.0,1.9695695451226747e-16,3.6990089039416096e-14,converged
2025-01-15T18:35:00+08:00,10.583333333333334,-4.25,17.5,3.025,50.4,50.4,43.7,43.7,50.0,60.0,85.0,38.846098475096085,13.889928518185284,13.575991282487736,11.38017867442306,74.0345169076896,1.0511520958889902,50.2,50.2,50.093232299420755,42.85782219660779,41.75310305691992,39.69176783244764,41.544230258931144,0.3683471,0.3882265479973566,28.821373476180234,29.059973859650235,18.6882852323224,28.595921389872277,23.34940075654692,23.571981889463853,23.409200597799014,23.202850470379605,18.367491033074607,23.385801069403897,23.230057366088634,23.029970937716023,1.0,0.0,0.8333333333333334,0.25,0.0,18.6882852323224,23.34940075654692,28.595921389872277,12.815040751790397,20.91928273159279,32.60054262889757,1.216539154446093e-16,5.997288048818726e-16,0.0,2.281508696106778e-17,4.934670779341737e-14,converged
2025-01-15T18:40:00+08:00,10.666666666666666,-4.291666666666667,17.08333333333333,3.029166666666667,50.4,50.4,43.7,43.7,50.0,60.0,85.0,38.846098475096085,13.889928518185284,13.575991282487736,11.38017867442306,74.0345169076896,1.0511520958889902,50.2,50.2,50.2,42.857271900081095,41.75255679451313,39.75758561702743,41.56312426744659,0.36920471666666665,0.3887840146725515,28.8192464696539,29.05744937905888,18.686911949481022,28.59466599423818,23.34753576736974,23.569619210511508,23.40740330982726,23.201669295554723,18.364715557383438,23.382167421865898,23.227015575614782,23.027568948732068,1.0,0.0,0.8333333333333334,0.25,0.0,18.686911949481022,23.34753576736974,28.59466599423818,12.815040751790397,20.91928273159279,32.60054262889757,1.216539154446093e-16,1.497172175725694e-16,0.0,2.222367930752167e-15,2.1217364981593642e-14,converged
2025-01-15T18:45:00+08:00,10.75,-4.333333333333333,16.66666666666667,3.033333333333333,50.4,50.4,43.7,43.7,50.0,60.0,85.0,38.846098475096085,13.889928518185284,13.575991282487736,11.38017867442306,74.0345169076896,1.0511520958889902,50.28739836992838,50.2,50.2,42.91704240550379,41.75197982465938,39.756461908567886,41.58396515337453,0.3700623333333333,0.3892525941400088,28.817213882236338,29.05500907674693,18.685564539959163,28.593491332856377,23.345567543503368,23.567154087386907,23.405510346239037,23.200399580211513,18.361808070056444,23.37843599478557,23.223882485699864,23.025082547381746,1.0,0.0,0.8333333333333334,0.25,0.0,18.685564539959163,23.345567543503368,28.593491332856377,12.815040751790397,20.91928273159279,32.60054262889757,1.216539154446093e-16,0.0,0.0,4.675255111169532e-16,6.197361685951417e-14,converged
2025-01-15T18:50:00+08:00,10.833333333333334,-4.375,16.25,3.0375,50.4,50.4,43.7,43.7,50.0,60.0,85.0,38.846098475096085,13.889928518185284,13.575991282487736,11.38017867442306,74.0345169076896,1.0511520958889902,50.4,50.2,50.2,42.99426936271057,41.75137226436091,39.755301188075975,41.61102628735297,0.37091995,0.3898468316473165,28.815324115754553,29.05269886113159,18.684286634427046,28.592438984107197,23.343496508319273,23.564586918150503,23.40352206024102,23.199041635678284,18.35876921166094,23.374607160840007,23.220658426955307,23.02251202480649,1.0,0.0,0.8333333333333334,0.25,0.0,18.684286634427046,23.343496508319273,28.592438984107197,12.815040751790397,20.91928273159279,32.60054262889757,1.216539154446093e-16,4.479271564232662e-16,0.0,1.220688350446407e-15,3.639551375968693e-14,converged
2025-01-15T18:55:00+08:00,10.916666666666666,-4.416666666666667,15.83333333333333,3.0416666666666665,50.4,50.4,43.7,43.7,50.0,60.0,85.0,38.846098475096085,13.889928518185284,13.575991282487736,11.38017867442306,74.0345169076896,1.0511520958889902,50.4,50.363228690736285,50.2,42.99375150138814,41.86259692010141,39.75410360219389,41.649361235188685,0.3717775666666667,0.39068907200133546,28.813357667660433,29.05031079687283,18.68288095658453,28.591320796922467,23.341639676858556,23.562218056370153,23.401723785562375,23.19786720294936,18.35559961965597,23.370681291285884,23.217343728795335,23.019857671143562,1.0,0.0,0.8333333333333334,0.25,0.0,18.68288095658453,23.341639676858556,28.591320796922467,12.815040751790397,20.91928273159279,32.60054262889757,1.216539154446093e-16,0.0,0.0,1.5919996165206494e-15,3.702988957267732e-14,converged
2025-01-15T19:00:00+08:00,11.0,-4.458333333333333,15.41666666666667,3.0458333333333334,50.4,50.4,43.7,43.7,50.0,60.0,85.0,38.846098475096085,13.889928518185284,13.575991282487736,11.38017867442306,74.0345169076896,1.0511520958889902,50.4,50.4,50.2,42.99320708972481,41.88723088808792,39.752869296971326,41.65741409233157,0.3726351833333333,0.39090505274374177,28.81131480203683,29.047845137985032,18.681348074371883,28.590136965698772,23.33975075134015,23.559814215768366,23.39989391949628,23.19666524488637,18.35229992840741,23.366658755964863,23.213938719441305,23.017119775529544,1.0,0.0,0.8333333333333334,0.25,0.0,18.681348074371883,23.33975075134015,28.590136965698772,12.815040751790397,20.91928273159279,32.60054262889757,1.216539154446093e-16,5.956194273254943e-16,0.0,4.277745613178582e-15,3.011831512434305e-14,converged
2025-01-15T19:05:00+08:00,11.083333333333334,-4.5,15.0,3.05,50.6,50.6,43.8,43.8,50.0,60.0,85.0,38.93499114895212,13.921713251636504,13.607057624095257,11.406220273220363,74.37373532687923,1.058384768518476,50.4,50.4,50.29621578732162,43.00661639142127,41.902647092995736,39.83071603248267,41.69040207092204,0.3734928,0.3915829620050779,28.8092124669762,29.04531777281958,18.679710604144812,28.588902135400314,23.337779923659983,23.557328046456053,23.397987570428707,23.19539312163565,18.349079152795802,23.36273304772059,23.210627329226092,23.01447364881437,1.0,0.0,0.8333333333333334,0.25,0.0,18.679710604144812,23.337779923659983,28.588902135400314,12.785782667882204,20.871521812114274,32.52611216627453,6.054952612159255e-17,7.432353621237559e-16,1.1772750948261534e-16,3.84180529733779e-15,5.2204521321693136e-14,converged
2025-01-15T19:10:00+08:00,11.166666666666666,-4.541666666666667,14.58333333333333,3.0541666666666667,50.6,50.6,43.8,43.8,50.0,60.0,85.0,38.93499114895212,13.921713251636504,13.607057624095257,11.406220273220363,74.37373532687923,1.058384768518476,50.4,50.4,50.4,43.00602557233097,41.902037713236744,39.89465225439916,41.708708317568814,0.3743504166666667,0.39212878869879536,28.80703418401961,29.04271326943252,18.67794696103314,28.587602006306753,23.33570629692734,23.55473991469602,23.395985949746905,23.19403277854722,18.34592139941455,23.35889353709712,23.207399360699263,23.011909443716767,1.0,0.0,0.8333333333333334,0.25,0.0,18.67794696103314,23.33570629692734,28.587602006306753,12.785782667882204,20.871521812114274,32.52611216627453,6.054952612159255e-17,1.0390811338956495e-15,1.1772750948261534e-16,4.847285656986264e-15,3.481314133672469e-14,converged
2025-01-15T19:15:00+08:00,11.25,-4.583333333333333,14.16666666666667,3.0583333333333336,50.6,50.6,43.8,43.8,50.0,60.0,85.0,38.93499114895212,13.921713251636504,13.607057624095257,11.406220273220363,74.37373532687923,1.058384768518476,50.48856869328471,50.4,50.4,43.06661574173709,41.90139792861397,39.89344701487226,41.72979644745804,0.3752080333333333,0.39260616545574184,28.804952845430975,29.0401954309773,18.67621303898192,28.586384756540156,23.333530292807627,23.55205021675258,23.39388940923325,23.192584525881053,18.342633492293572,23.35495703493039,23.204080769612364,23.009261387787763,1.0,0.0,0.8333333333333334,0.25,0.0,18.67621303898192,23.333530292807627,28.586384756540156,12.785782667882204,20.871521812114274,32.52611216627453,6.054952612159255e-17,1.3343370387805637e-15,1.1772750948261534e-16,5.613311432496381e-16,4.110550177497568e-14,converged
2025-01-15T19:20:00+08:00,11.333333333333334,-4.625,13.75,3.0625,50.6,50.6,43.8,43.8,50.0,60.0,85.0,38.93499114895212,13.921713251636504,13.607057624095257,11.406220273220363,74.37373532687923,1.058384768518476,50.6,50.4,50.4,43.143059996616174,41.9007278549957,39.89220516974878,41.75653210286938,0.37606565000000003,0.39319756749377033,28.803012304766103,29.03780585678311,18.67454836776681,28.585288066276732,23.33125233123664,23.549259347350006,23.391698299371203,23.191048672805966,18.33921606310381,23.350923910978075,23.200671884200254,23.006529770297725,1.0,0.0,0.8333333333333334,0.25,0.0,18.67454836776681,23.33125233123664,28.585288066276732,12.785782667882204,20.871521812114274,32.52611216627453,6.054952612159255e-17,1.4803667602645998e-16,1.1772750948261534e-16,4.620478097753032e-15,3.011323492002587e-14,converged
2025-01-15T19:25:00+08:00,11.416666666666666,-4.666666666666667,13.33333333333333,3.066666666666667,50.6,50.6,43.8,43.8,50.0,60.0,85.0,38.93499114895212,13.921713251636504,13.607057624095257,11.406220273220363,74.37373532687923,1.058384768518476,50.6,50.56513912751542,50.4,43.142502097153184,42.01329766739974,39.890926864029794,41.79529919454244,0.37692326666666665,0.3940523611574342,28.800995258878753,29.035338694664798,18.67275764459273,28.584125669250305,23.32919325249916,23.54667128452795,23.389701398128004,23.18970024144562,18.335669740450538,23.346794533588234,23.197173031508928,23.003714879519094,1.0,0.0,0.8333333333333334,0.25,0.0,18.67275764459273,23.32919325249916,28.584125669250305,12.785782667882204,20.871521812114274,32.52611216627453,6.054952612159255e-17,1.4771554912777679e-16,1.1772750948261534e-16,5.636755752806599e-15,4.816935699255831e-14,converged
2025-01-15T19:30:00+08:00,11.5,-4.708333333333333,12.91666666666667,3.0708333333333333,50.6,50.6,43.8,43.8,50.0,60.0,85.0,38.93499114895212,13.921713251636504,13.607057624095257,11.406220273220363,74.37373532687923,1.058384768518476,50.6,50.6,50.4,43.141917863825846,42.03658157342656,39.88961224213068,41.802842462090254,0.3777808833333333,0.39426170430271934,28.798901971303327,29.03279419784276,18.670841429840515,28.582897759512154,23.32709923890546,23.54404561734102,23.387670334409332,23.188321748668493,18.331995149888247,23.34256926970469,23.193584537399826,23.000817002729825,1.0,0.0,0.8333333333333334,0.25,0.0,18.670841429840515,23.32709923890546,28.582897759512154,12.785782667882204,20.871521812114274,32.52611216627453,6.054952612159255e-17,1.0334598109519244e-15,1.1772750948261534e-16,3.190866286121629e-15,3.2635653389911574e-14,converged
2025-01-15T19:35:00+08:00,11.583333333333334,-4.75,12.5,3.075,50.8,50.8,43.9,43.9,50.0,60.0,85.0,39.02388382280819,13.953497985087731,13.63812396570278,11.432261872017673,74.7137291024556,1.0656505425668825,50.6,50.6,50.49918568302248,43.155358643088675,42.05200197720145,39.96939097402143,41.83640915230964,0.3786385,0.3949579146547054,28.79674948613607,29.03018834798307,18.668822389723648,28.581619060457584,23.32492424719131,23.541338565349243,23.385563604956204,23.18687377880554,18.32840700190844,23.33844703623727,23.190095482378574,22.998016352731977,1.0,0.0,0.75,0.25,0.0,18.668822389723648,23.32492424719131,28.581619060457584,12.756657878205933,20.823978482246126,32.45202079459736,6.027398824866414e-17,7.368843458214509e-16,0.0,1.9745403305660171e-16,5.5426391764679116e-14,converged
2025-01-15T19:40:00+08:00,11.666666666666666,-4.791666666666667,12.08333333333333,3.0791666666666666,50.8,50.8,43.9,43.9,50.0,60.0,85.0,39.02388382280819,13.953497985087731,13.63812396570278,11.432261872017673,74.7137291024556,1.0656505425668825,50.6,50.6,50.6,43.15472852031365,42.05133123421962,40.03145231658233,41.85413064386128,0.3794961166666667,0.3954920864874787,28.794521227508863,29.02750561797735,18.66667887448328,28.580275193030527,23.322647295612892,23.53853041138468,23.383362345291918,23.185338208538727,18.324878228141813,23.33440660231335,23.186685601658812,22.99529349851437,1.0,0.0,0.75,0.25,0.0,18.66667887448328,23.322647295612892,28.580275193030527,12.756657878205933,20.823978482246126,32.45202079459736,6.027398824866414e-17,4.415334432890879e-16,0.0,2.6349381245335127e-15,3.5138931203566174e-14,converged
2025-01-15T19:45:00+08:00,11.75,-4.833333333333333,11.66666666666667,3.0833333333333335,50.8,50.8,43.9,43.9,50.0,60.0,85.0,39.02388382280819,13.953497985087731,13.63812396570278,11.432261872017673,74.7137291024556,1.0656505425668825,50.68973368487176,50.6,50.6,43.216137054846804,42.05063038211428,40.030167943560286,41.87546686631501,0.38035373333333333,0.39597817122356727,28.792392425194187,29.024912025366834,18.6645688739231,28.57901633949236,23.320268802472917,23.535621548442236,23.381066904527668,23.183715346008135,18.321221104571702,23.330269946351844,23.183185760100756,22.99248734293782,1.0,0.0,0.75,0.25,0.0,18.6645688739231,23.320268802472917,28.57901633949236,12.756657878205933,20.823978482246126,32.45202079459736,6.027398824866414e-17,1.0289800196188733e-15,0.0,4.004675055557276e-15,6.297461446457962e-14,converged
2025-01-15T19:50:00+08:00,11.833333333333334,-4.875,11.25,3.0875,50.8,50.8,43.9,43.9,50.0,60.0,85.0,39.02388382280819,13.953497985087731,13.63812396570278,11.432261872017673,74.7137291024556,1.0656505425668825,50.8,50.6,50.6,43.2918018900053,42.04989953564553,40.028847361363106,41.90187952460817,0.38121135,0.39656669263378674,28.790402401709173,29.02244487671768,18.66252783264775,28.5778762965696,23.317789184357956,23.53261236798919,23.378677630485345,23.182005498269945,18.317436254230767,23.32603743525984,23.17959628361622,22.98959817344213,1.0,0.0,0.75,0.25,0.0,18.66252783264775,23.317789184357956,28.5778762965696,12.756657878205933,20.823978482246126,32.45202079459736,6.027398824866414e-17,8.806739748144177e-16,0.0,3.019767715190816e-15,3.3868658439345523e-14,converged
2025-01-15T19:55:00+08:00,11.916666666666666,-4.916666666666667,10.83333333333333,3.091666666666667,50.8,50.8,43.9,43.9,50.0,60.0,85.0,39.02388382280819,13.953497985087731,13.63812396570278,11.432261872017673,74.7137291024556,1.0656505425668825,50.8,50.767040860710146,50.6,43.291205156432504,42.16381216487052,40.027490713392105,41.941079069430444,0.3820689666666667,0.3974339365914666,28.788336045014283,29.01990039514829,18.660362414073195,28.576670675690906,23.315533092336974,23.52981045884086,23.376486732349708,23.180486956168508,18.31352429712736,23.321709434545355,23.175917496936304,22.98662627647526,1.0,0.0,0.75,0.25,0.0,18.660362414073195,23.315533092336974,28.576670675690906,12.756657878205933,20.823978482246126,32.45202079459736,6.027398824866414e-17,4.393761243391302e-16,0.0,2.599501200467444e-16,3.1571325263537425e-14,converged
2025-01-15T20:00:00+08:00,12.0,-4.958333333333333,10.41666666666667,3.095833333333333,50.8,50.8,43.9,43.9,50.0,60.0,85.0,39.02388382280819,13.953497985087731,13.63812396570278,11.432261872017673,74.7137291024556,1.0656505425668825,50.8,50.8,50.6,43.29058230041117,42.18575136414234,40.026098142469465,41.9481157412523,0.3829265833333333,0.39763661173899273,28.78619361811005,29.01727883310312,18.658073171221275,28.575399670570363,23.313239217415614,23.52696831246697,23.37425909634335,23.17893581503832,18.3094858502602,23.31728630832269,23.172149723615657,22.983571937496755,1.0,0.0,0.75,0.25,0.0,18.658073171221275,23.313239217415614,28.575399670570363,12.756657878205933,20.823978482246126,32.45202079459736,6.027398824866414e-17,1.4638405819551323e-16,0.0,1.5234507415554523e-15,3.595870793155266e-14,converged
2025-01-15T20:05:00+08:00,12.083333333333334,-5.0,10.0,3.1,51.0,51.0,44.0,44.0,50.0,60.0,85.0,39.11277649666424,13.985282718538956,13.669190307310304,11.458303470814979,75.05449823441869,1.0729494936082233,50.8,50.8,50.70214207919743,43.30405557242872,42.20117777858705,40.107806652156924,41.98226148933988,0.3837842,0.398351004240746,28.78399226042771,29.014596265036367,18.655682821279598,28.57407808246353,23.310865267402733,23.52404570489102,23.37195659515729,23.17731587150201,18.305541300587482,23.3129723783406,23.168487176002213,22.98062025372426,1.0,0.0,0.75,0.25,0.0,18.655682821279598,23.310865267402733,28.57407808246353,12.727665473937282,20.77665125842284,32.37826620188236,1.800009807221715e-16,4.3836461030952417e-16,1.1719238443951255e-16,5.696649933900271e-16,3.5082724160285324e-14,converged
2025-01-15T20:10:00+08:00,12.166666666666666,-5.041666666666667,9.58333333333333,3.104166666666667,51.0,51.0,44.0,44.0,50.0,60.0,85.0,39.11277649666424,13.985282718538956,13.669190307310304,11.458303470814979,75.05449823441869,1.0729494936082233,50.8,50.8,50.8,43.30338733224186,42.200447382659014,40.16799972612792,41.999401184333934,0.3846418166666667,0.39887350759016493,28.781715299388768,29.01183706923772,18.653169648869277,28.57269145356642,23.308390175663476,23.52102283542395,23.36956028841443,23.175608933600582,18.301652444286933,23.308735850405228,23.164899558190704,22.97774224495477,1.0,0.0,0.75,0.25,0.0,18.653169648869277,23.308390175663476,28.57269145356642,12.727665473937282,20.77665125842284,32.37826620188236,1.800009807221715e-16,1.4593012522976253e-16,1.1719238443951255e-16,1.600774821942886e-15,3.655067260912754e-14,converged
2025-01-15T20:15:00+08:00,12.25,-5.083333333333333,9.16666666666667,3.1083333333333334,51.0,51.0,44.0,44.0,50.0,60.0,85.0,39.11277649666424,13.985282718538956,13.669190307310304,11.458303470814979,75.05449823441869,1.0729494936082233,50.89089338104252,50.8,50.8,43.36561290986375,42.19968716666992,40.16663855345269,42.020986305728215,0.3854994333333333,0.39936821264669103,28.77954029343363,29.00916946926674,18.65069373187272,28.571391962701792,23.305814357222605,23.517900093868967,23.367070522615347,23.173815307400293,18.297636989675695,23.30440385185126,23.16122262642018,22.974781472476508,1.0,0.0,0.75,0.25,0.0,18.65069373187272,23.30440385185126,28.571391962701792,12.727665473937282,20.77665125842284,32.37826620188236,1.800009807221715e-16,2.91498717575512e-16,1.1719238443951255e-16,1.5398123297834698e-15,3.552635407123668e-14,converged
2025-01-15T20:20:00+08:00,12.333333333333334,-5.125,8.75,3.1125000000000003,51.0,51.0,44.0,44.0,50.0,60.0,85.0,39.11277649666424,13.985282718538956,13.669190307310304,11.458303470814979,75.05449823441869,1.0729494936082233,51.0,50.8,50.8,43.4405015686919,42.19889724429672,40.16524155827167,42.047078400525734,0.38635705,0.3999538096714025,28.777502051176633,29.00662649515997,18.648286445354966,28.570209537818346,23.30313822540188,23.514677868513786,23.364487642980702,23.171935297890595,18.293495551399033,23.29997674680253,23.15745670433183,22.971738221938406,1.0,0.0,0.75,0.25,0.0,18.648286445354966,23.29997674680253,28.570209537818346,12.727665473937282,20.77665125842284,32.37826620188236,1.800009807221715e-16,4.366078745039845e-16,1.1719238443951255e-16,5.020655721701642e-16,3.4591399625475816e-14,converged
2025-01-15T20:25:00+08:00,12.416666666666666,-5.166666666666667,8.33333333333333,3.1166666666666667,51.0,51.0,44.0,44.0,50.0,60.0,85.0,39.11277649666424,13.985282718538956,13.669190307310304,11.458303470814979,75.05449823441869,1.0729494936082233,51.0,50.96893394966309,50.8,43.439867172830624,42.314150321899504,40.163808882426586,42.08671066778,0.3872146666666667,0.40083340262614214,28.77538764343585,29.004006437531594,18.645756411685735,28.568961660971922,23.300690227674625,23.511667345328807,23.362107276964323,23.1702504522968,18.28922874111807,23.29545489799411,23.153602114394072,22.968612778003507,1.0,0.0,0.75,0.25,0.0,18.645756411685735,23.29545489799411,28.568961660971922,12.727665473937282,20.77665125842284,32.37826620188236,1.800009807221715e-16,8.712995553580315e-16,1.1719238443951255e-16,2.6970936009145016e-15,6.058545491907936e-14,converged
2025-01-15T20:30:00+08:00,12.5,-5.208333333333333,7.91666666666667,3.1208333333333336,51.0,51.0,44.0,44.0,50.0,60.0,85.0,39.11277649666424,13.985282718538956,13.669190307310304,11.458303470814979,75.05449823441869,1.0729494936082233,51.0,51.0,50.8,43.43920686100738,42.33475011411214,40.16234066718653,42.09324368843517,0.3880722833333333,0.40102938068498734,28.773197332692213,29.00130954806783,18.643104176723167,28.56764852554738,23.298201592183926,23.5086139451288,23.359687593665193,23.16853046874095,18.284837167524252,23.290838666777603,23.149659177906834,22.965405424352383,1.0,0.0,0.75,0.25,0.0,18.643104176723167,23.290838666777603,28.56764852554738,12.727665473937282,20.77665125842284,32.37826620188236,1.800009807221715e-16,4.3543688106376015e-16,1.1719238443951255e-16,2.3667571151195242e-15,3.26611085522333e-14,converged
2025-01-15T20:35:00+08:00,12.583333333333334,-5.25,7.5,3.125,51.2,51.2,44.1,44.1,50.0,60.0,85.0,39.2016691705203,14.017067451990183,13.70025664891783,11.484345069612287,75.39604272276851,1.0802816972165152,51.0,51.0,50.905085067679984,43.4527135979044,42.350184289135996,40.24597665930227,42.12796878110683,0.38892990000000005,0.4017618379873503,28.77094835304291,28.99855199348075,18.640352509686124,28.566285010090752,23.295633764093914,23.505480987460295,23.357193829366267,23.166742344293244,18.28054687492752,23.28633776058759,23.145827220804488,22.96230612515702,1.0,0.0,0.75,0.25,0.0,18.640352509686124,23.28633776058759,28.566285010090752,12.698804554495245,20.72953867053526,32.30484609711619,5.972852509638885e-17,1.448810101155006e-16,0.0,2.3128530407486112e-15,3.224993637067598e-14,converged
2025-01-15T20:40:00+08:00,12.666666666666666,-5.291666666666667,7.08333333333333,3.129166666666667,51.2,51.2,44.1,44.1,50.0,60.0,85.0,39.2016691705203,14.017067451990183,13.70025664891783,11.484345069612287,75.39604272276851,1.0802816972165152,51.0,51.0,51.0,43.45200839483239,42.34939590775784,40.304308004530725,42.144529591002666,0.38978751666666667,0.4022726604553433,28.768623935897566,28.995718058023655,18.637479628893853,28.564856578636608,23.292965591866274,23.502248588048303,23.354606967774494,23.164867818397095,18.276308563413433,23.281909859827973,23.142065952108844,22.959276385394123,1.0,0.0,0.75,0.25,0.0,18.637479628893853,23.281909859827973,28.564856578636608,12.698804554495245,20.72953867053526,32.30484609711619,5.972852509638885e-17,2.893940684290132e-16,0.0,4.0681606915902723e-16,2.944643449367419e-14,converged
2025-01-15T20:45:00+08:00,12.75,-5.333333333333333,6.66666666666667,3.1333333333333333,51.2,51.2,44.1,44.1,50.0,60.0,85.0,39.2016691705203,14.017067451990183,13.70025664891783,11.484345069612287,75.39604272276851,1.0802816972165152,51.09204781782019,51.0,51.0,43.51504967115196,42.34857798886428,40.30287230399287,42.166364376648005,0.3906451333333333,0.4027758997898746,28.76640395957315,28.992978162951573,18.634647692567288,28.563517399033454,23.290197487330587,23.49891713358033,23.351927352839102,23.162907195090078,18.271945354112496,23.27738722218014,23.13821600180131,22.956164407985973,1.0,0.0,0.75,0.25,0.0,18.634647692567288,23.27738722218014,28.563517399033454,12.698804554495245,20.72953867053526,32.30484609711619,5.972852509638885e-17,0.0,0.0,1.1657742733714182e-15,3.0946959730335133e-14,converged
2025-01-15T20:50:00+08:00,12.833333333333334,-5.375,6.25,3.1375,51.2,51.2,44.1,44.1,50.0,60.0,85.0,39.2016691705203,14.017067451990183,13.70025664891783,11.484345069612287,75.39604272276851,1.0802816972165152,51.2,51.0,51.0,43.58916535868563,42.34773064507358,40.301401158121706,42.192138294916134,0.39150275,0.4033585300387629,28.764318735821195,28.990361077914,18.631884021771807,28.562293545042074,23.287329860626215,23.495487009240218,23.34915532723859,23.160860777339895,18.267457853526484,23.272770209050538,23.13427769130378,22.952970476829545,1.0,0.0,0.75,0.25,0.0,18.631884021771807,23.272770209050538,28.562293545042074,12.698804554495245,20.72953867053526,32.30484609711619,5.972852509638885e-17,4.3292249880923777e-16,0.0,5.067624520831381e-16,3.5070618463832717e-14,converged
2025-01-15T20:55:00+08:00,12.916666666666666,-5.416666666666667,5.83333333333333,3.1416666666666666,51.2,51.2,44.1,44.1,50.0,60.0,85.0,39.2016691705203,14.017067451990183,13.70025664891783,11.484345069612287,75.39604272276851,1.0802816972165152,51.2,51.17081845317859,51.0,43.58849444099701,42.46432177503153,40.299894707238565,42.232203515004365,0.3923603666666667,0.4042503723766077,28.762157510113997,28.987667153256343,18.62899919061019,28.561004362317064,23.28469494133015,23.49227298460793,23.346589923818986,23.159013356481505,18.26284666521201,23.268059180466924,23.13025134087316,22.949694874841757,1.0,0.0,0.75,0.25,0.0,18.62899919061019,23.268059180466924,28.561004362317064,12.698804554495245,20.72953867053526,32.30484609711619,5.972852509638885e-17,1.4398913369272047e-16,0.0,1.0493090196457779e-15,3.570676931584185e-14,converged
2025-01-15T21:00:00+08:00,13.0,-5.458333333333333,5.41666666666667,3.1458333333333335,51.2,51.2,44.1,44.1,50.0,60.0,85.0,39.2016691705203,14.017067451990183,13.70025664891783,11.484345069612287,75.39604272276851,1.0802816972165152,51.2,51.2,51.0,43.587797809031926,42.48358740544985,40.29835309109844,42.238235780907225,0.39321798333333335,0.4044396255329656,28.759920544426873,28.98489663992396,18.625993737967157,28.5596500439219,23.282016523004245,23.48901343662125,23.34398261997129,23.157128257609443,18.25811238979482,23.263254495083597,23.12613726960561,22.946337883962855,1.0,0.0,0.75,0.25,0.0,18.625993737967157,23.263254495083597,28.5596500439219,12.698804554495245,20.72953867053526,32.30484609711619,5.972852509638885e-17,1.4392175553214418e-16,0.0,6.329134906203468e-15,2.7860214784121694e-14,converged
2025-01-15T21:05:00+08:00,13.083333333333334,-5.5,5.0,3.1500000000000004,51.4,51.4,44.2,44.2,50.0,60.0,85.0,39.29056184437635,14.048852185441408,13.731322990525353,11.510386668409593,75.73836256750505,1.0876472289657733,51.2,51.2,51.10801473947255,43.60133894116303,42.499031030763184,40.38391419605404,42.27354044716181,0.39407559999999997,0.4051900318497701,28.757625166853853,28.982065796353087,18.622890486092764,28.558245545124464,23.27925977449948,23.485675215454904,23.34130200325959,23.15517566644627,18.253486709853167,23.258571226942276,23.12213989884082,22.943094317933213,1.0,0.0,0.75,0.25,0.0,18.622890486092764,23.258571226942276,28.558245545124464,12.670074227448877,20.68263926177839,32.23175821001864,5.945856600638194e-17,4.3096564331361967e-16,1.1402532992205697e-16,5.581429699951908e-15,3.833952689349255e-14,converged
2025-01-15T21:10:00+08:00,13.166666666666666,-5.541666666666667,4.58333333333333,3.154166666666667,51.4,51.4,44.2,44.2,50.0,60.0,85.0,39.29056184437635,14.048852185441408,13.731322990525353,11.510386668409593,75.73836256750505,1.0876472289657733,51.2,51.2,51.2,43.6005978988234,42.49818628969659,40.440390283049894,42.289525237468624,0.3949332166666667,0.405689162230643,28.75525451349068,28.979158813329022,18.619667586370323,28.556776252382917,23.27640345938626,23.48223835320787,23.33852898147943,23.153137253896922,18.248909268591206,23.253956568787633,23.118208978403185,22.939916201114908,1.0,0.0,0.75,0.25,0.0,18.619667586370323,23.253956568787633,28.556776252382917,12.670074227448877,20.68263926177839,32.23175821001864,5.945856600638194e-17,2.869569430616197e-16,1.1402532992205697e-16,2.240874313270865e-15,2.6007998822919513e-14,converged
2025-01-15T21:15:00+08:00,13.25,-5.583333333333333,4.16666666666667,3.1583333333333337,51.4,51.4,44.2,44.2,50.0,60.0,85.0,39.29056184437635,14.048852185441408,13.731322990525353,11.510386668409593,75.73836256750505,1.0876472289657733,51.29319703090205,51.2,51.2,43.664453507903374,42.49731228730058,40.438882266022965,42.311610412741416,0.3957908333333333,0.4062008513824279,28.75299077378847,28.976348301525668,18.61648926965856,28.555398315077884,23.27344798637978,23.478703233526236,23.335663896086725,23.151013322014524,18.24420858053102,23.249247890176136,23.11418999447273,22.93665636135935,1.0,0.0,0.75,0.25,0.0,18.61648926965856,23.249247890176136,28.555398315077884,12.670074227448877,20.68263926177839,32.23175821001864,5.945856600638194e-17,2.8659546485620904e-16,1.1402532992205697e-16,4.980587589506908e-15,3.105549873824815e-14,converged
2025-01-15T21:20:00+08:00,13.333333333333334,-5.625,3.75,3.1625,51.4,51.4,44.2,44.2,50.0,60.0,85.0,39.29056184437635,14.048852185441408,13.731322990525353,11.510386668409593,75.73836256750505,1.0876472289657733,51.4,51.2,51.2,43.73779939166422,42.49640913515872,40.437339171586856,42.33706849593029,0.39664845,0.4067804737998735,28.75085977958072,28.973658786257833,18.613378818472512,28.554133967290767,23.270393762517486,23.475070238563976,23.332707087275637,23.148804171789106,18.239385244267975,23.24444554986131,23.110083266302325,22.933315080849706,1.0,0.0,0.75,0.25,0.0,18.613378818472512,23.24444554986131,28.554133967290767,12.670074227448877,20.68263926177839,32.23175821001864,5.945856600638194e-17,7.154677358248053e-16,1.1402532992205697e-16,5.78145573536355e-15,3.474488778593399e-14,converged
2025-01-15T21:25:00+08:00,13.416666666666666,-5.666666666666667,3.3333333333333304,3.166666666666667,51.4,51.4,44.2,44.2,50.0,60.0,85.0,39.29056184437635,14.048852185441408,13.731322990525353,11.510386668409593,75.73836256750505,1.0876472289657733,51.4,51.37269442952886,51.2,43.737093062076084,42.61433589486488,40.43576113858069,42.37756686149196,0.3975060666666667,0.4076844675549759,28.74865294283596,28.97089266988052,18.610148751463694,28.552804411285443,23.267576785257912,23.47165770803962,23.32996098047859,23.146797826461874,18.23443985549013,23.239549905227783,23.105889111987466,22.929892640794783,1.0,0.0,0.75,0.25,0.0,18.610148751463694,23.239549905227783,28.552804411285443,12.670074227448877,20.68263926177839,32.23175821001864,5.945856600638194e-17,0.0,1.1402532992205697e-16,7.118113635009208e-16,3.135256789299876e-14,converged
2025-01-15T21:30:00+08:00,13.5,-5.708333333333333,2.9166666666666696,3.1708333333333334,51.4,51.4,44.2,44.2,50.0,60.0,85.0,39.29056184437635,14.048852185441408,13.731322990525353,11.510386668409593,75.73836256750505,1.0876472289657733,51.4,51.4,51.2,43.73636121522061,42.632272555375614,40.43414830528329,42.383101222047195,0.3983636833333333,0.40786696924030347,28.746370525037587,28.96805020261526,18.60679960072881,28.551409839811686,23.26471344170347,23.4681970016411,23.32717038665143,23.1447512621492,18.22937300699236,23.23456131229651,23.101607848470472,22.926389321432403,1.0,0.0,0.75,0.25,0.0,18.60679960072881,23.23456131229651,28.551409839811686,12.670074227448877,20.68263926177839,32.23175821001864,5.945856600638194e-17,1.4271236776512082e-16,1.1402532992205697e-16,1.1376033584988044e-15,3.545183400616657e-14,converged
2025-01-15T21:35:00+08:00,13.583333333333334,-5.75,2.5,3.1750000000000003,51.6,51.6,44.3,44.3,50.0,60.0,85.0,39.3794545182324,14.08063691889263,13.762389332132873,11.536428267206897,76.08145776862825,1.095046164430013,51.4,51.4,51.310931184755916,43.74993763242752,42.64772726214022,40.521632081764665,42.4189856349236,0.3992213,0.4086352103201894,28.74402994760744,28.965147734085523,18.60335424249382,28.54996528429185,23.26177261077342,23.46465848732259,23.324307232376103,23.142637841479857,18.2244220005714,23.229700192712382,23.097448974390026,22.92300476876059,1.0,0.0,0.75,0.25,0.0,18.60335424249382,23.229700192712382,28.54996528429185,12.641473608425292,20.635951588501246,32.15900029080868,5.919043301759909e-17,7.122203305468749e-16,0.0,2.1057520030515877e-15,3.0454747116217635e-14,converged
2025-01-15T21:40:00+08:00,13.666666666666666,-5.791666666666667,2.0833333333333304,3.1791666666666667,51.6,51.6,44.3,44.3,50.0,60.0,85.0,39.3794545182324,14.08063691889263,13.762389332132873,11.536428267206897,76.08145776862825,1.095046164430013,51.4,51.4,51.4,43.74916184434353,42.64682774643322,40.57625931323957,42.434397226299474,0.4000789166666667,0.40912263856940534,28.741614252024785,28.962169362179598,18.599790760618056,28.548456054191234,23.258732971182695,23.46102211354068,23.321352349560716,23.140439166894588,18.21951546160973,23.224903289128306,23.09335231607874,22.91968156056729,1.0,0.0,0.75,0.25,0.0,18.599790760618056,23.224903289128306,28.548456054191234,12.641473608425292,20.635951588501246,32.15900029080868,5.919043301759909e-17,5.690974336399896e-16,0.0,1.7396228784418154e-16,3.545085664170399e-14,converged
2025-01-15T21:45:00+08:00,13.75,-5.833333333333333,1.6666666666666696,3.1833333333333336,51.6,51.6,44.3,44.3,50.0,60.0,85.0,39.3794545182324,14.08063691889263,13.762389332132873,11.536428267206897,76.08145776862825,1.095046164430013,51.49434105566299,51.4,51.4,43.81383039948454,42.645899239376575,40.57468113227118,42.45673347774392,0.40093653333333334,0.4096426946255416,28.739307930181006,28.959289878759616,18.596275450936584,28.547040272970623,23.255594928611007,23.457288260972682,23.318306077224662,23.13815553850539,18.214487278697312,23.22001306460105,23.089168198463614,22.916277133015917,1.0,0.0,0.75,0.25,0.0,18.596275450936584,23.22001306460105,28.547040272970623,12.641473608425292,20.635951588501246,32.15900029080868,5.919043301759909e-17,1.4209373602201207e-16,0.0,3.3307967322578183e-15,3.1620404083882854e-14,converged
2025-01-15T21:50:00+08:00,13.833333333333334,-5.875,1.25,3.1875,51.6,51.6,44.3,44.3,50.0,60.0,85.0,39.3794545182324,14.08063691889263,13.762389332132873,11.536428267206897,76.08145776862825,1.095046164430013,51.6,51.4,51.4,43.88640961029879,42.644941851542434,40.57306823281143,42.48187802289859,0.40179415,0.4102192694586754,28.737132350841847,28.956529580768514,18.592827572773505,28.545736349459805,23.252358887072457,23.45345730881506,23.315168753134355,23.135787255367813,18.209338042753583,23.215029875294245,23.08489693867774,22.912791766613232,1.0,0.0,0.75,0.25,0.0,18.592827572773505,23.215029875294245,28.545736349459805,12.641473608425292,20.635951588501246,32.15900029080868,5.919043301759909e-17,1.1351521539254485e-15,0.0,7.956501355812197e-16,3.9544260594147533e-14,converged
2025-01-15T21:55:00+08:00,13.916666666666666,-5.916666666666667,0.8333333333333304,3.191666666666667,51.6,51.6,44.3,44.3,50.0,60.0,85.0,39.3794545182324,14.08063691889263,13.762389332132873,11.536428267206897,76.08145776862825,1.095046164430013,51.6,51.57456193645996,51.4,43.88566894901063,42.76420179277517,40.57142075225428,42.522809689899674,0.4026517666666667,0.41113531827916083,28.734881084359156,28.95369291489187,18.589261582180967,28.54436733558113,23.24936459776302,23.44985115352789,23.31224618257341,23.133625560493353,18.204068341827416,23.2099540760122,23.08053885270426,22.909225740897213,1.0,0.0,0.75,0.25,0.0,18.589261582180967,23.2099540760122,28.54436733558113,12.641473608425292,20.635951588501246,32.15900029080868,5.919043301759909e-17,0.0,0.0,1.4612441115762649e-15,3.764311238660933e-14,converged
2025-01-15T22:00:00+08:00,14.0,-5.958333333333333,0.4166666666666696,3.1958333333333333,51.6,51.6,44.3,44.3,50.0,60.0,85.0,39.3794545182324,14.08063691889263,13.762389332132873,11.536428267206897,76.08145776862825,1.095046164430013,51.6,51.6,51.4,43.88490296290935,42.78081462291542,40.56973882743936,42.52784894860885,0.4035093833333333,0.41131104313905725,28.7325543917378,28.95078013064409,18.585578004648312,28.542933423778216,23.24632106928914,23.44619416402672,23.30927653519362,23.13142110493497,18.198678761111076,23.204786020205095,23.076094255380546,22.9055793344404,1.0,0.0,0.75,0.25,0.0,18.585578004648312,23.204786020205095,28.542933423778216,12.641473608425292,20.635951588501246,32.15900029080868,5.919043301759909e-17,1.4151737932742154e-16,0.0,2.943883916553094e-16,3.5654344741038307e-14,converged
2025-01-15T22:05:00+08:00,14.083333333333334,-6.0,0.0,3.2,51.8,51.8,44.4,44.4,50.0,60.0,85.0,39.46834719208846,14.112421652343855,13.793455673740398,11.562469866004205,76.42532832613824,1.1024785791832519,51.6,51.6,51.51383449289835,43.89851551574251,42.79628198535202,40.65914276483136,42.56431322689489,0.404367,0.4120970062378342,28.730169787058635,28.947807668295955,18.581799771268777,28.54144972106181,23.24320087707004,23.442460213242843,23.306235064379234,23.129150416530635,18.19341220260554,23.199751458191972,23.071777704612856,22.902057008262897,1.0,0.0,0.75,0.25,0.0,18.581799771268777,23.199751458191972,28.54144972106181,12.61300182101893,20.589474220058673,32.086570109973515,5.892410969721817e-17,1.4124747336765153e-16,0.0,3.7895739259530966e-16,4.90171652786317e-14,converged
2025-01-15T22:10:00+08:00,14.166666666666666,-6.027777777777778,0.0,3.1972222222222224,51.8,51.8,44.4,44.4,50.0,60.0,85.0,39.46834719208846,14.112421652343855,13.793455673740398,11.562469866004205,76.42532832613824,1.1024785791832519,51.6,51.6,51.6,43.89771283032535,42.79533679093826,40.71193685097312,42.57916220688776,0.4048228611111111,0.41257236621675303,28.727751812647536,28.94480551075308,18.577963517025825,28.53993474450856,23.240033436314945,23.4386838838344,23.303150770137627,23.12683622649148,18.188248660822662,23.194831439777694,23.06756738440929,22.89863312597221,1.0,0.0,0.75,0.25,0.0,18.577963517025825,23.194831439777694,28.53993474450856,12.61300182101893,20.589474220058673,32.086570109973515,5.892410969721817e-17,2.8216946009848303e-16,0.0,2.0488026832947825e-15,3.6102014278214715e-14,converged
2025-01-15T22:15:00+08:00,14.25,-6.055555555555555,0.0,3.1944444444444446,51.8,51.8,44.4,44.4,50.0,60.0,85.0,39.46834719208846,14.112421652343855,13.793455673740398,11.562469866004205,76.42532832613824,1.1024785791832519,51.695479927159234,51.6,51.6,43.96321324468648,42.79437793183128,40.71031867329614,42.60177357569696,0.4052787222222222,0.4130996379160519,28.72548711072088,28.941950472627628,18.574237334268446,28.538548485821106,23.236818941048767,23.43486534068668,23.30002381076933,23.12447868798108,18.18302707626554,23.18987329435362,23.063318266103135,22.89516957319526,1.0,0.0,0.75,0.25,0.0,18.574237334268446,23.18987329435362,28.538548485821106,12.61300182101893,20.589474220058673,32.086570109973515,5.892410969721817e-17,8.454279147825748e-16,0.0,2.8451076573330812e-15,5.986563115305202e-14,converged
2025-01-15T22:20:00+08:00,14.333333333333334,-6.083333333333333,0.0,3.191666666666667,51.8,51.8,44.4,44.4,50.0,60.0,85.0,39.46834719208846,14.112421652343855,13.793455673740398,11.562469866004205,76.42532832613824,1.1024785791832519,51.8,51.6,51.6,44.035062684083336,42.793405460070794,40.708684751637584,42.62664575145372,0.4057345833333333,0.4136713468911957,28.723392460758323,28.93925848860249,18.570636214720725,28.537305444788554,23.23355758449966,23.43100474804344,23.296854343989697,23.122077953623744,18.17774773094491,23.184877167465473,23.05903049041,22.891666486972117,1.0,0.0,0.75,0.25,0.0,18.570636214720725,23.184877167465473,28.537305444788554,12.61300182101893,20.589474220058673,32.086570109973515,5.892410969721817e-17,0.0,0.0,1.8794805843644623e-15,2.8048155600444657e-14,converged
2025-01-15T22:25:00+08:00,14.416666666666666,-6.111111111111112,0.0,3.188888888888889,51.8,51.8,44.4,44.4,50.0,60.0,85.0,39.46834719208846,14.112421652343855,13.793455673740398,11.562469866004205,76.42532832613824,1.1024785791832519,51.8,51.77642103119765,51.6,44.03433598694879,42.91404867633045,40.70703514845565,42.66806521866375,0.40619044444444447,0.4145968689826674,28.721263440945208,28.93653589278439,18.566976286199495,28.536030418232826,23.23059265054856,23.427427334541907,23.293951365246503,23.119928330102095,18.17241090550131,23.179843204103356,23.054704197535134,22.888124003869443,1.0,0.0,0.75,0.25,0.0,18.566976286199495,23.179843204103356,28.536030418232826,12.61300182101893,20.589474220058673,32.086570109973515,5.892410969721817e-17,4.2118741313432953e-16,0.0,2.7557908863325943e-15,4.420285078894902e-14,converged
2025-01-15T22:30:00+08:00,14.5,-6.138888888888888,0.0,3.1861111111111113,51.8,51.8,44.4,44.4,50.0,60.0,85.0,39.46834719208846,14.112421652343855,13.793455673740398,11.562469866004205,76.42532832613824,1.1024785791832519,51.8,51.8,51.6,44.0335975424523,42.929410221446766,40.70536992595572,42.67268191734835,0.4066463055555556,0.41476260128069414,28.719100169830828,28.933782785212134,18.563257810389263,28.534723500741723,23.227625590976416,23.42385029423517,23.29104625151038,23.117774023663777,18.16701687921174,23.1747715487039,23.050339527175286,22.884542259982144,1.0,0.0,0.75,0.25,0.0,18.563257810389263,23.1747715487039,28.534723500741723,12.61300182101893,20.589474220058673,32.086570109973515,5.892410969721817e-17,9.823779317039342e-16,0.0,1.1765150452749542e-16,3.7540557077955e-14,converged
2025-01-15T22:35:00+08:00,14.583333333333334,-6.166666666666667,0.0,3.1833333333333336,51.93333333333334,51.93333333333334,44.46666666666667,44.46666666666667,50.0,60.0,85.0,39.52760897465917,14.133611474644674,13.814166568145415,11.579830931869079,76.65500611802642,1.1074521592775783,51.8,51.8,51.71666232724184,44.042502092429906,42.93949190935405,40.790301744053025,42.70427046248102,0.4071021666666667,0.4155039240640395,28.71691433711994,28.93101012729763,18.559496037282457,28.53339478661688,23.224625199736547,23.420243951937564,23.288110875039244,23.115588325001536,18.161803772786104,23.16988492252872,23.04614814581137,22.881122940477297,1.0,0.0,0.75,0.25,0.0,18.559496037282457,23.16988492252872,28.53339478661688,12.594091773311252,20.558605443117052,32.03846430770968,1.1749511631377398e-16,1.4008931695310813e-16,0.0,1.1445883843943625e-15,5.621122500907704e-14,converged
2025-01-15T22:40:00+08:00,14.666666666666666,-6.194444444444445,0.0,3.180555555555556,51.93333333333334,51.93333333333334,44.46666666666667,44.46666666666667,50.0,60.0,85.0,39.52760897465917,14.133611474644674,13.814166568145415,11.579830931869079,76.65500611802642,1.1074521592775783,51.8,51.8,51.8,44.041744820644055,42.9385816880514,40.8413878683838,42.718647546336214,0.4075580277777778,0.4159636670803598,28.714694450172527,28.92820712255519,18.555676171777886,28.532034340899823,23.221577069540544,23.416594736270472,23.285132284308943,23.113358826430236,18.156688201185286,23.165107324726034,23.04205783718095,22.877797228326813,1.0,0.0,0.75,0.25,0.0,18.555676171777886,23.165107324726034,28.532034340899823,12.594091773311252,20.558605443117052,32.03846430770968,1.1749511631377398e-16,1.1194758681117655e-15,0.0,5.085419438100554e-16,3.3379676788694506e-14,converged
2025-01-15T22:45:00+08:00,14.75,-6.222222222222222,0.0,3.177777777777778,51.93333333333334,51.93333333333334,44.46666666666667,44.46666666666667,50.0,60.0,85.0,39.52760897465917,14.133611474644674,13.814166568145415,11.579830931869079,76.65500611802642,1.1074521592775783,51.864157552711696,51.8,51.8,44.08556031453881,42.93765768989975,40.8398101519367,42.73352922596333,0.4080138888888889,0.4163327885157714,28.71256599436099,28.925492644952406,18.55191127624836,28.53074972839703,23.21848139645147,23.412902814064747,23.282110639084518,23.111085682182722,18.151514356795488,23.160291058939723,23.03792829738074,22.874431508270348,1.0,0.0,0.75,0.25,0.0,18.55191127624836,23.160291058939723,28.53074972839703,12.594091773311252,20.558605443117052,32.03846430770968,1.1749511631377398e-16,1.3981041733700108e-15,0.0,2.8252466789102527e-15,3.261350712482787e-14,converged
2025-01-15T22:50:00+08:00,14.833333333333334,-6.25,0.0,3.1750000000000003,51.93333333333334,51.93333333333334,44.46666666666667,44.46666666666667,50.0,60.0,85.0,39.52760897465917,14.133611474644674,13.814166568145415,11.579830931869079,76.65500611802642,1.1074521592775783,51.93333333333334,51.8,51.8,44.13290607399641,42.93671996737698,40.83821656597531,42.74966375255263,0.40846975,0.4167267122499419,28.71053822685112,28.92287548592328,18.548209658345588,28.52954895941871,23.215338375727157,23.40916835150207,23.279046098540345,23.108769045948737,18.146282522779554,23.155436272802348,23.03375966871799,22.871025918533924,1.0,0.0,0.75,0.25,0.0,18.548209658345588,23.155436272802348,28.52954895941871,12.594091773311252,20.558605443117052,32.03846430770968,1.1749511631377398e-16,4.19034771727491e-16,0.0,3.125339152890697e-15,2.2667856077901145e-14,converged
2025-01-15T22:55:00+08:00,14.916666666666666,-6.277777777777778,0.0,3.1722222222222225,51.93333333333334,51.93333333333334,44.46666666666667,44.46666666666667,50.0,60.0,85.0,39.52760897465917,14.133611474644674,13.814166568145415,11.579830931869079,76.65500611802642,1.1074521592775783,51.93333333333334,51.918437188183546,51.8,44.132187551564115,43.017467994867125,40.836607173440235,42.77715529377238,0.40892561111111114,0.41736339276033385,28.708475859823416,28.920227471824866,18.544449680343103,28.52831608043303,23.212378587622435,23.40560979533354,23.27614620636241,23.106606595960294,18.14099298092436,23.150543113382813,23.029552092983725,22.867580596865995,1.0,0.0,0.75,0.25,0.0,18.544449680343103,23.150543113382813,28.52831608043303,12.594091773311252,20.558605443117052,32.03846430770968,1.1749511631377398e-16,4.183955415578996e-16,0.0,3.103278205916082e-15,4.0679835834044764e-14,converged
2025-01-15T23:00:00+08:00,15.0,-6.305555555555555,0.0,3.1694444444444447,51.93333333333334,51.93333333333334,44.46666666666667,44.46666666666667,50.0,60.0,85.0,39.52760897465917,14.133611474644674,13.814166568145415,11.579830931869079,76.65500611802642,1.1074521592775783,51.93333333333334,51.93333333333334,51.8,44.13145728125761,43.026848771819,40.83498203701741,42.77969649108121,0.40938147222222226,0.4174854484305996,28.706379012636663,28.917548703505616,18.540631601954303,28.527051186409693,23.20939981043124,23.402035580149075,23.273229003815768,23.104425063638327,18.135646011647506,23.14561172718852,23.025305711454646,22.8640956805391,1.0,0.0,0.75,0.25,0.0,18.540631601954303,23.14561172718852,28.527051186409693,12.594091773311252,20.558605443117052,32.03846430770968,1.1749511631377398e-16,1.3942440660454185e-16,0.0,7.071625092136429e-16,2.854674155573474e-14,converged
2025-01-15T23:05:00+08:00,15.083333333333334,-6.333333333333333,0.0,3.166666666666667,52.06666666666666,52.06666666666666,44.53333333333333,44.53333333333333,50.0,60.0,85.0,39.58687075722987,14.15480129694549,13.83487746255043,11.597191997733947,76.88502851275308,1.1124406750366553,51.93333333333334,51.93333333333334,51.87905566094841,44.14040236775574,43.03695888480647,40.896287262198925,42.804387923985004,0.40983733333333333,0.4180411029326078,28.70425941823392,28.914850185318016,18.536770701767313,28.52576440604237,23.206387789834736,23.39843209227563,23.270281619219844,23.102212266776885,18.130409600288687,23.14079837883058,23.021169050648545,22.860712715629923,1.0,0.0,0.75,0.25,0.0,18.536770701767313,23.14079837883058,28.52576440604237,12.575238342512883,20.527829087663285,31.990502534793954,1.7571539675718453e-16,8.354345135700835e-16,0.0,3.6475094158219135e-15,4.2136381574450675e-14,converged
2025-01-15T23:10:00+08:00,15.166666666666666,-6.361111111111112,0.0,3.163888888888889,52.06666666666666,52.06666666666666,44.53333333333333,44.53333333333333,50.0,60.0,85.0,39.58687075722987,14.15480129694549,13.83487746255043,11.597191997733947,76.88502851275308,1.1124406750366553,51.93333333333334,51.93333333333334,51.93333333333334,44.13965326467767,43.03604594285122,40.929036273200104,42.81339501942331,0.41029319444444445,0.4183573432164781,28.702105542159153,28.912121079265617,18.53285215206618,28.5244457706165,23.20332807958503,23.394785721669194,23.267291066116265,23.099955766400193,18.12521670468647,23.1360424535964,23.017084497220683,22.857376781169172,1.0,0.0,0.75,0.25,0.0,18.53285215206618,23.1360424535964,28.5244457706165,12.575238342512883,20.527829087663285,31.990502534793954,1.7571539675718453e-16,5.565353337981016e-16,0.0,5.733706722445988e-15,3.20829963641105e-14,converged
2025-01-15T23:15:00+08:00,15.25,-6.388888888888888,0.0,3.1611111111111114,52.06666666666666,52.06666666666666,44.53333333333333,44.53333333333333,50.0,60.0,85.0,39.58687075722987,14.15480129694549,13.83487746255043,11.597191997733947,76.88502851275308,1.1124406750366553,51.99799364419966,51.93333333333334,51.93333333333334,44.183850859260794,43.03511925566396,40.92745615895011,42.82841168191111,0.4107490555555556,0.4187290724657241,28.700043884528114,28.909481220778424,18.52898992539191,28.523203714616074,23.200220875566867,23.39109663521765,23.26425750412062,23.09765571642065,18.119965915127473,23.13124778031606,23.012960693936893,22.854000875826024,1.0,0.0,0.75,0.25,0.0,18.52898992539191,23.13124778031606,28.523203714616074,12.575238342512883,20.527829087663285,31.990502534793954,1.7571539675718453e-16,8.340618993189032e-16,0.0,3.914529469596116e-15,5.458511192205153e-14,converged
2025-01-15T23:20:00+08:00,15.333333333333334,-6.416666666666667,0.0,3.1583333333333337,52.06666666666666,52.06666666666666,44.53333333333333,44.53333333333333,50.0,60.0,85.0,39.58687075722987,14.15480129694549,13.83487746255043,11.597191997733947,76.88502851275308,1.1124406750366553,52.06666666666666,51.93333333333334,51.93333333333334,44.2308815734642,43.03417887561016,40.92586021685263,42.84443194096513,0.4112049166666667,0.4191205821112995,28.698081738462694,28.906937540678364,18.5251905590402,28.52204456462308,23.197066372860384,23.3873649991594,23.26118109225832,23.09531227020862,18.114657512967916,23.12641450694952,23.008797783193106,22.850585137718866,1.0,0.0,0.75,0.25,0.0,18.5251905590402,23.12641450694952,28.52204456462308,12.575238342512883,20.527829087663285,31.990502534793954,1.7571539675718453e-16,6.944023199749479e-16,0.0,2.786207825718165e-15,3.141471820660578e-14,converged
2025-01-15T23:25:00+08:00,15.416666666666666,-6.444444444444445,0.0,3.155555555555556,52.06666666666666,52.06666666666666,44.53333333333333,44.53333333333333,50.0,60.0,85.0,39.58687075722987,14.15480129694549,13.83487746255043,11.597191997733947,76.88502851275308,1.1124406750366553,52.06666666666666,52.05259122432897,51.93333333333334,44.23017114421318,43.115536355143014,40.9242485096664,42.872138690108265,0.41166077777777776,0.41976150223271236,28.696084767493357,28.904362766558705,18.521333269309622,28.520853182032738,23.1940968055597,23.38381082756448,23.258270863222506,23.093124524142148,18.10929177819667,23.12154278089175,23.004595906868648,22.847129704488825,1.0,0.0,0.75,0.25,0.0,18.521333269309622,23.12154278089175,28.520853182032738,12.575238342512883,20.527829087663285,31.990502534793954,1.7571539675718453e-16,2.7733682390529256e-16,0.0,2.5045773772874113e-15,5.083037807520547e-14,converged
2025-01-15T23:30:00+08:00,15.5,-6.472222222222222,0.0,3.152777777777778,52.06666666666666,52.06666666666666,44.53333333333333,44.53333333333333,50.0,60.0,85.0,39.58687075722987,14.15480129694549,13.83487746255043,11.597191997733947,76.88502851275308,1.1124406750366553,52.06666666666666,52.06666666666666,51.93333333333334,44.229448966545824,43.12435398843667,40.92262109989633,42.874485306787115,0.4121166388888889,0.41987950959521914,28.69405309177379,28.901757000063608,18.51741831399607,28.519629662191125,23.191106704468357,23.380239478429836,23.255341935102972,23.09091642530799,18.1038689894419,23.116632748974894,23.000355206328113,22.843634713301405,1.0,0.0,0.75,0.25,0.0,18.51741831399607,23.116632748974894,28.519629662191125,12.575238342512883,20.527829087663285,31.990502534793954,1.7571539675718453e-16,5.545177564828724e-16,0.0,1.9180060267550283e-15,3.648727609861707e-14,converged
2025-01-15T23:35:00+08:00,15.583333333333334,-6.5,0.0,3.1500000000000004,52.2,52.2,44.6,44.6,50.0,60.0,85.0,39.64613253980057,14.175991119246305,13.855588356955446,11.614553063598821,77.11539551031834,1.1174441488527862,52.06666666666666,52.06666666666666,52.013665941475146,44.238434265292895,43.13449249040022,40.98480609067899,42.89945877170746,0.4125725,0.42044193506439564,28.691998487009208,28.899131288002778,18.513461000385266,28.518384167856517,23.18808344640437,23.376638885481494,23.25238290408772,23.088677187180544,18.09855960759128,23.111843030113256,22.996226442407742,22.84024383570322,1.0,0.0,0.6666666666666666,0.25,0.0,18.513461000385266,23.111843030113256,28.518384167856517,12.556441274736333,20.497144739251233,31.942684145354796,1.751904817501478e-16,2.7688798884703173e-16,0.0,3.482331406566056e-15,4.184471866485292e-14,converged
2025-01-15T23:40:00+08:00,15.666666666666666,-6.527777777777778,0.0,3.147222222222222,52.2,52.2,44.6,44.6,50.0,60.0,85.0,39.64613253980057,14.175991119246305,13.855588356955446,11.614553063598821,77.11539551031834,1.1174441488527862,52.06666666666666,52.06666666666666,52.06666666666666,44.23769324933236,43.13357694957374,41.01676872108823,42.9082374760136,0.41302836111111113,0.42075195519648656,28.689909377377056,28.896474751326927,18.509446468149463,28.517106696875985,23.185012546387952,23.372995400271694,23.249380748986127,23.086394339638776,18.093291747398276,23.107108417358457,22.9921476411777,22.83689800004099,1.0,0.0,0.6666666666666666,0.25,0.0,18.509446468149463,23.107108417358457,28.517106696875985,12.556441274736333,20.497144739251233,31.942684145354796,1.751904817501478e-16,1.3834198556792225e-16,0.0,1.0375902500338176e-15,3.0553530589823084e-14,converged
2025-01-15T23:45:00+08:00,15.75,-6.555555555555555,0.0,3.1444444444444444,52.2,52.2,44.6,44.6,50.0,60.0,85.0,39.64613253980057,14.175991119246305,13.855588356955446,11.614553063598821,77.11539551031834,1.1174441488527862,52.1318282326737,52.06666666666666,52.06666666666666,44.28227213850945,43.132647694628155,41.01518639054195,42.923388928690066,0.41348422222222225,0.4211262825721503,28.68791327518952,28.893908184515908,18.505489597769355,28.515906551235965,23.181894200131985,23.369309189745938,23.24633562926915,23.084068036282595,18.087966360696317,23.102334977839064,22.988029571404777,22.833512229416204,1.0,0.0,0.6666666666666666,0.25,0.0,18.505489597769355,23.102334977839064,28.515906551235965,12.556441274736333,20.497144739251233,31.942684145354796,1.751904817501478e-16,8.293141034743402e-16,0.0,6.4021659680190205e-18,5.695082269687502e-14,converged
2025-01-15T23:50:00+08:00,15.833333333333334,-6.583333333333333,0.0,3.1416666666666666,52.2,52.2,44.6,44.6,50.0,60.0,85.0,39.64613253980057,14.175991119246305,13.855588356955446,11.614553063598821,77.11539551031834,1.1174441488527862,52.2,52.06666666666666,52.06666666666666,44.32898832545064,43.13170477781844,41.013588272876326,42.939295200530594,0.4139400833333333,0.4215153809446639,28.686015514407234,28.8914366624038,18.501595160651515,28.51478837797899,23.178728602545362,23.365580420199944,23.243247703818035,23.081698430170896,18.0825837270898,23.097522859837326,22.98387237557356,22.83008666184335,1.0,0.0,0.6666666666666666,0.25,0.0,18.501595160651515,23.097522859837326,28.51478837797899,12.556441274736333,20.497144739251233,31.942684145354796,1.751904817501478e-16,2.7618285616537846e-16,0.0,3.301709769030659e-15,3.398855267779706e-14,converged
2025-01-15T23:55:00+08:00,15.916666666666666,-6.611111111111112,0.0,3.138888888888889,52.2,52.2,44.6,44.6,50.0,60.0,85.0,39.64613253980057,14.175991119246305,13.855588356955446,11.614553063598821,77.11539551031834,1.1174441488527862,52.2,52.186742806953305,52.06666666666666,44.32828590784833,43.213670654495395,41.01197443067266,42.967216812401276,0.41439594444444444,0.4221605269784403,28.684082707532564,28.888933811567863,18.497643225040125,28.51363785139786,23.17574963743156,23.362030669105987,23.24032749061759,23.079486032293467,18.077144124824123,23.092672211069207,22.979676195651642,22.826621434859927,1.0,0.0,0.6666666666666666,0.25,0.0,18.497643225040125,23.092672211069207,28.51363785139786,12.556441274736333,20.497144739251233,31.942684145354796,1.751904817501478e-16,8.272823799526866e-16,0.0,4.063231809353734e-16,4.392354041796578e-14,converged
2025-01-16T00:00:00+08:00,16.0,-6.638888888888888,0.0,3.136111111111111,52.2,52.2,44.6,44.6,50.0,60.0,85.0,39.64613253980057,14.175991119246305,13.855588356955446,11.614553063598821,77.11539551031834,1.1174441488527862,52.2,52.2,52.06666666666666,44.32757174126482,43.22192631235818,41.01034492625924,42.969369279915085,0.41485180555555556,0.4222744929354838,28.682114975499793,28.88639973443426,18.49363404686581,28.51245506720958,23.172748596220412,23.35846222554856,23.23738719188009,23.077252012353913,18.07164783079228,23.087783178686518,22.975441173091482,22.823116685528117,1.0,0.0,0.6666666666666666,0.25,0.0,18.49363404686581,23.087783178686518,28.51245506720958,12.556441274736333,20.497144739251233,31.942684145354796,1.751904817501478e-16,1.3784318467551987e-16,0.0,1.725935775728627e-15,2.702208800902033e-14,converged
2025-01-16T00:05:00+08:00,16.083333333333332,-6.666666666666667,0.0,3.1333333333333333,52.333333333333336,52.333333333333336,44.666666666666664,44.666666666666664,50.0,60.0,85.0,39.705394322371276,14.19718094154712,13.876299251360463,11.631914129463693,77.34610711072209,1.1224626031182696,52.2,52.2,52.148272410219214,44.336596929926,43.232093164111525,41.07340828696837,42.99462423903148,0.4153076666666667,0.42284366884705465,28.68012413630731,28.883845519793827,18.489582962204494,28.511250221913507,23.16971448267989,23.354864566633076,23.23441686789858,23.074986975976294,18.06626777559595,23.08301673000389,22.971320297508953,22.819718205655594,1.0,0.0,0.6666666666666666,0.25,0.0,18.489582962204494,23.08301673000389,28.511250221913507,12.537700317609863,20.466551985909064,31.89500849737665,2.9111319225728784e-16,0.0,0.0,1.195935997841101e-15,3.40235566157264e-14,converged
2025-01-16T00:10:00+08:00,16.166666666666668,-6.694444444444444,0.0,3.1305555555555555,52.333333333333336,52.333333333333336,44.666666666666664,44.666666666666664,50.0,60.0,85.0,39.705394322371276,14.19718094154712,13.876299251360463,11.631914129463693,77.34610711072209,1.1224626031182696,52.2,52.2,52.2,44.33586391950313,43.23117514310316,41.104585959261875,43.00317498123747,0.41576352777777775,0.4231474804556336,28.678098573208878,28.881260247995566,18.4854750781262,28.51001328023232,23.16663277332558,23.351224005768092,23.23140346295184,23.07267842204051,18.060927242513838,23.07830307707821,22.967247245003858,22.81636278295141,1.0,0.0,0.6666666666666666,0.25,0.0,18.4854750781262,23.07830307707821,28.51001328023232,12.537700317609863,20.466551985909064,31.89500849737665,2.9111319225728784e-16,0.0,0.0,5.995753346724799e-16,3.2313082813767065e-14,converged
2025-01-16T00:15:00+08:00,16.25,-6.722222222222222,0.0,3.1277777777777778,52.333333333333336,52.333333333333336,44.666666666666664,44.666666666666664,50.0,60.0,85.0,39.705394322371276,14.19718094154712,13.876299251360463,11.631914129463693,77.34610711072209,1.1224626031182696,52.265661324863736,52.2,52.2,44.38082329899327,43.23024343859615,41.10300158815087,43.018461029310636,0.4162193888888889,0.42352439640753076,28.67616680817583,28.878765670165734,18.481426180829867,28.508854409487924,23.16350366370482,23.34754070995731,23.228347136370914,23.070326503841738,18.05552953931087,23.07355051998589,22.963134905269865,22.812967460124288,1.0,0.0,0.6666666666666666,0.25,0.0,18.481426180829867,23.07355051998589,28.508854409487924,12.537700317609863,20.466551985909064,31.89500849737665,2.9111319225728784e-16,8.246182945852006e-16,0.0,2.291886928051098e-16,2.9258814348154e-14,converged
2025-01-16T00:20:00+08:00,16.333333333333332,-6.75,0.0,3.125,52.333333333333336,52.333333333333336,44.666666666666664,44.666666666666664,50.0,60.0,85.0,39.705394322371276,14.19718094154712,13.876299251360463,11.631914129463693,77.34610711072209,1.1224626031182696,52.333333333333336,52.2,52.2,44.42722547534522,43.229298102736756,41.1014014697376,43.03425359103162,0.41667525,0.42391108641327946,28.674332220872444,28.876365009757947,18.47743928028216,28.507776581356804,23.16032734856153,23.34381484555434,23.225248046897583,23.06793137413516,18.050074943892866,23.068759207326494,22.958983420880188,22.80953237508845,1.0,0.0,0.6666666666666666,0.25,0.0,18.47743928028216,23.068759207326494,28.507776581356804,12.537700317609863,20.466551985909064,31.89500849737665,2.9111319225728784e-16,4.1193304052953867e-16,0.0,8.704829555774436e-16,3.469074785299403e-14,converged
2025-01-16T00:25:00+08:00,16.416666666666668,-6.777777777777778,0.0,3.1222222222222222,52.333333333333336,52.333333333333336,44.666666666666664,44.666666666666664,50.0,60.0,85.0,39.705394322371276,14.19718094154712,13.876299251360463,11.631914129463693,77.34610711072209,1.1224626031182696,52.333333333333336,52.32089194704243,52.2,44.42653098788985,43.31187132146023,41.099785666430286,43.06238971869978,0.4171311111111111,0.42456044481166944,28.672462370403867,28.87393279008969,18.47339529459994,28.50666628100738,23.15733935729378,23.340269549531442,23.22231819410645,23.06569495500096,18.044563732814733,23.063929287131984,22.95479293389064,22.806057665281422,1.0,0.0,0.6666666666666666,0.25,0.0,18.47339529459994,23.06569495500096,28.50666628100738,12.537700317609863,20.466551985909064,31.89500849737665,2.9111319225728784e-16,5.484039940582568e-16,0.0,2.7382429132903885e-15,2.7515348127673954e-14,converged
2025-01-16T00:30:00+08:00,16.5,-6.805555555555556,0.0,3.1194444444444445,52.333333333333336,52.333333333333336,44.666666666666664,44.666666666666664,50.0,60.0,85.0,39.705394322371276,14.19718094154712,13.876299251360463,11.631914129463693,77.34610711072209,1.1224626031182696,52.333333333333336,52.333333333333336,52.2,44.425824750872444,43.31956616667437,41.09815424038483,43.06434846495626,0.41758697222222224,0.42467037634032495,28.67055737847095,28.871469114355698,18.46929447789942,28.505523604522235,23.154327750044214,23.336704049712832,23.219366871603,23.06343564568481,18.038996181287033,23.059060906868897,22.95056358584152,22.802543467665664,1.0,0.0,0.6666666666666666,0.25,0.0,18.46929447789942,23.06343564568481,28.505523604522235,12.537700317609863,20.466551985909064,31.89500849737665,2.9111319225728784e-16,5.482620324505102e-16,0.0,1.918294723458895e-15,2.946399530123373e-14,converged
2025-01-16T00:35:00+08:00,16.583333333333332,-6.833333333333333,0.0,3.1166666666666667,52.46666666666667,52.46666666666667,44.733333333333334,44.733333333333334,50.0,60.0,85.0,39.76465610494198,14.21837076384794,13.897010145765478,11.649275195328562,77.57716331396443,1.1274960602254083,52.333333333333336,52.333333333333336,52.28287508422286,44.434889509079014,43.329761326044675,41.16209457171142,43.0898843790428,0.4180428333333333,0.4252462823413329,28.668629104903296,28.868985112858944,18.46515219513037,28.504358781822145,23.15128315335859,23.333109362578966,23.216385600035103,23.061145440441255,18.033547683802468,23.054317376372417,22.94645058960976,22.799137689118886,1.0,0.0,0.6666666666666666,0.25,0.0,18.46515219513037,23.061145440441255,28.504358781822145,12.519015220266178,20.43605041812083,31.847474952671178,5.804922785987793e-17,0.0,0.0,1.4692652607731704e-15,3.165344029106972e-14,converged
2025-01-16T00:40:00+08:00,16.666666666666668,-6.861111111111111,0.0,3.113888888888889,52.46666666666667,52.46666666666667,44.733333333333334,44.733333333333334,50.0,60.0,85.0,39.76465610494198,14.21837076384794,13.897010145765478,11.649275195328562,77.57716331396443,1.1274960602254083,52.333333333333336,52.333333333333336,52.333333333333336,44.43416442266561,43.328840940525076,41.19248870095853,43.0982075849743,0.41849869444444443,0.42554389711402646,28.66666589246733,28.86646982579121,18.46095352077648,28.50316174481567,23.148191005474786,23.329471763653256,23.213361289352232,23.058811807298014,18.028136703741346,23.049624337904053,22.942383281901492,22.79577298672389,1.0,0.0,0.6666666666666666,0.25,0.0,18.46095352077648,23.058811807298014,28.50316174481567,12.519015220266178,20.43605041812083,31.847474952671178,5.804922785987793e-17,1.0942732123895626e-15,0.0,1.5864465045966815e-15,3.184427214330699e-14,converged
2025-01-16T00:45:00+08:00,16.75,-6.888888888888889,0.0,3.111111111111111,52.46666666666667,52.46666666666667,44.733333333333334,44.733333333333334,50.0,60.0,85.0,39.76465610494198,14.21837076384794,13.897010145765478,11.649275195328562,77.57716331396443,1.1274960602254083,52.39949292745957,52.333333333333336,52.333333333333336,44.47950349003865,43.32790690164616,41.19090245941061,43.11362803162128,0.41895455555555555,0.42592339222568504,28.664797270265822,28.864045958530774,18.456815144540574,28.502043524001262,23.145051501780735,23.32579141999815,23.21029409875014,23.05643489925316,18.022668899203264,23.04489231915631,22.93827666828095,22.79236841798839,1.0,0.0,0.6666666666666666,0.25,0.0,18.456815144540574,23.05643489925316,28.502043524001262,12.519015220266178,20.43605041812083,31.847474952671178,5.804922785987793e-17,5.466491108581777e-16,0.0,3.3427282307205634e-15,3.44662378639401e-14,converged
2025-01-16T00:50:00+08:00,16.833333333333332,-6.916666666666667,0.0,3.1083333333333334,52.46666666666667,52.46666666666667,44.733333333333334,44.733333333333334,50.0,60.0,85.0,39.76465610494198,14.21837076384794,13.897010145765478,11.649275195328562,77.57716331396443,1.1274960602254083,52.46666666666667,52.333333333333336,52.333333333333336,44.5255921711976,43.32695926144722,41.18930050949328,43.12930715717926,0.4194104166666667,0.4263076768584474,28.663024668513884,28.861714887741396,18.45273831938105,28.501005419847488,23.141864836861522,23.322068498025708,23.207184186835732,23.05401486876574,18.017144546447184,23.040121469041157,22.93413089140993,22.78892412072991,1.0,0.0,0.6666666666666666,0.25,0.0,18.45273831938105,23.05401486876574,28.501005419847488,12.519015220266178,20.43605041812083,31.847474952671178,5.804922785987793e-17,8.192345210728383e-16,0.0,1.985963782963884e-15,3.069941670038079e-14,converged
2025-01-16T00:55:00+08:00,16.916666666666668,-6.944444444444444,0.0,3.1055555555555556,52.46666666666667,52.46666666666667,44.733333333333334,44.733333333333334,50.0,60.0,85.0,39.76465610494198,14.21837076384794,13.897010145765478,11.649275195328562,77.57716331396443,1.1274960602254083,52.46666666666667,52.45503865551678,52.333333333333336,44.5249055324585,43.41013876698765,41.18768291344584,43.15765745206815,0.41986627777777774,0.42696123422105053,28.66121659055926,28.859352031245486,18.448604811221013,28.49993472638391,23.13886818161011,23.318527690320337,23.20424503108512,23.051755045497853,18.011563920389012,23.035311935901692,22.929946093432427,22.78544023228954,1.0,0.0,0.6666666666666666,0.25,0.0,18.448604811221013,23.051755045497853,28.49993472638391,12.519015220266178,20.43605041812083,31.847474952671178,5.804922785987793e-17,5.453203358816559e-16,0.0,1.8817569198919168e-15,3.674762943295866e-14,converged
2025-01-16T01:00:00+08:00,17.0,-6.972222222222222,0.0,3.102777777777778,52.46666666666667,52.46666666666667,44.733333333333334,44.733333333333334,50.0,60.0,85.0,39.76465610494198,14.21837076384794,13.897010145765478,11.649275195328562,77.57716331396443,1.1274960602254083,52.46666666666667,52.46666666666667,52.333333333333336,44.52420714356706,43.417273956965744,41.18604973325598,43.159422901508,0.42032213888888886,0.42706713836999494,28.659373158855605,28.856957492993136,18.444414872411798,28.49883154005342,23.135846372938513,23.314965171069876,23.201283023740846,23.0494710651368,18.005927294608107,23.030463867514317,22.925722415976526,22.78191688953359,1.0,0.0,0.6666666666666666,0.25,0.0,18.444414872411798,23.0494710651368,28.49883154005342,12.519015220266178,20.43605041812083,31.847474952671178,5.804922785987793e-17,2.725925536468623e-16,0.0,9.410569309726116e-16,3.4117925190548e-14,converged
2025-01-16T01:05:00+08:00,17.083333333333332,-7.0,0.0,3.1,52.6,52.6,44.8,44.8,50.0,60.0,85.0,39.82391788751268,14.239560586148755,13.917721040170491,11.666636261193432,77.80856412004528,1.1325445425665015,52.46666666666667,52.46666666666667,52.41747398042689,44.53331115294364,43.427497378887,41.2508656324694,43.18523923003801,0.420778,0.42764975427588,28.657506274608682,28.85454244433747,18.44018389685197,28.497706123882345,23.132791656012735,23.31137349214081,23.198291142068598,23.0471563070599,18.000412521676495,23.025742910377968,22.921617289681873,22.778504109236533,1.0,0.0,0.6666666666666666,0.25,0.0,18.44018389685197,23.0471563070599,28.497706123882345,12.500385733331258,20.40563962880815,31.800082876848755,2.3150636338629627e-16,1.3611059127586268e-16,0.0,4.3960424050274685e-17,3.771070738828878e-14,converged
2025-01-16T01:10:00+08:00,17.166666666666668,-7.027777777777778,0.0,3.0972222222222223,52.6,52.6,44.8,44.8,50.0,60.0,85.0,39.82391788751268,14.239560586148755,13.917721040170491,11.666636261193432,77.80856412004528,1.1325445425665015,52.46666666666667,52.46666666666667,52.46666666666667,44.53259390910254,43.42657474157966,41.28047762649322,43.19333532240039,0.4212338611111111,0.42794118395657954,28.655604240527502,28.852095885750984,18.43589692646094,28.49654837727176,23.129689431019496,23.30773889142838,23.195256261889515,23.04479820859028,17.99493325661837,23.02107014811667,22.917555722399655,22.775130427831577,0.9166666666666666,0.0,0.6666666666666666,0.25,0.08333333333333333,18.43589692646094,23.04479820859028,28.49654837727176,12.500385733331258,20.40563962880815,31.800082876848755,2.3150636338629627e-16,5.440715976462164e-16,0.0,1.9254476524654295e-15,3.181907222023731e-14,converged
2025-01-16T01:15:00+08:00,17.25,-7.055555555555556,0.0,3.0944444444444446,52.6,52.6,44.8,44.8,50.0,60.0,85.0,39.82391788751268,14.239560586148755,13.917721040170491,11.666636261193432,77.80856412004528,1.1325445425665015,52.53332304711117,52.46666666666667,52.46666666666667,44.57831186381441,43.42563848058225,41.27888967919875,43.20888996885368,0.42168972222222223,0.4283232489418171,28.65379759032813,28.849741474478623,18.431671552238083,28.49547019174577,23.12653989319333,23.304061536054327,23.192178542268554,23.042396922436357,17.989397502289595,23.01635833072603,22.91345483052609,22.77171691283394,0.9166666666666666,0.0,0.6666666666666666,0.25,0.08333333333333333,18.431671552238083,23.042396922436357,28.49547019174577,12.500385733331258,20.40563962880815,31.800082876848755,2.3150636338629627e-16,0.0,0.0,5.120646134647349e-16,3.6259049863536576e-14,converged
2025-01-16T01:20:00+08:00,17.333333333333332,-7.083333333333333,0.0,3.091666666666667,52.6,52.6,44.8,44.8,50.0,60.0,85.0,39.82391788751268,14.239560586148755,13.917721040170491,11.666636261193432,77.80856412004528,1.1325445425665015,52.6,52.46666666666667,52.46666666666667,44.62408756394022,43.42468864782883,41.27728606160953,43.22445592915557,0.4221455833333333,0.4287051312796658,28.65208580960607,28.84747874496822,18.427507274547736,28.494471200707924,23.123343236966438,23.300341592489687,23.18905814168224,23.039952600768487,17.983805533352545,23.01160760742564,22.909314756811497,22.768263701967946,0.9166666666666666,0.0,0.6666666666666666,0.25,0.08333333333333333,18.427507274547736,23.039952600768487,28.494471200707924,12.500385733331258,20.40563962880815,31.800082876848755,2.3150636338629627e-16,5.431020686850202e-16,0.0,2.078986548370999e-15,3.039718171123774e-14,converged
2025-01-16T01:25:00+08:00,17.416666666666668,-7.111111111111111,0.0,3.088888888888889,52.6,52.6,44.8,44.8,50.0,60.0,85.0,39.82391788751268,14.239560586148755,13.917721040170491,11.666636261193432,77.80856412004528,1.1325445425665015,52.6,52.589182943231776,52.46666666666667,44.62340869259624,43.508473384889996,41.27566683579994,43.253020041126575,0.4226014444444444,0.4293628743499697,28.650338343600353,28.845184007320178,18.42328670505928,28.49343950504191,23.120338270642005,23.296805305057504,23.18611001183342,23.037669977334982,17.97815762313413,23.006818126864943,22.905135643488013,22.764770932481735,0.9166666666666666,0.0,0.6666666666666666,0.25,0.08333333333333333,18.42328670505928,23.037669977334982,28.49343950504191,12.500385733331258,20.40563962880815,31.800082876848755,2.3150636338629627e-16,6.778376099888748e-16,0.0,2.2492783723691323e-15,3.386061640574442e-14,converged
2025-01-16T01:30:00+08:00,17.5,-7.138888888888889,0.0,3.0861111111111112,52.6,52.6,44.8,44.8,50.0,60.0,85.0,39.82391788751268,14.239560586148755,13.917721040170491,11.666636261193432,77.80856412004528,1.1325445425665015,52.6,52.6,52.46666666666667,44.62271807050632,43.51505007174888,41.27403206359356,43.25459261481092,0.42305730555555554,0.4294647582363971,28.648555315503945,28.842857366226998,18.41901009440743,28.492375201545737,23.11730661592813,23.29324580190504,23.18313765081877,23.035361931138823,17.972454043632293,23.00199003712545,22.90091763227146,22.76123874114892,0.9166666666666666,0.0,0.6666666666666666,0.25,0.08333333333333333,18.41901009440743,23.035361931138823,28.492375201545737,12.500385733331258,20.40563962880815,31.800082876848755,2.3150636338629627e-16,5.421414427809906e-16,0.0,8.277387569859702e-17,2.723575450874268e-14,converged
2025-01-16T01:35:00+08:00,17.583333333333332,-7.166666666666667,0.0,3.0833333333333335,52.733333333333334,52.733333333333334,44.86666666666667,44.86666666666667,50.0,60.0,85.0,39.883179670083386,14.26075040844957,13.938431934575508,11.683997327058306,78.0403095289647,1.1376080725338522,52.6,52.6,52.55206911567143,44.631861014696,43.52530170835283,41.33972212474762,43.2806888160581,0.42351316666666666,0.4300540640276643,28.64674866745047,28.8405100336368,18.41469286550611,28.49128858603916,23.114242132468156,23.289657166311013,23.180135488798037,23.033023223183854,17.966875099698193,22.99729131553586,22.896820366085908,22.75781924948519,0.9166666666666666,0.0,0.5833333333333334,0.25,0.08333333333333333,18.41469286550611,23.033023223183854,28.49128858603916,12.481811608913235,20.375319213312146,31.75283163929028,5.77047228171729e-17,4.060489072117435e-16,0.0,1.6301009946425072e-15,3.9008795865850674e-14,converged
2025-01-16T01:40:00+08:00,17.666666666666668,-7.194444444444444,0.0,3.0805555555555557,52.733333333333334,52.733333333333334,44.86666666666667,44.86666666666667,50.0,60.0,85.0,39.883179670083386,14.26075040844957,13.938431934575508,11.683997327058306,78.0403095289647,1.1376080725338522,52.6,52.6,52.6,44.63115153211853,43.524376929104,41.36855338428099,43.28855821452004,0.42396902777777773,0.4303393204135234,28.644906662515186,28.838130970734333,18.410320027738386,28.490169525718812,23.111130182623796,23.286025598797945,23.177090367664583,23.03064126023683,17.961329649508063,22.992638498199398,22.892764534428633,22.754436883216208,0.9166666666666666,0.0,0.5833333333333334,0.25,0.08333333333333333,18.410320027738386,23.03064126023683,28.490169525718812,12.481811608913235,20.375319213312146,31.75283163929028,5.77047228171729e-17,1.3525991735436646e-16,0.0,1.56270038010874e-16,3.9383608141307915e-14,converged
2025-01-16T01:45:00+08:00,17.75,-7.222222222222222,0.0,3.077777777777778,52.733333333333334,52.733333333333334,44.86666666666667,44.86666666666667,50.0,60.0,85.0,39.883179670083386,14.26075040844957,13.938431934575508,11.683997327058306,78.0403095289647,1.1376080725338522,52.66715169042897,52.6,52.6,44.67724757554462,43.5234385553751,41.366963890654304,43.30424686015104,0.42442488888888885,0.43072394611311837,28.64316083651877,28.83584478425482,18.40601007119992,28.489130770991533,23.107970961482017,23.282351266547384,23.174002446356972,23.028216194723818,17.955728035114007,22.987946552120462,22.888669359506842,22.751014715089884,0.9166666666666666,0.0,0.5833333333333334,0.25,0.08333333333333333,18.40601007119992,23.028216194723818,28.489130770991533,12.481811608913235,20.375319213312146,31.75283163929028,5.77047228171729e-17,2.7027826726949927e-16,0.0,2.0348906358262317e-15,3.131437910269912e-14,converged
2025-01-16T01:50:00+08:00,17.833333333333332,-7.25,0.0,3.075,52.733333333333334,52.733333333333334,44.86666666666667,44.86666666666667,50.0,60.0,85.0,39.883179670083386,14.26075040844957,13.938431934575508,11.683997327058306,78.0403095289647,1.1376080725338522,52.733333333333334,52.6,52.6,44.72271080759926,43.52248663899661,41.36535876397457,43.319699923139154,0.42488075,0.4311034293153263,28.641508735249182,28.833649170987492,18.401760748057843,28.488170292323616,23.104764663327977,23.27863433608986,23.17087188322574,23.025748178533743,17.950070529630636,22.98321562682155,22.884534984159334,22.747552882740756,0.9166666666666666,0.0,0.5833333333333334,0.25,0.08333333333333333,18.401760748057843,23.025748178533743,28.488170292323616,12.481811608913235,20.375319213312146,31.75283163929028,5.77047228171729e-17,0.0,0.0,2.7061436664556597e-15,3.0533792631451117e-14,converged
2025-01-16T01:55:00+08:00,17.916666666666668,-7.277777777777778,0.0,3.0722222222222224,52.733333333333334,52.733333333333334,44.86666666666667,44.86666666666667,50.0,60.0,85.0,39.883179670083386,14.26075040844957,13.938431934575508,11.683997327058306,78.0403095289647,1.1376080725338522,52.733333333333334,52.723324820978334,52.6,44.72203962247542,43.60687555227921,41.363738066155214,43.348477500574006,0.42533661111111115,0.4317653449773391,28.63982074349424,28.831421331092162,18.39745551367434,28.48717699545327,23.101751729805326,23.275102599627807,23.167915100539172,23.023443346018205,17.944357404844475,22.978445871253797,22.880361550706326,22.74405152332743,0.9166666666666666,0.0,0.5833333333333334,0.25,0.08333333333333333,18.39745551367434,23.023443346018205,28.48717699545327,12.481811608913235,20.375319213312146,31.75283163929028,5.77047228171729e-17,1.3481318403755261e-15,0.0,3.402226133026152e-16,3.3425413924471114e-14,converged
2025-01-16T02:00:00+08:00,18.0,-7.305555555555556,0.0,3.0694444444444446,52.733333333333334,52.733333333333334,44.86666666666667,44.86666666666667,50.0,60.0,85.0,39.883179670083386,14.26075040844957,13.938431934575508,11.683997327058306,78.0403095289647,1.1376080725338522,52.733333333333334,52.733333333333334,52.6,44.72135668601456,43.612894882912194,41.362101858859596,43.34985761626922,0.4257924722222223,0.4318632157839669,28.63809698517299,28.829161369991013,18.39309461701449,28.486150977528524,23.098710575415268,23.27154614683573,23.1649327094385,23.021111826344498,17.938588931220398,22.97363743379914,22.876149200951325,22.740510773534204,0.9166666666666666,0.0,0.5833333333333334,0.25,0.08333333333333333,18.39309461701449,23.021111826344498,28.486150977528524,12.481811608913235,20.375319213312146,31.75283163929028,5.77047228171729e-17,8.086957923628982e-16,0.0,6.317851261962496e-16,3.368837911657259e-14,converged
2025-01-16T02:05:00+08:00,18.083333333333332,-7.333333333333333,0.0,3.066666666666667,52.86666666666667,52.86666666666667,44.93333333333333,44.93333333333333,50.0,60.0,85.0,39.94244145265409,14.281940230750386,13.959142828980522,11.701358392923174,78.27239954072265,1.1426866725197597,52.733333333333334,52.733333333333334,52.68666050669665,44.730538250702004,43.62317468361698,41.42866467299238,43.37623314740546,0.42624833333333334,0.43245919160294,28.636349442905246,28.826880539778745,18.388693510066044,28.4851025668541,23.09563667015018,23.267960588445945,23.161920589266934,23.018749758658185,17.93294786010028,22.96896061680476,22.87205978464453,22.73708485448011,0.9166666666666666,0.0,0.5833333333333334,0.25,0.08333333333333333,18.388693510066044,23.018749758658185,28.4851025668541,12.463292600591407,20.345088769375483,31.705720613119233,1.726008576340769e-16,8.075813215723316e-16,1.121643824010739e-16,1.788911825950986e-15,5.630470766621333e-14,converged
2025-01-16T02:10:00+08:00,18.166666666666668,-7.361111111111111,0.0,3.063888888888889,52.86666666666667,52.86666666666667,44.93333333333333,44.93333333333333,50.0,60.0,85.0,39.94244145265409,14.281940230750386,13.959142828980522,11.701358392923174,78.27239954072265,1.1426866725197597,52.733333333333334,52.733333333333334,52.733333333333334,44.72983644824365,43.62224786946397,41.45671659182912,43.3838762686798,0.42670419444444446,0.4327382865414635,28.634566340550027,28.8245677627776,18.384237169709316,28.484021598721704,23.092515338772476,23.264332087862172,23.158865548190242,23.01634451931848,17.92733826428632,22.96432741992872,22.86800968339278,22.733694091090793,0.9166666666666666,0.0,0.5833333333333334,0.25,0.08333333333333333,18.384237169709316,23.01634451931848,28.484021598721704,12.463292600591407,20.345088769375483,31.705720613119233,1.726008576340769e-16,5.380403141924457e-16,1.121643824010739e-16,1.3469096027997374e-16,3.097906301595266e-14,converged
2025-01-16T02:15:00+08:00,18.25,-7.388888888888889,0.0,3.0611111111111113,52.86666666666667,52.86666666666667,44.93333333333333,44.93333333333333,50.0,60.0,85.0,39.94244145265409,14.281940230750386,13.959142828980522,11.701358392923174,78.27239954072265,1.1426866725197597,52.80097886398423,52.733333333333334,52.733333333333334,44.77630978371045,43.62130748959214,41.455125706165205,43.399698711079814,0.4271600555555556,0.43312546391991846,28.632880213533394,28.82234859284563,18.37984498294305,28.483021680285944,23.089346776227256,23.260660812326265,23.155767745024903,23.013896260476237,17.921672819485163,22.959655021908496,22.86392022021083,22.730263556588678,0.9166666666666666,0.0,0.5833333333333334,0.25,0.08333333333333333,18.37984498294305,23.013896260476237,28.483021680285944,12.463292600591407,20.345088769375483,31.705720613119233,1.726008576340769e-16,4.0316951388637047e-16,1.121643824010739e-16,2.1233714342327604e-15,4.92513179730235e-14,converged
2025-01-16T02:20:00+08:00,18.333333333333332,-7.416666666666667,0.0,3.0583333333333336,52.86666666666667,52.86666666666667,44.93333333333333,44.93333333333333,50.0,60.0,85.0,39.94244145265409,14.281940230750386,13.959142828980522,11.701358392923174,78.27239954072265,1.1426866725197597,52.86666666666667,52.733333333333334,52.733333333333334,44.82146105949475,43.62035359573007,41.45351922388151,43.415039141814425,0.4276159166666667,0.43350255122395365,28.63128667263034,28.820218893654236,18.37551295811681,28.482099123188547,23.086131176658306,23.256946928428746,23.152627337999746,23.011405133746077,17.915951797311113,22.954943572564908,22.859791538025892,22.726793388521862,0.9166666666666666,0.0,0.5833333333333334,0.25,0.08333333333333333,18.37551295811681,23.011405133746077,28.482099123188547,12.463292600591407,20.345088769375483,31.705720613119233,1.726008576340769e-16,2.6854587475493996e-16,1.121643824010739e-16,2.435549375766243e-15,2.8404776090921797e-14,converged
2025-01-16T02:25:00+08:00,18.416666666666668,-7.444444444444444,0.0,3.055555555555556,52.86666666666667,52.86666666666667,44.93333333333333,44.93333333333333,50.0,60.0,85.0,39.94244145265409,14.281940230750386,13.959142828980522,11.701358392923174,78.27239954072265,1.1426866725197597,52.86666666666667,52.85746429948331,52.733333333333334,44.820797479596955,43.70534562999369,41.45189720673433,43.44402983169468,0.4280717777777778,0.4341686264989273,28.62965703984377,28.818056753212375,18.371125392238575,28.481143636030005,23.083110610994876,23.25341977240639,23.149662216300577,23.00907867061264,17.910175468057506,22.950193221146172,22.855623779246205,22.72328372396274,0.9166666666666666,0.0,0.5833333333333334,0.25,0.08333333333333333,18.371125392238575,23.00907867061264,28.481143636030005,12.463292600591407,20.345088769375483,31.705720613119233,1.726008576340769e-16,0.0,1.121643824010739e-16,9.801366948516992e-17,4.338405313369549e-14,converged
2025-01-16T02:30:00+08:00,18.5,-7.472222222222222,0.0,3.0527777777777776,52.86666666666667,52.86666666666667,44.93333333333333,44.93333333333333,50.0,60.0,85.0,39.94244145265409,14.281940230750386,13.959142828980522,11.701358392923174,78.27239954072265,1.1426866725197597,52.86666666666667,52.86666666666667,52.733333333333334,44.82012214777923,43.71080874614132,41.45025971623061,43.44521790395478,0.4285276388888889,0.4342624914710928,28.627991439805836,28.81586227765942,18.36668253264955,28.48015531630334,23.080060294498757,23.24986640300091,23.146670111277107,23.006724257230896,17.904344100703145,22.945404116330106,22.851417085762904,22.719734699509637,0.9166666666666666,0.0,0.5833333333333334,0.25,0.08333333333333333,18.36668253264955,23.006724257230896,28.48015531630334,12.463292600591407,20.345088769375483,31.705720613119233,1.726008576340769e-16,6.701898282336695e-16,1.121643824010739e-16,6.71061168636134e-16,3.3937233312240175e-14,converged
2025-01-16T02:35:00+08:00,18.583333333333332,-7.5,0.0,3.0500000000000003,53.0,53.0,45.0,45.0,50.0,60.0,85.0,40.001703235224795,14.303130053051206,13.979853723385538,11.718719458788046,78.50483415531914,1.1477803649165261,52.86666666666667,52.86666666666665,52.821248170143505,44.82934202071194,43.72111665773792,41.51769387155827,43.471872221144686,0.4289835,0.4348651176187499,28.626301895187364,28.81364675879482,18.36219986046192,28.479144524493417,23.076977303397577,23.246283954454693,23.143648347758575,23.004339407414747,17.898642887304188,22.940748879693597,22.847335508713932,22.716302630764616,0.9166666666666666,0.0,0.5833333333333334,0.25,0.08333333333333333,18.36219986046192,23.004339407414747,28.479144524493417,12.444828463405344,20.314947897124558,31.658749175173867,1.147265510051437e-16,4.0155665668612153e-16,0.0,1.3076259184860616e-15,4.706130426095452e-14,converged
2025-01-16T02:40:00+08:00,18.666666666666668,-7.527777777777778,0.0,3.0472222222222225,53.0,53.0,45.0,45.0,50.0,60.0,85.0,40.001703235224795,14.303130053051206,13.979853723385538,11.718719458788046,78.50483415531914,1.1477803649165261,52.86666666666667,52.86666666666665,52.86666666666667,44.82864781742626,43.720187912975724,41.54496783669996,43.479289479066914,0.42943936111111114,0.4351380630049697,28.624576591042626,28.81139908049739,18.357662320092352,28.47810106428307,23.073846925079724,23.242658553305038,23.14058370038289,23.00191146726526,17.89297112672843,22.936134985484404,22.843291132241756,22.7129037517265,0.9166666666666666,0.0,0.5833333333333334,0.25,0.08333333333333333,18.357662320092352,23.00191146726526,28.47810106428307,12.444828463405344,20.314947897124558,31.658749175173867,1.147265510051437e-16,1.2039143268770388e-15,0.0,1.4776349769280695e-15,2.924359657593135e-14,converged
2025-01-16T02:45:00+08:00,18.75,-7.555555555555556,0.0,3.0444444444444443,53.0,53.0,45.0,45.0,50.0,60.0,85.0,40.001703235224795,14.303130053051206,13.979853723385538,11.718719458788046,78.50483415531914,1.1477803649165261,52.93480457430919,52.86666666666665,52.86666666666667,44.87549765024118,43.71924563081758,41.54337570832656,43.49524551412559,0.42989522222222226,0.43552778314736396,28.622949059913214,28.809245741389425,18.353190193256488,28.47713939744759,23.070669354353992,23.23899036685459,23.13747632784866,22.99944058866507,17.887243822813655,22.931481818915906,22.839207375182696,22.70946513135058,0.9166666666666666,0.0,0.5,0.25,0.08333333333333333,18.353190193256488,22.99944058866507,28.47713939744759,12.444828463405344,20.314947897124558,31.658749175173867,1.147265510051437e-16,4.009456790069286e-16,0.0,5.687194320669999e-15,5.791685844754863e-14,converged
2025-01-16T02:50:00+08:00,18.833333333333332,-7.583333333333333,0.0,3.0416666666666665,53.0,53.0,45.0,45.0,50.0,60.0,85.0,40.001703235224795,14.303130053051206,13.979853723385538,11.718719458788046,78.50483415531914,1.1477803649165261,53.0,52.86666666666665,52.86666666666667,44.920337480429865,43.71828986289173,41.54176801898201,43.51047357486493,0.43035108333333333,0.4359024778659729,28.621412982338384,28.807180776548847,18.348777748848832,28.476254180901837,23.067444785228318,23.235279561754343,23.134326388267194,22.99692692296147,17.88146124571994,22.926789530102717,22.835084380552324,22.705986907101785,0.9166666666666666,0.0,0.5,0.25,0.08333333333333333,18.348777748848832,22.99692692296147,28.476254180901837,12.444828463405344,20.314947897124558,31.658749175173867,1.147265510051437e-16,1.3353367752904707e-15,0.0,4.509501063136738e-15,3.5101623685148354e-14,converged
2025-01-16T02:55:00+08:00,18.916666666666668,-7.611111111111111,0.0,3.038888888888889,53.0,53.0,45.0,45.0,50.0,60.0,85.0,40.001703235224795,14.303130053051206,13.979853723385538,11.718719458788046,78.50483415531914,1.1477803649165261,53.0,52.99160138941001,52.86666666666667,44.919681424978045,43.80388396301516,41.54014483026922,43.53967702284908,0.43080694444444445,0.43657269990921604,28.619840615211157,28.805083159631728,18.344310123482618,28.475335924123684,23.064416913877487,23.23175701444448,23.131353234107234,22.994579395314517,17.875623664293315,22.92205826858565,22.830922290846832,22.702469215969558,0.9166666666666666,0.0,0.5,0.25,0.08333333333333333,18.344310123482618,22.994579395314517,28.475335924123684,12.444828463405344,20.314947897124558,31.658749175173867,1.147265510051437e-16,3.9998603388786e-16,0.0,5.79790240411462e-15,2.967563566389883e-14,converged
2025-01-16T03:00:00+08:00,19.0,-7.638888888888889,0.0,3.036111111111111,53.0,53.0,45.0,45.0,50.0,60.0,85.0,40.001703235224795,14.303130053051206,13.979853723385538,11.718719458788046,78.50483415531914,1.1477803649165261,53.0,52.999999999999986,52.86666666666667,44.919013617036875,43.808792001334375,41.538506203542354,43.54067346309549,0.4312628055555556,0.4366625663520573,28.61823208386405,28.80295299748237,18.339787562919756,28.47438472494621,23.061357764261956,23.22820676024621,23.128351724064526,22.992202655665047,17.86973134607215,22.91728818333392,22.82672124804492,22.698912194469496,0.9166666666666666,0.0,0.5,0.25,0.08333333333333333,18.339787562919756,22.992202655665047,28.47438472494621,12.444828463405344,20.314947897124558,31.658749175173867,1.147265510051437e-16,2.666024770556482e-16,0.0,5.794883247464844e-15,3.03833168206992e-14,converged
2025-01-16T03:05:00+08:00,19.083333333333332,-7.666666666666667,0.0,3.033333333333333,53.13333333333333,53.13333333333333,45.06666666666667,45.06666666666667,50.0,60.0,85.0,40.0609650177955,14.324319875352026,14.000564617790557,11.73608052465292,78.73761337275417,1.152889172116452,53.0,53.0,52.95583212255454,44.92827148804443,43.819127968070816,41.60681028564679,43.56760602158775,0.4317186666666667,0.43727182328494896,28.616599450590112,28.800801621169615,18.335225577439914,28.473410975733156,23.05826601474534,23.224627452983437,23.125320624769987,22.989795589033367,17.86397191806266,22.912654209387767,22.822647499253687,22.695474247583956,0.9166666666666666,0.0,0.5,0.25,0.08333333333333333,18.335225577439914,22.989795589033367,28.473410975733156,12.426418953844088,20.284896199051882,31.611916705979816,2.2877474879082745e-16,2.6623101610430676e-16,1.1183253511586355e-16,2.1710124468383092e-16,5.1100738292384495e-14,converged
2025-01-16T03:10:00+08:00,19.166666666666668,-7.694444444444444,0.0,3.0305555555555554,53.13333333333333,53.13333333333333,45.06666666666667,45.06666666666667,50.0,60.0,85.0,40.0609650177955,14.324319875352026,14.000564617790557,11.73608052465292,78.73761337275417,1.152889172116452,53.0,53.0,53.0,44.927584803215254,43.81819739431728,41.63330767744525,43.574797827191965,0.43217452777777776,0.4375386310586856,28.614930862044435,28.79861787654187,18.330609079040453,28.472404448851098,23.055126915566795,23.221005182577944,23.12224667753299,22.987345511412297,17.85823991660356,22.908059306578934,22.818608841540087,22.69206752822391,0.9166666666666666,0.0,0.5,0.25,0.08333333333333333,18.330609079040453,22.987345511412297,28.472404448851098,12.426418953844088,20.284896199051882,31.611916705979816,2.2877474879082745e-16,2.6606867042860134e-16,1.1183253511586355e-16,1.17035925815606e-15,3.17002780112448e-14,converged
2025-01-16T03:15:00+08:00,19.25,-7.722222222222222,0.0,3.0277777777777777,53.13333333333333,53.13333333333333,45.06666666666667,45.06666666666667,50.0,60.0,85.0,40.0609650177955,14.324319875352026,14.000564617790557,11.73608052465292,78.73761337275417,1.152889172116452,53.06862882789749,53.0,53.0,44.974810340694845,43.81725331106232,41.63171445087048,43.59088724917333,0.4326303888888889,0.4379308851676143,28.613360845403644,28.79652920463594,18.326059241974768,28.47148045857682,23.05194066140422,23.21734011639362,23.119130040938362,22.984852574423112,17.852452668158573,22.903425061357922,22.814530784593423,22.68862109635232,0.9166666666666666,0.0,0.5,0.25,0.08333333333333333,18.326059241974768,22.984852574423112,28.47148045857682,12.426418953844088,20.284896199051882,31.611916705979816,2.2877474879082745e-16,9.30406235765542e-16,1.1183253511586355e-16,1.7718441757940881e-15,3.398392836828067e-14,converged
2025-01-16T03:20:00+08:00,19.333333333333332,-7.75,0.0,3.025,53.13333333333333,53.13333333333333,45.06666666666667,45.06666666666667,50.0,60.0,85.0,40.0609650177955,14.324319875352026,14.000564617790557,11.73608052465292,78.73761337275417,1.152889172116452,53.13333333333333,53.0,53.0,45.01933923486992,43.81629576983541,41.630105698211686,43.60600319945114,0.43308625,0.43830319068599016,28.611881155731187,28.794527816444212,18.321568600027803,28.470632011181053,23.0487074461351,23.21363242114239,23.115970872984008,22.982316929152596,17.84661044147833,22.898751624128725,22.810413471517546,22.68513508935416,0.9166666666666666,0.0,0.5,0.25,0.08333333333333333,18.321568600027803,22.982316929152596,28.470632011181053,12.426418953844088,20.284896199051882,31.611916705979816,2.2877474879082745e-16,2.6560455023093197e-16,1.1183253511586355e-16,2.0358155380739125e-16,3.204871921343965e-14,converged
2025-01-16T03:25:00+08:00,19.416666666666668,-7.777777777777778,0.0,3.022222222222222,53.13333333333333,53.13333333333333,45.06666666666667,45.06666666666667,50.0,60.0,85.0,40.0609650177955,14.324319875352026,14.000564617790557,11.73608052465292,78.73761337275417,1.152889172116452,53.13333333333333,53.12573610135861,53.0,45.01869062332944,43.90249088087555,41.628481480921934,43.63541904994922,0.43354211111111113,0.4389775467837667,28.610364982493916,28.792493569076075,18.317023127383973,28.469750415041474,23.04567258715441,23.210114509650975,23.11298998580027,22.979948890991164,17.840713504006114,22.894039144720352,22.806257044896533,22.681609644139108,0.9166666666666666,0.0,0.5,0.25,0.08333333333333333,18.317023127383973,22.979948890991164,28.469750415041474,12.426418953844088,20.284896199051882,31.611916705979816,2.2877474879082745e-16,2.651965292527345e-16,1.1183253511586355e-16,1.2108331426484879e-15,3.940868416830584e-14,converged
2025-01-16T03:30:00+08:00,19.5,-7.805555555555556,0.0,3.0194444444444444,53.13333333333333,53.13333333333333,45.06666666666667,45.06666666666667,50.0,60.0,85.0,40.0609650177955,14.324319875352026,14.000564617790557,11.73608052465292,78.73761337275417,1.152889172116452,53.13333333333333,53.13333333333333,53.0,45.01803025874871,43.90684497300729,41.62684186020622,43.63622426654821,0.43399797222222225,0.43906342205948934,28.608812451712236,28.790426570068725,18.31242306826931,28.468835768326365,23.04260492503011,23.206567401304785,23.10997937254024,22.977550380438707,17.83476212188422,22.889287772389025,22.802061646796577,22.678044897143216,0.9166666666666666,0.0,0.5,0.25,0.08333333333333333,18.31242306826931,22.977550380438707,28.468835768326365,12.426418953844088,20.284896199051882,31.611916705979816,2.2877474879082745e-16,5.30289320303077e-16,1.1183253511586355e-16,1.6689047106836763e-15,2.249989702152197e-14,converged
2025-01-16T03:35:00+08:00,19.583333333333332,-7.833333333333333,0.0,3.0166666666666666,53.266666666666666,53.266666666666666,45.13333333333333,45.13333333333333,50.0,60.0,85.0,40.1202268003662,14.34550969765284,14.02127551219557,11.753441590517788,78.97073719302774,1.1580131165118375,53.13333333333333,53.13333333333333,53.090412380374495,45.02732581976047,43.91720893667075,41.69601445221722,43.66343452076391,0.4344538333333333,0.4396792903867335,28.607235664878857,28.788338189331377,18.307783962166678,28.46789849498057,23.039504736177,23.202991265595657,23.10693923796522,22.975121650271383,17.828946351317118,22.88467474989425,22.797995714895066,22.674601337643853,0.9166666666666666,0.0,0.5,0.25,0.08333333333333333,18.307783962166678,22.975121650271383,28.46789849498057,12.40806382983546,20.254933279998635,31.56522258972284,5.702484983681875e-17,1.3238663313495859e-16,0.0,1.5950591996496009e-15,3.300221697589436e-14,converged
2025-01-16T03:40:00+08:00,19.666666666666668,-7.861111111111111,0.0,3.013888888888889,53.266666666666666,53.266666666666666,45.13333333333333,45.13333333333333,50.0,60.0,85.0,40.1202268003662,14.34550969765284,14.02127551219557,11.753441590517788,78.97073719302774,1.1580131165118375,53.13333333333333,53.13333333333333,53.13333333333333,45.02664657293253,43.91627663293017,41.721736644512745,43.670401282356536,0.43490969444444444,0.439939972529941,28.60562273064948,28.78621723508913,18.303090688703566,28.466928336343674,23.036357233909303,23.199372156079217,23.103856290254903,22.972649986524164,17.82315597748535,22.880098533605683,22.793962769535256,22.67118704726905,0.9166666666666666,0.0,0.5,0.25,0.08333333333333333,18.303090688703566,22.972649986524164,28.466928336343674,12.40806382983546,20.254933279998635,31.56522258972284,5.702484983681875e-17,1.323081887256925e-16,0.0,3.1373924108917617e-15,2.8925471917228565e-14,converged
2025-01-16T03:45:00+08:00,19.75,-7.888888888888889,0.0,3.011111111111111,53.266666666666666,53.266666666666666,45.13333333333333,45.13333333333333,50.0,60.0,85.0,40.1202268003662,14.34550969765284,14.02127551219557,11.753441590517788,78.97073719302774,1.1580131165118375,53.2024516312044,53.13333333333333,53.13333333333333,45.07424702442902,43.91533084716419,41.72014245956844,43.68662388397259,0.43536555555555556,0.44033475192253896,28.604109168364545,28.78419208845235,18.29846531249898,28.466041457082568,23.033162612779297,23.195710240181054,23.10073068788437,22.970135540563664,17.81731064399157,22.875482905990513,22.78989040630814,22.667733072280644,0.9166666666666666,0.0,0.5,0.25,0.08333333333333333,18.29846531249898,22.970135540563664,28.466041457082568,12.40806382983546,20.254933279998635,31.56522258972284,5.702484983681875e-17,0.0,0.0,3.66955245577605e-15,3.7323677753547837e-14,converged
2025-01-16T03:50:00+08:00,19.833333333333332,-7.916666666666667,0.0,3.0083333333333333,53.266666666666666,53.266666666666666,45.13333333333333,45.13333333333333,50.0,60.0,85.0,40.1202268003662,14.34550969765284,14.02127551219557,11.753441590517788,78.97073719302774,1.1580131165118375,53.266666666666666,53.13333333333333,53.13333333333333,45.11846549111158,43.91437163080504,41.7185327826881,43.701627980673365,0.4358214166666667,0.44070467169557265,28.602684812354408,28.782253140819517,18.293898636556914,28.46522921689176,23.029921066539266,23.192005684674463,23.0975625887421,22.967578463222836,17.811410618220467,22.870828017737786,22.785778768405773,22.664239549986775,0.9166666666666666,0.0,0.5,0.25,0.08333333333333333,18.293898636556914,22.967578463222836,28.46522921689176,12.40806382983546,20.254933279998635,31.56522258972284,5.702484983681875e-17,3.962358331001021e-16,0.0,2.746766572573588e-15,2.5417872045193408e-14,converged
2025-01-16T03:55:00+08:00,19.916666666666668,-7.944444444444444,0.0,3.0055555555555555,53.266666666666666,53.266666666666666,45.13333333333333,45.13333333333333,50.0,60.0,85.0,40.1202268003662,14.34550969765284,14.02127551219557,11.753441590517788,78.97073719302774,1.1580131165118375,53.266666666666666,53.2598684458667,53.13333333333333,45.11782424322309,44.001166698054085,41.71690767517847,43.731255876919256,0.43627727777777775,0.4413831492620852,28.60122378235211,28.78028113056773,18.289277470605345,28.464383721078406,23.02687952979371,23.188492434969834,23.094574261011932,22.96519045668993,17.805456166255876,22.86613401896039,22.78162799850005,22.66070661722049,0.9166666666666666,0.0,0.5,0.25,0.08333333333333333,18.289277470605345,22.96519045668993,28.464383721078406,12.40806382983546,20.254933279998635,31.56522258972284,5.702484983681875e-17,5.275023390519584e-16,0.0,4.5078819813841936e-15,3.8757517377809604e-14,converged
2025-01-16T04:00:00+08:00,20.0,-7.972222222222222,0.0,3.0027777777777778,53.266666666666666,53.266666666666666,45.13333333333333,45.13333333333333,50.0,60.0,85.0,40.1202268003662,14.34550969765284,14.02127551219557,11.753441590517788,78.97073719302774,1.1580131165118375,53.266666666666666,53.266666666666666,53.13333333333333,45.1171712417668,44.004967970689556,41.71526719809887,43.73187027525708,0.43673313888888887,0.441465040787309,28.59972620505371,28.77827616591525,18.284602057376695,28.4635050681412,23.023803667597804,23.184948501974027,23.091554839389495,22.96277071877213,17.7994475528871,22.861401059197263,22.777438238744573,22.65713441034141,0.9166666666666666,0.0,0.5,0.25,0.08333333333333333,18.284602057376695,22.96277071877213,28.4635050681412,12.40806382983546,20.254933279998635,31.56522258972284,5.702484983681875e-17,2.6370224382732475e-16,0.0,3.046824940311818e-16,3.080182430683685e-14,converged
2025-01-16T04:05:00+08:00,20.083333333333332,-8.0,0.0,3.0,53.4,53.4,45.2,45.2,50.0,60.0,85.0,40.179488582936905,14.366699519953656,14.041986406600586,11.77080265638266,79.20420561613986,1.163152220494985,53.266666666666666,53.266666666666666,53.22498895995113,45.1265041868277,44.01535987068637,41.78530688087046,43.759357678874984,0.437189,0.4420875012676644,28.598204220735155,28.776249655188902,18.279887965585672,28.462603713311793,23.02069535034718,23.181375566948105,23.088505963108194,22.96032086656231,17.793577257777663,22.85680868320521,22.773380112007764,22.653685497854067,0.9166666666666666,0.0,0.5,0.25,0.08333333333333333,18.279887965585672,22.96032086656231,28.462603713311793,12.389762850735407,20.22505874713728,31.51866621422177,0.0,9.216583260687497e-16,1.11502645631746e-16,9.725830882480345e-16,5.295484859051987e-14,converged
2025-01-16T04:10:00+08:00,20.166666666666668,-8.0,0.41666666666666075,3.0,53.4,53.4,45.2,45.2,50.0,60.0,85.0,40.179488582936905,14.366699519953656,14.041986406600586,11.77080265638266,79.20420561613986,1.163152220494985,53.266666666666666,53.266666666666666,53.266666666666666,45.1258425377656,44.014437633600906,41.810269940034836,43.76611185865213,0.437015175,0.44234150845456094,28.596708292411346,28.774256051122634,18.275216077984922,28.461720481807085,23.01762060646532,23.17784281820464,23.085489584400655,22.957895101477177,17.78783423932605,22.852334028702067,22.76942815180623,22.650330847263614,0.9166666666666666,0.0,0.5,0.25,0.08333333333333333,18.275216077984922,22.957895101477177,28.461720481807085,12.389762850735407,20.22505874713728,31.51866621422177,0.0,1.1843088161712061e-15,1.11502645631746e-16,1.7457940080060292e-15,2.7666215352623725e-14,converged
2025-01-16T04:15:00+08:00,20.25,-8.0,0.8333333333333393,3.0,53.4,53.4,45.2,45.2,50.0,60.0,85.0,40.179488582936905,14.366699519953656,14.041986406600586,11.77080265638266,79.20420561613986,1.163152220494985,53.33627299064706,53.266666666666666,53.266666666666666,45.17384778471206,44.01352528226124,41.80871895097328,43.782503539338315,0.43684134999999996,0.44273712337805426,28.595374713551426,28.772424457553033,18.270708919550305,28.460972235164515,23.01457929788231,23.174350099159415,23.082505582960945,22.955493338584983,17.782139947196896,22.847902750909025,22.7655117611937,22.64700325476827,0.9166666666666666,0.0,0.5,0.25,0.08333333333333333,18.270708919550305,22.955493338584983,28.460972235164515,12.389762850735407,20.22505874713728,31.51866621422177,0.0,1.1832505578572723e-15,1.11502645631746e-16,4.202327565640776e-15,3.427308867690227e-14,converged
2025-01-16T04:20:00+08:00,20.333333333333332,-8.0,1.25,3.0,53.4,53.4,45.2,45.2,50.0,60.0,85.0,40.179488582936905,14.366699519953656,14.041986406600586,11.77080265638266,79.20420561613986,1.163152220494985,53.4,53.266666666666666,53.266666666666666,45.21780735705795,44.012622778749844,41.80718170715548,43.79745610475054,0.436667525,0.44310186418983977,28.594191187649926,28.77074323644883,18.266355140879107,28.460348539588068,23.01157128709603,23.17089725383835,23.079553838928508,22.953115493253446,17.776494144303307,22.843514683951696,22.76163081093916,22.643702626734058,0.9166666666666666,0.0,0.5,0.25,0.08333333333333333,18.266355140879107,22.953115493253446,28.460348539588068,12.389762850735407,20.22505874713728,31.51866621422177,0.0,1.445004685816041e-15,1.11502645631746e-16,2.7614995939519502e-15,2.8518541133213274e-14,converged
2025-01-16T04:25:00+08:00,20.416666666666668,-8.0,1.6666666666666607,3.0,53.4,53.4,45.2,45.2,50.0,60.0,85.0,40.179488582936905,14.366699519953656,14.041986406600586,11.77080265638266,79.20420561613986,1.163152220494985,53.4,53.393998433409664,53.266666666666666,45.21724470000926,44.10009820267302,41.80565815391575,43.82737962510313,0.4364937,0.44378054273156503,28.59303254832099,28.769093791667633,18.26204196118171,28.459742144831065,23.008844792151883,23.16771943489516,23.076857796329985,22.950974416659985,17.770896594711967,22.83916966259001,22.75778517228112,22.640428869851036,0.9166666666666666,0.0,0.5,0.25,0.08333333333333333,18.26204196118171,22.950974416659985,28.459742144831065,12.389762850735407,20.22505874713728,31.51866621422177,0.0,1.3116316581882272e-15,1.11502645631746e-16,1.466180309532917e-15,2.821095002200282e-14,converged
2025-01-16T04:30:00+08:00,20.5,-8.0,2.0833333333333393,3.0,53.4,53.4,45.2,45.2,50.0,60.0,85.0,40.179488582936905,14.366699519953656,14.041986406600586,11.77080265638266,79.20420561613986,1.163152220494985,53.4,53.4,53.266666666666666,45.21669049648178,44.10345230646842,41.804148236809915,43.827911320971396,0.436319875,0.4438534428919364,28.591898709577954,28.76747601918675,18.25776919958726,28.459152999643585,23.006161982026658,23.16459133188966,23.07420346287106,22.94886635708047,17.765347063637545,22.834867522215774,22.75397471692591,22.63718189113215,0.9166666666666666,0.0,0.5,0.25,0.08333333333333333,18.25776919958726,22.94886635708047,28.459152999643585,12.389762850735407,20.22505874713728,31.51866621422177,0.0,3.93424869260093e-16,1.11502645631746e-16,3.0442532590080188e-15,3.0138957020486613e-14,converged
2025-01-16T04:35:00+08:00,20.583333333333332,-8.0,2.5,3.0,53.4,53.4,45.2,45.2,50.0,60.0,85.0,40.179488582936905,14.366699519953656,14.041986406600586,11.77080265638266,79.20420561613986,1.163152220494985,53.4,53.4,53.35950223428742,45.21614471552265,44.10265244351663,41.86177111225533,43.84431757159505,0.43614605,0.4443558408975508,28.59078958573125,28.765889815324016,18.253536676030695,28.458581052927524,23.00351099537919,23.161501681896798,23.07158016638943,22.946781179457005,17.76001932616742,22.830773009247558,22.750355992367417,22.634110821504134,0.9166666666666666,0.0,0.5,0.25,0.08333333333333333,18.253536676030695,22.946781179457005,28.458581052927524,12.389762850735407,20.22505874713728,31.51866621422177,0.0,2.6198670325068403e-16,1.11502645631746e-16,1.4041304198330645e-15,3.263550759130001e-14,converged
2025-01-16T04:40:00+08:00,20.666666666666668,-8.0,2.9166666666666607,3.0,53.4,53.4,45.2,45.2,50.0,60.0,85.0,40.179488582936905,14.366699519953656,14.041986406600586,11.77080265638266,79.20420561613986,1.163152220494985,53.4,53.4,53.4,45.21560732629521,44.101861998037926,41.886148753011106,43.85099073926835,0.435972225,0.4445975257229574,28.589705091387383,28.764335076736682,18.249344211249152,28.458026253736147,23.00089170133596,23.158450335085977,23.068987791986288,22.944718803107293,17.754814017493924,22.826792220665055,22.746839849058695,22.631130811881278,0.9166666666666666,0.0,0.5,0.25,0.08333333333333333,18.249344211249152,22.944718803107293,28.458026253736147,12.389762850735407,20.22505874713728,31.51866621422177,0.0,7.855328589894819e-16,1.11502645631746e-16,0.0,3.0229124281806884e-14,converged
2025-01-16T04:45:00+08:00,20.75,-8.0,3.3333333333333393,3.0,53.4,53.4,45.2,45.2,50.0,60.0,85.0,40.179488582936905,14.366699519953656,14.041986406600586,11.77080265638266,79.20420561613986,1.163152220494985,53.4,53.4,53.4,45.21507829807852,44.1010809339126,41.88476261229539,43.85012253334273,0.43579840000000003,0.444637948995761,28.588645141447902,28.7628117004203,18.245191626778396,28.45748855127363,22.998303969561654,23.155437142210413,23.06642622518818,22.942679147633516,17.749654818816882,22.822852920228367,22.743357691934193,22.62817656391636,0.9166666666666666,0.0,0.4166666666666667,0.25,0.08333333333333333,18.245191626778396,22.942679147633516,28.45748855127363,12.389762850735407,20.22505874713728,31.51866621422177,0.0,1.1781921660182024e-15,1.11502645631746e-16,5.236409626747566e-16,2.9381483747988755e-14,converged
2025-01-16T04:50:00+08:00,20.833333333333332,-8.0,3.75,3.0,53.4,53.4,45.2,45.2,50.0,60.0,85.0,40.179488582936905,14.366699519953656,14.041986406600586,11.77080265638266,79.20420561613986,1.163152220494985,53.4,53.4,53.4,45.21455760026692,44.100309215159854,41.88338956673302,43.84926440839379,0.435624575,0.44467790290287734,28.587609651108384,28.761319583707614,18.241078744949263,28.456967894894632,22.995747670256964,23.152461954604856,23.063895351945437,22.940662132921346,17.74454150577961,22.818954949285065,22.739909397515714,22.625247988461705,0.9166666666666666,0.0,0.4166666666666667,0.25,0.08333333333333333,18.241078744949263,22.940662132921346,28.456967894894632,12.389762850735407,20.22505874713728,31.51866621422177,0.0,1.1780863065184185e-15,1.11502645631746e-16,3.9269543550613945e-16,2.3400961123932548e-14,converged
2025-01-16T04:55:00+08:00,20.916666666666668,-8.0,4.166666666666661,3.0,53.4,53.4,45.2,45.2,50.0,60.0,85.0,40.179488582936905,14.366699519953656,14.041986406600586,11.77080265638266,79.20420561613986,1.163152220494985,53.4,53.4,53.4,45.21404520236961,44.099546805937365,41.882029564269324,43.848416325743216,0.43545075,0.4447173892451521,28.586598535857416,28.75985862426746,18.23700538888411,28.456464234103827,22.993222674156378,23.149524624183318,23.0613950586306,22.93866767913894,17.73947385511707,22.815098149789403,22.736494842773673,22.622344996678134,0.9166666666666666,0.0,0.4166666666666667,0.25,0.08333333333333333,18.23700538888411,22.93866767913894,28.456464234103827,12.389762850735407,20.22505874713728,31.51866621422177,0.0,6.5443428029953e-16,1.11502645631746e-16,0.0,2.5066985598730518e-14,converged
2025-01-16T05:00:00+08:00,21.0,-8.0,4.583333333333339,3.0,53.4,53.4,45.2,45.2,50.0,60.0,85.0,40.179488582936905,14.366699519953656,14.041986406600586,11.77080265638266,79.20420561613986,1.163152220494985,53.4,53.4,53.4,45.21354107401019,44.09879367054069,41.88068255306038,43.84757824686353,0.435276925,0.44475640981640713,28.585611711475583,28.758428720103662,18.2329713824933,28.455977518555475,22.99072885252599,23.146625003436828,23.058925232036852,22.936695706735946,17.734451644650566,22.811282364300016,22.733113905125478,22.619467500033892,0.9166666666666666,0.0,0.4166666666666667,0.25,0.08333333333333333,18.2329713824933,22.936695706735946,28.455977518555475,12.389762850735407,20.22505874713728,31.51866621422177,0.0,1.5705044728865006e-15,1.11502645631746e-16,7.852522364432503e-16,2.5281248788214244e-14,converged
2025-01-16T05:05:00+08:00,21.083333333333332,-8.0,5.0,3.0,53.4,53.4,45.2,45.2,50.0,60.0,85.0,40.179488582936905,14.366699519953656,14.041986406600586,11.77080265638266,79.20420561613986,1.163152220494985,53.4,53.4,53.4,45.21304518492618,44.09804977340273,41.8793484814722,43.84675013337747,0.43510309999999996,0.4447949664034691,28.584649094034464,28.75702976955394,18.228976550471682,28.455507698052976,22.988266077161306,23.143762945431178,23.056485759376482,22.934746136442502,17.72947465328245,22.8075074359776,22.729766462433897,22.616615410303588,0.9166666666666666,0.0,0.4166666666666667,0.25,0.08333333333333333,18.228976550471682,22.934746136442502,28.455507698052976,12.389762850735407,20.22505874713728,31.51866621422177,0.0,9.160481956189106e-16,1.11502645631746e-16,2.617280558911173e-16,2.873991238269676e-14,converged
2025-01-16T05:10:00+08:00,21.166666666666668,-8.0,5.416666666666661,3.0,53.4,53.4,45.2,45.2,50.0,60.0,85.0,40.179488582936905,14.366699519953656,14.041986406600586,11.77080265638266,79.20420561613986,1.163152220494985,53.4,53.4,53.4,45.21255750496869,44.0973150790932,41.87802729807984,43.84593194705747,0.434929275,0.4448330607861968,28.58371059989562,28.75566167128882,18.225020718295102,28.455054722548425,22.985834220385073,23.140938303804678,23.054076528279307,22.93281888926826,17.724542660990863,22.803773208582616,22.726452393005456,22.613788639567133,0.9166666666666666,0.0,0.4166666666666667,0.25,0.08333333333333333,18.225020718295102,22.93281888926826,28.455054722548425,12.389762850735407,20.22505874713728,31.51866621422177,0.0,3.9255846323961177e-16,1.11502645631746e-16,2.6170564215974113e-16,2.6183402062753208e-14,converged
2025-01-16T05:15:00+08:00,21.25,-8.0,5.833333333333339,3.0,53.4,53.4,45.2,45.2,50.0,60.0,85.0,40.179488582936905,14.366699519953656,14.041986406600586,11.77080265638266,79.20420561613986,1.163152220494985,53.4,53.4,53.4,45.21207800410188,44.09658955231816,41.876718951666554,43.84512364982503,0.43475545,0.44487069473750873,28.582796145709597,28.75432432431053,18.22110371221692,28.454618542142175,22.983433155045105,23.138150932765935,23.05169742679114,22.930913886501386,17.71965544882451,22.800079526472977,22.723171575588808,22.610987100208682,0.9166666666666666,0.0,0.4166666666666667,0.25,0.08333333333333333,18.22110371221692,22.930913886501386,28.454618542142175,12.389762850735407,20.22505874713728,31.51866621422177,0.0,7.850505093100667e-16,1.11502645631746e-16,0.0,3.416382959101805e-14,converged
2025-01-16T05:20:00+08:00,21.333333333333332,-8.0,6.25,3.0,53.4,53.4,45.2,45.2,50.0,60.0,85.0,40.179488582936905,14.366699519953656,14.041986406600586,11.77080265638266,79.20420561613986,1.163152220494985,53.4,53.4,53.4,45.21160665240255,44.09587315791939,41.87542339122293,43.84432520375006,0.434581625,0.44490787002341087,28.58190564841492,28.75301762795193,18.217225359264546,28.45419910708239,22.981062754512134,23.135400687091625,23.04934834337225,22.929031049707596,17.714812798897444,22.796426234601796,22.719923889373135,22.60821070491558,0.9166666666666666,0.0,0.4166666666666667,0.25,0.08333333333333333,18.217225359264546,22.929031049707596,28.45419910708239,12.389762850735407,20.22505874713728,31.51866621422177,0.0,0.0,1.11502645631746e-16,7.849849126346697e-16,2.6020474844135306e-14,converged
2025-01-16T05:25:00+08:00,21.416666666666668,-8.0,6.666666666666661,3.0,53.4,53.4,45.2,45.2,50.0,60.0,85.0,40.179488582936905,14.366699519953656,14.041986406600586,11.77080265638266,79.20420561613986,1.163152220494985,53.4,53.4,53.4,45.211143420059756,44.095165860873976,41.87414056594601,43.84353657105042,0.4344078,0.44494458840302414,28.58103902523711,28.751741481875417,18.213385487236,28.453796367764614,22.97872289267765,23.13268742212428,23.04702916689583,22.92717030072916,17.71001449438387,22.79281317851508,22.71670921398655,22.605459366677326,0.9166666666666666,0.0,0.4166666666666667,0.25,0.08333333333333333,18.213385487236,22.92717030072916,28.453796367764614,12.389762850735407,20.22505874713728,31.51866621422177,0.0,5.232800886275195e-16,1.11502645631746e-16,1.3082002215687984e-16,3.2510007381187047e-14,converged
2025-01-16T05:30:00+08:00,21.5,-8.0,7.083333333333339,3.0,53.4,53.4,45.2,45.2,50.0,60.0,85.0,40.179488582936905,14.366699519953656,14.041986406600586,11.77080265638266,79.20420561613986,1.163152220494985,53.4,53.4,53.4,45.21068827737429,44.094467626293685,41.87287042523847,43.84275771409122,0.434233975,0.4449808516286112,28.580196193687684,28.75049578607186,18.209583924696467,28.453410274731343,22.976413443951756,23.130010993770085,23.04473978664645,22.92533156168393,17.705260319513012,22.789240204349476,22.7135274294945,22.602732998784507,0.9166666666666666,0.0,0.4166666666666667,0.25,0.08333333333333333,18.209583924696467,22.92533156168393,28.453410274731343,12.389762850735407,20.22505874713728,31.51866621422177,0.0,9.156655278603759e-16,1.11502645631746e-16,2.616187222458217e-16,2.5692932958821228e-14,converged
2025-01-16T05:35:00+08:00,21.583333333333332,-8.0,7.5,3.0,53.4,53.4,45.2,45.2,50.0,60.0,85.0,40.179488582936905,14.366699519953656,14.041986406600586,11.77080265638266,79.20420561613986,1.163152220494985,53.4,53.4,53.4,45.21024119475835,44.09377841942451,41.871612918707754,43.84198859538429,0.43406015000000003,0.44501666144560403,28.579377071563165,28.749280440859508,18.205820500974884,28.45304077867157,22.97413428326105,23.12737125849668,23.042480092318563,22.923514754964383,17.70055005956396,22.785707158830018,22.71037841639818,22.60003151482777,0.9166666666666666,0.0,0.4166666666666667,0.25,0.08333333333333333,18.205820500974884,22.923514754964383,28.45304077867157,12.389762850735407,20.22505874713728,31.51866621422177,0.0,1.0463906807333295e-15,1.11502645631746e-16,2.615976701833324e-16,2.7138439770526132e-14,converged
2025-01-16T05:40:00+08:00,21.666666666666668,-8.0,7.916666666666661,3.0,53.4,53.4,45.2,45.2,50.0,60.0,85.0,40.179488582936905,14.366699519953656,14.041986406600586,11.77080265638266,79.20420561613986,1.163152220494985,53.4,53.4,53.4,45.209802142735036,44.093098205646136,41.87036799616525,43.84122917758758,0.433886325,0.4450520195926313,28.578581576944103,28.748095346882934,18.20209504616054,28.452687830420366,22.97188528604649,23.12476807333097,23.04024997401497,22.921719803236634,17.695883500860567,22.78221388926786,22.70726205563294,22.597354828696776,0.9166666666666666,0.0,0.4166666666666667,0.25,0.08333333333333333,18.20209504616054,22.921719803236634,28.452687830420366,12.389762850735407,20.22505874713728,31.51866621422177,0.0,9.155191044121666e-16,1.11502645631746e-16,1.3078844348745238e-16,2.840492193848513e-14,converged
2025-01-16T05:45:00+08:00,21.75,-8.0,8.33333333333334,3.0,53.4,53.4,45.2,45.2,50.0,60.0,85.0,40.179488582936905,14.366699519953656,14.041986406600586,11.77080265638266,79.20420561613986,1.163152220494985,53.4,53.4,53.4,45.209371091937975,44.092426950471406,41.8691356076254,43.84047942350461,0.4337125,0.4450869278015447,28.577809628194093,28.74694040511196,18.198407391099682,28.45235138095844,22.969666328261276,23.122201295856954,23.038049322245303,22.919946629439483,17.691260430766377,22.778760243558057,22.704178228566715,22.594702854579175,0.9166666666666666,0.0,0.4166666666666667,0.25,0.08333333333333333,18.198407391099682,22.919946629439483,28.45235138095844,12.389762850735407,20.22505874713728,31.51866621422177,0.0,1.0462254859018647e-15,1.11502645631746e-16,3.923345572131993e-16,2.722755029499729e-14,converged
2025-01-16T05:50:00+08:00,21.833333333333332,-8.0,8.75,3.0,53.4,53.4,45.2,45.2,50.0,60.0,85.0,40.179488582936905,14.366699519953656,14.041986406600586,11.77080265638266,79.20420561613986,1.163152220494985,53.4,53.4,53.4,45.208948013110835,44.091764619545856,41.86791570330492,43.839739296083856,0.433538675,0.445121387797446,28.57706114395879,28.74581551684059,18.194757367392153,28.45203138141171,22.967477286368755,23.119670784213547,23.035878027924536,22.918195156783447,17.686680637679544,22.775346070177307,22.701126816998457,22.592075506959564,0.9166666666666666,0.0,0.4166666666666667,0.25,0.08333333333333333,18.194757367392153,22.918195156783447,28.45203138141171,12.389762850735407,20.22505874713728,31.51866621422177,0.0,9.153764289117578e-16,1.11502645631746e-16,1.3076806127310828e-16,2.5242788445970517e-14,converged
2025-01-16T05:55:00+08:00,21.916666666666668,-8.0,9.16666666666666,3.0,53.4,53.4,45.2,45.2,50.0,60.0,85.0,40.179488582936905,14.366699519953656,14.041986406600586,11.77080265638266,79.20420561613986,1.163152220494985,53.4,53.4,53.4,45.20853287710696,44.09111117864715,41.86670823362192,43.839008758418196,0.43336484999999997,0.4451554012987142,28.576336043164947,28.74472058368595,18.191144807388028,28.451727783050877,22.965318037340314,23.11717639709242,23.03373598237147,22.91646530874981,17.68214391102781,22.771971218181747,22.69810770315656,22.589472700618465,0.9166666666666666,0.0,0.4166666666666667,0.25,0.08333333333333333,18.191144807388028,22.91646530874981,28.451727783050877,12.389762850735407,20.22505874713728,31.51866621422177,0.0,9.153064866910528e-16,1.11502645631746e-16,1.3075806952729325e-16,2.9880951946905666e-14,converged
2025-01-16T06:00:00+08:00,22.0,-8.0,9.58333333333334,3.0,53.4,53.4,45.2,45.2,50.0,60.0,85.0,40.179488582936905,14.366699519953656,14.041986406600586,11.77080265638266,79.20420561613986,1.163152220494985,53.4,53.4,53.4,45.20812565488895,44.09046659368457,41.86551314919511,43.83828777374433,0.433191025,0.44518897001703184,28.575634245019433,28.743655507587235,18.187569544184267,28.451440537290985,22.96318845865329,23.11471799373584,23.03162307730725,22.91475700908965,17.677650041263508,22.768635537204727,22.695120769697308,22.586894350631304,0.9166666666666666,0.0,0.4166666666666667,0.25,0.08333333333333333,18.187569544184267,22.91475700908965,28.451440537290985,12.389762850735407,20.22505874713728,31.51866621422177,0.0,7.844892596225894e-16,1.11502645631746e-16,0.0,3.000452520493254e-14,converged
2025-01-16T06:05:00+08:00,22.083333333333332,-8.0,10.0,3.0,53.4,53.4,45.2,45.2,50.0,60.0,85.0,40.179488582936905,14.366699519953656,14.041986406600586,11.77080265638266,79.20420561613986,1.163152220494985,53.4,53.4,53.4,45.20772631752818,44.089830830698574,41.86433040084294,43.837576305442205,0.4330172,0.44522209565741133,28.57495566900827,28.742620190804647,18.1840314116214,28.451169595691006,22.961088428288896,23.112295433934545,23.029539204853858,22.913070181822917,17.67319881985855,22.765338877454607,22.692165899703316,22.584340372367386,0.9166666666666666,0.0,0.4166666666666667,0.25,0.08333333333333333,18.1840314116214,22.913070181822917,28.451169595691006,12.389762850735407,20.22505874713728,31.51866621422177,0.0,2.614769638848155e-16,1.11502645631746e-16,3.922154458272231e-16,2.7472500953916888e-14,converged
2025-01-16T06:10:00+08:00,22.166666666666668,-8.0,10.41666666666666,3.0,53.4,53.4,45.2,45.2,50.0,60.0,85.0,40.179488582936905,14.366699519953656,14.041986406600586,11.77080265638266,79.20420561613986,1.163152220494985,53.4,53.4,53.4,45.207334836204446,44.089203855860205,41.86315993958279,43.83687431703448,0.432843375,0.4452547799182219,28.574300234895663,28.74161453591835,18.180530244280202,28.450914909953408,22.959017824730147,23.109908578025582,23.027484257532652,22.911404751237455,17.66879003929948,22.762081089712556,22.68924297668198,22.58181068148887,0.9166666666666666,0.0,0.4166666666666667,0.25,0.08333333333333333,18.180530244280202,22.911404751237455,28.450914909953408,12.389762850735407,20.22505874713728,31.51866621422177,0.0,0.0,1.11502645631746e-16,7.84373309916962e-16,3.18220264206559e-14,converged
2025-01-16T06:15:00+08:00,22.25,-8.0,10.83333333333334,3.0,53.4,53.4,45.2,45.2,50.0,60.0,85.0,40.179488582936905,14.366699519953656,14.041986406600586,11.77080265638266,79.20420561613986,1.163152220494985,53.4,53.4,53.4,45.206951182205515,44.088585635470665,41.86200171663017,43.83618177218592,0.43266955,0.44528702449121543,28.57366786272305,28.740638445827425,18.1770658774784,28.450676431923725,22.95697652695979,23.107557286890188,23.02545812826287,22.90976064188808,17.66442349308255,22.758862025330362,22.686351884563944,22.57930519394978,0.9166666666666666,0.0,0.4166666666666667,0.25,0.08333333333333333,18.1770658774784,22.90976064188808,28.450676431923725,12.389762850735407,20.22505874713728,31.51866621422177,0.0,2.614388370286578e-16,1.11502645631746e-16,5.228776740573153e-16,2.9215932362955964e-14,converged
2025-01-16T06:20:00+08:00,22.333333333333332,-8.0,11.25,3.0,53.4,53.4,45.2,45.2,50.0,60.0,85.0,40.179488582936905,14.366699519953656,14.041986406600586,11.77080265638266,79.20420561613986,1.163152220494985,53.4,53.4,53.4,45.20657532692673,44.08797613596073,41.86085568339783,43.835498634702844,0.432495725,0.44531883106155307,28.57305847280813,28.739691823748814,18.1736381472674,28.45045411359014,22.954964414458253,23.10524142195168,23.023460710360162,22.908137778595624,17.660098975708777,22.75568153622825,22.683492507701537,22.57682382599496,0.9166666666666666,0.0,0.4166666666666667,0.25,0.08333333333333333,18.1736381472674,22.908137778595624,28.45045411359014,12.389762850735407,20.22505874713728,31.51866621422177,0.0,1.1763907377830968e-15,1.11502645631746e-16,3.9213024592769892e-16,2.6637573820990578e-14,converged
2025-01-16T06:25:00+08:00,22.416666666666668,-8.0,11.66666666666666,3.0,53.4,53.4,45.2,45.2,50.0,60.0,85.0,40.179488582936905,14.366699519953656,14.041986406600586,11.77080265638266,79.20420561613986,1.163152220494985,53.4,53.4,53.4,45.206207241870565,44.087375323890335,41.859721791495076,43.834824868532564,0.43232190000000004,0.4453502013078312,28.57247198574392,28.738774573216293,18.170246890428995,28.450247907083067,22.952981367201605,23.10296084517332,23.021491897535125,22.906536086446,17.655816282679087,22.752539474892707,22.68066473086727,22.574366494159108,0.9166666666666666,0.0,0.4166666666666667,0.25,0.08333333333333333,18.170246890428995,22.906536086446,28.450247907083067,12.389762850735407,20.22505874713728,31.51866621422177,0.0,9.149061237599738e-16,1.11502645631746e-16,1.307008748228534e-16,3.1608348978018427e-14,converged
2025-01-16T06:30:00+08:00,22.5,-8.0,12.08333333333334,3.0,53.4,53.4,45.2,45.2,50.0,60.0,85.0,40.179488582936905,14.366699519953656,14.041986406600586,11.77080265638266,79.20420561613986,1.163152220494985,53.4,53.4,53.4,45.20584689864624,44.086783165948006,41.85859999272681,43.83416043776285,0.432148075,0.4453811369021074,28.571908322397803,28.737886598079424,18.166891944472134,28.450057764674714,22.95102726565951,23.10071541905624,23.019551583891836,22.904955490789277,17.651575210489426,22.749435694374323,22.6778684392523,22.571933115265733,0.9166666666666666,0.0,0.4166666666666667,0.25,0.08333333333333333,18.166891944472134,22.904955490789277,28.450057764674714,12.389762850735407,20.22505874713728,31.51866621422177,0.0,6.534589825507268e-16,1.11502645631746e-16,1.3069179651014533e-16,2.775385761050596e-14,converged
2025-01-16T06:35:00+08:00,22.583333333333332,-8.0,12.5,3.0,53.4,53.4,45.2,45.2,50.0,60.0,85.0,40.179488582936905,14.366699519953656,14.041986406600586,11.77080265638266,79.20420561613986,1.163152220494985,53.4,53.4,53.4,45.205494268969346,44.08619962895042,41.85749023909283,43.83350530662135,0.43197425,0.44541163950992607,28.57136740391057,28.73702780250253,18.163573147629673,28.44988363877868,22.94910199079319,23.098505006637314,23.017639663926403,22.90339591723874,17.647375556625928,22.746370048285623,22.675103518464898,22.569523606426188,0.9166666666666666,0.0,0.4166666666666667,0.25,0.08333333333333333,18.163573147629673,22.90339591723874,28.44988363877868,12.389762850735407,20.22505874713728,31.51866621422177,0.0,1.1761456184611722e-15,1.11502645631746e-16,5.227313859827432e-16,3.629141592315997e-14,converged
2025-01-16T06:40:00+08:00,22.666666666666668,-8.0,12.91666666666666,3.0,53.4,53.4,45.2,45.2,50.0,60.0,85.0,40.179488582936905,14.366699519953656,14.041986406600586,11.77080265638266,79.20420561613986,1.163152220494985,53.4,53.4,53.4,45.205149324661335,44.08562467984186,41.856392482787015,43.832859439475016,0.431800425,0.445441710790345,28.570849151695484,28.73619809096366,18.160290338855145,28.44972548194952,22.94720542405342,23.096329471487103,23.015756032525506,22.90185729166996,17.64321711956009,22.743342390798926,22.67236985452894,22.56713788503865,0.9166666666666666,0.0,0.4166666666666667,0.25,0.08333333333333333,18.160290338855145,22.90185729166996,28.44972548194952,12.389762850735407,20.22505874713728,31.51866621422177,0.0,5.226960969612823e-16,1.11502645631746e-16,2.613480484806411e-16,2.7520755504384586e-14,converged
2025-01-16T06:45:00+08:00,22.75,-8.0,13.33333333333334,3.0,53.4,53.4,45.2,45.2,50.0,60.0,85.0,40.179488582936905,14.366699519953656,14.041986406600586,11.77080265638266,79.20420561613986,1.163152220494985,53.4,53.4,53.4,45.20481203764921,44.085058285693755,41.85530667619643,43.83222280082961,0.43162659999999997,0.4454713523959603,28.570353487437337,28.73539736825356,18.157043357819557,28.449583246882344,22.945337447378506,23.09418867770775,23.013900584964954,22.90033954021987,17.639099698743994,22.740352576644202,22.66966733388241,22.564775868787148,0.9166666666666666,0.0,0.4166666666666667,0.25,0.08333333333333333,18.157043357819557,22.90033954021987,28.449583246882344,12.389762850735407,20.22505874713728,31.51866621422177,0.0,0.0,1.11502645631746e-16,7.839919752468717e-16,2.7133546145263143e-14,converged
2025-01-16T06:50:00+08:00,22.833333333333332,-8.0,13.75,3.0,53.4,53.4,45.2,45.2,50.0,60.0,85.0,40.179488582936905,14.366699519953656,14.041986406600586,11.77080265638266,79.20420561613986,1.163152220494985,53.4,53.4,53.4,45.2044823799651,44.08450041370419,41.85423277190067,43.83159535532913,0.431452775,0.4455005659729324,28.56988033309151,28.73462553947466,18.153832044908196,28.44945688641239,22.94349794319228,23.092082489930917,23.01207321690825,22.898842589285856,17.635023094605515,22.737400461106944,22.66699584337587,22.562437475640557,0.9166666666666666,0.0,0.4166666666666667,0.25,0.08333333333333333,18.153832044908196,22.898842589285856,28.44945688641239,12.389762850735407,20.22505874713728,31.51866621422177,0.0,1.1759108477833802e-15,1.11502645631746e-16,3.9197028259446006e-16,2.580755389801675e-14,converged
2025-01-16T06:55:00+08:00,22.916666666666668,-8.0,14.16666666666666,3.0,53.4,53.4,45.2,45.2,50.0,60.0,85.0,40.179488582936905,14.366699519953656,14.041986406600586,11.77080265638266,79.20420561613986,1.163152220494985,53.4,53.4,53.4,45.20416032374578,44.0839510311974,41.85317072267097,43.83097706775519,0.43127895,0.4455293531610114,28.56942961088304,28.733882510040036,18.150656241217433,28.449346353514603,22.941686794402102,23.090010773315733,23.01027382440514,22.897366365524817,17.63098710854359,22.734485900026034,22.66435527027099,22.56012262385162,0.9166666666666666,0.0,0.4166666666666667,0.25,0.08333333333333333,18.150656241217433,22.897366365524817,28.449346353514603,12.389762850735407,20.22505874713728,31.51866621422177,0.0,1.0451865494470625e-15,1.11502645631746e-16,2.6129663736176563e-16,3.200564008208911e-14,converged
2025-01-16T07:00:00+08:00,23.0,-8.0,14.58333333333334,3.0,53.4,53.4,45.2,45.2,50.0,60.0,85.0,40.179488582936905,14.366699519953656,14.041986406600586,11.77080265638266,79.20420561613986,1.163152220494985,53.4,53.4,53.4,45.203845841232415,44.0834101056233,41.85212048146944,43.830367903026605,0.431105125,0.44555771559356244,28.569001243305692,28.733168185672408,18.147515788551573,28.449251601303246,22.939903884396877,23.087973393546722,23.008502303890204,22.895910795852267,17.626991542923477,22.731608749791633,22.661745502239025,22.557831231955966,0.9166666666666666,0.0,0.4166666666666667,0.25,0.08333333333333333,18.147515788551573,22.895910795852267,28.449251601303246,12.389762850735407,20.22505874713728,31.51866621422177,0.0,9.1448001489879e-16,1.11502645631746e-16,1.3064000212839858e-16,2.828732657074521e-14,converged
2025-01-16T07:05:00+08:00,23.083333333333332,-8.0,15.0,3.0,53.4,53.4,45.2,45.2,50.0,60.0,85.0,40.179488582936905,14.366699519953656,14.041986406600586,11.77080265638266,79.20420561613986,1.163152220494985,53.4,53.4,53.4,45.20353890476999,44.08287760455697,41.85108200144828,43.82976782619875,0.43093129999999996,0.44558565489759117,28.568595153121016,28.732482472403124,18.144410529419687,28.449172583031455,22.93814909704507,23.08597021683176,23.006758552181417,22.894475807441417,17.623036201072075,22.72876886734307,22.659166427359356,22.55556321877113,0.9166666666666666,0.0,0.4166666666666667,0.25,0.08333333333333333,18.144410529419687,22.894475807441417,28.449172583031455,12.389762850735407,20.22505874713728,31.51866621422177,0.0,6.531590534130331e-16,1.11502645631746e-16,1.3063181068260658e-16,3.1297151944392095e-14,converged
2025-01-16T07:10:00+08:00,23.166666666666668,-8.0,15.41666666666666,3.0,53.4,53.4,45.2,45.2,50.0,60.0,85.0,40.179488582936905,14.366699519953656,14.041986406600586,11.77080265638266,79.20420561613986,1.163152220494985,53.4,53.4,53.4,45.20323948680707,44.08235349569822,41.85005523594902,43.82917680246306,0.430757475,0.44561317269376843,28.568211263357444,28.73182527657114,18.14134030703248,28.449109252090857,22.93642231669273,23.08400110990005,23.005042466478734,22.89306132772227,17.619120887273223,22.725966110166752,22.65661793411798,22.553318503395573,0.9166666666666666,0.0,0.4166666666666667,0.25,0.08333333333333333,18.14134030703248,22.89306132772227,28.449109252090857,12.389762850735407,20.22505874713728,31.51866621422177,0.0,1.0449899505725521e-15,1.11502645631746e-16,2.6124748764313804e-16,3.62457614290492e-14,converged
2025-01-16T07:15:00+08:00,23.25,-8.0,15.83333333333334,3.0,53.4,53.4,45.2,45.2,50.0,60.0,85.0,40.179488582936905,14.366699519953656,14.041986406600586,11.77080265638266,79.20420561613986,1.163152220494985,53.4,53.4,53.4,45.20294755989528,44.08183774687109,41.84904013850168,43.828594797146465,0.43058365000000004,0.4456402705964562,28.567849497309346,28.731196504822027,18.13830496529916,28.44906156201113,22.934723428161544,23.082065940000067,23.003353944362672,22.891667284380706,17.61524540676305,22.723200336294056,22.65409991140605,22.551097005207723,0.9166666666666666,0.0,0.4166666666666667,0.25,0.08333333333333333,18.13830496529916,22.891667284380706,28.44906156201113,12.389762850735407,20.22505874713728,31.51866621422177,0.0,2.6123160205230464e-16,1.11502645631746e-16,5.22463204104609e-16,3.509519476646451e-14,converged
2025-01-16T07:20:00+08:00,23.333333333333332,-8.0,16.25,3.0,53.4,53.4,45.2,45.2,50.0,60.0,85.0,40.179488582936905,14.366699519953656,14.041986406600586,11.77080265638266,79.20420561613986,1.163152220494985,53.4,53.4,53.4,45.20266309668898,44.08133032602332,41.84803666282406,43.8280217757109,0.430409825,0.4456669502137318,28.567509778536124,28.730596064106955,18.13530434882433,28.44902946645963,22.933052316746853,23.08016457489755,23.00169288379291,22.890293605357595,17.611409565725356,22.72047140429926,22.651612248518404,22.548898643864987,0.9166666666666666,0.0,0.4166666666666667,0.25,0.08333333333333333,18.13530434882433,22.890293605357595,28.44902946645963,12.389762850735407,20.22505874713728,31.51866621422177,0.0,0.0,1.11502645631746e-16,7.836478906800554e-16,3.23737777356166e-14,converged
2025-01-16T07:25:00+08:00,23.416666666666668,-8.0,16.66666666666666,3.0,53.4,53.4,45.2,45.2,50.0,60.0,85.0,40.179488582936905,14.366699519953656,14.041986406600586,11.77080265638266,79.20420561613986,1.163152220494985,53.4,53.4,53.4,45.20238606994486,44.08083120122596,41.847044762820914,43.82745770375273,0.430236,0.44569321314741295,28.567192030861296,28.730023861681698,18.132338302904895,28.449012919240946,22.931408868215726,23.078296882873488,23.000059183106874,22.88894021884788,17.60761317128698,22.717779173297455,22.649154835152085,22.5467233393028,0.9166666666666666,0.0,0.4166666666666667,0.25,0.08333333333333333,18.132338302904895,22.88894021884788,28.449012919240946,12.389762850735407,20.22505874713728,31.51866621422177,0.0,3.918008567086834e-16,1.11502645631746e-16,3.9180085670868324e-16,3.144433896806992e-14,converged
2025-01-16T07:30:00+08:00,23.5,-8.0,17.08333333333334,3.0,53.4,53.4,45.2,45.2,50.0,60.0,85.0,40.179488582936905,14.366699519953656,14.041986406600586,11.77080265638266,79.20420561613986,1.163152220494985,53.4,53.4,53.4,45.202116452521494,44.08034034067283,41.84606439258323,43.826902547002206,0.430062175,0.44571906099308267,28.566896178371575,28.72947980510564,18.129406673526958,28.44901187429652,22.929792968805014,23.076462732722103,22.99845274101835,22.887607053299693,17.603856031513228,22.71512350294248,22.646727561404887,22.544571011733662,0.9166666666666666,0.0,0.3333333333333333,0.25,0.08333333333333333,18.129406673526958,22.887607053299693,28.44901187429652,12.389762850735407,20.22505874713728,31.51866621422177,0.0,2.6118542376795846e-16,1.11502645631746e-16,5.223708475359166e-16,2.7170471231526618e-14,converged
2025-01-16T07:35:00+08:00,23.583333333333332,-8.0,17.5,3.0,53.4,53.4,45.2,45.2,50.0,60.0,85.0,40.179488582936905,14.366699519953656,14.041986406600586,11.77080265638266,79.20420561613986,1.163152220494985,53.4,53.4,53.4,45.201854217379044,44.07985771268008,41.8450955063874,43.82635627132299,0.42988835,0.44574449534011407,28.566622145415973,28.728963802240777,18.126509307362777,28.44902628570423,22.928204505219412,23.074661993748858,22.996873456616086,22.886294037413464,17.600137955403294,22.712504253424868,22.644330317773907,22.542441581646173,0.9166666666666666,0.0,0.3333333333333333,0.25,0.08333333333333333,18.126509307362777,22.886294037413464,28.44902628570423,12.389762850735407,20.22505874713728,31.51866621422177,0.0,9.14096821506174e-16,1.11502645631746e-16,2.611705204303354e-16,2.874167479738547e-14,converged
2025-01-16T07:40:00+08:00,23.666666666666668,-8.0,17.91666666666666,3.0,53.4,53.4,45.2,45.2,50.0,60.0,85.0,40.179488582936905,14.366699519953656,14.041986406600586,11.77080265638266,79.20420561613986,1.163152220494985,53.4,53.4,53.4,45.20159933757879,44.07938328568569,41.84413805869454,43.82581884271157,0.429714525,0.4457695177716947,28.56636985660488,28.728475761250728,18.123646051767686,28.44905610767799,22.926643364629545,23.07289453576846,22.995321229362396,22.88500110014102,17.596458752885724,22.70992128546979,22.64196299515408,22.54033496980408,0.9166666666666666,0.0,0.3333333333333333,0.25,0.08333333333333333,18.123646051767686,22.88500110014102,28.44905610767799,12.389762850735407,20.22505874713728,31.51866621422177,0.0,5.223117202309831e-16,1.11502645631746e-16,2.6115586011549145e-16,2.9761648188807405e-14,converged
2025-01-16T07:45:00+08:00,23.75,-8.0,18.33333333333334,3.0,53.4,53.4,45.2,45.2,50.0,60.0,85.0,40.179488582936905,14.366699519953656,14.041986406600586,11.77080265638266,79.20420561613986,1.163152220494985,53.4,53.4,53.4,45.20135178628278,44.07891702824902,41.84319200414962,43.825290227296776,0.4295407,0.44579412986485106,28.56613923680917,28.728015590599743,18.12081675477706,28.449101294567342,22.92510943467005,23.071160229102876,22.99379595909179,22.883728170684716,17.592818234813887,22.707374460335007,22.639625484836742,22.538251097245322,0.9166666666666666,0.0,0.3333333333333333,0.25,0.08333333333333333,18.12081675477706,22.883728170684716,28.449101294567342,12.389762850735407,20.22505874713728,31.51866621422177,0.0,5.222828836361206e-16,1.11502645631746e-16,2.611414418180602e-16,2.911733047360169e-14,converged
2025-01-16T07:50:00+08:00,23.833333333333332,-8.0,18.75,3.0,53.4,53.4,45.2,45.2,50.0,60.0,85.0,40.179488582936905,14.366699519953656,14.041986406600586,11.77080265638266,79.20420561613986,1.163152220494985,53.4,53.4,53.4,45.20111153675342,44.07845890905036,41.84225729758084,43.824770391339236,0.429366875,0.4458183331904732,28.5659302111593,28.727583199051725,18.11802126510329,28.44916180085706,22.92360260343765,23.069458944579363,22.992297546009592,22.882475178496527,17.58921621296149,22.70486363980884,22.63731767850819,22.536189885281093,0.9166666666666666,0.0,0.3333333333333333,0.25,0.08333333333333333,18.11802126510329,22.882475178496527,28.44916180085706,12.389762850735407,20.22505874713728,31.51866621422177,0.0,9.139454258831247e-16,1.11502645631746e-16,2.6112726453803567e-16,3.1366435720505295e-14,converged
2025-01-16T07:55:00+08:00,23.916666666666668,-8.0,19.16666666666666,3.0,53.4,53.4,45.2,45.2,50.0,60.0,85.0,40.179488582936905,14.366699519953656,14.041986406600586,11.77080265638266,79.20420561613986,1.163152220494985,53.4,53.4,53.4,45.20087856235315,44.07800889689041,41.84133389399871,43.824259301230846,0.42919304999999996,0.4458421293133386,28.565742705044414,28.727178495669246,18.11525943213276,28.449237581166745,22.92212275948929,23.067790553528493,22.99082589069056,22.88124205327719,17.585652500018078,22.702388686208128,22.63503946824824,22.534151255494884,0.9166666666666666,0.0,0.3333333333333333,0.25,0.08333333333333333,18.11525943213276,22.88124205327719,28.449237581166745,12.389762850735407,20.22505874713728,31.51866621422177,0.0,9.138966454825824e-16,1.11502645631746e-16,1.305566636403689e-16,3.098895513289796e-14,converged
2025-01-16T08:00:00+08:00,24.0,-8.0,19.58333333333334,3.0,53.4,53.4,45.2,45.2,50.0,60.0,85.0,40.179488582936905,14.366699519953656,14.041986406600586,11.77080265638266,79.20420561613986,1.163152220494985,53.4,53.4,53.4,45.20065283654394,44.077566960689865,41.84042174859548,43.82375692349427,0.429019225,0.44586551979213673,28.565576644111438,28.72680138981257,18.112531105922844,28.449328590250435,22.920669791840204,23.06615492778219,22.989380894077524,22.880028724975322,17.5821269095846,22.699949462376228,22.632790746528812,22.532135129741544,0.9166666666666666,0.0,0.3333333333333333,0.25,0.08333333333333333,18.112531105922844,22.880028724975322,28.449328590250435,12.389762850735407,20.22505874713728,31.51866621422177,0.0,2.610996290567789e-16,1.11502645631746e-16,3.916494435851682e-16,2.6063185539407606e-14,converged
