timestamp,elapsed_hours,outdoor_temperature_c,solar_radiation_w_m2,wind_m_s,raw_supply_target_c,applied_supply_setpoint_c,raw_pump_target_hz,applied_pump_frequency_hz,near_valve_pct,mid_valve_pct,far_valve_pct,total_flow_m3_h,near_flow_m3_h,mid_flow_m3_h,far_flow_m3_h,pump_pressure_kpa,pump_power_kw,delivered_supply_near_c,delivered_supply_mid_c,delivered_supply_far_c,return_near_c,return_mid_c,return_far_c,station_return_c,required_heat_load_mw,actual_heat_supply_mw,B01_indoor_c,B02_indoor_c,B03_indoor_c,B04_indoor_c,B05_indoor_c,B06_indoor_c,B07_indoor_c,B08_indoor_c,B09_indoor_c,B10_indoor_c,B11_indoor_c,B12_indoor_c,compliance_rate,comfort_rate,overheating_rate,severe_overheating_rate,underheating_rate,P10_c,P50_c,P90_c,near_transport_delay_min,mid_transport_delay_min,far_transport_delay_min,hydraulic_residual,heat_balance_residual,mass_residual,pipe_heat_balance_residual,building_heat_balance_residual,solver_status
2025-01-15T08:05:00+08:00,0.08333333333333333,-8.0,20.0,3.0,53.4,53.4,45.2,45.2,50.0,60.0,85.0,41.46146579980509,13.837928053712723,13.525166121548965,14.098371624543406,76.04269542092851,1.152354391637362,53.4,53.4,53.4,44.89450262568257,43.757169220475944,43.501024318213894,44.04966037047691,0.42884540000000004,0.4492378705624049,28.409350423461255,28.550247733902932,18.055623750326493,28.237255541797936,22.838489100070767,22.98053872239223,22.901134323907005,22.789285919137786,17.936326745611712,22.99394756247368,22.914697717721822,22.803010516359784,0.9166666666666666,0.0,0.25,0.25,0.08333333333333333,18.055623750326493,22.901134323907005,28.237255541797936,12.863197388299943,20.997893663392208,26.315095805400528,1.1371351798565668e-16,6.478489985783781e-16,0.0,1.295697997156756e-16,3.0401243334994736e-14,converged
2025-01-15T08:10:00+08:00,0.16666666666666666,-7.916666666666667,22.5,2.995833333333333,53.4,53.4,45.2,45.2,50.0,60.0,85.0,41.46146579980509,13.837928053712723,13.525166121548965,14.098371624543406,76.04269542092851,1.152354391637362,53.4,53.4,53.4,44.89438019812999,43.75676134598729,43.50053500576786,44.049320073231925,0.4264348666666667,0.4492542201727671,28.40968155831993,28.550456584385195,18.053135124579008,28.237919005330557,22.83731645386596,22.979230467751393,22.89998228100765,22.788325108756382,17.933836055243916,22.992654765418592,22.91355995765828,22.802062967542085,0.9166666666666666,0.0,0.25,0.25,0.08333333333333333,18.053135124579008,22.89998228100765,28.237919005330557,12.863197388299943,20.997893663392208,26.315095805400528,1.1371351798565668e-16,1.2956508431035512e-16,0.0,9.069555901724857e-16,3.159900714953965e-14,converged
2025-01-15T08:15:00+08:00,0.25,-7.833333333333333,25.0,2.9916666666666667,53.4,53.4,45.2,45.2,50.0,60.0,85.0,41.46146579980509,13.837928053712723,13.525166121548965,14.098371624543406,76.04269542092851,1.152354391637362,53.4,53.4,53.4,44.894341100290646,43.756447053668,43.50014352402848,44.04907138101219,0.42402433333333334,0.44926616861182334,28.410261122632914,28.55094061856601,18.051009273983727,28.238780215322688,22.836453544014184,22.97825560298173,22.89912395432153,22.787614859325263,17.931731722710268,22.991695300692054,22.912715863187376,22.801365934711313,0.9166666666666666,0.0,0.25,0.25,0.08333333333333333,18.051009273983727,22.89912395432153,28.238780215322688,12.863197388299943,20.997893663392208,26.315095805400528,1.1371351798565668e-16,0.0,0.0,7.773698308063817e-16,2.7681692424324504e-14,converged
2025-01-15T08:20:00+08:00,0.3333333333333333,-7.75,27.5,2.9875,53.4,53.4,45.2,45.2,50.0,60.0,85.0,41.46146579980509,13.837928053712723,13.525166121548965,14.098371624543406,76.04269542092851,1.152354391637362,53.4,53.4,53.4,44.89438503064498,43.756225986572005,43.499849479666636,44.048913942998944,0.4216138,0.4492737327346915,28.41108826115234,28.551698938872104,18.049244586440707,28.239838588117248,22.835899100667522,22.977612833059414,22.89855825987404,22.78715429009273,17.930011842617866,22.991067872754765,22.91216434990269,22.800918536771135,0.9166666666666666,0.0,0.25,0.25,0.08333333333333333,18.049244586440707,22.89855825987404,28.239838588117248,12.863197388299943,20.997893663392208,26.315095805400528,1.1371351798565668e-16,1.2955945712464039e-16,0.0,7.773567427478423e-16,3.123188307823516e-14,converged
2025-01-15T08:25:00+08:00,0.4166666666666667,-7.666666666666667,30.0,2.9833333333333334,53.4,53.4,45.2,45.2,50.0,60.0,85.0,41.46146579980509,13.837928053712723,13.525166121548965,14.098371624543406,76.04269542092851,1.152354391637362,53.4,53.4,53.4,44.89451168879243,43.75609778911921,43.49965248096388,44.048847409740134,0.4192032666666667,0.44927692933082536,28.41216212157464,28.552730650657843,18.047839457013854,28.24109354177984,22.835651859184143,22.97730086799104,22.898284117691023,22.786942523403038,17.928674518970592,22.99077119110271,22.911904337402145,22.800719895724153,0.9166666666666666,0.0,0.25,0.25,0.08333333333333333,18.047839457013854,22.898284117691023,28.24109354177984,12.863197388299943,20.997893663392208,26.315095805400528,1.1371351798565668e-16,1.2955853531176128e-16,0.0,9.069097471823289e-16,2.9419850793625654e-14,converged
2025-01-15T08:30:00+08:00,0.5,-7.583333333333333,32.5,2.9791666666666665,53.4,53.4,45.2,45.2,50.0,60.0,85.0,41.46146579980509,13.837928053712723,13.525166121548965,14.098371624543406,76.04269542092851,1.152354391637362,53.4,53.4,53.4,44.89472077544707,43.756062107090244,43.49955213780565,44.04887143314502,0.41679273333333333,0.44927577512427463,28.413481854530392,28.554034862195675,18.046792287899084,28.242544496093675,22.835710560106953,22.97731842279406,22.898300451784035,22.786978684685504,17.92771786512278,22.990803970247583,22.911934749273218,22.80076913666099,0.9166666666666666,0.0,0.25,0.25,0.08333333333333333,18.046792287899084,22.898300451784035,28.242544496093675,12.863197388299943,20.997893663392208,26.315095805400528,1.1371351798565668e-16,6.477943407628258e-16,0.0,1.2955886815256515e-15,2.474371210511045e-14,converged
2025-01-15T08:35:00+08:00,0.5833333333333334,-7.5,35.0,2.975,53.0,53.0,45.0,45.0,50.0,60.0,85.0,41.27800798653162,13.77669828356355,13.4653202537545,14.035989449213567,75.37124002828149,1.137125236784428,53.4,53.4,53.4,44.863826603701966,43.72090215858297,43.46334495212114,44.014779106637356,0.41438220000000003,0.4489185503223949,28.415008947587108,28.5555751986225,18.046053546557214,28.24415835859959,22.83602716819634,22.977620099244422,22.89856416484092,22.787221728729392,17.927086011573266,22.991121057737182,22.91221272252603,22.80102543857142,0.9166666666666666,0.0,0.25,0.25,0.08333333333333333,18.046053546557214,22.89856416484092,28.24415835859959,12.920367154470167,21.091217635229505,26.432051786757867,1.7208982650771557e-16,6.483098200293243e-16,0.0,3.727781465168615e-16,2.7187146923257448e-14,converged
2025-01-15T08:40:00+08:00,0.6666666666666666,-7.416666666666667,37.5,2.970833333333333,53.0,53.0,45.0,45.0,50.0,60.0,85.0,41.27800798653162,13.77669828356355,13.4653202537545,14.035989449213567,75.37124002828149,1.137125236784428,53.4,53.4,53.4,44.86418913541636,43.72103730270946,43.463423152668135,44.01497077942947,0.4119716666666667,0.4489093821341393,28.41678035535663,28.557386378201898,18.045669803471842,28.245967164633992,22.836647407755432,22.978248912604325,22.89911636975407,22.787711102512105,17.92683134799679,22.991765221224107,22.91277913413235,22.80152802286947,0.9166666666666666,0.0,0.25,0.25,0.08333333333333333,18.045669803471842,22.89911636975407,28.245967164633992,12.920367154470167,21.091217635229505,26.432051786757867,1.7208982650771557e-16,6.483230606224474e-16,0.0,5.024503719823967e-16,2.5706515076184492e-14,converged
2025-01-15T08:45:00+08:00,0.75,-7.333333333333333,40.0,2.966666666666667,53.0,53.0,45.0,45.0,50.0,60.0,85.0,41.27800798653162,13.77669828356355,13.4653202537545,14.035989449213567,75.37124002828149,1.137125236784428,53.23362937235761,53.4,53.4,44.750107281985606,43.72126429402963,43.463597253111345,43.9770287573229,0.4095611333333333,0.4480682556950114,28.41847153763457,28.559160843662305,18.045348212925237,28.24769285394984,22.83757003442872,22.979203592612517,22.899956002226375,22.788445940477857,17.926952014786096,22.992735189956072,22.913632919382803,22.80227602366989,0.9166666666666666,0.0,0.25,0.25,0.08333333333333333,18.045348212925237,22.899956002226375,28.24769285394984,12.920367154470167,21.091217635229505,26.432051786757867,1.7208982650771557e-16,1.299080222123298e-15,0.0,4.059625694135306e-16,4.86119996756894e-14,converged
2025-01-15T08:50:00+08:00,0.8333333333333334,-7.25,42.5,2.9625,53.0,53.0,45.0,45.0,50.0,60.0,85.0,41.27800798653162,13.77669828356355,13.4653202537545,14.035989449213567,75.37124002828149,1.137125236784428,53.0,53.4,53.4,44.58964824956034,43.72158278237161,43.46386686818901,43.923670494118745,0.4071506,0.44689078879967287,28.419952691051456,28.56077543790949,18.044971656947883,28.249224067907782,22.83879380896035,22.980482873940126,22.901082001887115,22.789425380112256,17.927446161502093,22.994029698117895,22.914773017498163,22.803268578131725,0.9166666666666666,0.0,0.25,0.25,0.08333333333333333,18.044971656947883,22.901082001887115,28.249224067907782,12.920367154470167,21.091217635229505,26.432051786757867,1.7208982650771557e-16,2.605006071832914e-16,0.0,4.0296187673665387e-16,3.277143381034177e-14,converged
2025-01-15T08:55:00+08:00,0.9166666666666666,-7.166666666666667,45.0,2.9583333333333335,53.0,53.0,45.0,45.0,50.0,60.0,85.0,41.27800798653162,13.77669828356355,13.4653202537545,14.035989449213567,75.37124002828149,1.137125236784428,53.0,53.08729741081836,53.4,44.5900313438086,43.508360947295614,43.46423161421569,43.85436717526503,0.40474006666666673,0.44532649615633785,28.42167831726467,28.562660633206626,18.044948490238035,28.25095046922825,22.839711827814973,22.98151165569456,22.901948122392326,22.790129297765088,17.92831194682865,22.995647484812334,22.91619837161485,22.804504826447612,0.9166666666666666,0.0,0.25,0.25,0.08333333333333333,18.044948490238035,22.901948122392326,28.25095046922825,12.920367154470167,21.091217635229505,26.432051786757867,1.7208982650771557e-16,1.307078321543051e-15,0.0,6.596660904037586e-16,3.4806200193458256e-14,converged
2025-01-15T09:00:00+08:00,1.0,-7.083333333333333,47.5,2.9541666666666666,53.0,53.0,45.0,45.0,50.0,60.0,85.0,41.27800798653162,13.77669828356355,13.4653202537545,14.035989449213567,75.37124002828149,1.137125236784428,53.0,53.0,53.11456414294063,44.590496218443185,43.44901949897749,43.26918774770558,43.768842679461684,0.4023295333333333,0.4434126619214867,28.423647575015522,28.564815547313636,18.04527714288289,28.252871482059344,22.84076227515217,22.982704862951543,22.90294859236384,22.79093321733006,17.928994097497696,22.997062785202406,22.917409610784578,22.805509293467704,0.9166666666666666,0.0,0.25,0.25,0.08333333333333333,18.04527714288289,22.90294859236384,28.252871482059344,12.920367154470167,21.091217635229505,26.432051786757867,1.7208982650771557e-16,2.6254397274642555e-16,0.0,2.5521120163260937e-15,3.4669515033807055e-14,converged
2025-01-15T09:05:00+08:00,1.0833333333333333,-7.0,50.0,2.95,52.6,52.6,44.8,44.8,50.0,60.0,85.0,41.094550173258135,13.715468513414379,13.405474385960034,13.973607273883728,74.70276226487015,1.1220308523299272,53.0,53.0,53.0,44.56009903355357,43.41438428607758,43.155084486914596,43.708599965131995,0.399919,0.4424556161027771,28.42582228799392,28.5672041282333,18.045908279382193,28.254954297903705,22.842066824983466,22.984177875129074,22.904193044511356,22.791941542441446,17.92977157751647,22.998547160309478,22.918664648048033,22.806527523079062,0.9166666666666666,0.0,0.25,0.25,0.08333333333333333,18.045908279382193,22.904193044511356,28.254954297903705,12.978047364981194,21.185374856815358,26.550052017948754,5.787659084657407e-17,1.3155593192865354e-16,0.0,8.633358032817888e-16,3.067127289546757e-14,converged
2025-01-15T09:10:00+08:00,1.1666666666666667,-6.916666666666667,52.5,2.9458333333333333,52.6,52.6,44.8,44.8,50.0,60.0,85.0,41.094550173258135,13.715468513414379,13.405474385960034,13.973607273883728,74.70276226487015,1.1220308523299272,53.0,53.0,53.0,44.56071704869241,43.41482795517817,43.15549601946133,43.709090895341596,0.39750846666666667,0.4424322380512954,28.428239090639554,28.569860790407194,18.04688832963077,28.257230676585316,22.843670959702962,22.985973478349127,22.905722372322522,22.79319350973464,17.930919300744137,23.000354078673194,22.920204518969953,22.807789357775434,0.9166666666666666,0.0,0.3333333333333333,0.25,0.08333333333333333,18.04688832963077,22.905722372322522,28.257230676585316,12.978047364981194,21.185374856815358,26.550052017948754,5.787659084657407e-17,1.315628833238839e-16,0.0,2.729929828970591e-15,2.5665663099676054e-14,converged
2025-01-15T09:15:00+08:00,1.25,-6.833333333333333,55.0,2.9416666666666664,52.6,52.6,44.8,44.8,50.0,60.0,85.0,41.094550173258135,13.715468513414379,13.405474385960034,13.973607273883728,74.70276226487015,1.1220308523299272,52.83824378919849,53.0,53.0,44.45025250402967,43.41536263313275,43.15600245629811,43.67256954112913,0.3950979333333333,0.44160053633852403,28.43058266848585,28.57248671917066,18.04793276799441,28.25943046466621,22.845573452000195,22.988090420472457,22.907535525235847,22.794688263419086,17.93243544238866,23.002482287619895,22.922028172539694,22.809293941404455,0.9166666666666666,0.0,0.3333333333333333,0.25,0.08333333333333333,18.04793276799441,22.907535525235847,28.25943046466621,12.978047364981194,21.185374856815358,26.550052017948754,5.787659084657407e-17,7.90863997531647e-16,0.0,9.391509970688308e-16,5.695296395569605e-14,converged
2025-01-15T09:20:00+08:00,1.3333333333333333,-6.75,57.5,2.9375,52.6,52.6,44.8,44.8,50.0,60.0,85.0,41.094550173258135,13.715468513414379,13.405474385960034,13.973607273883728,74.70276226487015,1.1220308523299272,52.6,53.0,53.0,44.287145977779126,43.41598797311469,43.156603416441506,43.61854043372634,0.3926874,0.44038690970726474,28.43270536567544,28.574941846720492,18.048908427710764,28.26142699979315,22.84777307959263,22.990527454220004,22.90963145656409,22.796424950710186,17.934318186651726,23.004930539340975,22.924134561624744,22.81104042082272,0.9166666666666666,0.0,0.3333333333333333,0.25,0.08333333333333333,18.048908427710764,22.90963145656409,28.26142699979315,12.978047364981194,21.185374856815358,26.550052017948754,5.787659084657407e-17,1.3217391259917187e-16,0.0,2.023913036674819e-15,2.5870306209344306e-14,converged
2025-01-15T09:25:00+08:00,1.4166666666666667,-6.666666666666667,60.0,2.933333333333333,52.6,52.6,44.8,44.8,50.0,60.0,85.0,41.094550173258135,13.715468513414379,13.405474385960034,13.973607273883728,74.70276226487015,1.1220308523299272,52.6,52.69482998854523,53.0,44.28778198090438,43.20857418812114,43.157298520465744,43.55132850467753,0.3902768666666667,0.4388469896122078,28.435070331445612,28.577664838658347,18.05023147112036,28.263617352194974,22.849677993374605,22.992723745114077,22.91147747162641,22.797896352753348,17.936565726684428,23.007697590874002,22.92652264295642,22.813027945885207,0.9166666666666666,0.0,0.3333333333333333,0.25,0.08333333333333333,18.05023147112036,22.91147747162641,28.263617352194974,12.978047364981194,21.185374856815358,26.550052017948754,5.787659084657407e-17,2.6527542533630356e-16,0.0,2.58436293276852e-15,2.879289722089775e-14,converged
2025-01-15T09:30:00+08:00,1.5,-6.583333333333333,62.5,2.9291666666666667,52.6,52.6,44.8,44.8,50.0,60.0,85.0,41.094550173258135,13.715468513414379,13.405474385960034,13.973607273883728,74.70276226487015,1.1220308523299272,52.6,52.6,52.72400416143589,44.28849913292263,43.14450400239331,42.96937070802022,43.466765354818115,0.3878663333333333,0.43693172730471685,28.437676732490086,28.580654822051446,18.05190035546355,28.266000950313977,22.851696873171797,22.995066267197195,22.913441240832785,22.799452695514457,17.938641519305236,23.01027541996327,22.92870989989759,22.814797091865735,0.9166666666666666,0.0,0.3333333333333333,0.25,0.08333333333333333,18.05190035546355,22.913441240832785,28.266000950313977,12.978047364981194,21.185374856815358,26.550052017948754,5.787659084657407e-17,3.996573648189661e-16,0.0,1.3712202555963224e-15,3.2793705986391e-14,converged
2025-01-15T09:35:00+08:00,1.5833333333333333,-6.5,65.0,2.925,52.2,52.2,44.6,44.6,50.0,60.0,85.0,40.911092359984664,13.654238743265207,13.34562851816557,13.911225098553889,74.03726213069454,1.1070706392943126,52.6,52.6,52.6,44.25860542146258,43.110399876619546,42.84949459138542,43.40490094682607,0.3854558,0.43591499643247245,28.44048674071997,28.583876080967762,18.053865956900207,28.268545278643682,22.85396616402061,22.99768439866416,22.915645688145364,22.80121103329031,17.940787902369816,23.012900930762285,22.93092131322028,22.816562030349242,0.9166666666666666,0.0,0.3333333333333333,0.25,0.08333333333333333,18.053865956900207,22.915645688145364,28.268545278643682,13.036244886797252,21.28037653778762,26.669110547177223,1.1679365450009853e-16,4.0058952816378514e-16,0.0,1.2518422755118286e-15,3.146607896972126e-14,converged
2025-01-15T09:40:00+08:00,1.6666666666666667,-6.416666666666667,67.5,2.9208333333333334,52.2,52.2,44.6,44.6,50.0,60.0,85.0,40.911092359984664,13.654238743265207,13.34562851816557,13.911225098553889,74.03726213069454,1.1070706392943126,52.6,52.6,52.6,44.25947544060716,43.111147578497224,42.850234114248885,43.405686691419476,0.38304526666666666,0.4358777463876765,28.443536657944307,28.587362712422795,18.0561745485614,28.271281812299456,22.856531091257864,23.000620680476796,22.91813147414371,22.803210381341163,17.943297785425663,23.015844557026334,22.933414034534675,22.81856795210295,0.9166666666666666,0.0,0.4166666666666667,0.25,0.08333333333333333,18.0561745485614,22.91813147414371,28.271281812299456,13.036244886797252,21.28037653778762,26.669110547177223,1.1679365450009853e-16,6.677062708048486e-16,0.0,2.7960200089953032e-15,2.2261969757039222e-14,converged
2025-01-15T09:45:00+08:00,1.75,-6.333333333333333,70.0,2.9166666666666665,52.2,52.2,44.6,44.6,50.0,60.0,85.0,40.911092359984664,13.654238743265207,13.34562851816557,13.911225098553889,74.03726213069454,1.1070706392943126,52.44289959094379,52.6,52.6,44.15264384249009,43.1119854714519,42.851067571553436,43.37058795797342,0.38063473333333336,0.4350559808572024,28.446520463844546,28.590824709124732,18.05854998594749,28.27394836332008,22.85939044420761,23.00387387820019,22.920897561702972,22.8054498934417,17.946169377476178,23.01910506374342,22.93618702623047,22.8208140105079,0.9166666666666666,0.0,0.4166666666666667,0.25,0.08333333333333333,18.05854998594749,22.920897561702972,28.27394836332008,13.036244886797252,21.28037653778762,26.669110547177223,1.1679365450009853e-16,1.070347973128043e-15,0.0,4.858376346776508e-15,4.659777455803866e-14,converged
2025-01-15T09:50:00+08:00,1.8333333333333333,-6.25,72.5,2.9125,52.2,52.2,44.6,44.6,50.0,60.0,85.0,40.911092359984664,13.654238743265207,13.34562851816557,13.911225098553889,74.03726213069454,1.1070706392943126,52.2,52.6,52.6,43.98687065035478,43.11291321192178,42.851994586483556,43.31587835672593,0.3782242,0.4338063667258453,28.44927251735908,28.59410496683891,18.060842933270973,28.27640285204044,22.862543017151797,23.00744276218907,22.923942917521547,22.807928726337842,17.94940089634916,23.022681220696217,22.93923925452462,22.82329936191947,0.9166666666666666,0.0,0.4166666666666667,0.25,0.08333333333333333,18.060842933270973,22.923942917521547,28.27640285204044,13.036244886797252,21.28037653778762,26.669110547177223,1.1679365450009853e-16,8.050733974163156e-16,0.0,3.715078281827373e-15,3.1009791157873684e-14,converged
2025-01-15T09:55:00+08:00,1.9166666666666667,-6.166666666666667,75.0,2.908333333333333,52.2,52.2,44.6,44.6,50.0,60.0,85.0,40.911092359984664,13.654238743265207,13.34562851816557,13.911225098553889,74.03726213069454,1.1070706392943126,52.2,52.30243012302301,52.6,43.987756128695494,42.91133399739347,42.85301478376319,43.25076353251224,0.3758136666666667,0.4322914374572184,28.452264679120347,28.597650404908386,18.06347741749881,28.279049810901732,22.865412127011396,23.01078087003435,22.926748499014554,22.810152661674728,17.952990568653334,23.026571802443428,22.942569689447193,22.826023165656924,0.9166666666666666,0.0,0.4166666666666667,0.25,0.08333333333333333,18.06347741749881,22.926748499014554,28.279049810901732,13.036244886797252,21.28037653778762,26.669110547177223,1.1679365450009853e-16,9.425438282815754e-16,0.0,1.428542989739263e-15,4.794072281329301e-14,converged
2025-01-15T10:00:00+08:00,2.0,-6.083333333333333,77.5,2.904166666666667,52.2,52.2,44.6,44.6,50.0,60.0,85.0,40.911092359984664,13.654238743265207,13.34562851816557,13.911225098553889,74.03726213069454,1.1070706392943126,52.2,52.2,52.33352884377418,43.98872214071551,42.842503138229034,42.67223588601434,43.1671613439468,0.3734031333333333,0.4303751740552174,28.45549612361978,28.60146015953138,18.066451922306843,28.281888672571196,22.868376729289327,23.014247016409993,22.92965522064679,22.812446439333122,17.956420720384997,23.030286661281487,22.9457127940798,22.828542166884517,0.9166666666666666,0.0,0.4166666666666667,0.25,0.08333333333333333,18.066451922306843,22.92965522064679,28.281888672571196,13.036244886797252,21.28037653778762,26.669110547177223,1.1679365450009853e-16,1.0819891931033981e-15,0.0,2.9057326963226027e-16,3.311417486138747e-14,converged
2025-01-15T10:05:00+08:00,2.0833333333333335,-6.0,80.0,2.9,51.8,51.8,44.4,44.4,50.0,60.0,85.0,40.727634546711194,13.593008973116037,13.285782650371106,13.848842923224051,73.37473962575456,1.0922439986980337,52.2,52.2,52.2,43.95933856263809,42.80893663713315,42.5465584021584,43.10366990281479,0.37099259999999995,0.42929884641557414,28.458929383239106,28.605498864196978,18.06971755021411,28.284887223694774,22.87158816196793,23.01798469534996,22.93279940728832,22.814939867015987,17.959896803910823,23.034027798976325,22.948860382336104,22.831038939956873,0.9166666666666666,0.0,0.4166666666666667,0.25,0.08333333333333333,18.06971755021411,22.93279940728832,28.284887223694774,13.094966710611654,21.376234089759635,26.78924167576811,2.3569643878887266e-16,0.0,0.0,2.6185382531942387e-15,2.1164236938133188e-14,converged
2025-01-15T10:10:00+08:00,2.1666666666666665,-5.916666666666666,82.5,2.895833333333333,51.8,51.8,44.4,44.4,50.0,60.0,85.0,40.727634546711194,13.593008973116037,13.285782650371106,13.848842923224051,73.37473962575456,1.0922439986980337,52.2,52.2,52.2,43.96045719925275,42.809983994745465,42.54762071713816,43.10474613611222,0.36858206666666665,0.42924805387527193,28.46260041455466,28.609800284741507,18.073320401376233,28.28807664535323,22.87509137808203,23.022036186533004,22.93622147299873,22.817671727466813,17.96372984157144,23.03808272672266,22.952285830095935,22.833774128725434,0.9166666666666666,0.0,0.4166666666666667,0.25,0.08333333333333333,18.073320401376233,22.93622147299873,28.28807664535323,13.094966710611654,21.376234089759635,26.78924167576811,2.3569643878887266e-16,4.068113557275277e-16,0.0,6.780189262125462e-16,2.120665723944624e-14,converged
2025-01-15T10:15:00+08:00,2.25,-5.833333333333334,85.0,2.8916666666666666,51.8,51.8,44.4,44.4,50.0,60.0,85.0,40.727634546711194,13.593008973116037,13.285782650371106,13.848842923224051,73.37473962575456,1.0922439986980337,52.04759733684894,52.2,52.2,43.85727441378147,42.8111207457957,42.54877602187847,43.071072138523405,0.3661715333333334,0.4284367295726507,28.466212560567325,28.614083286733162,18.07699277418332,28.291202774379638,22.878885183190366,23.026400272821196,22.93992039379791,22.820641183830094,17.967918075177124,23.042450226763528,22.955988112858023,22.836746895909723,0.9166666666666666,0.0,0.4166666666666667,0.25,0.08333333333333333,18.07699277418332,22.93992039379791,28.291202774379638,13.094966710611654,21.376234089759635,26.78924167576811,2.3569643878887266e-16,4.0758172837931514e-16,0.0,4.2456430039511995e-15,2.6858953386432685e-14,converged
2025-01-15T10:20:00+08:00,2.3333333333333335,-5.75,87.5,2.8874999999999997,51.8,51.8,44.4,44.4,50.0,60.0,85.0,40.727634546711194,13.593008973116037,13.285782650371106,13.848842923224051,73.37473962575456,1.0922439986980337,51.8,52.2,52.2,43.688815376677,42.81234654990825,42.55002394362394,43.0156724771183,0.363761,0.42715129008991265,28.46958206083775,28.618173602404184,18.080569042290847,28.29410799895054,22.882968387741244,23.031075741797334,22.943895149479093,22.823847402187532,17.972459755198177,23.047129086067834,22.95996620989855,22.839956407169666,0.9166666666666666,0.0,0.4166666666666667,0.25,0.08333333333333333,18.080569042290847,22.943895149479093,28.29410799895054,13.094966710611654,21.376234089759635,26.78924167576811,2.3569643878887266e-16,0.0,0.0,1.6054241694843997e-15,2.6288519682655646e-14,converged
2025-01-15T10:25:00+08:00,2.4166666666666665,-5.666666666666666,90.0,2.8833333333333333,51.8,51.8,44.4,44.4,50.0,60.0,85.0,40.727634546711194,13.593008973116037,13.285782650371106,13.848842923224051,73.37473962575456,1.0922439986980337,51.8,51.910098727180774,52.2,43.6899469884054,42.61662875533907,42.551364111140906,42.952660658970565,0.3613504666666666,0.425661964783036,28.473189551915173,28.622526465911157,18.08448115493174,28.297204369026122,22.886779587529336,23.035530609957963,22.947640451106636,22.826809261452127,17.977353140722265,23.05211809631202,22.96421910425723,22.843401831095264,0.9166666666666666,0.0,0.4166666666666667,0.25,0.08333333333333333,18.08448115493174,22.947640451106636,28.297204369026122,13.094966710611654,21.376234089759635,26.78924167576811,2.3569643878887266e-16,1.367462111469988e-16,0.0,5.598048018830263e-16,3.29680437290133e-14,converged
2025-01-15T10:30:00+08:00,2.5,-5.583333333333334,92.5,2.8791666666666664,51.8,51.8,44.4,44.4,50.0,60.0,85.0,40.727634546711194,13.593008973116037,13.285782650371106,13.848842923224051,73.37473962575456,1.0922439986980337,51.8,51.8,51.94313933406145,43.691158534539014,42.54300522199656,42.37776739291762,42.87001919391626,0.35893993333333335,0.4237451200879843,28.477034215937614,28.627141022410804,18.08872762151955,28.300491321430737,22.89066779133055,23.040095321987632,22.951470257295068,22.829825825193673,17.982099567606934,23.056945117795276,22.96829836554341,22.84665620353907,0.9166666666666666,0.0,0.4166666666666667,0.25,0.08333333333333333,18.08872762151955,22.951470257295068,28.300491321430737,13.094966710611654,21.376234089759635,26.78924167576811,2.3569643878887266e-16,1.373647934904394e-16,0.0,1.003406889949694e-15,2.5585790487931623e-14,converged
2025-01-15T10:35:00+08:00,2.5833333333333335,-5.5,95.0,2.875,51.4,51.4,44.2,44.2,50.0,60.0,85.0,40.54417673343772,13.531779202966865,13.22593678257664,13.786460747894214,72.71519475005029,1.0775503315615431,51.8,51.8,51.8,43.662291925046745,42.50998307090381,42.24626000861939,42.80489549248286,0.3565294,0.4226092728501146,28.481078958162307,28.631982268330994,18.09325978571581,28.303936954260354,22.894799353304627,23.04492760607433,22.955534404670956,22.83303975840009,17.986867340387125,23.061777001616505,22.972362403608766,22.849870274210655,0.9166666666666666,0.0,0.4166666666666667,0.25,0.08333333333333333,18.09325978571581,22.955534404670956,28.303936954260354,13.154219953646097,21.47295913088977,26.910459963893757,1.1891713201276387e-16,2.7546797788373053e-16,0.0,2.470603426644708e-15,2.544073891063709e-14,converged
2025-01-15T10:40:00+08:00,2.6666666666666665,-5.416666666666666,97.5,2.870833333333333,51.4,51.4,44.2,44.2,50.0,60.0,85.0,40.54417673343772,13.531779202966865,13.22593678257664,13.786460747894214,72.71519475005029,1.0775503315615431,51.8,51.8,51.8,43.663655883774126,42.5113258202336,42.247640057968034,42.806258003864706,0.35411886666666664,0.4225452591475667,28.48535937718221,28.637083624421464,18.098123558444705,28.30757214510168,22.899218938836658,23.050069464381153,22.959873047047928,22.83648960004355,17.991985712806958,23.066918449943973,22.976700928060136,22.85332024602503,0.9166666666666666,0.0,0.4166666666666667,0.25,0.08333333333333333,18.098123558444705,22.959873047047928,28.30757214510168,13.154219953646097,21.47295913088977,26.910459963893757,1.1891713201276387e-16,5.510194200819504e-16,0.0,5.467145808625601e-15,2.4329879578229817e-14,converged
2025-01-15T10:45:00+08:00,2.75,-5.333333333333334,100.0,2.8666666666666667,51.4,51.4,44.2,44.2,50.0,60.0,85.0,40.54417673343772,13.531779202966865,13.22593678257664,13.786460747894214,72.71519475005029,1.0775503315615431,51.65233759629169,51.8,51.8,43.56413800435207,42.51275718508446,42.2491121769905,42.77401101738542,0.35170833333333335,0.4217448749425616,28.489588249261192,28.642172895329125,18.103059743454835,28.311150815558918,22.903925369330743,23.055519696669915,22.964485173305643,22.840174522447374,17.997452958525297,23.072368261879188,22.981312927220863,22.857005290849706,0.9166666666666666,0.0,0.4166666666666667,0.25,0.08333333333333333,18.103059743454835,22.964485173305643,28.311150815558918,13.154219953646097,21.47295913088977,26.910459963893757,1.1891713201276387e-16,1.3801628513303178e-16,0.0,1.8200897601918565e-15,4.642699578614513e-14,converged
2025-01-15T10:50:00+08:00,2.8333333333333335,-5.25,102.5,2.8625,51.4,51.4,44.2,44.2,50.0,60.0,85.0,40.54417673343772,13.531779202966865,13.22593678257664,13.786460747894214,72.71519475005029,1.0775503315615431,51.4,51.8,51.8,43.39297393431979,42.514276828190056,42.25067599688626,42.71791181051644,0.3492978,0.42042376235021706,28.493563558930283,28.64705852125223,18.107886300993517,28.31449970553716,22.908917471013808,23.061277107355828,22.969369776048293,22.844093700838766,18.003267359701454,23.078125241182317,22.986197393143033,22.860924583459347,1.0,0.0,0.4166666666666667,0.25,0.0,18.107886300993517,22.969369776048293,28.31449970553716,13.154219953646097,21.47295913088977,26.910459963893757,1.1891713201276387e-16,6.922498931563705e-16,0.0,1.7262981710586989e-15,3.163463120668727e-14,converged
2025-01-15T10:55:00+08:00,2.9166666666666665,-5.166666666666666,105.0,2.8583333333333334,51.4,51.4,44.2,44.2,50.0,60.0,85.0,40.54417673343772,13.531779202966865,13.22593678257664,13.786460747894214,72.71519475005029,1.0775503315615431,51.4,51.517836730471174,51.8,43.3943484277601,42.32444763103389,42.25233115035926,42.657009083913515,0.3468872666666666,0.4189606492476519,28.497774783893647,28.652204112911743,18.113043160863207,28.31803843843357,22.913649232669204,23.066824299878228,22.974035422679158,22.847779209246028,18.009427206953323,23.084188196254125,22.991353321593742,22.86507730152559,1.0,0.0,0.4166666666666667,0.25,0.0,18.113043160863207,22.974035422679158,28.31803843843357,13.154219953646097,21.47295913088977,26.910459963893757,1.1891713201276387e-16,1.3893347983395039e-16,0.0,8.162341940244585e-16,4.469233195108883e-14,converged
2025-01-15T11:00:00+08:00,3.0,-5.083333333333334,107.5,2.8541666666666665,51.4,51.4,44.2,44.2,50.0,60.0,85.0,40.54417673343772,13.531779202966865,13.22593678257664,13.786460747894214,72.71519475005029,1.0775503315615431,51.4,51.4,51.552836797111496,43.39580227193871,42.24599935553656,42.08595027881504,42.575328249436915,0.3444767333333334,0.41704363610402284,28.502221113788245,28.657608824254122,18.118528857536734,28.321766455163182,22.918439491490638,23.072463135992308,22.978768913853955,22.851504242603422,18.015452988297277,23.090103130348155,22.9963495169407,22.869052893737475,1.0,0.0,0.4166666666666667,0.25,0.0,18.118528857536734,22.978768913853955,28.321766455163182,13.154219953646097,21.47295913088977,26.910459963893757,1.1891713201276387e-16,1.3957211158342366e-16,0.0,1.177639691485137e-16,5.0796199158473275e-14,converged
2025-01-15T11:05:00+08:00,3.0833333333333335,-5.0,110.0,2.8499999999999996,51.0,51.0,44.0,44.0,50.0,60.0,85.0,40.360718920164246,13.470549432817693,13.166090914782176,13.724078572564375,72.0586275035817,1.0629890389052916,51.4,51.4,51.4,43.367459643440405,42.213528469377096,41.94858443979717,42.50856717437532,0.3420662,0.41584833551420347,28.50686583931214,28.663238028330706,18.12429499069218,28.325652174709326,22.923469742380405,23.078365697629916,22.983733710018,22.85542442821671,18.021475595051356,23.096001492821102,23.001310745121224,22.87297005522453,1.0,0.0,0.5,0.25,0.0,18.12429499069218,22.983733710018,28.325652174709326,13.214011862526307,21.570563490575633,27.03278023645691,6.000032690739051e-17,8.398397580429315e-16,0.0,2.1783343724238537e-15,2.8601496783520495e-14,converged
2025-01-15T11:10:00+08:00,3.1666666666666665,-4.916666666666666,112.5,2.845833333333333,51.0,51.0,44.0,44.0,50.0,60.0,85.0,40.360718920164246,13.470549432817693,13.166090914782176,13.724078572564375,72.0586275035817,1.0629890389052916,51.4,51.4,51.4,43.369065718443075,42.21516245735738,41.95027730327275,42.510211866049445,0.33965566666666663,0.41577141402038653,28.511744188170507,28.66912478673746,18.130387265714486,28.329726161568008,22.92878434761651,23.08457369308954,22.988969690893416,22.85957804991478,18.027842632491335,23.102205291673243,23.00654316017378,22.87712065512741,1.0,0.0,0.5,0.25,0.0,18.130387265714486,22.988969690893416,28.329726161568008,13.214011862526307,21.570563490575633,27.03278023645691,6.000032690739051e-17,2.7999837867936397e-16,0.0,6.028715090940056e-15,2.886346079894358e-14,converged
2025-01-15T11:15:00+08:00,3.25,-4.833333333333334,115.0,2.8416666666666663,51.0,51.0,44.0,44.0,50.0,60.0,85.0,40.360718920164246,13.470549432817693,13.166090914782176,13.724078572564375,72.0586275035817,1.0629890389052916,51.25712094900211,51.4,51.4,43.27322906478755,42.21688430225736,41.95206134036837,42.47939432409158,0.33724513333333334,0.4149824628367861,28.516578440617067,28.67500591016081,18.136555054902598,28.333750482760227,22.93438214406925,23.091085938645357,22.994475857941424,22.863964289013172,18.034552405195736,23.108713342477834,23.012045762968683,22.881503874275474,1.0,0.0,0.5,0.25,0.0,18.136555054902598,22.994475857941424,28.333750482760227,13.214011862526307,21.570563490575633,27.03278023645691,6.000032690739051e-17,9.818574587681424e-16,0.0,5.698279894636541e-16,2.8174125364608428e-14,converged
2025-01-15T11:20:00+08:00,3.3333333333333335,-4.75,117.5,2.8375,51.0,51.0,44.0,44.0,50.0,60.0,85.0,40.360718920164246,13.470549432817693,13.166090914782176,13.724078572564375,72.0586275035817,1.0629890389052916,51.0,51.4,51.4,43.099340763216496,42.21869366984466,41.95393618613564,42.42258616520168,0.3348346,0.41362581964413325,28.52114818900132,28.680672416844427,18.142599780905268,28.337536112521484,22.940261973366614,23.097901255159144,23.000251216300008,22.86858232969864,18.041603226088597,23.115524465401126,23.01781755805731,22.886118896372675,1.0,0.0,0.5833333333333334,0.25,0.0,18.142599780905268,23.000251216300008,28.337536112521484,13.214011862526307,21.570563490575633,27.03278023645691,6.000032690739051e-17,0.0,0.0,3.711632552130206e-15,2.707620410682232e-14,converged
2025-01-15T11:25:00+08:00,3.4166666666666665,-4.666666666666666,120.0,2.833333333333333,51.0,51.0,44.0,44.0,50.0,60.0,85.0,40.360718920164246,13.470549432817693,13.166090914782176,13.724078572564375,72.0586275035817,1.0629890389052916,51.0,51.125645079246056,51.4,43.10095497520904,42.034780574387206,41.95590147711381,42.36379879796816,0.33242406666666663,0.4121895223413276,28.52595181814724,28.686596356512915,18.1489694130709,28.34151030422406,22.945893332681642,23.104516942267487,23.00581829355388,22.872977540057157,18.048993416398407,23.122637485184548,23.023857553658566,22.89096490798748,1.0,0.0,0.5833333333333334,0.25,0.0,18.1489694130709,23.00581829355388,28.34151030422406,13.214011862526307,21.570563490575633,27.03278023645691,6.000032690739051e-17,4.2364731094692815e-16,0.0,2.294756267629194e-16,3.2506952453092855e-14,converged
2025-01-15T11:30:00+08:00,3.5,-4.583333333333334,122.5,2.8291666666666666,51.0,51.0,44.0,44.0,50.0,60.0,85.0,40.360718920164246,13.470549432817693,13.166090914782176,13.724078572564375,72.0586275035817,1.0629890389052916,51.0,51.0,51.162622418916555,43.102647969555115,41.95147541909517,41.79677051989496,42.283078644026894,0.3300135333333334,0.4102727468513732,28.530988525046478,28.69277689173737,18.155662510272006,28.345672502808565,22.951564660283534,23.111206063502998,23.011436528055523,22.87739705193344,18.056262760234564,23.12961668451026,23.029751918571346,22.89564789416359,1.0,0.0,0.5833333333333334,0.25,0.0,18.155662510272006,23.011436528055523,28.345672502808565,13.214011862526307,21.570563490575633,27.03278023645691,6.000032690739051e-17,2.8375104785867685e-16,0.0,1.8421650060200037e-15,5.157132341735987e-14,converged
2025-01-15T11:35:00+08:00,3.5833333333333335,-4.5,125.0,2.8249999999999997,50.6,50.6,43.8,43.8,50.0,60.0,85.0,40.17726110689077,13.409319662668521,13.106245046987711,13.661696397234536,71.40503788634878,1.0485595217497308,51.0,50.999999999999986,51.0,43.074836513709926,41.91956290432721,41.6535176517693,42.214675197475835,0.327603,0.40901804842153955,28.536221998568713,28.69917978604964,18.16263094317452,28.349991457726556,22.957472717739634,23.11815517542905,23.01728311736596,22.882009561157385,18.06350446723276,23.136557857085123,23.035591532282112,22.90025426296088,1.0,0.0,0.5833333333333334,0.25,0.0,18.16263094317452,23.01728311736596,28.349991457726556,13.274349816236473,21.669059214276892,27.156217589134794,6.054952612159255e-17,1.423107394358251e-16,1.1725666849070346e-16,8.360755941854725e-16,3.755207243216776e-14,converged
2025-01-15T11:40:00+08:00,3.6666666666666665,-4.416666666666666,127.5,2.8208333333333333,50.6,50.6,43.8,43.8,50.0,60.0,85.0,40.17726110689077,13.409319662668521,13.106245046987711,13.661696397234536,71.40503788634878,1.0485595217497308,51.0,50.999999999999986,51.0,43.07668158705756,41.92148408681921,41.655518543767855,42.21659808230471,0.3251924666666666,0.4089285247422539,28.54168708246802,28.705837727659464,18.169920195256857,28.354497410645685,22.963661548647195,23.1254056760074,23.023397653145036,22.886853084920645,18.07108461585903,23.143800432938516,23.041699105227195,22.90509165810488,1.0,0.0,0.5833333333333334,0.25,0.0,18.169920195256857,23.023397653145036,28.354497410645685,13.274349816236473,21.669059214276892,27.156217589134794,6.054952612159255e-17,9.963932612700185e-16,1.1725666849070346e-16,3.869920255825519e-15,3.20935369390846e-14,converged
2025-01-15T11:45:00+08:00,3.75,-4.333333333333334,130.0,2.8166666666666664,50.6,50.6,43.8,43.8,50.0,60.0,85.0,40.17726110689077,13.409319662668521,13.106245046987711,13.661696397234536,71.40503788634878,1.0485595217497308,50.86194798529892,50.999999999999986,51.0,42.984542704238265,41.923492386547,41.657609736818266,42.18721257449168,0.3227819333333333,0.40815149378306187,28.547115632509463,28.71249660100643,18.17728827129316,28.35896063532798,22.970130004973498,23.132956397646833,23.029779149163947,22.891926813348636,18.079001540711094,23.15134324373834,23.04807365055281,22.910159269204943,1.0,0.0,0.5833333333333334,0.25,0.0,18.17728827129316,23.029779149163947,28.35896063532798,13.274349816236473,21.669059214276892,27.156217589134794,6.054952612159255e-17,7.130644111326661e-16,1.1725666849070346e-16,3.1820499346795226e-15,2.4744613132321177e-14,converged
2025-01-15T11:50:00+08:00,3.8333333333333335,-4.25,132.5,2.8125,50.6,50.6,43.8,43.8,50.0,60.0,85.0,40.17726110689077,13.409319662668521,13.106245046987711,13.661696397234536,71.40503788634878,1.0485595217497308,50.6,50.999999999999986,51.0,42.80791096015873,41.92558747223836,41.65979086972395,42.129686133583654,0.32037140000000003,0.40675945293581633,28.552268710187096,28.718929871018457,18.184519930783512,28.36317622163738,22.97687694337993,23.140806177279426,23.036426622823893,22.89722993940598,18.0872535845818,23.159185125681308,23.0547141850396,22.91545628871309,1.0,0.0,0.5833333333333334,0.25,0.0,18.184519930783512,23.036426622823893,28.36317622163738,13.274349816236473,21.669059214276892,27.156217589134794,6.054952612159255e-17,1.00170659453258e-15,1.1725666849070346e-16,1.2879084786847458e-15,2.432543399505565e-14,converged
2025-01-15T11:55:00+08:00,3.9166666666666665,-4.166666666666666,135.0,2.808333333333333,50.6,50.6,43.8,43.8,50.0,60.0,85.0,40.17726110689077,13.409319662668521,13.106245046987711,13.661696397234536,71.40503788634878,1.0485595217497308,50.6,50.73352473714214,51.0,42.809761814469006,41.74761830848878,41.66206158275962,42.073020574035965,0.3179608666666666,0.40535057062247504,28.557653674146778,28.725618089561372,18.192071242280562,28.367579110088517,22.98338748613471,23.148467121228222,23.042876666902924,22.902321225289448,18.095839098418754,23.167324919475405,23.061619729089266,22.920981911914048,1.0,0.0,0.5833333333333334,0.25,0.0,18.192071242280562,23.042876666902924,28.367579110088517,13.274349816236473,21.669059214276892,27.156217589134794,6.054952612159255e-17,4.3079495971164687e-16,1.1725666849070346e-16,4.532321971966285e-16,3.2118333544022686e-14,converged
2025-01-15T12:00:00+08:00,4.0,-4.083333333333334,137.5,2.8041666666666667,50.6,50.6,43.8,43.8,50.0,60.0,85.0,40.17726110689077,13.409319662668521,13.106245046987711,13.661696397234536,71.40503788634878,1.0485595217497308,50.6,50.599999999999994,50.772497407130786,42.81169089771239,41.659424063765414,41.5102150062095,41.993261291578314,0.3155503333333334,0.40343443235621307,28.563269728593905,28.732560427669373,18.199940788415223,28.372168749583853,22.98991944271636,23.15618327712195,23.049361150837104,22.907421543139524,18.104317308018118,23.17534532525032,23.068393947067868,22.92635878511428,1.0,0.0,0.5833333333333334,0.25,0.0,18.199940788415223,23.049361150837104,28.372168749583853,13.274349816236473,21.669059214276892,27.156217589134794,6.054952612159255e-17,7.214017476583762e-16,1.1725666849070346e-16,2.04472307851921e-15,2.910432392576617e-14,converged
2025-01-15T12:05:00+08:00,4.083333333333333,-4.0,140.0,2.8,50.2,50.2,43.6,43.6,50.0,60.0,85.0,39.9938032936173,13.34808989251935,13.046399179193248,13.599314221904699,70.75442589835158,1.0342611811153124,50.6,50.6,50.6,42.78441798756242,41.62807722039123,41.36104651558363,41.92321059288783,0.31313979999999997,0.402120381047144,28.569080973471202,28.739723053389692,18.208080725916442,28.376914229771373,22.996684968661132,23.164155798364256,23.056071123856185,22.912712764709582,18.11274346974889,23.18330622428568,23.07509358675428,22.93164079422485,1.0,0.0,0.5833333333333334,0.25,0.0,18.208080725916442,23.056071123856185,28.376914229771373,13.335241329154988,21.76845856847082,27.28078739458954,1.222126008887173e-16,4.3425548907935027e-16,0.0,2.7593317535250383e-15,3.3241749614240573e-14,converged
2025-01-15T12:10:00+08:00,4.166666666666667,-3.916666666666667,141.66666666666666,2.7875,50.2,50.2,43.6,43.6,50.0,60.0,85.0,39.9938032936173,13.34808989251935,13.046399179193248,13.599314221904699,70.75442589835158,1.0342611811153124,50.6,50.6,50.6,42.78649237837627,41.63027490445995,41.36334404056238,41.92540107680258,0.3110769166666667,0.4020188644394278,28.5750802601917,28.74708572113615,18.216493894185714,28.381814552763526,23.00368619173042,23.172373226373097,23.06300345368793,22.918201730818133,18.121460694370175,23.19151205664541,23.082015606503113,22.937120569043913,1.0,0.0,0.6666666666666666,0.25,0.0,18.216493894185714,23.06300345368793,28.381814552763526,13.335241329154988,21.76845856847082,27.28078739458954,1.222126008887173e-16,4.3436514598362256e-16,0.0,5.149036834680859e-15,3.518771023033869e-14,converged
2025-01-15T12:15:00+08:00,4.25,-3.833333333333333,143.33333333333334,2.775,50.2,50.2,43.6,43.6,50.0,60.0,85.0,39.9938032936173,13.34808989251935,13.046399179193248,13.599314221904699,70.75442589835158,1.0342611811153124,50.466819306332404,50.6,50.6,42.69804811922776,41.632545507423075,41.365717568994675,41.897430234375335,0.3090140333333333,0.4012551675179828,28.581009235040884,28.754403628353145,18.22494718311085,28.386648351970887,23.01092214858105,23.180834612744842,23.07015732222824,22.92388774849999,18.13046755008786,23.199961873265107,23.089159187643396,22.94279741612435,1.0,0.0,0.6666666666666666,0.25,0.0,18.22494718311085,23.07015732222824,28.386648351970887,13.335241329154988,21.76845856847082,27.28078739458954,1.222126008887173e-16,1.4506395337789326e-16,0.0,2.3572892423907655e-15,5.5449382239355296e-14,converged
2025-01-15T12:20:00+08:00,4.333333333333333,-3.75,145.0,2.7624999999999997,50.2,50.2,43.6,43.6,50.0,60.0,85.0,39.9938032936173,13.34808989251935,13.046399179193248,13.599314221904699,70.75442589835158,1.0342611811153124,50.2,50.6,50.6,42.51862057034916,41.63488875223502,41.36816679656813,41.8391427963953,0.30695115,0.3998294032210807,28.58661043063105,28.761432724049236,18.23320874925018,28.391194803488446,23.018391879807222,23.18953901274857,23.07753191438302,22.92977012721835,18.1397626121511,23.208654728757782,23.09652351451803,22.948670644450562,1.0,0.0,0.6666666666666666,0.25,0.0,18.23320874925018,23.07753191438302,28.391194803488446,13.335241329154988,21.76845856847082,27.28078739458954,1.222126008887173e-16,8.734874490651036e-16,0.0,2.3884422435373925e-15,2.6127380813798985e-14,converged
2025-01-15T12:25:00+08:00,4.416666666666667,-3.666666666666667,146.66666666666666,2.75,50.2,50.2,43.6,43.6,50.0,60.0,85.0,39.9938032936173,13.34808989251935,13.046399179193248,13.599314221904699,70.75442589835158,1.0342611811153124,50.2,50.34147668547767,50.6,42.52065876463741,41.4628446413436,41.37069142021161,41.78455891548019,0.3048882666666667,0.39845069779851233,28.59240038858404,28.768662295743436,18.24174300701791,28.395896683139565,23.025596419366757,23.198013652984425,23.084678149255378,22.935421231980946,18.149344462817666,23.217589681399623,23.10410777447267,22.954739565429925,1.0,0.0,0.6666666666666666,0.25,0.0,18.24174300701791,23.084678149255378,28.395896683139565,13.335241329154988,21.76845856847082,27.28078739458954,1.222126008887173e-16,1.4608497672377457e-16,0.0,1.7438894096400589e-15,4.678314212860963e-14,converged
2025-01-15T12:30:00+08:00,4.5,-3.583333333333333,148.33333333333334,2.7375,50.2,50.2,43.6,43.6,50.0,60.0,85.0,39.9938032936173,13.34808989251935,13.046399179193248,13.599314221904699,70.75442589835158,1.0342611811153124,50.2,50.2,50.38246299156717,42.522761521289446,41.36966866606885,41.22610387241961,41.70570083203222,0.3028253833333333,0.3965383707806219,28.598378461399506,28.776091691889665,18.25054874766195,28.400753533821344,23.032762883396664,23.20647354613977,23.091800272812943,22.941035583560193,18.158792118306337,23.226368189537805,23.111533414514092,22.960643720155666,1.0,0.0,0.6666666666666666,0.25,0.0,18.25054874766195,23.091800272812943,28.400753533821344,13.335241329154988,21.76845856847082,27.28078739458954,1.222126008887173e-16,0.0,0.0,1.5022985757684455e-16,3.16226637548049e-14,converged
2025-01-15T12:35:00+08:00,4.583333333333333,-3.5,150.0,2.7249999999999996,49.8,49.8,43.4,43.4,50.0,60.0,85.0,39.81034548034383,13.28686012237018,12.986553311398783,13.536932046574861,70.10679153959005,1.0200934180224872,50.2,50.2,50.2,42.4959612944208,41.33882045127812,41.07091678923272,41.63392401581216,0.3007625,0.39516838420898154,28.60450931270771,28.783687666401356,18.259578612724162,28.405734884325167,23.04011911608933,23.21513476484818,23.09910345446582,22.946808444239693,18.168122806240497,23.23501416129889,23.11882295547533,22.96640434074584,1.0,0.0,0.6666666666666666,0.25,0.0,18.259578612724162,23.09910345446582,28.405734884325167,13.396694054174134,21.868774045744882,27.406505308850324,1.850123694908174e-16,0.0,1.1833737511273759e-16,1.7215497598268849e-15,2.89385879950457e-14,converged
2025-01-15T12:40:00+08:00,4.666666666666667,-3.416666666666667,151.66666666666666,2.7125,49.8,49.8,43.4,43.4,50.0,60.0,85.0,39.81034548034383,13.28686012237018,12.986553311398783,13.536932046574861,70.10679153959005,1.0200934180224872,50.2,50.2,50.2,42.498189474735,41.341217136822195,41.07343294424262,41.63630508593337,0.2986996166666667,0.39505854119168554,28.610827119529667,28.791482286268298,18.26887777704042,28.410870390921954,23.04770864374983,23.224038236903596,23.106626821255304,22.9527773698353,18.177740122890196,23.24390242534877,23.126332715639514,22.972361056986504,1.0,0.0,0.6666666666666666,0.25,0.0,18.26887777704042,23.106626821255304,28.410870390921954,13.396694054174134,21.868774045744882,27.406505308850324,1.850123694908174e-16,8.840359821795311e-16,1.1833737511273759e-16,3.186213019105393e-15,3.1207425508001176e-14,converged
2025-01-15T12:45:00+08:00,4.75,-3.333333333333333,153.33333333333334,2.6999999999999997,49.8,49.8,43.4,43.4,50.0,60.0,85.0,39.81034548034383,13.28686012237018,12.986553311398783,13.536932046574861,70.10679153959005,1.0200934180224872,50.07173552433394,50.2,50.2,42.41339774689356,41.343686293722,41.07602454215574,41.60969221201771,0.2966367333333333,0.39431139532030307,28.617083246160064,28.799239957037894,18.278221888060564,28.415947016854222,23.055530513232704,23.233183024551295,23.11436956339,22.958941673541418,18.1876426587375,23.25303204322817,23.134061884611665,22.978513181558718,1.0,0.0,0.6666666666666666,0.25,0.0,18.278221888060564,23.11436956339,28.415947016854222,13.396694054174134,21.868774045744882,27.406505308850324,1.850123694908174e-16,1.4761851066004506e-16,1.1833737511273759e-16,2.3895746413094794e-15,5.448472605727301e-14,converged
2025-01-15T12:50:00+08:00,4.833333333333333,-3.25,155.0,2.6875,49.8,49.8,43.4,43.4,50.0,60.0,85.0,39.81034548034383,13.28686012237018,12.986553311398783,13.536932046574861,70.10679153959005,1.0200934180224872,49.8,50.2,50.2,42.23110951564337,41.34622764675264,41.07869128112281,41.55058859657838,0.29457384999999997,0.39285412958453936,28.623001409387008,28.806698803905316,18.287362178952204,28.420727810825102,23.063583775286652,23.242568193666575,23.122330874056733,22.96530067095829,18.19782901119589,23.262402080112697,23.142009654979013,22.984860029552596,1.0,0.0,0.6666666666666666,0.25,0.0,18.287362178952204,23.122330874056733,28.420727810825102,13.396694054174134,21.868774045744882,27.406505308850324,1.850123694908174e-16,5.926643660335157e-16,1.1833737511273759e-16,5.139511299196894e-16,2.7099076935948096e-14,converged
2025-01-15T12:55:00+08:00,4.916666666666667,-3.166666666666667,156.66666666666666,2.675,49.8,49.8,43.4,43.4,50.0,60.0,85.0,39.81034548034383,13.28686012237018,12.986553311398783,13.536932046574861,70.10679153959005,1.0200934180224872,49.8,49.94950192365959,50.2,42.23329990680935,41.18010444011689,41.08143286052477,41.49806074586762,0.29251096666666665,0.39150766934398573,28.629107257357997,28.814356741583868,18.296771279775783,28.425663350435432,23.071385322209675,23.251735997569448,23.130075947704686,22.971440322426233,18.208297784576168,23.272011604798774,23.15017522230003,22.991400918458883,1.0,0.0,0.6666666666666666,0.25,0.0,18.296771279775783,23.130075947704686,28.425663350435432,13.396694054174134,21.868774045744882,27.406505308850324,1.850123694908174e-16,5.947026377388802e-16,1.1833737511273759e-16,2.3695183222408505e-16,2.917180542175087e-14,converged
2025-01-15T13:00:00+08:00,5.0,-3.083333333333333,158.33333333333334,2.6624999999999996,49.8,49.8,43.4,43.4,50.0,60.0,85.0,39.81034548034383,13.28686012237018,12.986553311398783,13.536932046574861,70.10679153959005,1.0200934180224872,49.8,49.8,49.992520424708026,42.23555456186377,41.0818953234933,40.944120655027334,41.42008537037428,0.29044808333333333,0.38960038976962974,28.635400146570117,28.822213123331803,18.306447999373017,28.430753180802256,23.079131169755918,23.260871985672267,23.137781037783313,22.977528486900685,18.21864772710913,23.281480769136017,23.158197792457756,22.997792302425424,1.0,0.0,0.6666666666666666,0.25,0.0,18.306447999373017,23.137781037783313,28.430753180802256,13.396694054174134,21.868774045744882,27.406505308850324,1.850123694908174e-16,1.0458244834795947e-15,1.1833737511273759e-16,2.5573676822586965e-15,2.432597826814241e-14,converged
2025-01-15T13:05:00+08:00,5.083333333333333,-3.0,160.0,2.65,49.4,49.4,43.2,43.2,50.0,60.0,85.0,39.626887667070356,13.225630352221009,12.92670744360432,13.474549871245024,69.46213481006424,1.006055633491708,49.8,49.800000000000004,49.79999999999999,42.20922738732024,41.05154608900163,40.78287909242112,41.3465704717208,0.2883852,0.3881746969323408,28.641845171533344,28.830235128562236,18.316345287641074,28.435967186919306,23.0870648071779,23.27020706688213,23.145665391564386,22.983773816457862,18.22885755095764,23.290797037481564,23.166065249000653,23.004022408771867,1.0,0.0,0.75,0.25,0.0,18.316345287641074,23.145665391564386,28.435967186919306,13.458715785906422,21.970018370030736,27.53338727787278,6.224313748108925e-17,7.49761143287671e-16,0.0,1.1527577578047942e-15,3.4998673564712884e-14,converged
2025-01-15T13:10:00+08:00,5.166666666666667,-2.916666666666667,161.66666666666666,2.6375,49.4,49.4,43.2,43.2,50.0,60.0,85.0,39.626887667070356,13.225630352221009,12.92670744360432,13.474549871245024,69.46213481006424,1.006055633491708,49.8,49.800000000000004,49.79999999999999,42.21160755463204,41.05413926508029,40.78561076350556,41.349139648504895,0.2863223166666667,0.38805672239713085,28.648476085409175,28.838454407655377,18.32650804602194,28.44133467257069,23.0952293937642,23.27978180766395,23.153767804888844,22.990213564834715,18.239349697226157,23.300353016508463,23.1741508097901,23.010446974084143,1.0,0.0,0.75,0.25,0.0,18.32650804602194,23.153767804888844,28.44133467257069,13.458715785906422,21.970018370030736,27.53338727787278,6.224313748108925e-17,1.4999781617981778e-16,0.0,5.531169471630781e-16,2.3818116065364732e-14,converged
2025-01-15T13:15:00+08:00,5.25,-2.833333333333333,163.33333333333334,2.625,49.4,49.4,43.2,43.2,50.0,60.0,85.0,39.626887667070356,13.225630352221009,12.92670744360432,13.474549871245024,69.46213481006424,1.006055633491708,49.676697262872516,49.800000000000004,49.79999999999999,42.13048663016934,41.05680447746977,40.788417333046084,41.32388897307699,0.2842594333333333,0.38732651071669816,28.655054044541167,28.84664464436933,18.33672074584786,28.44665099428145,23.103623986332156,23.289595280675936,23.162087476104784,22.99684705126534,18.250122778033642,23.310147778127345,23.18245367253452,23.01706531705209,1.0,0.0,0.75,0.25,0.0,18.33672074584786,23.162087476104784,28.44665099428145,13.458715785906422,21.970018370030736,27.53338727787278,6.224313748108925e-17,7.514030062874031e-16,0.0,3.813370256908571e-15,5.191744730117234e-14,converged
2025-01-15T13:20:00+08:00,5.333333333333333,-2.75,165.0,2.6125,49.4,49.4,43.2,43.2,50.0,60.0,85.0,39.626887667070356,13.225630352221009,12.92670744360432,13.474549871245024,69.46213481006424,1.006055633491708,49.4,49.800000000000004,49.79999999999999,41.945319510995056,41.05954145271761,40.79129850158771,41.26396124511547,0.28219655,0.3858377608932934,28.661283806581302,28.854526004343455,18.346717567275956,28.451662950663835,23.112247645551008,23.29964656216455,23.170623606507416,23.003673597367573,18.26117541232179,23.320180397842122,23.19097303789356,23.0238767587526,1.0,0.0,0.8333333333333334,0.25,0.0,18.346717567275956,23.170623606507416,28.451662950663835,13.458715785906422,21.970018370030736,27.53338727787278,6.224313748108925e-17,3.017209138820667e-16,0.0,2.357194639703646e-16,3.559832829762339e-14,converged
2025-01-15T13:25:00+08:00,5.416666666666667,-2.666666666666667,166.66666666666666,2.6,49.4,49.4,43.2,43.2,50.0,60.0,85.0,39.626887667070356,13.225630352221009,12.92670744360432,13.474549871245024,69.46213481006424,1.006055633491708,49.4,49.55760146960246,49.79999999999999,41.94766032203679,40.89936915327313,40.79425397089503,41.2134975763017,0.28013366666666667,0.38452404569387205,28.667700195244574,28.86260509484763,18.35697941790732,28.456828980236306,23.120633242897142,23.309493046584514,23.178955774593838,23.010292862347693,18.272506225821505,23.330449954736096,23.199708109467206,23.03088062264125,1.0,0.0,0.8333333333333334,0.25,0.0,18.35697941790732,23.178955774593838,28.456828980236306,13.458715785906422,21.970018370030736,27.53338727787278,6.224313748108925e-17,3.0275173459403263e-16,0.0,7.93304154553426e-15,3.278490255794399e-14,converged
2025-01-15T13:30:00+08:00,5.5,-2.583333333333333,168.33333333333334,2.5875,49.4,49.4,43.2,43.2,50.0,60.0,85.0,39.626887667070356,13.225630352221009,12.92670744360432,13.474549871245024,69.46213481006424,1.006055633491708,49.4,49.400000000000006,49.60267098222982,41.950065108119794,40.79609565366599,40.664254020688595,41.13640667927566,0.27807078333333335,0.38262210757031284,28.67430257095765,28.870881273861798,18.367505123722104,28.46214863030619,23.128945456181242,23.319290595125704,23.18723202775097,23.016845840103937,18.28373384966807,23.340595437063662,23.208315987748502,23.03775040517168,1.0,0.0,0.8333333333333334,0.25,0.0,18.367505123722104,23.18723202775097,28.46214863030619,13.458715785906422,21.970018370030736,27.53338727787278,6.224313748108925e-17,1.5212832651801446e-16,0.0,2.6265906375375934e-15,5.652607382472087e-14,converged
2025-01-15T13:35:00+08:00,5.583333333333333,-2.5,170.0,2.575,49.0,49.0,43.0,43.0,50.0,60.0,85.0,39.44342985379687,13.164400582071835,12.866861575809853,13.412167695915183,68.82045570977407,0.9921472285434239,49.4,49.4,49.4,41.92421815489456,40.76625266976265,40.496928780796765,41.06114853420136,0.27600790000000003,0.381140617237621,28.681056470210468,28.879322158081088,18.378247956349487,28.467592150751255,23.13744354899118,23.329285076486478,23.19568580740596,23.023554682099075,18.29479819717138,23.35056759701196,23.216749663212816,23.04444108430319,1.0,0.0,0.8333333333333334,0.25,0.0,18.378247956349487,23.19568580740596,28.467592150751255,13.521314463980408,22.07220450198437,27.661449544281492,2.5129395974625856e-16,1.069037536191652e-15,0.0,1.86127071033368e-15,2.6543552642129294e-14,converged
2025-01-15T13:40:00+08:00,5.666666666666667,-2.416666666666667,171.66666666666666,2.5625,49.0,49.0,43.0,43.0,50.0,60.0,85.0,39.44342985379687,13.164400582071835,12.866861575809853,13.412167695915183,68.82045570977407,0.9921472285434239,49.4,49.4,49.4,41.92674856301376,40.76903989697247,40.49987294520219,41.06390341124778,0.27394501666666665,0.3810147011516716,28.68799521103303,28.887958969292416,18.38925252948508,28.47318848410461,23.146170300034044,23.339516681804977,23.204355565995858,23.030456329573312,18.306140684767225,23.360776943983762,23.225399372776412,23.051324618322532,1.0,0.0,0.8333333333333334,0.25,0.0,18.38925252948508,23.204355565995858,28.47318848410461,13.521314463980408,22.07220450198437,27.661449544281492,2.5129395974625856e-16,1.222160945234426e-15,0.0,2.3010999046991926e-15,3.8243895701875146e-14,converged
2025-01-15T13:45:00+08:00,5.75,-2.333333333333333,173.33333333333334,2.55,49.0,49.0,43.0,43.0,50.0,60.0,85.0,39.44342985379687,13.164400582071835,12.866861575809853,13.412167695915183,68.82045570977407,0.9921472285434239,49.28170515711844,49.4,49.4,41.84931691025655,40.77189873768946,40.50289147935578,41.04001928392713,0.2718821333333333,0.3803018040323241,28.69488981669813,28.8965747403686,18.400312205434453,28.47874144434312,23.155124775861307,23.349984493922282,23.21324050983925,23.037550107683362,18.317759945591856,23.371222560030322,23.234264322082716,23.058400331811736,1.0,0.0,0.8333333333333334,0.25,0.0,18.400312205434453,23.21324050983925,28.47874144434312,13.521314463980408,22.07220450198437,27.661449544281492,2.5129395974625856e-16,1.2244519546590421e-15,0.0,2.037564580799812e-15,5.858081345638057e-14,converged
2025-01-15T13:50:00+08:00,5.833333333333333,-2.25,175.0,2.5375,49.0,49.0,43.0,43.0,50.0,60.0,85.0,39.44342985379687,13.164400582071835,12.866861575809853,13.412167695915183,68.82045570977407,0.9921472285434239,49.0,49.4,49.4,41.66125265375177,40.77482892018634,40.50598408612971,40.979259547681245,0.26981925,0.37878158061547856,28.70142594079432,28.904871540121693,18.411143980276062,28.483981455906278,23.164306046835044,23.36068759922691,23.222339848171355,23.04483534394798,18.32965461949871,23.38190353075549,23.243343719696004,23.065667551718295,1.0,0.0,0.8333333333333334,0.25,0.0,18.411143980276062,23.222339848171355,28.483981455906278,13.521314463980408,22.07220450198437,27.661449544281492,2.5129395974625856e-16,0.0,0.0,1.8344449353251434e-15,3.911537485105878e-14,converged
2025-01-15T13:55:00+08:00,5.916666666666667,-2.166666666666667,176.66666666666666,2.525,49.0,49.0,43.0,43.0,50.0,60.0,85.0,39.44342985379687,13.164400582071835,12.866861575809853,13.412167695915183,68.82045570977407,0.9921472285434239,49.0,49.16577636015875,49.4,41.66374216335562,40.620637822819205,40.50915046960532,40.930868356923305,0.2677563666666667,0.37750110891212424,28.70814765242539,28.913364734478616,18.422237101762164,28.4893748780363,23.173263085827326,23.371198649028283,23.231247653476252,23.05192550114887,18.341823353025397,23.39281894530197,23.252636777090654,23.07312560734687,1.0,0.0,0.8333333333333334,0.25,0.0,18.422237101762164,23.231247653476252,28.4893748780363,13.521314463980408,22.07220450198437,27.661449544281492,2.5129395974625856e-16,3.0838405259899327e-16,0.0,1.2817212186145658e-15,4.0234101187567245e-14,converged
2025-01-15T14:00:00+08:00,6.0,-2.083333333333333,178.33333333333334,2.5124999999999997,49.0,49.0,43.0,43.0,50.0,60.0,85.0,39.44342985379687,13.164400582071835,12.866861575809853,13.412167695915183,68.82045570977407,0.9921472285434239,49.0,49.0,49.21291596354252,41.66629536858228,40.51226858886259,40.38650004727148,40.85466381387312,0.26569348333333326,0.375604802576793,28.715054315881403,28.922053686060234,18.433590412568734,28.494921260201792,23.182128992464424,23.381643588810103,23.240083551125743,23.058934502594386,18.35390481285462,23.403626772865486,23.261818626652566,23.080465168180538,1.0,0.0,0.8333333333333334,0.25,0.0,18.433590412568734,23.240083551125743,28.494921260201792,13.521314463980408,22.07220450198437,27.661449544281492,2.5129395974625856e-16,1.5497049162880913e-16,0.0,4.818613724083284e-16,3.8032430904801434e-14,converged
2025-01-15T14:05:00+08:00,6.083333333333333,-2.0,180.0,2.5,48.6,48.6,42.8,42.8,50.0,60.0,85.0,39.259972040523394,13.103170811922665,12.807015708015388,13.349785520585344,68.18175423871959,0.9783676041980879,49.0,49.0,49.0,41.640935967987055,40.482939299029496,40.21306188861385,40.77765735423202,0.2636306,0.3740674156644437,28.722111920913004,28.930906460809943,18.445157519564155,28.500591225998352,23.1911789354228,23.392283371990224,23.249095294333397,23.06609810999607,18.36579982677415,23.41424078202876,23.2708071071162,23.087607715513588,1.0,0.0,0.8333333333333334,0.25,0.0,18.445157519564155,23.249095294333397,28.500591225998352,13.584498176428914,22.17534564451701,27.7907086543015,1.902359915047843e-16,3.1121481570414277e-16,0.0,4.376458345839508e-16,3.2531229476998764e-14,converged
2025-01-15T14:10:00+08:00,6.166666666666667,-2.0416666666666665,176.66666666666669,2.5104166666666665,48.6,48.6,42.8,42.8,50.0,60.0,85.0,39.259972040523394,13.103170811922665,12.807015708015388,13.349785520585344,68.18175423871959,0.9783676041980879,49.0,49.0,49.0,41.64353989860156,40.48583570573993,40.216130159915956,40.780514585957704,0.2657049916666667,0.3739374287089462,28.728916588342273,28.939461219428303,18.456391546659113,28.506067427916868,23.199935529162754,23.40258653898348,23.257823146371678,23.07303581579978,18.377345455092943,23.424518250482986,23.279511762412422,23.094524420211357,1.0,0.0,0.8333333333333334,0.25,0.0,18.456391546659113,23.257823146371678,28.506067427916868,13.584498176428914,22.17534564451701,27.7907086543015,1.902359915047843e-16,0.0,0.0,5.934594672664423e-16,3.721787891522358e-14,converged
2025-01-15T14:15:00+08:00,6.25,-2.0833333333333335,173.33333333333331,2.5208333333333335,48.6,48.6,42.8,42.8,50.0,60.0,85.0,39.259972040523394,13.103170811922665,12.807015708015388,13.349785520585344,68.18175423871959,0.9783676041980879,48.88675985411432,49.0,49.0,41.56959145754982,40.488638727837355,40.21910183660696,40.75775885248543,0.2677793833333333,0.373253261771004,28.735250779429034,28.947512013598306,18.467097432093674,28.511163217684157,23.208399970730948,23.412554391237656,23.26626815006039,23.079748410366374,18.388543414217494,23.434460480161395,23.287933635741446,23.101216072900506,1.0,0.0,0.8333333333333334,0.25,0.0,18.467097432093674,23.26626815006039,28.511163217684157,13.584498176428914,22.17534564451701,27.7907086543015,1.902359915047843e-16,3.118936490322145e-16,0.0,5.857752595886279e-15,2.9398751160149e-14,converged
2025-01-15T14:20:00+08:00,6.333333333333333,-2.125,170.0,2.53125,48.6,48.6,42.8,42.8,50.0,60.0,85.0,39.259972040523394,13.103170811922665,12.807015708015388,13.349785520585344,68.18175423871959,0.9783676041980879,48.6,49.0,49.0,41.37823788467177,40.49134872022513,40.22197730439213,40.69575563060086,0.269853775,0.37171993076803683,28.740782387336395,28.95474426928123,18.476977460832376,28.515593532500528,23.216573452289357,23.422188225168785,23.27443134438875,23.086236681291478,18.39939541212221,23.44406876796058,23.296073766469206,23.107683461439876,1.0,0.0,0.8333333333333334,0.25,0.0,18.476977460832376,23.27443134438875,28.515593532500528,13.584498176428914,22.17534564451701,27.7907086543015,1.902359915047843e-16,4.697702982447063e-16,0.0,9.444340370961282e-16,2.6213748970489685e-14,converged
2025-01-15T14:25:00+08:00,6.416666666666667,-2.1666666666666665,166.66666666666669,2.5416666666666665,48.6,48.6,42.8,42.8,50.0,60.0,85.0,39.259972040523394,13.103170811922665,12.807015708015388,13.349785520585344,68.18175423871959,0.9783676041980879,48.6,48.774027651561354,49.0,41.380351914686,40.342595019258624,40.22475694740886,40.64888135242947,0.2719281666666667,0.370498858638534,28.74606628227174,28.961683765543484,18.486531878084612,28.519833722260955,23.22402327543154,23.431078257587913,23.281923222307924,23.09212945003691,18.409903148390836,23.453344405759996,23.303933190141446,23.11392737093019,1.0,0.0,0.8333333333333334,0.25,0.0,18.486531878084612,23.281923222307924,28.519833722260955,13.584498176428914,22.17534564451701,27.7907086543015,1.902359915047843e-16,0.0,0.0,7.118873847097929e-16,3.597517488260435e-14,converged
2025-01-15T14:30:00+08:00,6.5,-2.2083333333333335,163.33333333333331,2.5520833333333335,48.6,48.6,42.8,42.8,50.0,60.0,85.0,39.259972040523394,13.103170811922665,12.807015708015388,13.349785520585344,68.18175423871959,0.9783676041980879,48.6,48.6,48.823256692344124,41.38238127548467,40.22836147696351,40.10873049927115,40.57284136178342,0.27400255833333337,0.36864139860411255,28.75110331234198,28.968331452050897,18.495762125278116,28.523884345050952,23.230852813762525,23.43932247134402,23.288836577395323,23.097514805593317,18.419728497607007,23.461966674307384,23.311207019575896,23.119657221085607,1.0,0.0,0.8333333333333334,0.25,0.0,18.495762125278116,23.288836577395323,28.523884345050952,13.584498176428914,22.17534564451701,27.7907086543015,1.902359915047843e-16,3.157955733342752e-16,0.0,2.534999621882561e-15,4.573842012507456e-14,converged
2025-01-15T14:35:00+08:00,6.583333333333333,-2.25,160.0,2.5625,48.8,48.8,42.9,42.9,50.0,60.0,85.0,39.35170094716014,13.13378569699725,12.83693864191262,13.380976608250263,68.50073277059235,0.985241356231609,48.599999999999994,48.6,48.6,41.39806746309474,40.24643037912804,39.97760467092521,40.539383513831275,0.27607695,0.367566641323324,28.75591068651105,28.974703608988825,18.50469196220469,28.527760147784406,23.23741929299026,23.447259279277958,23.295492816065163,23.10269877930671,18.428811555292302,23.469873976358993,23.31783656304095,23.12481696848395,1.0,0.0,0.8333333333333334,0.25,0.0,18.50469196220469,23.295492816065163,28.527760147784406,13.552832679514161,22.123654862128856,27.72592844764812,1.2623342939095965e-16,4.750784296195093e-16,0.0,1.501793661325209e-15,3.3073565459288015e-14,converged
2025-01-15T14:40:00+08:00,6.666666666666667,-2.2916666666666665,156.66666666666669,2.5729166666666665,48.8,48.8,42.9,42.9,50.0,60.0,85.0,39.35170094716014,13.13378569699725,12.83693864191262,13.380976608250263,68.50073277059235,0.985241356231609,48.599999999999994,48.6,48.6,41.39993032932157,40.24854141402163,39.979869974280746,40.54146417821035,0.27815134166666666,0.3674717623746921,28.760472823439716,28.980785791667554,18.513300387481618,28.53144745048147,23.243702551694142,23.454869915282682,23.30187381114922,23.107663773915935,18.437559034091723,23.47745520269331,23.324190946752182,23.129757810999028,1.0,0.0,0.8333333333333334,0.25,0.0,18.513300387481618,23.30187381114922,28.53144745048147,13.552832679514161,22.123654862128856,27.72592844764812,1.2623342939095965e-16,7.920018199128461e-16,0.0,5.704389586259756e-15,2.613506206497617e-14,converged
2025-01-15T14:45:00+08:00,6.75,-2.3333333333333335,153.33333333333331,2.5833333333333335,48.8,48.8,42.9,42.9,50.0,60.0,85.0,39.35170094716014,13.13378569699725,12.83693864191262,13.380976608250263,68.50073277059235,0.985241356231609,48.657886692819424,48.6,48.6,41.44083374624154,40.25056220141966,39.982042038479086,40.556513636351006,0.28022573333333334,0.3676664964326581,28.76490225480159,28.98668475703196,18.5216893321949,28.535042549243357,23.249703745826032,23.462155640683832,23.30798057390905,23.11241055571901,18.445972582862943,23.48471161501571,23.33027118226594,23.134480515125922,1.0,0.0,0.8333333333333334,0.25,0.0,18.5216893321949,23.30798057390905,28.535042549243357,13.552832679514161,22.123654862128856,27.72592844764812,1.2623342939095965e-16,3.166329348920088e-16,0.0,2.3517312116187262e-15,5.85796129534963e-14,converged
2025-01-15T14:50:00+08:00,6.833333333333333,-2.375,150.0,2.59375,48.8,48.8,42.9,42.9,50.0,60.0,85.0,39.35170094716014,13.13378569699725,12.83693864191262,13.380976608250263,68.50073277059235,0.985241356231609,48.79999999999999,48.6,48.6,41.53865526449392,40.25249308434491,39.984121235709466,40.59049882988094,0.282300125,0.36827962385757795,28.769361479668035,28.992554642918847,18.530005463059933,28.538684677508126,23.255424026619835,23.469117711929435,23.31381411189076,23.11693988833236,18.454053842362026,23.491644470149566,23.33607827741983,23.138985844675847,1.0,0.0,0.8333333333333334,0.25,0.0,18.530005463059933,23.31381411189076,28.538684677508126,13.552832679514161,22.123654862128856,27.72592844764812,1.2623342939095965e-16,1.5805289552478099e-16,0.0,2.0456327330114414e-15,3.2397183637915875e-14,converged
2025-01-15T14:55:00+08:00,6.916666666666667,-2.4166666666666665,146.66666666666669,2.6041666666666665,48.8,48.8,42.9,42.9,50.0,60.0,85.0,39.35170094716014,13.13378569699725,12.83693864191262,13.380976608250263,68.50073277059235,0.985241356231609,48.79999999999999,48.71505380551485,48.6,41.540383785416665,40.33147731096769,39.98610793664883,40.61751676474563,0.2843745166666667,0.3687590576368951,28.773576659556277,28.998136184227093,18.53800289950385,28.54213899182017,23.2610855451417,23.475966766280898,23.319574356407692,23.12144199698106,18.461804445283224,23.49825502005515,23.341613236346397,23.143274560785525,1.0,0.0,0.8333333333333334,0.25,0.0,18.53800289950385,23.319574356407692,28.54213899182017,13.552832679514161,22.123654862128856,27.72592844764812,1.2623342939095965e-16,3.1569481322833065e-16,0.0,2.474077274277803e-15,3.154470005647205e-14,converged
2025-01-15T15:00:00+08:00,7.0,-2.4583333333333335,143.33333333333331,2.6145833333333335,48.8,48.8,42.9,42.9,50.0,60.0,85.0,39.35170094716014,13.13378569699725,12.83693864191262,13.380976608250263,68.50073277059235,0.985241356231609,48.79999999999999,48.8,48.69096286209408,41.54202916946024,40.390277537720834,40.04915528458876,40.65868550900271,0.2864489083333333,0.36955579557287965,28.77754863021581,29.003430316526345,18.545683052569544,28.54540604361366,23.266630374779357,23.482648148921488,23.3252092507635,23.125867152392164,18.469400976831377,23.504710303453095,23.347034568452226,23.14749743644642,1.0,0.0,0.8333333333333334,0.25,0.0,18.545683052569544,23.3252092507635,28.54540604361366,13.552832679514161,22.123654862128856,27.72592844764812,1.2623342939095965e-16,3.1501419602003423e-16,0.0,2.585806651169455e-15,3.6789251392790306e-14,converged
2025-01-15T15:05:00+08:00,7.083333333333333,-2.5,140.0,2.625,49.0,49.0,43.0,43.0,50.0,60.0,85.0,39.44342985379688,13.164400582071837,12.866861575809855,13.412167695915185,68.82045570977407,0.992147228543424,48.8,48.8,48.8,41.55738503265773,40.40797084103452,40.14079007043679,40.70074141386932,0.2885233,0.3701896393461302,28.781294664720228,29.00845337243254,18.55306967246653,28.548500641407905,23.271917434556435,23.489028206372332,23.33059176670073,23.130094331146974,18.476903582945358,23.511063352424422,23.352392640730702,23.151702433727593,1.0,0.0,0.8333333333333334,0.25,0.0,18.55306967246653,23.33059176670073,28.548500641407905,13.521314463980408,22.072204501984366,27.661449544281492,6.282348993656464e-17,0.0,0.0,6.953122487574883e-16,2.4856959537208498e-14,converged
2025-01-15T15:10:00+08:00,7.166666666666667,-2.5416666666666665,136.66666666666669,2.6354166666666665,49.0,49.0,43.0,43.0,50.0,60.0,85.0,39.44342985379688,13.164400582071837,12.866861575809855,13.412167695915185,68.82045570977407,0.992147228543424,48.8,48.8,48.8,41.55886770943363,40.40966500908516,40.14262020833829,40.702411230451986,0.29059769166666666,0.3701133176937296,28.784799093641084,29.01319082760792,18.560141708080316,28.55140903072197,23.27692649141181,23.49508810702569,23.33570371484933,23.134105876073107,18.48407836959566,23.517096334782053,23.357480223603755,23.155691866268214,1.0,0.0,0.8333333333333334,0.25,0.0,18.560141708080316,23.33570371484933,28.55140903072197,13.521314463980408,22.072204501984366,27.661449544281492,6.282348993656464e-17,7.86349181869139e-16,0.0,2.2542242888419686e-16,2.399942786358075e-14,converged
2025-01-15T15:15:00+08:00,7.25,-2.5833333333333335,133.33333333333331,2.6458333333333335,49.0,49.0,43.0,43.0,50.0,60.0,85.0,39.44342985379688,13.164400582071837,12.866861575809855,13.412167695915185,68.82045570977407,0.992147228543424,48.85914742144078,48.8,48.8,41.600281089128174,40.41127066948949,40.144359006095605,40.71734814590815,0.29267208333333333,0.37033288173559165,28.788176916358303,29.01775177457404,18.567003291800837,28.554229627030608,23.281658680233193,23.5008290891987,23.340546089494335,23.13790254191592,18.490926947785344,23.522810489230963,23.362298311659917,23.15946648902088,1.0,0.0,0.8333333333333334,0.25,0.0,18.567003291800837,23.340546089494335,28.554229627030608,13.521314463980408,22.072204501984366,27.661449544281492,6.282348993656464e-17,6.287063750933812e-16,0.0,4.353213476412425e-15,5.918626542252021e-14,converged
2025-01-15T15:20:00+08:00,7.333333333333333,-2.625,130.0,2.65625,49.0,49.0,43.0,43.0,50.0,60.0,85.0,39.44342985379688,13.164400582071837,12.866861575809855,13.412167695915185,68.82045570977407,0.992147228543424,49.0,48.8,48.8,41.696960622267454,40.412788158703286,40.14600682824955,40.750670661164136,0.29474647499999995,0.3709584950242741,28.79158581534349,29.022285785906526,18.57379673552897,28.557097539630263,23.286115131275356,23.50625238641888,23.34511988126697,23.141485080779074,18.49745092060051,23.52820704968216,23.366847895830617,23.163027054294187,1.0,0.0,0.8333333333333334,0.25,0.0,18.57379673552897,23.34511988126697,28.557097539630263,13.521314463980408,22.072204501984366,27.661449544281492,6.282348993656464e-17,1.5691151892790196e-16,0.0,6.126835962946771e-16,2.7677625815639164e-14,converged
2025-01-15T15:25:00+08:00,7.416666666666667,-2.6666666666666665,126.66666666666669,2.6666666666666665,49.0,49.0,43.0,43.0,50.0,60.0,85.0,39.44342985379688,13.164400582071837,12.866861575809855,13.412167695915185,68.82045570977407,0.992147228543424,49.0,48.91711181992062,48.8,41.69831330236111,40.492813987374774,40.14756403786005,40.77775689689494,0.2968208666666667,0.37146660950978594,28.794754263566194,29.026535783653674,18.580278221742017,28.559779909471793,23.29052202082157,23.511572446749053,23.349628646986613,23.145047175679174,18.50365188324922,23.53328724527123,23.371129963403636,23.166374311761984,1.0,0.0,0.8333333333333334,0.25,0.0,18.580278221742017,23.349628646986613,28.559779909471793,13.521314463980408,22.072204501984366,27.661449544281492,6.282348993656464e-17,0.0,0.0,1.7811835670216277e-15,4.413334285992237e-14,converged
2025-01-15T15:30:00+08:00,7.5,-2.7083333333333335,123.33333333333331,2.6770833333333335,49.0,49.0,43.0,43.0,50.0,60.0,85.0,39.44342985379688,13.164400582071837,12.866861575809855,13.412167695915185,68.82045570977407,0.992147228543424,49.0,49.0,48.893542018228736,41.69958434243949,40.54987678293008,40.21197614041063,40.81869799910961,0.2988952583333333,0.37228500935522324,28.79768308466438,29.0305026895533,18.586449131884645,28.562277281451422,23.2948134590726,23.516727068172283,23.354013164849384,23.148532277919024,18.5097114163533,23.538222862112885,23.375307539030445,23.169663339557868,1.0,0.0,0.8333333333333334,0.25,0.0,18.586449131884645,23.354013164849384,28.562277281451422,13.521314463980408,22.072204501984366,27.661449544281492,6.282348993656464e-17,3.127048333978304e-16,0.0,3.198339097993761e-16,3.909048364568221e-14,converged
2025-01-15T15:35:00+08:00,7.583333333333333,-2.75,120.0,2.6875,49.2,49.2,43.1,43.1,50.0,60.0,85.0,39.53515876043361,13.19501546714642,12.896784509707084,13.443358783580102,69.14092305626468,0.9990852960059755,48.999999999999986,49.0,49.0,41.71462323527464,40.56720968821831,40.30156257893237,40.859834037364664,0.30096965000000003,0.3729246311433395,28.800389620461463,29.03420289445679,18.59233321373273,28.564604528390355,23.298852296718824,23.521586314756068,23.358149946139047,23.151822743051092,18.515679734715352,23.543057558194914,23.37942209252522,23.1729336345143,1.0,0.0,0.8333333333333334,0.25,0.0,18.59233321373273,23.358149946139047,28.564604528390355,13.489942504667228,22.020992890610856,27.597269846962977,1.2506460763315014e-16,1.092589741645841e-15,0.0,7.04578492799752e-16,4.16718657325292e-14,converged
2025-01-15T15:40:00+08:00,7.666666666666667,-2.7916666666666665,116.66666666666669,2.6979166666666665,49.2,49.2,43.1,43.1,50.0,60.0,85.0,39.53515876043361,13.19501546714642,12.896784509707084,13.443358783580102,69.14092305626468,0.9990852960059755,48.999999999999986,49.0,49.0,41.7157352654725,40.56849793545484,40.30296946759398,40.86110381376841,0.3030440416666667,0.3728664590005143,28.8028581092488,29.037621789052668,18.597909360786918,28.566747818814083,23.30261822380483,23.526131283106032,23.362020734485476,23.154900850702855,18.521327768768277,23.547578060252338,23.38327072606822,23.175991636011624,1.0,0.0,0.8333333333333334,0.25,0.0,18.597909360786918,23.362020734485476,28.566747818814083,13.489942504667228,22.020992890610856,27.597269846962977,1.2506460763315014e-16,1.7171946003522358e-15,0.0,4.2185918994187486e-15,3.805544782123948e-14,converged
2025-01-15T15:45:00+08:00,7.75,-2.8333333333333335,113.33333333333331,2.7083333333333335,49.2,49.2,43.1,43.1,50.0,60.0,85.0,39.53515876043361,13.19501546714642,12.896784509707084,13.443358783580102,69.14092305626468,0.9990852960059755,49.0604022998133,49.0,49.0,41.757665572592664,40.56969937320841,40.3042868667982,40.87593810363479,0.3051184333333333,0.37311042262069843,28.805206008881516,29.040870792727375,18.60328389897944,28.568807679567616,23.306112354655944,23.530363189048654,23.365626507560435,23.157767344302933,18.526657092748906,23.55178558450775,23.386854417643452,23.178838087695794,1.0,0.0,0.8333333333333334,0.25,0.0,18.60328389897944,23.365626507560435,28.568807679567616,13.489942504667228,22.020992890610856,27.597269846962977,1.2506460763315014e-16,3.1201305235389217e-16,0.0,2.92870365989804e-15,3.450161795016179e-14,converged
2025-01-15T15:50:00+08:00,7.833333333333333,-2.875,110.0,2.71875,49.2,49.2,43.1,43.1,50.0,60.0,85.0,39.53515876043361,13.19501546714642,12.896784509707084,13.443358783580102,69.14092305626468,0.9990852960059755,49.199999999999996,49.0,49.0,41.85321467133199,40.570814331524346,40.30551513363425,40.90860935841491,0.307192825,0.3737481395687007,28.807586203786816,29.04409493039941,18.608594802682966,28.570915111599945,23.30933579904757,23.53428324370683,23.368968239442196,23.160422964677323,18.5316692731565,23.555681342475836,23.390174141638173,23.181473730607852,1.0,0.0,0.8333333333333334,0.25,0.0,18.608594802682966,23.368968239442196,28.570915111599945,13.489942504667228,22.020992890610856,27.597269846962977,1.2506460763315014e-16,7.78701681038976e-16,0.0,3.69445952575478e-15,3.3212977146942975e-14,converged
2025-01-15T15:55:00+08:00,7.916666666666667,-2.9166666666666665,106.66666666666669,2.7291666666666665,49.2,49.2,43.1,43.1,50.0,60.0,85.0,39.53515876043361,13.19501546714642,12.896784509707084,13.443358783580102,69.14092305626468,0.9990852960059755,49.199999999999996,49.11916028437557,49.0,41.85420094925828,40.65188846874385,40.30665462374105,40.935773235771926,0.3092672166666667,0.37428449231307004,28.809729469794068,29.047039303160926,18.613600310223994,28.572839232816573,23.31251874349835,23.538109691800543,23.372253098897186,23.163064839616556,18.53636586879078,23.55926654098159,23.393230868856087,23.183899303193026,1.0,0.0,0.8333333333333334,0.25,0.0,18.613600310223994,23.372253098897186,28.572839232816573,13.489942504667228,22.020992890610856,27.597269846962977,1.2506460763315014e-16,7.775857951493706e-16,0.0,3.915594799559109e-16,3.657475793594305e-14,converged
2025-01-15T16:00:00+08:00,8.0,-2.9583333333333335,103.33333333333331,2.7395833333333335,49.2,49.2,43.1,43.1,50.0,60.0,85.0,39.53515876043361,13.19501546714642,12.896784509707084,13.443358783580102,69.14092305626468,0.9990852960059755,49.199999999999996,49.2,49.09610920612148,41.85510704940122,40.70722825594958,40.372438142073186,40.97649680449583,0.31134160833333335,0.3751241393600323,28.8116366186709,29.04970481917751,18.618301774215663,28.574580581687368,23.315587365860242,23.541772813353855,23.375414726652256,23.165629627200687,18.54093343738713,23.56271769574417,23.396192122175947,23.186274172419324,1.0,0.0,0.8333333333333334,0.25,0.0,18.618301774215663,23.375414726652256,28.574580581687368,13.489942504667228,22.020992890610856,27.597269846962977,1.2506460763315014e-16,0.0,0.0,2.150964300843587e-15,6.798561349788038e-14,converged
2025-01-15T16:05:00+08:00,8.083333333333334,-3.0,100.0,2.75,49.4,49.4,43.2,43.2,50.0,60.0,85.0,39.626887667070356,13.225630352221009,12.92670744360432,13.474549871245024,69.46213481006424,1.006055633491708,49.2,49.20000000000001,49.199999999999996,41.869841963618654,40.72421554113434,40.45999675651698,41.016729111532676,0.313416,0.37576922909448784,28.813325065465108,29.052107933146797,18.62272294687464,28.576154097939455,23.31840843960095,23.545146382914083,23.378333165462287,23.168003052837882,18.545412308846128,23.566069133642195,23.399090513687593,23.188629406010342,1.0,0.0,0.8333333333333334,0.25,0.0,18.62272294687464,23.378333165462287,28.576154097939455,13.458715785906422,21.970018370030736,27.53338727787278,6.224313748108925e-17,3.098053614114901e-16,0.0,2.4949181695408986e-15,2.5399500148705266e-14,converged
2025-01-15T16:10:00+08:00,8.166666666666666,-3.041666666666667,96.66666666666664,2.760416666666667,49.4,49.4,43.2,43.2,50.0,60.0,85.0,39.626887667070356,13.225630352221009,12.92670744360432,13.474549871245024,69.46213481006424,1.006055633491708,49.2,49.20000000000001,49.199999999999996,41.870592663503714,40.72510854488786,40.46099200239061,41.01760938676156,0.3154903916666667,0.37572880756272375,28.814778952154374,29.054233945643904,18.626842660900547,28.577545870701663,23.320961572830477,23.548211419254706,23.380990087339487,23.170167329790935,18.549578213256982,23.569112116610157,23.40172745592371,23.19077554993717,1.0,0.0,0.8333333333333334,0.25,0.0,18.626842660900547,23.380990087339487,28.577545870701663,13.458715785906422,21.970018370030736,27.53338727787278,6.224313748108925e-17,1.0844354177613916e-15,0.0,1.73906496900461e-15,3.3249248014050155e-14,converged
2025-01-15T16:15:00+08:00,8.25,-3.083333333333333,93.33333333333336,2.770833333333333,49.4,49.4,43.2,43.2,50.0,60.0,85.0,39.626887667070356,13.225630352221009,12.92670744360432,13.474549871245024,69.46213481006424,1.006055633491708,49.26165136856375,49.20000000000001,49.199999999999996,41.913046645723604,40.72591639663783,40.46189956241949,41.03235070348641,0.3175647833333333,0.3759967493456167,28.816118185886708,29.05619659425424,18.630769428034814,28.57885853022989,23.323247859801942,23.550969116218095,23.38338645369808,23.172123190403,18.553432689147993,23.57184783889497,23.404103910619586,23.192713336770368,1.0,0.0,0.8333333333333334,0.25,0.0,18.630769428034814,23.38338645369808,28.57885853022989,13.458715785906422,21.970018370030736,27.53338727787278,6.224313748108925e-17,3.096178943821817e-16,0.0,4.497343074701605e-16,5.912443120829439e-14,converged
2025-01-15T16:20:00+08:00,8.333333333333334,-3.125,90.0,2.78125,49.4,49.4,43.2,43.2,50.0,60.0,85.0,39.626887667070356,13.225630352221009,12.92670744360432,13.474549871245024,69.46213481006424,1.006055633491708,49.4,49.20000000000001,49.199999999999996,42.007476629593185,40.72663942017193,40.462719786432864,41.064381846950496,0.319639175,0.3766461964432015,28.8174908714927,29.058136373741096,18.634636902295576,28.580218984829944,23.32526839029961,23.553420663027154,23.385523222417845,23.1738713644529,18.55697726748415,23.574277490119787,23.406220835972793,23.19444349651384,1.0,0.0,0.8333333333333334,0.25,0.0,18.634636902295576,23.385523222417845,28.580218984829944,13.458715785906422,21.970018370030736,27.53338727787278,6.224313748108925e-17,9.27252070454589e-16,0.0,2.1860289189625055e-15,3.118786449462519e-14,converged
2025-01-15T16:25:00+08:00,8.416666666666666,-3.166666666666667,86.66666666666664,2.791666666666667,49.4,49.4,43.2,43.2,50.0,60.0,85.0,39.626887667070356,13.225630352221009,12.92670744360432,13.474549871245024,69.46213481006424,1.006055633491708,49.4,49.32119926519877,49.199999999999996,42.008105719884604,40.80876832061256,40.46345302283952,41.09163244568323,0.32171356666666673,0.3772103540058749,28.81863007911394,29.05980055617713,18.638205370682805,28.58139832195072,23.327257346171635,23.555788086986254,23.38761116072431,23.17561241155758,18.5602134717043,23.576402255301872,23.40807918665619,23.195966756613842,1.0,0.0,0.8333333333333334,0.25,0.0,18.638205370682805,23.38761116072431,28.58139832195072,13.458715785906422,21.970018370030736,27.53338727787278,6.224313748108925e-17,9.258652679384434e-16,0.0,4.257666503922947e-15,3.552560858877441e-14,converged
2025-01-15T16:30:00+08:00,8.5,-3.208333333333333,83.33333333333336,2.802083333333333,49.4,49.4,43.2,43.2,50.0,60.0,85.0,39.626887667070356,13.225630352221009,12.92670744360432,13.474549871245024,69.46213481006424,1.006055633491708,49.4,49.400000000000006,49.29866450888508,42.00865606081298,40.86239924633036,40.530614330262885,41.132148327025035,0.3237879583333333,0.378070842374158,28.819536608884352,29.06119003641067,18.64147615772536,28.582397073745515,23.329133003576842,23.55799417922868,23.38957679935231,23.17727622262513,18.563332818433878,23.578403362067668,23.40985096684914,23.197446756654074,1.0,0.0,0.8333333333333334,0.25,0.0,18.64147615772536,23.38957679935231,28.582397073745515,13.458715785906422,21.970018370030736,27.53338727787278,6.224313748108925e-17,9.237580007166302e-16,0.0,2.269825283631818e-16,5.066120598316477e-14,converged
2025-01-15T16:35:00+08:00,8.583333333333334,-3.25,80.0,2.8125,49.6,49.6,43.3,43.3,50.0,60.0,85.0,39.71861657370709,13.256245237295595,12.95663037750155,13.505740958909941,69.78409097117267,1.0130583158730635,49.4,49.4,49.4,42.02309963505729,40.87905527736521,40.61616516562184,41.17149262337627,0.32586234999999997,0.3787210968771402,28.820227953389605,29.062321338407408,18.644473026689788,28.58323024936128,23.33076604972675,23.559916417540656,23.391303704344043,23.178751883746333,18.56636579835618,23.580305848714943,23.411559969991053,23.19890617106486,1.0,0.0,0.8333333333333334,0.25,0.0,18.644473026689788,23.391303704344043,28.58323024936128,13.427633301412413,21.91927929758263,27.469799778385777,6.195597229315214e-17,1.5369532194915033e-16,1.18610671591058e-16,6.517722448946777e-16,3.209504931967583e-14,converged
2025-01-15T16:40:00+08:00,8.666666666666666,-3.291666666666667,76.66666666666664,2.822916666666667,49.6,49.6,43.3,43.3,50.0,60.0,85.0,39.71861657370709,13.256245237295595,12.95663037750155,13.505740958909941,69.78409097117267,1.0130583158730635,49.4,49.4,49.4,42.023498099686144,40.87956345277221,40.61676007346049,41.171993674486146,0.3279367416666667,0.37869803575350736,28.820688154413304,29.06317966767037,18.647174744287515,28.583883856214214,23.332136005963246,23.561535737051198,23.39277347165185,23.180021538775566,18.569092916792886,23.581905488986795,23.413011897830334,23.200159633467944,1.0,0.0,0.8333333333333334,0.25,0.0,18.647174744287515,23.39277347165185,28.583883856214214,13.427633301412413,21.91927929758263,27.469799778385777,6.195597229315214e-17,1.5370468135027372e-16,1.18610671591058e-16,3.746740889136429e-15,2.715327962863866e-14,converged
2025-01-15T16:45:00+08:00,8.75,-3.333333333333333,73.33333333333336,2.833333333333333,49.6,49.6,43.3,43.3,50.0,60.0,85.0,39.71861657370709,13.256245237295595,12.95663037750155,13.505740958909941,69.78409097117267,1.0130583158730635,49.462894667943495,49.4,49.4,42.06648229306549,40.879988093949166,40.617269053212055,41.18665141250516,0.3300111333333333,0.37898954308064237,28.82103955926251,29.063881071363607,18.649692000364723,28.584462620055323,23.333243946946105,23.56285331011406,23.393987046780786,23.181085909197265,18.57151567759163,23.583203455650104,23.414207696201963,23.201207865585154,1.0,0.0,0.8333333333333334,0.25,0.0,18.649692000364723,23.393987046780786,28.584462620055323,13.427633301412413,21.91927929758263,27.469799778385777,6.195597229315214e-17,1.5358645634473834e-16,1.18610671591058e-16,1.5172787399789046e-15,7.159012088777079e-14,converged
2025-01-15T16:50:00+08:00,8.833333333333334,-3.375,70.0,2.84375,49.6,49.6,43.3,43.3,50.0,60.0,85.0,39.71861657370709,13.256245237295595,12.95663037750155,13.505740958909941,69.78409097117267,1.0130583158730635,49.6,49.4,49.4,42.15980425576994,40.880329518575245,40.61769244763253,41.21805333178826,0.33208552500000005,0.3796503553226131,28.82142551151228,29.064561531495798,18.652154145647252,28.5850893721623,23.33409094294538,23.56387030454577,23.394945371759256,23.181945713969036,18.573635577205987,23.58420091693022,23.41514830746099,23.202051586609166,1.0,0.0,0.8333333333333334,0.25,0.0,18.652154145647252,23.394945371759256,28.5850893721623,13.427633301412413,21.91927929758263,27.469799778385777,6.195597229315214e-17,1.5331912665801314e-16,1.18610671591058e-16,1.1551886804149866e-16,3.4628932244539216e-14,converged
2025-01-15T16:55:00+08:00,8.916666666666666,-3.416666666666667,66.66666666666664,2.854166666666667,49.6,49.6,43.3,43.3,50.0,60.0,85.0,39.71861657370709,13.256245237295595,12.95663037750155,13.505740958909941,69.78409097117267,1.0130583158730635,49.6,49.5232288280967,49.4,42.160085154169174,40.963519391494685,40.61803059808642,41.245399477217454,0.33415991666666667,0.3802418930778653,28.821581367113456,29.064970483098683,18.654323508658226,28.58553716215644,23.33491515630842,23.564812516233452,23.395862798854548,23.18280493165634,18.575454104731826,23.58489903652858,23.41583467049534,23.20269151321238,1.0,0.0,0.8333333333333334,0.25,0.0,18.654323508658226,23.395862798854548,28.58553716215644,13.427633301412413,21.91927929758263,27.469799778385777,6.195597229315214e-17,3.0616121986089385e-16,1.18610671591058e-16,4.035107188768872e-15,3.596548929036509e-14,converged
2025-01-15T17:00:00+08:00,9.0,-3.458333333333333,63.33333333333336,2.864583333333333,49.6,49.6,43.3,43.3,50.0,60.0,85.0,39.71861657370709,13.256245237295595,12.95663037750155,13.505740958909941,69.78409097117267,1.0130583158730635,49.6,49.6,49.50120800886457,42.1602886986148,41.01545533300988,40.68657578795958,41.28571726139914,0.3362343083333333,0.38112282552481586,28.821507914798396,29.065108807953738,18.65620138657053,28.585806515982508,23.335626991975616,23.565595276316238,23.396658776127026,23.183586711896556,18.57716771754114,23.585483736373714,23.41644325394866,23.20329554146384,1.0,0.0,0.8333333333333334,0.25,0.0,18.65620138657053,23.396658776127026,28.585806515982508,13.427633301412413,21.91927929758263,27.469799778385777,6.195597229315214e-17,0.0,1.18610671591058e-16,8.134304118991951e-16,5.3057792456474076e-14,converged
2025-01-15T17:05:00+08:00,9.083333333333334,-3.5,60.0,2.875,49.8,49.8,43.4,43.4,50.0,60.0,85.0,39.81034548034382,13.286860122370179,12.986553311398783,13.536932046574861,70.10679153959006,1.0200934180224874,49.6,49.6,49.6,42.17445322740338,41.031794074537544,40.770138423706605,41.32418886353833,0.3383087,0.3817779483687732,28.821222728847477,29.064993104532526,18.657811560052853,28.58591251463332,23.33610104173105,23.566099758410903,23.39722038461354,23.184183492235427,18.578797112248314,23.585970808263983,23.416989071309658,23.20387798800904,1.0,0.0,0.8333333333333334,0.25,0.0,18.657811560052853,23.39722038461354,28.58591251463332,13.396694054174136,21.868774045744882,27.406505308850324,6.167078983027246e-17,6.098588057500116e-16,1.1833737511273759e-16,1.721275366344306e-16,3.803573542298503e-14,converged
2025-01-15T17:10:00+08:00,9.166666666666666,-3.541666666666667,56.66666666666664,2.885416666666667,49.8,49.8,43.4,43.4,50.0,60.0,85.0,39.81034548034382,13.286860122370179,12.986553311398783,13.536932046574861,70.10679153959006,1.0200934180224874,49.6,49.6,49.6,42.1745083358928,41.03192758088682,40.770344004415804,41.32432071213548,0.3403830916666667,0.3817718659575047,28.820709747118652,29.064608478483446,18.659132724862584,28.58584108158138,23.336316735515226,23.56630680841582,23.39752913993459,23.184577344192594,18.580127545355143,23.5861605146843,23.41728209266913,23.20425755538648,1.0,0.0,0.8333333333333334,0.25,0.0,18.659132724862584,23.39752913993459,28.58584108158138,13.396694054174136,21.868774045744882,27.406505308850324,6.167078983027246e-17,1.5246713051387227e-16,1.1833737511273759e-16,9.164770867850871e-16,2.709888305757468e-14,converged
2025-01-15T17:15:00+08:00,9.25,-3.583333333333333,53.33333333333336,2.895833333333333,49.8,49.8,43.4,43.4,50.0,60.0,85.0,39.81034548034382,13.286860122370179,12.986553311398783,13.536932046574861,70.10679153959006,1.0200934180224874,49.66413223783303,49.6,49.6,42.218029070109566,41.03197913202832,40.770465370127994,41.33890401434002,0.34245748333333326,0.38208653481887705,28.820093747992356,29.064073277974185,18.66027774127503,28.58569903020028,23.33627512886235,23.5662175776808,23.39758597202724,23.18476897861603,18.581160487027436,23.58605400740629,23.417323248302942,23.204434954691465,1.0,0.0,0.8333333333333334,0.25,0.0,18.66027774127503,23.39758597202724,28.58569903020028,13.396694054174136,21.868774045744882,27.406505308850324,6.167078983027246e-17,3.0468313122345417e-16,1.1833737511273759e-16,1.398055888916747e-17,4.758026367811798e-14,converged
2025-01-15T17:20:00+08:00,9.333333333333334,-3.625,50.0,2.90625,49.8,49.8,43.4,43.4,50.0,60.0,85.0,39.81034548034382,13.286860122370179,12.986553311398783,13.536932046574861,70.10679153959006,1.0200934180224874,49.8,49.6,49.6,42.31025388475638,41.031949039678324,40.770502856707665,41.36968734100075,0.344531875,0.38275835551850806,28.819513332023327,29.063518989558823,18.661371673675664,28.58560513026616,23.33597727299417,23.56583321309882,23.39739180740845,23.18475910386365,18.58189740020135,23.585652433740485,23.417113465063597,23.20441089452689,1.0,0.0,0.8333333333333334,0.25,0.0,18.661371673675664,23.39739180740845,28.58560513026616,13.396694054174136,21.868774045744882,27.406505308850324,6.167078983027246e-17,0.0,1.1833737511273759e-16,5.098151257742376e-16,3.063498963054947e-14,converged
2025-01-15T17:25:00+08:00,9.416666666666666,-3.666666666666667,46.66666666666664,2.916666666666667,49.8,49.8,43.4,43.4,50.0,60.0,85.0,39.81034548034382,13.286860122370179,12.986553311398783,13.536932046574861,70.10679153959006,1.0200934180224874,49.8,49.7252490381702,49.6,42.310195373427064,41.11620585517423,40.770456798656106,41.39713761043545,0.3466062666666667,0.3833768574675886,28.81870613251304,29.062697203248472,18.662178884985998,28.585334386241694,23.33566529600204,23.5653832652089,23.39716457004013,23.184755104640697,18.582339740618934,23.584956936553592,23.416653666392826,23.20418608101199,1.0,0.0,0.8333333333333334,0.25,0.0,18.662178884985998,23.39716457004013,28.585334386241694,13.396694054174136,21.868774045744882,27.406505308850324,6.167078983027246e-17,6.073153324690538e-16,1.1833737511273759e-16,1.0956946318454839e-15,5.786096613990554e-14,converged
2025-01-15T17:30:00+08:00,9.5,-3.708333333333333,43.33333333333336,2.927083333333333,49.8,49.8,43.4,43.4,50.0,60.0,85.0,39.81034548034382,13.286860122370179,12.986553311398783,13.536932046574861,70.10679153959006,1.0200934180224874,49.8,49.8,49.703739787645986,42.31006087132409,41.16646042645311,40.84039169208719,41.43726663818468,0.34868065833333334,0.3842778452020091,28.817672927020002,29.06160878800366,18.662700645732752,28.584887317969397,23.335241761903152,23.564775633882473,23.396816652467233,23.184673415066715,18.58268888833524,23.584158114562495,23.416124768652015,23.20393265065859,1.0,0.0,0.8333333333333334,0.25,0.0,18.662700645732752,23.396816652467233,28.584887317969397,13.396694054174136,21.868774045744882,27.406505308850324,6.167078983027246e-17,1.514728513241988e-16,1.1833737511273759e-16,1.975584787755015e-15,4.3968941405882065e-14,converged
2025-01-15T17:35:00+08:00,9.583333333333334,-3.75,40.0,2.9375,50.0,50.0,43.5,43.5,50.0,60.0,85.0,39.90207438698056,13.317475007444763,13.016476245296015,13.56812313423978,70.43023651531638,1.0271610148124228,49.8,49.8,49.8,42.323958313793284,41.18249545219274,40.92198525456383,41.474880469046504,0.35075505,0.38493754657190765,28.81643137552382,29.0602704218605,18.662960760090524,28.58427908062841,23.33458515775134,23.56389518099769,23.396238642324423,23.184409814863155,18.582955790520522,23.583262554709425,23.415533043711335,23.203656597533417,1.0,0.0,0.8333333333333334,0.25,0.0,18.662960760090524,23.396238642324423,28.58427908062841,13.36589705634845,21.81850100196156,27.343501848370213,1.227751437629362e-16,9.072795537640911e-16,0.0,1.813520404392051e-15,3.022096381585452e-14,converged
2025-01-15T17:40:00+08:00,9.666666666666666,-3.791666666666667,36.66666666666664,2.947916666666667,50.0,50.0,43.5,43.5,50.0,60.0,85.0,39.90207438698056,13.317475007444763,13.016476245296015,13.56812313423978,70.43023651531638,1.0271610148124228,49.8,49.8,49.8,42.323678734462,41.18226419911982,40.92181223284686,41.474652887624046,0.3528294416666667,0.3849480695000266,28.814965308369825,29.05866710600164,18.66293784811073,28.583495511599132,23.333674817646383,23.562722657855424,23.395411970793678,23.18394630040263,18.582930431165394,23.582074985470825,23.41469270938838,23.20318067456007,1.0,0.0,0.8333333333333334,0.25,0.0,18.66293784811073,23.395411970793678,28.583495511599132,13.36589705634845,21.81850100196156,27.343501848370213,1.227751437629362e-16,7.560456269993502e-16,0.0,2.3625894667636367e-15,3.7930046424153186e-14,converged
2025-01-15T17:45:00+08:00,9.75,-3.833333333333333,33.33333333333336,2.958333333333333,50.0,50.0,43.5,43.5,50.0,60.0,85.0,39.90207438698056,13.317475007444763,13.016476245296015,13.56812313423978,70.43023651531638,1.0271610148124228,49.86536411774607,49.8,49.8,42.36774213791796,41.181952532042054,40.92155666571166,41.48917065166749,0.3549038333333333,0.3852855043094507,28.813401925974023,29.056919481068398,18.6627469328511,28.582645504048248,23.332511778453878,23.56125919527563,23.394337552578158,23.183283572114565,18.582614247724468,23.58059653809728,23.413604680734032,23.20250558242516,1.0,0.0,0.8333333333333334,0.25,0.0,18.6627469328511,23.394337552578158,28.582645504048248,13.36589705634845,21.81850100196156,27.343501848370213,1.227751437629362e-16,9.064601745315073e-16,0.0,2.080036730981547e-15,6.617187605899686e-14,converged
2025-01-15T17:50:00+08:00,9.833333333333334,-3.875,30.0,2.96875,50.0,50.0,43.5,43.5,50.0,60.0,85.0,39.90207438698056,13.317475007444763,13.016476245296015,13.56812313423978,70.43023651531638,1.0271610148124228,50.0,49.8,49.8,42.4588804621206,41.18156075685493,40.92121888230825,41.5193457679756,0.356978225,0.3859679849164274,28.811875104000976,29.055154555360527,18.66250880919948,28.581843781688985,23.331097072802386,23.559505919700015,23.393016299016285,23.182422327974315,18.582008670582397,23.578828339456884,23.41226986943116,23.201632019358893,1.0,0.0,0.8333333333333334,0.25,0.0,18.66250880919948,23.393016299016285,28.581843781688985,13.36589705634845,21.81850100196156,27.343501848370213,1.227751437629362e-16,4.5242867171538295e-16,0.0,4.0357129530184444e-16,3.3242618495831026e-14,converged
2025-01-15T17:55:00+08:00,9.916666666666666,-3.916666666666667,26.666666666666643,2.979166666666667,50.0,50.0,43.5,43.5,50.0,60.0,85.0,39.90207438698056,13.317475007444763,13.016476245296015,13.56812313423978,70.43023651531638,1.0271610148124228,50.0,49.92725995992154,49.8,42.458491114732404,41.26689025196896,40.92079921045095,41.54690849696962,0.3590526166666667,0.38661304350372394,28.810124744688274,29.053126065930208,18.661989867376715,28.58086729653412,23.32967677984683,23.55769612245901,23.3916696924872,23.181573346086903,18.58111512308865,23.576771512052222,23.41068918380703,23.20056068114367,1.0,0.0,0.8333333333333334,0.25,0.0,18.661989867376715,23.3916696924872,28.58086729653412,13.36589705634845,21.81850100196156,27.343501848370213,1.227751437629362e-16,0.0,0.0,7.795242213410372e-16,2.992944485440064e-14,converged
2025-01-15T18:00:00+08:00,10.0,-3.958333333333333,23.333333333333357,2.989583333333333,50.0,50.0,43.5,43.5,50.0,60.0,85.0,39.90207438698056,13.317475007444763,13.016476245296015,13.56812313423978,70.43023651531638,1.0271610148124228,50.0,50.0,49.90625992606519,42.45802710828375,41.31547680976657,40.99212936379468,41.586857865752364,0.3611270083333333,0.38753370600376874,28.80815161464395,29.050834869158518,18.661191351955164,28.57971656242848,23.328145652798444,23.555730300714046,23.390203097022322,23.180646370659634,18.580139889997813,23.574621313965682,23.409047971283414,23.1994679287787,1.0,0.0,0.8333333333333334,0.25,0.0,18.661191351955164,23.390203097022322,28.57971656242848,13.36589705634845,21.81850100196156,27.343501848370213,1.227751437629362e-16,4.506007607469994e-16,0.0,5.646239373826424e-16,3.491715801933968e-14,converged
2025-01-15T18:05:00+08:00,10.083333333333334,-4.0,20.0,3.0,50.2,50.2,43.6,43.6,50.0,60.0,85.0,39.9938032936173,13.34808989251935,13.046399179193248,13.599314221904699,70.75442589835158,1.0342611811153124,50.0,50.0,50.0,42.471669096714,41.33122131263731,41.07177253826291,41.62362846497836,0.3632014,0.3881977025620124,28.805973463403223,29.048297727530382,18.660137096478604,28.57840681099452,23.326386064552416,23.55349699688112,23.388510598357637,23.179540514261742,18.579084213149585,23.57237516849697,23.407343800083023,23.19835146866041,1.0,0.0,0.8333333333333334,0.25,0.0,18.660137096478604,23.388510598357637,28.57840681099452,13.335241329154988,21.76845856847082,27.28078739458954,1.222126008887173e-16,2.998866841782458e-16,0.0,6.040925573043005e-16,3.950489112020282e-14,converged
2025-01-15T18:10:00+08:00,10.166666666666666,-4.041666666666667,19.58333333333333,3.004166666666667,50.2,50.2,43.6,43.6,50.0,60.0,85.0,39.9938032936173,13.34808989251935,13.046399179193248,13.599314221904699,70.75442589835158,1.0342611811153124,50.0,50.0,50.0,42.47108656460604,41.33065861131151,41.07125495632263,41.623074487244956,0.3640590166666667,0.388223376313765,28.80371959342077,29.045683444340625,18.658954060823316,28.577031965407606,23.324522784220566,23.55116071612666,23.38672201547877,23.17834583882086,18.577888255030526,23.570026101080117,23.405543591414126,23.197146229055896,1.0,0.0,0.8333333333333334,0.25,0.0,18.658954060823316,23.38672201547877,28.577031965407606,13.335241329154988,21.76845856847082,27.28078739458954,1.222126008887173e-16,1.499334261273941e-16,0.0,3.3955130774270375e-15,3.870738329076801e-14,converged
2025-01-15T18:15:00+08:00,10.25,-4.083333333333333,19.16666666666667,3.0083333333333333,50.2,50.2,43.6,43.6,50.0,60.0,85.0,39.9938032936173,13.34808989251935,13.046399179193248,13.599314221904699,70.75442589835158,1.0342611811153124,50.066590346833806,50.0,50.0,42.51576827769014,41.3300641704227,41.0707035240924,41.637605766134264,0.3649166333333333,0.3885799273417341,28.80151911877297,29.04311434650893,18.657758765314508,28.575702672708907,23.32255623561402,23.54872185722971,23.38483770190261,23.177062655589605,18.576552705711084,23.567574510515733,23.403647698829495,23.195852521262193,1.0,0.0,0.8333333333333334,0.25,0.0,18.657758765314508,23.38483770190261,28.575702672708907,13.335241329154988,21.76845856847082,27.28078739458954,1.222126008887173e-16,4.493875531219378e-16,0.0,7.517644223931336e-16,4.5937202152230865e-14,converged
2025-01-15T18:20:00+08:00,10.333333333333334,-4.125,18.75,3.0125,50.2,50.2,43.6,43.6,50.0,60.0,85.0,39.9938032936173,13.34808989251935,13.046399179193248,13.599314221904699,70.75442589835158,1.0342611811153124,50.2,50.0,50.0,42.60594653919649,41.32943811049928,41.07011837787426,41.6672999194325,0.36577425,0.3892672999562572,28.79950071058814,29.04071238541457,18.656667097096086,28.574529308703998,23.320486840811697,23.546180817425043,23.38285800984538,23.175691274729854,18.57507825186711,23.56502079405915,23.401656474580324,23.194470655484796,1.0,0.0,0.8333333333333334,0.25,0.0,18.656667097096086,23.38285800984538,28.574529308703998,13.335241329154988,21.76845856847082,27.28078739458954,1.222126008887173e-16,2.990626796548712e-16,0.0,1.097071778524395e-15,3.718253799747649e-14,converged
2025-01-15T18:25:00+08:00,10.416666666666666,-4.166666666666667,18.33333333333333,3.0166666666666666,50.2,50.2,43.6,43.6,50.0,60.0,85.0,39.9938032936173,13.34808989251935,13.046399179193248,13.599314221904699,70.75442589835158,1.0342611811153124,50.2,50.12926165726117,50.0,42.60539681608012,41.4160104123918,41.0694996534107,41.69514685407398,0.3666318666666667,0.38993093180902466,28.797406035704455,29.038232843422463,18.65544681453728,28.573290449440574,23.318564025446232,23.543773908572827,23.38100742462826,23.17444547875425,18.573465576796576,23.56236534742643,23.399570269621037,23.1930009408415,1.0,0.0,0.8333333333333334,0.25,0.0,18.65544681453728,23.38100742462826,28.573290449440574,13.335241329154988,21.76845856847082,27.28078739458954,1.222126008887173e-16,1.4927684921896786e-16,0.0,4.651862332156064e-15,3.2731409082864065e-14,converged
2025-01-15T18:30:00+08:00,10.5,-4.208333333333333,17.91666666666667,3.0208333333333335,50.2,50.2,43.6,43.6,50.0,60.0,85.0,39.9938032936173,13.34808989251935,13.046399179193248,13.599314221904699,70.75442589835158,1.0342611811153124,50.2,50.2,50.10876850421642,42.6048196822032,41.4631533125832,41.14244111872229,41.735135433162846,0.36748948333333326,0.39086116390857245,28.79523535573505,29.03567597267018,18.654098487743067,28.571986287535452,23.316674174295226,23.54139354977945,23.379183768343022,23.173227972415685,18.57192514694274,23.559807366589304,23.397578305279342,23.191623571730524,1.0,0.0,0.8333333333333334,0.25,0.0,18.654098487743067,23.379183768343022,28.571986287535452,13.335241329154988,21.76845856847082,27.28078739458954,1.222126008887173e-16,1.0424510389310016e-15,0.0,1.282059739300263e-15,2.2751561011688373e-14,converged
2025-01-15T18:35:00+08:00,10.583333333333334,-4.25,17.5,3.025,50.4,50.4,43.7,43.7,50.0,60.0,85.0,40.08553220025404,13.378704777593939,13.076322113090482,13.630505309569621,71.07935968869575,1.0413939918036013,50.2,50.2,50.2,42.6184697904254,41.47887623985366,41.22040766225385,41.77133159011951,0.3683471,0.3915172891056142,28.7930060188337,29.033058032336598,18.65264533704142,28.57063181749737,23.31470294927002,23.53893125259055,23.37728407601202,23.171940816724312,18.57044783869536,23.55733444806829,23.395668943222017,23.190327626250888,1.0,0.0,0.8333333333333334,0.25,0.0,18.65264533704142,23.37728407601202,28.57063181749737,13.30472590277248,21.718645162135644,27.218359963480637,3.0413478861152326e-16,2.973440128094345e-16,1.197369276100629e-16,4.447546410863511e-16,4.2785082195772465e-14,converged
2025-01-15T18:40:00+08:00,10.666666666666666,-4.291666666666667,17.08333333333333,3.029166666666667,50.4,50.4,43.7,43.7,50.0,60.0,85.0,40.08553220025404,13.378704777593939,13.076322113090482,13.630505309569621,71.07935968869575,1.0413939918036013,50.2,50.2,50.2,42.61784490735862,41.478247644071985,41.21981115816586,41.770715145787264,0.36920471666666665,0.39154592335744465,28.79070114057954,29.0303632150459,18.651065175421206,28.56921238576976,23.31262889880164,23.536366867188683,23.37528906320265,23.170565478250296,18.568832324509113,23.5547594882244,23.39366430050708,23.18894353156013,1.0,0.0,0.8333333333333334,0.25,0.0,18.651065175421206,23.37528906320265,28.56921238576976,13.30472590277248,21.718645162135644,27.218359963480637,3.0413478861152326e-16,5.946445353264913e-16,1.197369276100629e-16,3.2310477862272087e-15,3.905409029880569e-14,converged
2025-01-15T18:45:00+08:00,10.75,-4.333333333333333,16.66666666666667,3.033333333333333,50.4,50.4,43.7,43.7,50.0,60.0,85.0,40.08553220025404,13.378704777593939,13.076322113090482,13.630505309569621,71.07935968869575,1.0413939918036013,50.26781096388911,50.2,50.2,42.66335551791188,41.477587622756594,41.219181196803675,41.785474976762465,0.3700623333333333,0.3919115991071252,28.788452249230517,29.027716134693037,18.64947668798797,28.567840709156854,23.31045244324222,23.533700788989588,23.37319908069124,23.169102266077733,18.567079284356588,23.552082882523795,23.3915647279702,23.187471596806112,1.0,0.0,0.8333333333333334,0.25,0.0,18.64947668798797,23.37319908069124,28.567840709156854,13.30472590277248,21.718645162135644,27.218359963480637,3.0413478861152326e-16,7.426121228113602e-16,1.197369276100629e-16,2.659271762863819e-15,4.403562466575783e-14,converged
2025-01-15T18:50:00+08:00,10.833333333333334,-4.375,16.25,3.0375,50.4,50.4,43.7,43.7,50.0,60.0,85.0,40.08553220025404,13.378704777593939,13.076322113090482,13.630505309569621,71.07935968869575,1.0413939918036013,50.4,50.2,50.2,42.75274147951488,41.476896295263735,41.21851791285253,41.81485683626389,0.37091995,0.3925961311787399,28.78638333701818,29.025234309898305,18.647991542878817,28.566623153502928,23.30817400122548,23.530933411877452,23.37101447796327,23.167551488207376,18.565189394864916,23.549305024899997,23.389370575155215,23.185912130052483,1.0,0.0,0.8333333333333334,0.25,0.0,18.647991542878817,23.37101447796327,28.566623153502928,13.30472590277248,21.718645162135644,27.218359963480637,3.0413478861152326e-16,1.0378442221804973e-15,1.197369276100629e-16,1.7059341114397358e-15,3.20550079068211e-14,converged
2025-01-15T18:55:00+08:00,10.916666666666666,-4.416666666666667,15.83333333333333,3.0416666666666665,50.4,50.4,43.7,43.7,50.0,60.0,85.0,40.08553220025404,13.378704777593939,13.076322113090482,13.630505309569621,71.07935968869575,1.0413939918036013,50.4,50.331254193514575,50.2,42.752149914215885,41.56482839636773,41.217821440444965,41.84310694964939,0.3717775666666667,0.39327274949805324,28.78423833302989,29.0226751656688,18.646379528694673,28.565340233410602,23.306046934520715,23.528304777117295,23.36896328416956,23.16613030304875,18.56316332933223,23.546426307759813,23.387082190318907,23.184265438282477,1.0,0.0,0.8333333333333334,0.25,0.0,18.646379528694673,23.36896328416956,28.565340233410602,13.30472590277248,21.718645162135644,27.218359963480637,3.0413478861152326e-16,8.880502550114606e-16,1.197369276100629e-16,4.599262005882475e-16,5.308394007908984e-14,converged
2025-01-15T19:00:00+08:00,11.0,-4.458333333333333,15.41666666666667,3.0458333333333334,50.4,50.4,43.7,43.7,50.0,60.0,85.0,40.08553220025404,13.378704777593939,13.076322113090482,13.630505309569621,71.07935968869575,1.0413939918036013,50.4,50.4,50.31126560146078,42.75153116318289,41.61060442848951,41.29244282992647,41.8832069860213,0.3726351833333333,0.3942091869409939,28.78201749833939,29.020038953350717,18.644641207895226,28.56399214115663,23.3039498909596,23.525699973782945,23.366936358142052,23.164734783962263,18.561216443624595,23.54365056794774,23.38489320453096,23.182715916485364,1.0,0.0,0.8333333333333334,0.25,0.0,18.644641207895226,23.366936358142052,28.56399214115663,13.30472590277248,21.718645162135644,27.218359963480637,3.0413478861152326e-16,1.4765678437164394e-16,1.197369276100629e-16,3.753058159761568e-15,3.9735266939778185e-14,converged
2025-01-15T19:05:00+08:00,11.083333333333334,-4.5,15.0,3.05,50.6,50.6,43.8,43.8,50.0,60.0,85.0,40.17726110689077,13.40931966266852,13.10624504698771,13.661696397234536,71.4050378863488,1.0485595217497308,50.4,50.4,50.4,42.76521387585305,41.62633148754245,41.36876355722376,41.91885573667168,0.3734928,0.3948563260827197,28.779738281730232,29.017342029746224,18.642799852496527,28.56259395347466,23.301772406952495,23.52301418661272,23.364834221674766,23.163270309756477,18.55933000972307,23.54095632811031,23.38278335668278,23.181244427803396,1.0,0.0,0.8333333333333334,0.25,0.0,18.642799852496527,23.364834221674766,28.56259395347466,13.274349816236475,21.669059214276896,27.1562175891348,1.210990522431851e-16,2.948295725229095e-16,0.0,1.8857432807459133e-15,3.658830808601326e-14,converged
2025-01-15T19:10:00+08:00,11.166666666666666,-4.541666666666667,14.58333333333333,3.0541666666666667,50.6,50.6,43.8,43.8,50.0,60.0,85.0,40.17726110689077,13.40931966266852,13.10624504698771,13.661696397234536,71.4050378863488,1.0485595217497308,50.4,50.4,50.4,42.76454791493565,41.62563882359316,41.368090445756486,41.91817863350345,0.3743504166666667,0.39488784995038245,28.777383696749535,29.014568487999973,18.64083320860264,28.56113093367866,23.29949294249108,23.520227178960358,23.362637511278816,23.161718275320148,18.557307384347986,23.538160906780043,23.380578967950846,23.17968540660068,1.0,0.0,0.8333333333333334,0.25,0.0,18.64083320860264,23.362637511278816,28.56113093367866,13.274349816236475,21.669059214276896,27.1562175891348,1.210990522431851e-16,1.474030181500423e-16,0.0,1.7415888621338652e-15,3.0915459819589776e-14,converged
2025-01-15T19:15:00+08:00,11.25,-4.583333333333333,14.16666666666667,3.0583333333333336,50.6,50.6,43.8,43.8,50.0,60.0,85.0,40.17726110689077,13.40931966266852,13.10624504698771,13.661696397234536,71.4050378863488,1.0485595217497308,50.46902600735055,50.4,50.4,42.810886208779486,41.62491504104656,41.36738426020434,41.93316798853047,0.3752080333333333,0.39526255658236076,28.77508767674243,29.011845220372784,18.638862118096025,28.559717860541266,23.29711191455531,23.517339342957893,23.36034657505184,23.16007898761579,18.555149237669827,23.53526469616763,23.3782803865151,23.17803915992244,1.0,0.0,0.8333333333333334,0.25,0.0,18.638862118096025,23.36034657505184,28.559717860541266,13.274349816236475,21.669059214276896,27.1562175891348,1.210990522431851e-16,2.9452656187198794e-16,0.0,5.837876577168125e-15,4.526825755467441e-14,converged
2025-01-15T19:20:00+08:00,11.333333333333334,-4.625,13.75,3.0625,50.6,50.6,43.8,43.8,50.0,60.0,85.0,40.17726110689077,13.40931966266852,13.10624504698771,13.661696397234536,71.4050378863488,1.0485595217497308,50.6,50.4,50.4,42.89948316704961,41.624160258113235,41.36664513367706,41.96224002604892,0.37606565000000003,0.39594419942110715,28.772969552665803,29.00928532941949,18.636994046186715,28.55845710503234,23.29462973842016,23.51435106921823,23.357961759810234,23.1583527525298,18.5528562365613,23.53226808696342,23.375887959273182,23.176305993736857,1.0,0.0,0.8333333333333334,0.25,0.0,18.636994046186715,23.357961759810234,28.55845710503234,13.274349816236475,21.669059214276896,27.1562175891348,1.210990522431851e-16,1.1760780634962261e-15,0.0,2.5782156679757047e-15,4.201370108114498e-14,converged
2025-01-15T19:25:00+08:00,11.416666666666666,-4.666666666666667,13.33333333333333,3.066666666666667,50.6,50.6,43.8,43.8,50.0,60.0,85.0,40.17726110689077,13.40931966266852,13.10624504698771,13.661696397234536,71.4050378863488,1.0485595217497308,50.6,50.533237631428925,50.4,42.89885101719251,41.7134499452513,41.36587319873832,41.990893793075436,0.37692326666666665,0.396633696385889,28.770775507375237,29.006648374762424,18.635000804245905,28.557131113043834,23.292303697196676,23.51150611439842,23.355714625213764,23.156760091674766,18.550429044613573,23.529171468343332,23.37340203184516,23.174486212938834,1.0,0.0,0.8333333333333334,0.25,0.0,18.635000804245905,23.355714625213764,28.557131113043834,13.274349816236475,21.669059214276896,27.1562175891348,1.210990522431851e-16,0.0,0.0,1.8992534156194195e-15,4.883134571545989e-14,converged
2025-01-15T19:30:00+08:00,11.5,-4.708333333333333,12.91666666666667,3.0708333333333333,50.6,50.6,43.8,43.8,50.0,60.0,85.0,40.17726110689077,13.40931966266852,13.10624504698771,13.661696397234536,71.4050378863488,1.0485595217497308,50.6,50.6,50.513751296434606,42.8981919013604,41.75786447116366,41.44217184313575,42.03110654616344,0.3777808833333333,0.3975762568422649,28.768505801419536,29.00393460697441,18.632882947290085,28.555740076520504,23.290004731027597,23.508682265239443,23.353489093123038,23.15519047203248,18.548087888785467,23.526183300510745,23.371020628399915,23.172768397254288,1.0,0.0,0.8333333333333334,0.25,0.0,18.632882947290085,23.353489093123038,28.555740076520504,13.274349816236475,21.669059214276896,27.1562175891348,1.210990522431851e-16,1.4640628033419212e-16,0.0,1.6146461599374668e-15,3.4181753031836254e-14,converged
2025-01-15T19:35:00+08:00,11.583333333333334,-4.75,12.5,3.075,50.8,50.8,43.9,43.9,50.0,60.0,85.0,40.26899001352751,13.439934547743109,13.136167980884945,13.692887484899456,71.73146049131078,1.0557578458261467,50.6,50.6,50.6,42.91190828565664,41.77359755354934,41.516853761713186,42.066211246529924,0.3786385,0.398214387980096,28.76617798351207,29.001160479933052,18.630663800202736,28.554299153824314,23.287626236748824,23.505778366402097,23.351189159424138,23.153552578050615,18.545804474809433,23.5232730671148,23.3687148980867,23.17112522622256,1.0,0.0,0.8333333333333334,0.25,0.0,18.630663800202736,23.351189159424138,28.554299153824314,13.244112117338437,21.619699170508607,27.094358323555902,1.808219647459924e-16,1.4617166699756918e-16,0.0,8.435566053714273e-16,3.286716588121449e-14,converged
2025-01-15T19:40:00+08:00,11.666666666666666,-4.791666666666667,12.08333333333333,3.0791666666666666,50.8,50.8,43.9,43.9,50.0,60.0,85.0,40.26899001352751,13.439934547743109,13.136167980884945,13.692887484899456,71.73146049131078,1.0557578458261467,50.6,50.6,50.6,42.911202486032636,41.77284260224457,41.516106295088434,42.065475244850006,0.3794961166666667,0.3982487322165175,28.7637749658977,28.998309987887154,18.62832104141136,28.552793525753238,23.285146585863806,23.5027740943057,23.34879538152592,23.151827732960044,18.543386824697155,23.520262491727127,23.36631534998945,23.169395126051434,1.0,0.0,0.8333333333333334,0.25,0.0,18.62832104141136,23.34879538152592,28.552793525753238,13.244112117338437,21.619699170508607,27.094358323555902,1.808219647459924e-16,2.9231812284500336e-16,0.0,7.006731604258234e-16,3.520862566982712e-14,converged
2025-01-15T19:45:00+08:00,11.75,-4.833333333333333,11.66666666666667,3.0833333333333335,50.8,50.8,43.9,43.9,50.0,60.0,85.0,40.26899001352751,13.439934547743109,13.136167980884945,13.692887484899456,71.73146049131078,1.0557578458261467,50.67023551530646,50.6,50.6,42.958367223840646,41.77205683235632,41.51532612800396,42.080695051543486,0.38035373333333333,0.3986323776510121,28.76143307796478,28.99551229290171,18.625977661612488,28.551340025296923,23.28256619206507,23.499669837876414,23.346308104907898,23.150016241647695,18.540835599104355,23.517151963380137,23.363822329692447,23.167578401729106,1.0,0.0,0.8333333333333334,0.25,0.0,18.625977661612488,23.346308104907898,28.551340025296923,13.244112117338437,21.619699170508607,27.094358323555902,1.808219647459924e-16,5.840735893703653e-16,0.0,4.197965208458516e-15,2.992741429005787e-14,converged
2025-01-15T19:50:00+08:00,11.833333333333334,-4.875,11.25,3.0875,50.8,50.8,43.9,43.9,50.0,60.0,85.0,40.26899001352751,13.439934547743109,13.136167980884945,13.692887484899456,71.73146049131078,1.0557578458261467,50.8,50.6,50.6,43.046178435425915,41.77124036097545,41.51451339203421,42.10945968975456,0.38121135,0.39931108407166016,28.759267006919558,28.992876098066688,18.623736939075254,28.550037043553885,23.279885467353296,23.496465984533398,23.343727673777728,23.148118407931438,18.538151455435273,23.513941869597932,23.361236181507003,23.165675357173736,1.0,0.0,0.8333333333333334,0.25,0.0,18.623736939075254,23.343727673777728,28.550037043553885,13.244112117338437,21.619699170508607,27.094358323555902,1.808219647459924e-16,5.830808433358839e-16,0.0,1.5273038534826447e-15,2.6178436086422e-14,converged
2025-01-15T19:55:00+08:00,11.916666666666666,-4.916666666666667,10.83333333333333,3.091666666666667,50.8,50.8,43.9,43.9,50.0,60.0,85.0,40.26899001352751,13.439934547743109,13.136167980884945,13.692887484899456,71.73146049131078,1.0557578458261467,50.8,50.73521203317964,50.6,43.04550692508284,41.86188538971921,41.51366821821392,42.13851754292475,0.3820689666666667,0.4000133536876525,28.757025180951622,28.990163089636887,18.62137270051704,28.548668950479925,23.27736560146736,23.493409992389722,23.341289165056732,23.146358104003113,18.535335047858673,23.510632596402164,23.358557248476128,23.1636862952372,1.0,0.0,0.8333333333333334,0.25,0.0,18.62137270051704,23.341289165056732,28.548668950479925,13.244112117338437,21.619699170508607,27.094358323555902,1.808219647459924e-16,1.4551429440257746e-16,0.0,2.488788611487648e-15,3.847681205253839e-14,converged
2025-01-15T20:00:00+08:00,12.0,-4.958333333333333,10.41666666666667,3.095833333333333,50.8,50.8,43.9,43.9,50.0,60.0,85.0,40.26899001352751,13.439934547743109,13.136167980884945,13.692887484899456,71.73146049131078,1.0557578458261467,50.8,50.8,50.716225667057756,43.04480866339274,41.904943715243455,41.59164140351347,42.178844227508854,0.3829265833333333,0.40096195650955163,28.75470786009898,28.987373517429443,18.618885493708074,28.547235937695714,23.274869855953586,23.490372373397786,23.33886958977549,23.144618215340035,18.532611456192456,23.507437209937933,23.355987931317237,23.161803964615583,1.0,0.0,0.8333333333333334,0.25,0.0,18.618885493708074,23.33886958977549,28.547235937695714,13.244112117338437,21.619699170508607,27.094358323555902,1.808219647459924e-16,1.451700341353477e-16,0.0,4.439055013269231e-15,3.5562656792095396e-14,converged
2025-01-15T20:05:00+08:00,12.083333333333334,-5.0,10.0,3.1,51.0,51.0,44.0,44.0,50.0,60.0,85.0,40.360718920164246,13.470549432817693,13.166090914782176,13.724078572564375,72.0586275035817,1.0629890389052916,50.8,50.8,50.8,43.058559741591665,41.92068464830229,41.66469141949063,42.213408163204015,0.3837842,0.4015910588427114,28.75233269230468,28.98452393184568,18.61629869751662,28.545753244596074,23.272295474048885,23.48725561891575,23.336376405279655,23.14281071991883,18.5299428577935,23.504316189510487,23.35349082226328,23.159992892406173,1.0,0.0,0.8333333333333334,0.25,0.0,18.61629869751662,23.336376405279655,28.545753244596074,13.214011862526307,21.570563490575633,27.03278023645691,6.000032690739051e-17,4.3482786505163627e-16,0.0,4.470621213350178e-15,3.3036143121809076e-14,converged
2025-01-15T20:10:00+08:00,12.166666666666666,-5.041666666666667,9.58333333333333,3.104166666666667,51.0,51.0,44.0,44.0,50.0,60.0,85.0,40.360718920164246,13.470549432817693,13.166090914782176,13.724078572564375,72.0586275035817,1.0629890389052916,50.8,50.8,50.8,43.057815309333186,41.91986914608445,41.663871789067244,42.212614977129384,0.3846418166666667,0.4016281558005759,28.74988248924074,28.98159822882548,18.613589921954166,28.544205970075065,23.26962073874633,23.48403931834975,23.333790089851686,23.14091686935302,18.5271419211573,23.501095646719598,23.350900602206227,23.158095481399982,1.0,0.0,0.8333333333333334,0.25,0.0,18.613589921954166,23.333790089851686,28.544205970075065,13.214011862526307,21.570563490575633,27.03278023645691,6.000032690739051e-17,2.898584677034933e-16,0.0,2.9786697982394604e-15,2.7037082472895505e-14,converged
2025-01-15T20:15:00+08:00,12.25,-5.083333333333333,9.16666666666667,3.1083333333333334,51.0,51.0,44.0,44.0,50.0,60.0,85.0,40.360718920164246,13.470549432817693,13.166090914782176,13.724078572564375,72.0586275035817,1.0629890389052916,50.87143952549895,50.8,50.8,43.10580522750097,41.91902311854067,41.66301982250032,42.22806611997265,0.3854994333333333,0.4020206496792369,28.747495967344825,28.978727831723653,18.61088429860883,28.542712993630907,23.266846060533812,23.480723857496194,23.33111098641227,23.138936966499013,18.524209297703997,23.4977759674949,23.348217614193548,23.156112034572885,1.0,0.0,0.8333333333333334,0.25,0.0,18.61088429860883,23.33111098641227,28.542712993630907,13.214011862526307,21.570563490575633,27.03278023645691,6.000032690739051e-17,1.4478773903755932e-16,0.0,2.5804448911317212e-15,6.540376369153273e-14,converged
2025-01-15T20:20:00+08:00,12.333333333333334,-5.125,8.75,3.1125000000000003,51.0,51.0,44.0,44.0,50.0,60.0,85.0,40.360718920164246,13.470549432817693,13.166090914782176,13.724078572564375,72.0586275035817,1.0629890389052916,51.0,50.8,50.8,43.19283391001355,41.91814668166736,41.66213564986801,42.256525733635584,0.38635705,0.4026963739650325,28.74528318749919,28.976017060673637,18.608280934702258,28.541368741410633,23.263971848220166,23.477309620656307,23.328339436619412,23.13687131315107,18.521145635647212,23.494357536269455,23.345442200008815,23.154042853837563,1.0,0.0,0.8333333333333334,0.25,0.0,18.608280934702258,23.328339436619412,28.541368741410633,13.214011862526307,21.570563490575633,27.03278023645691,6.000032690739051e-17,7.227239264702415e-16,0.0,2.179611031101199e-16,3.4873845574732655e-14,converged
2025-01-15T20:25:00+08:00,12.416666666666666,-5.166666666666667,8.33333333333333,3.1166666666666667,51.0,51.0,44.0,44.0,50.0,60.0,85.0,40.360718920164246,13.470549432817693,13.166090914782176,13.724078572564375,72.0586275035817,1.0629890389052916,51.0,50.93717746037698,50.8,43.19212423058574,42.010144777406325,41.66121940071515,42.28598806426598,0.3872146666666667,0.40341131202631836,28.742994814839633,28.973229720623827,18.605555664911105,28.539959500248205,23.261263183538606,23.474047753539438,23.32571402148133,23.13494711952599,18.51795158000979,23.490840735985568,23.34257470017638,23.15188824004724,1.0,0.0,0.8333333333333334,0.25,0.0,18.605555664911105,23.32571402148133,28.539959500248205,13.214011862526307,21.570563490575633,27.03278023645691,6.000032690739051e-17,0.0,0.0,2.4235312970075113e-15,3.434711342786566e-14,converged
2025-01-15T20:30:00+08:00,12.5,-5.208333333333333,7.91666666666667,3.1208333333333336,51.0,51.0,44.0,44.0,50.0,60.0,85.0,40.360718920164246,13.470549432817693,13.166090914782176,13.724078572564375,72.0586275035817,1.0629890389052916,51.0,51.0,50.91868879054172,43.191388009440885,42.051852153423056,41.740864369769696,42.32642985167742,0.3880722833333333,0.40436587821053355,28.740631108907216,28.970366060653003,18.60270902995125,28.538485461447994,23.258575678368334,23.47080152069937,23.323104867193813,23.133040714332044,18.514857045330857,23.487443221408913,23.33982187550301,23.14984509518901,1.0,0.0,0.8333333333333334,0.25,0.0,18.60270902995125,23.323104867193813,28.538485461447994,13.214011862526307,21.570563490575633,27.03278023645691,6.000032690739051e-17,1.0076360255652696e-15,0.0,9.315584092091038e-16,4.6515618501311475e-14,converged
2025-01-15T20:35:00+08:00,12.583333333333334,-5.25,7.5,3.125,51.2,51.2,44.1,44.1,50.0,60.0,85.0,40.452447826800984,13.50116431789228,13.19601384867941,13.755269660229294,72.38653892316155,1.0702531758596094,51.0,51.0,51.0,43.20517476025974,42.06760270203371,41.812289290432304,42.36045623979301,0.38892990000000005,0.4049859320585062,28.738209816174525,28.967442727130884,18.599764463733187,28.536961944843455,23.25581040837221,23.467477047012075,23.32042287997698,23.131067357013926,18.511814718182208,23.48411650193371,23.337137793925923,23.147869824887824,1.0,0.0,0.8333333333333334,0.25,0.0,18.599764463733187,23.32042287997698,28.536961944843455,13.18404811680629,21.521650648193372,26.97148141505905,5.972852509638885e-17,8.623656720756185e-16,0.0,1.5276731097210456e-15,2.74848133382556e-14,converged
2025-01-15T20:40:00+08:00,12.666666666666666,-5.291666666666667,7.08333333333333,3.129166666666667,51.2,51.2,44.1,44.1,50.0,60.0,85.0,40.452447826800984,13.50116431789228,13.19601384867941,13.755269660229294,72.38653892316155,1.0702531758596094,51.0,51.0,51.0,43.20439286923579,42.06672834205524,41.81139962834418,42.359607538432506,0.38978751666666667,0.40502571565368933,28.73571364846958,28.964443518278358,18.596699507163382,28.535373968035316,23.252945568036523,23.464053834817648,23.31764845898386,23.129008227624745,18.50864189489904,23.480691060296706,23.33436129215598,23.145808793358754,1.0,0.0,0.8333333333333334,0.25,0.0,18.596699507163382,23.31764845898386,28.535373968035316,13.18404811680629,21.521650648193372,26.97148141505905,5.972852509638885e-17,7.185674719384598e-16,0.0,2.168385246582793e-15,3.435941084309122e-14,converged
2025-01-15T20:45:00+08:00,12.75,-5.333333333333333,6.66666666666667,3.1333333333333333,51.2,51.2,44.1,44.1,50.0,60.0,85.0,40.452447826800984,13.50116431789228,13.19601384867941,13.755269660229294,72.38653892316155,1.0702531758596094,51.07263807532775,51.0,51.0,43.25320668072696,42.06582374341439,41.81047798536793,42.37529085996549,0.3906451333333333,0.4054269693022518,28.733283700335182,28.961502110272704,18.59364142483924,28.533842449364577,23.24998156472538,23.46053226685715,23.314781944634355,23.12686362703456,18.505339217937202,23.477167279398568,23.33149271076139,23.143662301609137,1.0,0.0,0.8333333333333334,0.25,0.0,18.59364142483924,23.314781944634355,28.533842449364577,13.18404811680629,21.521650648193372,26.97148141505905,5.972852509638885e-17,8.614275613728015e-16,0.0,2.8494146061955777e-15,2.851931644148303e-14,converged
2025-01-15T20:50:00+08:00,12.833333333333334,-5.375,6.25,3.1375,51.2,51.2,44.1,44.1,50.0,60.0,85.0,40.452447826800984,13.50116431789228,13.19601384867941,13.755269660229294,72.38653892316155,1.0702531758596094,51.2,51.0,51.0,43.33945601360708,42.064889021037786,41.80952449012352,42.40344777711341,0.39150275,0.4060996671694954,28.73102542365959,28.95871845670759,18.590685168736282,28.532457864864064,23.24691880413627,23.456912724388015,23.311823676094644,23.124633855058043,18.501907326589627,23.473545540654857,23.32853238905537,23.141430649589825,1.0,0.0,0.8333333333333334,0.25,0.0,18.590685168736282,23.311823676094644,28.532457864864064,13.18404811680629,21.521650648193372,26.97148141505905,5.972852509638885e-17,5.73333746557079e-16,0.0,2.499012734664825e-15,3.2217964641046706e-14,converged
2025-01-15T20:55:00+08:00,12.916666666666666,-5.416666666666667,5.83333333333333,3.1416666666666666,51.2,51.2,44.1,44.1,50.0,60.0,85.0,40.452447826800984,13.50116431789228,13.19601384867941,13.755269660229294,72.38653892316155,1.0702531758596094,51.2,51.13913397407227,51.0,43.33870932468314,42.15823788002097,41.80853927070367,42.433314936510605,0.3923603666666667,0.4068271712208721,28.72869171218307,28.95585847332969,18.587608574140532,28.531008411099737,23.24402624544315,23.453450026931872,23.30901572535742,23.122549447451675,18.49834685700189,23.469826224001785,23.32548066510077,23.13911413619889,1.0,0.0,0.8333333333333334,0.25,0.0,18.587608574140532,23.30901572535742,28.531008411099737,13.18404811680629,21.521650648193372,26.97148141505905,5.972852509638885e-17,2.8615424451021076e-16,0.0,9.051883327992918e-16,3.3644125171227716e-14,converged
2025-01-15T21:00:00+08:00,13.0,-5.458333333333333,5.41666666666667,3.1458333333333335,51.2,51.2,44.1,44.1,50.0,60.0,85.0,40.452447826800984,13.50116431789228,13.19601384867941,13.755269660229294,72.38653892316155,1.0702531758596094,51.2,51.2,51.12114074339765,43.33793629880361,42.19859950354285,41.88985322481366,42.47387295580466,0.39321798333333335,0.4077876233724006,28.72628282496332,28.952922408496434,18.584412174900525,28.529494279067304,23.241151879625367,23.45000021888069,23.306221359633938,23.120480200752432,18.49489254039177,23.466231555599823,23.322548643425332,23.136913801121942,1.0,0.0,0.8333333333333334,0.25,0.0,18.584412174900525,23.306221359633938,28.529494279067304,13.18404811680629,21.521650648193372,26.97148141505905,5.972852509638885e-17,5.70960544923757e-16,0.0,1.6164561353477164e-15,3.0715290362630886e-14,converged
2025-01-15T21:05:00+08:00,13.083333333333334,-5.5,5.0,3.1500000000000004,51.4,51.4,44.2,44.2,50.0,60.0,85.0,40.54417673343772,13.531779202966865,13.225936782576643,13.786460747894214,72.71519475005029,1.0775503315615431,51.2,51.2,51.2,43.35175965870468,42.21436137182523,41.959659761103104,42.50736494674902,0.39407559999999997,0.4083986101479783,28.723816606302446,28.949927003987245,18.58111946096861,28.52793086844593,23.238200600846604,23.44647304549472,23.303354921481354,23.118344643861565,18.491487609858268,23.462704109146742,23.31968190008801,23.134777959292048,1.0,0.0,0.8333333333333334,0.25,0.0,18.58111946096861,23.303354921481354,28.52793086844593,13.154219953646097,21.472959130889766,26.910459963893757,1.783756980191458e-16,8.551595348335279e-16,0.0,9.578325062575189e-17,3.450416658214548e-14,converged
2025-01-15T21:10:00+08:00,13.166666666666666,-5.541666666666667,4.58333333333333,3.154166666666667,51.4,51.4,44.2,44.2,50.0,60.0,85.0,40.54417673343772,13.531779202966865,13.225936782576643,13.786460747894214,72.71519475005029,1.0775503315615431,51.2,51.2,51.2,43.350941451427175,42.21342980500239,41.95870214185265,42.50646235537129,0.3949332166666667,0.4084410158238107,28.72127566891267,28.946855960896706,18.57770790350581,28.52630311615204,23.235150515114746,23.442847922020114,23.30039673094054,23.11612388534457,18.487953971092477,23.459078721743282,23.3167234117382,23.132556921289233,1.0,0.0,0.8333333333333334,0.25,0.0,18.57770790350581,23.30039673094054,28.52630311615204,13.154219953646097,21.472959130889766,26.910459963893757,1.783756980191458e-16,7.125589578224002e-16,0.0,3.743874344061953e-16,3.01518225488902e-14,converged
2025-01-15T21:15:00+08:00,13.25,-5.583333333333333,4.16666666666667,3.1583333333333337,51.4,51.4,44.2,44.2,50.0,60.0,85.0,40.54417673343772,13.531779202966865,13.225936782576643,13.786460747894214,72.71519475005029,1.0775503315615431,51.27383120185416,51.2,51.2,43.40057784659636,42.21246827974514,41.95771288815034,42.52237865734727,0.3957908333333333,0.4088509422155822,28.718803476547095,28.943845199803885,18.574306892276503,28.524733971745967,23.23200202674905,23.439125228215357,23.297347125987436,23.113818224128437,18.48429225784951,23.455355773333324,23.31367351652122,23.13025098619521,1.0,0.0,0.8333333333333334,0.25,0.0,18.574306892276503,23.297347125987436,28.524733971745967,13.154219953646097,21.472959130889766,26.910459963893757,1.783756980191458e-16,8.542134294425845e-16,0.0,9.856192624361817e-16,2.288735372335371e-14,converged
2025-01-15T21:20:00+08:00,13.333333333333334,-5.625,3.75,3.1625,51.4,51.4,44.2,44.2,50.0,60.0,85.0,40.54417673343772,13.531779202966865,13.225936782576643,13.786460747894214,72.71519475005029,1.0775503315615431,51.4,51.2,51.2,43.486050971953894,42.21147690993444,41.95669212719491,42.55023516044664,0.39664845,0.40952057077902443,28.716500889334007,28.940990324088542,18.571007239720178,28.523309975901586,23.228755538414287,23.435305342366583,23.294206443353023,23.11142795809138,18.4805031007639,23.451535642386823,23.310532551336088,23.127860452041773,1.0,0.0,0.8333333333333334,0.25,0.0,18.571007239720178,23.294206443353023,28.523309975901586,13.154219953646097,21.472959130889766,26.910459963893757,1.783756980191458e-16,5.685444401753974e-16,0.0,2.2224364036553386e-15,3.382325697538066e-14,converged
2025-01-15T21:25:00+08:00,13.416666666666666,-5.666666666666667,3.3333333333333304,3.166666666666667,51.4,51.4,44.2,44.2,50.0,60.0,85.0,40.54417673343772,13.531779202966865,13.225936782576643,13.786460747894214,72.71519475005029,1.0775503315615431,51.4,51.341081634764414,51.2,43.4852684021455,42.30617420028591,41.95563998566381,42.5805074610525,0.3975060666666667,0.41026054007921015,28.714123021322155,28.938059352443563,18.56758877441914,28.521821227809944,23.22568387225086,23.43164674409891,23.291220232983772,23.109186936112806,18.476587127364954,23.447618705905537,23.307300851840115,23.125385615814466,1.0,0.0,0.8333333333333334,0.25,0.0,18.56758877441914,23.291220232983772,28.521821227809944,13.154219953646097,21.472959130889766,26.910459963893757,1.783756980191458e-16,2.8375949050439554e-16,0.0,2.7897759000302754e-15,6.442284735348918e-14,converged
2025-01-15T21:30:00+08:00,13.5,-5.708333333333333,2.9166666666666696,3.1708333333333334,51.4,51.4,44.2,44.2,50.0,60.0,85.0,40.54417673343772,13.531779202966865,13.225936782576643,13.786460747894214,72.71519475005029,1.0775503315615431,51.4,51.4,51.32358160144425,43.48445969540059,42.34519521550537,42.038620086113696,42.621182800150486,0.3983636833333333,0.41122680237557324,28.71167013109917,28.935052532521702,18.564052023536807,28.520267918165583,23.22262742694474,23.427998284727263,23.288244928812706,23.106958447019483,18.472783867601276,23.443831744313613,23.304193850003813,23.123031639390955,1.0,0.0,0.8333333333333334,0.25,0.0,18.564052023536807,23.288244928812706,28.520267918165583,13.154219953646097,21.472959130889766,26.910459963893757,1.783756980191458e-16,1.4154636949054302e-16,0.0,5.755351680348076e-16,5.156767935919035e-14,converged
2025-01-15T21:35:00+08:00,13.583333333333334,-5.75,2.5,3.1750000000000003,51.6,51.6,44.3,44.3,50.0,60.0,85.0,40.635905640074455,13.562394088041449,13.255859716473871,13.817651835559133,73.04459498424794,1.084880580883536,51.4,51.4,51.4,43.49832055985912,42.36097004847962,42.106814855046935,42.6541434794358,0.3992213,0.41182870455848186,28.709160160096964,28.931986700950258,18.560420534011154,28.51866552590185,23.2194949012857,23.424273316809128,23.285198297244534,23.104664277207192,18.46902713813746,23.44010842961105,23.30114866222425,23.12073877760548,1.0,0.0,0.8333333333333334,0.25,0.0,18.560420534011154,23.285198297244534,28.51866552590185,13.124526454879401,21.42448743984939,26.849714004607318,2.959521650879954e-16,8.480369668627837e-16,1.1593322979442011e-16,3.4113090508373953e-16,2.916776191144906e-14,converged
2025-01-15T21:40:00+08:00,13.666666666666666,-5.791666666666667,2.0833333333333304,3.1791666666666667,51.6,51.6,44.3,44.3,50.0,60.0,85.0,40.635905640074455,13.562394088041449,13.255859716473871,13.817651835559133,73.04459498424794,1.084880580883536,51.4,51.4,51.4,43.49746714830657,42.35998288452086,42.10579129705544,42.653188580606844,0.4000789166666667,0.41187366925082375,28.706575622639342,28.92884546229275,18.55667170666422,28.516998907858234,23.216264312855426,23.420451168492843,23.28206057924487,23.102285463841895,18.465143435693843,23.436287936606213,23.298012389316494,23.11836127244279,1.0,0.0,0.8333333333333334,0.25,0.0,18.55667170666422,23.28206057924487,28.516998907858234,13.124526454879401,21.42448743984939,26.849714004607318,2.959521650879954e-16,5.652962571687969e-16,1.1593322979442011e-16,6.174242142186718e-16,2.761973294523372e-14,converged
2025-01-15T21:45:00+08:00,13.75,-5.833333333333333,1.6666666666666696,3.1833333333333336,51.6,51.6,44.3,44.3,50.0,60.0,85.0,40.635905640074455,13.562394088041449,13.255859716473871,13.817651835559133,73.04459498424794,1.084880580883536,51.47501894180482,51.4,51.4,43.54792479569992,42.35896603607468,42.1047364424642,42.66933862511877,0.40093653333333334,0.41229218297098824,28.70406234284386,28.925766973155692,18.552937048624774,28.51539303723301,23.212936063005404,23.416532216625466,23.278832110401314,23.09982230394992,18.461133385580883,23.432370642356766,23.29478536705815,23.115899421101034,1.0,0.0,0.8333333333333334,0.25,0.0,18.552937048624774,23.278832110401314,28.51539303723301,13.124526454879401,21.42448743984939,26.849714004607318,2.959521650879954e-16,2.823612152625426e-16,1.1593322979442011e-16,2.1021734677713577e-15,5.114428325653137e-14,converged
2025-01-15T21:50:00+08:00,13.833333333333334,-5.875,1.25,3.1875,51.6,51.6,44.3,44.3,50.0,60.0,85.0,40.635905640074455,13.562394088041449,13.255859716473871,13.817651835559133,73.04459498424794,1.084880580883536,51.6,51.4,51.4,43.632624819134456,42.357919615999926,42.103650417086726,42.69689695219872,0.40179415,0.4129587007100213,28.701716606217598,28.922842502940536,18.54930324841586,28.513930534014953,23.209510551444467,23.41251683659272,23.275513225065072,23.097275093515297,18.456997610029536,23.428356922457372,23.29146792998901,23.11335351973485,1.0,0.0,0.8333333333333334,0.25,0.0,18.54930324841586,23.275513225065072,28.513930534014953,13.124526454879401,21.42448743984939,26.849714004607318,2.959521650879954e-16,1.2685746718025112e-15,1.1593322979442011e-16,1.7702502591009053e-15,3.4155291881948794e-14,converged
2025-01-15T21:55:00+08:00,13.916666666666666,-5.916666666666667,0.8333333333333304,3.191666666666667,51.6,51.6,44.3,44.3,50.0,60.0,85.0,40.635905640074455,13.562394088041449,13.255859716473871,13.817651835559133,73.04459498424794,1.084880580883536,51.6,51.54302050240602,51.4,43.631807466890095,42.45396297870867,42.10253334622108,42.727574668705486,0.4026517666666667,0.4137110361956758,28.699295738867235,28.91984216547726,18.545552120639613,28.512403392952223,23.206264448883946,23.408667154489105,23.272352938176923,23.094880982191647,18.45273672820643,23.42424715104536,23.288060411415614,23.110723863459025,1.0,0.0,0.8333333333333334,0.25,0.0,18.545552120639613,23.272352938176923,28.512403392952223,13.124526454879401,21.42448743984939,26.849714004607318,2.959521650879954e-16,5.627856723255168e-16,1.1593322979442011e-16,4.865428360846428e-16,2.785650240737986e-14,converged
2025-01-15T22:00:00+08:00,14.0,-5.958333333333333,0.4166666666666696,3.1958333333333333,51.6,51.6,44.3,44.3,50.0,60.0,85.0,40.635905640074455,13.562394088041449,13.255859716473871,13.817651835559133,73.04459498424794,1.084880580883536,51.6,51.6,51.52601143981571,43.63096417310871,42.49164847802135,42.18717671577252,42.76836837550686,0.4035093833333333,0.41468303435204196,28.696799998923353,28.91676620773031,18.541684185951897,28.510811804445574,23.2030305901633,23.40482485548639,23.269200875955093,23.09249677542094,18.44859505093738,23.42027264577145,23.284782554562575,23.10821972092228,1.0,0.0,0.8333333333333334,0.25,0.0,18.541684185951897,23.269200875955093,28.510811804445574,13.124526454879401,21.42448743984939,26.849714004607318,2.959521650879954e-16,5.614665283272956e-16,1.1593322979442011e-16,5.297960887186633e-16,5.475943508158469e-14,converged
2025-01-15T22:05:00+08:00,14.083333333333334,-6.0,0.0,3.2,51.8,51.8,44.4,44.4,50.0,60.0,85.0,40.727634546711194,13.593008973116037,13.285782650371106,13.848842923224051,73.37473962575456,1.0922439986980337,51.6,51.6,51.6,43.644863397845114,42.507437863223984,42.25376624279456,42.800800765487466,0.404367,0.4152758354631334,28.694247424248395,28.913631560610092,18.537723049166157,28.509171326092456,23.19972146487447,23.400906886399085,23.265978216210527,23.090047505181055,18.44449701522117,23.41635821072293,23.281563048182445,23.10577331726744,1.0,0.0,0.8333333333333334,0.25,0.0,18.537723049166157,23.265978216210527,28.509171326092456,13.094966710611654,21.376234089759635,26.78924167576811,1.767723290916545e-16,5.606650418130083e-16,0.0,2.5568610303125302e-15,3.8305966107265397e-14,converged
2025-01-15T22:10:00+08:00,14.166666666666666,-6.027777777777778,0.0,3.1972222222222224,51.8,51.8,44.4,44.4,50.0,60.0,85.0,40.727634546711194,13.593008973116037,13.285782650371106,13.848842923224051,73.37473962575456,1.0922439986980337,51.6,51.6,51.6,43.64398286182259,42.50640445872634,42.25268681708543,42.7998027326003,0.4048228611111111,0.4153229373561568,28.691662026535436,28.910467710364898,18.533704659744647,28.507500019464974,23.196365823867858,23.39694720646956,23.26271336511413,23.08755533471525,18.440336036585318,23.412402059985325,23.278301345762312,23.103284008353523,1.0,0.0,0.8333333333333334,0.25,0.0,18.533704659744647,23.26271336511413,28.507500019464974,13.094966710611654,21.376234089759635,26.78924167576811,1.767723290916545e-16,2.803007283151901e-16,0.0,1.8713976002868145e-15,3.436422585101567e-14,converged
2025-01-15T22:15:00+08:00,14.25,-6.055555555555555,0.0,3.1944444444444446,51.8,51.8,44.4,44.4,50.0,60.0,85.0,40.727634546711194,13.593008973116037,13.285782650371106,13.848842923224051,73.37473962575456,1.0922439986980337,51.67620133157553,51.6,51.6,43.69528136800307,42.50535717219028,42.25159259525673,42.81621010157069,0.4052787222222222,0.41574887577117664,28.689191838526813,28.907414891599405,18.529762374245156,28.505924775793773,23.192963857559654,23.392945977475588,23.259406478140388,23.08502041459549,18.436112425057313,23.408404355448955,23.274997602884028,23.10075194485741,1.0,0.0,0.8333333333333334,0.25,0.0,18.529762374245156,23.259406478140388,28.505924775793773,13.094966710611654,21.376234089759635,26.78924167576811,1.767723290916545e-16,7.000338943249991e-16,0.0,4.16148953998024e-16,6.715045093424057e-14,converged
2025-01-15T22:20:00+08:00,14.333333333333334,-6.083333333333333,0.0,3.191666666666667,51.8,51.8,44.4,44.4,50.0,60.0,85.0,40.727634546711194,13.593008973116037,13.285782650371106,13.848842923224051,73.37473962575456,1.0922439986980337,51.8,51.6,51.6,43.77924622963734,42.504296056315134,42.25048363692148,42.843510473549536,0.4057345833333333,0.41641044785931036,28.686928445701362,28.90455990666924,18.525978513786423,28.504524211198614,23.189515755586573,23.38890336056749,23.256057710190863,23.08244289486526,18.431826489137595,23.40436525837587,23.2716519745558,23.098177276926844,1.0,0.0,0.8333333333333334,0.25,0.0,18.525978513786423,23.256057710190863,28.504524211198614,13.094966710611654,21.376234089759635,26.78924167576811,1.767723290916545e-16,0.0,0.0,1.7062475037262321e-15,3.3689933230779666e-14,converged
2025-01-15T22:25:00+08:00,14.416666666666666,-6.111111111111112,0.0,3.188888888888889,51.8,51.8,44.4,44.4,50.0,60.0,85.0,40.727634546711194,13.593008973116037,13.285782650371106,13.848842923224051,73.37473962575456,1.0922439986980337,51.8,51.74495063640962,51.6,43.778443895342306,42.60173731993385,42.24936000144776,42.87464698013233,0.40619044444444447,0.41717254436371765,28.684631236056507,28.90167480804729,18.522136613882356,28.503092111466614,23.186301816570612,23.3850849041649,23.252919351840482,23.080063070089224,18.427478535807072,23.400284929402297,23.268264615214303,23.095560154182262,1.0,0.0,0.8333333333333334,0.25,0.0,18.522136613882356,23.252919351840482,28.503092111466614,13.094966710611654,21.376234089759635,26.78924167576811,1.767723290916545e-16,1.395289831507182e-16,0.0,3.389853377568689e-16,5.541129596455625e-14,converged
2025-01-15T22:30:00+08:00,14.5,-6.138888888888888,0.0,3.1861111111111113,51.8,51.8,44.4,44.4,50.0,60.0,85.0,40.727634546711194,13.593008973116037,13.285782650371106,13.848842923224051,73.37473962575456,1.0922439986980337,51.8,51.8,51.72843033296927,43.777629621553146,42.63816191650076,42.335736128856425,42.915628251978056,0.4066463055555556,0.4181469874665796,28.682300325804682,28.89875969378231,18.518236932130748,28.50162856951035,23.183147134294835,23.381324944312926,23.24983407119316,23.077731143437177,18.423317336437133,23.396398996574327,23.265059387316786,23.09311379354728,1.0,0.0,0.8333333333333334,0.25,0.0,18.518236932130748,23.24983407119316,28.50162856951035,13.094966710611654,21.376234089759635,26.78924167576811,1.767723290916545e-16,1.5312420972525032e-15,0.0,2.3117202801855168e-15,3.514715744925945e-14,converged
2025-01-15T22:35:00+08:00,14.583333333333334,-6.166666666666667,0.0,3.1833333333333336,51.93333333333334,51.93333333333334,44.46666666666667,44.46666666666667,50.0,60.0,85.0,40.78878715113569,13.613418896499097,13.305731272969263,13.86963698166733,73.5952496130417,1.0971714078220245,51.8,51.8,51.8,43.78670307597776,42.648432547425344,42.395031795048276,42.94216957451511,0.4071021666666667,0.4186706107832739,28.679947756082967,28.895825854655886,18.51429516898576,28.500143981896375,23.17996029119758,23.377536762447264,23.246719552674854,23.075368801718618,18.419249008368354,23.392616222615867,23.261949729240264,23.09075587810203,1.0,0.0,0.8333333333333334,0.25,0.0,18.51429516898576,23.246719552674854,28.500143981896375,13.07533407686261,21.344185762788477,26.74907789514477,1.1749511631377398e-16,4.1708918238542504e-16,1.1767249782368246e-16,1.49808753921938e-16,3.6383631795687867e-14,converged
2025-01-15T22:40:00+08:00,14.666666666666666,-6.194444444444445,0.0,3.180555555555556,51.93333333333334,51.93333333333334,44.46666666666667,44.46666666666667,50.0,60.0,85.0,40.78878715113569,13.613418896499097,13.305731272969263,13.86963698166733,73.5952496130417,1.0971714078220245,51.8,51.8,51.8,43.78586990520627,42.647435965579504,42.39398327520131,42.94120987099519,0.4075580277777778,0.4187159717395754,28.677561677222883,28.89286216002433,18.51029606906087,28.49862810736766,23.17672643349083,23.373706368242647,23.24356244578424,23.072963255741307,18.415117593189105,23.388791223895506,23.258797471568325,23.088354747703228,1.0,0.0,0.8333333333333334,0.25,0.0,18.51029606906087,23.24356244578424,28.49862810736766,13.07533407686261,21.344185762788477,26.74907789514477,1.1749511631377398e-16,6.950733294414458e-16,1.1767249782368246e-16,1.2839379879749706e-17,3.6907704330681966e-14,converged
2025-01-15T22:45:00+08:00,14.75,-6.222222222222222,0.0,3.177777777777778,51.93333333333334,51.93333333333334,44.46666666666667,44.46666666666667,50.0,60.0,85.0,40.78878715113569,13.613418896499097,13.305731272969263,13.86963698166733,73.5952496130417,1.0971714078220245,51.851324424617,51.8,51.8,43.82019731774703,42.64642538346255,42.39291986585641,42.95197552110559,0.4080138888888889,0.4190167737296246,28.675241859788432,28.889963120773437,18.506329559359585,28.497166465111313,23.17344575365761,23.369833925442844,23.24036290747885,23.070514657163677,18.410923401669873,23.384924164299974,23.255602771390723,23.08591055413464,1.0,0.0,0.8333333333333334,0.25,0.0,18.506329559359585,23.24036290747885,28.497166465111313,13.07533407686261,21.344185762788477,26.74907789514477,1.1749511631377398e-16,1.2502338356488782e-15,1.1767249782368246e-16,7.434341989429951e-16,5.2519661358790396e-14,converged
2025-01-15T22:50:00+08:00,14.833333333333334,-6.25,0.0,3.1750000000000003,51.93333333333334,51.93333333333334,44.46666666666667,44.46666666666667,50.0,60.0,85.0,40.78878715113569,13.613418896499097,13.305731272969263,13.86963698166733,73.5952496130417,1.0971714078220245,51.93333333333334,51.8,51.8,43.87559320117038,42.64540085423417,42.39184162698643,42.96976326436931,0.40846975,0.41946972246742764,28.673047381489855,28.88718472607369,18.502448787903727,28.495809766886207,23.170118443392898,23.365919597156452,23.237121094137773,23.068023157111796,18.406666743050263,23.38101520707991,23.252365785217933,23.08342344864691,1.0,0.0,0.8333333333333334,0.25,0.0,18.502448787903727,23.237121094137773,28.495809766886207,13.07533407686261,21.344185762788477,26.74907789514477,1.1749511631377398e-16,1.387648685847339e-16,1.1767249782368246e-16,1.865493834487548e-15,4.0062974657586035e-14,converged
2025-01-15T22:55:00+08:00,14.916666666666666,-6.277777777777778,0.0,3.1722222222222225,51.93333333333334,51.93333333333334,44.46666666666667,44.46666666666667,50.0,60.0,85.0,40.78878715113569,13.613418896499097,13.305731272969263,13.86963698166733,73.5952496130417,1.0971714078220245,51.93333333333334,51.897488379658974,51.8,43.87480005320574,42.710659265780755,42.39074861831784,42.990414866371545,0.40892561111111114,0.41999674009858323,28.670818850685965,28.8843759696733,18.498510408938927,28.494421404886943,23.166933133531792,23.362142081979208,23.23400678292208,23.065650460711414,18.402347925046552,23.377064514852325,23.249086668983274,23.08089358195946,1.0,0.0,0.8333333333333334,0.25,0.0,18.498510408938927,23.23400678292208,28.494421404886943,13.07533407686261,21.344185762788477,26.74907789514477,1.1749511631377398e-16,4.1577223361165627e-16,1.1767249782368246e-16,1.8676500904609865e-15,3.105370527736696e-14,converged
2025-01-15T23:00:00+08:00,15.0,-6.305555555555555,0.0,3.1694444444444447,51.93333333333334,51.93333333333334,44.46666666666667,44.46666666666667,50.0,60.0,85.0,40.78878715113569,13.613418896499097,13.305731272969263,13.86963698166733,73.5952496130417,1.0971714078220245,51.93333333333334,51.93333333333334,51.886691256129474,43.873994962452805,42.734049318430344,42.448747817525124,43.01749803389711,0.40938147222222226,0.4206626149780896,28.668556384416668,28.881536950443333,18.494514678172575,28.49300147241908,23.16376994719844,23.358387830564766,23.230912134644676,23.063293893113418,18.39813501168933,23.373231232274748,23.24591662112661,23.078464963040243,1.0,0.0,0.8333333333333334,0.25,0.0,18.494514678172575,23.230912134644676,28.49300147241908,13.07533407686261,21.344185762788477,26.74907789514477,1.1749511631377398e-16,4.151140998101235e-16,1.1767249782368246e-16,1.3683030025569915e-15,4.0734138205374705e-14,converged
2025-01-15T23:05:00+08:00,15.083333333333334,-6.333333333333333,0.0,3.166666666666667,52.06666666666666,52.06666666666666,44.53333333333333,44.53333333333333,50.0,60.0,85.0,40.84993975556017,13.63382881988215,13.325679895567415,13.89043104011061,73.81609044802167,1.102113613959308,51.93333333333334,51.93333333333334,51.93333333333334,43.88311129625322,42.74435063480335,42.491107500446944,43.03830484141218,0.40983733333333333,0.4210591274997387,28.666272068933843,28.878679003919725,18.490477326271254,28.49156040195264,23.160574676988556,23.35460537722374,23.227788320778814,23.060907030363726,18.393967178850648,23.369455353801538,23.242798731263225,23.07608349751235,1.0,0.0,0.8333333333333334,0.25,0.0,18.490477326271254,23.227788320778814,28.49156040195264,13.055760223454136,21.312233388892093,26.70903436536162,5.857179891906151e-17,2.7648212382477585e-16,1.1532579520717392e-16,1.6599311606271527e-16,2.5303924316421488e-14,converged
2025-01-15T23:10:00+08:00,15.166666666666666,-6.361111111111112,0.0,3.163888888888889,52.06666666666666,52.06666666666666,44.53333333333333,44.53333333333333,50.0,60.0,85.0,40.84993975556017,13.63382881988215,13.325679895567415,13.89043104011061,73.81609044802167,1.102113613959308,51.93333333333334,51.93333333333334,51.93333333333334,43.88228729688544,42.74335221624569,42.49005160966865,43.03734509335121,0.41029319444444445,0.42110455857188595,28.663954010903826,28.875790956151658,18.486383063769683,28.490087916979405,23.157332428351932,23.350780691204843,23.224621954276998,23.058477050509193,18.389736751248474,23.36563722567246,23.23963827362829,23.073658900816444,1.0,0.0,0.8333333333333334,0.25,0.0,18.486383063769683,23.224621954276998,28.490087916979405,13.055760223454136,21.312233388892093,26.70903436536162,5.857179891906151e-17,0.0,1.1532579520717392e-16,3.68976242177315e-15,3.0084486818577046e-14,converged
2025-01-15T23:15:00+08:00,15.25,-6.388888888888888,0.0,3.1611111111111114,52.06666666666666,52.06666666666666,44.53333333333333,44.53333333333333,50.0,60.0,85.0,40.84993975556017,13.63382881988215,13.325679895567415,13.89043104011061,73.81609044802167,1.102113613959308,51.985179727374565,51.93333333333334,51.93333333333334,43.91700174394946,42.74233982617734,42.48898088768606,43.04823684143377,0.4107490555555556,0.421408088961944,28.661703021218685,28.872968303705992,18.482322751005167,28.488670428252217,23.154043393647942,23.346913936351594,23.221413191985032,23.05600410492159,18.385444037260395,23.361777011891633,23.236435405214085,23.07119132446119,1.0,0.0,0.8333333333333334,0.25,0.0,18.482322751005167,23.221413191985032,28.488670428252217,13.055760223454136,21.312233388892093,26.70903436536162,5.857179891906151e-17,4.143797599389979e-16,1.1532579520717392e-16,6.370077099751666e-16,3.1467938610704416e-14,converged
2025-01-15T23:20:00+08:00,15.333333333333334,-6.416666666666667,0.0,3.1583333333333337,52.06666666666666,52.06666666666666,44.53333333333333,44.53333333333333,50.0,60.0,85.0,40.84993975556017,13.63382881988215,13.325679895567415,13.89043104011061,73.81609044802167,1.102113613959308,52.06666666666666,51.93333333333334,51.93333333333334,43.97208087593657,42.74131351765731,42.48789539421997,43.06591582040985,0.4112049166666667,0.4218586188455993,28.659576164293163,28.870265128511196,18.478347721202216,28.487356921664702,23.15070776444832,23.34300527587188,23.2181621901706,23.053488344441266,18.38108934374475,23.357874875826536,23.233190282433885,23.06868091942304,1.0,0.0,0.8333333333333334,0.25,0.0,18.478347721202216,23.2181621901706,28.487356921664702,13.055760223454136,21.312233388892093,26.70903436536162,5.857179891906151e-17,1.3797907240285986e-16,1.1532579520717392e-16,1.2551713476729015e-15,2.4365421608873264e-14,converged
2025-01-15T23:25:00+08:00,15.416666666666666,-6.444444444444445,0.0,3.155555555555556,52.06666666666666,52.06666666666666,44.53333333333333,44.53333333333333,50.0,60.0,85.0,40.84993975556017,13.63382881988215,13.325679895567415,13.89043104011061,73.81609044802167,1.102113613959308,52.06666666666666,52.031673776296216,51.93333333333334,43.971296815116084,42.80718841620372,42.48679518874595,43.08676911265464,0.41166077777777776,0.422390036569929,28.657415023547827,28.867531347993015,18.474315504135788,28.48601162461399,23.147515867324092,23.339235015316053,23.215040252612855,23.051092928123204,18.376672976048127,23.353930980210496,23.229903061124112,23.066127836148112,1.0,0.0,0.8333333333333334,0.25,0.0,18.474315504135788,23.215040252612855,28.48601162461399,13.055760223454136,21.312233388892093,26.70903436536162,5.857179891906151e-17,8.268328683055592e-16,1.1532579520717392e-16,2.640269193116368e-15,3.784539043784806e-14,converged
2025-01-15T23:30:00+08:00,15.5,-6.472222222222222,0.0,3.152777777777778,52.06666666666666,52.06666666666666,44.53333333333333,44.53333333333333,50.0,60.0,85.0,40.84993975556017,13.63382881988215,13.325679895567415,13.89043104011061,73.81609044802167,1.102113613959308,52.06666666666666,52.06666666666666,52.021092416923686,43.97050080823922,42.83001128526841,42.545549818917316,43.113927164080835,0.4121166388888889,0.4230573955941566,28.655219716835234,28.864767061830754,18.470226353674303,28.48463463079297,23.14434449609181,23.33548645132565,23.21193654348465,23.048712326889863,18.372365104452523,23.350106468805485,23.226726838907464,23.06367789237655,1.0,0.0,0.8333333333333334,0.25,0.0,18.470226353674303,23.21193654348465,28.48463463079297,13.055760223454136,21.312233388892093,26.70903436536162,5.857179891906151e-17,1.375880944752627e-16,1.1532579520717392e-16,1.2103962979667005e-15,3.372000858023274e-14,converged
2025-01-15T23:35:00+08:00,15.583333333333334,-6.5,0.0,3.1500000000000004,52.2,52.2,44.6,44.6,50.0,60.0,85.0,40.911092359984664,13.654238743265207,13.34562851816557,13.911225098553889,74.03726213069454,1.1070706392943126,52.06666666666666,52.06666666666666,52.06666666666666,43.979659667719716,42.84034322113237,42.58722441378,43.13452519882622,0.4125725,0.42344888223297705,28.653002375024236,28.861983649810874,18.466096030786012,28.483236408232532,23.141141116386517,23.331709705288613,23.208803739712806,23.046301548156706,18.3681007807643,23.346337435916787,23.22360099796669,23.0612734604317,1.0,0.0,0.8333333333333334,0.25,0.0,18.466096030786012,23.208803739712806,28.483236408232532,13.036244886797252,21.28037653778762,26.669110547177223,1.1679365450009853e-16,0.0,0.0,3.650508128628364e-15,3.319211029179283e-14,converged
2025-01-15T23:40:00+08:00,15.666666666666666,-6.527777777777778,0.0,3.147222222222222,52.2,52.2,44.6,44.6,50.0,60.0,85.0,40.911092359984664,13.654238743265207,13.34562851816557,13.911225098553889,74.03726213069454,1.1070706392943126,52.06666666666666,52.06666666666666,52.06666666666666,43.97884474068116,42.83934306957644,42.58616143640252,43.13356550367319,0.41302836111111113,0.42349437880748797,28.650751061586778,28.859169895153652,18.461909211938206,28.48180664550596,23.137890793140915,23.327890706306537,23.205628417920224,23.043847737367265,18.36377433990697,23.34252612866032,23.220432620046665,23.058825979071962,1.0,0.0,0.8333333333333334,0.25,0.0,18.461909211938206,23.205628417920224,28.48180664550596,13.036244886797252,21.28037653778762,26.669110547177223,1.1679365450009853e-16,2.748922480500146e-16,0.0,3.1951790103168604e-16,3.534666154973286e-14,converged
2025-01-15T23:45:00+08:00,15.75,-6.555555555555555,0.0,3.1444444444444444,52.2,52.2,44.6,44.6,50.0,60.0,85.0,40.911092359984664,13.654238743265207,13.34562851816557,13.911225098553889,74.03726213069454,1.1070706392943126,52.119033469685405,52.06666666666666,52.06666666666666,44.0139454090799,42.838328974835385,42.58508368476466,43.1445832082377,0.41348422222222225,0.42380062643387667,28.648567625151315,28.85642227765224,18.45775768853084,28.480432642718668,23.134593718595937,23.32402961832239,23.202410734845024,23.04135104561392,18.35938608793732,23.338672711156843,23.217221862045907,23.056335599537924,1.0,0.0,0.8333333333333334,0.25,0.0,18.45775768853084,23.202410734845024,28.480432642718668,13.036244886797252,21.28037653778762,26.669110547177223,1.1679365450009853e-16,1.373468024416647e-16,0.0,3.192710815781038e-15,6.137639590475988e-14,converged
2025-01-15T23:50:00+08:00,15.833333333333334,-6.583333333333333,0.0,3.1416666666666666,52.2,52.2,44.6,44.6,50.0,60.0,85.0,40.911092359984664,13.654238743265207,13.34562851816557,13.911225098553889,74.03726213069454,1.1070706392943126,52.2,52.06666666666666,52.06666666666666,44.06870827794326,42.83730098986902,42.58399121834135,43.16215371521881,0.4139400833333333,0.4242487390212906,28.64650712180436,28.853792976697388,18.453690983533132,28.479161664159996,23.131250084205263,23.32012660464303,23.199150846647523,23.038811623458535,18.35493632940416,23.334777346889947,23.21396888028421,23.053802472538834,1.0,0.0,0.8333333333333334,0.25,0.0,18.453690983533132,23.199150846647523,28.479161664159996,13.036244886797252,21.28037653778762,26.669110547177223,1.1679365450009853e-16,5.488069197117524e-16,0.0,2.2649271841007246e-15,3.134576565426766e-14,converged
2025-01-15T23:55:00+08:00,15.916666666666666,-6.611111111111112,0.0,3.138888888888889,52.2,52.2,44.6,44.6,50.0,60.0,85.0,40.911092359984664,13.654238743265207,13.34562851816557,13.911225098553889,74.03726213069454,1.1070706392943126,52.2,52.16585662565899,52.06666666666666,44.0679332054125,42.90379132085687,42.58288409636337,43.18320841601752,0.41439594444444444,0.4247845416081626,28.644412107609586,28.851132831101896,18.449567500131042,28.477858770365636,23.128051908071395,23.316363573786642,23.19602157994318,23.036394080288193,18.350425367355776,23.330840198708543,23.210673830504785,23.051226748254468,1.0,0.0,0.8333333333333334,0.25,0.0,18.449567500131042,23.19602157994318,28.477858770365636,13.036244886797252,21.28037653778762,26.669110547177223,1.1679365450009853e-16,1.3702867033038214e-16,0.0,6.808520075798631e-16,5.2172356966095154e-14,converged
2025-01-16T00:00:00+08:00,16.0,-6.638888888888888,0.0,3.136111111111111,52.2,52.2,44.6,44.6,50.0,60.0,85.0,40.911092359984664,13.654238743265207,13.34562851816557,13.911225098553889,74.03726213069454,1.1070706392943126,52.2,52.2,52.155490385408605,44.06714618358937,42.92604813658821,42.6423930123634,43.2104412976752,0.41485180555555556,0.4254533767084327,28.642282701217653,28.848441941339484,18.445387490404116,28.476524055410227,23.124872662961167,23.31262067619674,23.19290910968907,23.033990039868108,18.346025473130652,23.32702440450257,23.207491704792226,23.048756048706483,1.0,0.0,0.8333333333333334,0.25,0.0,18.445387490404116,23.19290910968907,28.476524055410227,13.036244886797252,21.28037653778762,26.669110547177223,1.1679365450009853e-16,4.1043976214595436e-16,0.0,1.3276819667693438e-15,4.380581817966536e-14,converged
2025-01-16T00:05:00+08:00,16.083333333333332,-6.666666666666667,0.0,3.1333333333333333,52.333333333333336,52.333333333333336,44.666666666666664,44.666666666666664,50.0,60.0,85.0,40.97224496440916,13.674648666648265,13.365577140763724,13.932019156997168,74.25876466106023,1.1120425060114654,52.2,52.2,52.2,44.07634721750264,42.9364106235183,42.683383962251995,43.230830910800016,0.4153076666666667,0.42583984435742195,28.640131077624098,28.84573173095089,18.44116674570241,28.47516802254706,23.121661483273297,23.30884961623492,23.18976761442441,23.031555937380656,18.341667584955076,23.32326216794554,23.20435818698809,23.046329221626067,1.0,0.0,0.8333333333333334,0.25,0.0,18.44116674570241,23.18976761442441,28.47516802254706,13.016787804876659,21.248614781761074,26.629305904569495,1.746679153543727e-16,6.834454512036187e-16,0.0,2.1865571597211995e-15,2.8319654588459172e-14,converged
2025-01-16T00:10:00+08:00,16.166666666666668,-6.694444444444444,0.0,3.1305555555555555,52.333333333333336,52.333333333333336,44.666666666666664,44.666666666666664,50.0,60.0,85.0,40.97224496440916,13.674648666648265,13.365577140763724,13.932019156997168,74.25876466106023,1.1120425060114654,52.2,52.2,52.2,44.07554126406881,42.935408840010666,42.68231417431179,43.2298713624299,0.41576352777777775,0.42588540196978497,28.637945257570262,28.842990940798607,18.436889908443657,28.473780325759645,23.11840339366791,23.305036283132758,23.186583634658565,23.029078885824262,18.337248042878596,23.3194576324885,23.201182161988974,23.043859424894148,1.0,0.0,0.8333333333333334,0.25,0.0,18.436889908443657,23.186583634658565,28.473780325759645,13.016787804876659,21.248614781761074,26.629305904569495,1.746679153543727e-16,8.2004681039896775e-16,0.0,1.3551437785205573e-15,2.663601661997792e-14,converged
2025-01-16T00:15:00+08:00,16.25,-6.722222222222222,0.0,3.1277777777777778,52.333333333333336,52.333333333333336,44.666666666666664,44.666666666666664,50.0,60.0,85.0,40.97224496440916,13.674648666648265,13.365577140763724,13.932019156997168,74.25876466106023,1.1120425060114654,52.25288565853662,52.2,52.2,44.11102734265148,42.93439314121852,42.68122966774354,43.24101487899163,0.4162193888888889,0.42619435584107856,28.635828124839048,28.840317031456493,18.432649698826506,28.472449152300985,23.11509858627258,23.30118084093235,23.183357327025913,23.026559036019023,18.332767150707213,23.315610962368126,23.197963786603278,23.0413468094901,1.0,0.0,0.8333333333333334,0.25,0.0,18.432649698826506,23.183357327025913,28.472449152300985,13.016787804876659,21.248614781761074,26.629305904569495,1.746679153543727e-16,1.365753912873782e-16,0.0,1.6791510820232796e-15,4.201440803618655e-14,converged
2025-01-16T00:20:00+08:00,16.333333333333332,-6.75,0.0,3.125,52.333333333333336,52.333333333333336,44.666666666666664,44.666666666666664,50.0,60.0,85.0,40.97224496440916,13.674648666648265,13.365577140763724,13.932019156997168,74.25876466106023,1.1120425060114654,52.333333333333336,52.2,52.2,44.165474435838796,42.933363580004055,42.68013050178226,43.258477202323334,0.41667525,0.4266400528154202,28.63383273213806,28.837760284464892,18.428493834089156,28.4712200491016,23.11174725242798,23.297283453039217,23.180088847583356,23.023996538255414,18.328225210749892,23.3117223211834,23.194703217060948,23.03879152586281,1.0,0.0,0.8333333333333334,0.25,0.0,18.428493834089156,23.180088847583356,28.4712200491016,13.016787804876659,21.248614781761074,26.629305904569495,1.746679153543727e-16,4.0929814626652127e-16,0.0,1.363637261633956e-15,3.707845747526351e-14,converged
2025-01-16T00:25:00+08:00,16.416666666666668,-6.777777777777778,0.0,3.1222222222222222,52.333333333333336,52.333333333333336,44.666666666666664,44.666666666666664,50.0,60.0,85.0,40.97224496440916,13.674648666648265,13.365577140763724,13.932019156997168,74.25876466106023,1.1120425060114654,52.333333333333336,52.300036939153046,52.2,44.16470825311041,43.00046828890275,42.679016735419914,43.2797330273368,0.4171311111111111,0.4271802252199301,28.63180260576449,28.835172457741734,18.424281588716852,28.469958907779358,23.10854309757897,23.293527626967222,23.176952542014664,23.021557448668524,18.323622523825936,23.307791871898086,23.191400609015588,23.036193723932534,1.0,0.0,0.8333333333333334,0.25,0.0,18.424281588716852,23.176952542014664,28.469958907779358,13.016787804876659,21.248614781761074,26.629305904569495,1.746679153543727e-16,2.7252039058455803e-16,0.0,1.5868871242969464e-15,3.614876896368739e-14,converged
2025-01-16T00:30:00+08:00,16.5,-6.805555555555556,0.0,3.1194444444444445,52.333333333333336,52.333333333333336,44.666666666666664,44.666666666666664,50.0,60.0,85.0,40.97224496440916,13.674648666648265,13.365577140763724,13.932019156997168,74.25876466106023,1.1120425060114654,52.333333333333336,52.333333333333336,52.289885175878155,44.16393011789136,43.02216017672144,42.739278787225615,43.30704068244339,0.41758697222222224,0.4278505284867919,28.62973786515283,28.83255365254157,18.420013213049057,28.468665822785162,23.105356281670147,23.28979037474731,23.173831603458147,23.019130550911523,18.319133457152823,23.303984741571938,23.188212844310044,23.03370282552816,1.0,0.0,0.8333333333333334,0.25,0.0,18.420013213049057,23.173831603458147,28.468665822785162,13.016787804876659,21.248614781761074,26.629305904569495,1.746679153543727e-16,9.523270377515738e-16,0.0,1.7222064228575288e-15,4.5377243100817777e-14,converged
2025-01-16T00:35:00+08:00,16.583333333333332,-6.833333333333333,0.0,3.1166666666666667,52.46666666666667,52.46666666666667,44.733333333333334,44.733333333333334,50.0,60.0,85.0,41.03339756883365,13.695058590031321,13.38552576336188,13.952813215440447,74.48059803911877,1.1170292362951948,52.333333333333336,52.333333333333336,52.333333333333336,44.17317297745746,43.03255314390649,42.77958752309593,43.32722222101743,0.4180428333333333,0.4282319841407082,28.62765072894237,28.82991533567059,18.415704528888988,28.46735133226029,23.10213760360344,23.28602497962688,23.170681708237932,23.01667370434284,18.31468484581243,23.300229252729917,23.185071917502302,23.03125416246302,1.0,0.0,0.8333333333333334,0.25,0.0,18.415704528888988,23.170681708237932,28.46735133226029,12.997388717238989,21.216947695648162,26.589619904711718,1.1609845571975586e-16,6.796276675861462e-16,0.0,4.302904289480809e-15,2.937310799130279e-14,converged
2025-01-16T00:40:00+08:00,16.666666666666668,-6.861111111111111,0.0,3.113888888888889,52.46666666666667,52.46666666666667,44.733333333333334,44.733333333333334,50.0,60.0,85.0,41.03339756883365,13.695058590031321,13.38552576336188,13.952813215440447,74.48059803911877,1.1170292362951948,52.333333333333336,52.333333333333336,52.333333333333336,44.17237589928814,43.03154982688976,42.77851119257044,43.32626290984365,0.41849869444444443,0.4282775984710485,28.625529175600793,28.827246206097662,18.411340144628962,28.466005055923308,23.098872048010275,23.282217291242763,23.16748936096532,23.01417398967458,18.31017502992736,23.296431440632954,23.18188851229888,23.028762607561823,1.0,0.0,0.8333333333333334,0.25,0.0,18.411340144628962,23.16748936096532,28.466005055923308,12.997388717238989,21.216947695648162,26.589619904711718,1.1609845571975586e-16,1.3591105657001164e-16,0.0,2.5111591561461156e-17,3.0845959320288304e-14,converged
2025-01-16T00:45:00+08:00,16.75,-6.888888888888889,0.0,3.111111111111111,52.46666666666667,52.46666666666667,44.733333333333334,44.733333333333334,50.0,60.0,85.0,41.03339756883365,13.695058590031321,13.38552576336188,13.952813215440447,74.48059803911877,1.1170292362951948,52.38673630087362,52.333333333333336,52.333333333333336,44.208246578972954,43.03053262207388,42.777420197774624,43.33753209103435,0.41895455555555555,0.42858924776364565,28.623477121493163,28.824644702740915,18.407013707009575,28.464716065977942,23.0955598069098,23.27836747373586,23.16425471817483,23.011631557461516,18.305604311120835,23.292591469632924,23.178662785421622,23.02622831154945,1.0,0.0,0.8333333333333334,0.25,0.0,18.407013707009575,23.16425471817483,28.464716065977942,12.997388717238989,21.216947695648162,26.589619904711718,1.1609845571975586e-16,6.790611432413631e-16,0.0,4.504714005520582e-16,6.08928452004354e-14,converged
2025-01-16T00:50:00+08:00,16.833333333333332,-6.916666666666667,0.0,3.1083333333333334,52.46666666666667,52.46666666666667,44.733333333333334,44.733333333333334,50.0,60.0,85.0,41.03339756883365,13.695058590031321,13.38552576336188,13.952813215440447,74.48059803911877,1.1170292362951948,52.46666666666667,52.333333333333336,52.333333333333336,44.26237838310152,43.02950158222496,42.77631459770945,43.35488651522672,0.4194104166666667,0.42903253092916,28.62154562087968,28.822159213960706,18.402771132044638,28.463528196225973,23.092201071534618,23.274475690610046,23.16097793582379,23.00904655772968,18.300972989529626,23.28870950344348,23.17539489301415,23.02365142462112,1.0,0.0,0.8333333333333334,0.25,0.0,18.402771132044638,23.16097793582379,28.463528196225973,12.997388717238989,21.216947695648162,26.589619904711718,1.1609845571975586e-16,5.426876212617864e-16,0.0,2.521146879113646e-15,3.784637616772239e-14,converged
2025-01-16T00:55:00+08:00,16.916666666666668,-6.944444444444444,0.0,3.1055555555555556,52.46666666666667,52.46666666666667,44.733333333333334,44.733333333333334,50.0,60.0,85.0,41.03339756883365,13.695058590031321,13.38552576336188,13.952813215440447,74.48059803911877,1.1170292362951948,52.46666666666667,52.43421472811605,52.333333333333336,44.26162099208858,43.09721961459005,42.77519445113384,43.376343177574725,0.41986627777777774,0.42957705828767406,28.61957916789044,28.81964241450665,18.398472563413566,28.462308167318586,23.088991230498078,23.270727044417253,23.157834874910016,23.006586489791065,18.29628136381141,23.284785705142536,23.172084990644006,23.021032096444273,1.0,0.0,0.8333333333333334,0.25,0.0,18.398472563413566,23.157834874910016,28.462308167318586,12.997388717238989,21.216947695648162,26.589619904711718,1.1609845571975586e-16,4.0649978710795766e-16,0.0,1.5402460928415104e-15,3.379164949742302e-14,converged
2025-01-16T01:00:00+08:00,17.0,-6.972222222222222,0.0,3.102777777777778,52.46666666666667,52.46666666666667,44.733333333333334,44.733333333333334,50.0,60.0,85.0,41.03339756883365,13.695058590031321,13.38552576336188,13.952813215440447,74.48059803911877,1.1170292362951948,52.46666666666667,52.46666666666667,52.424276802541016,44.26085164542981,43.11834769514992,42.83620848406245,43.40372554634361,0.42032213888888886,0.4302488219665889,28.61757788272977,28.817094406400802,18.394118249763263,28.46105607407755,23.0857971391198,23.266995416532847,23.15470575412298,23.00413730420614,18.291705891902524,23.28098718601973,23.168891845225858,23.01852154419704,1.0,0.0,0.8333333333333334,0.25,0.0,18.394118249763263,23.15470575412298,28.46105607407755,12.997388717238989,21.216947695648162,26.589619904711718,1.1609845571975586e-16,9.470185752790108e-16,0.0,2.2331926511093883e-15,4.10875684459805e-14,converged
2025-01-16T01:05:00+08:00,17.083333333333332,-7.0,0.0,3.1,52.6,52.6,44.8,44.8,50.0,60.0,85.0,41.094550173258135,13.715468513414379,13.405474385960034,13.973607273883726,74.70276226487015,1.1220308523299272,52.46666666666667,52.46666666666667,52.46666666666667,44.27013598435315,43.12877106947134,42.87583642504003,43.42369935349041,0.420778,0.4306252727181727,28.615554027205018,28.81452669923326,18.389724043412954,28.459782489201707,23.082571256559575,23.263235665017902,23.151547743757774,23.00165828093028,18.287169316126747,23.277238396900763,23.16574377105821,23.016051592416108,1.0,0.0,0.8333333333333334,0.25,0.0,18.389724043412954,23.151547743757774,28.459782489201707,12.978047364981194,21.185374856815358,26.550052017948754,5.787659084657407e-17,2.703401987814219e-16,0.0,1.0136148097509462e-15,3.1363119389232546e-14,converged
2025-01-16T01:10:00+08:00,17.166666666666668,-7.027777777777778,0.0,3.0972222222222223,52.6,52.6,44.8,44.8,50.0,60.0,85.0,41.094550173258135,13.715468513414379,13.405474385960034,13.973607273883726,74.70276226487015,1.1220308523299272,52.46666666666667,52.46666666666667,52.46666666666667,44.26934768352486,43.12776631484566,42.87475381207752,43.422740366573905,0.4212338611111111,0.4306709395870391,28.613495537960418,28.81192795053658,18.385274518759758,28.458476998465677,23.07929852766335,23.259433600187947,23.148347312742597,22.99913646854859,18.282571971652896,23.273447260346927,23.162553246331765,23.01353882470757,1.0,0.0,0.75,0.25,0.0,18.385274518759758,23.148347312742597,28.458476998465677,12.978047364981194,21.185374856815358,26.550052017948754,5.787659084657407e-17,2.7031153283423974e-16,0.0,2.7554122623437538e-15,2.7179685908729712e-14,converged
2025-01-16T01:15:00+08:00,17.25,-7.055555555555556,0.0,3.0944444444444446,52.6,52.6,44.8,44.8,50.0,60.0,85.0,41.094550173258135,13.715468513414379,13.405474385960034,13.973607273883726,74.70276226487015,1.1220308523299272,52.5205854036005,52.46666666666667,52.46666666666667,44.30560215732835,43.12674769950046,42.87365658796381,43.434135062249425,0.42168972222222223,0.430985273640856,28.611507361380564,28.809397575145844,18.380864246836648,28.45722955683515,23.075979144346675,23.255589386282388,23.14510461751588,22.996572017357344,18.277914157987436,23.26961394082458,23.159320427685277,23.010983391548407,1.0,0.0,0.75,0.25,0.0,18.380864246836648,23.14510461751588,28.45722955683515,12.978047364981194,21.185374856815358,26.550052017948754,5.787659084657407e-17,8.103431528656693e-16,0.0,3.646499978995169e-16,3.1276924116846404e-14,converged
2025-01-16T01:20:00+08:00,17.333333333333332,-7.083333333333333,0.0,3.091666666666667,52.6,52.6,44.8,44.8,50.0,60.0,85.0,41.094550173258135,13.715468513414379,13.405474385960034,13.973607273883726,74.70276226487015,1.1220308523299272,52.6,52.46666666666667,52.46666666666667,44.359419158217676,43.12571527610724,42.872544811471414,43.451381868085264,0.4221455833333333,0.4314261449187961,28.609638558191953,28.806982072894996,18.37653734692215,28.456082289197866,23.072613297738876,23.251703186903136,23.14181981393914,22.993965077124905,18.27319617316068,23.265738602161342,23.156045471179514,23.008385442886745,1.0,0.0,0.75,0.25,0.0,18.37653734692215,23.14181981393914,28.456082289197866,12.978047364981194,21.185374856815358,26.550052017948754,5.787659084657407e-17,1.3491917816993537e-16,0.0,2.179498721300835e-15,3.217323615745594e-14,converged
2025-01-16T01:25:00+08:00,17.416666666666668,-7.111111111111111,0.0,3.088888888888889,52.6,52.6,44.8,44.8,50.0,60.0,85.0,41.094550173258135,13.715468513414379,13.405474385960034,13.973607273883726,74.70276226487015,1.1220308523299272,52.6,52.56839000381826,52.46666666666667,44.3586704612653,43.194045577637354,42.87141854113184,43.47303907845279,0.4226014444444444,0.4319750125446131,28.60773458796594,28.804535033100365,18.372154829791327,28.45490274319701,23.069398055463104,23.24796169569707,23.138670274583625,22.99148458678204,18.268418313734063,23.261821407548567,23.152728532299395,23.00574512814372,1.0,0.0,0.75,0.25,0.0,18.372154829791327,23.138670274583625,28.45490274319701,12.978047364981194,21.185374856815358,26.550052017948754,5.787659084657407e-17,4.042432494225987e-16,0.0,4.2270442929539455e-16,4.306631665083345e-14,converged
2025-01-16T01:30:00+08:00,17.5,-7.138888888888889,0.0,3.0861111111111112,52.6,52.6,44.8,44.8,50.0,60.0,85.0,41.094550173258135,13.715468513414379,13.405474385960034,13.973607273883726,74.70276226487015,1.1220308523299272,52.6,52.6,52.55866527952137,44.35790980556014,43.21461096688771,42.93318339606191,43.500496098199285,0.42305730555555554,0.4326482290317581,28.605795571662963,28.802056558538418,18.367716942444833,28.453691014019906,23.0661969763812,23.24423567111262,23.135533251032896,22.989013670790097,18.26375912322001,23.25803144758402,23.149530258362123,23.003215455404984,1.0,0.0,0.75,0.25,0.0,18.367716942444833,23.135533251032896,28.453691014019906,12.978047364981194,21.185374856815358,26.550052017948754,5.787659084657407e-17,1.3453807737462098e-16,0.0,2.611306932487426e-15,5.597120662046392e-14,converged
2025-01-16T01:35:00+08:00,17.583333333333332,-7.166666666666667,0.0,3.0833333333333335,52.733333333333334,52.733333333333334,44.86666666666667,44.86666666666667,50.0,60.0,85.0,41.15570277768263,13.735878436797435,13.425423008558187,13.994401332327007,74.92525733831442,1.1270473763000923,52.6,52.6,52.6,44.36723528004471,43.22506467299652,42.97213194973231,43.52026251322505,0.42351316666666666,0.43301968206806046,28.603833813789798,28.799558201108745,18.363239567772517,28.452457708596455,23.062964175680516,23.24048154196804,23.13236740375266,22.98651302613404,18.25913726152176,23.25428931080964,23.14637529239747,23.000724750538915,1.0,0.0,0.75,0.25,0.0,18.363239567772517,23.13236740375266,28.452457708596455,12.958763490739024,21.15389584514104,26.510601717773493,2.308188912686916e-16,4.0326800367692205e-16,0.0,1.0950074942085462e-15,3.289355167331169e-14,converged
2025-01-16T01:40:00+08:00,17.666666666666668,-7.194444444444444,0.0,3.0805555555555557,52.733333333333334,52.733333333333334,44.86666666666667,44.86666666666667,50.0,60.0,85.0,41.15570277768263,13.735878436797435,13.425423008558187,13.994401332327007,74.92525733831442,1.1270473763000923,52.6,52.6,52.6,44.36645565908146,43.2240585741797,42.97104330687522,43.5193039343801,0.42396902777777773,0.43306539743233,28.60183720961086,28.797028577358248,18.358707246212354,28.451192379074552,23.059684558664088,23.23668507952923,23.12915916620237,22.983969669431783,18.25445505385323,23.250504802593184,23.14317790277055,22.99819130378683,1.0,0.0,0.6666666666666666,0.25,0.0,18.358707246212354,23.12915916620237,28.451192379074552,12.958763490739024,21.15389584514104,26.510601717773493,2.308188912686916e-16,1.3440847793101e-16,0.0,5.650395956353019e-16,3.0382861830375475e-14,converged
2025-01-16T01:45:00+08:00,17.75,-7.222222222222222,0.0,3.077777777777778,52.733333333333334,52.733333333333334,44.86666666666667,44.86666666666667,50.0,60.0,85.0,41.15570277768263,13.735878436797435,13.425423008558187,13.994401332327007,74.92525733831442,1.1270473763000923,52.6544329735803,52.6,52.6,44.40309312214616,43.22303864132655,42.969940104782296,43.5308239917247,0.42442488888888885,0.43338240574661097,28.599911732977205,28.794568075620653,18.354215470847322,28.449985861001135,23.056358317148565,23.232846448133785,23.125908694728057,22.981383750727773,18.24971279766828,23.24667808751481,23.13993824604042,22.99561526538425,1.0,0.0,0.6666666666666666,0.25,0.0,18.354215470847322,23.125908694728057,28.449985861001135,12.958763490739024,21.15389584514104,26.510601717773493,2.308188912686916e-16,6.715508075736251e-16,0.0,1.4361268326366661e-15,5.1191586346049335e-14,converged
2025-01-16T01:50:00+08:00,17.833333333333332,-7.25,0.0,3.075,52.733333333333334,52.733333333333334,44.86666666666667,44.86666666666667,50.0,60.0,85.0,41.15570277768263,13.735878436797435,13.425423008558187,13.994401332327007,74.92525733831442,1.1270473763000923,52.733333333333334,52.6,52.6,44.45659580484883,43.22200492701535,42.96882240200318,43.54796345636458,0.42488075,0.43382086717128615,28.598104455977662,28.792221311840322,18.349806568692316,28.448878574549372,23.052985642164682,23.228965811481338,23.12261614509911,22.978755419539365,18.244910788954574,23.242809329515396,23.136656478188378,22.992996785038628,1.0,0.0,0.6666666666666666,0.25,0.0,18.349806568692316,23.12261614509911,28.448878574549372,12.958763490739024,21.15389584514104,26.510601717773493,2.308188912686916e-16,6.708720732246979e-16,0.0,2.5059733603036517e-15,2.4922230953608045e-14,converged
2025-01-16T01:55:00+08:00,17.916666666666668,-7.277777777777778,0.0,3.0722222222222224,52.733333333333334,52.733333333333334,44.86666666666667,44.86666666666667,50.0,60.0,85.0,41.15570277768263,13.735878436797435,13.425423008558187,13.994401332327007,74.92525733831442,1.1270473763000923,52.733333333333334,52.70256277746291,52.6,44.45585570476415,43.29094644360766,42.9676902568474,43.56982092310478,0.42533661111111115,0.43437406055041755,28.596261801242093,28.78984278764374,18.345342415526154,28.44773889232057,23.049765276201786,23.225231450385003,23.119460397733192,22.976255050870805,18.240049322240818,23.238898691899045,23.133332754620092,22.990336011931205,1.0,0.0,0.6666666666666666,0.25,0.0,18.345342415526154,23.119460397733192,28.44773889232057,12.958763490739024,21.15389584514104,26.510601717773493,2.308188912686916e-16,1.3400353796382202e-16,0.0,2.9874940808826742e-15,5.012173040117484e-14,converged
2025-01-16T02:00:00+08:00,18.0,-7.305555555555556,0.0,3.0694444444444446,52.733333333333334,52.733333333333334,44.86666666666667,44.86666666666667,50.0,60.0,85.0,41.15570277768263,13.735878436797435,13.425423008558187,13.994401332327007,74.92525733831442,1.1270473763000923,52.733333333333334,52.733333333333334,52.69305062085938,44.45510364287277,43.31095025285443,43.03020477043331,43.59735252834891,0.4257924722222223,0.4350487223886045,28.594383890473583,28.787432606548933,18.34082325674832,28.446566909862376,23.046557489801224,23.221511008066706,23.11631574442403,22.973762950052325,18.235309021490053,23.23511723966794,23.130129598403055,22.987787740629585,1.0,0.0,0.6666666666666666,0.25,0.0,18.34082325674832,23.11631574442403,28.446566909862376,12.958763490739024,21.15389584514104,26.510601717773493,2.308188912686916e-16,5.35182915549158e-16,0.0,2.4508965807019938e-15,3.7771869135475e-14,converged
2025-01-16T02:05:00+08:00,18.083333333333332,-7.333333333333333,0.0,3.066666666666667,52.86666666666667,52.86666666666667,44.93333333333333,44.93333333333333,50.0,60.0,85.0,41.21685538210713,13.756288360180493,13.445371631156343,14.015195390770286,75.14808325945151,1.1320788303901164,52.733333333333334,52.733333333333334,52.733333333333334,44.46446991163543,43.32143421324625,43.06847533312398,43.616911886867236,0.42624833333333334,0.43541518498741943,28.59248307041666,28.785002362297593,18.336265005865968,28.445373268013117,23.043318049962654,23.21776248006097,23.113142332021088,22.97124122754283,18.230604474474358,23.231381708462138,23.126967990255885,22.98527680690947,1.0,0.0,0.6666666666666666,0.25,0.0,18.336265005865968,23.113142332021088,28.445373268013117,12.939536838675613,21.12251024299691,26.471268480803506,2.3013447684543585e-16,1.3368312112300174e-16,0.0,1.1116921454650596e-16,2.680557023344877e-14,converged
2025-01-16T02:10:00+08:00,18.166666666666668,-7.361111111111111,0.0,3.063888888888889,52.86666666666667,52.86666666666667,44.93333333333333,44.93333333333333,50.0,60.0,85.0,41.21685538210713,13.756288360180493,13.445371631156343,14.015195390770286,75.14808325945151,1.1320788303901164,52.733333333333334,52.733333333333334,52.733333333333334,44.463698873537815,43.320426861232484,43.067380905525745,43.615953796764046,0.42670419444444446,0.43546094493631665,28.590547195393086,28.782540630895006,18.331652169399597,28.44414748560748,23.040031822688054,23.213971598853938,23.109926558728848,22.968676868153302,18.225839991477,23.227603781977567,23.123763984424215,22.982723203517377,1.0,0.0,0.6666666666666666,0.25,0.0,18.331652169399597,23.109926558728848,28.44414748560748,12.939536838675613,21.12251024299691,26.471268480803506,2.3013447684543585e-16,0.0,0.0,3.6188007046624324e-15,2.961980394346517e-14,converged
2025-01-16T02:15:00+08:00,18.25,-7.388888888888889,0.0,3.0611111111111113,52.86666666666667,52.86666666666667,44.93333333333333,44.93333333333333,50.0,60.0,85.0,41.21685538210713,13.756288360180493,13.445371631156343,14.015195390770286,75.14808325945151,1.1320788303901164,52.78827901763532,52.733333333333334,52.733333333333334,44.500718523158184,43.31940570147818,43.06627196943731,43.62759906039162,0.4271600555555556,0.4357806171655597,28.588683264176822,28.780148771764285,18.32708116024699,28.44298127660096,23.036698999699755,23.210138528881078,23.106668580804545,22.966070021682906,18.221015867961516,23.223783624907473,23.120517737390728,22.980127080453677,1.0,0.0,0.6666666666666666,0.25,0.0,18.32708116024699,23.106668580804545,28.44298127660096,12.939536838675613,21.12251024299691,26.471268480803506,2.3013447684543585e-16,1.3357101858285135e-16,0.0,1.2387033829256537e-15,3.539576690286067e-14,converged
2025-01-16T02:20:00+08:00,18.333333333333332,-7.416666666666667,0.0,3.0583333333333336,52.86666666666667,52.86666666666667,44.93333333333333,44.93333333333333,50.0,60.0,85.0,41.21685538210713,13.756288360180493,13.445371631156343,14.015195390770286,75.14808325945151,1.1320788303901164,52.86666666666667,52.733333333333334,52.733333333333334,44.55390737198927,43.3183707864698,43.06514858319069,43.644631457475725,0.4276159166666667,0.43621667088049637,28.586936365097486,28.77786952158036,18.322592517613774,28.44191336063638,23.033319771934465,23.20626343393944,23.10336855392903,22.9634208374045,18.21613239793492,23.219921401305314,23.117229405060545,22.977488587191434,1.0,0.0,0.6666666666666666,0.25,0.0,18.322592517613774,23.10336855392903,28.44191336063638,12.939536838675613,21.12251024299691,26.471268480803506,2.3013447684543585e-16,0.0,0.0,4.78638525930364e-15,3.25755018011117e-14,converged
2025-01-16T02:25:00+08:00,18.416666666666668,-7.444444444444444,0.0,3.055555555555556,52.86666666666667,52.86666666666667,44.93333333333333,44.93333333333333,50.0,60.0,85.0,41.21685538210713,13.756288360180493,13.445371631156343,14.015195390770286,75.14808325945151,1.1320788303901164,52.86666666666667,52.83673306018675,52.733333333333334,44.55317577206968,43.38792246427407,43.06401080487878,43.6666888867097,0.4280717777777778,0.43677417566756016,28.585153881469527,28.775558292031672,18.318048980197197,28.44081293324675,23.03009455261919,23.202536178094,23.100206862652904,22.960901122863348,18.211189873954865,23.21601727458725,23.11389914276338,22.974807872678266,1.0,0.0,0.6666666666666666,0.25,0.0,18.318048980197197,23.100206862652904,28.44081293324675,12.939536838675613,21.12251024299691,26.471268480803506,2.3013447684543585e-16,9.328702315596495e-16,0.0,4.501875491828053e-16,4.078794139933054e-14,converged
2025-01-16T02:30:00+08:00,18.5,-7.472222222222222,0.0,3.0527777777777776,52.86666666666667,52.86666666666667,44.93333333333333,44.93333333333333,50.0,60.0,85.0,41.21685538210713,13.756288360180493,13.445371631156343,14.015195390770286,75.14808325945151,1.1320788303901164,52.86666666666667,52.86666666666667,52.82743284051191,44.55243220734709,43.407365800239575,43.12727380975906,43.6942950092759,0.4285276388888889,0.43745027554226756,28.58333593572548,28.7732151873652,18.313450791839493,28.43968009033491,23.026880332082246,23.19882129701255,23.097054846269398,22.958388371201057,18.2063709953268,23.21224427927416,23.11069134468174,22.972241513554234,1.0,0.0,0.6666666666666666,0.25,0.0,18.313450791839493,23.097054846269398,28.43968009033491,12.939536838675613,21.12251024299691,26.471268480803506,2.3013447684543585e-16,0.0,0.0,5.384773832312385e-16,4.35242781118855e-14,converged
2025-01-16T02:35:00+08:00,18.583333333333332,-7.5,0.0,3.0500000000000003,53.0,53.0,45.0,45.0,50.0,60.0,85.0,41.27800798653161,13.77669828356355,13.4653202537545,14.035989449213565,75.3712400282815,1.1371252367844282,52.86666666666667,52.86666666666667,52.86666666666667,44.5618389316293,43.417879935327754,43.164867766813,43.713647643328656,0.4289835,0.43781175506866565,28.581494916392753,28.770851842704197,18.308813896704123,28.43852550632877,23.02363452493533,23.195078348920436,23.093874134238366,22.95584610280654,18.201586287933385,23.20851530745263,23.107523338147697,22.969710864045524,1.0,0.0,0.6666666666666666,0.25,0.0,18.308813896704123,23.093874134238366,28.43852550632877,12.920367154470167,21.091217635229505,26.43205178675787,1.7208982650771557e-16,1.3295134321904677e-15,1.1412982399761804e-16,3.4849096085162186e-15,3.3971017533595506e-14,converged
2025-01-16T02:40:00+08:00,18.666666666666668,-7.527777777777778,0.0,3.0472222222222225,53.0,53.0,45.0,45.0,50.0,60.0,85.0,41.27800798653161,13.77669828356355,13.4653202537545,14.035989449213565,75.3712400282815,1.1371252367844282,52.86666666666667,52.86666666666667,52.86666666666667,44.561076379901955,43.416871418745,43.1637677924488,43.7126901195929,0.42943936111111114,0.4378575558198931,28.579618637281293,28.768456793949955,18.3041227674412,28.437338667059667,23.020341958120515,23.191293027792167,23.09065108972247,22.953261270844543,18.19674204217651,23.20474391668395,23.10431295900929,22.967137615289822,1.0,0.0,0.6666666666666666,0.25,0.0,18.3041227674412,23.09065108972247,28.437338667059667,12.920367154470167,21.091217635229505,26.43205178675787,1.7208982650771557e-16,2.658748725003634e-16,1.1412982399761804e-16,1.0113794682108715e-15,3.257852112669584e-14,converged
2025-01-16T02:45:00+08:00,18.75,-7.555555555555556,0.0,3.0444444444444443,53.0,53.0,45.0,45.0,50.0,60.0,85.0,41.27800798653161,13.77669828356355,13.4653202537545,14.035989449213565,75.3712400282815,1.1371252367844282,52.92212354254746,52.86666666666667,52.86666666666667,44.598477415548764,43.41584912033895,43.16265335920322,43.72446043164498,0.42989522222222226,0.43817988176988704,28.5778151195539,28.766132369214656,18.29947473453528,28.43621216272692,23.017002823270285,23.18746549816077,23.087385868893683,22.95063402487533,18.191838551589885,23.200930271773775,23.101060363676062,22.964521917058534,1.0,0.0,0.6666666666666666,0.25,0.0,18.29947473453528,23.087385868893683,28.43621216272692,12.920367154470167,21.091217635229505,26.43205178675787,1.7208982650771557e-16,2.656792944411607e-16,1.1412982399761804e-16,1.1418081357538491e-15,5.136759011518613e-14,converged
2025-01-16T02:50:00+08:00,18.833333333333332,-7.583333333333333,0.0,3.0416666666666665,53.0,53.0,45.0,45.0,50.0,60.0,85.0,41.27800798653161,13.77669828356355,13.4653202537545,14.035989449213565,75.3712400282815,1.1371252367844282,53.0,52.86666666666667,52.86666666666667,44.651352914113495,43.41481309250558,43.16152452519583,43.74138603139198,0.43035108333333333,0.4386135300240996,28.576127472641883,28.763919430507343,18.29490855381985,28.435183016612147,23.01361731123176,23.183595923920393,23.08407862734782,22.947964513933652,18.186876108260055,23.19707453688746,23.097765707980187,22.961863918596496,1.0,0.0,0.6666666666666666,0.25,0.0,18.29490855381985,23.08407862734782,28.435183016612147,12.920367154470167,21.091217635229505,26.43205178675787,1.7208982650771557e-16,1.0616664909588026e-15,1.1412982399761804e-16,8.728107238162561e-16,3.0636078290879107e-14,converged
2025-01-16T02:55:00+08:00,18.916666666666668,-7.611111111111111,0.0,3.038888888888889,53.0,53.0,45.0,45.0,50.0,60.0,85.0,41.27800798653161,13.77669828356355,13.4653202537545,14.035989449213565,75.3712400282815,1.1371252367844282,53.0,52.97090086306055,52.86666666666667,44.650629718173406,43.484973877976806,43.160381348308015,43.76364312710556,0.43080694444444445,0.4391753320383244,28.574404038179193,28.761674297338555,18.290287824831868,28.434121245161023,23.010387501856012,23.179875748487778,23.080911250068397,22.945425974586083,18.181855002833526,23.193176875552545,23.094429147178634,22.959163768623828,1.0,0.0,0.6666666666666666,0.25,0.0,18.290287824831868,23.080911250068397,28.434121245161023,12.920367154470167,21.091217635229505,26.43205178675787,1.7208982650771557e-16,1.5904625783960365e-15,1.1412982399761804e-16,3.530535152669716e-16,5.73815427255764e-14,converged
2025-01-16T03:00:00+08:00,19.0,-7.638888888888889,0.0,3.036111111111111,53.0,53.0,45.0,45.0,50.0,60.0,85.0,41.27800798653161,13.77669828356355,13.4653202537545,14.035989449213565,75.3712400282815,1.1371252367844282,53.0,53.0,52.96181195235313,44.64989455449597,43.50385784285825,43.224391673307395,43.7913236962193,0.4312628055555556,0.4398528627738393,28.57264493931486,28.759397074671828,18.28561278989909,28.433026944626516,23.007167113336198,23.176166407621018,23.077752131110916,22.942893094702736,18.176960004867183,23.189412286940758,23.09121694195056,22.956579821459584,1.0,0.0,0.6666666666666666,0.25,0.0,18.28561278989909,23.077752131110916,28.433026944626516,12.920367154470167,21.091217635229505,26.43205178675787,1.7208982650771557e-16,5.293375657158903e-16,1.1412982399761804e-16,2.001574356311056e-15,2.66732346864406e-14,converged
2025-01-16T03:05:00+08:00,19.083333333333332,-7.666666666666667,0.0,3.033333333333333,53.13333333333333,53.13333333333333,45.06666666666667,45.06666666666667,50.0,60.0,85.0,41.33916059095611,13.797108206946609,13.485268876352658,14.056783507656847,75.59472764480431,1.1421866176674544,53.0,53.0,53.0,44.65934139807375,43.5144020710451,43.26131039934891,43.810469934393446,0.4317186666666667,0.4402093666768001,28.570862605910985,28.757099438558207,18.28089942387287,28.43191082271103,23.003915203710697,23.172429018226246,23.074564378785663,22.940330801070292,18.172097588548922,23.185689828900315,23.08804277513326,22.954029958291276,1.0,0.0,0.6666666666666666,0.25,0.0,18.28089942387287,23.074564378785663,28.43191082271103,12.901254185306748,21.060017609141884,26.392951118434258,1.715810615931206e-16,1.3222722031765224e-16,0.0,3.5964628259367995e-15,3.37645821545386e-14,converged
2025-01-16T03:10:00+08:00,19.166666666666668,-7.694444444444444,0.0,3.0305555555555554,53.13333333333333,53.13333333333333,45.06666666666667,45.06666666666667,50.0,60.0,85.0,41.33916059095611,13.797108206946609,13.485268876352658,14.056783507656847,75.59472764480431,1.1421866176674544,53.0,53.0,53.0,44.65858723675132,43.51339247621109,43.26020510922032,43.80951305170282,0.43217452777777776,0.4402552045727773,28.56904481169032,28.754769885226267,18.276132165585242,28.43076233254882,23.000616561102124,23.1686492360327,23.07133432142602,22.937726015368323,18.16717601947318,23.18192492841051,23.08482625991477,22.951437564549643,1.0,0.0,0.6666666666666666,0.25,0.0,18.276132165585242,23.07133432142602,28.43076233254882,12.901254185306748,21.060017609141884,26.392951118434258,1.715810615931206e-16,5.288538130510189e-16,0.0,4.172364694692185e-15,2.9394153804281424e-14,converged
2025-01-16T03:15:00+08:00,19.25,-7.722222222222222,0.0,3.0277777777777777,53.13333333333333,53.13333333333333,45.06666666666667,45.06666666666667,50.0,60.0,85.0,41.33916059095611,13.797108206946609,13.485268876352658,14.056783507656847,75.59472764480431,1.1421866176674544,53.05596655505848,53.0,53.0,44.69636886009443,43.51236912510109,43.25908540871437,43.82140825194372,0.4326303888888889,0.440580174196747,28.567300597679854,28.75251170908586,18.27140926088665,28.42967493842625,22.997271377057448,23.16482722567065,23.068062115122125,22.93507888692447,18.162195589302588,23.17811775038873,23.081567552634645,22.948802789783173,1.0,0.0,0.5833333333333334,0.25,0.0,18.27140926088665,23.068062115122125,28.42967493842625,12.901254185306748,21.060017609141884,26.392951118434258,1.715810615931206e-16,1.056927466508722e-15,0.0,2.1918114347139087e-15,6.238159680631145e-14,converged
2025-01-16T03:20:00+08:00,19.333333333333332,-7.75,0.0,3.025,53.13333333333333,53.13333333333333,45.06666666666667,45.06666666666667,50.0,60.0,85.0,41.33916059095611,13.797108206946609,13.485268876352658,14.056783507656847,75.59472764480431,1.1421866176674544,53.13333333333333,53.0,53.0,44.74893149131449,43.511332070021986,43.2579513557432,43.838227321246585,0.43308625,0.4410114193411153,28.56567109925606,28.75036390206717,18.266767686658483,28.428683971417765,22.99387984233854,23.16096315113103,23.064747915388207,22.932389564541598,18.157156588261675,23.174268459111552,23.078266809055282,22.9461257830145,1.0,0.0,0.5833333333333334,0.25,0.0,18.266767686658483,23.064747915388207,28.428683971417765,12.901254185306748,21.060017609141884,26.392951118434258,1.715810615931206e-16,5.279469724428583e-16,0.0,4.199551972030965e-15,2.637753603296042e-14,converged
2025-01-16T03:25:00+08:00,19.416666666666668,-7.777777777777778,0.0,3.022222222222222,53.13333333333333,53.13333333333333,45.06666666666667,45.06666666666667,50.0,60.0,85.0,41.33916059095611,13.797108206946609,13.485268876352658,14.056783507656847,75.59472764480431,1.1421866176674544,53.13333333333333,53.10506619708955,53.0,44.74821660371053,43.58210090997172,43.256803007981745,43.86068378538415,0.43354211111111113,0.4415775045624533,28.564005614016065,28.748183689271254,18.262071901205243,28.427660266870067,22.99064569932186,23.157250031296456,23.06157510395407,22.92983271030059,18.152059305143975,23.170377218217226,23.074924184364036,22.94340669274226,1.0,0.0,0.5833333333333334,0.25,0.0,18.262071901205243,23.06157510395407,28.427660266870067,12.901254185306748,21.060017609141884,26.392951118434258,1.715810615931206e-16,6.590877061450824e-16,0.0,3.0590103646583746e-15,4.652031072035111e-14,converged
2025-01-16T03:30:00+08:00,19.5,-7.805555555555556,0.0,3.0194444444444444,53.13333333333333,53.13333333333333,45.06666666666667,45.06666666666667,50.0,60.0,85.0,41.33916059095611,13.797108206946609,13.485268876352658,14.056783507656847,75.59472764480431,1.1421866176674544,53.13333333333333,53.13333333333333,53.09618797017509,44.74748974550091,43.60042660149841,43.32155947830727,43.8884387277656,0.43399797222222225,0.4422564591181194,28.562304265812692,28.745971176366044,18.25732214538189,28.426603921381265,22.987419402113744,23.153546209631955,23.058409136873774,22.927280213691965,18.14709057468402,23.1666209866783,23.07170780113515,22.940805646586956,1.0,0.0,0.5833333333333334,0.25,0.0,18.25732214538189,23.058409136873774,28.426603921381265,12.901254185306748,21.060017609141884,26.392951118434258,1.715810615931206e-16,6.580758710628702e-16,0.0,2.6374352554807166e-15,3.053385995270374e-14,converged
2025-01-16T03:35:00+08:00,19.583333333333332,-7.833333333333333,0.0,3.0166666666666666,53.266666666666666,53.266666666666666,45.13333333333333,45.13333333333333,50.0,60.0,85.0,41.40031319538059,13.817518130329663,13.505217498950808,14.077577566100123,75.81854610901998,1.1472629952236226,53.13333333333333,53.13333333333333,53.13333333333333,44.75697637469336,43.61100083924471,43.35780433749993,43.90737889530656,0.4344538333333333,0.44260799492725916,28.560579525401092,28.74373807988322,18.252534424752074,28.425525675616854,22.984161648008815,23.14981435772974,23.05521459756147,22.924698404379605,18.142152829523056,23.162904997386548,23.068527706570297,22.938237061176164,1.0,0.0,0.5833333333333334,0.25,0.0,18.252534424752074,23.05521459756147,28.425525675616854,12.882197679863165,21.028909754475503,26.353965961686207,1.7107454951045627e-16,0.0,0.0,1.5738757451597534e-15,3.55683159959094e-14,converged
2025-01-16T03:40:00+08:00,19.666666666666668,-7.861111111111111,0.0,3.013888888888889,53.266666666666666,53.266666666666666,45.13333333333333,45.13333333333333,50.0,60.0,85.0,41.40031319538059,13.817518130329663,13.505217498950808,14.077577566100123,75.81854610901998,1.1472629952236226,53.13333333333333,53.13333333333333,53.13333333333333,44.75623050836491,43.60999025022166,43.356693955833755,43.90642272548434,0.43490969444444444,0.44265386643146687,28.558819126835346,28.7414728568037,18.247693144387068,28.424414950316724,22.98085718654991,23.146040093338392,23.051977779733146,22.92207417271931,18.13715630554629,23.159146542307276,23.06530528695068,22.93562601215136,1.0,0.0,0.5833333333333334,0.25,0.0,18.247693144387068,23.051977779733146,28.424414950316724,12.882197679863165,21.028909754475503,26.353965961686207,1.7107454951045627e-16,6.574850614399785e-16,0.0,2.2218343916996052e-15,3.038040004936616e-14,converged
2025-01-16T03:45:00+08:00,19.75,-7.888888888888889,0.0,3.011111111111111,53.266666666666666,53.266666666666666,45.13333333333333,45.13333333333333,50.0,60.0,85.0,41.40031319538059,13.817518130329663,13.505217498950808,14.077577566100123,75.81854610901998,1.1472629952236226,53.189808061870316,53.13333333333333,53.13333333333333,44.79439192329461,43.60896593010849,43.35556921122051,43.91844265139334,0.43536555555555556,0.44298146982632414,28.55713312849137,28.739279765452483,18.24289746328948,28.423366081705385,22.977506209202726,23.142223581185114,23.04869883940049,22.91940766781223,18.13210129260232,23.155345786468942,23.06204069854897,22.93297264884403,1.0,0.0,0.5833333333333334,0.25,0.0,18.24289746328948,23.04869883940049,28.423366081705385,12.882197679863165,21.028909754475503,26.353965961686207,1.7107454951045627e-16,1.051198117813612e-15,0.0,1.4804235111040608e-15,2.981376242521438e-14,converged
2025-01-16T03:50:00+08:00,19.833333333333332,-7.916666666666667,0.0,3.0083333333333333,53.266666666666666,53.266666666666666,45.13333333333333,45.13333333333333,50.0,60.0,85.0,41.40031319538059,13.817518130329663,13.505217498950808,14.077577566100123,75.81854610901998,1.1472629952236226,53.266666666666666,53.13333333333333,53.13333333333333,44.846642169432975,43.60792793112427,43.35443016136985,43.935155453912394,0.4358214166666667,0.44341031431007505,28.555560696516917,28.737195932251485,18.238182583791637,28.422412712789203,22.97410890664811,23.138364985357313,23.04537793199948,22.916699038235468,18.126988079110443,23.151502894258677,23.058734097060857,22.930277120060506,1.0,0.0,0.5833333333333334,0.25,0.0,18.238182583791637,23.04537793199948,28.422412712789203,12.882197679863165,21.028909754475503,26.353965961686207,1.7107454951045627e-16,0.0,0.0,3.646739114152615e-15,2.9443457976118966e-14,converged
2025-01-16T03:55:00+08:00,19.916666666666668,-7.944444444444444,0.0,3.0055555555555555,53.266666666666666,53.266666666666666,45.13333333333333,45.13333333333333,50.0,60.0,85.0,41.40031319538059,13.817518130329663,13.505217498950808,14.077577566100123,75.81854610901998,1.1472629952236226,53.266666666666666,53.239229073213984,53.13333333333333,44.84593549508775,43.679303772770616,43.353276863755035,43.9578109864677,0.43627727777777775,0.44398066887541915,28.553952082124663,28.735079485668933,18.233413820900005,28.42142649581156,22.970870679704046,23.13465889633174,23.042199932332938,22.914124368089837,18.12181695206771,23.147618029424777,23.05538563760716,22.927539574083823,1.0,0.0,0.5833333333333334,0.25,0.0,18.233413820900005,23.042199932332938,28.42142649581156,12.882197679863165,21.028909754475503,26.353965961686207,1.7107454951045627e-16,1.31104043473119e-16,0.0,3.720784134205706e-15,5.289524398214062e-14,converged
2025-01-16T04:00:00+08:00,20.0,-7.972222222222222,0.0,3.0027777777777778,53.266666666666666,53.266666666666666,45.13333333333333,45.13333333333333,50.0,60.0,85.0,41.40031319538059,13.817518130329663,13.505217498950808,14.077577566100123,75.81854610901998,1.1472629952236226,53.266666666666666,53.266666666666666,53.230560907688364,44.84521684733839,43.69707228426002,43.4187783011865,43.98564022642263,0.43673313888888887,0.444661040341989,28.55230740985877,28.732930532065215,18.22859141403733,28.420407527710807,22.96763872640906,23.130960572869288,23.039027365663433,22.911552755353043,18.116776806329657,23.1438701059083,23.052165300072367,22.924921907474253,1.0,0.0,0.5833333333333334,0.25,0.0,18.22859141403733,23.039027365663433,28.420407527710807,12.882197679863165,21.028909754475503,26.353965961686207,1.7107454951045627e-16,7.854206548255255e-16,0.0,3.0512242893808754e-16,3.950653392731241e-14,converged
2025-01-16T04:05:00+08:00,20.083333333333332,-8.0,0.0,3.0,53.4,53.4,45.2,45.2,50.0,60.0,85.0,41.46146579980509,13.837928053712723,13.525166121548965,14.098371624543406,76.04269542092851,1.152354391637362,53.266666666666666,53.266666666666666,53.266666666666666,44.854742931014606,43.7076764461526,43.45435064748377,44.004374645343766,0.437189,0.44500761566438213,28.55063919093222,28.73076082801197,18.223731399497037,28.419366581807747,22.964375379158405,23.127234237268812,23.035826286775738,22.90895192905724,18.11176604309295,23.14016054089349,23.048979504849207,22.922335080746258,1.0,0.0,0.5833333333333334,0.25,0.0,18.223731399497037,23.035826286775738,28.419366581807747,12.863197388299943,20.997893663392208,26.315095805400528,1.1371351798565668e-16,3.9240448161700714e-16,0.0,3.5459954661705877e-16,2.9152087698434175e-14,converged
2025-01-16T04:10:00+08:00,20.166666666666668,-8.0,0.41666666666666075,3.0,53.4,53.4,45.2,45.2,50.0,60.0,85.0,41.46146579980509,13.837928053712723,13.525166121548965,14.098371624543406,76.04269542092851,1.152354391637362,53.266666666666666,53.266666666666666,53.266666666666666,44.85401582797477,43.70667701277618,43.453248097341444,44.003431039928884,0.437015175,0.4450529512675825,28.548997512499316,28.728624473783174,18.218914184635224,28.41834416164069,22.961146201480208,23.123548640938953,23.032658232396095,22.906375693950984,18.10680077325251,23.136491658200317,23.045826684417616,22.919772801172837,1.0,0.0,0.5833333333333334,0.25,0.0,18.218914184635224,23.032658232396095,28.41834416164069,12.863197388299943,20.997893663392208,26.315095805400528,1.1371351798565668e-16,5.231526787784026e-16,0.0,3.5456393765662603e-16,2.6971605509907174e-14,converged
2025-01-16T04:15:00+08:00,20.25,-8.0,0.8333333333333393,3.0,53.4,53.4,45.2,45.2,50.0,60.0,85.0,41.46146579980509,13.837928053712723,13.525166121548965,14.098371624543406,76.04269542092851,1.152354391637362,53.32364806964534,53.266666666666666,53.266666666666666,44.89258787882916,43.70568794773326,43.4521565732098,44.01561081391927,0.43684134999999996,0.4453814832971059,28.547493232985868,28.726626475008302,18.21423941263543,28.417435322363474,22.95795105328707,23.119903625631576,23.02952308064588,22.903823963593307,18.1018807724495,23.132863299711662,23.042706717012987,22.91723498241855,1.0,0.0,0.5833333333333334,0.25,0.0,18.21423941263543,23.02952308064588,28.417435322363474,12.863197388299943,20.997893663392208,26.315095805400528,1.1371351798565668e-16,5.227667794589308e-16,0.0,3.4836741549345006e-15,3.873568640633088e-14,converged
2025-01-16T04:20:00+08:00,20.333333333333332,-8.0,1.25,3.0,53.4,53.4,45.2,45.2,50.0,60.0,85.0,41.46146579980509,13.837928053712723,13.525166121548965,14.098371624543406,76.04269542092851,1.152354391637362,53.4,53.266666666666666,53.266666666666666,44.94457885825007,43.70470921138064,43.451076030523495,44.03227631175523,0.436667525,0.4458051093418029,28.546163340066112,28.724801883617033,18.209740090798878,28.41667187261605,22.954789795065913,23.116299033713243,23.026420710096268,22.901296651847087,18.097005817431555,23.129275307924956,23.039619481320347,22.914721538451612,1.0,0.0,0.5833333333333334,0.25,0.0,18.209740090798878,23.026420710096268,28.41667187261605,12.863197388299943,20.997893663392208,26.315095805400528,1.1371351798565668e-16,5.222700206321687e-16,0.0,2.849287283322227e-15,3.0549407917514444e-14,converged
2025-01-16T04:25:00+08:00,20.416666666666668,-8.0,1.6666666666666607,3.0,53.4,53.4,45.2,45.2,50.0,60.0,85.0,41.46146579980509,13.837928053712723,13.525166121548965,14.098371624543406,76.04269542092851,1.152354391637362,53.4,53.373389502309536,53.266666666666666,44.94395386167469,43.776775019169065,43.45000642490065,44.0552126370508,0.4364937,0.446375778585904,28.544858822912595,28.723009516387965,18.205281965794846,28.415926129562926,22.95186915324357,23.11293070283022,23.02353720919477,22.898971027681103,18.092175686047305,23.125727525949777,23.0365648564727,22.912232383542822,1.0,0.0,0.5833333333333334,0.25,0.0,18.205281965794846,23.02353720919477,28.415926129562926,12.863197388299943,20.997893663392208,26.315095805400528,1.1371351798565668e-16,1.304005810930565e-16,0.0,6.2352000401336504e-15,3.128995048804288e-14,converged
2025-01-16T04:30:00+08:00,20.5,-8.0,2.0833333333333393,3.0,53.4,53.4,45.2,45.2,50.0,60.0,85.0,41.46146579980509,13.837928053712723,13.525166121548965,14.098371624543406,76.04269542092851,1.152354391637362,53.4,53.4,53.36493077852266,44.94333773525301,43.79409525666913,43.51636511288607,44.08322135786402,0.436319875,0.4470525028935346,28.54357959416623,28.721249268214773,18.20086485455288,28.41519804094204,22.949032750364818,23.109650495278977,23.020731904845597,22.896713171553245,18.087580823329308,23.12240049837952,23.03371440019122,22.909930945866268,1.0,0.0,0.5833333333333334,0.25,0.0,18.20086485455288,23.020731904845597,28.41519804094204,12.863197388299943,20.997893663392208,26.315095805400528,1.1371351798565668e-16,0.0,0.0,2.7152746482042674e-15,4.665428944209333e-14,converged
2025-01-16T04:35:00+08:00,20.583333333333332,-8.0,2.5,3.0,53.4,53.4,45.2,45.2,50.0,60.0,85.0,41.46146579980509,13.837928053712723,13.525166121548965,14.098371624543406,76.04269542092851,1.152354391637362,53.4,53.4,53.4,44.94273044662008,43.793222449795394,43.5394425467298,44.090581101621595,0.43614605,0.44727183052004615,28.542325566768675,28.719521034333965,18.19648857481605,28.41448755464559,22.946228766684644,23.10640929405293,23.01795816437843,22.89447870103379,18.08309728120899,23.119177030745742,23.030956836926546,22.907711304808725,1.0,0.0,0.5833333333333334,0.25,0.0,18.19648857481605,23.01795816437843,28.41448755464559,12.863197388299943,20.997893663392208,26.315095805400528,1.1371351798565668e-16,5.205573607959074e-16,0.0,2.602786803979537e-16,3.263189224039628e-14,converged
2025-01-16T04:40:00+08:00,20.666666666666668,-8.0,2.9166666666666607,3.0,53.4,53.4,45.2,45.2,50.0,60.0,85.0,41.46146579980509,13.837928053712723,13.525166121548965,14.098371624543406,76.04269542092851,1.152354391637362,53.4,53.4,53.4,44.94213196353211,43.79235952820943,43.53847991932463,44.08977253390793,0.435972225,0.44731067822529363,28.541096653961297,28.717824710323754,18.19215294513735,28.41379461871956,22.943457069291785,23.10320694763542,23.01521587130516,22.892267533919533,18.078656632399515,23.11599235615313,23.028230667139542,22.905514919467432,1.0,0.0,0.5833333333333334,0.25,0.0,18.19215294513735,23.01521587130516,28.41379461871956,12.863197388299943,20.997893663392208,26.315095805400528,1.1371351798565668e-16,5.205121518172244e-16,0.0,2.602560759086122e-16,3.4794477325532816e-14,converged
2025-01-16T04:45:00+08:00,20.75,-8.0,3.3333333333333393,3.0,53.4,53.4,45.2,45.2,50.0,60.0,85.0,41.46146579980509,13.837928053712723,13.525166121548965,14.098371624543406,76.04269542092851,1.152354391637362,53.4,53.4,53.4,44.941542253865855,43.79150645411681,43.53752775760277,44.08897366541852,0.43579840000000003,0.44734905993047885,28.539892769284144,28.716160192102947,18.187857784876083,28.41311918136329,22.940717525819874,23.100043305098342,23.012504909567575,22.890079588296214,18.074258665364837,23.112846323827497,23.025535774904846,22.9033417080491,1.0,0.0,0.5833333333333334,0.25,0.0,18.187857784876083,23.012504909567575,28.41311918136329,12.863197388299943,20.997893663392208,26.315095805400528,1.1371351798565668e-16,6.505843660710193e-16,0.0,1.3011687321420388e-16,3.365241212736673e-14,converged
2025-01-16T04:50:00+08:00,20.833333333333332,-8.0,3.75,3.0,53.4,53.4,45.2,45.2,50.0,60.0,85.0,41.46146579980509,13.837928053712723,13.525166121548965,14.098371624543406,76.04269542092851,1.152354391637362,53.4,53.4,53.4,44.940961285618265,43.79066318986807,43.53658601928329,44.088184458813544,0.435624575,0.4473869774295968,28.538713826574906,28.71452737592984,18.18360291419428,28.412461190929,22.938010004445218,23.096918216099848,23.009825163535794,22.887914782537518,18.069903169612132,23.109738783580667,23.022872044725176,22.90119158904812,1.0,0.0,0.5833333333333334,0.25,0.0,18.18360291419428,23.009825163535794,28.412461190929,12.863197388299943,20.997893663392208,26.315095805400528,1.1371351798565668e-16,3.9031753616002785e-16,0.0,3.9031753616002785e-16,2.901642744741233e-14,converged
2025-01-16T04:55:00+08:00,20.916666666666668,-8.0,4.166666666666661,3.0,53.4,53.4,45.2,45.2,50.0,60.0,85.0,41.46146579980509,13.837928053712723,13.525166121548965,14.098371624543406,76.04269542092851,1.152354391637362,53.4,53.4,53.4,44.94038902690595,43.78982969795811,43.53565466225921,44.08740487689936,0.43545075,0.44742443250961866,28.5375597399679,28.712926158401107,18.179388154053143,28.411820595921366,22.935334373884572,23.093831530882092,23.007176518006666,22.885773035304055,18.065589935686663,23.106669585808184,23.02023936152974,22.89906448124555,1.0,0.0,0.5833333333333334,0.25,0.0,18.179388154053143,23.007176518006666,28.411820595921366,12.863197388299943,20.997893663392208,26.315095805400528,1.1371351798565668e-16,5.203798155320101e-16,0.0,2.6018990776600504e-16,2.5477292604698923e-14,converged
2025-01-16T05:00:00+08:00,21.0,-8.0,4.583333333333339,3.0,53.4,53.4,45.2,45.2,50.0,60.0,85.0,41.46146579980509,13.837928053712723,13.525166121548965,14.098371624543406,76.04269542092851,1.152354391637362,53.4,53.4,53.4,44.93982544596474,43.789005941025664,43.534733644596784,44.08663488262796,0.435276925,0.4474614269505196,28.536430423893044,28.711356436450686,18.175213326209477,28.411197344997042,22.932690503392926,23.09078310026894,23.004558858202206,22.883654265542354,18.061318755166656,23.103638581487054,23.01763761067266,22.8969603037081,1.0,0.0,0.5833333333333334,0.25,0.0,18.175213326209477,23.004558858202206,28.411197344997042,12.863197388299943,20.997893663392208,26.315095805400528,1.1371351798565668e-16,6.504209905885812e-16,0.0,0.0,2.794141438059706e-14,converged
2025-01-16T05:05:00+08:00,21.083333333333332,-8.0,5.0,3.0,53.4,53.4,45.2,45.2,50.0,60.0,85.0,41.46146579980509,13.837928053712723,13.525166121548965,14.098371624543406,76.04269542092851,1.152354391637362,53.4,53.4,53.4,44.93927051114929,43.78819188185275,43.5338229245347,44.08587443909636,0.43510309999999996,0.44749796252530705,28.535325793074847,28.709818107348696,18.17107825321217,28.41059138696423,22.93007826276129,23.087772775663726,23.001972069768023,22.88155839248385,18.0570894206582,23.100645622173477,23.01506667793141,22.89487897578713,1.0,0.0,0.5833333333333334,0.25,0.0,18.17107825321217,23.001972069768023,28.41059138696423,12.863197388299943,20.997893663392208,26.315095805400528,1.1371351798565668e-16,3.902207325257417e-16,0.0,3.902207325257417e-16,2.7543250834839238e-14,converged
2025-01-16T05:10:00+08:00,21.166666666666668,-8.0,5.416666666666661,3.0,53.4,53.4,45.2,45.2,50.0,60.0,85.0,41.46146579980509,13.837928053712723,13.525166121548965,14.098371624543406,76.04269542092851,1.152354391637362,53.4,53.4,53.4,44.938724190932504,43.78738748336412,43.532922460483434,44.08512350954601,0.434929275,0.447534041000048,28.53424576253138,28.70831106870033,18.166982758398667,28.410002670782227,22.927497522314496,23.08480040904699,22.999416038771756,22.8794853356439,18.052901725790196,23.097690560000604,23.01252644950525,22.89282041711766,1.0,0.0,0.5,0.25,0.0,18.166982758398667,22.999416038771756,28.410002670782227,12.863197388299943,20.997893663392208,26.315095805400528,1.1371351798565668e-16,0.0,0.0,7.803785488594084e-16,2.855695057976423e-14,converged
2025-01-16T05:15:00+08:00,21.25,-8.0,5.833333333333339,3.0,53.4,53.4,45.2,45.2,50.0,60.0,85.0,41.46146579980509,13.837928053712723,13.525166121548965,14.098371624543406,76.04269542092851,1.152354391637362,53.4,53.4,53.4,44.93818645390519,43.78659270862669,43.532032211024514,44.08438205736224,0.43475545,0.44756966413389687,28.533190247573284,28.706835218444763,18.162926665891465,28.409431145560973,22.924948152909028,23.081865852974246,22.996890651701516,22.87743501482076,18.04875546520929,23.094773247676283,23.010016812013657,22.890784547617365,1.0,0.0,0.5,0.25,0.0,18.162926665891465,22.996890651701516,28.409431145560973,12.863197388299943,20.997893663392208,26.315095805400528,1.1371351798565668e-16,1.0404219155667128e-15,0.0,2.601054788916781e-16,2.7909256744347314e-14,converged
2025-01-16T05:20:00+08:00,21.333333333333332,-8.0,6.25,3.0,53.4,53.4,45.2,45.2,50.0,60.0,85.0,41.46146579980509,13.837928053712723,13.525166121548965,14.098371624543406,76.04269542092851,1.152354391637362,53.4,53.4,53.4,44.93765726877556,43.78580752084903,43.53115213490977,44.08365004607373,0.434581625,0.4476048336791232,28.532159163802746,28.70539045485407,18.158909800594625,28.40887676056062,22.922430025930815,23.07896896057374,22.99439579546434,22.875407350094623,18.04465043457487,23.091893538480832,23.007537652494797,22.888771287485568,1.0,0.0,0.5,0.25,0.0,18.158909800594625,22.99439579546434,28.40887676056062,12.863197388299943,20.997893663392208,26.315095805400528,1.1371351798565668e-16,2.6008504168744093e-16,0.0,3.9012756253116137e-16,2.517605702360765e-14,converged
2025-01-16T05:25:00+08:00,21.416666666666668,-8.0,6.666666666666661,3.0,53.4,53.4,45.2,45.2,50.0,60.0,85.0,41.46146579980509,13.837928053712723,13.525166121548965,14.098371624543406,76.04269542092851,1.152354391637362,53.4,53.4,53.4,44.93713660436878,43.78503188338079,43.53028219106063,44.08292743935183,0.4344078,0.4476395513811387,28.531152427112506,28.703976676532125,18.154931988190302,28.408339465191077,22.919943013293082,23.076109585544227,22.99193135738463,22.87340226182659,18.040586430554068,23.08905128626482,23.00508885840396,22.886780557202272,1.0,0.0,0.5,0.25,0.0,18.154931988190302,22.99193135738463,28.408339465191077,12.863197388299943,20.997893663392208,26.315095805400528,1.1371351798565668e-16,2.6006487020136887e-16,0.0,5.201297404027377e-16,2.72074159740759e-14,converged
2025-01-16T05:30:00+08:00,21.5,-8.0,7.083333333333339,3.0,53.4,53.4,45.2,45.2,50.0,60.0,85.0,41.46146579980509,13.837928053712723,13.525166121548965,14.098371624543406,76.04269542092851,1.152354391637362,53.4,53.4,53.4,44.936624429626534,43.78426575971214,43.529422338567464,44.08221420101008,0.434233975,0.4476738189785248,28.53016995368485,28.702593782413537,18.15099305513528,28.40781920901157,22.91748698743418,23.07328758215276,22.989497225202637,22.871419670657716,18.036563250816783,23.086246345446842,23.002670317612015,22.884812277527153,1.0,0.0,0.5,0.25,0.0,18.15099305513528,22.989497225202637,28.40781920901157,12.863197388299943,20.997893663392208,26.315095805400528,1.1371351798565668e-16,3.9006744495098335e-16,0.0,2.600449633006556e-16,2.7678624264475464e-14,converged
2025-01-16T05:35:00+08:00,21.583333333333332,-8.0,7.5,3.0,53.4,53.4,45.2,45.2,50.0,60.0,85.0,41.46146579980509,13.837928053712723,13.525166121548965,14.098371624543406,76.04269542092851,1.152354391637362,53.4,53.4,53.4,44.93612071360658,43.783509113473286,43.52857253668879,44.081510295003646,0.43406015000000003,0.4477076382030599,28.529211659990622,28.701241671762556,18.147092828657538,28.407315941730207,22.91506182131543,23.070502805232472,22.987093287072902,22.869459497508007,18.03258069403075,23.083478571011312,23.000281918403903,22.882866369498597,1.0,0.0,0.5,0.25,0.0,18.147092828657538,22.987093287072902,28.407315941730207,12.863197388299943,20.997893663392208,26.315095805400528,1.1371351798565668e-16,2.600253198587023e-16,0.0,1.0401012794348092e-15,3.43023167776297e-14,converged
2025-01-16T05:40:00+08:00,21.666666666666668,-8.0,7.916666666666661,3.0,53.4,53.4,45.2,45.2,50.0,60.0,85.0,41.46146579980509,13.837928053712723,13.525166121548965,14.098371624543406,76.04269542092851,1.152354391637362,53.4,53.4,53.4,44.935625425482264,43.782761908433876,43.52773274485062,44.08081568542868,0.433886325,0.4477410107797462,28.528277462788218,28.699920244172013,18.143231136752817,28.40682961320353,22.912667388418985,23.067755110180396,22.98471943156274,22.867521663575445,18.028638559856596,23.08074781850627,22.99792354947708,22.880942754432695,1.0,0.0,0.4166666666666667,0.25,0.0,18.143231136752817,22.98471943156274,28.40682961320353,12.863197388299943,20.997893663392208,26.315095805400528,1.1371351798565668e-16,2.6000593875507667e-16,0.0,1.0400237550203067e-15,2.8411804657611817e-14,converged
2025-01-16T05:45:00+08:00,21.75,-8.0,8.33333333333334,3.0,53.4,53.4,45.2,45.2,50.0,60.0,85.0,41.46146579980509,13.837928053712723,13.525166121548965,14.098371624543406,76.04269542092851,1.152354391637362,53.4,53.4,53.4,44.93513853454216,43.782024108502505,43.52690292264575,44.08013033652184,0.4337125,0.4477739384268371,28.527367279122608,28.69862939956223,18.139407808181208,28.406360173436088,22.91030356274569,23.06504435295525,22.98237554765072,22.865606090335014,18.024736648942973,23.078053944041187,22.995595099940005,22.879041353922286,1.0,0.0,0.4166666666666667,0.25,0.0,18.139407808181208,22.98237554765072,28.406360173436088,12.863197388299943,20.997893663392208,26.315095805400528,1.1371351798565668e-16,0.0,0.0,7.799604566264158e-16,2.5366362108635807e-14,converged
2025-01-16T05:50:00+08:00,21.833333333333332,-8.0,8.75,3.0,53.4,53.4,45.2,45.2,50.0,60.0,85.0,41.46146579980509,13.837928053712723,13.525166121548965,14.098371624543406,76.04269542092851,1.152354391637362,53.4,53.4,53.4,44.934660010189546,43.781295677726156,43.52608302983308,44.07945421265969,0.433538675,0.4478064228558635,28.52648102632434,28.69736903817996,18.135622672463764,28.405907572579988,22.90797021881296,23.062370390075277,22.980061524725127,22.863712699537718,18.02087476292166,23.075396804284775,22.993296459310624,22.877162089835977,1.0,0.0,0.4166666666666667,0.25,0.0,18.135622672463764,22.980061524725127,28.405907572579988,12.863197388299943,20.997893663392208,26.315095805400528,1.1371351798565668e-16,1.2998397955583331e-16,0.0,6.499198977791666e-16,3.032976962717344e-14,converged
2025-01-16T05:55:00+08:00,21.916666666666668,-8.0,9.16666666666666,3.0,53.4,53.4,45.2,45.2,50.0,60.0,85.0,41.46146579980509,13.837928053712723,13.525166121548965,14.098371624543406,76.04269542092851,1.152354391637362,53.4,53.4,53.4,44.934189821942,43.780576580289676,43.52527302633689,44.078787278358156,0.43336484999999997,0.4478384657716609,28.52561862200857,28.696139060597336,18.13187555987911,28.405471760934468,22.905667231652657,23.059733078616055,22.977777252582477,22.861841413209614,18.01705270440273,23.07277625646283,22.991027517514855,22.87530488431717,1.0,0.0,0.4166666666666667,0.25,0.0,18.13187555987911,22.977777252582477,28.405471760934468,12.863197388299943,20.997893663392208,26.315095805400528,1.1371351798565668e-16,2.599493583614843e-16,0.0,5.198987167229686e-16,3.026991673750505e-14,converged
2025-01-16T06:00:00+08:00,22.0,-8.0,9.58333333333334,3.0,53.4,53.4,45.2,45.2,50.0,60.0,85.0,41.46146579980509,13.837928053712723,13.525166121548965,14.098371624543406,76.04269542092851,1.152354391637362,53.4,53.4,53.4,44.93372793943098,43.779866780515235,43.524472872246115,44.078129498271956,0.433191025,0.4478700688723963,28.524779984074065,28.694939367710788,18.128166301460073,28.405052688945457,22.903394476808987,23.057132276208346,22.975522621426,22.859992153650854,18.013270276969713,23.070192158356058,22.98878816488508,22.8734696597831,1.0,0.0,0.4166666666666667,0.25,0.0,18.128166301460073,22.975522621426,28.405052688945457,12.863197388299943,20.997893663392208,26.315095805400528,1.1371351798565668e-16,5.198620310575073e-16,0.0,2.5993101552875367e-16,2.6676562295682577e-14,converged
2025-01-16T06:05:00+08:00,22.083333333333332,-8.0,10.0,3.0,53.4,53.4,45.2,45.2,50.0,60.0,85.0,41.46146579980509,13.837928053712723,13.525166121548965,14.098371624543406,76.04269542092851,1.152354391637362,53.4,53.4,53.4,44.933274332401346,43.77916624286182,43.523682527813754,44.07748083719407,0.4330172,0.44790123384959407,28.52396503070224,28.693769860739994,18.124494728990346,28.40465030720515,22.901151830336396,23.05456784103593,22.97329752186412,22.85816484343471,18.00952728517481,23.067644368297913,22.986578292158644,22.871656338923874,1.0,0.0,0.4166666666666667,0.25,0.0,18.124494728990346,22.97329752186412,28.40465030720515,12.863197388299943,20.997893663392208,26.315095805400528,1.1371351798565668e-16,9.096952533314419e-16,0.0,2.59912929523269e-16,2.7410135532018354e-14,converged
2025-01-16T06:10:00+08:00,22.166666666666668,-8.0,10.41666666666666,3.0,53.4,53.4,45.2,45.2,50.0,60.0,85.0,41.46146579980509,13.837928053712723,13.525166121548965,14.098371624543406,76.04269542092851,1.152354391637362,53.4,53.4,53.4,44.932828970710965,43.77847493192469,43.52290195345608,44.076841260055176,0.432843375,0.4479319623881631,28.523173680356177,28.69263044122683,18.120860675001133,28.404264566451566,22.898939168797476,23.05203963183346,22.97110184490899,22.856359405406618,18.0058235345341,23.065132745172463,22.984397790476365,22.869864844701503,1.0,0.0,0.4166666666666667,0.25,0.0,18.120860675001133,22.97110184490899,28.404264566451566,12.863197388299943,20.997893663392208,26.315095805400528,1.1371351798565668e-16,1.2994754963037572e-16,0.0,6.497377481518786e-16,3.2867553751520794e-14,converged
2025-01-16T06:15:00+08:00,22.25,-8.0,10.83333333333334,3.0,53.4,53.4,45.2,45.2,50.0,60.0,85.0,41.46146579980509,13.837928053712723,13.525166121548965,14.098371624543406,76.04269542092851,1.152354391637362,53.4,53.4,53.4,44.93239182433023,43.77779281243487,43.52213110975203,44.07621073192309,0.43266955,0.4479622561664226,28.52240585177966,28.69152101103431,18.117263972767837,28.403895417568126,22.896756369260885,23.04954750788432,22.968935481974988,22.854575762683222,18.0021588315228,23.06265714841223,22.982246551381042,22.868095100348953,1.0,0.0,0.4166666666666667,0.25,0.0,18.117263972767837,22.968935481974988,28.403895417568126,12.863197388299943,20.997893663392208,26.315095805400528,1.1371351798565668e-16,0.0,0.0,7.796325709884271e-16,2.4531102714218383e-14,converged
2025-01-16T06:20:00+08:00,22.333333333333332,-8.0,11.25,3.0,53.4,53.4,45.2,45.2,50.0,60.0,85.0,41.46146579980509,13.837928053712723,13.525166121548965,14.098371624543406,76.04269542092851,1.152354391637362,53.4,53.4,53.4,44.93196286334171,43.777119849258575,43.521369957442474,44.07558921800225,0.432495725,0.44799211685612866,28.521661463996207,28.690441472345555,18.11370445630676,28.40354281158322,22.89460330929927,23.047091329018496,22.966798324877225,22.85281383865142,17.998532983570527,23.060217437996084,22.98012446681597,22.866347029369184,0.9166666666666666,0.0,0.4166666666666667,0.25,0.08333333333333333,18.11370445630676,22.966798324877225,28.40354281158322,12.863197388299943,20.997893663392208,26.315095805400528,1.1371351798565668e-16,0.0,0.0,7.795806049706981e-16,2.653040107260595e-14,converged
2025-01-16T06:25:00+08:00,22.416666666666668,-8.0,11.66666666666666,3.0,53.4,53.4,45.2,45.2,50.0,60.0,85.0,41.46146579980509,13.837928053712723,13.525166121548965,14.098371624543406,76.04269542092851,1.152354391637362,53.4,53.4,53.4,44.93154205793963,43.77645600739679,43.52061845742957,44.07497668363315,0.43232190000000004,0.4480215461225001,28.52094043630811,28.689391727662723,18.11018196037179,28.403206699669777,22.892479866987205,23.044670955610457,22.96469026583008,22.851073556967417,17.994945799056598,23.057813474447094,22.97803142912345,22.864620555534213,0.9166666666666666,0.0,0.4166666666666667,0.25,0.08333333333333333,18.11018196037179,22.96469026583008,28.403206699669777,12.863197388299943,20.997893663392208,26.315095805400528,1.1371351798565668e-16,2.5984313217629046e-16,0.0,1.0393725287051618e-15,2.6345012882798264e-14,converged
2025-01-16T06:30:00+08:00,22.5,-8.0,12.08333333333334,3.0,53.4,53.4,45.2,45.2,50.0,60.0,85.0,41.46146579980509,13.837928053712723,13.525166121548965,14.098371624543406,76.04269542092851,1.152354391637362,53.4,53.4,53.4,44.931129378429496,43.77580125198464,43.51987657077607,44.07437309429181,0.432148075,0.4480505456242446,28.52024268829547,28.688371679805993,18.106696320451146,28.402887033144847,22.890385920899128,23.042286248577028,22.962611197445717,22.849354841555773,17.991397087305334,23.055445118830427,22.97596733104334,22.862915602884154,0.9166666666666666,0.0,0.4166666666666667,0.25,0.08333333333333333,18.106696320451146,22.962611197445717,28.402887033144847,12.863197388299943,20.997893663392208,26.315095805400528,1.1371351798565668e-16,2.5982631416002327e-16,0.0,5.196526283200465e-16,2.99881496905764e-14,converged
2025-01-16T06:35:00+08:00,22.583333333333332,-8.0,12.5,3.0,53.4,53.4,45.2,45.2,50.0,60.0,85.0,41.46146579980509,13.837928053712723,13.525166121548965,14.098371624543406,76.04269542092851,1.152354391637362,53.4,53.4,53.4,44.930724795227654,43.77515554829097,43.519144258704635,44.073778415589224,0.43197425,0.4480791170135848,28.519568139815238,28.687381231912514,18.103247372764095,28.402583763469163,22.888321350107294,23.039937069375295,22.960561012732622,22.84765761660846,17.987886658581413,23.05311223275124,22.973932065711562,22.86123209572629,0.9166666666666666,0.0,0.4166666666666667,0.25,0.08333333333333333,18.103247372764095,22.960561012732622,28.402583763469163,12.863197388299943,20.997893663392208,26.315095805400528,1.1371351798565668e-16,0.0,0.0,7.794292396586204e-16,3.828595454994582e-14,converged
2025-01-16T06:40:00+08:00,22.666666666666668,-8.0,12.91666666666666,3.0,53.4,53.4,45.2,45.2,50.0,60.0,85.0,41.46146579980509,13.837928053712723,13.525166121548965,14.098371624543406,76.04269542092851,1.152354391637362,53.4,53.4,53.4,44.93032827886089,43.77451886171776,43.51842148259722,44.073192613270834,0.431800425,0.4481072619362838,28.518916711000276,28.68642028743538,18.09983495425772,28.40229684224673,22.886286034179733,23.0376232800005,22.95853960509414,22.845981806583925,17.984414324085222,23.050814678352577,22.97192552665866,22.859569958634115,0.9166666666666666,0.0,0.4166666666666667,0.25,0.08333333333333333,18.09983495425772,22.95853960509414,28.40229684224673,12.863197388299943,20.997893663392208,26.315095805400528,1.1371351798565668e-16,5.195868566106293e-16,0.0,2.5979342830531467e-16,3.4346499198863674e-14,converged
2025-01-16T06:45:00+08:00,22.75,-8.0,13.33333333333334,3.0,53.4,53.4,45.2,45.2,50.0,60.0,85.0,41.46146579980509,13.837928053712723,13.525166121548965,14.098371624543406,76.04269542092851,1.152354391637362,53.4,53.4,53.4,44.92993979996595,43.77389115779964,43.51770820399435,44.072615653216005,0.43162659999999997,0.44813498203167085,28.518288322258392,28.685488750142582,18.096458902603676,28.402026221224396,22.88427985317822,23.035344742983952,22.95654686832701,22.844327336206156,17.980979895948252,23.048552318313284,22.969947607808326,22.857929116446414,0.9166666666666666,0.0,0.4166666666666667,0.25,0.08333333333333333,18.096458902603676,22.95654686832701,28.402026221224396,12.863197388299943,20.997893663392208,26.315095805400528,1.1371351798565668e-16,2.5977735837348096e-16,0.0,3.8966603756022145e-16,3.0526051253666745e-14,converged
2025-01-16T06:50:00+08:00,22.833333333333332,-8.0,13.75,3.0,53.4,53.4,45.2,45.2,50.0,60.0,85.0,41.46146579980509,13.837928053712723,13.525166121548965,14.098371624543406,76.04269542092851,1.152354391637362,53.4,53.4,53.4,44.9295593292892,43.77327240220341,43.517004384594465,44.07204750143746,0.431452775,0.44816227893266725,28.517682894271402,28.684586524116007,18.093119056194972,28.40177185229142,22.88230268765625,23.033101321390948,22.95458269661993,22.842694130463745,17.977583187228497,23.046325015845923,22.967998203475958,22.85630949426632,0.9166666666666666,0.0,0.4166666666666667,0.25,0.08333333333333333,18.093119056194972,22.95458269661993,28.40177185229142,12.863197388299943,20.997893663392208,26.315095805400528,1.1371351798565668e-16,3.8964230357869524e-16,0.0,3.8964230357869524e-16,2.9373263029707907e-14,converged
2025-01-16T06:55:00+08:00,22.916666666666668,-8.0,14.16666666666666,3.0,53.4,53.4,45.2,45.2,50.0,60.0,85.0,41.46146579980509,13.837928053712723,13.525166121548965,14.098371624543406,76.04269542092851,1.152354391637362,53.4,53.4,53.4,44.92918683768611,43.77266256072749,43.51630998625328,44.07148812408077,0.43127895,0.4481891542658115,28.517100347994184,28.68371351375039,18.089815254142767,28.401533687479077,22.88035441865702,23.030892878818694,22.952646984552093,22.841082114608955,17.974224011905893,23.044132634694694,22.96607720836721,22.854711017460392,0.9166666666666666,0.0,0.4166666666666667,0.25,0.08333333333333333,18.089815254142767,22.952646984552093,28.401533687479077,12.863197388299943,20.997893663392208,26.315095805400528,1.1371351798565668e-16,1.1688568168932332e-15,0.0,3.896189389644109e-16,3.1261263796355416e-14,converged
2025-01-16T07:00:00+08:00,23.0,-8.0,14.58333333333334,3.0,53.4,53.4,45.2,45.2,50.0,60.0,85.0,41.46146579980509,13.837928053712723,13.525166121548965,14.098371624543406,76.04269542092851,1.152354391637362,53.4,53.4,53.4,44.928822296120934,43.7720615993014,43.51562497098314,44.07093748742386,0.431105125,0.44821560965128493,28.516540604653738,28.682869623752314,18.086547336273178,28.401311678960212,22.878434927711425,23.02871927939424,22.95073962709175,22.839491214156798,17.97090218487776,23.041975039133376,22.96418451757655,22.85313361165768,0.9166666666666666,0.0,0.4166666666666667,0.25,0.08333333333333333,18.086547336273178,22.95073962709175,28.401311678960212,12.863197388299943,20.997893663392208,26.315095805400528,1.1371351798565668e-16,6.493265702945219e-16,0.0,1.2986531405890438e-16,3.4840037534138513e-14,converged
2025-01-16T07:05:00+08:00,23.083333333333332,-8.0,15.0,3.0,53.4,53.4,45.2,45.2,50.0,60.0,85.0,41.46146579980509,13.837928053712723,13.525166121548965,14.098371624543406,76.04269542092851,1.152354391637362,53.4,53.4,53.4,44.92846567566624,43.77146948398532,43.5149493009523,44.070395557876395,0.43093129999999996,0.44824164670293687,28.516003585748248,28.682054759139174,18.0833151431241,28.401105779048837,22.87654409683605,23.026580387772427,22.948860519594785,22.83792135488411,17.9676175219543,23.03985209396327,22.962320026585836,22.851577202748807,0.9166666666666666,0.0,0.4166666666666667,0.25,0.08333333333333333,18.0833151431241,22.948860519594785,28.401105779048837,12.863197388299943,20.997893663392208,26.315095805400528,1.1371351798565668e-16,1.038862164488582e-15,0.0,3.8957331168321813e-16,3.466665902194132e-14,converged
2025-01-16T07:10:00+08:00,23.166666666666668,-8.0,15.41666666666666,3.0,53.4,53.4,45.2,45.2,50.0,60.0,85.0,41.46146579980509,13.837928053712723,13.525166121548965,14.098371624543406,76.04269542092851,1.152354391637362,53.4,53.4,53.4,44.92811694750248,43.770886180969526,43.51428293848436,44.06986230197935,0.430757475,0.4482672670283098,28.515489213046152,28.681268825238178,18.08011851594205,28.400915940199713,22.87468180853119,23.024476069133822,22.94700955780327,22.836372462828628,17.96436983985406,23.037763664511132,22.960483631262864,22.85004171688505,0.9166666666666666,0.0,0.4166666666666667,0.25,0.08333333333333333,18.08011851594205,22.94700955780327,28.400915940199713,12.863197388299943,20.997893663392208,26.315095805400528,1.1371351798565668e-16,6.492517432662707e-16,0.0,1.2985034865325414e-16,2.35499427166963e-14,converged
2025-01-16T07:15:00+08:00,23.25,-8.0,15.83333333333334,3.0,53.4,53.4,45.2,45.2,50.0,60.0,85.0,41.46146579980509,13.837928053712723,13.525166121548965,14.098371624543406,76.04269542092851,1.152354391637362,53.4,53.4,53.4,44.927776082917624,43.77031165657392,43.51362584605752,44.069337686404424,0.43058365000000004,0.4482924722286645,28.51499740858521,28.680511727685328,18.07695729667901,28.40074211500793,22.87284794577886,23.0224061891827,22.94518663784405,22.83484446428808,17.96115895619949,23.035709616627155,22.95867522785996,22.848527080477417,0.9166666666666666,0.0,0.4166666666666667,0.25,0.08333333333333333,18.07695729667901,22.94518663784405,28.40074211500793,12.863197388299943,20.997893663392208,26.315095805400528,1.1371351798565668e-16,2.596860956602319e-16,0.0,9.089013348108116e-16,3.497876269289172e-14,converged
2025-01-16T07:20:00+08:00,23.333333333333332,-8.0,16.25,3.0,53.4,53.4,45.2,45.2,50.0,60.0,85.0,41.46146579980509,13.837928053712723,13.525166121548965,14.098371624543406,76.04269542092851,1.152354391637362,53.4,53.4,53.4,44.92744305330672,43.76974587724752,43.51297798630401,44.06882167795354,0.430409825,0.44831726389900495,28.514528094671572,28.679783372424414,18.073831327989293,28.4005842562085,22.871042392040827,23.020370614144984,22.943391656227316,22.83333728581926,17.957984689512458,23.03368981668292,22.956894713012552,22.847033220195744,0.9166666666666666,0.0,0.4166666666666667,0.25,0.08333333333333333,18.073831327989293,22.943391656227316,28.4005842562085,12.863197388299943,20.997893663392208,26.315095805400528,1.1371351798565668e-16,3.8950760276708984e-16,0.0,3.8950760276708984e-16,2.7646769996156302e-14,converged
2025-01-16T07:25:00+08:00,23.416666666666668,-8.0,16.66666666666666,3.0,53.4,53.4,45.2,45.2,50.0,60.0,85.0,41.46146579980509,13.837928053712723,13.525166121548965,14.098371624543406,76.04269542092851,1.152354391637362,53.4,53.4,53.4,44.92711783017149,43.769188809567986,43.51233932200942,44.068314243558355,0.430236,0.4483416436281033,28.514081193878862,28.679083665706013,18.07074045322643,28.400442316675935,22.869265031256628,23.018369210766238,22.941624509845198,22.83185085423713,17.954846859209827,23.031704131569366,22.955141983737764,22.845560062967774,0.9166666666666666,0.0,0.4166666666666667,0.25,0.08333333333333333,18.07074045322643,22.941624509845198,28.400442316675935,12.863197388299943,20.997893663392208,26.315095805400528,1.1371351798565668e-16,5.193152297202203e-16,0.0,1.2982880743005508e-15,3.071829820051032e-14,converged
2025-01-16T07:30:00+08:00,23.5,-8.0,17.08333333333334,3.0,53.4,53.4,45.2,45.2,50.0,60.0,85.0,41.46146579980509,13.837928053712723,13.525166121548965,14.098371624543406,76.04269542092851,1.152354391637362,53.4,53.4,53.4,44.92680038511991,43.76864042024109,43.51170981611205,44.06781535027967,0.430062175,0.44836561299852457,28.513656629047254,28.67841251408649,18.06768451644006,28.400316249423845,22.86751574784163,23.016401846309638,22.939885095970347,22.8303850966139,17.951745285599035,23.02975242869479,22.953416937432994,22.844107535978253,0.9166666666666666,0.0,0.4166666666666667,0.25,0.08333333333333333,18.06768451644006,22.939885095970347,28.400316249423845,12.863197388299943,20.997893663392208,26.315095805400528,1.1371351798565668e-16,1.42804053541512e-15,0.0,6.491093342795995e-16,3.317250668635874e-14,converged
2025-01-16T07:35:00+08:00,23.583333333333332,-8.0,17.5,3.0,53.4,53.4,45.2,45.2,50.0,60.0,85.0,41.46146579980509,13.837928053712723,13.525166121548965,14.098371624543406,76.04269542092851,1.152354391637362,53.4,53.4,53.4,44.926490689865865,43.76810067610025,43.51108943170229,44.06732496530706,0.42988835,0.4483891735866513,28.513254323282553,28.677769824426985,18.064663362372826,28.400206007604517,22.865794426685063,23.014468388553965,22.938173312254534,22.828939940278133,17.948679789873708,23.027834575982805,22.951719471874515,22.842675566668035,0.9166666666666666,0.0,0.4166666666666667,0.25,0.08333333333333333,18.064663362372826,22.938173312254534,28.400206007604517,12.863197388299943,20.997893663392208,26.315095805400528,1.1371351798565668e-16,6.490752268600298e-16,0.0,1.2981504537200598e-16,3.2086251163056973e-14,converged
2025-01-16T07:40:00+08:00,23.666666666666668,-8.0,17.91666666666666,3.0,53.4,53.4,45.2,45.2,50.0,60.0,85.0,41.46146579980509,13.837928053712723,13.525166121548965,14.098371624543406,76.04269542092851,1.152354391637362,53.4,53.4,53.4,44.92618871622864,43.767569544106024,43.51047813202194,44.06684305595817,0.429714525,0.4484123269627084,28.512874199955277,28.677155503892447,18.06167683645731,28.400111544508512,22.864100953148096,23.012568705791605,22.936489056727257,22.82751531281384,17.94565019410929,23.025950441870375,22.950049485216084,22.841264082733165,0.9166666666666666,0.0,0.4166666666666667,0.25,0.08333333333333333,18.06167683645731,22.936489056727257,28.400111544508512,12.863197388299943,20.997893663392208,26.315095805400528,1.1371351798565668e-16,1.2980834248632994e-16,0.0,9.086583974043095e-16,3.1011173576403506e-14,converged
2025-01-16T07:45:00+08:00,23.75,-8.0,18.33333333333334,3.0,53.4,53.4,45.2,45.2,50.0,60.0,85.0,41.46146579980509,13.837928053712723,13.525166121548965,14.098371624543406,76.04269542092851,1.152354391637362,53.4,53.4,53.4,44.92589443613259,43.76704699134564,43.50987588046363,44.06636958967833,0.4295407,0.44843507469078703,28.512516182699756,28.67656945995062,18.058724784812952,28.40003281356426,22.86243521306188,23.010702666826546,22.934832227794335,22.826111142059585,17.942656321258692,23.02409989530579,22.948406875987537,22.83987301212399,0.9166666666666666,0.0,0.4166666666666667,0.25,0.08333333333333333,18.058724784812952,22.934832227794335,28.40003281356426,12.863197388299943,20.997893663392208,26.315095805400528,1.1371351798565668e-16,1.298017577095275e-16,0.0,6.490087885476375e-16,3.097470361786509e-14,converged
2025-01-16T07:50:00+08:00,23.833333333333332,-8.0,18.75,3.0,53.4,53.4,45.2,45.2,50.0,60.0,85.0,41.46146579980509,13.837928053712723,13.525166121548965,14.098371624543406,76.04269542092851,1.152354391637362,53.4,53.4,53.4,44.92560782160674,43.76653298503248,43.509282640570184,44.06590453404005,0.429366875,0.44845741832886954,28.512180195413215,28.676011600371062,18.05580705424302,28.399969768337645,22.860797092725633,23.0088701409724,22.933202724236526,22.824727356107587,17.939697995147956,23.022282805746688,22.946791543093408,22.838502283044278,0.9166666666666666,0.0,0.4166666666666667,0.25,0.08333333333333333,18.05580705424302,22.933202724236526,28.399969768337645,12.863197388299943,20.997893663392208,26.315095805400528,1.1371351798565668e-16,9.085670338838543e-16,0.0,1.2979529055483631e-16,3.0800768122969146e-14,converged
2025-01-16T07:55:00+08:00,23.916666666666668,-8.0,19.16666666666666,3.0,53.4,53.4,45.2,45.2,50.0,60.0,85.0,41.46146579980509,13.837928053712723,13.525166121548965,14.098371624543406,76.04269542092851,1.152354391637362,53.4,53.4,53.4,44.92532884478434,43.76602749250563,43.508698376033934,44.06544785674248,0.42919304999999996,0.4484793594288537,28.511866162254876,28.675481833224165,18.052923492231542,28.399922362531605,22.859186478904725,23.007070998050416,22.931600445208144,22.82336388330283,17.936775040471968,23.020499043158086,22.945203385811535,22.837151823950293,0.9166666666666666,0.0,0.4166666666666667,0.25,0.08333333333333333,18.052923492231542,22.931600445208144,28.399922362531605,12.863197388299943,20.997893663392208,26.315095805400528,1.1371351798565668e-16,3.8936682161423807e-16,0.0,3.8936682161423807e-16,2.674097305288436e-14,converged
2025-01-16T08:00:00+08:00,24.0,-8.0,19.58333333333334,3.0,53.4,53.4,45.2,45.2,50.0,60.0,85.0,41.46146579980509,13.837928053712723,13.525166121548965,14.098371624543406,76.04269542092851,1.152354391637362,53.4,53.4,53.4,44.92505747790252,43.76553048122935,43.50812305069617,44.06499952561089,0.429019225,0.44850089953657635,28.511574007645045,28.674980066880163,18.050073946940312,28.399890549985724,22.85760325882876,23.00530510838751,22.93002529023568,22.82202065224217,17.93388728279016,23.018748478010394,22.943642303791698,22.835821563549946,0.9166666666666666,0.0,0.4166666666666667,0.25,0.08333333333333333,18.050073946940312,22.93002529023568,28.399890549985724,12.863197388299943,20.997893663392208,26.315095805400528,1.1371351798565668e-16,5.191308287105937e-16,0.0,2.5956541435529685e-16,2.7306015859658016e-14,converged
