timestamp,elapsed_hours,outdoor_temperature_c,solar_radiation_w_m2,wind_m_s,raw_supply_target_c,applied_supply_setpoint_c,raw_pump_target_hz,applied_pump_frequency_hz,near_valve_pct,mid_valve_pct,far_valve_pct,total_flow_m3_h,near_flow_m3_h,mid_flow_m3_h,far_flow_m3_h,pump_pressure_kpa,pump_power_kw,delivered_supply_near_c,delivered_supply_mid_c,delivered_supply_far_c,return_near_c,return_mid_c,return_far_c,station_return_c,required_heat_load_mw,actual_heat_supply_mw,B01_indoor_c,B02_indoor_c,B03_indoor_c,B04_indoor_c,B05_indoor_c,B06_indoor_c,B07_indoor_c,B08_indoor_c,B09_indoor_c,B10_indoor_c,B11_indoor_c,B12_indoor_c,compliance_rate,comfort_rate,overheating_rate,severe_overheating_rate,underheating_rate,P10_c,P50_c,P90_c,near_transport_delay_min,mid_transport_delay_min,far_transport_delay_min,hydraulic_residual,heat_balance_residual,mass_residual,pipe_heat_balance_residual,building_heat_balance_residual,solver_status
2025-01-15T08:05:00+08:00,0.08333333333333333,-8.0,20.0,3.0,53.4,53.4,45.2,45.2,50.0,60.0,85.0,41.46146579980509,13.837928053712723,13.525166121548965,14.098371624543406,76.04269542092851,1.152354391637362,53.4,53.4,53.4,44.89450262568257,43.757169220475944,43.501024318213894,44.04966037047691,0.42884540000000004,0.4492378705624049,28.409350423461255,28.550247733902932,18.055623750326493,28.237255541797936,22.838489100070767,22.98053872239223,22.901134323907005,22.789285919137786,17.936326745611712,22.99394756247368,22.914697717721822,22.803010516359784,0.9166666666666666,0.0,0.25,0.25,0.08333333333333333,18.055623750326493,22.901134323907005,28.237255541797936,12.863197388299943,20.997893663392208,26.315095805400528,1.1371351798565668e-16,6.478489985783781e-16,0.0,1.295697997156756e-16,3.0401243334994736e-14,converged
2025-01-15T08:10:00+08:00,0.16666666666666666,-7.833333333333333,28.333333333333332,3.0166666666666666,53.4,53.4,45.2,45.2,50.0,60.0,85.0,41.46146579980509,13.837928053712723,13.525166121548965,14.098371624543406,76.04269542092851,1.152354391637362,53.4,53.4,53.4,44.89444739020949,43.756833625524926,43.50060912155954,44.049391279201934,0.42263373333333326,0.4492507990758225,28.41009750736216,28.550942632085846,18.053656462774708,28.238242336750154,22.837787707424056,22.979768892986765,22.90044143165789,22.78869588413677,17.9343763851469,22.99319319005518,22.914019107823414,22.802433742549383,0.9166666666666666,0.0,0.25,0.25,0.08333333333333333,18.053656462774708,22.90044143165789,28.238242336750154,12.863197388299943,20.997893663392208,26.315095805400528,1.1371351798565668e-16,3.8869821289050204e-16,0.0,1.1660946386715061e-15,2.4105714375287306e-14,converged
2025-01-15T08:15:00+08:00,0.25,-7.666666666666667,36.666666666666664,3.033333333333333,53.4,53.4,45.2,45.2,50.0,60.0,85.0,41.46146579980509,13.837928053712723,13.525166121548965,14.098371624543406,76.04269542092851,1.152354391637362,53.4,53.4,53.4,44.89460954789093,43.75673580388509,43.50043959178936,44.0493558433756,0.4164220666666667,0.44925250159314206,28.411507537805686,28.552397176314514,18.052570971848553,28.23974925525505,22.83786537265711,22.97986878722207,22.90049971175344,22.78872588214664,17.93335004768547,22.993308481944684,22.91409161819853,22.802476955670727,0.9166666666666666,0.0,0.25,0.25,0.08333333333333333,18.052570971848553,22.90049971175344,28.23974925525505,12.863197388299943,20.997893663392208,26.315095805400528,1.1371351798565668e-16,1.2956557995125467e-16,0.0,9.069590596587826e-16,2.8174117856009814e-14,converged
2025-01-15T08:20:00+08:00,0.3333333333333333,-7.5,45.0,3.05,53.4,53.4,45.2,45.2,50.0,60.0,85.0,41.46146579980509,13.837928053712723,13.525166121548965,14.098371624543406,76.04269542092851,1.152354391637362,53.4,53.4,53.4,44.89498831745391,43.756874848295375,43.50051474427645,44.049553171478756,0.41021040000000003,0.44924302094747826,28.413578232519722,28.554608888833204,18.052363359020863,28.241774762145837,22.838718901811532,22.980835026732667,22.901306391953945,22.78937373367723,17.933243176242375,22.99429005807914,22.914912475217346,22.803137975151564,0.9166666666666666,0.0,0.25,0.25,0.08333333333333333,18.052363359020863,22.901306391953945,28.241774762145837,12.863197388299943,20.997893663392208,26.315095805400528,1.1371351798565668e-16,1.295683142516143e-16,0.0,7.774098855096858e-16,2.7499274942319277e-14,converged
2025-01-15T08:25:00+08:00,0.4166666666666667,-7.333333333333333,53.33333333333333,3.0666666666666664,53.4,53.4,45.2,45.2,50.0,60.0,85.0,41.46146579980509,13.837928053712723,13.525166121548965,14.098371624543406,76.04269542092851,1.152354391637362,53.4,53.4,53.4,44.895582920503394,43.757249854967704,43.50083359841128,44.04998237545171,0.40399873333333336,0.44922239980573475,28.41630731708915,28.55757529996794,18.053029723177612,28.244317326786845,22.840345114023417,22.982664246276048,22.90285871025078,22.79063726689955,17.93405123630616,22.996134551532556,22.916478915492103,22.804414628088992,0.9166666666666666,0.0,0.25,0.25,0.08333333333333333,18.053029723177612,22.90285871025078,28.244317326786845,12.863197388299943,20.997893663392208,26.315095805400528,1.1371351798565668e-16,5.182970478643913e-16,0.0,2.5914852393219566e-16,2.60113248423662e-14,converged
2025-01-15T08:30:00+08:00,0.5,-7.166666666666667,61.66666666666667,3.0833333333333335,53.4,53.4,45.2,45.2,50.0,60.0,85.0,41.46146579980509,13.837928053712723,13.525166121548965,14.098371624543406,76.04269542092851,1.152354391637362,53.4,53.4,53.4,44.89639258151143,43.75785992357366,43.50139517758494,44.05064257068063,0.39778706666666663,0.44919068066926005,28.419692524928795,28.561293948100136,18.054566180540547,28.247375423060138,22.842740841469677,22.98535309368169,22.905153914828652,22.792514317618853,17.935769715728128,22.99883860846493,22.91878818583929,22.80630474922248,0.9166666666666666,0.0,0.25,0.25,0.08333333333333333,18.054566180540547,22.905153914828652,28.247375423060138,12.863197388299943,20.997893663392208,26.315095805400528,1.1371351798565668e-16,3.887502351567651e-16,0.0,3.887502351567651e-16,3.5017849895875145e-14,converged
2025-01-15T08:35:00+08:00,0.5833333333333334,-7.0,70.0,3.1,52.6,52.6,44.8,44.8,50.0,60.0,85.0,41.09455017325816,13.715468513414386,13.405474385960042,13.973607273883735,74.70276226487009,1.122030852329927,53.4,53.4,53.4,44.83483715844788,43.68803593060424,43.42954987879927,43.98289092979146,0.3915754,0.4484418688173904,28.423655992172037,28.565691153978218,18.056872629993222,28.250882261270085,22.84580902713852,22.98880967604457,22.908104907216025,22.794922084847776,17.93828574676683,23.002310828327744,22.921753657333607,22.80872598695845,0.9166666666666666,0.0,0.3333333333333333,0.25,0.08333333333333333,18.056872629993222,22.908104907216025,28.250882261270085,12.978047364981187,21.18537485681534,26.55005201794874,1.3311615894712037e-15,1.1681981203109535e-15,0.0,1.0546233030584997e-15,3.162931522101435e-14,converged
2025-01-15T08:40:00+08:00,0.6666666666666666,-6.833333333333333,78.33333333333334,3.1166666666666667,52.6,52.6,44.8,44.8,50.0,60.0,85.0,41.09455017325816,13.715468513414386,13.405474385960042,13.973607273883735,74.70276226487009,1.122030852329927,53.4,53.4,53.4,44.83605978083136,43.689093755304626,43.43057357518259,43.98399215152932,0.38536373333333335,0.4483894287393973,28.428271346161164,28.570835943679565,18.060041891898614,28.25490179478424,22.849640826885647,22.993119576229564,22.911793633191937,22.7979393546025,17.941703783068533,23.00663629659547,22.925456801935287,22.811756674388022,0.9166666666666666,0.0,0.3333333333333333,0.25,0.08333333333333333,18.060041891898614,22.911793633191937,28.25490179478424,12.978047364981187,21.18537485681534,26.55005201794874,1.3311615894712037e-15,6.490748575084889e-16,0.0,2.1094932869025886e-15,3.321315048182252e-14,converged
2025-01-15T08:45:00+08:00,0.75,-6.666666666666667,86.66666666666666,3.1333333333333333,52.6,52.6,44.8,44.8,50.0,60.0,85.0,41.09455017325816,13.715468513414386,13.405474385960042,13.973607273883735,74.70276226487009,1.122030852329927,53.07648757839699,53.4,53.4,44.6151692110279,43.690385772935734,43.43183896623738,43.91112079862445,0.37915206666666673,0.4467178653797308,28.432907381117122,28.5761299988822,18.063504182276485,28.258893346427943,22.85423311241058,22.99827948207795,22.916217372150182,22.80156398601193,17.94601937898242,23.01181169947444,22.929894897696744,22.815394669594514,0.9166666666666666,0.0,0.3333333333333333,0.25,0.08333333333333333,18.063504182276485,22.916217372150182,28.258893346427943,12.978047364981187,21.18537485681534,26.55005201794874,1.3311615894712037e-15,3.9090216952027342e-16,0.0,1.1889940989574983e-15,4.288470763447865e-14,converged
2025-01-15T08:50:00+08:00,0.8333333333333334,-6.5,95.0,3.15,52.6,52.6,44.8,44.8,50.0,60.0,85.0,41.09455017325816,13.715468513414386,13.405474385960042,13.973607273883735,74.70276226487009,1.122030852329927,52.6,53.4,53.4,44.28904642270531,43.69191109063219,43.43334508435329,43.80328573763238,0.3729404,0.4442799855531134,28.437268210463383,28.581292497232393,18.066992438144396,28.262603222287993,22.859582768228563,23.004286094287185,22.92137341351758,22.80579384572476,17.951228110768657,23.017833736040895,22.935065232714145,22.819637838189035,0.9166666666666666,0.0,0.4166666666666667,0.25,0.08333333333333333,18.066992438144396,22.92137341351758,28.262603222287993,12.978047364981187,21.18537485681534,26.55005201794874,1.3311615894712037e-15,1.3101571712937026e-16,0.0,7.451518911732933e-16,2.842952898634135e-14,converged
2025-01-15T08:55:00+08:00,0.9166666666666666,-6.333333333333333,103.33333333333334,3.1666666666666665,52.6,52.6,44.8,44.8,50.0,60.0,85.0,41.09455017325816,13.715468513414386,13.405474385960042,13.973607273883735,74.70276226487009,1.122030852329927,52.6,52.78965997709046,53.4,44.290460255688785,43.27740993593922,43.43509096586329,43.6691366364837,0.36672873333333333,0.4411870614623313,28.442279559790027,28.58720008542414,18.071338257965223,28.266825194704104,22.864505427957145,23.010016942281066,22.926195753009843,22.809614069752275,17.957325576490383,23.024699118191005,22.94096510509033,22.82448405328402,0.9166666666666666,0.0,0.4166666666666667,0.25,0.08333333333333333,18.071338257965223,22.926195753009843,28.266825194704104,12.978047364981187,21.18537485681534,26.55005201794874,1.3311615894712037e-15,1.319341975273162e-16,0.0,1.1420553973458308e-15,3.121688650699068e-14,converged
2025-01-15T09:00:00+08:00,1.0,-6.166666666666667,111.66666666666666,3.183333333333333,52.6,52.6,44.8,44.8,50.0,60.0,85.0,41.09455017325816,13.715468513414386,13.405474385960042,13.973607273883735,74.70276226487009,1.122030852329927,52.6,52.6,52.84800832287179,44.29208776756599,43.149647559650084,43.0596422860754,43.500336502438316,0.3605170666666667,0.4373410048679433,28.447939191570484,28.593850335313302,18.07653783322669,28.27155775352848,22.869817785813854,23.016245175635312,22.931419118792046,22.81372468524402,17.963237905430457,23.03139100234987,22.946628868461865,22.829014040328897,0.9166666666666666,0.0,0.4166666666666667,0.25,0.08333333333333333,18.07653783322669,22.931419118792046,28.27155775352848,12.978047364981187,21.18537485681534,26.55005201794874,1.3311615894712037e-15,1.1978500583986878e-15,0.0,2.3405906957078527e-15,4.213114730277228e-14,converged
2025-01-15T09:05:00+08:00,1.0833333333333333,-6.0,120.0,3.2,51.8,51.8,44.4,44.4,50.0,60.0,85.0,40.72763454671122,13.593008973116046,13.285782650371116,13.84884292322406,73.37473962575449,1.0922439986980335,52.6,52.6,52.6,44.23235483524932,43.08166192323601,42.82013651862144,43.37678229944083,0.35430540000000005,0.43528727264581085,28.454170624876518,28.601170903797353,18.08249189375348,28.276735267257536,22.875791766759363,23.0232284805001,22.937288476395693,22.81835910625905,17.969448652440676,23.03838212711503,22.952505602642834,22.833655448759433,0.9166666666666666,0.0,0.4166666666666667,0.25,0.08333333333333333,18.08249189375348,22.937288476395693,28.276735267257536,13.094966710611647,21.37623408975962,26.789241675768093,1.5909509618248906e-15,4.0116721465111914e-16,0.0,9.360568341859447e-16,3.3855917004365553e-14,converged
2025-01-15T09:10:00+08:00,1.1666666666666667,-5.833333333333334,128.33333333333331,3.216666666666667,51.8,51.8,44.4,44.4,50.0,60.0,85.0,40.72763454671122,13.593008973116046,13.285782650371116,13.84884292322406,73.37473962575449,1.0922439986980335,52.6,52.6,52.6,44.23439886065509,43.08364686920202,42.822133581741944,43.378791083666414,0.3480937333333334,0.43519246861588595,28.4610461641904,28.60922955167477,18.08929258503186,28.282420563868552,22.882517477424912,23.031051436088003,22.943884822787027,22.82359522191233,17.976543215477804,23.04621285558698,22.95910928507973,22.8388985172337,0.9166666666666666,0.0,0.4166666666666667,0.25,0.08333333333333333,18.08929258503186,22.943884822787027,28.282420563868552,13.094966710611647,21.37623408975962,26.789241675768093,1.5909509618248906e-15,1.3375153549553555e-16,0.0,6.687576774776778e-16,2.3901128900632164e-14,converged
2025-01-15T09:15:00+08:00,1.25,-5.666666666666666,136.66666666666669,3.2333333333333334,51.8,51.8,44.4,44.4,50.0,60.0,85.0,40.72763454671122,13.593008973116046,13.285782650371116,13.84884292322406,73.37473962575449,1.0922439986980335,52.295194673697864,52.6,52.6,44.02789307807225,43.085864234797214,42.82437025122376,43.31135283775455,0.3418820666666666,0.43357407936971215,28.46797191624381,28.617463317711337,18.096403739632812,28.288104945668287,22.88999184053853,23.03971078576781,22.951205479023507,22.829430920365482,17.984517241275963,23.054879929430218,22.966437235427254,22.844741132811077,0.9166666666666666,0.0,0.4166666666666667,0.25,0.08333333333333333,18.096403739632812,22.951205479023507,28.288104945668287,13.094966710611647,21.37623408975962,26.789241675768093,1.5909509618248906e-15,8.055047155690309e-16,0.0,1.225038421594568e-15,3.557704533922167e-14,converged
2025-01-15T09:20:00+08:00,1.3333333333333333,-5.5,145.0,3.25,51.8,51.8,44.4,44.4,50.0,60.0,85.0,40.72763454671122,13.593008973116046,13.285782650371116,13.84884292322406,73.37473962575449,1.0922439986980335,51.8,52.6,52.6,43.69088764146734,43.088313134644046,42.826845568843574,43.200516494372444,0.33567040000000004,0.4310049475801451,28.47457978287865,28.62552297625526,18.103493344049838,28.293472818744572,22.898211791425336,23.04920328553933,22.95924777603446,22.835864097192278,17.993366398011432,23.06438010295421,22.974486783222858,22.85118118997127,0.9166666666666666,0.0,0.4166666666666667,0.25,0.08333333333333333,18.103493344049838,22.95924777603446,28.293472818744572,13.094966710611647,21.37623408975962,26.789241675768093,1.5909509618248906e-15,0.0,0.0,1.6290530160054367e-15,2.7540619252113765e-14,converged
2025-01-15T09:25:00+08:00,1.4166666666666667,-5.333333333333334,153.33333333333331,3.2666666666666666,51.8,51.8,44.4,44.4,50.0,60.0,85.0,40.72763454671122,13.593008973116046,13.285782650371116,13.84884292322406,73.37473962575449,1.0922439986980335,51.8,52.020197454361536,52.6,43.69311616550739,42.69692806141108,42.829558580278906,43.07450886696662,0.3294587333333334,0.4280255414311618,28.48183046189782,28.634318307750434,18.111424539308107,28.29934791384344,22.90605383890964,23.05846415240703,22.967000509608006,22.84193207516145,18.00308637519703,23.0747101430643,22.98325526785031,22.858216590588263,1.0,0.0,0.4166666666666667,0.25,0.0,18.111424539308107,22.967000509608006,28.29934791384344,13.094966710611647,21.37623408975962,26.789241675768093,1.5909509618248906e-15,1.3599109230454368e-16,0.0,3.824749471065291e-15,3.40246630854389e-14,converged
2025-01-15T09:30:00+08:00,1.5,-5.166666666666666,161.66666666666669,3.283333333333333,51.8,51.8,44.4,44.4,50.0,60.0,85.0,40.72763454671122,13.593008973116046,13.285782650371116,13.84884292322406,73.37473962575449,1.0922439986980335,51.8,51.8,52.086278668122894,43.69555703574354,42.549784531851955,42.48245081150501,42.9092947752773,0.3232470666666666,0.42418860323041924,28.48972174425884,28.64384691688068,18.120193590155797,28.305728736526987,22.914215320573167,23.068153462916253,22.975090972940706,22.848232547882283,18.012679019966942,23.08492495707979,22.99184520414335,22.86499297258987,1.0,0.0,0.4166666666666667,0.25,0.0,18.120193590155797,22.975090972940706,28.305728736526987,13.094966710611647,21.37623408975962,26.789241675768093,1.5909509618248906e-15,2.744423611110033e-16,0.0,4.2881618923594264e-17,2.7346216125058764e-14,converged
2025-01-15T09:35:00+08:00,1.5833333333333333,-5.0,170.0,3.3,51.0,51.0,44.0,44.0,50.0,60.0,85.0,40.36071892016427,13.470549432817702,13.166090914782187,13.724078572564384,72.05862750358165,1.0629890389052914,51.8,51.8,51.8,43.63771501454937,42.483706531739756,42.219379766356006,42.77898093059755,0.3170354,0.4219090261629842,28.498178626462245,28.654037898239594,18.1297021525776,28.312550884713,22.92302798674885,23.07858561443814,22.983817965649592,22.855050156460173,18.022479802682057,23.095357188662497,23.000572538782027,22.871811147292284,1.0,0.0,0.5,0.25,0.0,18.1297021525776,22.983817965649592,28.312550884713,13.214011862526299,21.57056349057562,27.032780236456894,1.440007845777372e-15,4.1388776231809046e-16,0.0,7.243035840566583e-16,3.266454321868196e-14,converged
2025-01-15T09:40:00+08:00,1.6666666666666667,-4.833333333333334,178.33333333333331,3.3166666666666664,51.0,51.0,44.0,44.0,50.0,60.0,85.0,40.36071892016427,13.470549432817702,13.166090914782187,13.724078572564384,72.05862750358165,1.0629890389052914,51.8,51.8,51.8,43.64057613003318,42.48661245724835,42.22234249812128,42.78189121672906,0.3108237333333334,0.42177291338258166,28.50727199426935,28.664957644304778,18.140041597611898,28.31987598910803,22.932580791358475,23.08984407273121,22.993261442741698,22.86246181643215,18.03314675085851,23.106615702120823,23.01001633697681,22.879223356807394,1.0,0.0,0.5,0.25,0.0,18.140041597611898,22.993261442741698,28.31987598910803,13.214011862526299,21.57056349057562,27.032780236456894,1.440007845777372e-15,5.520284405809475e-16,0.0,7.245373282624936e-16,3.4409007132927314e-14,converged
2025-01-15T09:45:00+08:00,1.75,-4.666666666666666,186.66666666666669,3.3333333333333335,51.0,51.0,44.0,44.0,50.0,60.0,85.0,40.36071892016427,13.470549432817702,13.166090914782187,13.724078572564384,72.05862750358165,1.0629890389052914,51.51424189800421,51.8,51.8,43.44860585299845,42.48974908401355,42.22554281295421,42.7199317995543,0.30461206666666657,0.4202101799368093,28.51644582712109,28.676079081426472,18.15070987767786,28.327227811613817,22.9428707069224,23.10192563539747,23.003418766024648,22.870465444398622,18.044675600893818,23.118697293283894,23.02017395907185,22.887227516577376,1.0,0.0,0.5833333333333334,0.25,0.0,18.15070987767786,23.003418766024648,28.327227811613817,13.214011862526299,21.57056349057562,27.032780236456894,1.440007845777372e-15,5.540813972876203e-16,0.0,1.679559235528099e-15,4.324217092311401e-14,converged
2025-01-15T09:50:00+08:00,1.8333333333333333,-4.5,195.0,3.35,51.0,51.0,44.0,44.0,50.0,60.0,85.0,40.36071892016427,13.470549432817702,13.166090914782187,13.724078572564384,72.05862750358165,1.0629890389052914,51.0,51.8,51.8,43.10058615413917,42.49311553393542,42.22897976174649,42.60604570587089,0.2984004,0.417509510849826,28.525258730644975,28.68698355333029,18.161309049407965,28.334227929656574,22.953894718344642,23.11482711245,23.014287307020247,22.8790589642667,18.057062110172602,23.13159877040603,23.031042775136537,22.895821549359432,1.0,0.0,0.5833333333333334,0.25,0.0,18.161309049407965,23.014287307020247,28.334227929656574,13.214011862526299,21.57056349057562,27.032780236456894,1.440007845777372e-15,2.7883274225292614e-16,0.0,8.190711803679706e-16,2.740966954257434e-14,converged
2025-01-15T09:55:00+08:00,1.9166666666666667,-4.333333333333334,203.33333333333331,3.3666666666666667,51.0,51.0,44.0,44.0,50.0,60.0,85.0,40.36071892016427,13.470549432817702,13.166090914782187,13.724078572564384,72.05862750358165,1.0629890389052914,51.0,51.2512901584921,51.8,43.10362516631115,42.12509162671632,42.232652399249275,42.48825554704548,0.2921887333333334,0.4146469915450815,28.53470689740568,28.698614468957274,18.172734266332156,28.34173048002829,22.96459112447588,23.127542274674838,23.024911484495746,22.88733266930072,18.070302056963282,23.14531695411856,23.042620164929676,22.905003385200125,1.0,0.0,0.5833333333333334,0.25,0.0,18.172734266332156,23.024911484495746,28.34173048002829,13.214011862526299,21.57056349057562,27.032780236456894,1.440007845777372e-15,0.0,0.0,2.3864401664695585e-15,3.261991000070864e-14,converged
2025-01-15T10:00:00+08:00,2.0,-4.166666666666666,211.66666666666669,3.3833333333333333,51.0,51.0,44.0,44.0,50.0,60.0,85.0,40.36071892016427,13.470549432817702,13.166090914782187,13.724078572564384,72.05862750358165,1.0629890389052914,51.0,51.0,51.325244837833104,43.10687523767804,41.95833796074164,41.91418712119999,42.32665396132865,0.28597706666666667,0.4108209834573326,28.54478814628456,28.710969465187667,18.1849818645112,28.349733983746624,22.975536109203993,23.140616423860905,23.03580954109725,22.895780381835824,18.083474149549975,23.158979584148405,23.054077831715773,22.91398455265136,1.0,0.0,0.5833333333333334,0.25,0.0,18.1849818645112,23.03580954109725,28.349733983746624,13.214011862526299,21.57056349057562,27.032780236456894,1.440007845777372e-15,0.0,0.0,8.96607936425652e-16,2.946786617074037e-14,converged
2025-01-15T10:05:00+08:00,2.0833333333333335,-4.0,220.0,3.4,50.2,50.2,43.6,43.6,50.0,60.0,85.0,39.99380329361733,13.348089892519361,13.046399179193259,13.59931422190471,70.75442589835151,1.0342611811153122,51.0,51.0,51.0,43.05099503850742,41.89423940822798,41.627341517328524,42.189556404374414,0.2797654,0.40831450086403226,28.55542904897335,28.72397917934975,18.197954524188134,28.358175341968597,22.98712223170078,23.154421611666976,23.04733499529835,22.904738800568538,18.096763626868004,23.17277718706223,23.06559665856503,22.922937175759657,1.0,0.0,0.5833333333333334,0.25,0.0,18.197954524188134,23.04733499529835,28.358175341968597,13.335241329154977,21.768458568470802,27.280787394589524,1.710976412442042e-15,4.276678451803289e-16,0.0,3.4926207356393526e-15,2.8443236680215455e-14,converged
2025-01-15T10:10:00+08:00,2.1666666666666665,-3.8124999999999996,225.41666666666669,3.3874999999999997,50.2,50.2,43.6,43.6,50.0,60.0,85.0,39.99380329361733,13.348089892519361,13.046399179193259,13.59931422190471,70.75442589835151,1.0342611811153122,51.0,51.0,51.0,43.05465166517377,41.89804370378072,41.6312463514028,42.19334560152254,0.2744286125,0.4081388928909013,28.56658458670624,28.7375541751987,18.21165044477524,28.367033486022013,22.99933669800345,23.168898903928643,23.059458738054886,22.914214267453282,18.110819012686882,23.187246891545573,23.077713772726188,22.932406848305025,1.0,0.0,0.5833333333333334,0.25,0.0,18.21165044477524,23.059458738054886,28.367033486022013,13.335241329154977,21.768458568470802,27.280787394589524,1.710976412442042e-15,1.426172852608457e-16,0.0,1.7827160657605712e-17,2.6864685191055776e-14,converged
2025-01-15T10:15:00+08:00,2.25,-3.6250000000000004,230.83333333333331,3.375,50.2,50.2,43.6,43.6,50.0,60.0,85.0,39.99380329361733,13.348089892519361,13.046399179193259,13.59931422190471,70.75442589835151,1.0342611811153122,50.7336386126648,51.0,51.0,42.877317415508344,41.90204340935567,41.63535427562172,42.13686118114399,0.269091825,0.4066366517865996,28.57773757678968,28.75120431073176,18.225602622354813,28.375865367754013,23.012176939940165,23.184045697915437,23.07217856811963,22.92420497057468,18.125636539355973,23.20238609334816,23.090426971661643,22.942391757301568,1.0,0.0,0.6666666666666666,0.25,0.0,18.225602622354813,23.07217856811963,28.375865367754013,13.335241329154977,21.768458568470802,27.280787394589524,1.710976412442042e-15,0.0,0.0,3.793320172762937e-15,4.725085920260257e-14,converged
2025-01-15T10:20:00+08:00,2.3333333333333335,-3.4375,236.25,3.3625,50.2,50.2,43.6,43.6,50.0,60.0,85.0,39.99380329361733,13.348089892519361,13.046399179193259,13.59931422190471,70.75442589835151,1.0342611811153122,50.2,51.0,51.0,42.51806284422721,41.90623778218326,41.63966447736401,42.019792418583016,0.26375503749999996,0.40380801205857725,28.588372610814034,28.76444094881938,18.239346589824027,28.384229025306883,23.025640399835734,23.199859400975985,23.085492292344263,22.934709104366934,18.141212457758435,23.218192198310625,23.103734060942216,22.952890096120466,1.0,0.0,0.6666666666666666,0.25,0.0,18.239346589824027,23.085492292344263,28.384229025306883,13.335241329154977,21.768458568470802,27.280787394589524,1.710976412442042e-15,7.20734348691225e-16,0.0,7.207343486912251e-17,3.0444829741440364e-14,converged
2025-01-15T10:25:00+08:00,2.4166666666666665,-3.2499999999999996,241.66666666666669,3.35,50.2,50.2,43.6,43.6,50.0,60.0,85.0,39.99380329361733,13.348089892519361,13.046399179193259,13.59931422190471,70.75442589835151,1.0342611811153122,50.2,50.48295337095533,51.0,42.52178585198222,41.56170663920106,41.64417614731986,41.910179433560174,0.25841825,0.40107123480398493,28.599522300013415,28.778242131092146,18.253810399250263,28.393009697203247,23.03872850935335,23.215393765844173,23.098501188046153,22.944870975840864,18.157543037220048,23.234662622325427,23.11763285421732,22.96390006446767,1.0,0.0,0.6666666666666666,0.25,0.0,18.253810399250263,23.098501188046153,28.393009697203247,13.335241329154977,21.768458568470802,27.280787394589524,1.710976412442042e-15,4.353914406894464e-16,0.0,3.464990215486844e-15,4.478414758894357e-14,converged
2025-01-15T10:30:00+08:00,2.5,-3.0625000000000004,247.08333333333331,3.3375,50.2,50.2,43.6,43.6,50.0,60.0,85.0,39.99380329361733,13.348089892519361,13.046399179193259,13.59931422190471,70.75442589835151,1.0342611811153122,50.2,50.2,50.56492598313432,42.52568391262931,41.37496077580883,41.35451394813654,41.75206652208157,0.2530814625,0.3972649676478748,28.61118487899669,28.792606022784035,18.268990859811442,28.402206157034083,23.051894867115113,23.231078120140857,23.111613188335337,22.95507920501902,18.173785419392196,23.250999584141898,23.131365686524003,22.974700322904418,1.0,0.0,0.6666666666666666,0.25,0.0,18.268990859811442,23.111613188335337,28.402206157034083,13.335241329154977,21.768458568470802,27.280787394589524,1.710976412442042e-15,7.326050074098296e-16,0.0,5.034370035294423e-15,4.142744875580649e-14,converged
2025-01-15T10:35:00+08:00,2.5833333333333335,-2.875,252.5,3.3249999999999997,49.3,49.3,43.15,43.15,50.0,60.0,85.0,39.58102321375207,13.210322909683743,12.911745976655732,13.458954327412592,69.30143588225063,1.0025664263164156,50.2,50.2,50.2,42.46431693128435,41.30434019587272,41.03484723030577,41.599849830987964,0.247744675,0.3944549168935631,28.62328019535235,28.807457150334585,18.284780491078315,28.411749316688383,23.065583036777124,23.2473331158989,23.125227753707733,22.965713989609014,18.189959662587842,23.26723946909611,23.144966780669197,22.985323065803964,1.0,0.0,0.6666666666666666,0.25,0.0,18.284780491078315,23.125227753707733,28.411749316688383,13.47431105332923,21.995476096994803,27.565291550500614,4.429510323540463e-15,2.951295999647724e-16,0.0,1.4572023998260635e-15,2.1694750235228815e-14,converged
2025-01-15T10:40:00+08:00,2.6666666666666665,-2.6874999999999996,257.9166666666667,3.3125,49.3,49.3,43.15,43.15,50.0,60.0,85.0,39.58102321375207,13.210322909683743,12.911745976655732,13.458954327412592,69.30143588225063,1.0025664263164156,50.2,50.2,50.2,42.46857349767764,41.30885373394317,41.03950971290197,41.60432825017689,0.24240788749999997,0.3942495094955217,28.635885202622557,28.82286762705834,18.301280949302146,28.42170605221861,23.07989101035518,23.26425078715437,23.139432967463403,22.976859982214755,18.20688568425792,23.284142049895873,23.159158542348614,22.996457036236706,1.0,0.0,0.6666666666666666,0.25,0.0,18.301280949302146,23.139432967463403,28.42170605221861,13.47431105332923,21.995476096994803,27.565291550500614,4.429510323540463e-15,4.429250475513548e-16,0.0,2.731371126566688e-15,2.8119171328287522e-14,converged
2025-01-15T10:45:00+08:00,2.75,-2.5000000000000004,263.3333333333333,3.3,49.3,49.3,43.15,43.15,50.0,60.0,85.0,39.58102321375207,13.210322909683743,12.911745976655732,13.458954327412592,69.30143588225063,1.0025664263164156,49.92537598959927,50.2,50.2,42.28697027606092,41.3135617826322,41.044374112761226,41.54690734110976,0.2370711,0.39267924217951233,28.64846772149331,28.838333107862457,18.31801176972524,28.431620457918587,23.094816256862366,23.281828570001057,23.15422665842195,22.98851539299998,18.224559789009984,23.30170476103495,23.173938799023063,23.008100443235847,1.0,0.0,0.75,0.25,0.0,18.31801176972524,23.15422665842195,28.431620457918587,13.47431105332923,21.995476096994803,27.565291550500614,4.429510323540463e-15,0.0,0.0,5.743993107141998e-15,6.255627380727543e-14,converged
2025-01-15T10:50:00+08:00,2.8333333333333335,-2.3125,268.75,3.2875,49.3,49.3,43.15,43.15,50.0,60.0,85.0,39.58102321375207,13.210322909683743,12.911745976655732,13.458954327412592,69.30143588225063,1.0025664263164156,49.3,50.2,50.2,41.86759715617066,41.31846360329263,41.04943962293228,41.41026138400664,0.2317343125,0.3893734121996098,28.66035242707519,28.85321343888784,18.334364709493716,28.440913445477282,23.110356255647126,23.300063910452558,23.16960666338408,23.000678438394978,18.242978299616425,23.31992504693901,23.189305386144188,23.020251502108824,1.0,0.0,0.8333333333333334,0.25,0.0,18.334364709493716,23.16960666338408,28.440913445477282,13.47431105332923,21.995476096994803,27.565291550500614,4.429510323540463e-15,1.4949058946949265e-16,0.0,4.858444157758511e-16,2.7141959711666898e-14,converged
2025-01-15T10:55:00+08:00,2.9166666666666665,-2.1249999999999996,274.1666666666667,3.275,49.3,49.3,43.15,43.15,50.0,60.0,85.0,39.58102321375207,13.210322909683743,12.911745976655732,13.458954327412592,69.30143588225063,1.0025664263164156,49.3,49.659185697459066,50.2,41.87185768456105,40.960100804862016,41.05470543974825,41.29657220389897,0.226397525,0.3864962288261928,28.67274754525359,28.8686530242756,18.351425981094717,28.45062074387203,23.12546858769202,23.317969024055888,23.18463479428345,23.01245583429248,18.26213755692517,23.33880036192714,23.205256147125084,23.03290843441533,1.0,0.0,0.8333333333333334,0.25,0.0,18.351425981094717,23.18463479428345,28.45062074387203,13.47431105332923,21.995476096994803,27.565291550500614,4.429510323540463e-15,0.0,0.0,1.091874926967048e-15,3.986084432393732e-14,converged
2025-01-15T11:00:00+08:00,3.0,-1.9375000000000004,279.5833333333333,3.2624999999999997,49.3,49.3,43.15,43.15,50.0,60.0,85.0,39.58102321375207,13.210322909683743,12.911745976655732,13.458954327412592,69.30143588225063,1.0025664263164156,49.3,49.3,49.76175247909011,41.87629290491364,40.723574865827366,40.76486181382235,41.122338095931184,0.2210607375,0.3822785807588778,28.68565132704119,28.884650048373082,18.36919244703599,28.460741135932935,23.140505656962,23.335877341536563,23.199627848227827,23.02414937458226,18.28119014260023,23.357528598249655,23.221029304126095,23.045345980679656,1.0,0.0,0.8333333333333334,0.25,0.0,18.36919244703599,23.199627848227827,28.460741135932935,13.47431105332923,21.995476096994803,27.565291550500614,4.429510323540463e-15,7.613251676031241e-16,0.0,1.915208624751609e-15,3.068305940629444e-14,converged
2025-01-15T11:05:00+08:00,3.0833333333333335,-1.75,285.0,3.25,48.4,48.4,42.7,42.7,50.0,60.0,85.0,39.16824313388676,13.072555926848112,12.77709277411819,13.31859443292046,67.86352011415553,0.9715258975704161,49.3,49.3,49.300000000000004,41.81707765865223,40.655111711795215,40.383154216327085,40.95044722635242,0.21572395000000003,0.37896720466939754,28.69898580017541,28.901131180650193,18.387558092356223,28.47120733484116,23.1560588273872,23.354349601649712,23.21511828994303,23.036265844554624,18.299977716756157,23.375977281014393,23.236498566508732,23.057443366722673,1.0,0.0,0.8333333333333334,0.25,0.0,18.387558092356223,23.21511828994303,28.47120733484116,13.616311989488432,22.227278538298023,27.85579228112649,4.714492392356888e-15,3.071910191503059e-16,0.0,6.143820383006118e-16,3.2741319536990786e-14,converged
2025-01-15T11:10:00+08:00,3.1666666666666665,-1.5624999999999996,290.4166666666667,3.2375,48.4,48.4,42.7,42.7,50.0,60.0,85.0,39.16824313388676,13.072555926848112,12.77709277411819,13.31859443292046,67.86352011415553,0.9715258975704161,49.3,49.3,49.300000000000004,41.821875976091754,40.660274292062184,40.388513244703546,40.95555503179891,0.21038716249999997,0.37873537300074145,28.712825768372475,28.918166428926387,18.40662321668743,28.482084431748643,23.172224245494885,23.373476025496636,23.231192537802574,23.048888374703665,18.31950429500961,23.395080175125965,23.25255167810508,23.070046853789556,1.0,0.0,0.8333333333333334,0.25,0.0,18.40662321668743,23.231192537802574,28.482084431748643,13.616311989488432,22.227278538298023,27.85579228112649,4.714492392356888e-15,6.147581141131325e-16,0.0,2.6511443671128838e-15,2.122199448680805e-14,converged
2025-01-15T11:15:00+08:00,3.25,-1.3750000000000004,295.8333333333333,3.225,48.4,48.4,42.7,42.7,50.0,60.0,85.0,39.16824313388676,13.072555926848112,12.77709277411819,13.31859443292046,67.86352011415553,0.9715258975704161,49.05093615810792,49.3,49.300000000000004,41.65882215620619,40.665630747156264,40.39407329760394,40.90477312260125,0.205050375,0.3772673464223684,28.726689336462773,28.935299091749975,18.425952635869507,28.492959623007412,23.188999413448414,23.393254084426047,23.247848447747273,23.062015194843017,18.339766247513875,23.41483475023547,23.26918649341429,23.083154670491265,1.0,0.0,0.8333333333333334,0.25,0.0,18.425952635869507,23.247848447747273,28.492959623007412,13.616311989488432,22.227278538298023,27.85579228112649,4.714492392356888e-15,9.257254008137966e-16,0.0,1.215014588568108e-15,2.861978915492566e-14,converged
2025-01-15T11:20:00+08:00,3.3333333333333335,-1.1875,301.25,3.2125,48.4,48.4,42.7,42.7,50.0,60.0,85.0,39.16824313388676,13.072555926848112,12.77709277411819,13.31859443292046,67.86352011415553,0.9715258975704161,48.4,49.3,49.300000000000004,41.22449194326902,40.67118034155541,40.39983357261737,40.76358273192646,0.19971358749999998,0.37381505964194434,28.739803811872854,28.95179677983968,18.444850493747396,28.50317036767263,23.20638184360177,23.41368125956109,23.26508388359212,23.07564454097837,18.360759962251336,23.435238485780854,23.286400874819698,23.096765051638748,1.0,0.0,0.8333333333333334,0.25,0.0,18.444850493747396,23.26508388359212,28.50317036767263,13.616311989488432,22.227278538298023,27.85579228112649,4.714492392356888e-15,6.228498227890672e-16,0.0,8.758825632971257e-17,3.213056032419429e-14,converged
2025-01-15T11:25:00+08:00,3.4166666666666665,-0.9999999999999997,306.6666666666667,3.1999999999999997,48.4,48.4,42.7,42.7,50.0,60.0,85.0,39.16824313388676,13.072555926848112,12.77709277411819,13.31859443292046,67.86352011415553,0.9715258975704161,48.4,48.80091013689364,49.300000000000004,41.229289686150125,40.34291448660554,40.40579327059485,40.660126732968905,0.1943768,0.3711211909408329,28.753424535380827,28.96884853023696,18.464445475015523,28.513792760006258,23.223411163634186,23.433847508333677,23.282034513963808,23.088953469660954,18.38248184494593,23.456288870949052,23.304192692559855,23.11087623822124,1.0,0.0,0.8333333333333334,0.25,0.0,18.464445475015523,23.282034513963808,28.513792760006258,13.616311989488432,22.227278538298023,27.85579228112649,4.714492392356888e-15,9.41056382674963e-16,0.0,2.029152825142889e-15,3.536870315577665e-14,converged
2025-01-15T11:30:00+08:00,3.5,-0.8125000000000003,312.0833333333333,3.1875,48.4,48.4,42.7,42.7,50.0,60.0,85.0,39.16824313388676,13.072555926848112,12.77709277411819,13.31859443292046,67.86352011415553,0.9715258975704161,48.4,48.4,48.91404261060277,41.234261793832694,40.08013484557869,40.1529640945782,40.49009380782071,0.18904001250000002,0.3669460919583463,28.767549774138942,28.986452546084152,18.48473449414295,28.524825591965882,23.240278820140595,23.453933777472752,23.298872268282583,23.10210579806985,18.404186554641214,23.477280522557926,23.321892058987665,23.12485048613943,1.0,0.0,0.8333333333333334,0.25,0.0,18.48473449414295,23.298872268282583,28.524825591965882,13.616311989488432,22.227278538298023,27.85579228112649,4.714492392356888e-15,6.345091247907316e-16,0.0,2.20095352661785e-15,3.280145794459506e-14,converged
2025-01-15T11:35:00+08:00,3.5833333333333335,-0.625,317.5,3.175,47.5,47.5,42.25,42.25,50.0,60.0,85.0,38.75546305402145,12.934788944012476,12.642439571580645,13.178234538428324,66.44067859406603,0.9411327721258917,48.4,48.4,48.4,41.17728943340501,40.01392231050462,39.73974390438707,40.30897028456678,0.183703225,0.36336328966556436,28.782103857735237,29.004537766049207,18.505613122737778,28.536203474181974,23.257657175174476,23.47457761783355,23.31620249690558,23.115677634431602,18.4255163921943,23.49789240491607,23.3391934728081,23.138396259398085,1.0,0.0,0.8333333333333334,0.25,0.0,18.505613122737778,23.31620249690558,28.536203474181974,13.761337797660497,22.464018783084626,28.15248119299648,5.270970212140668e-15,1.6019136376446038e-16,0.0,9.010764211750897e-16,2.219391608385029e-14,converged
2025-01-15T11:40:00+08:00,3.6666666666666665,-0.43749999999999967,322.9166666666667,3.1624999999999996,47.5,47.5,42.25,42.25,50.0,60.0,85.0,38.75546305402145,12.934788944012476,12.642439571580645,13.178234538428324,66.44067859406603,0.9411327721258917,48.4,48.4,48.4,41.182629422298156,40.01973290300749,39.745797298882806,40.3147063725603,0.1783664375,0.3631056853955963,28.79715931754524,29.02317196540135,18.527180179585585,28.547989616338924,23.27564039915594,23.49586730372023,23.33410983561342,23.129750485457315,18.447572829245345,23.51915020730547,23.35707206339235,23.152443109234483,1.0,0.0,0.8333333333333334,0.25,0.0,18.527180179585585,23.33410983561342,28.547989616338924,13.761337797660497,22.464018783084626,28.15248119299648,5.270970212140668e-15,6.412200442419549e-16,0.0,2.6851089352631862e-15,2.898558478613546e-14,converged
2025-01-15T11:45:00+08:00,3.75,-0.25000000000000033,328.3333333333333,3.15,47.5,47.5,42.25,42.25,50.0,60.0,85.0,38.75546305402145,12.934788944012476,12.642439571580645,13.178234538428324,66.44067859406603,0.9411327721258917,48.17704080357889,48.4,48.4,41.038359124548045,40.02573677433163,39.75205087267024,40.27064055382858,0.17302965,0.3617427886612573,28.812285420551103,29.041946917850858,18.549046551284814,28.559815069026726,23.29422602666048,23.517800340970982,23.35259216692168,23.14432260024963,18.47035229963347,23.54105143377041,23.375525711732518,23.166989283477363,1.0,0.0,0.8333333333333334,0.25,0.0,18.549046551284814,23.35259216692168,28.559815069026726,13.761337797660497,22.464018783084626,28.15248119299648,5.270970212140668e-15,3.218179476576886e-16,0.0,1.7699987121172873e-15,3.489940489936877e-14,converged
2025-01-15T11:50:00+08:00,3.8333333333333335,-0.0625,333.75,3.1374999999999997,47.5,47.5,42.25,42.25,50.0,60.0,85.0,38.75546305402145,12.934788944012476,12.642439571580645,13.178234538428324,66.44067859406603,0.9411327721258917,47.5,48.4,48.4,40.588880770464705,40.03193319193647,39.75850382768838,40.12484094753128,0.16769286249999998,0.3581426069712397,28.826610408833485,29.06003639087269,18.57042723638724,28.5709323850085,23.313411602312566,23.540374245056075,23.37164738111524,23.159392234030065,18.493851254700548,23.56359359800002,23.394552306600282,23.182033036082494,1.0,0.0,0.8333333333333334,0.25,0.0,18.57042723638724,23.37164738111524,28.5709323850085,13.761337797660497,22.464018783084626,28.15248119299648,5.270970212140668e-15,3.2505298046340365e-16,0.0,2.214423429406937e-15,3.0413488723490075e-14,converged
2025-01-15T11:55:00+08:00,3.9166666666666665,0.12500000000000033,339.1666666666667,3.125,47.5,47.5,42.25,42.25,50.0,60.0,85.0,38.75546305402145,12.934788944012476,12.642439571580645,13.178234538428324,66.44067859406603,0.9411327721258917,47.5,47.943523380955234,48.4,40.594215707464805,39.734142150412524,39.76515536911647,40.03174069518008,0.162356075,0.35563633817347123,28.84143755664326,29.078674829503846,18.592494129293158,28.58245872476172,23.33232023467796,23.562758073304305,23.39048629326701,23.174208012039877,18.518066163205336,23.586774223290988,23.414149744518344,23.197572627111224,1.0,0.0,0.8333333333333334,0.25,0.0,18.592494129293158,23.39048629326701,28.58245872476172,13.761337797660497,22.464018783084626,28.15248119299648,5.270970212140668e-15,1.800390458794527e-15,0.0,2.2300290910068577e-15,2.926666967221045e-14,converged
2025-01-15T12:00:00+08:00,4.0,0.31249999999999967,344.5833333333333,3.1125,47.5,47.5,42.25,42.25,50.0,60.0,85.0,38.75546305402145,12.934788944012476,12.642439571580645,13.178234538428324,66.44067859406603,0.9411327721258917,47.5,47.5,48.06744661473936,40.59972471560747,39.44477291901734,39.54980465146668,39.86595716627671,0.1570192875,0.351505642101109,28.85676514701633,29.097860455372082,18.615244195105618,28.594392889263542,23.350979599654842,23.584977624656542,23.4091334359953,23.188793367352883,18.54235555609816,23.609986346909963,23.43374163837715,23.213059360866897,1.0,0.0,0.8333333333333334,0.25,0.0,18.615244195105618,23.4091334359953,28.594392889263542,13.761337797660497,22.464018783084626,28.15248119299648,5.270970212140668e-15,8.279761964208278e-16,0.0,3.839739610901589e-15,3.360845890631946e-14,converged
2025-01-15T12:05:00+08:00,4.083333333333333,0.5,350.0,3.0999999999999996,46.6,46.6,41.6,41.6,50.0,60.0,85.0,38.15922516088456,12.735792191028306,12.447940501249258,12.975492468607,64.41207562633754,0.8983607079332377,47.5,47.5,47.49999999999999,40.51794817164948,39.34936390573736,39.07208144842779,39.645097634194535,0.1516825,0.34733189127593167,28.872487714779,29.1174944757835,18.63852980694732,28.606643468484148,23.37010220522011,23.60770895727924,23.42823036127454,23.20375844512044,18.566108456159498,23.63267766342509,23.45280241200374,23.22799167610281,1.0,0.0,0.8333333333333334,0.25,0.0,18.63852980694732,23.42823036127454,28.606643468484148,13.976358700748245,22.81501907656918,28.592363711635617,1.0511484785848551e-13,2.0110215862864844e-15,0.0,2.3880881337152004e-15,3.2764059758427925e-14,converged
2025-01-15T12:10:00+08:00,4.166666666666667,0.6874999999999993,355.41666666666663,3.0875,46.6,46.6,41.6,41.6,50.0,60.0,85.0,38.15922516088456,12.735792191028306,12.447940501249258,12.975492468607,64.41207562633754,0.8983607079332377,47.5,47.5,47.49999999999999,40.52384185742339,39.35583368983404,39.07884008962595,39.6514733648779,0.14634571250000003,0.3470499661171721,28.888707752443544,29.137672563254835,18.662493319978836,28.619299808845213,23.389822679978675,23.631078197247707,23.447898013016548,23.21921974229582,18.59057619879821,23.65600698722933,23.472434001116042,23.243420292618794,1.0,0.0,0.8333333333333334,0.25,0.0,18.662493319978836,23.447898013016548,28.619299808845213,13.976358700748245,22.81501907656918,28.592363711635617,1.0511484785848551e-13,1.6772126954714974e-15,0.0,1.8868642824054346e-15,2.979332385300356e-14,converged
2025-01-15T12:15:00+08:00,4.25,0.8750000000000007,360.83333333333337,3.0749999999999997,46.6,46.6,41.6,41.6,50.0,60.0,85.0,38.15922516088456,12.735792191028306,12.447940501249258,12.975492468607,64.41207562633754,0.8983607079332377,47.31574456613468,47.5,47.49999999999999,40.40689629168552,39.36249700546027,39.08579895261229,39.61698222448852,0.14100892499999998,0.3458558530280807,28.90507001795202,29.15805801565821,18.686813582752,28.632057670047313,23.410138590408334,23.65508288446496,23.468134300056974,23.235175527139628,18.615755279564162,23.679971856335435,23.492634312944237,23.259343477330223,1.0,0.0,0.8333333333333334,0.25,0.0,18.686813582752,23.468134300056974,28.632057670047313,13.976358700748245,22.81501907656918,28.592363711635617,1.0511484785848551e-13,3.366006988393596e-16,0.0,3.744682774587876e-15,5.871979501667278e-14,converged
2025-01-15T12:20:00+08:00,4.333333333333333,1.0625,366.25,3.0625,46.6,46.6,41.6,41.6,50.0,60.0,85.0,38.15922516088456,12.735792191028306,12.447940501249258,12.975492468607,64.41207562633754,0.8983607079332377,46.6,47.5,47.49999999999999,39.934967949386966,39.36935312016577,39.09295724045937,39.4641448842645,0.13567213749999998,0.34205106290405585,28.920556565764183,29.177686118222766,18.710574021156493,28.64404431578599,23.431047512892103,23.679720568321407,23.48893713889358,23.251624073956,18.641642211187463,23.704569818256644,23.51340126239119,23.2757595032044,1.0,0.0,0.8333333333333334,0.25,0.0,18.710574021156493,23.48893713889358,28.64404431578599,13.976358700748245,22.81501907656918,28.592363711635617,1.0511484785848551e-13,5.105172931135822e-16,0.0,2.020797618574596e-16,3.3014124461726843e-14,converged
2025-01-15T12:25:00+08:00,4.416666666666667,1.2499999999999993,371.66666666666663,3.05,46.6,46.6,41.6,41.6,50.0,60.0,85.0,38.15922516088456,12.735792191028306,12.447940501249258,12.975492468607,64.41207562633754,0.8983607079332377,46.6,47.10670343378246,47.49999999999999,39.9408527288356,39.11598809418115,39.100314159470095,39.38596023086518,0.13042518333333336,0.33983514977479556,28.93654138915653,29.197858306986923,18.735010263104236,28.656437495108538,23.451795734094908,23.704277016783276,23.509628223789345,23.26791961003352,18.668233523494244,23.729798429970025,23.53473277200433,23.29266664923944,1.0,0.0,0.8333333333333334,0.25,0.0,18.735010263104236,23.509628223789345,28.656437495108538,13.976358700748245,22.81501907656918,28.592363711635617,1.0511484785848551e-13,3.425640988110905e-16,0.0,2.5692307410831786e-16,4.059884084415514e-14,converged
2025-01-15T12:30:00+08:00,4.5,1.4375000000000007,377.08333333333337,3.0374999999999996,46.6,46.6,41.6,41.6,50.0,60.0,85.0,38.15922516088456,12.735792191028306,12.447940501249258,12.975492468607,64.41207562633754,0.8983607079332377,46.6,46.6,47.24662546809441,39.946912044557074,38.78733846753359,38.939643143486364,39.226139732819796,0.12546610416666665,0.33578350566013443,28.95302278721426,29.218572822250692,18.76011932309043,28.669236018229608,23.472169243097852,23.728549068509267,23.530014571167946,23.283878406086266,18.69504102219874,23.755195961701656,23.556190428706714,23.309647625222112,1.0,0.0,0.8333333333333334,0.25,0.0,18.76011932309043,23.530014571167946,28.669236018229608,13.976358700748245,22.81501907656918,28.592363711635617,1.0511484785848551e-13,5.200463387774266e-16,0.0,1.2513615026831828e-15,3.3415694329351886e-14,converged
2025-01-15T12:35:00+08:00,4.583333333333333,1.625,382.5,3.025,45.7,45.7,40.7,40.7,50.0,60.0,85.0,37.33366500115193,12.460258225356368,12.178634096173512,12.694772679622048,61.65516315775211,0.8413059966823399,46.6,46.600000000000016,46.6,39.83437377198931,38.655387735500774,38.37374940727892,38.95311194510485,0.12050702499999999,0.3308184183546443,28.969858597468594,29.2396968435138,18.785698884502413,28.682316318414504,23.492948697425273,23.75327804611006,23.550799158030543,23.300168444694624,18.72109013715576,23.77987720879194,23.57693184823124,23.325898505444073,1.0,0.0,0.8333333333333334,0.25,0.0,18.785698884502413,23.550799158030543,28.682316318414504,14.285418229758168,23.319528097919605,29.22462728265612,7.012456030082162e-17,1.0557029055933802e-15,0.0,2.991158232514577e-15,3.237961910327116e-14,converged
2025-01-15T12:40:00+08:00,4.666666666666667,1.8124999999999993,387.91666666666663,3.0124999999999997,45.7,45.7,40.7,40.7,50.0,60.0,85.0,37.33366500115193,12.460258225356368,12.178634096173512,12.694772679622048,61.65516315775211,0.8413059966823399,46.6,46.600000000000016,46.6,39.840845057892395,38.662541059445466,38.38123817889598,38.96015170028603,0.11554794583333335,0.33051386561921453,28.987188213500467,29.261360274253203,18.811946398737668,28.695800042115557,23.514319447361974,23.77863741889076,23.57214844096522,23.316950193359457,18.747843049929273,23.80518897474297,23.59823807371348,23.342641196259457,1.0,0.0,0.8333333333333334,0.25,0.0,18.811946398737668,23.57214844096522,28.695800042115557,14.285418229758168,23.319528097919605,29.22462728265612,7.012456030082162e-17,1.4089009138401117e-15,0.0,2.179393601096423e-15,2.4401316189816183e-14,converged
2025-01-15T12:45:00+08:00,4.75,2.000000000000001,393.33333333333337,3.0,45.7,45.7,40.7,40.7,50.0,60.0,85.0,37.33366500115193,12.460258225356368,12.178634096173512,12.694772679622048,61.65516315775211,0.8413059966823399,46.47137528135647,46.600000000000016,46.6,39.7623852381946,38.669889257814305,38.38892835074923,38.93897741667416,0.11058886666666666,0.32957271629074336,29.00476415186522,29.28332850618889,18.838637714151623,28.70947531687989,23.536279090911435,23.80462476054298,23.594060355003958,23.33422193947969,18.775296315858494,23.831128831259118,23.62010703849731,23.359873983650136,1.0,0.0,0.8333333333333334,0.25,0.0,18.838637714151623,23.594060355003958,28.70947531687989,14.285418229758168,23.319528097919605,29.22462728265612,7.012456030082162e-17,7.064621315572447e-16,0.0,1.1038470805581947e-15,4.256452056698739e-14,converged
2025-01-15T12:50:00+08:00,4.833333333333333,2.1875,398.75,2.9875,45.7,45.7,40.7,40.7,50.0,60.0,85.0,37.33366500115193,12.460258225356368,12.178634096173512,12.694772679622048,61.65516315775211,0.8413059966823399,45.7,46.600000000000016,46.6,39.25850390555114,38.677431594568,38.39681912297026,38.77594856321655,0.1056297875,0.3254879036540408,29.021359789729612,29.30443914680414,18.864668414850005,28.72229056757277,23.55882523583467,23.83123765409688,23.61653284272987,23.351981976419143,18.803446507142144,23.857694359396778,23.642536683488625,23.37759515957153,1.0,0.0,0.8333333333333334,0.25,0.0,18.864668414850005,23.61653284272987,28.72229056757277,14.285418229758168,23.319528097919605,29.22462728265612,7.012456030082162e-17,0.0,0.0,1.1624081623005074e-15,2.474638457223564e-14,converged
2025-01-15T12:55:00+08:00,4.916666666666667,2.374999999999999,404.16666666666663,2.975,45.7,45.7,40.7,40.7,50.0,60.0,85.0,37.33366500115193,12.460258225356368,12.178634096173512,12.694772679622048,61.65516315775211,0.8413059966823399,45.7,46.29751505762553,46.6,39.26496321372297,38.48671009490267,38.40490969892588,38.71864010747696,0.10067070833333334,0.32369836425205145,29.03845005131524,29.326089240070978,18.891365078593314,28.73551001568438,23.581380002338587,23.85792846431865,23.63904587128147,23.369735271913843,18.83229021275594,23.88488314952833,23.665524957127655,23.39580302193181,1.0,0.0,0.8333333333333334,0.25,0.0,18.891365078593314,23.63904587128147,28.73551001568438,14.285418229758168,23.319528097919605,29.22462728265612,7.012456030082162e-17,1.798206829001562e-16,0.0,1.6521025241451853e-15,3.7143486958367263e-14,converged
2025-01-15T13:00:00+08:00,5.0,2.562500000000001,409.58333333333337,2.9625,45.7,45.7,40.7,40.7,50.0,60.0,85.0,37.33366500115193,12.460258225356368,12.178634096173512,12.694772679622048,61.65516315775211,0.8413059966823399,45.7,45.70000000000001,46.4604329108781,39.27159850120919,38.10225130858315,38.321375680257276,38.56703562755233,0.09571162916666665,0.31977153131657104,29.056033252105596,29.34827704533908,18.918724768109442,28.749132481022222,23.60338435252585,23.884167175468626,23.661095947612743,23.387002374562268,18.861558067966,23.912440808876376,23.688830418972078,23.41426787492421,1.0,0.0,0.8333333333333334,0.25,0.0,18.918724768109442,23.661095947612743,28.749132481022222,14.285418229758168,23.319528097919605,29.22462728265612,7.012456030082162e-17,1.2742023178758094e-15,0.0,1.4732964300439048e-15,2.2623939541382103e-14,converged
2025-01-15T13:05:00+08:00,5.083333333333333,2.75,415.0,2.9499999999999997,44.8,44.8,39.8,39.8,50.0,60.0,85.0,36.508104841421286,12.184724259685094,11.90932769109842,12.414052890637775,58.95854768118468,0.7867196052787377,45.7,45.7,45.7,39.161649679637506,37.972464613914084,37.68658506986262,38.27215062574332,0.09075254999999999,0.3142365511749847,29.073970057434902,29.37087271457796,18.94654530778241,28.763036575655743,23.62578957259237,23.910857013785677,23.683539589918805,23.40459720577607,18.88984433997618,23.939075196091462,23.711223868661673,23.431817141308528,1.0,0.0,0.8333333333333334,0.25,0.0,18.94654530778241,23.683539589918805,28.763036575655743,14.60845532540597,23.84685411018412,29.88548568854533,1.4666376214326412e-16,1.852351697974628e-16,0.0,2.2691308300189194e-15,3.592850617593271e-14,converged
2025-01-15T13:10:00+08:00,5.166666666666667,2.937499999999999,420.41666666666663,2.9375,44.8,44.8,39.8,39.8,50.0,60.0,85.0,36.508104841421286,12.184724259685094,11.90932769109842,12.414052890637775,58.95854768118468,0.7867196052787377,45.7,45.7,45.7,39.16871214836717,37.98031603081568,37.69481833830482,38.27986857116701,0.08579347083333334,0.3139100420564097,29.0923970693942,29.394003223985518,18.975024125847124,28.77734178852503,23.648779674579345,23.938169915008974,23.706542033261204,23.42267933094986,18.918823699427982,23.96633279342653,23.734176249973874,23.449853820725004,1.0,0.0,0.8333333333333334,0.25,0.0,18.975024125847124,23.706542033261204,28.77734178852503,14.60845532540597,23.84685411018412,29.88548568854533,1.4666376214326412e-16,1.854278395560454e-16,0.0,2.433740394173096e-15,2.1189281974715903e-14,converged
2025-01-15T13:15:00+08:00,5.25,3.125000000000001,425.83333333333337,2.925,44.8,44.8,39.8,39.8,50.0,60.0,85.0,36.508104841421286,12.184724259685094,11.90932769109842,12.414052890637775,58.95854768118468,0.7867196052787377,45.629521958573086,45.7,45.7,39.129753791254245,37.988363760652184,37.703254286839766,38.27235984188253,0.08083439166666666,0.31323258391424547,29.111178508333147,29.41753979550701,19.004037625782043,28.791931994030502,23.672352287445577,23.966103485998563,23.7301012384449,23.44124705636576,18.948492759855814,23.994211205658,23.757685521943337,23.4683762179672,1.0,0.0,0.8333333333333334,0.25,0.0,19.004037625782043,23.7301012384449,28.791931994030502,14.60845532540597,23.84685411018412,29.88548568854533,1.4666376214326412e-16,0.0,0.0,3.0661765550392126e-15,4.654810562583148e-14,converged
2025-01-15T13:20:00+08:00,5.333333333333333,3.3125,431.25,2.9124999999999996,44.8,44.8,39.8,39.8,50.0,60.0,85.0,36.508104841421286,12.184724259685094,11.90932769109842,12.414052890637775,58.95854768118468,0.7867196052787377,44.8,45.7,45.7,38.59312443127542,37.99660706351209,37.71189211232945,38.09888389206267,0.0758978125,0.30885906183567496,29.12887145169555,29.44011514034724,19.032286673405864,28.805570251644447,23.69650504976179,23.994655342806364,23.75421517371635,23.46029869419284,18.978848151340543,24.02270804676801,23.781749651057392,23.48738264372456,1.0,0.0,0.8333333333333334,0.25,0.0,19.032286673405864,23.75421517371635,28.805570251644447,14.60845532540597,23.84685411018412,29.88548568854533,1.4666376214326412e-16,3.769205317630353e-16,0.0,9.423013294075883e-17,2.978568407247901e-14,converged
2025-01-15T13:25:00+08:00,5.416666666666667,3.499999999999999,436.66666666666663,2.9,44.8,44.8,39.8,39.8,50.0,60.0,85.0,36.508104841421286,12.184724259685094,11.90932769109842,12.414052890637775,58.95854768118468,0.7867196052787377,44.8,45.49243373983314,45.7,38.60017193788046,37.87016154509665,37.720731014877046,38.06299370846783,0.07133623333333333,0.30751290602539155,29.14705543018251,29.46322539077773,19.061192112642726,28.819610401812916,23.72084236187616,24.02345055091428,23.77852787514396,23.479495470374385,19.00988652042866,24.05182093990903,23.806366611228842,23.50687141456188,1.0,0.0,0.8333333333333334,0.25,0.0,19.061192112642726,23.77852787514396,28.819610401812916,14.60845532540597,23.84685411018412,29.88548568854533,1.4666376214326412e-16,5.678557852982714e-16,0.0,2.5671813627026018e-15,3.388310640117711e-14,converged
2025-01-15T13:30:00+08:00,5.5,3.687500000000001,442.08333333333337,2.8874999999999997,44.8,44.8,39.8,39.8,50.0,60.0,85.0,36.508104841421286,12.184724259685094,11.90932769109842,12.414052890637775,58.95854768118468,0.7867196052787377,44.8,44.8,45.67938742393817,38.607396954359615,37.42848696373517,37.716337442332275,37.91983222272803,0.06677465416666666,0.3037170017109152,29.165728775555483,29.486868825007193,19.090751053311216,28.834051273920384,23.744447523912356,24.051620277941566,23.802213982945545,23.498051400868828,19.04156540887517,24.081510454756803,23.831499174209974,23.526807319918795,1.0,0.0,0.8333333333333334,0.25,0.0,19.090751053311216,23.802213982945545,28.834051273920384,14.60845532540597,23.84685411018412,29.88548568854533,1.4666376214326412e-16,1.916509796473982e-16,0.0,2.066237124323512e-15,4.237506568529654e-14,converged
2025-01-15T13:35:00+08:00,5.583333333333333,3.875,447.5,2.875,43.9,43.9,38.9,38.9,50.0,60.0,85.0,35.68254468169066,11.909190294013824,11.640021286023334,12.133333101653506,56.32222919663994,0.7345469517110844,44.8,44.8,44.8,38.500332975424236,37.30114521832735,37.01113575308303,37.60276534797576,0.062213075,0.2975951183006861,29.18475537390563,29.51091897913818,19.120761728848944,28.848773965891617,23.768448979054103,24.080235870496313,23.826289426494277,23.516931897416548,19.072032316138536,24.11006286279226,23.855517384454714,23.545635829502952,1.0,0.0,0.8333333333333334,0.25,0.0,19.120761728848944,23.826289426494277,28.848773965891617,14.946440152986053,24.398580811962155,30.576923660773883,2.3029315077095974e-16,0.0,0.0,8.06823050858827e-16,2.870338137668369e-14,converged
2025-01-15T13:40:00+08:00,5.666666666666667,4.062499999999999,452.91666666666663,2.8625,43.9,43.9,38.9,38.9,50.0,60.0,85.0,35.68254468169066,11.909190294013824,11.640021286023334,12.133333101653506,56.32222919663994,0.7345469517110844,44.8,44.8,44.8,38.508001374105504,37.309710551402745,37.02012920798164,37.611176902285074,0.057651495833333344,0.29724731284195044,29.204268642252863,29.535499489882554,19.151421274128907,28.863895501812877,23.793029057248997,24.109467368533757,23.850917907646597,23.53629536239921,19.103181923683106,24.139231346861596,23.88008878343528,23.564947445006243,1.0,0.0,0.8333333333333334,0.25,0.0,19.151421274128907,23.850917907646597,28.863895501812877,14.946440152986053,24.398580811962155,30.576923660773883,2.3029315077095974e-16,1.3707562988497705e-15,0.0,4.650780299668864e-16,2.3177606275222697e-14,converged
2025-01-15T13:45:00+08:00,5.75,4.250000000000001,458.33333333333337,2.8499999999999996,43.9,43.9,38.9,38.9,50.0,60.0,85.0,35.68254468169066,11.909190294013824,11.640021286023334,12.133333101653506,56.32222919663994,0.7345469517110844,44.7903592275375,44.8,44.8,38.50959101884877,37.31847373514635,37.02932672776873,37.61769357872776,0.05308991666666666,0.29684481286088654,29.224248666717607,29.560591351037697,19.18271039900349,28.879399067430224,23.81818541787009,24.139312411490124,23.87609741257809,23.556140120742455,19.13501090170979,24.16901354422159,23.905211355475146,23.584740489794573,1.0,0.0,0.8333333333333334,0.25,0.0,19.18271039900349,23.87609741257809,28.879399067430224,14.946440152986053,24.398580811962155,30.576923660773883,2.3029315077095974e-16,3.921756984902806e-16,0.0,3.946267966058448e-15,3.0103182072863574e-14,converged
2025-01-15T13:50:00+08:00,5.833333333333333,4.4375,463.75,2.8375,43.9,43.9,38.9,38.9,50.0,60.0,85.0,35.68254468169066,11.909190294013824,11.640021286023334,12.133333101653506,56.32222919663994,0.7345469517110844,43.9,44.8,44.8,37.93940047286715,37.32743402548463,37.03872750570134,37.4335097702513,0.048734087499999995,0.2921733750514223,29.243028185168082,29.58461476384636,19.213127997056475,28.893855473205317,23.84391572975865,24.1697686478489,23.901825934797454,23.576464503181583,19.16751593666024,24.199407101190488,23.930883092242386,23.605013293052657,1.0,0.0,0.8333333333333334,0.25,0.0,19.213127997056475,23.901825934797454,28.893855473205317,14.946440152986053,24.398580811962155,30.576923660773883,2.3029315077095974e-16,0.0,0.0,3.2747283221707876e-15,3.2996655952327224e-14,converged
2025-01-15T13:55:00+08:00,5.916666666666667,4.624999999999999,469.16666666666663,2.8249999999999997,43.9,43.9,38.9,38.9,50.0,60.0,85.0,35.68254468169066,11.909190294013824,11.640021286023334,12.133333101653506,56.32222919663994,0.7345469517110844,43.9,44.69174454615319,44.8,37.947051018572694,37.26694436404009,37.04833073828476,37.41959624679663,0.045479925000000004,0.2912884938840773,29.262295210920268,29.609168619127573,19.244192676259498,28.90871149659586,23.870013474939935,24.200640283549223,23.92791769401868,23.597091814792748,19.20069373113764,24.230409673113268,23.95710199272292,23.625764189763828,1.0,0.0,0.8333333333333334,0.25,0.0,19.244192676259498,23.92791769401868,28.90871149659586,14.946440152986053,24.398580811962155,30.576923660773883,2.3029315077095974e-16,5.994846566438566e-16,0.0,8.742484576056243e-16,3.096516235431943e-14,converged
2025-01-15T14:00:00+08:00,6.0,4.812500000000001,474.58333333333337,2.8125,43.9,43.9,38.9,38.9,50.0,60.0,85.0,35.68254468169066,11.909190294013824,11.640021286023334,12.133333101653506,56.32222919663994,0.7345469517110844,43.9,43.9,44.8,37.95488069566941,36.76661298495033,37.05813562525918,37.26233008546875,0.04222576249999999,0.287111909862827,29.282048091908898,29.634251213773904,19.27590159242416,28.92396597655657,23.895190962457512,24.23070705067677,23.953213483419592,23.616918135672996,19.23454100382789,24.262018924327,23.983866063193844,23.64699152068991,1.0,0.0,0.8333333333333334,0.25,0.0,19.27590159242416,23.953213483419592,28.92396597655657,14.946440152986053,24.398580811962155,30.576923660773883,2.3029315077095974e-16,4.054701941224047e-16,0.0,1.7739320992855205e-16,3.146643554904666e-14,converged
2025-01-15T14:05:00+08:00,6.083333333333333,5.0,480.0,2.8,43.0,43.0,38.0,38.0,50.0,60.0,85.0,34.85698452196003,11.633656328342555,11.370714880948244,11.852613312669233,53.746207704117765,0.6847334539680123,43.9,43.9,44.006305775598385,37.8510243429805,36.64202362125577,36.41587504684569,36.96863383868285,0.038971599999999995,0.2814310297864444,29.302154368421288,29.659739921833708,19.30805368640123,28.939502835835675,23.920760696794876,24.261214992156802,23.97889485141275,23.63706623749391,19.267334466823876,24.292645321096757,24.00966305762925,23.667252545382297,1.0,0.0,0.8333333333333334,0.25,0.0,19.30805368640123,23.97889485141275,28.939502835835675,15.300434788188353,24.976441936455995,31.30111395800274,2.413309547632438e-16,2.0682744528077294e-16,0.0,3.59362686175343e-15,3.041294048477776e-14,converged
2025-01-15T14:10:00+08:00,6.166666666666667,4.958333333333334,471.25000000000006,2.7937499999999997,43.0,43.0,38.0,38.0,50.0,60.0,85.0,34.85698452196003,11.633656328342555,11.370714880948244,11.852613312669233,53.746207704117765,0.6847334539680123,43.9,43.9,43.9,37.85911870590015,36.651108390814336,36.35754684299158,36.95446524976258,0.041425716666666626,0.28054325037032574,29.32169353395111,29.6845361465071,19.3395071937216,28.95461665091589,23.94570051712659,24.290969331858246,24.003956372063136,23.656742932199638,19.299208181332386,24.322328905324166,24.03466044380834,23.686870956009486,1.0,0.0,0.8333333333333334,0.25,0.0,19.3395071937216,24.003956372063136,28.95461665091589,15.300434788188353,24.976441936455995,31.30111395800274,2.413309547632438e-16,6.224458528583186e-16,0.0,3.0344235326843034e-15,2.3559386525580275e-14,converged
2025-01-15T14:15:00+08:00,6.25,4.916666666666666,462.49999999999994,2.7874999999999996,43.0,43.0,38.0,38.0,50.0,60.0,85.0,34.85698452196003,11.633656328342555,11.370714880948244,11.852613312669233,53.746207704117765,0.6847334539680123,43.9,43.9,43.9,37.867002867544535,36.65997036678718,36.36687160607465,36.963158240401,0.04387983333333337,0.28019212408029387,29.34066750525479,29.708642105305195,19.370265179346568,28.969308647662636,23.97001296584914,24.31997295161553,24.028400297415587,23.675949851101073,19.330365592811965,24.351261966231235,24.0590404085189,23.706019748266286,1.0,0.0,0.8333333333333334,0.25,0.0,19.370265179346568,24.028400297415587,28.969308647662636,15.300434788188353,24.976441936455995,31.30111395800274,2.413309547632438e-16,1.0387097978668916e-15,0.0,4.804032815134373e-15,3.838155006682076e-14,converged
2025-01-15T14:20:00+08:00,6.333333333333333,4.875,453.75,2.78125,43.0,43.0,38.0,38.0,50.0,60.0,85.0,34.85698452196003,11.633656328342555,11.370714880948244,11.852613312669233,53.746207704117765,0.6847334539680123,43.05407826187391,43.9,43.9,37.3309317817294,36.66861038714045,36.37596884583425,36.79015424738348,0.04633395,0.27577625162124664,29.35748566970309,29.730551176445378,19.398898104878253,28.982214718607157,23.99370057509765,24.34822872224271,24.05222887133275,23.694688619863946,19.360810188498416,24.37944737577024,24.082805196469472,23.724700548344067,1.0,0.0,0.8333333333333334,0.25,0.0,19.398898104878253,24.05222887133275,28.982214718607157,15.300434788188353,24.976441936455995,31.30111395800274,2.413309547632438e-16,1.0553421582038595e-15,0.0,8.060175733281978e-15,1.9859701690914014e-14,converged
2025-01-15T14:25:00+08:00,6.416666666666667,4.833333333333334,445.00000000000006,2.775,43.0,43.0,38.0,38.0,50.0,60.0,85.0,34.85698452196003,11.633656328342555,11.370714880948244,11.852613312669233,53.746207704117765,0.6847334539680123,43.0,43.895759548562076,43.9,37.3030927646982,36.67432969025705,36.38483945926328,36.78574488602045,0.049243066666666606,0.27516945432608714,29.373646201629036,29.751682924783562,19.426756501945412,28.994618212143685,24.016757904986108,24.375731960812814,24.07543716389693,23.712954034118034,19.390545438650342,24.406887994903652,24.105957044207706,23.742914976803036,1.0,0.0,0.8333333333333334,0.25,0.0,19.426756501945412,24.07543716389693,28.994618212143685,15.300434788188353,24.976441936455995,31.30111395800274,2.413309547632438e-16,2.1153387484821964e-16,0.0,3.3316585288594594e-15,4.027797255760456e-14,converged
2025-01-15T14:30:00+08:00,6.5,4.791666666666666,436.24999999999994,2.76875,43.0,43.0,38.0,38.0,50.0,60.0,85.0,34.85698452196003,11.633656328342555,11.370714880948244,11.852613312669233,53.746207704117765,0.6847334539680123,43.0,43.0,43.9,37.30979148756527,36.111976176140736,36.39348433975577,36.60747454820293,0.052815433333333384,0.27056737057928243,29.3892529586416,29.772136141848556,19.453935150412267,29.00660774111112,24.03751699432014,24.40090279139656,24.096523667433466,23.729315453074598,19.419574796631814,24.43358667364618,24.12849818015001,23.760664648591728,1.0,0.0,0.8333333333333334,0.25,0.0,19.453935150412267,24.096523667433466,29.00660774111112,15.300434788188353,24.976441936455995,31.30111395800274,2.413309547632438e-16,6.453955714117926e-16,0.0,5.331236334682829e-15,3.840836675598066e-14,converged
2025-01-15T14:35:00+08:00,6.583333333333333,4.75,427.5,2.7624999999999997,43.2,43.2,38.2,38.2,50.0,60.0,85.0,35.04044233523351,11.694886098491725,11.430560748742709,11.91499548799907,54.3134460735158,0.6956020377071801,43.0,43.0,43.23297433174709,37.33997660039035,36.14792980130316,36.00594923081554,36.49750169213332,0.0564098,0.2672471998392517,29.40433530888696,29.79193831428801,19.480479821574345,29.01820874529818,24.05770444726782,24.425376539559043,24.117041890888007,23.745252433728904,19.446698319121605,24.458396079990376,24.149338649417167,23.776911587737654,1.0,0.0,0.8333333333333334,0.25,0.0,19.480479821574345,24.117041890888007,29.01820874529818,15.22032779976852,24.845675224746802,31.137233780212153,1.5920702953963435e-16,0.0,0.0,1.8012679573421917e-15,2.8657171573594124e-14,converged
2025-01-15T14:40:00+08:00,6.666666666666667,4.708333333333334,418.75000000000006,2.75625,43.2,43.2,38.2,38.2,50.0,60.0,85.0,35.04044233523351,11.694886098491725,11.430560748742709,11.91499548799907,54.3134460735158,0.6956020377071801,43.0,43.0,43.0,37.346249711954954,36.15510929792662,35.864460693795024,36.45382626509303,0.06000416666666661,0.26580394933459284,29.41886749839376,29.81106617582365,19.506350460291927,29.029398090561678,24.07728366887121,24.449119714352342,24.13695898854829,23.76073255229551,19.472691938698556,24.482059501928312,24.169183344678004,23.792325805475024,1.0,0.0,0.8333333333333334,0.25,0.0,19.506350460291927,24.13695898854829,29.029398090561678,15.22032779976852,24.845675224746802,31.137233780212153,1.5920702953963435e-16,0.0,0.0,2.8354802101460636e-15,2.679984482055238e-14,converged
2025-01-15T14:45:00+08:00,6.75,4.666666666666666,409.99999999999994,2.75,43.2,43.2,38.2,38.2,50.0,60.0,85.0,35.04044233523351,11.694886098491725,11.430560748742709,11.91499548799907,54.3134460735158,0.6956020377071801,43.0,43.0,43.0,37.35231973313759,36.16207392930396,35.87185708759674,36.46063913134879,0.06359853333333339,0.26552731647539873,29.43285138773912,29.829521887062903,19.53155002502066,29.040176970488012,24.09625711525803,24.472135110964985,24.156277145547094,23.77575739055385,19.49799782947066,24.504995392251537,24.18842931578448,23.807284936524038,1.0,0.0,0.8333333333333334,0.25,0.0,19.53155002502066,24.156277145547094,29.040176970488012,15.22032779976852,24.845675224746802,31.137233780212153,1.5920702953963435e-16,8.768613592923556e-16,0.0,3.818805927945474e-15,2.9137782639562565e-14,converged
2025-01-15T14:50:00+08:00,6.833333333333333,4.625,401.25,2.74375,43.2,43.2,38.2,38.2,50.0,60.0,85.0,35.04044233523351,11.694886098491725,11.430560748742709,11.91499548799907,54.3134460735158,0.6956020377071801,43.191186888009256,43.0,43.0,37.48136506412932,36.16882450393067,35.87903432201523,36.508351143673515,0.0671929,0.26618094161763095,29.44664913390324,29.847648970160463,19.556405577058275,29.05085547749251,24.1146272326378,24.494425513891056,24.17499853907409,23.7903285248068,19.522619340962844,24.527206536336145,24.207078740566615,23.821790557550663,1.0,0.0,0.8333333333333334,0.25,0.0,19.556405577058275,24.17499853907409,29.05085547749251,15.22032779976852,24.845675224746802,31.137233780212153,1.5920702953963435e-16,2.1867704186381134e-16,0.0,2.1556537071240056e-15,4.47560632107655e-14,converged
2025-01-15T14:55:00+08:00,6.916666666666667,4.583333333333334,392.50000000000006,2.7375,43.2,43.2,38.2,38.2,50.0,60.0,85.0,35.04044233523351,11.694886098491725,11.430560748742709,11.91499548799907,54.3134460735158,0.6956020377071801,43.2,43.006172991010125,43.0,37.49283071860589,36.1793010883581,35.885993261032034,36.51796170970604,0.0707872666666666,0.2659919090869941,29.459917644405856,29.865122820398884,19.580609418394744,29.061139219069812,24.13240805971635,24.516004688730412,24.193135780606944,23.804457470880774,19.546559806386462,24.548695708894343,24.225133788932684,23.835844239758444,1.0,0.0,0.8333333333333334,0.25,0.0,19.580609418394744,24.193135780606944,29.061139219069812,15.22032779976852,24.845675224746802,31.137233780212153,1.5920702953963435e-16,4.376648982539561e-16,0.0,1.4145873246038448e-15,2.8324237409280687e-14,converged
2025-01-15T15:00:00+08:00,7.0,4.541666666666666,383.74999999999994,2.7312499999999997,43.2,43.2,38.2,38.2,50.0,60.0,85.0,35.04044233523351,11.694886098491725,11.430560748742709,11.91499548799907,54.3134460735158,0.6956020377071801,43.2,43.2,43.0,37.49841963174734,36.30938044965776,35.89273476516272,36.56455263797623,0.07474163333333339,0.26666746523989493,29.4726421283567,29.881929820075914,19.60414950163075,29.0710151210668,24.149953943021753,24.53720883672163,24.211007831921567,23.818447538373952,19.56982254271874,24.56946567401527,24.24259662289802,23.849447548907424,1.0,0.0,0.8333333333333334,0.25,0.0,19.60414950163075,24.211007831921567,29.0710151210668,15.22032779976852,24.845675224746802,31.137233780212153,1.5920702953963435e-16,2.182780747591522e-16,0.0,4.1182802166035873e-16,3.514082609889325e-14,converged
2025-01-15T15:05:00+08:00,7.083333333333333,4.5,375.0,2.7249999999999996,43.4,43.4,38.4,38.4,50.0,60.0,85.0,35.22390014850698,11.756115868640896,11.490406616537173,11.977377663328909,54.88366207214951,0.7065850265401294,43.2,43.2,43.15474757249573,37.52745700083041,36.34406249849594,36.0279643433787,36.63154048538959,0.078696,0.2674771632954782,29.484851912332203,29.898097367717266,19.62707123897275,29.080508623878043,24.166940957774536,24.557730834891846,24.228323097682114,23.832021242465,19.592749237910997,24.589830320323923,24.25976559558099,23.86288484407442,1.0,0.0,0.8333333333333334,0.25,0.0,19.62707123897275,24.228323097682114,29.080508623878043,15.141055259144727,24.71627066628458,30.975060687606877,7.877647087450359e-17,6.52851931689954e-16,0.0,1.988408050943032e-15,4.6436606968494076e-14,converged
2025-01-15T15:10:00+08:00,7.166666666666667,4.458333333333334,366.25000000000006,2.71875,43.4,43.4,38.4,38.4,50.0,60.0,85.0,35.22390014850698,11.756115868640896,11.490406616537173,11.977377663328909,54.88366207214951,0.7065850265401294,43.2,43.2,43.2,37.532634200882335,36.35007780604387,36.0634142721935,36.647284888381584,0.08265036666666661,0.2674625928410207,29.496521226324102,29.91360222035827,19.649334804899862,29.08959656241431,24.183332631108826,24.577537340344673,24.245048849480074,23.845146243508424,19.615087998257373,24.609560534709118,24.276422042357105,23.875946743469235,1.0,0.0,0.8333333333333334,0.25,0.0,19.649334804899862,24.245048849480074,29.08959656241431,15.141055259144727,24.71627066628458,30.975060687606877,7.877647087450359e-17,2.1762916561594072e-16,0.0,5.8471427892245246e-15,3.128699821868013e-14,converged
2025-01-15T15:15:00+08:00,7.25,4.416666666666666,357.49999999999994,2.7125,43.4,43.4,38.4,38.4,50.0,60.0,85.0,35.22390014850698,11.756115868640896,11.490406616537173,11.977377663328909,54.88366207214951,0.7065850265401294,43.2,43.2,43.2,37.53761291374834,36.35588339515295,36.06961998814011,36.65295056161947,0.08660473333333339,0.267231336693213,29.50765189921741,29.92844650264277,19.670943089434093,29.09828011328637,24.199131368308322,24.596631091944744,24.261187231314885,23.85782409581531,19.636756786002746,24.628578238758955,24.292491332290844,23.888561683616203,1.0,0.0,0.8333333333333334,0.25,0.0,19.670943089434093,24.261187231314885,29.09828011328637,15.141055259144727,24.71627066628458,30.975060687606877,7.877647087450359e-17,0.0,0.0,6.11295130331476e-15,3.0133803444010907e-14,converged
2025-01-15T15:20:00+08:00,7.333333333333333,4.375,348.75,2.70625,43.4,43.4,38.4,38.4,50.0,60.0,85.0,35.22390014850698,11.756115868640896,11.490406616537173,11.977377663328909,54.88366207214951,0.7065850265401294,43.394357789634206,43.2,43.2,37.66790246163997,36.36148005529395,36.07561201539208,36.700298404661716,0.0905591,0.26794644501519876,29.518612411323335,29.942979722344326,19.69222879979176,29.106874801563038,24.21433956493895,24.615014818072485,24.276740379388485,23.8700563483126,19.657758865542974,24.646886161702724,24.30797560220363,23.900731213797084,1.0,0.0,0.8333333333333334,0.25,0.0,19.69222879979176,24.276740379388485,29.106874801563038,15.141055259144727,24.71627066628458,30.975060687606877,7.877647087450359e-17,6.517085260470503e-16,0.0,3.003244569637887e-15,6.416161053584497e-14,converged
2025-01-15T15:25:00+08:00,7.416666666666667,4.333333333333334,340.00000000000006,2.6999999999999997,43.4,43.4,38.4,38.4,50.0,60.0,85.0,35.22390014850698,11.756115868640896,11.490406616537173,11.977377663328909,54.88366207214951,0.7065850265401294,43.4,43.21134917334862,43.2,37.67625198281157,36.37412804292437,36.08139119644066,36.70917612381776,0.0945134666666666,0.26781205934333474,29.529047306878876,29.956865555362047,19.712873076423165,29.115075645568897,24.228980960086208,24.63271146613207,24.291729640232685,23.881862847603266,19.67809748536837,24.664487022315562,24.322876981140418,23.912456877923415,1.0,0.0,0.8333333333333334,0.25,0.0,19.712873076423165,24.291729640232685,29.115075645568897,15.141055259144727,24.71627066628458,30.975060687606877,7.877647087450359e-17,2.1734518249921395e-16,0.0,3.729896960581527e-15,3.907108553572927e-14,converged
2025-01-15T15:30:00+08:00,7.5,4.291666666666666,331.24999999999994,2.6937499999999996,43.4,43.4,38.4,38.4,50.0,60.0,85.0,35.22390014850698,11.756115868640896,11.490406616537173,11.977377663328909,54.88366207214951,0.7065850265401294,43.4,43.4,43.2,37.68076291010387,36.50004546560435,36.086958370397184,36.75365028792261,0.0984678333333334,0.26850863190051816,29.53894773845842,29.970096008706854,19.732869181939645,29.122874675522283,24.24339071502018,24.650039055608577,24.30645671675156,23.89353047919554,19.697775878141197,24.681383528958502,24.337197590398,23.92374021455511,1.0,0.0,0.8333333333333334,0.25,0.0,19.732869181939645,24.30645671675156,29.122874675522283,15.141055259144727,24.71627066628458,30.975060687606877,7.877647087450359e-17,2.1678133958476694e-16,0.0,2.4574189082633403e-15,3.2761969562005205e-14,converged
2025-01-15T15:35:00+08:00,7.583333333333333,4.25,322.5,2.6875,43.6,43.6,38.6,38.6,50.0,60.0,85.0,35.40735796178045,11.817345638790066,11.550252484331638,12.039759838658748,55.45685570001893,0.7176830194464088,43.4,43.4,43.361199657612325,37.70871039418201,36.5335194142416,36.22531215760058,36.82094262898809,0.10242219999999999,0.26939511641468766,29.548343024562584,29.98269843391344,19.752262212897953,29.130297352711217,24.257254110798236,24.66669914528343,24.32063829738156,23.904789686095054,19.717147808691234,24.697901160902212,24.351246833320204,23.93487614787485,1.0,0.0,0.8333333333333334,0.25,0.0,19.752262212897953,24.32063829738156,29.130297352711217,15.062604195625843,24.58820708770279,30.814568145184044,2.338867477503584e-16,0.0,0.0,1.8638367723062026e-15,4.172733705331398e-14,converged
2025-01-15T15:40:00+08:00,7.666666666666667,4.208333333333334,313.75000000000006,2.68125,43.6,43.6,38.6,38.6,50.0,60.0,85.0,35.40735796178045,11.817345638790066,11.550252484331638,12.039759838658748,55.45685570001893,0.7176830194464088,43.4,43.4,43.4,37.71282311952485,36.53840540547476,36.2555216069569,36.83418141525639,0.1063765666666666,0.26939325813403847,29.557207346477895,29.994649571044643,19.771012532884804,29.137320461147482,24.27053475779118,24.68265849427948,24.334241735740243,23.915608188322054,19.735937052928058,24.713787656260774,24.36478403816954,23.945634317755996,1.0,0.0,0.8333333333333334,0.25,0.0,19.771012532884804,24.334241735740243,29.137320461147482,15.062604195625843,24.58820708770279,30.814568145184044,2.338867477503584e-16,1.0803473946721003e-15,0.0,2.0050878391503826e-15,3.585494424575226e-14,converged
2025-01-15T15:45:00+08:00,7.75,4.166666666666666,304.99999999999994,2.675,43.6,43.6,38.6,38.6,50.0,60.0,85.0,35.40735796178045,11.817345638790066,11.550252484331638,12.039759838658748,55.45685570001893,0.7176830194464088,43.4,43.4,43.4,37.7167418461448,36.54308669162354,36.26057352577486,36.83873422242625,0.11033093333333338,0.2692064580357236,29.56554250197528,30.005951509396077,19.78912296518091,29.143945160726958,24.28323501157761,24.69791978632608,24.347269135515724,23.925987513240916,19.754073582350387,24.72897633492015,24.377745414031146,23.955953495629448,1.0,0.0,0.8333333333333334,0.25,0.0,19.78912296518091,24.347269135515724,29.143945160726958,15.062604195625843,24.58820708770279,30.814568145184044,2.338867477503584e-16,1.0810970386479968e-15,0.0,5.816047397487585e-15,3.467181628564731e-14,converged
2025-01-15T15:50:00+08:00,7.833333333333333,4.125,296.25,2.6687499999999997,43.6,43.6,38.6,38.6,50.0,60.0,85.0,35.40735796178045,11.817345638790066,11.550252484331638,12.039759838658748,55.45685570001893,0.7176830194464088,43.59749583217497,43.4,43.4,37.848292567764176,36.5475640436164,36.265417077356275,36.88574733455934,0.11461605,0.2699819965278981,29.573723242139483,30.016959692644967,19.806931816748143,29.150492363909517,24.29535721821444,24.712485694874317,24.359722592741416,23.935929182922578,19.7715605785712,24.743469871149152,24.39013305753839,23.965835203913446,1.0,0.0,0.8333333333333334,0.25,0.0,19.806931816748143,24.359722592741416,29.150492363909517,15.062604195625843,24.58820708770279,30.814568145184044,2.338867477503584e-16,0.0,0.0,1.9346493656131655e-15,3.294379741882285e-14,converged
2025-01-15T15:55:00+08:00,7.916666666666667,4.083333333333334,287.50000000000006,2.6625,43.6,43.6,38.6,38.6,50.0,60.0,85.0,35.40735796178045,11.817345638790066,11.550252484331638,12.039759838658748,55.45685570001893,0.7176830194464088,43.6,43.41647171649189,43.4,37.85356887564415,36.56239887477522,36.27005308328525,36.893924007827906,0.11895016666666659,0.26990126452144986,29.58138185135911,30.027326175339663,19.824109160876386,29.1566465882125,24.30693473704425,24.72638827338591,24.371632116781544,23.945461305741198,19.788401207694925,24.75727092896788,24.40194905769064,23.97528095974651,1.0,0.0,0.8333333333333334,0.25,0.0,19.824109160876386,24.371632116781544,29.1566465882125,15.062604195625843,24.58820708770279,30.814568145184044,2.338867477503584e-16,6.469883831408445e-16,0.0,4.31364469806356e-15,4.718921472664928e-14,converged
2025-01-15T16:00:00+08:00,8.0,4.041666666666666,278.74999999999994,2.65625,43.6,43.6,38.6,38.6,50.0,60.0,85.0,35.40735796178045,11.817345638790066,11.550252484331638,12.039759838658748,55.45685570001893,0.7176830194464088,43.6,43.6,43.4,37.85703279939213,36.68420527310533,36.27448236184975,36.93632074612483,0.12328428333333338,0.2706181394447899,29.588515376536378,30.037048542737146,19.84065352703319,29.1624049259158,24.31828370439161,24.73992751146242,24.383282295543864,23.954854479796964,19.80459862039303,24.770382162187015,24.413195495881084,23.984292275005735,1.0,0.0,0.8333333333333334,0.25,0.0,19.84065352703319,24.383282295543864,29.1624049259158,15.062604195625843,24.58820708770279,30.814568145184044,2.338867477503584e-16,1.2905489861002306e-15,0.0,2.4067267230331033e-15,2.6739792315834866e-14,converged
2025-01-15T16:05:00+08:00,8.083333333333334,4.0,270.0,2.65,43.8,43.8,38.8,38.8,50.0,60.0,85.0,35.59081577505392,11.878575408939238,11.6100983521261,12.102142013988583,56.03302695712398,0.7288966154055663,43.6,43.6,43.56758522638753,37.883946241582116,36.71653234596728,36.41599890848094,37.00396929927429,0.1276184,0.2715805143190095,29.59515316002698,30.046154138660455,19.856609737461405,29.167792878581828,24.329098567980562,24.75281362156838,24.394398066107872,23.963847033420468,19.820518601280693,24.783140587654763,24.424192766847778,23.993174573951393,1.0,0.0,0.8333333333333334,0.25,0.0,19.856609737461405,24.394398066107872,29.167792878581828,14.984961905957668,24.461463752199172,30.655730165054234,7.716058620251093e-17,2.1432929773854954e-16,0.0,6.424920626278381e-16,5.852847737677094e-14,converged
2025-01-15T16:10:00+08:00,8.166666666666666,3.958333333333333,261.24999999999994,2.64375,43.8,43.8,38.8,38.8,50.0,60.0,85.0,35.59081577505392,11.878575408939238,11.6100983521261,12.102142013988583,56.03302695712398,0.7288966154055663,43.6,43.6,43.6,37.88702509797741,36.72032293821378,36.44102713312722,37.01474389652181,0.1319525166666667,0.27159072497330894,29.601269303301564,30.054619647761925,19.871938306388817,29.172787160277277,24.339342984497005,24.765013421035327,24.40494683050805,23.972406722963857,19.835860758159313,24.79527094504399,24.43467834239584,24.001676670120222,1.0,0.0,0.8333333333333334,0.25,0.0,19.871938306388817,24.40494683050805,29.172787160277277,14.984961905957668,24.461463752199172,30.655730165054234,7.716058620251093e-17,6.429637196099522e-16,0.0,1.4105269675039924e-15,3.210236521782916e-14,converged
2025-01-15T16:15:00+08:00,8.25,3.916666666666667,252.50000000000006,2.6375,43.8,43.8,38.8,38.8,50.0,60.0,85.0,35.59081577505392,11.878575408939238,11.6100983521261,12.102142013988583,56.03302695712398,0.7288966154055663,43.600601523761696,43.6,43.6,37.89030434803029,36.72391370871425,36.44496107824335,37.01834738740523,0.13628663333333327,0.2714503887616663,29.606866712611872,30.062448203672957,19.886643017129614,29.17738989074924,24.349019260930213,24.776529539623407,24.41493065292859,23.980535049357723,19.85056697297807,24.806717858332995,24.444599181905094,24.0097475842003,1.0,0.0,0.8333333333333334,0.25,0.0,19.886643017129614,24.41493065292859,29.17738989074924,14.984961905957668,24.461463752199172,30.655730165054234,7.716058620251093e-17,4.2886408215516537e-16,0.0,3.518435791339605e-15,6.242257496189755e-14,converged
2025-01-15T16:20:00+08:00,8.333333333333334,3.875,243.75,2.63125,43.8,43.8,38.8,38.8,50.0,60.0,85.0,35.59081577505392,11.878575408939238,11.6100983521261,12.102142013988583,56.03302695712398,0.7288966154055663,43.8,43.6,43.6,38.02235244330321,36.727305410325194,36.448691832449434,37.06479395874148,0.14062075,0.2722795004417469,29.612322940824484,30.069997899635844,19.9010646554028,29.181924396215532,24.35812969493958,24.78736459701621,24.424351590039034,23.988233508328268,19.86464034685204,24.817483947993853,24.453957342626758,24.017388812258325,1.0,0.0,0.8333333333333334,0.25,0.0,19.9010646554028,24.424351590039034,29.181924396215532,14.984961905957668,24.461463752199172,30.655730165054234,7.716058620251093e-17,4.2755815857625095e-16,0.0,1.538880443177902e-16,3.800185120982002e-14,converged
2025-01-15T16:25:00+08:00,8.416666666666666,3.833333333333333,234.99999999999994,2.625,43.8,43.8,38.8,38.8,50.0,60.0,85.0,35.59081577505392,11.878575408939238,11.6100983521261,12.102142013988583,56.03302695712398,0.7288966154055663,43.8,43.62154144991203,43.6,38.02498758017991,36.744341689308804,36.45222019698982,37.07243062874982,0.1449548666666667,0.2722543582417806,29.617261531724036,30.076912502912776,19.914865395906222,29.186067709594667,24.366717186972036,24.79755967790309,24.43324824269095,23.99553840185456,19.878083965773985,24.827571824451187,24.46275487431779,24.024601845170096,1.0,0.0,0.8333333333333334,0.25,0.0,19.914865395906222,24.43324824269095,29.186067709594667,14.984961905957668,24.461463752199172,30.655730165054234,7.716058620251093e-17,2.137988214013272e-16,0.0,4.130192265109775e-16,4.7063505673446374e-14,converged
2025-01-15T16:30:00+08:00,8.5,3.791666666666667,226.25000000000006,2.61875,43.8,43.8,38.8,38.8,50.0,60.0,85.0,35.59081577505392,11.878575408939238,11.6100983521261,12.102142013988583,56.03302695712398,0.7288966154055663,43.8,43.8,43.6,38.02743466311977,36.862086955852114,36.455546969894144,37.11278831741627,0.1492889833333333,0.2729908360869179,29.62168423897536,30.083194052027604,19.92804796719687,29.18982096712516,24.375079006755087,24.807396892013546,24.441888225914855,24.002704175645096,19.89090090068811,24.83698408812068,24.470993819268173,24.03138816863855,1.0,0.0,0.8333333333333334,0.25,0.0,19.92804796719687,24.441888225914855,29.18982096712516,14.984961905957668,24.461463752199172,30.655730165054234,7.716058620251093e-17,8.5288812984088e-16,0.0,1.637314434194309e-15,3.362872287084652e-14,converged
2025-01-15T16:35:00+08:00,8.583333333333334,3.75,217.5,2.6125,44.0,44.0,39.0,39.0,50.0,60.0,85.0,35.7742735883274,11.93980517908841,11.669944219920565,12.164524189318422,56.61217584346478,0.7402264133971522,43.8,43.8,43.77390530214964,38.053367956086625,36.89332619960714,36.600262640235805,37.18084269633199,0.1536231,0.27402821180568726,29.62562045921663,30.088869920588316,19.940656956524055,29.19320972915095,24.382918728574296,24.816595076161974,24.45000468953601,24.009477000557595,19.90346889777452,24.846069239419332,24.47900550431406,24.0380636419639,1.0,0.0,0.8333333333333334,0.25,0.0,19.940656956524055,24.45000468953601,29.19320972915095,14.908115947465578,24.33602034834174,30.498521292412928,3.054848991261223e-16,2.1241484783596775e-16,0.0,2.07838900537267e-15,5.3882739576707095e-14,converged
2025-01-15T16:40:00+08:00,8.666666666666666,3.708333333333333,208.74999999999994,2.6062499999999997,44.0,44.0,39.0,39.0,50.0,60.0,85.0,35.7742735883274,11.93980517908841,11.669944219920565,12.164524189318422,56.61217584346478,0.7402264133971522,43.8,43.8,43.800000000000004,38.05544273997143,36.89605438031431,36.62016773141769,37.18919356317721,0.1579572166666667,0.27404986190810054,29.629044184489743,30.093916701177726,19.952652992247565,29.196210621621322,24.39020002036337,24.825121064210872,24.45756505199984,24.01582464703874,19.915463558792652,24.854529169661088,24.486505694802528,24.044356403295684,1.0,0.0,0.8333333333333334,0.25,0.0,19.952652992247565,24.45756505199984,29.196210621621322,14.908115947465578,24.33602034834174,30.498521292412928,3.054848991261223e-16,2.1239806693639814e-16,0.0,5.669426863052814e-15,3.4890223609581436e-14,converged
2025-01-15T16:45:00+08:00,8.75,3.666666666666667,200.00000000000006,2.6,44.0,44.0,39.0,39.0,50.0,60.0,85.0,35.7742735883274,11.93980517908841,11.669944219920565,12.164524189318422,56.61217584346478,0.7402264133971522,43.80367536210137,43.8,43.800000000000004,38.05972051755689,36.89858749594776,36.62301849891959,37.192416979553926,0.1622913333333333,0.2739670869851185,29.631964118580445,30.09834301410136,19.964045038918265,29.19883074312236,24.396925141615263,24.832977433095007,24.46457133877962,24.02174859008967,19.926838578520353,24.862319713854173,24.49345201177299,24.050225637972297,1.0,0.0,0.8333333333333334,0.25,0.0,19.964045038918265,24.46457133877962,29.19883074312236,14.908115947465578,24.33602034834174,30.498521292412928,3.054848991261223e-16,8.498489589244588e-16,0.0,3.802892842411275e-15,3.504780582268586e-14,converged
2025-01-15T16:50:00+08:00,8.833333333333334,3.625,191.25,2.59375,44.0,44.0,39.0,39.0,50.0,60.0,85.0,35.7742735883274,11.93980517908841,11.669944219920565,12.164524189318422,56.61217584346478,0.7402264133971522,44.0,43.8,43.800000000000004,38.18906488059795,36.900926281750735,36.62567111069312,37.23725109062848,0.16662545,0.2748247879571235,29.634746499377005,30.102496228437893,19.975163657164295,29.201383733268184,24.403096342680676,24.84016674987019,24.4710255679713,24.02725029959453,19.93759697980006,24.869443439815477,24.499846473886034,24.055672816212248,1.0,0.0,0.8333333333333334,0.25,0.0,19.975163657164295,24.4710255679713,29.201383733268184,14.908115947465578,24.33602034834174,30.498521292412928,3.054848991261223e-16,4.235983322039249e-16,0.0,1.3884988779811444e-15,3.202460609839179e-14,converged
2025-01-15T16:55:00+08:00,8.916666666666666,3.583333333333333,182.49999999999994,2.5875,44.0,44.0,39.0,39.0,50.0,60.0,85.0,35.7742735883274,11.93980517908841,11.669944219920565,12.164524189318422,56.61217584346478,0.7402264133971522,44.0,43.826559186066326,43.800000000000004,38.190708317412,36.920177802766325,36.6281263481948,37.24491451074203,0.1709595666666667,0.27486626209162923,29.637020296458545,30.106025245035816,19.985675873903535,29.203551282798582,24.408765986912666,24.846739056525834,24.476974861431497,24.03237420379688,19.947741770727642,24.87590290551154,24.505691092444987,24.060699403130368,1.0,0.0,0.8333333333333334,0.25,0.0,19.985675873903535,24.476974861431497,29.203551282798582,14.908115947465578,24.33602034834174,30.498521292412928,3.054848991261223e-16,0.0,0.0,4.24817033098287e-15,4.823875878394862e-14,converged
2025-01-15T17:00:00+08:00,9.0,3.541666666666667,173.75000000000006,2.58125,44.0,44.0,39.0,39.0,50.0,60.0,85.0,35.7742735883274,11.93980517908841,11.669944219920565,12.164524189318422,56.61217584346478,0.7402264133971522,44.0,44.0,43.800000000000004,38.19216792414128,37.03391083249654,36.63038498974573,37.28327058886876,0.17529368333333328,0.2756216577859299,29.63878723380812,30.1089320685999,19.995584355050177,29.205334511890186,24.414212633857147,24.852958731101708,24.482670001703795,24.0373587293905,19.957275944724362,24.881700659096342,24.510987871422735,24.065306858755534,1.0,0.0,0.8333333333333334,0.25,0.0,19.995584355050177,24.482670001703795,29.205334511890186,14.908115947465578,24.33602034834174,30.498521292412928,3.054848991261223e-16,0.0,0.0,5.24581191681413e-15,3.382266949875783e-14,converged
2025-01-15T17:05:00+08:00,9.083333333333334,3.5,165.0,2.575,44.2,44.2,39.2,39.2,50.0,60.0,85.0,35.95773140160088,12.001034949237583,11.729790087715031,12.226906364648261,57.194302359041224,0.7516730124007135,44.0,44.0,43.980160887342755,38.217173073173456,37.06411918760148,36.77833404207906,37.35177837412994,0.17962779999999998,0.27673315164936607,29.64007679132769,30.11124413830324,20.00493349024945,29.20675905733354,24.41914894338264,24.85855320423805,24.48785231474337,24.041957846696075,19.966589150273098,24.88719662967225,24.51607901003678,24.069821412405556,1.0,0.08333333333333333,0.8333333333333334,0.25,0.0,20.00493349024945,24.48785231474337,29.20675905733354,14.832054131407075,24.211856979217544,30.34291659194143,2.267817437253514e-16,2.1033858996127523e-16,0.0,2.4988594122713746e-15,4.025628083674134e-14,converged
2025-01-15T17:10:00+08:00,9.166666666666666,3.458333333333333,156.24999999999994,2.56875,44.2,44.2,39.2,39.2,50.0,60.0,85.0,35.95773140160088,12.001034949237583,11.729790087715031,12.226906364648261,57.194302359041224,0.7516730124007135,44.0,44.0,44.0,38.21827279281257,37.06581703921715,36.79317295594054,37.357745024940485,0.18396191666666672,0.2767656252543984,29.640862823457717,30.11293791971246,20.013683987357886,29.20780143963007,24.423538561381328,24.863489286697938,24.492489204940874,24.046139319071646,19.975333144883372,24.892070009977942,24.520658716492402,24.07395067673364,1.0,0.08333333333333333,0.8333333333333334,0.25,0.0,20.013683987357886,24.492489204940874,29.20780143963007,14.832054131407075,24.211856979217544,30.34291659194143,2.267817437253514e-16,2.1031391040691518e-16,0.0,4.402338162562213e-16,4.154032246364315e-14,converged
2025-01-15T17:15:00+08:00,9.25,3.416666666666667,147.50000000000006,2.5625,44.2,44.2,39.2,39.2,50.0,60.0,85.0,35.95773140160088,12.001034949237583,11.729790087715031,12.226906364648261,57.194302359041224,0.7516730124007135,44.00671783474372,44.0,44.0,38.223566389762226,37.06732445903096,36.79497434369104,37.36061605587925,0.1882960333333333,0.27673941948725445,29.641159784150254,30.114027475014304,20.021849950533028,29.208473695419013,24.42738370092047,24.867769503712744,24.496582659837447,24.04990459608473,19.98347333970312,24.89628775411415,24.52469518592709,24.07766391814766,1.0,0.08333333333333333,0.8333333333333334,0.25,0.0,20.021849950533028,24.496582659837447,29.208473695419013,14.832054131407075,24.211856979217544,30.34291659194143,2.267817437253514e-16,2.103338260278031e-16,0.0,3.191439255389281e-17,3.721255875081951e-14,converged
2025-01-15T17:20:00+08:00,9.333333333333334,3.375,138.75,2.55625,44.2,44.2,39.2,39.2,50.0,60.0,85.0,35.95773140160088,12.001034949237583,11.729790087715031,12.226906364648261,57.194302359041224,0.7516730124007135,44.2,44.0,44.0,38.35024508524594,37.06864216512019,36.796582473627616,37.40387224199491,0.19263015,0.27762495633645784,29.641322689414302,30.114849537352484,20.0297518003835,29.209079857197946,24.430686566108594,24.871396370828414,24.500134659731565,24.053255122271665,19.991012681469105,24.89985237836225,24.528190399188087,24.080962581512814,1.0,0.08333333333333333,0.8333333333333334,0.25,0.0,20.0297518003835,24.500134659731565,29.209079857197946,14.832054131407075,24.211856979217544,30.34291659194143,2.267817437253514e-16,2.096629268549066e-16,0.0,7.515500190588928e-16,4.079330160444782e-14,converged
2025-01-15T17:25:00+08:00,9.416666666666666,3.333333333333333,129.99999999999994,2.55,44.2,44.2,39.2,39.2,50.0,60.0,85.0,35.95773140160088,12.001034949237583,11.729790087715031,12.226906364648261,57.194302359041224,0.7516730124007135,44.2,44.031525720831304,44.0,38.350925514510514,37.09012193749074,36.79799810795595,37.4115876315367,0.19696426666666672,0.2777319846077709,29.640985890557904,30.115058099503667,20.03706137733412,29.209306235590443,24.433508905946137,24.874428814294955,24.50320077785174,24.056243385612838,19.997954102537065,24.902766389346315,24.531146329899723,24.08384810667623,1.0,0.08333333333333333,0.8333333333333334,0.25,0.0,20.03706137733412,24.50320077785174,29.209306235590443,14.832054131407075,24.211856979217544,30.34291659194143,2.267817437253514e-16,2.0958213003688295e-16,0.0,1.5980550645633443e-15,7.36120133656545e-14,converged
2025-01-15T17:30:00+08:00,9.5,3.291666666666667,121.25000000000006,2.54375,44.2,44.2,39.2,39.2,50.0,60.0,85.0,35.95773140160088,12.001034949237583,11.729790087715031,12.226906364648261,57.194302359041224,0.7516730124007135,44.2,44.2,44.0,38.351426232359735,37.19989065132546,36.799222005823395,37.44797862555961,0.2012983833333333,0.2785056272291715,29.640151082428694,30.114655132937717,20.04378128621338,29.20915393496051,24.436110724310414,24.877113626844334,24.506015102943362,24.05909192555068,20.004300520951897,24.905032284070185,24.533564944489747,24.08632192848437,1.0,0.16666666666666666,0.8333333333333334,0.25,0.0,20.04378128621338,24.506015102943362,29.20915393496051,14.832054131407075,24.211856979217544,30.34291659194143,2.267817437253514e-16,2.0899994550404749e-16,0.0,3.442860027971887e-16,3.56230155133822e-14,converged
2025-01-15T17:35:00+08:00,9.583333333333334,3.25,112.5,2.5375,44.4,44.4,39.4,39.4,50.0,60.0,85.0,36.141189214874345,12.062264719386752,11.789635955509493,12.289288539978099,57.77940650385334,0.7632370113957985,44.2,44.2,44.18635296405675,38.3755534164189,37.229123021254814,36.950436669818316,37.5169854339167,0.2056325,0.27969036356716326,29.638847855782878,30.11366817652046,20.049955754602035,29.20864868539888,24.43821372485975,24.87918680129621,24.508327099804387,24.06156246856646,20.010453427276985,24.907021364626466,24.535799254462017,24.088720581289035,1.0,0.16666666666666666,0.8333333333333334,0.25,0.0,20.049955754602035,24.508327099804387,29.20864868539888,14.756764516526841,24.088954151911878,30.188891634621935,1.496568230213456e-16,0.0,0.0,5.363689699939097e-15,5.342685362803982e-14,converged
2025-01-15T17:40:00+08:00,9.666666666666666,3.208333333333333,103.74999999999994,2.53125,44.4,44.4,39.4,39.4,50.0,60.0,85.0,36.141189214874345,12.062264719386752,11.789635955509493,12.289288539978099,57.77940650385334,0.7632370113957985,44.2,44.2,44.2,38.375706312506146,37.22982174545489,36.960265255064485,37.520606462994714,0.2099666166666667,0.2797330580607251,29.637049900671514,30.112073535503797,20.055545537011692,29.207766885439824,24.439781499860075,24.880615087649062,24.510104129784718,24.06362275075991,20.01604089622953,24.908390274618785,24.537522059487944,24.090731301072285,1.0,0.16666666666666666,0.8333333333333334,0.25,0.0,20.055545537011692,24.510104129784718,29.207766885439824,14.756764516526841,24.088954151911878,30.188891634621935,1.496568230213456e-16,4.1616576401085603e-16,0.0,3.0494420503343853e-15,5.396077155342587e-14,converged
2025-01-15T17:45:00+08:00,9.75,3.166666666666667,95.00000000000006,2.525,44.4,44.4,39.4,39.4,50.0,60.0,85.0,36.141189214874345,12.062264719386752,11.789635955509493,12.289288539978099,57.77940650385334,0.7632370113957985,44.20972941933892,44.2,44.2,38.382032327574734,37.23033455090773,36.96105009099364,37.52315195015686,0.21430073333333327,0.2797624471468628,29.63477737441464,30.109890669701475,20.06056983606222,29.206525469481246,24.440816217001608,24.88140096053132,24.511348143258157,24.065274196752387,20.02103996001417,24.90911699641015,24.538712042298155,24.092333352740386,1.0,0.16666666666666666,0.8333333333333334,0.25,0.0,20.06056983606222,24.511348143258157,29.206525469481246,14.756764516526841,24.088954151911878,30.188891634621935,1.496568230213456e-16,8.322440914725197e-16,0.0,5.153759382561158e-15,4.0685895846028016e-14,converged
2025-01-15T17:50:00+08:00,9.833333333333334,3.125,86.25,2.51875,44.4,44.4,39.4,39.4,50.0,60.0,85.0,36.141189214874345,12.062264719386752,11.789635955509493,12.289288539978099,57.77940650385334,0.7632370113957985,44.4,44.2,44.2,38.50608261367082,37.23066213896075,36.96164643352752,37.56486386366916,0.21863485000000002,0.2806750814109145,29.63237416311976,30.10744576348919,20.06533901637097,29.205218941436613,24.44132003519531,24.881546885075533,24.51206108348786,24.06651822621828,20.025453491372097,24.909203995844567,24.539371146689838,24.093528156291722,1.0,0.16666666666666666,0.8333333333333334,0.25,0.0,20.06533901637097,24.51206108348786,29.205218941436613,14.756764516526841,24.088954151911878,30.188891634621935,1.496568230213456e-16,6.22153494576707e-16,0.0,2.1573271928932038e-15,4.294748311435558e-14,converged
2025-01-15T17:55:00+08:00,9.916666666666666,3.083333333333333,77.49999999999994,2.5124999999999997,44.4,44.4,39.4,39.4,50.0,60.0,85.0,36.141189214874345,12.062264719386752,11.789635955509493,12.289288539978099,57.77940650385334,0.7632370113957985,44.4,44.23644183392353,44.2,38.50582796831349,37.254382411615325,36.962055026143325,37.5726556131473,0.2229689666666667,0.2808466202481033,29.629479956284115,30.104397860411037,20.069529693603886,29.203538194329656,24.441364012754963,24.88112059962694,24.51230690627686,24.067415321147163,20.02928434901905,24.908653729297804,24.539501309368983,24.094317126790614,1.0,0.16666666666666666,0.8333333333333334,0.25,0.0,20.069529693603886,24.51230690627686,29.203538194329656,14.756764516526841,24.088954151911878,30.188891634621935,1.496568230213456e-16,1.4508048059624945e-15,0.0,3.3907737068371046e-15,5.282618664337979e-14,converged
2025-01-15T18:00:00+08:00,10.0,3.041666666666667,68.75000000000006,2.50625,44.4,44.4,39.4,39.4,50.0,60.0,85.0,36.141189214874345,12.062264719386752,11.789635955509493,12.289288539978099,57.77940650385334,0.7632370113957985,44.4,44.4,44.2,38.50539762767378,37.36023377937894,36.962276609334985,37.60711716063493,0.2273030833333333,0.2816378528049708,29.626096420157708,30.1007488992777,20.0731444130245,29.20148431695791,24.441189750529684,24.880351456219536,24.512303143586106,24.06817226390511,20.032535377713806,24.90746864371376,24.539104459976258,24.09470167438446,1.0,0.16666666666666666,0.8333333333333334,0.25,0.0,20.0731444130245,24.512303143586106,29.20148431695791,14.756764516526841,24.088954151911878,30.188891634621935,1.496568230213456e-16,2.0667555988567768e-16,0.0,1.2036612207330834e-15,4.423739591058053e-14,converged
2025-01-15T18:05:00+08:00,10.083333333333334,3.0,60.0,2.5,44.6,44.6,39.6,39.6,50.0,60.0,85.0,36.32464702814782,12.123494489535924,11.84948182330396,12.351670715307938,58.36748827790119,0.7749190093619578,44.4,44.4,44.39248249454131,38.52869525848516,37.388543097612576,37.11678716076984,37.6766667119907,0.23163720000000002,0.28289496317382196,29.62225328260384,30.096526551184404,20.076227273916594,29.199083148783917,24.44052795341611,24.878983977148994,24.51180736114326,24.06855849362026,20.035619848995502,24.906031357728644,24.538544361868997,24.0950285735364,1.0,0.16666666666666666,0.8333333333333334,0.25,0.0,20.076227273916594,24.51180736114326,29.199083148783917,14.682235402807008,23.967292767306258,30.036422484952123,1.4814895532689012e-16,6.172714451374197e-16,0.0,5.3055221335704546e-15,7.496903603622234e-14,converged
2025-01-15T18:10:00+08:00,10.166666666666666,2.874999999999999,57.499999999999986,2.5208333333333335,44.6,44.6,39.6,39.6,50.0,60.0,85.0,36.32464702814782,12.123494489535924,11.84948182330396,12.351670715307938,58.36748827790119,0.7749190093619578,44.4,44.4,44.4,38.52795823360555,37.38829845238515,37.12168333535683,37.67800579451457,0.234731525,0.28294619560844064,29.61811122531778,30.091982800440693,20.07883258985246,29.196435768601937,24.439473807049236,24.877208070430054,24.510942814557296,24.06861894639746,20.038204663100803,24.904199369151474,24.537628518743336,24.0950420776836,1.0,0.16666666666666666,0.8333333333333334,0.25,0.0,20.07883258985246,24.510942814557296,29.196435768601937,14.682235402807008,23.967292767306258,30.036422484952123,1.4814895532689012e-16,4.114397847852243e-16,0.0,3.6084529828971295e-15,3.5098450802078236e-14,converged
2025-01-15T18:15:00+08:00,10.25,2.750000000000001,55.000000000000014,2.5416666666666665,44.6,44.6,39.6,39.6,50.0,60.0,85.0,36.32464702814782,12.123494489535924,11.84948182330396,12.351670715307938,58.36748827790119,0.7749190093619578,44.412710583887716,44.4,44.4,38.535420688871525,37.38792298286131,37.121552836261046,37.6803295620125,0.23782585,0.28302694773527004,29.613695427172733,30.087141573261697,20.08098420952143,29.193563605394505,24.438028901217788,24.875025304066096,24.509710848901324,24.068354754027105,20.040278074591118,24.901960741220858,24.53634544621204,24.094731100118878,1.0,0.16666666666666666,0.8333333333333334,0.25,0.0,20.08098420952143,24.509710848901324,29.193563605394505,14.682235402807008,23.967292767306258,30.036422484952123,1.4814895532689012e-16,4.113223944167471e-16,0.0,6.9008297179528584e-15,1.0567589474794415e-13,converged
2025-01-15T18:20:00+08:00,10.333333333333334,2.625,52.5,2.5625,44.6,44.6,39.6,39.6,50.0,60.0,85.0,36.32464702814782,12.123494489535924,11.84948182330396,12.351670715307938,58.36748827790119,0.7749190093619578,44.6,44.4,44.4,38.65702562219991,37.38741718191893,37.121284483530786,37.72065944200663,0.240920175,0.2839605069400329,29.609338101829824,30.0823177067303,20.082982114636604,29.190751349778044,24.436194819268714,24.87243724004074,24.508112804342268,24.067767044367606,20.041842581239894,24.89931703606891,24.534696484603362,24.094096768850896,1.0,0.16666666666666666,0.8333333333333334,0.25,0.0,20.082982114636604,24.508112804342268,29.190751349778044,14.682235402807008,23.967292767306258,30.036422484952123,1.4814895532689012e-16,4.0997011549750313e-16,0.0,7.41241355771711e-15,3.880077284072171e-14,converged
2025-01-15T18:25:00+08:00,10.416666666666666,2.499999999999999,49.999999999999986,2.5833333333333335,44.6,44.6,39.6,39.6,50.0,60.0,85.0,36.32464702814782,12.123494489535924,11.84948182330396,12.351670715307938,58.36748827790119,0.7749190093619578,44.6,44.44130828930775,44.4,38.65606797366693,37.4135664004491,37.12087882671336,37.72873203534236,0.2440145,0.284187916617186,29.604683602685352,30.077174372686418,20.084507250169445,29.187694078888896,24.43405132416896,24.869519506956554,24.50622038654106,24.066923961974954,20.04290066862105,24.89626980982672,24.53268296935358,24.093140207966986,1.0,0.16666666666666666,0.8333333333333334,0.25,0.0,20.084507250169445,24.50622038654106,29.187694078888896,14.682235402807008,23.967292767306258,30.036422484952123,1.4814895532689012e-16,8.192841075910453e-16,0.0,1.9653394880377324e-15,6.58577344258008e-14,converged
2025-01-15T18:30:00+08:00,10.5,2.375000000000001,47.500000000000014,2.6041666666666665,44.6,44.6,39.6,39.6,50.0,60.0,85.0,36.32464702814782,12.123494489535924,11.84948182330396,12.351670715307938,58.36748827790119,0.7749190093619578,44.6,44.6,44.4,38.65499664255901,37.5157735207433,37.12033641312319,37.761531071830575,0.247108825,0.2849863234572248,29.599732938796425,30.071712598885245,20.08556169698958,29.184392506002137,24.431821237444712,24.86648331174726,24.504234143357255,24.066016395173556,20.04345481016856,24.892820612647387,24.530306231024845,24.09186253764676,1.0,0.16666666666666666,0.8333333333333334,0.25,0.0,20.08556169698958,24.504234143357255,29.184392506002137,14.682235402807008,23.967292767306258,30.036422484952123,1.4814895532689012e-16,4.0849441620453144e-16,0.0,3.616191052658008e-15,4.384390670875858e-14,converged
2025-01-15T18:35:00+08:00,10.583333333333334,2.25,45.0,2.625,45.2,45.2,40.2,40.2,50.0,60.0,85.0,36.87502046796826,12.307183799983445,12.02901942668736,12.538817241297458,60.14959937545875,0.8106789868823584,44.6,44.6,44.598564845369054,38.725293194572245,37.59977911523759,37.3369184743739,37.88604192876714,0.25020315,0.2868690196663585,29.5945711387792,30.06601051464437,20.086271025776423,29.18092136972812,24.429319772550567,24.863151352806586,24.501987377136256,24.064887596322002,20.044021849279552,24.88943258133637,24.528007992735635,24.09068645953542,1.0,0.16666666666666666,0.8333333333333334,0.25,0.0,20.086271025776423,24.501987377136256,29.18092136972812,14.463097560974058,23.609571979734508,29.588117671743866,1.0781970083603252e-15,2.0290675159403937e-16,0.0,3.410662344992408e-15,6.635032918374661e-14,converged
2025-01-15T18:40:00+08:00,10.666666666666666,2.124999999999999,42.499999999999986,2.6458333333333335,45.2,45.2,40.2,40.2,50.0,60.0,85.0,36.87502046796826,12.307183799983445,12.02901942668736,12.538817241297458,60.14959937545875,0.8106789868823584,44.6,44.6,44.6,38.72404165933811,37.598926645748165,37.33721118915353,37.885445672851816,0.253297475,0.2869153504688306,29.589114926297402,30.059991819292115,20.08651325418444,29.177207153529835,24.426433427998067,24.85941852711485,24.49937824593462,24.063438290215387,20.04409005520284,24.885646483347468,24.525350030669305,24.089192372928707,1.0,0.16666666666666666,0.8333333333333334,0.25,0.0,20.08651325418444,24.49937824593462,29.177207153529835,14.463097560974058,23.609571979734508,29.588117671743866,1.0781970083603252e-15,0.0,0.0,3.5384192263978333e-15,5.278614619048559e-14,converged
2025-01-15T18:45:00+08:00,10.75,2.000000000000001,40.000000000000014,2.6666666666666665,45.2,45.2,40.2,40.2,50.0,60.0,85.0,36.87502046796826,12.307183799983445,12.02901942668736,12.538817241297458,60.14959937545875,0.8106789868823584,44.664428292683105,44.6,44.6,38.765090060555785,37.59794722335833,37.33643053756062,37.89856079180597,0.2563918,0.28727377610908533,29.58348813848599,30.05377390495738,20.08640098671548,29.17335585680029,24.423163765492045,24.855286375802404,24.496408073334667,24.061669591895438,20.043659151061668,24.881461274201314,24.522331212100376,24.08737905352617,1.0,0.16666666666666666,0.8333333333333334,0.25,0.0,20.08640098671548,24.496408073334667,29.17335585680029,14.463097560974058,23.609571979734508,29.588117671743866,1.0781970083603252e-15,6.078625940228297e-16,0.0,8.278915454225075e-16,4.2268091969210786e-14,converged
2025-01-15T18:50:00+08:00,10.833333333333334,1.875,37.5,2.6875,45.2,45.2,40.2,40.2,50.0,60.0,85.0,36.87502046796826,12.307183799983445,12.02901942668736,12.538817241297458,60.14959937545875,0.8106789868823584,45.2,44.6,44.6,39.11636738927558,37.59684132699941,37.335516293367895,38.01512935787427,0.259486125,0.2899307761080611,29.57858787679111,30.04820684429498,20.086742148294967,29.170136558734438,24.419512340400495,24.850756434074732,24.49307817808418,24.059582612524665,20.04273157740488,24.87687848924412,24.518952855930515,24.085247612634483,1.0,0.16666666666666666,0.8333333333333334,0.25,0.0,20.086742148294967,24.49307817808418,29.170136558734438,14.463097560974058,23.609571979734508,29.588117671743866,1.0781970083603252e-15,1.2045839705910894e-15,0.0,1.4101054151954263e-15,5.5155321286898114e-14,converged
2025-01-15T18:55:00+08:00,10.916666666666666,1.7499999999999991,34.999999999999986,2.7083333333333335,45.2,45.2,40.2,40.2,50.0,60.0,85.0,36.87502046796826,12.307183799983445,12.02901942668736,12.538817241297458,60.14959937545875,0.8106789868823584,45.2,44.76685136243186,44.6,39.115144898430366,37.70450360028708,37.33446898960816,38.04948579187364,0.26258045,0.29078847001195723,29.573392313112993,30.042322737423127,20.086617831814273,29.166673446399226,24.41579741221646,24.846130281627143,24.489674929618435,24.057449947409204,20.041309762847522,24.871899657915755,24.515216276240903,24.082799157691664,1.0,0.16666666666666666,0.8333333333333334,0.25,0.0,20.086617831814273,24.489674929618435,29.166673446399226,14.463097560974058,23.609571979734508,29.588117671743866,1.0781970083603252e-15,2.0017183250447967e-16,0.0,2.619443161838805e-15,3.7603290091838644e-14,converged
2025-01-15T19:00:00+08:00,11.0,1.6250000000000009,32.500000000000014,2.7291666666666665,45.2,45.2,40.2,40.2,50.0,60.0,85.0,36.87502046796826,12.307183799983445,12.02901942668736,12.538817241297458,60.14959937545875,0.8106789868823584,45.2,45.2,44.64942587939074,39.11381113942454,37.98607082625188,37.36563731822566,38.15148917363009,0.26567477500000003,0.2931856782030871,29.567902451803977,30.03612260598706,20.08603008838963,29.162967230742417,24.41252304370378,24.841885674728683,24.48665219618739,24.05570382753751,20.03949010304886,24.866615340274205,24.51120736765789,24.080115350333358,1.0,0.16666666666666666,0.8333333333333334,0.25,0.0,20.08603008838963,24.48665219618739,29.162967230742417,14.463097560974058,23.609571979734508,29.588117671743866,1.0781970083603252e-15,1.9853514424789698e-16,0.0,4.6564032498190265e-15,4.9553317400943096e-14,converged
2025-01-15T19:05:00+08:00,11.083333333333334,1.5,30.0,2.75,45.8,45.8,40.8,40.8,50.0,60.0,85.0,37.425393907788674,12.490873110430956,12.208557030070748,12.72596376728697,61.95850913613749,0.8475225184061655,45.2,45.2,45.2,39.18470972109325,38.070303217384165,37.81342268810047,38.35489228408378,0.2687691,0.29685952554986406,29.56220462295616,30.02968589456416,20.08510425577047,29.159093668153307,24.408982065631253,24.837350545311146,24.48337320346765,24.053739753494316,20.038363467434053,24.862033754943944,24.50788568378976,24.078112048636424,1.0,0.16666666666666666,0.8333333333333334,0.25,0.0,20.08510425577047,24.48337320346765,29.159093668153307,14.250404949783269,23.262372391797246,29.15299829421823,8.373748045898792e-16,1.9607813091276452e-16,0.0,9.013811337907704e-16,4.214396127188574e-14,converged
2025-01-15T19:10:00+08:00,11.166666666666666,1.3749999999999991,27.499999999999982,2.7708333333333335,45.8,45.8,40.8,40.8,50.0,60.0,85.0,37.425393907788674,12.490873110430956,12.208557030070748,12.72596376728697,61.95850913613749,0.8475225184061655,45.2,45.2,45.2,39.18320338355985,38.069110724141936,37.81239114337395,38.3536497722835,0.271863425,0.2969134109639193,29.556214236628463,30.02293497337843,20.08371853374191,29.15497821778202,24.40506044654123,24.832419199563535,24.479735633342376,24.05145808819163,20.036743571858715,24.857056143584234,24.50420558663682,24.075791297028857,1.0,0.16666666666666666,0.8333333333333334,0.25,0.0,20.08371853374191,24.479735633342376,29.15497821778202,14.250404949783269,23.262372391797246,29.15299829421823,8.373748045898792e-16,1.1762552737075407e-15,0.0,1.8024614553282784e-15,4.128707957545338e-14,converged
2025-01-15T19:15:00+08:00,11.25,1.2500000000000009,25.000000000000018,2.7916666666666665,45.8,45.8,40.8,40.8,50.0,60.0,85.0,37.425393907788674,12.490873110430956,12.208557030070748,12.72596376728697,61.95850913613749,0.8475225184061655,45.28995140602601,45.2,45.2,39.24116677457349,38.06779410785234,37.81122865215101,38.372170500687005,0.27495775,0.29741218387982193,29.55010426548394,30.016033783430302,20.082029717790515,29.15076899951892,24.4007597330434,24.827093162812712,24.475740797343672,24.048859938031868,20.034632830976253,24.851684031736816,24.500168387945674,24.073154202108064,1.0,0.16666666666666666,0.8333333333333334,0.25,0.0,20.082029717790515,24.475740797343672,29.15076899951892,14.250404949783269,23.262372391797246,29.15299829421823,8.373748045898792e-16,0.0,0.0,8.131300901978028e-16,5.3600431317862065e-14,converged
2025-01-15T19:20:00+08:00,11.333333333333334,1.125,22.5,2.8125,45.8,45.8,40.8,40.8,50.0,60.0,85.0,37.425393907788674,12.490873110430956,12.208557030070748,12.72596376728697,61.95850913613749,0.8475225184061655,45.8,45.2,45.2,39.57747613594976,38.06635383738852,37.80993573740769,38.483505610714,0.278052075,0.2999663769844865,29.54467662913513,30.009742230117354,20.08076000989138,29.147153526157044,24.396081465463315,24.821373954513437,24.471390002206586,24.045946405563036,20.032033647619627,24.845918939066852,24.495775394662086,24.070201866613967,1.0,0.16666666666666666,0.8333333333333334,0.25,0.0,20.08076000989138,24.471390002206586,29.147153526157044,14.250404949783269,23.262372391797246,29.15299829421823,8.373748045898792e-16,0.0,0.0,1.5707497008868003e-15,4.812184037206558e-14,converged
2025-01-15T19:25:00+08:00,11.416666666666666,0.9999999999999991,19.999999999999982,2.8333333333333335,45.8,45.8,40.8,40.8,50.0,60.0,85.0,37.425393907788674,12.490873110430956,12.208557030070748,12.72596376728697,61.95850913613749,0.8475225184061655,45.8,45.408515312984335,45.2,39.576002532860485,38.20173722921912,37.80851291999147,38.52669346738643,0.2811464,0.3010432957491084,29.53895551488195,30.003135998536756,20.079031929544257,29.143295411234455,24.391424073192272,24.81563910836538,24.467041780944896,24.043058819861116,20.028948412859226,24.839762379385558,24.491027908948574,24.06693538944245,1.0,0.16666666666666666,0.8333333333333334,0.25,0.0,20.079031929544257,24.467041780944896,29.143295411234455,14.250404949783269,23.262372391797246,29.15299829421823,8.373748045898792e-16,3.867062428254711e-16,0.0,1.510876154012395e-15,4.359012103625372e-14,converged
2025-01-15T19:30:00+08:00,11.5,0.8750000000000009,17.500000000000018,2.8541666666666665,45.8,45.8,40.8,40.8,50.0,60.0,85.0,37.425393907788674,12.490873110430956,12.208557030070748,12.72596376728697,61.95850913613749,0.8475225184061655,45.8,45.8,45.30164020469381,39.57441999367914,38.45741111794846,37.87390066130955,38.631802955133615,0.28424072499999997,0.30352214067902555,29.532941922471807,29.99621610432784,20.07684749880004,29.139195363413048,24.387134226450765,24.810217277049883,24.463008361999965,24.040494524556014,20.02557328559418,24.833399457574238,24.48610164810892,24.06352198231228,1.0,0.16666666666666666,0.8333333333333334,0.25,0.0,20.07684749880004,24.463008361999965,29.139195363413048,14.250404949783269,23.262372391797246,29.15299829421823,8.373748045898792e-16,9.588700973057179e-16,0.0,2.3112484203701927e-16,7.245358494420951e-14,converged
2025-01-15T19:35:00+08:00,11.583333333333334,0.75,15.0,2.875,46.4,46.4,41.4,41.4,50.0,60.0,85.0,37.97576734760911,12.674562420878472,12.388094633454145,12.913110293276485,63.79421755993741,0.8854657763811924,45.8,45.8,45.8,39.64589240186816,38.541861023248465,38.28966505426408,38.82458026790869,0.28733505,0.3069596040021183,29.526723406899993,29.989063237355616,20.074331839119655,29.13493009198159,24.38258240245911,24.804510029080742,24.458722835690214,24.03771546202416,20.02280212563739,24.8276525772503,24.48177957393662,24.060709244173445,1.0,0.16666666666666666,0.8333333333333334,0.25,0.0,20.074331839119655,24.458722835690214,29.13493009198159,14.043877341815392,22.925236560032065,28.730491072562888,1.016598691562592e-15,7.585058118991543e-16,0.0,4.026882427212837e-15,4.344791805071332e-14,converged
2025-01-15T19:40:00+08:00,11.666666666666666,0.6249999999999991,12.499999999999982,2.8958333333333335,46.4,46.4,41.4,41.4,50.0,60.0,85.0,37.97576734760911,12.674562420878472,12.388094633454145,12.913110293276485,63.79421755993741,0.8854657763811924,45.8,45.8,45.8,39.64414450622249,38.540345366815984,38.28826787423116,38.82302738690675,0.290429375,0.30702793992393046,29.520214141451422,29.98159850888831,20.07136331647107,29.130424096801768,24.377654070283373,24.798411107322377,24.45408243516203,24.034621661027053,20.01954577233878,24.821514190007587,24.47710276953938,24.057581891416206,1.0,0.16666666666666666,0.8333333333333334,0.25,0.0,20.07136331647107,24.45408243516203,29.130424096801768,14.043877341815392,22.925236560032065,28.730491072562888,1.016598691562592e-15,5.687527421239481e-16,0.0,5.1607724161616916e-15,5.060185842482022e-14,converged
2025-01-15T19:45:00+08:00,11.75,0.5000000000000009,10.000000000000018,2.9166666666666665,46.4,46.4,41.4,41.4,50.0,60.0,85.0,37.97576734760911,12.674562420878472,12.388094633454145,12.913110293276485,63.79421755993741,0.8854657763811924,45.914734718982146,45.8,45.8,39.71874012644986,38.53870832120261,38.28674281640088,38.846871374591416,0.2935237,0.307663788973912,29.51363507250054,29.974031308456777,20.06814187062193,29.125866623153346,24.37235076176948,24.791922021613786,24.44908846012431,24.031214219483154,20.015806603462302,24.814985805968547,24.47207253489655,24.054141022201023,1.0,0.16666666666666666,0.8333333333333334,0.25,0.0,20.06814187062193,24.44908846012431,29.125866623153346,14.043877341815392,22.925236560032065,28.730491072562888,1.016598691562592e-15,1.3243470339917753e-15,0.0,4.378066915732124e-17,6.331973641574415e-14,converged
2025-01-15T19:50:00+08:00,11.833333333333334,0.375,7.5,2.9375,46.4,46.4,41.4,41.4,50.0,60.0,85.0,37.97576734760911,12.674562420878472,12.388094633454145,12.913110293276485,63.79421755993741,0.8854657763811924,46.4,45.8,45.8,40.04033360888828,38.536950345542856,38.28509039193002,38.953069117012745,0.296618025,0.3101176221736525,29.507695182788833,29.967033500200102,20.065306006124523,29.121865539628384,24.36667400253094,24.785044275973792,24.44374220552584,24.027494231480986,20.011586985119315,24.808068929430775,24.466690165223458,24.050387730855228,1.0,0.16666666666666666,0.8333333333333334,0.25,0.0,20.065306006124523,24.44374220552584,29.121865539628384,14.043877341815392,22.925236560032065,28.730491072562888,1.016598691562592e-15,3.7539086302469857e-16,0.0,4.285083272223009e-15,3.709946852381715e-14,converged
2025-01-15T19:55:00+08:00,11.916666666666666,0.2499999999999991,4.999999999999982,2.9583333333333335,46.4,46.4,41.4,41.4,50.0,60.0,85.0,37.97576734760911,12.674562420878472,12.388094633454145,12.913110293276485,63.79421755993741,0.8854657763811924,46.4,46.04897161279616,45.8,40.03862195152213,38.699593658029094,38.28331110989319,39.004948784255,0.29971234999999996,0.3114086447815737,29.501463592567415,29.95972332920853,20.062018692730142,29.117622959561402,24.361100493476602,24.77822956060902,24.438472661090675,24.023870134929513,20.006889271825692,24.800765058889485,24.460956950988848,24.046323107886412,1.0,0.16666666666666666,0.8333333333333334,0.25,0.0,20.062018692730142,24.438472661090675,29.117622959561402,14.043877341815392,22.925236560032065,28.730491072562888,1.016598691562592e-15,7.476691721810748e-16,0.0,1.3191376186895768e-15,7.925252674580687e-14,converged
2025-01-15T20:00:00+08:00,12.0,0.1250000000000009,2.5000000000000178,2.9791666666666665,46.4,46.4,41.4,41.4,50.0,60.0,85.0,37.97576734760911,12.674562420878472,12.388094633454145,12.913110293276485,63.79421755993741,0.8854657763811924,46.4,46.4,45.95234107129245,40.036803611147825,38.9298107134285,38.38234980968415,39.11311780730723,0.30280667499999997,0.313967213893607,29.49494129707814,29.952101805219822,20.058281924103035,29.113139589370032,24.355823233536835,24.77166094772042,24.43345376037157,24.0205075699891,20.002007007682394,24.793351598509254,24.455136300238244,24.04219788582708,1.0,0.16666666666666666,0.8333333333333334,0.25,0.0,20.058281924103035,24.43345376037157,29.113139589370032,14.043877341815392,22.925236560032065,28.730491072562888,1.016598691562592e-15,9.26970370434794e-16,0.0,3.029136174458257e-15,5.286496642486424e-14,converged
2025-01-15T20:05:00+08:00,12.083333333333334,0.0,0.0,3.0,47.0,47.0,42.0,42.0,50.0,60.0,85.0,38.52614078742952,12.858251731325984,12.567632236837536,13.100256819265999,65.65672464685849,0.92452493325525,46.4,46.4,46.4,40.10882263192302,39.01446877750088,38.76662167358018,39.29543687886768,0.305901,0.31717372796737825,29.48821700365912,29.944250796852657,20.054220619806806,29.1084930299592,24.35028849536766,24.76481189121891,24.428186794724237,24.016933336097004,19.997641745007673,24.78646953040727,24.449838752562833,24.038595371563527,1.0,0.08333333333333333,0.8333333333333334,0.25,0.0,20.054220619806806,24.428186794724237,29.1084930299592,13.843250522646603,22.597733180603036,28.320055485811995,9.87760483781531e-16,3.670396112975293e-16,0.0,9.41330919914304e-16,3.766088220102149e-14,converged
2025-01-15T20:10:00+08:00,12.166666666666666,-0.08333333333333393,0.0,3.0069444444444446,47.0,47.0,42.0,42.0,50.0,60.0,85.0,38.52614078742952,12.858251731325984,12.567632236837536,13.100256819265999,65.65672464685849,0.92452493325525,46.4,46.4,46.4,40.106878028845195,39.012680915370915,38.76491319322409,39.29362369645077,0.30726858333333334,0.3172546750737453,29.4813909011111,29.936306976774212,20.04995276744122,29.103753097307965,24.344596117160417,24.757818548518102,24.422776942130437,24.013217095029926,19.993048511507986,24.77944331984355,24.444398442060933,24.034850956705125,1.0,0.08333333333333333,0.8333333333333334,0.25,0.0,20.04995276744122,24.422776942130437,29.103753097307965,13.843250522646603,22.597733180603036,28.320055485811995,9.87760483781531e-16,0.0,0.0,5.2131118438756686e-15,3.925491461259542e-14,converged
2025-01-15T20:15:00+08:00,12.25,-0.16666666666666607,0.0,3.013888888888889,47.0,47.0,42.0,42.0,50.0,60.0,85.0,38.52614078742952,12.858251731325984,12.567632236837536,13.100256819265999,65.65672464685849,0.92452493325525,46.5388099372824,46.4,46.4,40.19792492495264,39.01084390801689,38.76315135457045,39.322812618954885,0.3086361666666666,0.3180198425881298,29.474730148194915,29.928523418925387,20.045719381916534,29.099148772933454,24.33874674111126,24.7506814765363,24.41722472658237,24.009359342798763,19.98822842557996,24.772273523519193,24.438815892587275,24.030965137191302,1.0,0.08333333333333333,0.8333333333333334,0.25,0.0,20.045719381916534,24.41722472658237,29.099148772933454,13.843250522646603,22.597733180603036,28.320055485811995,9.87760483781531e-16,7.321261521263331e-16,0.0,4.4156183040610276e-15,4.838084268305352e-14,converged
2025-01-15T20:20:00+08:00,12.333333333333334,-0.25,0.0,3.0208333333333335,47.0,47.0,42.0,42.0,50.0,60.0,85.0,38.52614078742952,12.858251731325984,12.567632236837536,13.100256819265999,65.65672464685849,0.92452493325525,47.0,46.4,46.4,40.50521077669294,39.008957941213886,38.76133637264987,39.42413810572548,0.31000375,0.3203680331971569,29.46885232110493,29.92148529961467,20.04207617209642,29.095209710273128,24.332741006800156,24.743401230042203,24.41153067015065,24.00536057368192,19.983182600133496,24.764960695985216,24.43309162607435,24.02693840722819,1.0,0.08333333333333333,0.8333333333333334,0.25,0.0,20.04207617209642,24.41153067015065,29.095209710273128,13.843250522646603,22.597733180603036,28.320055485811995,9.87760483781531e-16,1.8168997803112888e-16,0.0,1.5704392530279579e-15,4.945826022253907e-14,converged
2025-01-15T20:25:00+08:00,12.416666666666666,-0.3333333333333339,0.0,3.0277777777777777,47.0,47.0,42.0,42.0,50.0,60.0,85.0,38.52614078742952,12.858251731325984,12.567632236837536,13.100256819265999,65.65672464685849,0.92452493325525,47.0,46.68827201832764,46.4,40.50349810510183,39.198651241593744,38.75946846160886,39.48481128794373,0.3113713333333334,0.32185753249763754,29.462869792476067,29.91435173687421,20.038224565893948,29.091175201684397,24.327131185799804,24.736500989826425,24.406191812802913,24.001694176110757,19.977912142618713,24.75750538965088,24.427226162539473,24.022771259294682,1.0,0.08333333333333333,0.8333333333333334,0.25,0.0,20.038224565893948,24.406191812802913,29.091175201684397,13.843250522646603,22.597733180603036,28.320055485811995,9.87760483781531e-16,1.0850948951563467e-15,0.0,3.2909337532609638e-15,4.4339449607764564e-14,converged
2025-01-15T20:30:00+08:00,12.5,-0.4166666666666661,0.0,3.0347222222222223,47.0,47.0,42.0,42.0,50.0,60.0,85.0,38.52614078742952,12.858251731325984,12.567632236837536,13.100256819265999,65.65672464685849,0.92452493325525,47.0,47.0,46.60159334170256,40.501744594108146,39.404151712596715,38.89192027181308,39.59630078313722,0.31273891666666664,0.32448027407635655,29.456782920077746,29.907123039700952,20.034165484588314,29.0870455267864,24.321959334063013,24.73002072232861,24.401246267134066,23.99839657364775,19.972804481620145,24.75027421282739,24.421567786526644,24.018795400015275,1.0,0.08333333333333333,0.8333333333333334,0.25,0.0,20.034165484588314,24.401246267134066,29.0870455267864,13.843250522646603,22.597733180603036,28.320055485811995,9.87760483781531e-16,0.0,0.0,7.319361775593676e-16,5.192317491159881e-14,converged
2025-01-15T20:35:00+08:00,12.583333333333334,-0.5,0.0,3.0416666666666665,47.4,47.4,42.2,42.2,50.0,60.0,85.0,38.70959860070299,12.919481501475156,12.627478104631999,13.162638994595836,66.28351560097029,0.9377954249842816,47.0,46.99999999999999,47.0,40.52503006764489,39.431660185423716,39.18591905126683,39.713015986731335,0.3141065,0.32686679669782226,29.450621900549123,29.899827063486075,20.02994110131256,29.08284708551648,24.316667513108378,24.723431171532496,24.39619177385634,23.99499004142902,19.968280511623536,24.743658490334727,24.416488906724314,24.01536622091373,1.0,0.08333333333333333,0.8333333333333334,0.25,0.0,20.02994110131256,24.39619177385634,29.08284708551648,13.77764270026439,22.490634919083593,28.18583721336739,1.9568400231246148e-16,3.561552381674208e-16,1.217024189548059e-16,1.6881116978310956e-16,4.1597375205848034e-14,converged
2025-01-15T20:40:00+08:00,12.666666666666666,-0.5833333333333339,0.0,3.048611111111111,47.4,47.4,42.2,42.2,50.0,60.0,85.0,38.70959860070299,12.919481501475156,12.627478104631999,13.162638994595836,66.28351560097029,0.9377954249842816,47.0,46.99999999999999,47.0,40.52321256773327,39.42995240215143,39.18426391499941,39.71128948694946,0.3154740833333334,0.3269442410084138,29.444357157727737,29.892436490482254,20.02551089752755,29.078553964386405,24.31121707178749,24.716696343788286,24.390993622423114,23.991440921424292,19.963529357362084,24.736897607594674,24.411266469677393,24.01179454056932,1.0,0.08333333333333333,0.8333333333333334,0.25,0.0,20.02551089752755,24.390993622423114,29.078553964386405,13.77764270026439,22.490634919083593,28.18583721336739,1.9568400231246148e-16,3.560708745560651e-16,1.217024189548059e-16,5.063197897155954e-16,5.1142674395121364e-14,converged
2025-01-15T20:45:00+08:00,12.75,-0.6666666666666661,0.0,3.0555555555555554,47.4,47.4,42.2,42.2,50.0,60.0,85.0,38.70959860070299,12.919481501475156,12.627478104631999,13.162638994595836,66.28351560097029,0.9377954249842816,47.09778858397884,46.99999999999999,47.0,40.58701829707769,39.42819538677944,39.18255546857683,39.73143081187909,0.31684166666666663,0.3275047648057736,29.438177170938527,29.885129854444717,20.021045074841698,29.07432770031267,24.305608656563408,24.70981680007552,24.385652339877552,23.98774971188311,19.958552133762694,24.729992125474922,24.40590100237718,24.00808085723019,1.0,0.08333333333333333,0.8333333333333334,0.25,0.0,20.021045074841698,24.385652339877552,29.07432770031267,13.77764270026439,22.490634919083593,28.18583721336739,1.9568400231246148e-16,3.554614599148651e-16,1.217024189548059e-16,3.553547390988631e-15,4.061395834244485e-14,converged
2025-01-15T20:50:00+08:00,12.833333333333334,-0.75,0.0,3.0625,47.4,47.4,42.2,42.2,50.0,60.0,85.0,38.70959860070299,12.919481501475156,12.627478104631999,13.162638994595836,66.28351560097029,0.9377954249842816,47.4,46.99999999999999,47.0,40.788196440395694,39.42638932549961,39.180793926804434,39.7973866692297,0.31820925,0.3290706246844759,29.432473922550766,29.87827856744889,20.01689652925688,29.070504472371145,24.299842911264513,24.70279309920754,24.380168451329244,23.98391690931397,19.953349950280675,24.72294260267609,24.400393029880426,24.00422566740239,1.0,0.08333333333333333,0.8333333333333334,0.25,0.0,20.01689652925688,24.380168451329244,29.070504472371145,13.77764270026439,22.490634919083593,28.18583721336739,1.9568400231246148e-16,3.5377002106632214e-16,1.217024189548059e-16,3.1950017359533563e-15,4.733903154836973e-14,converged
2025-01-15T20:55:00+08:00,12.916666666666666,-0.8333333333333339,0.0,3.0694444444444446,47.4,47.4,42.2,42.2,50.0,60.0,85.0,38.70959860070299,12.919481501475156,12.627478104631999,13.162638994595836,66.28351560097029,0.9377954249842816,47.4,47.200749206473304,47.0,40.78649230785687,39.55824167431469,39.17897950360457,39.83921256254451,0.31957683333333337,0.33013195093149017,29.426665385870457,29.871331243272806,20.01254182778361,29.066585464795292,24.294304958781495,24.695990063287983,24.37488854893041,23.980272612456204,19.94792391092658,24.715749595740096,24.394743075316413,24.000229465855963,1.0,0.08333333333333333,0.8333333333333334,0.25,0.0,20.01254182778361,24.37488854893041,29.066585464795292,13.77764270026439,22.490634919083593,28.18583721336739,1.9568400231246148e-16,7.052654037178827e-16,1.217024189548059e-16,4.5964334048348754e-15,4.570527520551396e-14,converged
2025-01-15T21:00:00+08:00,13.0,-0.9166666666666661,0.0,3.076388888888889,47.4,47.4,42.2,42.2,50.0,60.0,85.0,38.70959860070299,12.919481501475156,12.627478104631999,13.162638994595836,66.28351560097029,0.9377954249842816,47.4,47.399999999999984,47.1451330229306,40.78474753517644,39.68922499842378,39.27403840812929,39.91368178068615,0.3209444166666666,0.33192076763483724,29.42075192085073,29.864288192990163,20.007981882110986,29.062570958321324,24.288990222493723,24.68940342259242,24.36980867055756,23.97681313033354,19.942553473343388,24.70867741778077,24.38920223947727,23.99633140043371,1.0,0.08333333333333333,0.8333333333333334,0.25,0.0,20.007981882110986,24.36980867055756,29.062570958321324,13.77764270026439,22.490634919083593,28.18583721336739,1.9568400231246148e-16,1.7536613128559822e-16,1.217024189548059e-16,3.1864039450797317e-15,3.773888731761237e-14,converged
2025-01-15T21:05:00+08:00,13.083333333333334,-1.0,0.0,3.0833333333333335,47.8,47.8,42.4,42.4,50.0,60.0,85.0,38.89305641397645,12.98071127162432,12.68732397242646,13.225021169925668,66.91328418431769,0.9511923013980651,47.4,47.4,47.4,40.8083983651952,39.71702621607183,39.472989457686275,39.99829481438755,0.322312,0.33358627878340286,29.414764216018067,29.857177754869184,20.003259163297084,29.058487752764652,24.2835565284774,24.68270833594153,24.36462072201299,23.97324562867673,19.93749438254884,24.701960757898195,24.38399406113275,23.992745021410798,1.0,0.08333333333333333,0.8333333333333334,0.25,0.0,20.003259163297084,24.36462072201299,29.058487752764652,13.712653819602771,22.384547018521882,28.052885151040194,6.461409359019447e-17,1.2214340106561485e-15,0.0,1.4795521295755273e-15,4.361948905255509e-14,converged
2025-01-15T21:10:00+08:00,13.166666666666666,-1.083333333333334,0.0,3.0902777777777777,47.8,47.8,42.4,42.4,50.0,60.0,85.0,38.89305641397645,12.98071127162432,12.68732397242646,13.225021169925668,66.91328418431769,0.9511923013980651,47.4,47.4,47.4,40.80659003704765,39.71527966455689,39.471270371317175,39.99653698380286,0.32367958333333335,0.3336655021716325,29.408672205562272,29.84997213042226,19.998332835097568,29.054309535557916,24.277964801741238,24.675868390841,24.3592896130298,23.96953610705586,19.9322107424473,24.695099338724987,24.378642808287484,23.98901669612769,1.0,0.0,0.8333333333333334,0.25,0.0,19.998332835097568,24.3592896130298,29.054309535557916,13.712653819602771,22.384547018521882,28.052885151040194,6.461409359019447e-17,1.7444914303285171e-16,0.0,1.7171351585432619e-15,4.393216147627573e-14,converged
2025-01-15T21:15:00+08:00,13.25,-1.166666666666666,0.0,3.0972222222222223,47.8,47.8,42.4,42.4,50.0,60.0,85.0,38.89305641397645,12.98071127162432,12.68732397242646,13.225021169925668,66.91328418431769,0.9511923013980651,47.50298769443177,47.4,47.4,40.87402668106435,39.713484242403325,39.46949848373623,40.017856039908516,0.3250471666666666,0.3342538080203017,29.402674542446057,29.842859492031188,19.99338224168362,29.050206564198167,24.27221568662331,24.668884146888864,24.353815869045384,23.965685061944402,19.92670365541576,24.68809371981279,24.373149006379624,23.985146921099002,1.0,0.0,0.8333333333333334,0.25,0.0,19.99338224168362,24.353815869045384,29.050206564198167,13.712653819602771,22.384547018521882,28.052885151040194,6.461409359019447e-17,3.482842050968169e-16,0.0,3.71336410576713e-15,8.06848578298681e-14,converged
2025-01-15T21:20:00+08:00,13.333333333333334,-1.25,0.0,3.1041666666666665,47.8,47.8,42.4,42.4,50.0,60.0,85.0,38.89305641397645,12.98071127162432,12.68732397242646,13.225021169925668,66.91328418431769,0.9511923013980651,47.8,47.4,47.4,41.07210049126307,39.711640134515,39.46767400767288,40.08274200271426,0.32641475,0.33579710342339664,29.397143507158738,29.836192587809162,19.98874253118214,29.046498132067867,24.26630982483457,24.661756161521396,24.348200013568626,23.961692988080266,19.92097421841934,24.680944458550368,24.367513178917655,23.98113619110259,1.0,0.0,0.8333333333333334,0.25,0.0,19.98874253118214,24.348200013568626,29.046498132067867,13.712653819602771,22.384547018521882,28.052885151040194,6.461409359019447e-17,1.73341760009392e-16,0.0,2.4789575815654365e-15,3.866660925738487e-14,converged
2025-01-15T21:25:00+08:00,13.416666666666666,-1.333333333333334,0.0,3.111111111111111,47.8,47.8,42.4,42.4,50.0,60.0,85.0,38.89305641397645,12.98071127162432,12.68732397242646,13.225021169925668,66.91328418431769,0.9511923013980651,47.8,47.60923623851825,47.4,41.0704054080734,39.84937622544944,39.46579715498218,40.12646902658826,0.3277823333333334,0.33690255365198724,29.391506604245645,29.829429059904438,19.983898844079345,29.04269358926156,24.260648932820054,24.654864979400383,24.34280357636337,23.957904211523424,19.91502352303783,24.67365211017195,24.361735847487488,23.976984999185625,1.0,0.0,0.8333333333333334,0.25,0.0,19.983898844079345,24.34280357636337,29.04269358926156,13.712653819602771,22.384547018521882,28.052885151040194,6.461409359019447e-17,5.183189644824831e-16,0.0,5.6488859198155755e-15,6.97373360799982e-14,converged
2025-01-15T21:30:00+08:00,13.5,-1.416666666666666,0.0,3.1180555555555554,47.8,47.8,42.4,42.4,50.0,60.0,85.0,38.89305641397645,12.98071127162432,12.68732397242646,13.225021169925668,66.91328418431769,0.9511923013980651,47.8,47.8,47.55576918791678,41.068669879344874,39.974916468444746,39.56809691199306,40.20162788677562,0.32914991666666665,0.33870699034913915,29.385764195818755,29.822569221444613,19.9788520827356,29.03879321762454,24.255195856324978,24.648175468453463,24.33759327582888,23.954287117779728,19.909151660239296,24.6665005532403,24.356086701106797,23.972950197173198,1.0,0.0,0.8333333333333334,0.25,0.0,19.9788520827356,24.33759327582888,29.03879321762454,13.712653819602771,22.384547018521882,28.052885151040194,6.461409359019447e-17,1.7185255271368021e-16,0.0,2.250831197986372e-15,3.532876565165835e-14,converged
2025-01-15T21:35:00+08:00,13.583333333333334,-1.5,0.0,3.125,48.2,48.2,42.6,42.6,50.0,60.0,85.0,39.07651422724993,13.041941041773494,12.747169840220927,13.287403345255507,67.54603039690079,0.9647161614761515,47.8,47.8,47.8,41.09268036896275,40.003007235568845,39.76051675671174,40.284234570654576,0.3305175,0.3403246099660986,29.379947451474013,29.815641882960236,19.973645014363807,29.034824208412225,24.249624808672973,24.64137832855945,24.33227576238665,23.950562894895512,19.903573999737972,24.65968631916783,24.350753011714993,23.969210777372478,1.0,0.0,0.8333333333333334,0.25,0.0,19.973645014363807,24.33227576238665,29.034824208412225,13.64827516317271,22.279455248481874,27.921181464885073,1.9202643802933943e-16,2.0524285065108548e-15,0.0,8.830115065161844e-16,4.445331993104532e-14,converged
2025-01-15T21:40:00+08:00,13.666666666666666,-1.583333333333334,0.0,3.1319444444444446,48.2,48.2,42.6,42.6,50.0,60.0,85.0,39.07651422724993,13.041941041773494,12.747169840220927,13.287403345255507,67.54603039690079,0.9647161614761515,47.8,47.8,47.8,41.09088170410505,40.00122355317645,39.75873631320694,40.28244698914205,0.3318850833333334,0.34040555421412666,29.374025826567333,29.80861877583569,19.96823648727991,29.030759858428993,24.243896297918717,24.634436735505677,24.326815572280687,23.946697205438237,19.897774345343812,24.65272771399021,24.345276716978976,23.965329952152704,1.0,0.0,0.8333333333333334,0.25,0.0,19.96823648727991,24.326815572280687,29.030759858428993,13.64827516317271,22.279455248481874,27.921181464885073,1.9202643802933943e-16,1.3679603095278007e-15,0.0,2.333871188040661e-16,3.816583783109894e-14,converged
2025-01-15T21:45:00+08:00,13.75,-1.666666666666666,0.0,3.138888888888889,48.2,48.2,42.6,42.6,50.0,60.0,85.0,39.07651422724993,13.041941041773494,12.747169840220927,13.287403345255507,67.54603039690079,0.9647161614761515,47.90813798694618,47.8,47.8,41.16192897908041,39.999391353925155,39.756903564680066,40.30493841563808,0.33325266666666664,0.34102138411305627,29.36820806924392,29.80169763677299,19.96281491779083,29.026779078565003,24.238010966344635,24.627351247556454,24.32121322939047,23.942690544152427,19.89175378726251,24.645625295989237,24.339658340830393,23.96130821634114,1.0,0.0,0.8333333333333334,0.25,0.0,19.96281491779083,24.32121322939047,29.026779078565003,13.64827516317271,22.279455248481874,27.921181464885073,1.9202643802933943e-16,5.120587472676223e-16,0.0,3.93817915780434e-15,5.558755299167412e-14,converged
2025-01-15T21:50:00+08:00,13.833333333333334,-1.75,0.0,3.1458333333333335,48.2,48.2,42.6,42.6,50.0,60.0,85.0,39.07651422724993,13.041941041773494,12.747169840220927,13.287403345255507,67.54603039690079,0.9647161614761515,48.2,47.8,47.8,41.356915859072515,39.99751082145818,39.75501872183793,40.36876169435838,0.33462025,0.3425422434359829,29.362846909661346,29.79521269344521,19.957697843093353,29.023184406296807,24.231969453613328,24.620122420818593,24.3154692556719,23.938543404052346,19.885513410345784,24.638379621287836,24.33389840527597,23.957146063033488,1.0,0.0,0.8333333333333334,0.25,0.0,19.957697843093353,24.3154692556719,29.023184406296807,13.64827516317271,22.279455248481874,27.921181464885073,1.9202643802933943e-16,1.6992841621400114e-16,0.0,1.626068561243608e-15,3.8780487576758404e-14,converged
2025-01-15T21:55:00+08:00,13.916666666666666,-1.833333333333334,0.0,3.1527777777777777,48.2,48.2,42.6,42.6,50.0,60.0,85.0,39.07651422724993,13.041941041773494,12.747169840220927,13.287403345255507,67.54603039690079,0.9647161614761515,48.2,48.01764358012145,47.8,41.355230306846735,40.14109868008577,39.753081994521466,40.41438044788327,0.3359878333333334,0.34369143501431004,29.3573793104638,29.788630547110806,19.952378911430802,29.019493294975653,24.226189941648848,24.61314640121725,24.309960003322026,23.93461422886878,19.879054294117683,24.63099124385841,24.327997430404583,23.952843983599916,1.0,0.0,0.8333333333333334,0.25,0.0,19.952378911430802,24.309960003322026,29.019493294975653,13.64827516317271,22.279455248481874,27.921181464885073,1.9202643802933943e-16,0.0,0.0,2.0225670130701877e-15,5.104612371654623e-14,converged
2025-01-15T22:00:00+08:00,14.0,-1.916666666666666,0.0,3.1597222222222223,48.2,48.2,42.6,42.6,50.0,60.0,85.0,39.07651422724993,13.041941041773494,12.747169840220927,13.287403345255507,67.54603039690079,0.9647161614761515,48.2,48.2,47.9663054828092,41.35350449918392,40.26122713092298,39.86258382716706,40.49022613063397,0.33735541666666663,0.3455113261550085,29.35180563589745,29.781951512928583,19.946859016089686,29.01570602754791,24.220602949799215,24.606357432188982,24.30462309711011,23.930843695581117,19.872697002801903,24.623763456233608,24.322243549641136,23.94867639695216,1.0,0.0,0.8333333333333334,0.25,0.0,19.946859016089686,24.30462309711011,29.01570602754791,13.64827516317271,22.279455248481874,27.921181464885073,1.9202643802933943e-16,1.3477453618953934e-15,0.0,6.51295988932129e-16,5.332873283911514e-14,converged
2025-01-15T22:05:00+08:00,14.083333333333334,-2.0,0.0,3.1666666666666665,48.6,48.6,42.8,42.8,50.0,60.0,85.0,39.2599720405234,13.103170811922665,12.80701570801539,13.349785520585346,68.18175423871958,0.9783676041980879,48.2,48.2,48.2,41.37786901829927,40.28960424918785,40.04850823616169,40.570835705061036,0.338723,0.34708134827683484,29.34615752604789,29.775204863310247,19.941181218555997,29.011850178445698,24.2148989489845,24.599461631315425,24.299179815482113,23.926966904090065,19.86661684503775,24.616854923478183,24.316788045200827,23.944788001697205,1.0,0.0,0.8333333333333334,0.25,0.0,19.941181218555997,24.299179815482113,29.011850178445698,13.584498176428914,22.175345644517005,27.790708654301497,6.341199716826143e-17,8.385305232109523e-16,0.0,6.075266685097661e-16,3.864506613384876e-14,converged
2025-01-15T22:10:00+08:00,14.166666666666666,-2.083333333333334,0.0,3.173611111111111,48.6,48.6,42.8,42.8,50.0,60.0,85.0,39.2599720405234,13.103170811922665,12.80701570801539,13.349785520585346,68.18175423871958,0.9783676041980879,48.2,48.2,48.2,41.376080480253705,40.2877850217238,40.04666894312676,40.56901989730459,0.34009058333333336,0.3471639566700943,29.340403968012374,29.768361869890338,19.935304054071796,29.007898662120663,24.209038037113967,24.59242176969301,24.293594327345453,23.922949185296886,19.86031717149844,24.609802395352215,24.31119039130069,23.94075872802831,1.0,0.0,0.8333333333333334,0.25,0.0,19.935304054071796,24.293594327345453,29.007898662120663,13.584498176428914,22.175345644517005,27.790708654301497,6.341199716826143e-17,6.706647944882302e-16,0.0,9.260197623556342e-16,3.249863759903873e-14,converged
2025-01-15T22:15:00+08:00,14.25,-2.166666666666666,0.0,3.1805555555555554,48.6,48.6,42.8,42.8,50.0,60.0,85.0,39.2599720405234,13.103170811922665,12.80701570801539,13.349785520585346,68.18175423871958,0.9783676041980879,48.313240145885686,48.2,48.2,41.450718216764585,40.28591762370325,40.0447778288828,40.59267832590012,0.3414581666666666,0.34780705637860615,29.334763727553867,29.761629760227876,19.9294249414504,29.00403897643051,24.20302085448199,24.58523840429895,24.28786715506849,23.91879103226327,19.853799060586468,24.6026064289127,24.305451110411475,23.936589069130605,1.0,0.0,0.8333333333333334,0.25,0.0,19.9294249414504,24.28786715506849,29.00403897643051,13.584498176428914,22.175345644517005,27.790708654301497,6.341199716826143e-17,1.0041370900210603e-15,0.0,2.2769496539000172e-15,4.929456490309104e-14,converged
2025-01-15T22:20:00+08:00,14.333333333333334,-2.25,0.0,3.1875,48.6,48.6,42.8,42.8,50.0,60.0,85.0,39.2599720405234,13.103170811922665,12.80701570801539,13.349785520585346,68.18175423871958,0.9783676041980879,48.6,48.2,48.2,41.6426354424067,40.28400223753539,40.04283510216579,40.65544604313281,0.34282575,0.3493056074153909,29.32957013433104,29.75532438345393,19.923843942346373,29.000557031265615,24.196848038770156,24.57791208995701,24.281998819100764,23.914492936325836,19.84706358540652,24.59526757906162,24.299570723083587,23.932279516462685,1.0,0.0,0.8333333333333334,0.25,0.0,19.923843942346373,24.281998819100764,29.000557031265615,13.584498176428914,22.175345644517005,27.790708654301497,6.341199716826143e-17,4.999146278597877e-16,0.0,4.403666231059904e-15,4.480098808736332e-14,converged
2025-01-15T22:25:00+08:00,14.416666666666666,-2.333333333333334,0.0,3.1944444444444446,48.6,48.6,42.8,42.8,50.0,60.0,85.0,39.2599720405234,13.103170811922665,12.80701570801539,13.349785520585346,68.18175423871958,0.9783676041980879,48.6,48.42597234843865,48.2,41.640959875196,40.433410062131145,40.0408409708541,40.70294714389503,0.34419333333333335,0.3504981628657995,29.324269536771652,29.748921231458244,19.918063147781336,28.99697832133517,24.190954110761563,24.570854453938583,24.27638038020155,23.910427350480404,19.840111813791502,24.587786398554275,24.29354974795415,23.927830559762654,1.0,0.0,0.8333333333333334,0.25,0.0,19.918063147781336,24.27638038020155,28.99697832133517,13.584498176428914,22.175345644517005,27.790708654301497,6.341199716826143e-17,0.0,0.0,7.594550513572217e-17,2.786434836367769e-14,converged
2025-01-15T22:30:00+08:00,14.5,-2.416666666666666,0.0,3.201388888888889,48.6,48.6,42.8,42.8,50.0,60.0,85.0,39.2599720405234,13.103170811922665,12.80701570801539,13.349785520585346,68.18175423871958,0.9783676041980879,48.6,48.6,48.376743307655886,41.639244238301124,40.548157778692676,40.15750629093417,40.779476809347564,0.3455609166666666,0.35233334562508584,29.31886230123164,29.742420621408357,19.91208344221646,28.99330313067862,24.185237511791424,24.563969350347406,24.270920592796642,23.90650745573504,19.833284624979097,24.580485444141573,24.287694620675893,23.923534049692233,1.0,0.0,0.8333333333333334,0.25,0.0,19.91208344221646,24.270920592796642,28.99330313067862,13.584498176428914,22.175345644517005,27.790708654301497,6.341199716826143e-17,8.260311099734165e-16,0.0,2.3313361357076655e-15,5.363596181393943e-14,converged
2025-01-15T22:35:00+08:00,14.583333333333334,-2.5,0.0,3.2083333333333335,49.0,49.0,43.0,43.0,50.0,60.0,85.0,39.44342985379687,13.164400582071835,12.866861575809853,13.412167695915183,68.82045570977407,0.9921472285434239,48.6,48.6,48.6,41.66395722346948,40.576818048446945,40.336970740282105,40.85809843686811,0.3469285,0.35385606188902025,29.31338052793865,29.735852277443826,19.90594817942473,28.989559408812223,24.17940484219572,24.556978192526397,24.265355248088763,23.902482154632374,19.826717576996263,24.573485802580432,24.282120907700627,23.91950065242058,1.0,0.0,0.8333333333333334,0.25,0.0,19.90594817942473,24.265355248088763,28.989559408812223,13.521314463980408,22.07220450198437,27.661449544281492,2.5129395974625856e-16,3.2899061049135314e-16,0.0,2.531949775430807e-15,4.832941695427088e-14,converged
2025-01-15T22:40:00+08:00,14.666666666666666,-2.583333333333334,0.0,3.2152777777777777,49.0,49.0,43.0,43.0,50.0,60.0,85.0,39.44342985379687,13.164400582071835,12.866861575809853,13.412167695915183,68.82045570977407,0.9921472285434239,48.6,48.6,48.6,41.66217924884974,40.574964811672814,40.33507502265226,40.85625587413501,0.3482960833333334,0.3539402791820464,29.30779274607376,29.729187021599078,19.899615584033597,28.985719695939096,24.173415796466678,24.54984335381078,24.259648153723045,23.898316451683364,19.819933416246446,24.566342529245738,24.276405488186445,23.915326890203705,1.0,0.0,0.8333333333333334,0.25,0.0,19.899615584033597,24.259648153723045,28.985719695939096,13.521314463980408,22.07220450198437,27.661449544281492,2.5129395974625856e-16,6.5782465954974e-16,0.0,2.668208093442736e-15,3.522860968166613e-14,converged
2025-01-15T22:45:00+08:00,14.75,-2.666666666666666,0.0,3.2222222222222223,49.0,49.0,43.0,43.0,50.0,60.0,85.0,39.44342985379687,13.164400582071835,12.866861575809853,13.412167695915183,68.82045570977407,0.9921472285434239,48.718294842881576,48.6,48.6,41.740387392395476,40.57306374336575,40.333127955615204,40.88107593064824,0.34966366666666665,0.3546103981524349,29.302327662330306,29.72264149965761,19.893292008519293,28.981980011209565,24.16727101297655,24.542565389936104,24.25379983060245,23.894010838312024,19.812933209686825,24.559056180013624,24.270548883187757,23.911013254628863,1.0,0.0,0.8333333333333334,0.25,0.0,19.893292008519293,24.25379983060245,28.981980011209565,13.521314463980408,22.07220450198437,27.661449544281492,2.5129395974625856e-16,4.92436159938372e-16,0.0,1.9312963349301514e-15,5.178801029541332e-14,converged
2025-01-15T22:50:00+08:00,14.833333333333334,-2.75,0.0,3.2291666666666665,49.0,49.0,43.0,43.0,50.0,60.0,85.0,39.44342985379687,13.164400582071835,12.866861575809853,13.412167695915183,68.82045570977407,0.9921472285434239,49.0,48.6,48.6,41.92925211341526,40.57111502472682,40.33112974598638,40.94279512283661,0.35103125,0.35608676809238016,29.29729935401084,29.716513322506565,19.887260172848187,28.978609763801416,24.16097112749157,24.535144854488422,24.24781079771573,23.889565804222325,19.805718019031236,24.551627308608904,24.26455161184306,23.90656023556167,1.0,0.0,0.8333333333333334,0.25,0.0,19.887260172848187,24.24781079771573,28.978609763801416,13.521314463980408,22.07220450198437,27.661449544281492,2.5129395974625856e-16,6.538592964326774e-16,0.0,2.2029347109986013e-15,3.5859311531729026e-14,converged
2025-01-15T22:55:00+08:00,14.916666666666666,-2.833333333333334,0.0,3.236111111111111,49.0,49.0,43.0,43.0,50.0,60.0,85.0,39.44342985379687,13.164400582071835,12.866861575809853,13.412167695915183,68.82045570977407,0.9921472285434239,49.0,48.834223639841255,48.6,41.92758695878673,40.72631118721932,40.32908059973158,40.9921692084915,0.3523988333333334,0.3573223150037246,29.29216348382448,29.710286804957732,19.881030546570297,28.975142428578316,24.154966874467654,24.528008737525404,24.242086711801498,23.885367704495028,19.798288900775933,24.544056466613398,24.258414191381984,23.901968321152133,1.0,0.0,0.8333333333333334,0.25,0.0,19.881030546570297,24.242086711801498,28.975142428578316,13.521314463980408,22.07220450198437,27.661449544281492,2.5129395974625856e-16,3.25799192881982e-16,0.0,2.3854895800741424e-15,4.5157515873318846e-14,converged
2025-01-15T23:00:00+08:00,15.0,-2.916666666666666,0.0,3.2430555555555554,49.0,49.0,43.0,43.0,50.0,60.0,85.0,39.44342985379687,13.164400582071835,12.866861575809853,13.412167695915183,68.82045570977407,0.9921472285434239,49.0,49.0,48.78708403645748,41.92588191602484,40.83570899773242,40.4528710097672,41.0693799979303,0.35376641666666664,0.35917262922956406,29.286920420212713,29.70396226616508,19.8746040055638,28.971578290664752,24.149124862801276,24.52103073631757,24.236507677705703,23.88130243432175,19.791006892731446,24.536685326946344,24.252461219120185,23.897546660011155,1.0,0.0,0.8333333333333334,0.25,0.0,19.8746040055638,24.236507677705703,28.971578290664752,13.521314463980408,22.07220450198437,27.661449544281492,2.5129395974625856e-16,0.0,0.0,3.387254325725711e-16,3.905456637775308e-14,converged
2025-01-15T23:05:00+08:00,15.083333333333334,-3.0,0.0,3.25,49.4,49.4,43.2,43.2,50.0,60.0,85.0,39.626887667070356,13.22563035222101,12.926707443604322,13.474549871245026,69.46213481006424,1.006055633491708,49.0,49.0,49.0,41.95093787029849,40.864649219602114,40.625910686466476,41.14602276507651,0.355134,0.3606483289038003,29.28160271342422,29.697569872065014,19.868024193805066,28.967945666735446,24.143167695513643,24.51394743942103,24.230823885428304,23.87713259090572,19.783968109072827,24.529597682845978,24.246772816608974,23.893372144172275,1.0,0.0,0.8333333333333334,0.25,0.0,19.868024193805066,24.230823885428304,28.967945666735446,13.458715785906419,21.970018370030733,27.533387277872773,6.224313748108925e-17,0.0,1.1888523333085209e-16,5.6631051255423e-16,3.2379876810312356e-14,converged
2025-01-15T23:10:00+08:00,15.166666666666666,-3.083333333333334,0.0,3.2569444444444446,49.4,49.4,43.2,43.2,50.0,60.0,85.0,39.626887667070356,13.22563035222101,12.926707443604322,13.474549871245026,69.46213481006424,1.006055633491708,49.0,49.0,49.0,41.94917086986621,40.86276346070702,40.62396088911282,41.14415486693628,0.35650158333333337,0.3607341012867196,29.276178444839296,29.69108000501877,19.861249027852985,28.964216730681756,24.137054670328197,24.506720829242617,24.22499878734869,23.87282285758303,19.77671454267413,24.522366758737704,24.24094313781856,23.889057763614353,1.0,0.0,0.8333333333333334,0.25,0.0,19.861249027852985,24.22499878734869,28.964216730681756,13.458715785906419,21.970018370030733,27.533387277872773,6.224313748108925e-17,4.840767260914097e-16,1.1888523333085209e-16,4.798155795735242e-17,3.5228420666991045e-14,converged
2025-01-15T23:15:00+08:00,15.25,-3.166666666666666,0.0,3.263888888888889,49.4,49.4,43.2,43.2,50.0,60.0,85.0,39.626887667070356,13.22563035222101,12.926707443604322,13.474549871245026,69.46213481006424,1.006055633491708,49.12330273712748,49.0,49.0,42.03092948143393,40.86083020221683,40.621960202497114,41.17013117284399,0.3578691666666666,0.3614309925981073,29.270886186258696,29.6847186572202,19.854493725777527,28.96059595801128,24.130786423759332,24.49935146032057,24.21903290294912,23.868373724184238,19.769247249395157,24.51499310935964,24.234972702430568,23.884604008370104,1.0,0.0,0.8333333333333334,0.25,0.0,19.854493725777527,24.21903290294912,28.96059595801128,13.458715785906419,21.970018370030733,27.533387277872773,6.224313748108925e-17,4.831433560391264e-16,1.1888523333085209e-16,4.524502405263215e-16,5.722043797498356e-14,converged
2025-01-15T23:20:00+08:00,15.333333333333334,-3.25,0.0,3.2708333333333335,49.4,49.4,43.2,43.2,50.0,60.0,85.0,39.626887667070356,13.22563035222101,12.926707443604322,13.474549871245026,69.46213481006424,1.006055633491708,49.4,49.0,49.0,42.21675872235836,40.85884962414974,40.619908831562945,41.23080879194197,0.35923675,0.36288530802259106,29.266020909106416,29.678765340034076,19.84802379819968,28.95733638263791,24.12436358972195,24.491839885047394,24.21292674980209,23.86378567882473,19.761567279905158,24.507477287302127,24.228862028214976,23.88001136675535,1.0,0.0,0.8333333333333334,0.25,0.0,19.84802379819968,24.21292674980209,28.95733638263791,13.458715785906419,21.970018370030733,27.533387277872773,6.224313748108925e-17,4.812070890716007e-16,1.1888523333085209e-16,2.4245258903248863e-16,3.3370563819273544e-14,converged
2025-01-15T23:25:00+08:00,15.416666666666666,-3.333333333333334,0.0,3.2777777777777777,49.4,49.4,43.2,43.2,50.0,60.0,85.0,39.626887667070356,13.22563035222101,12.926707443604322,13.474549871245026,69.46213481006424,1.006055633491708,49.4,49.24239853039754,49.0,42.21510438243669,41.019802670979026,40.61780698041209,41.28204652171632,0.36060433333333336,0.3641634789641727,29.26104751967189,29.6727131242434,19.841358029666242,28.9539793990614,24.11825299257111,24.484628339044285,24.207100469311726,23.859458872697676,19.753675679708355,24.499819843016027,24.222611631037168,23.875280325375044,1.0,0.0,0.8333333333333334,0.25,0.0,19.841358029666242,24.207100469311726,28.9539793990614,13.458715785906419,21.970018370030733,27.533387277872773,6.224313748108925e-17,1.5983936961233286e-16,1.1888523333085209e-16,1.1223211853049177e-15,5.670349925310303e-14,converged
2025-01-15T23:30:00+08:00,15.5,-3.416666666666666,0.0,3.2847222222222223,49.4,49.4,43.2,43.2,50.0,60.0,85.0,39.626887667070356,13.22563035222101,12.926707443604322,13.474549871245026,69.46213481006424,1.006055633491708,49.4,49.4,49.19732901777017,42.21341033187258,41.12388117545312,40.74868427556659,41.35993555903992,0.3619719166666666,0.3660287671260712,29.255966388458166,29.666562330966453,19.83449728770866,28.950525293483267,24.112289651569785,24.477560592628667,24.201405735022067,23.85525212296818,19.74595349052078,24.492381419215448,24.216564130901407,23.870737198501548,1.0,0.0,0.8333333333333334,0.25,0.0,19.83449728770866,24.201405735022067,28.950525293483267,13.458715785906419,21.970018370030733,27.533387277872773,6.224313748108925e-17,3.1804965150959817e-16,1.1888523333085209e-16,1.740437867747987e-15,4.114853994989347e-14,converged
2025-01-15T23:35:00+08:00,15.583333333333334,-3.5,0.0,3.2916666666666665,49.8,49.8,43.4,43.4,50.0,60.0,85.0,39.81034548034382,13.286860122370179,12.986553311398783,13.53693204657486,70.10679153959006,1.0200934180224874,49.4,49.4,49.4,42.23880382460567,41.15309815185771,40.9153340814015,41.434608478074715,0.3633395,0.36745773713908625,29.250810505834966,29.66034355822238,19.827485504332135,28.947002741974043,24.106212047123286,24.47038829039518,24.195607023060315,23.850941614732566,19.73845768578619,24.485208797207022,24.21076447226991,23.866425359419374,1.0,0.0,0.8333333333333334,0.25,0.0,19.827485504332135,24.195607023060315,28.947002741974043,13.396694054174136,21.868774045744882,27.406505308850328,1.2334157966054493e-16,6.336256394180674e-16,0.0,8.578572311870784e-16,4.069422871683971e-14,converged
2025-01-15T23:40:00+08:00,15.666666666666666,-3.583333333333334,0.0,3.298611111111111,49.8,49.8,43.4,43.4,50.0,60.0,85.0,39.81034548034382,13.286860122370179,12.986553311398783,13.53693204657486,70.10679153959006,1.0200934180224874,49.4,49.4,49.4,42.237048184290124,41.15118131088794,40.91333247165621,41.43271661406454,0.36470708333333335,0.36754501220475516,29.24554751527569,29.654026758408744,19.820280290653486,28.94338355988654,24.099979086754498,24.46307303055919,24.18966743645944,23.846491715307188,19.730749357428152,24.477893235424414,24.204823955253737,23.86197414288999,1.0,0.0,0.8333333333333334,0.25,0.0,19.820280290653486,24.18966743645944,28.94338355988654,13.396694054174136,21.868774045744882,27.406505308850328,1.2334157966054493e-16,4.751063868147985e-16,0.0,3.411803327816643e-15,4.266666540104026e-14,converged
2025-01-15T23:45:00+08:00,15.75,-3.666666666666666,0.0,3.3055555555555554,49.8,49.8,43.4,43.4,50.0,60.0,85.0,39.81034548034382,13.286860122370179,12.986553311398783,13.53693204657486,70.10679153959006,1.0200934180224874,49.52826447566606,49.4,49.4,42.322337440856664,41.14921729536302,40.91128042148109,41.45984378798917,0.3660746666666666,0.3682684324981818,29.24042577871727,29.647847199122044,19.813105663030196,28.939880614878966,24.093591405182607,24.45561536650486,24.183587493324676,23.841902912972415,19.722829550547313,24.4704352875095,24.198743098204265,23.857384037433977,1.0,0.0,0.8333333333333334,0.25,0.0,19.813105663030196,24.183587493324676,28.939880614878966,13.396694054174136,21.868774045744882,27.406505308850328,1.2334157966054493e-16,3.1611539723136485e-16,0.0,1.7965500134215967e-16,4.6844091768491546e-14,converged
2025-01-15T23:50:00+08:00,15.833333333333334,-3.75,0.0,3.3125,49.8,49.8,43.4,43.4,50.0,60.0,85.0,39.81034548034382,13.286860122370179,12.986553311398783,13.53693204657486,70.10679153959006,1.0200934180224874,49.8,49.4,49.4,42.505148101940655,41.14720628414284,40.90917813399521,41.51948670308555,0.36744225,0.36970081937757343,29.235721306541873,29.642066429372797,19.806210053591727,28.93673068964598,24.0870496345336,24.44801584947422,24.17736770985578,23.837175694298196,19.714699305104965,24.46283550495976,24.192522417565364,23.852655529859636,1.0,0.0,0.8333333333333334,0.25,0.0,19.806210053591727,24.17736770985578,28.93673068964598,13.396694054174136,21.868774045744882,27.406505308850328,1.2334157966054493e-16,1.5744531216204916e-16,0.0,1.1380741065291458e-15,3.821970610989713e-14,converged
2025-01-15T23:55:00+08:00,15.916666666666666,-3.833333333333334,0.0,3.3194444444444446,49.8,49.8,43.4,43.4,50.0,60.0,85.0,39.81034548034382,13.286860122370179,12.986553311398783,13.53693204657486,70.10679153959006,1.0200934180224874,49.8,49.65049807634041,49.4,42.503504954413465,41.313884937027865,40.90702581148347,41.57257875921124,0.3688098333333334,0.3710212518146623,29.230908178707704,29.636186209711717,19.79912049905785,28.933483038480166,24.080836566679796,24.440731844746725,24.171442602058967,23.832723901807395,19.70635965594832,24.45509443713659,24.186162427880426,23.847789105268994,1.0,0.0,0.8333333333333334,0.25,0.0,19.79912049905785,24.171442602058967,28.933483038480166,13.396694054174136,21.868774045744882,27.406505308850328,1.2334157966054493e-16,0.0,0.0,7.519502539443266e-15,3.326803486799029e-14,converged
2025-01-16T00:00:00+08:00,16.0,-3.916666666666666,0.0,3.326388888888889,49.8,49.8,43.4,43.4,50.0,60.0,85.0,39.81034548034382,13.286860122370179,12.986553311398783,13.53693204657486,70.10679153959006,1.0200934180224874,49.8,49.8,49.60747957529197,42.50182226981208,41.412674508709536,41.044951981340375,41.65114315234536,0.37017741666666665,0.37290135895326043,29.225986767755607,29.63020686319947,19.791837858843635,28.930137948652042,24.074755871327724,24.433577422985863,24.165635628005063,23.828379480098313,19.698211495779052,24.44759155182716,24.180023634435077,23.843128112798894,1.0,0.0,0.8333333333333334,0.25,0.0,19.791837858843635,24.165635628005063,28.930137948652042,13.396694054174136,21.868774045744882,27.406505308850328,1.2334157966054493e-16,1.560939897801852e-16,0.0,2.661312668277517e-15,3.0933102062359364e-14,converged
2025-01-16T00:05:00+08:00,16.083333333333332,-4.0,0.0,3.3333333333333335,50.2,50.2,43.6,43.6,50.0,60.0,85.0,39.9938032936173,13.34808989251935,13.046399179193248,13.599314221904697,70.75442589835158,1.0342611811153124,49.8,49.8,49.8,42.52754793643359,41.4421650453036,41.20524653665782,41.723855162941014,0.371545,0.37428388392233075,29.220990494492018,29.6241594104355,19.784406350723795,28.92672444802465,24.06856178237531,24.426319167003914,24.159725438549835,23.823932096589623,19.69027295685138,24.440336896839188,24.174116069407937,23.838682659499472,1.0,0.0,0.8333333333333334,0.25,0.0,19.784406350723795,24.159725438549835,28.92672444802465,13.33524132915499,21.76845856847082,27.280787394589545,1.222126008887173e-16,9.331044709188653e-16,0.0,4.8250574689557785e-15,3.741393141539353e-14,converged
2025-01-16T00:10:00+08:00,16.166666666666668,-4.083333333333332,0.0,3.3402777777777777,50.2,50.2,43.6,43.6,50.0,60.0,85.0,39.9938032936173,13.34808989251935,13.046399179193248,13.599314221904697,70.75442589835158,1.0342611811153124,49.8,49.8,49.8,42.52580401831555,41.440218516551155,41.20319530676049,41.721940654178844,0.3729125833333333,0.3743726106341177,29.215886574161203,29.61801338335108,19.77678328307404,28.92321400102559,24.062212823633274,24.418918297466707,24.153674793222432,23.81934580767291,19.68212408452177,24.432939631071537,24.168068051815293,23.83409830335292,1.0,0.0,0.8333333333333334,0.25,0.0,19.77678328307404,24.153674793222432,28.92321400102559,13.33524132915499,21.76845856847082,27.280787394589545,1.222126008887173e-16,6.219222161030898e-16,0.0,3.4165914531061977e-15,3.6344336842486794e-14,converged
2025-01-16T00:15:00+08:00,16.25,-4.166666666666668,0.0,3.3472222222222223,50.2,50.2,43.6,43.6,50.0,60.0,85.0,39.9938032936173,13.34808989251935,13.046399179193248,13.599314221904697,70.75442589835158,1.0342611811153124,49.933180693667595,49.8,49.8,42.6146042132884,41.438225131568366,41.20109407428607,41.75021331331539,0.3742801666666667,0.37512232004884105,29.210933084704248,29.612013254732226,19.769201403984884,28.91982780397506,24.055709628086667,24.4113753666465,24.147484208793735,23.81462110012072,19.67376591346052,24.425400307110575,24.161880098719852,23.829375531409184,1.0,0.0,0.8333333333333334,0.25,0.0,19.769201403984884,24.147484208793735,28.91982780397506,13.33524132915499,21.76845856847082,27.280787394589545,1.222126008887173e-16,7.758490737886344e-16,0.0,1.5793060978131945e-16,6.282773293217554e-14,converged
2025-01-16T00:20:00+08:00,16.333333333333332,-4.25,0.0,3.3541666666666665,50.2,50.2,43.6,43.6,50.0,60.0,85.0,39.9938032936173,13.34808989251935,13.046399179193248,13.599314221904697,70.75442589835158,1.0342611811153124,50.2,49.8,49.8,42.79441307144375,41.43618506808074,41.198943040575045,41.808828312218346,0.37564775,0.37653290373953496,29.206387218681385,29.60640274687256,19.761892196481043,28.91678651100961,24.049052826133394,24.40369092467687,24.14115420013329,23.809758458999784,19.665199473248187,24.41771947540151,24.155552725280803,23.824514829010415,1.0,0.0,0.8333333333333334,0.25,0.0,19.761892196481043,24.14115420013329,28.91678651100961,13.33524132915499,21.76845856847082,27.280787394589545,1.222126008887173e-16,7.729425547592025e-16,0.0,3.2789028669093995e-15,3.823426416032957e-14,converged
2025-01-16T00:25:00+08:00,16.416666666666668,-4.333333333333332,0.0,3.361111111111111,50.2,50.2,43.6,43.6,50.0,60.0,85.0,39.9938032936173,13.34808989251935,13.046399179193248,13.599314221904697,70.75442589835158,1.0342611811153124,50.2,50.05852331452234,49.8,42.79278147053148,41.60855822470008,41.19674240614111,41.86376540129944,0.3770153333333333,0.3778952399504482,29.201732160586044,29.600692244623506,19.754390887328977,28.91364717703668,24.042741056152472,24.396337351888402,24.135133549018036,23.805185314552332,19.656425788400618,24.409897684256688,24.149086444760826,23.819516679796962,1.0,0.0,0.8333333333333334,0.25,0.0,19.754390887328977,24.135133549018036,28.91364717703668,13.33524132915499,21.76845856847082,27.280787394589545,1.222126008887173e-16,1.5403120960480986e-16,0.0,2.7025585085917706e-15,3.973954177509224e-14,converged
2025-01-16T00:30:00+08:00,16.5,-4.416666666666668,0.0,3.368055555555556,50.2,50.2,43.6,43.6,50.0,60.0,85.0,39.9938032936173,13.34808989251935,13.046399179193248,13.599314221904697,70.75442589835158,1.0342611811153124,50.2,50.2,50.01753700843283,42.79111050232337,41.702089011544096,41.34167963634495,41.943002243557,0.3783829166666667,0.3797900136280775,29.196968284973316,29.594882072966367,19.74669832805196,28.910410090387778,24.03654687568295,24.389099244046644,24.12921771146094,23.80070694197343,19.647865451407025,24.402333083441867,24.142859511863673,23.814741338441973,1.0,0.0,0.8333333333333334,0.25,0.0,19.74669832805196,24.12921771146094,28.910410090387778,13.33524132915499,21.76845856847082,27.280787394589545,1.222126008887173e-16,3.0652549474599546e-16,0.0,3.245433261445458e-15,3.9522922372238946e-14,converged
2025-01-16T00:35:00+08:00,16.583333333333332,-4.5,0.0,3.375,50.6,50.6,43.8,43.8,50.0,60.0,85.0,40.17726110689077,13.409319662668523,13.106245046987711,13.661696397234536,71.40503788634878,1.0485595217497308,50.2,50.199999999999996,50.2,42.81716304407972,41.73184991858737,41.49565328374427,42.013762214410825,0.3797505,0.3811263758870164,29.192129433612468,29.589003665784972,19.738859019856097,28.907104623270886,24.030240149613785,24.381758005695026,24.12319940290092,23.79612638661335,19.6394980493545,24.394999262590975,24.136847308328687,23.810165895446758,1.0,0.0,0.8333333333333334,0.25,0.0,19.738859019856097,24.12319940290092,28.907104623270886,13.274349816236471,21.669059214276892,27.156217589134794,1.8164857836477769e-16,9.163521277371188e-16,1.1725666849070346e-16,4.104394956813861e-15,3.53876119450251e-14,converged
2025-01-16T00:40:00+08:00,16.666666666666668,-4.583333333333332,0.0,3.381944444444444,50.6,50.6,43.8,43.8,50.0,60.0,85.0,40.17726110689077,13.409319662668523,13.106245046987711,13.661696397234536,71.40503788634878,1.0485595217497308,50.2,50.199999999999996,50.2,42.8154311873408,41.7298750519388,41.49355455321215,42.01182633515823,0.3811180833333333,0.38121650454721673,29.187182402985517,29.583026143834704,19.73082997114564,28.903701896645483,24.023779024452335,24.374274486497793,24.11704104512976,23.7914073989739,19.63092243718721,24.387523149001808,24.130695046255802,23.805452011809823,1.0,0.0,0.8333333333333334,0.25,0.0,19.73082997114564,24.11704104512976,28.903701896645483,13.274349816236471,21.669059214276892,27.156217589134794,1.8164857836477769e-16,1.2215139736953947e-15,1.1725666849070346e-16,3.411975977871537e-15,3.749508696420851e-14,converged
2025-01-16T00:45:00+08:00,16.75,-4.666666666666668,0.0,3.388888888888889,50.6,50.6,43.8,43.8,50.0,60.0,85.0,40.17726110689077,13.409319662668523,13.106245046987711,13.661696397234536,71.40503788634878,1.0485595217497308,50.338052014701084,50.199999999999996,50.2,42.907722730940925,41.72785364084727,41.49140624729959,42.04123909664287,0.38248566666666667,0.38199226665820707,29.182394913732647,29.577203115660954,19.722852595930476,28.90043137271272,24.01716413150903,24.3666492376564,24.110743153625673,23.78655046436126,19.622139639464685,24.379905294244917,24.12440324145967,23.800600173151118,1.0,0.0,0.8333333333333334,0.25,0.0,19.722852595930476,24.110743153625673,28.90043137271272,13.274349816236471,21.669059214276892,27.156217589134794,1.8164857836477769e-16,0.0,1.1725666849070346e-16,3.405441723251396e-15,4.624657114555296e-14,converged
2025-01-16T00:50:00+08:00,16.833333333333332,-4.75,0.0,3.3958333333333335,50.6,50.6,43.8,43.8,50.0,60.0,85.0,40.17726110689077,13.409319662668523,13.106245046987711,13.661696397234536,71.40503788634878,1.0485595217497308,50.6,50.199999999999996,50.2,43.08454644066462,41.72578586192722,41.48920856561299,42.09883288742564,0.38385325,0.3833811718997757,29.17800548221876,29.571760610969346,19.715141556071735,28.897497698348705,24.010396099512988,24.358882808236938,24.10430624196955,23.78155606638026,19.613150675704816,24.372146247752802,24.117972407855273,23.795610863387136,1.0,0.0,0.8333333333333334,0.25,0.0,19.715141556071735,24.10430624196955,28.897497698348705,13.274349816236471,21.669059214276892,27.156217589134794,1.8164857836477769e-16,9.109627469449778e-16,1.1725666849070346e-16,2.9413515868470013e-16,3.683151831440217e-14,converged
2025-01-16T00:55:00+08:00,16.916666666666668,-4.833333333333332,0.0,3.4027777777777777,50.6,50.6,43.8,43.8,50.0,60.0,85.0,40.17726110689077,13.409319662668523,13.106245046987711,13.661696397234536,71.40503788634878,1.0485595217497308,50.6,50.46647526285785,50.2,43.082926718056406,41.90382259651677,41.486961706939226,42.15560574174143,0.3852208333333333,0.38478505889448644,29.17350632910567,29.566217574170793,19.707240206943712,28.894465670553448,24.003989293690644,24.35146248029319,24.098193250091743,23.776865120537447,19.60395656040865,24.364246556828192,24.111403057464916,23.790484564736904,1.0,0.0,0.8333333333333334,0.25,0.0,19.707240206943712,24.098193250091743,28.894465670553448,13.274349816236471,21.669059214276892,27.156217589134794,1.8164857836477769e-16,0.0,1.1725666849070346e-16,3.1323168465091096e-15,6.259241180276085e-14,converged
2025-01-16T01:00:00+08:00,17.0,-4.916666666666668,0.0,3.4097222222222223,50.6,50.6,43.8,43.8,50.0,60.0,85.0,40.17726110689077,13.409319662668523,13.106245046987711,13.661696397234536,71.40503788634878,1.0485595217497308,50.6,50.599999999999994,50.42750259286922,43.08126779426911,41.992124522671396,41.63887238070462,42.23551211313108,0.3865884166666667,0.38669434914667267,29.168897830939397,29.560574332145702,19.69914939239682,28.891335578711438,23.997685394153667,24.344143596942708,24.092171842984555,23.77225643352553,19.594997436351193,24.356622911724354,24.10509106006856,23.78559830952894,1.0,0.0,0.8333333333333334,0.25,0.0,19.69914939239682,24.092171842984555,28.891335578711438,13.274349816236471,21.669059214276892,27.156217589134794,1.8164857836477769e-16,7.526313875793065e-16,1.1725666849070346e-16,1.962971005863605e-15,3.722677163614401e-14,converged
2025-01-16T01:05:00+08:00,17.083333333333332,-5.0,0.0,3.4166666666666665,51.0,51.0,44.0,44.0,50.0,60.0,85.0,40.360718920164246,13.470549432817693,13.166090914782176,13.724078572564375,72.0586275035817,1.0629890389052916,50.6,50.6,50.6,43.107641977938364,42.022152616330416,41.78655918864371,42.30432884352085,0.387956,0.3879848287728221,29.16421424118352,29.554862722967922,19.690913894657296,28.888137132080224,23.991269775651052,24.336722269288963,24.086048691760254,23.76754632539914,19.586214638013768,24.349212716164917,24.098977405893336,23.78089641861427,1.0,0.0,0.8333333333333334,0.25,0.0,19.690913894657296,24.086048691760254,28.888137132080224,13.214011862526307,21.570563490575633,27.03278023645691,6.000032690739051e-17,9.00153664733369e-16,0.0,2.540458947701141e-15,3.366324465029161e-14,converged
2025-01-16T01:10:00+08:00,17.166666666666668,-5.083333333333332,0.0,3.423611111111111,51.0,51.0,44.0,44.0,50.0,60.0,85.0,40.360718920164246,13.470549432817693,13.166090914782176,13.724078572564375,72.0586275035817,1.0629890389052916,50.6,50.6,50.6,43.10592249977701,42.02015071857676,41.784415006568025,42.302372822696874,0.38932358333333333,0.38807631099169915,29.1594219468189,29.54905146530535,19.682490424990835,28.884841115455576,23.984700213716238,24.32915898244953,24.079785886164096,23.762698245745522,19.57722568782214,24.34166053523516,24.0927240756941,23.776056537140327,1.0,0.0,0.8333333333333334,0.25,0.0,19.682490424990835,24.079785886164096,28.884841115455576,13.214011862526307,21.570563490575633,27.03278023645691,6.000032690739051e-17,1.7998829384268944e-15,0.0,3.66673917050448e-16,3.5657636821317955e-14,converged
2025-01-16T01:15:00+08:00,17.25,-5.166666666666668,0.0,3.430555555555556,51.0,51.0,44.0,44.0,50.0,60.0,85.0,40.360718920164246,13.470549432817693,13.166090914782176,13.724078572564375,72.0586275035817,1.0629890389052916,50.74287905099789,50.6,50.6,43.20168591936589,42.01810258180308,41.782221665966034,42.33292030491938,0.3906911666666667,0.38887789274830575,29.15479823869471,29.543403234804202,19.674128998243074,28.881685194835796,23.977977338043058,24.32145428659516,24.073383940422364,23.757712678445067,19.56803160053572,24.33396691952853,24.08633158407712,23.771079149336813,1.0,0.0,0.8333333333333334,0.25,0.0,19.674128998243074,24.073383940422364,28.881685194835796,13.214011862526307,21.570563490575633,27.03278023645691,6.000032690739051e-17,7.4840537349781e-16,0.0,1.444940736429814e-15,3.9314698165252424e-14,converged
2025-01-16T01:20:00+08:00,17.333333333333332,-5.25,0.0,3.4375,51.0,51.0,44.0,44.0,50.0,60.0,85.0,40.360718920164246,13.470549432817693,13.166090914782176,13.724078572564375,72.0586275035817,1.0629890389052916,51.0,50.6,50.6,43.37554101366765,42.016008381535435,41.77997936475335,42.38949951742826,0.39205875,0.39024524366077573,29.150563097036937,29.53812650122442,19.666027581628192,28.878858129790583,23.971101775749634,24.313608729764372,24.066843366867882,23.752590105681154,19.55863338591889,24.326132417503377,24.0798004437527,23.765964737734194,1.0,0.0,0.8333333333333334,0.25,0.0,19.666027581628192,24.066843366867882,28.878858129790583,13.214011862526307,21.570563490575633,27.03278023645691,6.000032690739051e-17,8.94939710743508e-16,0.0,1.355064016030869e-16,3.326266119926091e-14,converged
2025-01-16T01:25:00+08:00,17.416666666666668,-5.333333333333332,0.0,3.444444444444444,51.0,51.0,44.0,44.0,50.0,60.0,85.0,40.360718920164246,13.470549432817693,13.166090914782176,13.724078572564375,72.0586275035817,1.0629890389052916,51.0,50.87435492075395,50.6,43.373933479424295,42.199677945406606,41.77768830003303,42.44809889617466,0.3934263333333333,0.39169033310102425,29.146217711064597,29.53274870451052,19.657737598366985,28.87593240153644,23.964603500582086,24.306124383666752,24.060641157163488,23.747784826908017,19.549032048765568,24.318157575491224,24.073131165542176,23.760713783169663,1.0,0.0,0.8333333333333334,0.25,0.0,19.657737598366985,24.060641157163488,28.87593240153644,13.214011862526307,21.570563490575633,27.03278023645691,6.000032690739051e-17,2.972126498636593e-16,0.0,1.1096706764340361e-15,6.80025750891865e-14,converged
2025-01-16T01:30:00+08:00,17.5,-5.416666666666668,0.0,3.451388888888889,51.0,51.0,44.0,44.0,50.0,60.0,85.0,40.360718920164246,13.470549432817693,13.166090914782176,13.724078572564375,72.0586275035817,1.0629890389052916,51.0,51.0,50.83737758108345,43.37228690658099,42.282780712711876,41.93653499952761,42.52867186465967,0.3947939166666667,0.3936139923889219,29.141762459291535,29.52727017342065,19.649259884850412,28.87290830050281,23.958193547354544,24.29872755855224,24.054517393974443,23.74304937898711,19.53968713430635,24.310477484321737,24.066737101458884,23.7557199691723,1.0,0.0,0.8333333333333334,0.25,0.0,19.649259884850412,24.054517393974443,28.87290830050281,13.214011862526307,21.570563490575633,27.03278023645691,6.000032690739051e-17,0.0,0.0,7.322782523267091e-16,5.3816786184127787e-14,converged
2025-01-16T01:35:00+08:00,17.583333333333332,-5.5,0.0,3.4583333333333335,51.4,51.4,44.2,44.2,50.0,60.0,85.0,40.54417673343772,13.531779202966865,13.22593678257664,13.786460747894214,72.71519475005029,1.0775503315615431,51.0,51.0,51.0,43.39897756416041,42.31307281629547,42.07796876584785,42.595554085941004,0.3961615,0.3948588672294335,29.137231997807522,29.52172314132102,19.640639501845836,28.86981586585023,23.95167268089658,24.291228958209892,24.048292596394734,23.738213254597415,19.53050201357401,24.30299363105519,24.060525106270646,23.750895091095614,1.0,0.0,0.8333333333333334,0.25,0.0,19.640639501845836,24.048292596394734,28.86981586585023,13.154219953646097,21.47295913088977,26.910459963893757,1.1891713201276387e-16,1.4741383756147417e-16,0.0,1.9348531420217603e-16,4.083842044893868e-14,converged
2025-01-16T01:40:00+08:00,17.666666666666668,-5.583333333333332,0.0,3.4652777777777777,51.4,51.4,44.2,44.2,50.0,60.0,85.0,40.54417673343772,13.531779202966865,13.22593678257664,13.786460747894214,72.71519475005029,1.0775503315615431,51.0,51.0,51.0,43.397270760675475,42.311045152404766,42.075781113118545,42.593579108588656,0.3975290833333333,0.3949516558948766,29.13259231315258,29.516075933683336,19.631832866371358,28.866625553365907,23.94499831201812,24.283588709573497,24.041928527738932,23.733239607327306,19.52111273607748,24.295368089386162,24.054173806330567,23.74593266068551,1.0,0.0,0.8333333333333334,0.25,0.0,19.631832866371358,24.041928527738932,28.866625553365907,13.154219953646097,21.47295913088977,26.910459963893757,1.1891713201276387e-16,5.895168185238389e-16,0.0,8.968670933735509e-16,3.678706253771135e-14,converged
2025-01-16T01:45:00+08:00,17.75,-5.666666666666668,0.0,3.4722222222222223,51.4,51.4,44.2,44.2,50.0,60.0,85.0,40.54417673343772,13.531779202966865,13.22593678257664,13.786460747894214,72.71519475005029,1.0775503315615431,51.14766240370831,51.0,51.0,43.49648670102905,42.308971548720734,42.07354470867877,42.6252559324507,0.3988966666666667,0.3957788275606476,29.12813019469785,29.510600225356473,19.623098529744208,28.863583171448667,23.93817106885294,24.275807361822153,24.035425701021175,23.728128919671104,19.511520307077976,24.28760140896872,24.04768371507528,23.74083316082035,1.0,0.0,0.8333333333333334,0.25,0.0,19.623098529744208,24.035425701021175,28.863583171448667,13.154219953646097,21.47295913088977,26.910459963893757,1.1891713201276387e-16,1.4707118435876386e-16,0.0,2.567945999567447e-15,7.920014002229094e-14,converged
2025-01-16T01:50:00+08:00,17.833333333333332,-5.75,0.0,3.4791666666666665,51.4,51.4,44.2,44.2,50.0,60.0,85.0,40.54417673343772,13.531779202966865,13.22593678257664,13.786460747894214,72.71519475005029,1.0775503315615431,51.4,51.0,51.0,43.66738959235762,42.30685217970312,42.07125974879523,42.6808271197763,0.40026425,0.39712474764189803,29.124047225039355,29.505487057331933,19.61461788964443,28.8608617109916,23.931191576964476,24.267885462005758,24.028784627365887,23.722881672430308,19.501725726886843,24.279694137324643,24.04105534404904,23.735597072683344,1.0,0.0,0.8333333333333334,0.25,0.0,19.61461788964443,24.028784627365887,28.8608617109916,13.154219953646097,21.47295913088977,26.910459963893757,1.1891713201276387e-16,1.3191546266806785e-15,0.0,2.055905094683789e-15,2.975313756765078e-14,converged
2025-01-16T01:55:00+08:00,17.916666666666668,-5.833333333333332,0.0,3.486111111111111,51.4,51.4,44.2,44.2,50.0,60.0,85.0,40.54417673343772,13.531779202966865,13.22593678257664,13.786460747894214,72.71519475005029,1.0775503315615431,51.4,51.282163269528816,51.0,43.66579453578257,42.496124001684855,42.06892642892895,42.74124381024753,0.4016318333333333,0.39861069576278013,29.119853495086886,29.500272301766966,19.605950377045748,28.858041280188505,23.924605301603023,24.2603397606645,24.02249624492644,23.71796544881213,19.491729990889922,24.27164681985171,24.034289202910703,23.730224875768506,1.0,0.0,0.8333333333333334,0.25,0.0,19.605950377045748,24.02249624492644,28.858041280188505,13.154219953646097,21.47295913088977,26.910459963893757,1.1891713201276387e-16,0.0,0.0,2.0657788417435428e-15,4.004147003343846e-14,converged
2025-01-16T02:00:00+08:00,18.0,-5.916666666666668,0.0,3.493055555555556,51.4,51.4,44.2,44.2,50.0,60.0,85.0,40.54417673343772,13.531779202966865,13.22593678257664,13.786460747894214,72.71519475005029,1.0775503315615431,51.4,51.4,51.2471632028885,43.66416059976889,42.574057091182425,42.234671936535214,42.82248043295676,0.40299941666666667,0.4005485789265239,29.115549385299236,29.494956289276292,19.597096821087707,28.85512217050579,23.91809286184263,24.25286775252737,24.0162732604251,23.7131067123204,19.482011900590283,24.263912809601727,24.027815994541346,23.725126779755964,1.0,0.0,0.8333333333333334,0.25,0.0,19.597096821087707,24.0162732604251,28.85512217050579,13.154219953646097,21.47295913088977,26.910459963893757,1.1891713201276387e-16,7.265992688011126e-16,0.0,1.6700803535832573e-16,3.7553874510111854e-14,converged
2025-01-16T02:05:00+08:00,18.083333333333332,-6.0,0.0,3.5,51.8,51.8,44.4,44.4,50.0,60.0,85.0,40.727634546711194,13.593008973116037,13.285782650371106,13.848842923224051,73.37473962575456,1.0922439986980337,51.4,51.4,51.4,43.69116262813761,42.60461003631398,42.369886191907746,42.88743681000477,0.404367,0.4017481246239586,29.11116994551985,29.489571639812812,19.588102558537166,28.8521347440058,23.911470294146756,24.24529462147276,24.00994993444699,23.70814802730972,19.47243714938092,24.25635794324631,24.02150869147052,23.720182295949254,1.0,0.0,0.8333333333333334,0.25,0.0,19.588102558537166,24.00994993444699,28.8521347440058,13.094966710611654,21.376234089759635,26.78924167576811,1.767723290916545e-16,2.8977191103480833e-16,0.0,3.779596780245384e-15,3.290427193671831e-14,converged
2025-01-16T02:10:00+08:00,18.166666666666668,-6.027777777777778,0.27777777777777385,3.493055555555556,51.8,51.8,44.4,44.4,50.0,60.0,85.0,40.727634546711194,13.593008973116037,13.285782650371106,13.848842923224051,73.37473962575456,1.0922439986980337,51.4,51.4,51.4,43.68948584750823,42.60257788562232,42.36767834181968,42.8854635214378,0.40470697777777775,0.4018412534458459,29.106777825785198,29.484182628408213,19.57908751719296,28.849130760024018,23.904828635043852,24.237711466136542,24.003609983573224,23.70316554900456,19.462840285655872,24.24879299878928,24.01518471796947,23.715213979102565,1.0,0.0,0.8333333333333334,0.25,0.0,19.57908751719296,24.003609983573224,28.849130760024018,13.094966710611654,21.376234089759635,26.78924167576811,1.767723290916545e-16,1.013966642051554e-15,0.0,4.470524013323788e-15,2.6463331276107235e-14,converged
2025-01-16T02:15:00+08:00,18.25,-6.055555555555556,0.5555555555555596,3.486111111111111,51.8,51.8,44.4,44.4,50.0,60.0,85.0,40.727634546711194,13.593008973116037,13.285782650371106,13.848842923224051,73.37473962575456,1.0922439986980337,51.552402663151064,51.4,51.4,43.792186204844946,42.60054009647804,42.36546473906328,42.91832271969934,0.4050469555555556,0.4026910319830344,29.10266890956042,29.479069548306153,19.570317994182304,28.846363868145502,23.89816796268628,24.230118325398443,23.997253469066283,23.698159360915046,19.453221418331086,24.241218015341747,24.008844135504063,23.710221912913987,1.0,0.0,0.8333333333333334,0.25,0.0,19.570317994182304,23.997253469066283,28.846363868145502,13.094966710611654,21.376234089759635,26.78924167576811,1.767723290916545e-16,2.8909340556617973e-16,0.0,8.418668346487847e-16,3.740298917067436e-14,converged
2025-01-16T02:20:00+08:00,18.333333333333332,-6.083333333333333,0.8333333333333334,3.4791666666666665,51.8,51.8,44.4,44.4,50.0,60.0,85.0,40.727634546711194,13.593008973116037,13.285782650371106,13.848842923224051,73.37473962575456,1.0922439986980337,51.8,51.4,51.4,43.96023825688117,42.59849669008774,42.363245406431226,42.97298952355071,0.4053869333333333,0.4040110584804305,29.099026186409166,29.474405828825123,19.56195821760061,28.843991168125015,23.891488354906475,24.22251523798739,23.990880451962905,23.693129546258195,19.443580655786043,24.233633031863043,24.002487005313544,23.70520618078768,1.0,0.0,0.8333333333333334,0.25,0.0,19.56195821760061,23.990880451962905,28.843991168125015,13.094966710611654,21.376234089759635,26.78924167576811,1.767723290916545e-16,5.762976996956322e-16,0.0,3.1831019307054547e-15,3.675437111616073e-14,converged
2025-01-16T02:25:00+08:00,18.416666666666668,-6.111111111111111,1.1111111111111072,3.4722222222222223,51.8,51.8,44.4,44.4,50.0,60.0,85.0,40.727634546711194,13.593008973116037,13.285782650371106,13.848842923224051,73.37473962575456,1.0922439986980337,51.8,51.68990127281923,51.4,43.95877483134486,42.79348000024669,42.36102036662406,43.035350112970036,0.4057269111111111,0.4055311183515621,29.095368251555634,29.469735400089203,19.553574846171703,28.841600099442395,23.885350108741424,24.21543301827079,23.984995265563246,23.68855647805455,19.43391810586639,24.22603808716131,23.99611338841136,23.7001668658349,1.0,0.0,0.8333333333333334,0.25,0.0,19.553574846171703,23.984995265563246,28.841600099442395,13.094966710611654,21.376234089759635,26.78924167576811,1.767723290916545e-16,0.0,0.0,3.715855321898822e-15,5.319641261403226e-14,converged
2025-01-16T02:30:00+08:00,18.5,-6.138888888888889,1.3888888888888928,3.4652777777777777,51.8,51.8,44.4,44.4,50.0,60.0,85.0,40.727634546711194,13.593008973116037,13.285782650371106,13.848842923224051,73.37473962575456,1.0922439986980337,51.8,51.8,51.656860665938545,43.95730637186177,42.8664518503132,42.53381840404399,43.117421666388765,0.40606688888888887,0.40747485987259735,29.091695157275257,29.46505828394341,19.545167984617134,28.839190716217583,23.879403112779162,24.20854005696259,23.979282999138775,23.68414034729344,19.424730807691628,24.218904155960598,23.990170762766006,23.695530186532263,1.0,0.0,0.8333333333333334,0.25,0.0,19.545167984617134,23.979282999138775,28.839190716217583,13.094966710611654,21.376234089759635,26.78924167576811,1.767723290916545e-16,0.0,0.0,1.7478675371221936e-15,3.991931932666801e-14,converged
2025-01-16T02:35:00+08:00,18.583333333333332,-6.166666666666667,1.6666666666666667,3.4583333333333335,51.93333333333334,51.93333333333334,44.46666666666667,44.46666666666667,50.0,60.0,85.0,40.78878715113569,13.613418896499097,13.305731272969263,13.86963698166733,73.5952496130417,1.0971714078220245,51.8,51.8,51.8,43.965511620739704,42.87559926730047,42.640589724243576,43.15945022701425,0.4064068666666667,0.4084007118211678,29.088018670153083,29.460385418876687,19.536752705726077,28.83677322725996,23.873448883124855,24.20164812529792,23.973564972535293,23.679711144168362,19.41581259120383,24.212034056096915,23.984472035915992,23.691118201629454,1.0,0.0,0.8333333333333334,0.25,0.0,19.536752705726077,23.973564972535293,28.83677322725996,13.07533407686261,21.344185762788477,26.74907789514477,1.1749511631377398e-16,1.4252585568204303e-16,1.1767249782368246e-16,7.149584696804391e-16,2.7852172487173727e-14,converged
2025-01-16T02:40:00+08:00,18.666666666666668,-6.194444444444444,1.9444444444444406,3.451388888888889,51.93333333333334,51.93333333333334,44.46666666666667,44.46666666666667,50.0,60.0,85.0,40.78878715113569,13.613418896499097,13.305731272969263,13.86963698166733,73.5952496130417,1.0971714078220245,51.8,51.8,51.8,43.96403870440597,42.873767516563184,42.63858053769443,43.157677904196284,0.4067468444444445,0.40848448171075247,29.084327089259773,29.455705876618033,19.528314082235177,28.834337502675865,23.867472829286623,24.19474353070536,23.96782809321725,23.675256291358515,19.406869033067398,24.205151224083153,23.978754397419486,23.6866805156063,1.0,0.0,0.8333333333333334,0.25,0.0,19.528314082235177,23.96782809321725,28.834337502675865,13.07533407686261,21.344185762788477,26.74907789514477,1.1749511631377398e-16,2.8499325443008727e-16,1.1767249782368246e-16,2.8373294972696222e-15,3.067715717838115e-14,converged
2025-01-16T02:45:00+08:00,18.75,-6.222222222222222,2.2222222222222263,3.444444444444444,51.93333333333334,51.93333333333334,44.46666666666667,44.46666666666667,50.0,60.0,85.0,40.78878715113569,13.613418896499097,13.305731272969263,13.86963698166733,73.5952496130417,1.0971714078220245,51.851324424617005,51.8,51.8,43.99773319322159,42.871929381161955,42.63656482892877,43.16763854128786,0.4070868222222222,0.4088233331187838,29.080720121864932,29.451114092574443,19.51994189026393,28.831969023193377,23.861475040615094,24.18782632230504,23.96207243066548,23.670775878901107,19.397900258116646,24.198255709336532,23.973017917014843,23.68221721873278,1.0,0.0,0.8333333333333334,0.25,0.0,19.51994189026393,23.96207243066548,28.831969023193377,13.07533407686261,21.344185762788477,26.74907789514477,1.1749511631377398e-16,7.11892597585118e-16,1.1767249782368246e-16,2.5112776913561526e-15,3.4039410373906455e-14,converged
2025-01-16T02:50:00+08:00,18.833333333333332,-6.25,2.5,3.4375,51.93333333333334,51.93333333333334,44.46666666666667,44.46666666666667,50.0,60.0,85.0,40.78878715113569,13.613418896499097,13.305731272969263,13.86963698166733,73.5952496130417,1.0971714078220245,51.93333333333334,51.8,51.8,44.05250294967146,42.870084885159486,42.63454262384943,43.18462884836287,0.4074268,0.40931397315119883,29.077256782601943,29.446665980683402,19.5116891276199,28.82971846222569,23.855455606095088,24.18089654902655,23.95629805410475,23.666269996517293,19.388906390570952,24.191347561082473,23.96726266418326,23.677728400961808,1.0,0.0,0.8333333333333334,0.25,0.0,19.5116891276199,23.95629805410475,28.82971846222569,13.07533407686261,21.344185762788477,26.74907789514477,1.1749511631377398e-16,2.8441570399047067e-16,1.1767249782368246e-16,2.3555958636342327e-15,3.136904063327362e-14,converged
2025-01-16T02:55:00+08:00,18.916666666666668,-6.277777777777778,2.777777777777774,3.430555555555556,51.93333333333334,51.93333333333334,44.46666666666667,44.46666666666667,50.0,60.0,85.0,40.78878715113569,13.613418896499097,13.305731272969263,13.86963698166733,73.5952496130417,1.0971714078220245,51.93333333333334,51.897488379658974,51.8,44.0510904464941,42.9345308874567,42.632513948254285,43.20449056167339,0.4077667777777778,0.4098783253400422,29.073777616969565,29.442210459705105,19.50341229900122,28.827449173734696,23.849603054272052,24.174132795729527,23.950674653863032,23.661900288143464,19.37988755403778,24.184426828355342,23.96148870814971,23.673214151930363,1.0,0.0,0.8333333333333334,0.25,0.0,19.50341229900122,23.950674653863032,28.827449173734696,13.07533407686261,21.344185762788477,26.74907789514477,1.1749511631377398e-16,4.260361476678035e-16,1.1767249782368246e-16,1.066949219694431e-15,4.643941085460068e-14,converged
2025-01-16T03:00:00+08:00,19.0,-6.305555555555556,3.05555555555556,3.423611111111111,51.93333333333334,51.93333333333334,44.46666666666667,44.46666666666667,50.0,60.0,85.0,40.78878715113569,13.613418896499097,13.305731272969263,13.86963698166733,73.5952496130417,1.0971714078220245,51.93333333333334,51.93333333333334,51.886691256129474,44.049672747392655,42.95711605950726,42.68958574602997,43.23079135878673,0.4081067555555556,0.410581179421296,29.0702826793637,29.437747553766805,19.495111511231595,28.825161212905925,23.84379740639926,24.167421399772714,23.945094304240136,23.657564017955924,19.37101162934583,24.177652542670852,23.955847160965448,23.668818419738507,1.0,0.0,0.8333333333333334,0.25,0.0,19.495111511231595,23.945094304240136,28.825161212905925,13.07533407686261,21.344185762788477,26.74907789514477,1.1749511631377398e-16,2.835378913154746e-16,1.1767249782368246e-16,1.1188180119192488e-15,3.346057904202451e-14,converged
2025-01-16T03:05:00+08:00,19.083333333333332,-6.333333333333333,3.3333333333333335,3.4166666666666665,52.06666666666666,52.06666666666666,44.53333333333333,44.53333333333333,50.0,60.0,85.0,40.84993975556017,13.63382881988215,13.325679895567415,13.89043104011061,73.81609044802167,1.102113613959308,51.93333333333334,51.93333333333334,51.93333333333334,44.05796743655996,42.96634720666636,42.73073139964932,43.250562025606925,0.4084467333333333,0.4110116245756315,29.066783787244262,29.433288253177306,19.4868018846784,28.822864827880647,23.837983999115337,24.16071038296448,23.939507755301193,23.653214435548662,19.362217105935894,24.17096419044665,23.950280694663352,23.664486786766158,1.0,0.0,0.8333333333333334,0.25,0.0,19.4868018846784,23.939507755301193,28.822864827880647,13.055760223454136,21.312233388892093,26.70903436536162,5.857179891906151e-17,4.2486142069752896e-16,1.1532579520717392e-16,3.41940575297887e-15,3.21796072026354e-14,converged
2025-01-16T03:10:00+08:00,19.166666666666668,-6.361111111111111,3.611111111111107,3.4097222222222223,52.06666666666666,52.06666666666666,44.53333333333333,44.53333333333333,50.0,60.0,85.0,40.84993975556017,13.63382881988215,13.325679895567415,13.89043104011061,73.81609044802167,1.102113613959308,51.93333333333334,51.93333333333334,51.93333333333334,44.05654490368877,42.9645597405771,42.7287655416869,43.248835697845614,0.4087867111111111,0.4110933428142651,29.06326919275623,29.428821582111308,19.478468448408396,28.820549851381593,23.832148194147372,24.153986004775057,23.933901871723876,23.648838925920433,19.35339663613344,24.164262403952556,23.944694831600742,23.660129172389293,1.0,0.0,0.8333333333333334,0.25,0.0,19.478468448408396,23.933901871723876,28.820549851381593,13.055760223454136,21.312233388892093,26.70903436536162,5.857179891906151e-17,8.495539312068021e-16,1.1532579520717392e-16,4.6149671825190986e-15,3.189387012729044e-14,converged
2025-01-16T03:15:00+08:00,19.25,-6.388888888888889,3.888888888888893,3.4027777777777777,52.06666666666666,52.06666666666666,44.53333333333333,44.53333333333333,50.0,60.0,85.0,40.84993975556017,13.63382881988215,13.325679895567415,13.89043104011061,73.81609044802167,1.102113613959308,51.985179727374565,51.93333333333334,51.93333333333334,44.090667482354895,42.962765737325725,42.72679300836615,43.25896828917325,0.40912668888888887,0.41143280899487833,29.059839644777544,29.424442963103218,19.47020191581588,28.818302656369546,23.82629008320564,24.1472483170405,23.9282767247742,23.644437580094262,19.344550347765228,24.15754723533753,23.939089643313938,23.655745667873887,1.0,0.0,0.8333333333333334,0.25,0.0,19.47020191581588,23.9282767247742,28.818302656369546,13.055760223454136,21.312233388892093,26.70903436536162,5.857179891906151e-17,1.414754964623932e-16,1.1532579520717392e-16,9.314721449176618e-16,3.122377225768427e-14,converged
2025-01-16T03:20:00+08:00,19.333333333333332,-6.416666666666667,4.166666666666667,3.3958333333333335,52.06666666666666,52.06666666666666,44.53333333333333,44.53333333333333,50.0,60.0,85.0,40.84993975556017,13.63382881988215,13.325679895567415,13.89043104011061,73.81609044802167,1.102113613959308,52.06666666666666,51.93333333333334,51.93333333333334,44.14516138655122,42.960965221565154,42.72481382621036,43.27589550560867,0.4094666666666667,0.41191892465318747,29.056552145922,29.420206404290166,19.462053473834658,28.816172191057458,23.8204097576249,24.140497371395774,23.922632385455504,23.640010488773623,19.335678368028276,24.150818736548096,23.93346520107542,23.651336364165317,1.0,0.0,0.8333333333333334,0.25,0.0,19.462053473834658,23.922632385455504,28.816172191057458,13.055760223454136,21.312233388892093,26.70903436536162,5.857179891906151e-17,0.0,1.1532579520717392e-16,4.9657606538381116e-15,3.079847975177922e-14,converged
2025-01-16T03:25:00+08:00,19.416666666666668,-6.444444444444444,4.444444444444441,3.388888888888889,52.06666666666666,52.06666666666666,44.53333333333333,44.53333333333333,50.0,60.0,85.0,40.84993975556017,13.63382881988215,13.325679895567415,13.89043104011061,73.81609044802167,1.102113613959308,52.06666666666666,52.03167377629621,51.93333333333334,44.14379871414099,43.02607329051635,42.7228280216353,43.29600440090913,0.4098066444444444,0.41248557949094256,29.053248218021665,29.4159617495469,19.45388050659841,28.814022645272832,23.81469744414963,24.133913362251164,23.917140072596876,23.635720751087742,19.32678082349295,24.14407695932914,23.927821575894825,23.646901351889493,1.0,0.0,0.8333333333333334,0.25,0.0,19.45388050659841,23.917140072596876,28.814022645272832,13.055760223454136,21.312233388892093,26.70903436536162,5.857179891906151e-17,1.411144141943162e-16,1.1532579520717392e-16,1.8620484140833167e-15,3.9653195187517885e-14,converged
2025-01-16T03:30:00+08:00,19.5,-6.472222222222222,4.722222222222227,3.381944444444444,52.06666666666666,52.06666666666666,44.53333333333333,44.53333333333333,50.0,60.0,85.0,40.84993975556017,13.63382881988215,13.325679895567415,13.89043104011061,73.81609044802167,1.102113613959308,52.06666666666666,52.06666666666666,52.021092416923686,44.14243068756144,43.04813667944245,42.78070510937158,43.32242539248208,0.4101466222222222,0.41318782831670425,29.049927917552292,29.411709025241265,19.445683122980817,28.811854075249663,23.809029837178596,24.12737947553931,23.911688865734213,23.63146277824371,19.318027706545784,24.137482936885025,23.9223117808809,23.64258638917649,1.0,0.0,0.8333333333333334,0.25,0.0,19.445683122980817,23.911688865734213,28.811854075249663,13.055760223454136,21.312233388892093,26.70903436536162,5.857179891906151e-17,2.8174915582872313e-16,1.1532579520717392e-16,1.6611318064684836e-15,4.567361491380231e-14,converged
2025-01-16T03:35:00+08:00,19.583333333333332,-6.5,5.0,3.375,52.2,52.2,44.6,44.6,50.0,60.0,85.0,40.911092359984664,13.654238743265207,13.34562851816557,13.911225098553889,74.03726213069454,1.1070706392943126,52.06666666666666,52.06666666666666,52.06666666666666,44.15081315822285,43.057449994192424,42.8212225918829,43.342038560157405,0.4104866,0.4136112300618293,29.046603111969226,29.40745927254448,19.43747649029489,28.809676767890128,23.803353957715675,24.12084533218655,23.906231029867893,23.627191258278206,19.309353403206106,24.130972267422763,23.916874790031585,23.6383335321114,1.0,0.0,0.8333333333333334,0.25,0.0,19.43747649029489,23.906231029867893,28.809676767890128,13.036244886797252,21.28037653778762,26.669110547177223,1.1679365450009853e-16,0.0,0.0,3.597415673752358e-15,3.314992039620304e-14,converged
2025-01-16T03:40:00+08:00,19.666666666666668,-6.527777777777778,5.277777777777774,3.368055555555556,52.2,52.2,44.6,44.6,50.0,60.0,85.0,40.911092359984664,13.654238743265207,13.34562851816557,13.911225098553889,74.03726213069454,1.1070706392943126,52.06666666666666,52.06666666666666,52.06666666666666,44.14943992961195,43.05570578550558,42.81929903224053,43.34035718183914,0.4108265777777778,0.41369093970055854,29.04326200729554,29.403201468956997,19.42924559447047,28.80748051907301,23.797655120405693,24.114297144492888,23.900753387500618,23.622893538950684,19.30065256570184,24.12444747716475,23.911417927450433,23.634054418818035,1.0,0.0,0.8333333333333334,0.25,0.0,19.42924559447047,23.900753387500618,28.80748051907301,13.036244886797252,21.28037653778762,26.669110547177223,1.1679365450009853e-16,2.8140650581131796e-16,0.0,4.655614605624229e-16,3.879954576771137e-14,converged
2025-01-16T03:45:00+08:00,19.75,-6.555555555555556,5.55555555555556,3.361111111111111,52.2,52.2,44.6,44.6,50.0,60.0,85.0,40.911092359984664,13.654238743265207,13.34562851816557,13.911225098553889,74.03726213069454,1.1070706392943126,52.119033469685405,52.06666666666666,52.06666666666666,44.18398880847209,43.05395489102484,42.81736864815608,43.35066044731343,0.41116655555555554,0.414031056968988,29.040006391400297,29.39903202165856,19.421082083803192,28.805352591767267,23.791933419264524,24.107734966950872,23.895256011646925,23.618569712251258,19.291925324769153,24.117908620931814,23.905941266434738,23.6297491415394,1.0,0.0,0.8333333333333334,0.25,0.0,19.421082083803192,23.895256011646925,28.805352591767267,13.036244886797252,21.28037653778762,26.669110547177223,1.1679365450009853e-16,7.029383416257504e-16,0.0,3.960795896198543e-15,2.84977708239113e-14,converged
2025-01-16T03:50:00+08:00,19.833333333333332,-6.583333333333333,5.833333333333334,3.3541666666666665,52.2,52.2,44.6,44.6,50.0,60.0,85.0,40.911092359984664,13.654238743265207,13.34562851816557,13.911225098553889,74.03726213069454,1.1070706392943126,52.2,52.06666666666666,52.06666666666666,44.238206375905236,43.05219733597856,42.81543146675684,43.367523731248546,0.4115065333333333,0.414512697105131,29.036891259819523,29.39500303766303,19.413035338793296,28.803340213235234,23.78618894792303,24.101158853841625,23.88973897505219,23.61421986984705,19.283171810500075,24.11135575333195,23.90044488001143,23.62541779219443,1.0,0.0,0.8333333333333334,0.25,0.0,19.413035338793296,23.88973897505219,28.803340213235234,13.036244886797252,21.28037653778762,26.669110547177223,1.1679365450009853e-16,5.616972538595551e-16,0.0,2.178578579806134e-15,2.8179586976719785e-14,converged
2025-01-16T03:55:00+08:00,19.916666666666668,-6.611111111111111,6.111111111111107,3.3472222222222223,52.2,52.2,44.6,44.6,50.0,60.0,85.0,40.911092359984664,13.654238743265207,13.34562851816557,13.911225098553889,74.03726213069454,1.1070706392943126,52.2,52.165856625658996,52.06666666666666,44.23689246621753,43.11796529892109,42.81348751506004,43.387878397125036,0.41184651111111115,0.41508168647105353,29.03375910827458,29.3909652836421,19.404963620790294,28.80130840709475,23.780613627061502,24.09475060508062,23.884375021224436,23.61000856243719,19.27439215234566,24.104788928761145,23.894928840938082,23.62106046237913,1.0,0.0,0.8333333333333334,0.25,0.0,19.404963620790294,23.884375021224436,28.80130840709475,13.036244886797252,21.28037653778762,26.669110547177223,1.1679365450009853e-16,4.206954641266253e-16,0.0,9.753316284052543e-16,4.345797082835322e-14,converged
2025-01-16T04:00:00+08:00,20.0,-6.638888888888889,6.388888888888893,3.3402777777777777,52.2,52.2,44.6,44.6,50.0,60.0,85.0,40.911092359984664,13.654238743265207,13.34562851816557,13.911225098553889,74.03726213069454,1.1070706392943126,52.2,52.2,52.155490385408605,44.235573047765385,43.13950692112242,42.87216745451839,43.414418404173745,0.41218648888888887,0.4157833688991173,29.030609995281267,29.386918788163353,19.396867040666987,28.799257230611424,23.775080832423516,24.08839026293003,23.87905024231965,23.605827355305003,19.265758448902496,24.098371177077475,23.889548058619738,23.616824715737206,1.0,0.0,0.8333333333333334,0.25,0.0,19.396867040666987,23.87905024231965,28.799257230611424,13.036244886797252,21.28037653778762,26.669110547177223,1.1679365450009853e-16,1.3999516399029055e-16,0.0,1.917523082114593e-15,3.499368863014628e-14,converged
2025-01-16T04:05:00+08:00,20.083333333333332,-6.666666666666667,6.666666666666667,3.3333333333333335,52.333333333333336,52.333333333333336,44.666666666666664,44.666666666666664,50.0,60.0,85.0,40.97224496440916,13.674648666648265,13.365577140763724,13.932019156997168,74.25876466106023,1.1120425060114654,52.2,52.2,52.2,44.244041675315266,43.14890087540652,42.91205653552772,43.43387295367533,0.41252646666666665,0.416199777247956,29.027455837428462,29.382874642321973,19.388760812062138,28.797197008886897,23.76953926455054,24.0820290427244,23.87371841397133,23.60163237100237,19.257200992361234,24.092034217192534,23.884237817652856,23.612649090443966,1.0,0.0,0.8333333333333334,0.25,0.0,19.388760812062138,23.87371841397133,28.797197008886897,13.016787804876659,21.248614781761074,26.629305904569495,1.746679153543727e-16,1.3985509867005406e-16,0.0,1.5476448504408371e-15,3.30622219471056e-14,converged
2025-01-16T04:10:00+08:00,20.166666666666668,-6.694444444444444,6.944444444444441,3.326388888888889,52.333333333333336,52.333333333333336,44.666666666666664,44.666666666666664,50.0,60.0,85.0,40.97224496440916,13.674648666648265,13.365577140763724,13.932019156997168,74.25876466106023,1.1120425060114654,52.2,52.2,52.2,44.242716695036,43.14719892111474,42.91017426931196,43.43223550348873,0.4128664444444444,0.4162775204062879,29.024284795405016,29.378821777806618,19.380629878291494,28.795117501486644,23.76397419168955,24.075653110364954,23.868366317107423,23.59741092048358,19.248616430369577,24.08568246523061,23.878907239910323,23.608446939449447,1.0,0.0,0.8333333333333334,0.25,0.0,19.380629878291494,23.868366317107423,28.795117501486644,13.016787804876659,21.248614781761074,26.629305904569495,1.746679153543727e-16,0.0,0.0,2.2123591502330296e-15,3.032678499847392e-14,converged
2025-01-16T04:15:00+08:00,20.25,-6.722222222222222,7.222222222222227,3.319444444444444,52.333333333333336,52.333333333333336,44.666666666666664,44.666666666666664,50.0,60.0,85.0,40.97224496440916,13.674648666648265,13.365577140763724,13.932019156997168,74.25876466106023,1.1120425060114654,52.25288565853661,52.2,52.2,44.27769010930813,43.14549013617198,42.90828503352653,43.442708187792284,0.4132064222222222,0.41661832417377165,29.021199693464144,29.374857583969984,19.372566820188432,28.793106859171615,23.758385710109227,24.069262522942612,23.862994026455098,23.59316309668748,19.240004896492444,24.07931597862586,23.873556400414195,23.604218355955098,1.0,0.0,0.8333333333333334,0.25,0.0,19.372566820188432,23.862994026455098,28.793106859171615,13.016787804876659,21.248614781761074,26.629305904569495,1.746679153543727e-16,1.2574313654113321e-15,0.0,2.820417739401367e-15,4.4368136459716946e-14,converged
2025-01-16T04:20:00+08:00,20.333333333333332,-6.75,7.5,3.3125,52.333333333333336,52.333333333333336,44.666666666666664,44.666666666666664,50.0,60.0,85.0,40.97224496440916,13.674648666648265,13.365577140763724,13.932019156997168,74.25876466106023,1.1120425060114654,52.333333333333336,52.2,52.2,44.331630877353994,43.143774546367645,42.90638885588663,43.45950672107642,0.41354640000000004,0.4170955366929466,29.018253524988477,29.37103227136328,19.364619216244684,28.791210592487875,23.752773915683978,24.06285733732675,23.857601616466017,23.588888992226565,19.231366523636606,24.07293481458943,23.868185373909775,23.599963432834887,1.0,0.0,0.8333333333333334,0.25,0.0,19.364619216244684,23.857601616466017,28.791210592487875,13.016787804876659,21.248614781761074,26.629305904569495,1.746679153543727e-16,1.3955474416001285e-16,0.0,9.800562547780947e-16,3.339823195154352e-14,converged
2025-01-16T04:25:00+08:00,20.416666666666668,-6.777777777777778,7.777777777777774,3.305555555555556,52.333333333333336,52.333333333333336,44.666666666666664,44.666666666666664,50.0,60.0,85.0,40.97224496440916,13.674648666648265,13.365577140763724,13.932019156997168,74.25876466106023,1.1120425060114654,52.333333333333336,52.300036939153046,52.2,44.330364685375386,43.2102002572681,42.90448576399503,43.48010577101279,0.4138863777777778,0.4176668915842431,29.015289757154218,29.367197527146573,19.356646202815085,28.78929455677608,23.74733241878339,24.056620954908503,23.852363351519582,23.58475460576048,19.222701444053914,24.066539030110334,23.862794234866637,23.595682262636466,1.0,0.0,0.8333333333333334,0.25,0.0,19.356646202815085,23.852363351519582,28.78929455677608,13.016787804876659,21.248614781761074,26.629305904569495,1.746679153543727e-16,1.3936383775281112e-16,0.0,1.7612818836261358e-15,3.0383734009877165e-14,converged
2025-01-16T04:30:00+08:00,20.5,-6.805555555555556,8.05555555555556,3.298611111111111,52.333333333333336,52.333333333333336,44.666666666666664,44.666666666666664,50.0,60.0,85.0,40.97224496440916,13.674648666648265,13.365577140763724,13.932019156997168,74.25876466106023,1.1120425060114654,52.333333333333336,52.333333333333336,52.289885175878155,44.32909283360723,43.231220150814536,42.96396614516169,43.506763638879875,0.41422635555555554,0.4183680455680645,29.012308450478155,29.363353382047073,19.34864789272201,28.78735881031688,23.74193128466618,24.0504302820079,23.847162343749496,23.580648663668782,19.21418385722503,24.060293646685047,23.857539784243073,23.59152421001768,1.0,0.0,0.8333333333333334,0.25,0.0,19.34864789272201,23.847162343749496,28.78735881031688,13.016787804876659,21.248614781761074,26.629305904569495,1.746679153543727e-16,1.2521724681670943e-15,0.0,1.483380804226365e-15,3.5265300664256833e-14,converged
2025-01-16T04:35:00+08:00,20.583333333333332,-6.833333333333333,8.333333333333334,3.2916666666666665,52.46666666666667,52.46666666666667,44.733333333333334,44.733333333333334,50.0,60.0,85.0,41.03339756883365,13.695058590031321,13.38552576336188,13.952813215440447,74.48059803911877,1.1170292362951948,52.333333333333336,52.333333333333336,52.333333333333336,44.3376460268823,43.24069325028632,43.003226626281005,43.5260584842202,0.4145663333333333,0.41877750967902805,29.00932156983797,29.359510976164124,19.340639545322432,28.785413715859292,23.73652088861488,24.044238123690675,23.84195387514625,23.57652871911121,19.205739971083965,24.054126512827697,23.852353625846128,23.587424303604145,1.0,0.0,0.8333333333333334,0.25,0.0,19.340639545322432,23.84195387514625,28.785413715859292,12.997388717238989,21.216947695648162,26.589619904711718,1.1609845571975586e-16,1.389942381530485e-16,0.0,2.56727597456773e-17,3.2134572066514885e-14,converged
2025-01-16T04:40:00+08:00,20.666666666666668,-6.861111111111111,8.611111111111107,3.2847222222222223,52.46666666666667,52.46666666666667,44.733333333333334,44.733333333333334,50.0,60.0,85.0,41.03339756883365,13.695058590031321,13.38552576336188,13.952813215440447,74.48059803911877,1.1170292362951948,52.333333333333336,52.333333333333336,52.333333333333336,44.33636826176962,43.23903257104646,43.00138467333576,43.5244639645824,0.41490631111111115,0.4188533275653199,29.006317231360253,29.355659196219797,19.332606061830997,28.78344899717727,23.731086453149047,24.038030600214444,23.836724685651962,23.572382046664192,19.1972684242213,24.047943930515206,23.847146675346558,23.58329760725963,1.0,0.0,0.8333333333333334,0.25,0.0,19.332606061830997,23.836724685651962,28.78344899717727,12.997388717238989,21.216947695648162,26.589619904711718,1.1609845571975586e-16,1.3896907839269814e-16,0.0,1.1122878838085055e-16,3.7448788347867765e-14,converged
2025-01-16T04:45:00+08:00,20.75,-6.888888888888889,8.888888888888893,3.2777777777777777,52.46666666666667,52.46666666666667,44.733333333333334,44.733333333333334,50.0,60.0,85.0,41.03339756883365,13.695058590031321,13.38552576336188,13.952813215440447,74.48059803911877,1.1170292362951948,52.38673630087362,52.333333333333336,52.333333333333336,44.37176447103544,43.23736491998373,42.99953560955003,43.5351048365974,0.4152462888888889,0.41919485235929704,29.00339929308556,29.351896411277004,19.324640953264982,28.781553690615915,23.725628076738634,24.031807771211657,23.83147485167129,23.56820874019733,19.188769352952335,24.041745959737824,23.84191900945575,23.57914421512581,1.0,0.0,0.8333333333333334,0.25,0.0,19.324640953264982,23.83147485167129,28.781553690615915,12.997388717238989,21.216947695648162,26.589619904711718,1.1609845571975586e-16,4.165675741426584e-16,0.0,7.345562935857098e-16,5.5776803522141755e-14,converged
2025-01-16T04:50:00+08:00,20.833333333333332,-6.916666666666667,9.166666666666668,3.2708333333333335,52.46666666666667,52.46666666666667,44.733333333333334,44.733333333333334,50.0,60.0,85.0,41.03339756883365,13.695058590031321,13.38552576336188,13.952813215440447,74.48059803911877,1.1170292362951948,52.46666666666667,52.333333333333336,52.333333333333336,44.425427998449706,43.23569032343447,42.997679463211334,43.551837824220875,0.4155862666666667,0.41966768424030026,29.000618751150153,29.34827094006849,19.316790000517578,28.779771594224105,23.720145857450245,24.025569696083338,23.826204449327175,23.564008893250556,19.18024289292059,24.035532660252837,23.836670704602067,23.57496422101354,1.0,0.0,0.8333333333333334,0.25,0.0,19.316790000517578,23.826204449327175,28.779771594224105,12.997388717238989,21.216947695648162,26.589619904711718,1.1609845571975586e-16,4.160982350988305e-16,0.0,2.1241273856335835e-16,2.9166548625991105e-14,converged
2025-01-16T04:55:00+08:00,20.916666666666668,-6.944444444444444,9.444444444444441,3.263888888888889,52.46666666666667,52.46666666666667,44.733333333333334,44.733333333333334,50.0,60.0,85.0,41.03339756883365,13.695058590031321,13.38552576336188,13.952813215440447,74.48059803911877,1.1170292362951948,52.46666666666667,52.434214728116046,52.333333333333336,44.4242085016934,43.302771662317205,42.995816262492326,43.57267989603026,0.4159262444444444,0.4202414347920996,28.997820041760093,29.344635387943136,19.308913212747598,28.77796939300555,23.714835091112857,24.019501373682587,23.82108926007741,23.559949948848157,19.171689179101115,24.029304091585487,23.831401836931896,23.570757718404014,1.0,0.0,0.8333333333333334,0.25,0.0,19.308913212747598,23.82108926007741,28.77796939300555,12.997388717238989,21.216947695648162,26.589619904711718,1.1609845571975586e-16,0.0,0.0,1.161330023254491e-15,2.892514619453816e-14,converged
2025-01-16T05:00:00+08:00,21.0,-6.972222222222222,9.722222222222227,3.256944444444444,52.46666666666667,52.46666666666667,44.733333333333334,44.733333333333334,50.0,60.0,85.0,41.03339756883365,13.695058590031321,13.38552576336188,13.952813215440447,74.48059803911877,1.1170292362951948,52.46666666666667,52.46666666666667,52.424276802541016,44.42298319761409,43.32326988638522,43.05609470294815,43.5994544938189,0.4162662222222222,0.4209420974008113,28.995003227394868,29.3409897877484,19.301010704678706,28.776147146239637,23.709562540641784,24.013476582088398,23.816009423364743,23.55591780146057,19.163284506554284,24.023227261874858,23.826271094231767,23.566675868486573,1.0,0.0,0.8333333333333334,0.25,0.0,19.301010704678706,23.816009423364743,28.776147146239637,12.997388717238989,21.216947695648162,26.589619904711718,1.1609845571975586e-16,5.531179824767531e-16,0.0,1.868322513416416e-15,5.566958606488732e-14,converged
2025-01-16T05:05:00+08:00,21.083333333333332,-7.0,10.0,3.25,52.6,52.6,44.8,44.8,50.0,60.0,85.0,41.094550173258135,13.715468513414379,13.405474385960034,13.973607273883726,74.70276226487015,1.1220308523299272,52.46666666666667,52.46666666666667,52.46666666666667,44.431619398162866,43.33282066961407,43.09472641693548,43.61858858125636,0.41660620000000004,0.42134466559552386,28.992180320393018,29.337345327686204,19.293097780790564,28.774315253779836,23.704280251294772,24.007449711452917,23.810921723286246,23.55187143096799,19.154951008508444,24.017226158118035,23.82120640810987,23.562650198672273,1.0,0.0,0.8333333333333334,0.25,0.0,19.293097780790564,23.810921723286246,28.774315253779836,12.978047364981194,21.185374856815358,26.550052017948754,5.787659084657407e-17,6.907368915089663e-16,0.0,1.3078024452297431e-15,3.1812463700588276e-14,converged
2025-01-16T05:10:00+08:00,21.166666666666668,-7.027777777777778,10.277777777777775,3.243055555555556,52.6,52.6,44.8,44.8,50.0,60.0,85.0,41.094550173258135,13.715468513414379,13.405474385960034,13.973607273883726,74.70276226487015,1.1220308523299272,52.46666666666667,52.46666666666667,52.46666666666667,44.43038783731682,43.331200309186734,43.092923821222165,43.61703601775309,0.41694617777777776,0.42141859852692287,28.989339393075465,29.33369085034037,19.285159300700123,28.7724634041217,23.69897340052076,24.00140683712942,23.805812859376037,23.547798075989594,19.14658931002621,24.011208964097047,23.816120484069025,23.558597479835296,1.0,0.0,0.8333333333333334,0.25,0.0,19.285159300700123,23.805812859376037,28.7724634041217,12.978047364981194,21.185374856815358,26.550052017948754,5.787659084657407e-17,2.7624628394158895e-16,0.0,2.678937039679222e-15,2.5785355624528844e-14,converged
2025-01-16T05:15:00+08:00,21.25,-7.055555555555556,10.55555555555556,3.236111111111111,52.6,52.6,44.8,44.8,50.0,60.0,85.0,41.094550173258135,13.715468513414379,13.405474385960034,13.973607273883726,74.70276226487015,1.1220308523299272,52.5205854036005,52.46666666666667,52.46666666666667,44.46620512502195,43.329572839362434,43.09111397715757,43.627843870002444,0.41728615555555554,0.42176087801078277,28.986585334683394,29.33012570203088,19.277289703264408,28.7706815169949,23.693642088940628,23.995348021236325,23.800682909681875,23.5436978313081,19.138199550097116,24.005175742302274,23.811013400475243,23.554517807039687,1.0,0.0,0.8333333333333334,0.25,0.0,19.277289703264408,23.800682909681875,28.7706815169949,12.978047364981194,21.185374856815358,26.550052017948754,5.787659084657407e-17,2.760220966344786e-16,0.0,3.5485456586729463e-15,2.7473877047961482e-14,converged
2025-01-16T05:20:00+08:00,21.333333333333332,-7.083333333333333,10.833333333333334,3.2291666666666665,52.6,52.6,44.8,44.8,50.0,60.0,85.0,41.094550173258135,13.715468513414379,13.405474385960034,13.973607273883726,74.70276226487015,1.1220308523299272,52.6,52.46666666666667,52.46666666666667,44.51959099144584,43.32793828701068,43.08929691358621,43.64451053954107,0.4176261333333333,0.4222293753259018,28.983967148996427,29.326696314299866,19.269532976173,28.76901168215507,23.68828641676305,23.989273325650938,23.795531951963696,23.539570791373304,19.12978186702567,23.999126554981395,23.80588523540538,23.55041127501539,1.0,0.0,0.8333333333333334,0.25,0.0,19.269532976173,23.795531951963696,28.76901168215507,12.978047364981194,21.185374856815358,26.550052017948754,5.787659084657407e-17,0.0,0.0,1.364904504556633e-15,3.105790551726636e-14,converged
2025-01-16T05:25:00+08:00,21.416666666666668,-7.111111111111111,11.111111111111107,3.2222222222222223,52.6,52.6,44.8,44.8,50.0,60.0,85.0,41.094550173258135,13.715468513414379,13.405474385960034,13.973607273883726,74.70276226487015,1.1220308523299272,52.6,52.56839000381826,52.46666666666667,44.51841718945838,43.395673159399756,43.087472659235516,43.66559429481108,0.41796611111111115,0.4228055508307823,28.98133023883494,29.323256208394405,19.26174999919643,28.76732141221688,23.683103361062983,23.983369342690377,23.790537280979187,23.535585839991708,19.12133639843473,23.99306146414034,23.800736066648188,23.546277978159413,1.0,0.0,0.8333333333333334,0.25,0.0,19.26174999919643,23.790537280979187,28.76732141221688,12.978047364981194,21.185374856815358,26.550052017948754,5.787659084657407e-17,6.883502451551732e-16,0.0,7.054396897268139e-16,3.440997277716436e-14,converged
2025-01-16T05:30:00+08:00,21.5,-7.138888888888889,11.388888888888893,3.2152777777777777,52.6,52.6,44.8,44.8,50.0,60.0,85.0,41.094550173258135,13.715468513414379,13.405474385960034,13.973607273883726,74.70276226487015,1.1220308523299272,52.6,52.6,52.55866527952137,44.51723743602947,43.41564979372206,43.14854680354162,43.69248451483248,0.41830608888888887,0.42350575826876685,28.978674668603574,29.319805419243536,19.253940888912602,28.765610767442436,23.677956390525047,23.977506729866615,23.785576070785307,23.531626046694026,19.113041529681496,23.98714945958442,23.795726464111397,23.542270869726675,1.0,0.0,0.8333333333333334,0.25,0.0,19.253940888912602,23.785576070785307,28.765610767442436,12.978047364981194,21.185374856815358,26.550052017948754,5.787659084657407e-17,1.3744243089258643e-16,0.0,2.5303642601566263e-15,5.218568997348944e-14,converged
2025-01-16T05:35:00+08:00,21.583333333333332,-7.166666666666667,11.666666666666668,3.2083333333333335,52.733333333333334,52.733333333333334,44.86666666666667,44.86666666666667,50.0,60.0,85.0,41.15570277768263,13.735878436797435,13.425423008558187,13.994401332327007,74.92525733831442,1.1270473763000923,52.6,52.6,52.6,44.52595511739819,43.42527683141786,43.186549613463114,43.71145682209527,0.4186460666666667,0.4239014780494095,28.976012497290196,29.316355182268037,19.24612099434006,28.763890184255732,23.67279921564654,23.971641457805138,23.780606603360606,23.527651814213243,19.104815328818248,23.98131067565629,23.790780695773236,23.538317984223873,1.0,0.0,0.8333333333333334,0.25,0.0,19.24612099434006,23.780606603360606,28.763890184255732,12.958763490739024,21.15389584514104,26.510601717773493,2.308188912686916e-16,5.492565034810546e-16,0.0,1.2534979962693842e-15,3.377350791197054e-14,converged
2025-01-16T05:40:00+08:00,21.666666666666668,-7.194444444444444,11.944444444444441,3.201388888888889,52.733333333333334,52.733333333333334,44.86666666666667,44.86666666666667,50.0,60.0,85.0,41.15570277768263,13.735878436797435,13.425423008558187,13.994401332327007,74.92525733831442,1.1270473763000923,52.6,52.6,52.6,44.5247687716964,43.42369585612023,43.1847854424567,43.70994526293423,0.4189860444444444,0.42397356547135295,28.973331754151605,29.312894296725304,19.23827513399211,28.762149316378526,23.667616969449284,23.965759557678663,23.775615538398252,23.52365034562533,19.096560402915113,23.975455173897604,23.785813253008588,23.53433779564151,1.0,0.0,0.8333333333333334,0.25,0.0,19.23827513399211,23.775615538398252,28.762149316378526,12.958763490739024,21.15389584514104,26.510601717773493,2.308188912686916e-16,0.0,0.0,7.122395637148012e-16,3.939183773193722e-14,converged
2025-01-16T05:45:00+08:00,21.75,-7.222222222222222,12.222222222222227,3.194444444444444,52.733333333333334,52.733333333333334,44.86666666666667,44.86666666666667,50.0,60.0,85.0,41.15570277768263,13.735878436797435,13.425423008558187,13.994401332327007,74.92525733831442,1.1270473763000923,52.6544329735803,52.6,52.6,44.5610054446619,43.42210763736397,43.18301388925381,43.72091891103621,0.4193260222222222,0.42431663246374707,28.970738357052955,29.309523083748772,19.23049867223101,28.760478964733707,23.66240975465594,23.95986109403724,23.77060295555542,23.51962173660884,19.08827689356189,23.96958301924415,23.78082421580413,23.530330399948497,1.0,0.0,0.8333333333333334,0.25,0.0,19.23049867223101,23.77060295555542,28.760478964733707,12.958763490739024,21.15389584514104,26.510601717773493,2.308188912686916e-16,8.230786605110123e-16,0.0,5.029836369789918e-15,3.193179616334105e-14,converged
2025-01-16T05:50:00+08:00,21.833333333333332,-7.25,12.5,3.1875,52.733333333333334,52.733333333333334,44.86666666666667,44.86666666666667,50.0,60.0,85.0,41.15570277768263,13.735878436797435,13.425423008558187,13.994401332327007,74.92525733831442,1.1270473763000923,52.733333333333334,52.6,52.6,44.6141132501388,43.42051220253834,43.18123498324111,43.73751851210913,0.419666,0.42478084039821584,28.968279322289767,29.306286092301537,19.222833807922658,28.758919514972515,23.657177673568288,23.953946131180334,23.7655689341955,23.51556608250621,19.07996494165047,23.963694276379496,23.775813663851363,23.526295892776428,1.0,0.0,0.8333333333333334,0.25,0.0,19.222833807922658,23.7655689341955,28.758919514972515,12.958763490739024,21.15389584514104,26.510601717773493,2.308188912686916e-16,6.851493214583306e-16,0.0,3.455516145586456e-16,3.615661707312405e-14,converged
2025-01-16T05:55:00+08:00,21.916666666666668,-7.277777777777778,12.777777777777775,3.180555555555556,52.733333333333334,52.733333333333334,44.86666666666667,44.86666666666667,50.0,60.0,85.0,41.15570277768263,13.735878436797435,13.425423008558187,13.994401332327007,74.92525733831442,1.1270473763000923,52.733333333333334,52.70256277746291,52.6,44.61298416401771,43.488898538912444,43.17944875368599,43.75884263566008,0.42000597777777776,0.42535946932529917,28.96580101689053,29.303037757247136,19.215142289266048,28.757339305276147,23.652119380310268,23.948202850906753,23.760692278611955,23.511653704337093,19.07162468737826,23.957789009735954,23.77078167654769,23.522234369420755,1.0,0.0,0.8333333333333334,0.25,0.0,19.215142289266048,23.760692278611955,28.757339305276147,12.958763490739024,21.15389584514104,26.510601717773493,2.308188912686916e-16,6.842172927970289e-16,0.0,3.866411529631803e-15,4.129962961382726e-14,converged
2025-01-16T06:00:00+08:00,22.0,-7.305555555555556,13.05555555555556,3.173611111111111,52.733333333333334,52.733333333333334,44.86666666666667,44.86666666666667,50.0,60.0,85.0,41.15570277768263,13.735878436797435,13.425423008558187,13.994401332327007,74.92525733831442,1.1270473763000923,52.733333333333334,52.733333333333334,52.69305062085938,44.61184898567683,43.508353683241,43.24131627278486,43.78584739289428,0.4203459555555556,0.42605925695132885,28.963303507148236,29.29977811555825,19.207424234647487,28.75573839687367,23.647095057419858,23.942498797808497,23.75584720475507,23.50776485363675,19.063436601137727,23.95203818582797,23.765890701232834,23.51830057075269,1.0,0.0,0.8333333333333334,0.25,0.0,19.207424234647487,23.75584720475507,28.75573839687367,12.958763490739024,21.15389584514104,26.510601717773493,2.308188912686916e-16,1.366186979012565e-16,0.0,1.6315861099303906e-15,3.253047507722798e-14,converged
2025-01-16T06:05:00+08:00,22.083333333333332,-7.333333333333333,13.333333333333334,3.1666666666666665,52.86666666666667,52.86666666666667,44.93333333333333,44.93333333333333,50.0,60.0,85.0,41.21685538210713,13.756288360180493,13.445371631156343,14.015195390770286,75.14808325945151,1.1320788303901164,52.733333333333334,52.733333333333334,52.733333333333334,44.62064665271134,43.518055577497236,43.27869007119853,43.8046569284229,0.4206859333333333,0.4264481750176118,28.960798897904603,29.29651844900824,19.19969503705201,28.754127262234515,23.642060075928,23.936791518402526,23.750993488284777,23.503861352142824,19.055314695313033,23.946358095188312,23.761061350802233,23.51441904665985,1.0,0.0,0.8333333333333334,0.25,0.0,19.19969503705201,23.750993488284777,28.754127262234515,12.939536838675613,21.12251024299691,26.471268480803506,2.3013447684543585e-16,0.0,0.0,2.101340699453603e-17,2.9925294407596794e-14,converged
2025-01-16T06:10:00+08:00,22.166666666666668,-7.361111111111111,13.611111111111107,3.1597222222222223,52.86666666666667,52.86666666666667,44.93333333333333,44.93333333333333,50.0,60.0,85.0,41.21685538210713,13.756288360180493,13.445371631156343,14.015195390770286,75.14808325945151,1.1320788303901164,52.733333333333334,52.733333333333334,52.733333333333334,44.619504554332416,43.51651307566882,43.27696341529883,43.803185443900226,0.4210259111111111,0.4265184555228965,28.95827517607915,29.29324751432375,19.191939474374227,28.752495520802874,23.636999525059956,23.931067000389664,23.74611774960976,23.499930367795688,19.047163554523877,23.940660673075104,23.75620989854881,23.51050997036425,1.0,0.0,0.8333333333333334,0.25,0.0,19.191939474374227,23.74611774960976,28.752495520802874,12.939536838675613,21.12251024299691,26.471268480803506,2.3013447684543585e-16,0.0,0.0,2.1009995402190757e-17,3.163070920440812e-14,converged
2025-01-16T06:15:00+08:00,22.25,-7.388888888888889,13.888888888888893,3.1527777777777777,52.86666666666667,52.86666666666667,44.93333333333333,44.93333333333333,50.0,60.0,85.0,41.21685538210713,13.756288360180493,13.445371631156343,14.015195390770286,75.14808325945151,1.1320788303901164,52.78827901763531,52.733333333333334,52.733333333333334,44.65615894227692,43.51496319974921,43.27522924693107,43.81432372603598,0.4213658888888889,0.4268623420166224,28.955839285594326,29.290066605017532,19.184253834156657,28.75093485251172,23.631913509592152,23.925325310698465,23.741220069963653,23.495971997152793,19.038983322888466,23.93494598681605,23.75133642604665,23.506573438722526,1.0,0.0,0.8333333333333334,0.25,0.0,19.184253834156657,23.741220069963653,28.75093485251172,12.939536838675613,21.12251024299691,26.471268480803506,2.3013447684543585e-16,4.090850036464502e-16,0.0,2.20666032396623e-15,2.785499541480293e-14,converged
2025-01-16T06:20:00+08:00,22.333333333333332,-7.416666666666667,14.166666666666668,3.1458333333333335,52.86666666666667,52.86666666666667,44.93333333333333,44.93333333333333,50.0,60.0,85.0,41.21685538210713,13.756288360180493,13.445371631156343,14.015195390770286,75.14808325945151,1.1320788303901164,52.86666666666667,52.733333333333334,52.733333333333334,44.70898830677988,43.513405977634314,43.273487596009645,43.8308555297764,0.4217058666666667,0.42732230488764894,28.95353626011694,29.287018392069015,19.176678530806484,28.74948394308171,23.626802133871674,23.91956651599763,23.73630053028044,23.491986336432344,19.03077414381455,23.9292141034773,23.746441014568763,23.50260954825082,1.0,0.0,0.8333333333333334,0.25,0.0,19.176678530806484,23.73630053028044,28.74948394308171,12.939536838675613,21.12251024299691,26.471268480803506,2.3013447684543585e-16,1.0897191229701205e-15,0.0,2.1453671669327006e-15,3.484542855084574e-14,converged
2025-01-16T06:25:00+08:00,22.416666666666668,-7.444444444444444,14.444444444444441,3.138888888888889,52.86666666666667,52.86666666666667,44.93333333333333,44.93333333333333,50.0,60.0,85.0,41.21685538210713,13.756288360180493,13.445371631156343,14.015195390770286,75.14808325945151,1.1320788303901164,52.86666666666667,52.83673306018675,52.733333333333334,44.70790297870207,43.582441732894566,43.271738492327444,43.85241872913269,0.4220458444444445,0.4279034149012689,28.951213428486724,29.28395822168529,19.169076178776873,28.748011954223763,23.621865724890725,23.91398038360088,23.73153944063958,23.488145140311353,19.022536160002936,23.92346508986447,23.741523745088195,23.498618395125987,1.0,0.0,0.8333333333333334,0.25,0.0,19.169076178776873,23.73153944063958,28.748011954223763,12.939536838675613,21.12251024299691,26.471268480803506,2.3013447684543585e-16,4.08089715247291e-16,0.0,3.745417480684135e-15,2.5871107920764246e-14,converged
2025-01-16T06:30:00+08:00,22.5,-7.472222222222222,14.722222222222227,3.131944444444444,52.86666666666667,52.86666666666667,44.93333333333333,44.93333333333333,50.0,60.0,85.0,41.21685538210713,13.756288360180493,13.445371631156343,14.015195390770286,75.14808325945151,1.1320788303901164,52.86666666666667,52.86666666666667,52.82743284051191,44.70681142089301,43.60137550647616,43.33439708295906,43.87953696070207,0.4223858222222222,0.428602817247223,28.948870858848913,29.280886132845446,19.161446898217864,28.746518948118386,23.616961187096187,23.908431352800395,23.726808066137856,23.48432584924892,19.01445192164096,23.9178718842632,23.736748937705237,23.494756503402844,1.0,0.0,0.8333333333333334,0.25,0.0,19.161446898217864,23.726808066137856,28.746518948118386,12.939536838675613,21.12251024299691,26.471268480803506,2.3013447684543585e-16,4.0742378657692696e-16,0.0,1.4275744456385191e-16,4.4549517566265836e-14,converged
2025-01-16T06:35:00+08:00,22.583333333333332,-7.5,15.0,3.125,53.0,53.0,45.0,45.0,50.0,60.0,85.0,41.27800798653161,13.77669828356355,13.4653202537545,14.035989449213565,75.3712400282815,1.1371252367844282,52.86666666666667,52.86666666666667,52.86666666666667,44.715687609056396,43.611150890031325,43.3711417911194,43.89818276291019,0.4227258,0.4289849795129937,28.946520701119315,29.27781345282624,19.153806125519715,28.74501543276403,23.612045547376045,23.90287854145349,23.722067671941147,23.48049170015852,19.00643139493064,23.912346942222612,23.732033558757827,23.49094494661026,1.0,0.0,0.8333333333333334,0.25,0.0,19.153806125519715,23.722067671941147,28.74501543276403,12.920367154470167,21.091217635229505,26.43205178675787,1.7208982650771557e-16,4.0706083214998207e-16,1.1412982399761804e-16,2.6196697559507342e-15,2.9764526527727085e-14,converged
2025-01-16T06:40:00+08:00,22.666666666666668,-7.527777777777778,15.277777777777775,3.118055555555556,53.0,53.0,45.0,45.0,50.0,60.0,85.0,41.27800798653161,13.77669828356355,13.4653202537545,14.035989449213565,75.3712400282815,1.1371252367844282,52.86666666666667,52.86666666666667,52.86666666666667,44.71458881101387,43.60964597151235,43.36945176307733,43.89675044488973,0.4230657777777778,0.4290534908604251,28.944150900592643,29.27472889660345,19.146138598434415,28.74349099381538,23.607103851776902,23.897307894483006,23.717304839719812,23.476629826246253,18.998381137590183,23.906804068676774,23.727295659509036,23.487105593326312,1.0,0.0,0.8333333333333334,0.25,0.0,19.146138598434415,23.717304839719812,28.74349099381538,12.920367154470167,21.091217635229505,26.43205178675787,1.7208982650771557e-16,9.49656942720972e-16,1.1412982399761804e-16,4.971158711963686e-16,2.967870254696989e-14,converged
2025-01-16T06:45:00+08:00,22.75,-7.555555555555556,15.55555555555556,3.111111111111111,53.0,53.0,45.0,45.0,50.0,60.0,85.0,41.27800798653161,13.77669828356355,13.4653202537545,14.035989449213565,75.3712400282815,1.1371252367844282,52.92212354254746,52.86666666666667,52.86666666666667,44.751659266086385,43.608133551617385,43.36775409577964,43.90805222128355,0.4234057555555556,0.4293982280408918,28.941869424691888,29.27173472764442,19.138541525369252,28.742038188040482,23.60213620708208,23.891719481144058,23.712519652251657,23.47274032493186,18.990301296196375,23.90124333329298,23.722535323087808,23.483238541278542,1.0,0.0,0.8333333333333334,0.25,0.0,19.138541525369252,23.712519652251657,28.742038188040482,12.920367154470167,21.091217635229505,26.43205178675787,1.7208982650771557e-16,1.3555636030226997e-16,1.1412982399761804e-16,6.294868808423112e-16,4.82606422875222e-14,converged
2025-01-16T06:50:00+08:00,22.833333333333332,-7.583333333333333,15.833333333333334,3.1041666666666665,53.0,53.0,45.0,45.0,50.0,60.0,85.0,41.27800798653161,13.77669828356355,13.4653202537545,14.035989449213565,75.3712400282815,1.1371252367844282,53.0,52.86666666666667,52.86666666666667,44.804209829056134,43.606613658736144,43.366048819654296,43.92451551982224,0.42374573333333326,0.42985398931626834,28.939719329293467,29.26887174352414,19.13105354062277,28.740694005388292,23.597142719637272,23.88611337042283,23.70771219200912,23.46882329329277,18.98219201660336,23.895664805467863,23.717752632316238,23.479343887850895,1.0,0.0,0.8333333333333334,0.25,0.0,19.13105354062277,23.70771219200912,28.740694005388292,12.920367154470167,21.091217635229505,26.43205178675787,1.7208982650771557e-16,2.708252679290161e-16,1.1412982399761804e-16,3.748155865392114e-15,2.909912953202732e-14,converged
2025-01-16T06:55:00+08:00,22.916666666666668,-7.611111111111111,16.111111111111107,3.0972222222222223,53.0,53.0,45.0,45.0,50.0,60.0,85.0,41.27800798653161,13.77669828356355,13.4653202537545,14.035989449213565,75.3712400282815,1.1371252367844282,53.0,52.97090086306054,52.86666666666667,44.80316732181678,43.67629681168626,43.36433596500565,43.946316524695995,0.4240857111111111,0.43043760729422614,28.93754890266074,29.265996199529145,19.123538122736885,28.739328429070188,23.592325385138444,23.880680911196627,23.703064271122077,23.46505191612081,18.974053443946197,23.89006855432843,23.712947669710694,23.475421730084935,1.0,0.0,0.8333333333333334,0.25,0.0,19.123538122736885,23.703064271122077,28.739328429070188,12.920367154470167,21.091217635229505,26.43205178675787,1.7208982650771557e-16,1.2170612868013539e-15,1.1412982399761804e-16,4.305322356524176e-17,3.618125890490454e-14,converged
2025-01-16T07:00:00+08:00,23.0,-7.638888888888889,16.388888888888893,3.0902777777777777,53.0,53.0,45.0,45.0,50.0,60.0,85.0,41.27800798653161,13.77669828356355,13.4653202537545,14.035989449213565,75.3712400282815,1.1371252367844282,53.0,53.0,52.96181195235313,44.80211845052995,43.694709352750806,43.42778334913834,43.973547189351514,0.4244256888888889,0.4311366580833931,28.935358214755794,29.26310813660837,19.115995393581844,28.737941522202878,23.587537837968515,23.875283445051206,23.698444211061176,23.46130082969328,18.966070202987712,23.88462948501264,23.708286623478255,23.471630370802853,1.0,0.0,0.8333333333333334,0.25,0.0,19.115995393581844,23.698444211061176,28.737941522202878,12.920367154470167,21.091217635229505,26.43205178675787,1.7208982650771557e-16,8.10058618149912e-16,1.1412982399761804e-16,2.8527180406799783e-15,4.6621174070311044e-14,converged
2025-01-16T07:05:00+08:00,23.083333333333332,-7.666666666666667,16.666666666666668,3.0833333333333335,53.13333333333333,53.13333333333333,45.06666666666667,45.06666666666667,50.0,60.0,85.0,41.33916059095611,13.797108206946609,13.485268876352658,14.056783507656847,75.59472764480431,1.1421866176674544,53.0,53.0,53.0,44.81107172523545,43.70455688826733,43.46389891622134,43.99202832590456,0.4247656666666667,0.4315121096928879,28.933159459804124,29.260218926709538,19.10844083240269,28.736543827805917,23.582738756224764,23.86988165666336,23.693814762347156,23.457534682289822,18.958148223211584,23.879256226893663,23.703682821902696,23.467887415410207,1.0,0.0,0.8333333333333334,0.25,0.0,19.10844083240269,23.693814762347156,28.736543827805917,12.901254185306748,21.060017609141884,26.392951118434258,1.715810615931206e-16,2.697845998106263e-16,0.0,1.7238683251443224e-16,2.9381211802555164e-14,converged
2025-01-16T07:10:00+08:00,23.166666666666668,-7.694444444444444,16.944444444444443,3.076388888888889,53.13333333333333,53.13333333333333,45.06666666666667,45.06666666666667,50.0,60.0,85.0,41.33916059095611,13.797108206946609,13.485268876352658,14.056783507656847,75.59472764480431,1.1421866176674544,53.0,53.0,53.0,44.81001530092212,43.70308868388952,43.462244650579784,43.990634287309504,0.42510564444444443,0.4315788888255175,28.93094054217404,29.257317243821944,19.100859137276228,28.735124898224484,23.577913143380727,23.86446144885748,23.689162468448092,23.453740572777388,18.95019603099051,23.87386445054386,23.69905609027565,23.464116423975074,1.0,0.0,0.8333333333333334,0.25,0.0,19.100859137276228,23.689162468448092,28.735124898224484,12.901254185306748,21.060017609141884,26.392951118434258,1.715810615931206e-16,0.0,0.0,9.344848973169439e-17,3.460008761846407e-14,converged
2025-01-16T07:15:00+08:00,23.25,-7.722222222222222,17.22222222222223,3.069444444444444,53.13333333333333,53.13333333333333,45.06666666666667,45.06666666666667,50.0,60.0,85.0,41.33916059095611,13.797108206946609,13.485268876352658,14.056783507656847,75.59472764480431,1.1421866176674544,53.05596655505849,53.0,53.0,44.84750019724505,43.70161285411922,43.46058262229168,44.002098439721436,0.4254456222222222,0.431924507088802,28.9288104502422,29.254506318952192,19.09334843516844,28.7337781648948,23.57306110818084,23.859022893164436,23.684487413654384,23.449918599421746,18.942213775292043,23.86845422791898,23.69440651324905,23.460317495079423,1.0,0.0,0.8333333333333334,0.25,0.0,19.09334843516844,23.684487413654384,28.7337781648948,12.901254185306748,21.060017609141884,26.392951118434258,1.715810615931206e-16,2.6952701205028007e-16,0.0,1.4367550419892548e-15,3.964353532272626e-14,converged
2025-01-16T07:20:00+08:00,23.333333333333332,-7.75,17.5,3.0625,53.13333333333333,53.13333333333333,45.06666666666667,45.06666666666667,50.0,60.0,85.0,41.33916059095611,13.797108206946609,13.485268876352658,14.056783507656847,75.59472764480431,1.1421866176674544,53.13333333333333,53.0,53.0,44.89977161713837,43.70012942782747,43.458912862284805,44.01849254568252,0.4257856,0.43237610940510607,28.926810266915957,29.25182508083397,19.08594558460444,28.732538926138112,23.568182758923825,23.85356606083731,23.67978968194543,23.446068860143335,18.934201604349212,23.863025630695184,23.689734175162318,23.456490726958588,1.0,0.0,0.8333333333333334,0.25,0.0,19.08594558460444,23.67978968194543,28.732538926138112,12.901254185306748,21.060017609141884,26.392951118434258,1.715810615931206e-16,9.423592505027063e-16,0.0,8.248600993560803e-16,3.0677594040537826e-14,converged
2025-01-16T07:25:00+08:00,23.416666666666668,-7.777777777777778,17.777777777777775,3.055555555555556,53.13333333333333,53.13333333333333,45.06666666666667,45.06666666666667,50.0,60.0,85.0,41.33916059095611,13.797108206946609,13.485268876352658,14.056783507656847,75.59472764480431,1.1421866176674544,53.13333333333333,53.10506619708955,53.0,44.89877101370006,43.770457980666194,43.45723540136127,44.04053010746984,0.4261255777777778,0.4329622614565188,28.924789237503887,29.24913069157789,19.078514926058286,28.731277984644546,23.56348175586099,23.848283878381007,23.675252583780136,23.442365966319407,18.926159665664166,23.857578730270106,23.68503916004352,23.45263621750248,1.0,0.0,0.8333333333333334,0.25,0.0,19.078514926058286,23.675252583780136,28.731277984644546,12.901254185306748,21.060017609141884,26.392951118434258,1.715810615931206e-16,5.377619815422462e-16,0.0,3.956813846795646e-16,4.0254928600197665e-14,converged
2025-01-16T07:30:00+08:00,23.5,-7.805555555555556,18.05555555555556,3.048611111111111,53.13333333333333,53.13333333333333,45.06666666666667,45.06666666666667,50.0,60.0,85.0,41.33916059095611,13.797108206946609,13.485268876352658,14.056783507656847,75.59472764480431,1.1421866176674544,53.13333333333333,53.13333333333333,53.09618797017509,44.897763915023255,43.78834944592706,43.521469325636716,44.06787218508934,0.42646555555555554,0.4336609936214949,28.92274743375022,29.246423194066846,19.071056583078022,28.729995404452005,23.55880847131013,23.843034597241584,23.67074150420464,23.43868175691506,18.918274653376706,23.852290393734112,23.6804895195703,23.448914043900828,1.0,0.0,0.8333333333333334,0.25,0.0,19.071056583078022,23.67074150420464,28.729995404452005,12.901254185306748,21.060017609141884,26.392951118434258,1.715810615931206e-16,0.0,0.0,3.002739985472635e-16,3.567653970302678e-14,converged
2025-01-16T07:35:00+08:00,23.583333333333332,-7.833333333333333,18.333333333333336,3.0416666666666665,53.266666666666666,53.266666666666666,45.13333333333333,45.13333333333333,50.0,60.0,85.0,41.40031319538059,13.817518130329663,13.505217498950808,14.077577566100123,75.81854610901998,1.1472629952236226,53.13333333333333,53.13333333333333,53.13333333333333,44.90679287098212,43.79826782528763,43.55695572798485,44.08618775220065,0.4268055333333333,0.43402977896524164,28.920697093440765,29.24371400410347,19.0635860772236,28.728701763101583,23.55412322995852,23.837780464424252,23.666220674967484,23.434982287785342,18.91044846969349,23.84706543307331,23.67599495245357,23.445238351646417,1.0,0.0,0.8333333333333334,0.25,0.0,19.0635860772236,23.666220674967484,28.728701763101583,12.882197679863165,21.028909754475503,26.353965961686207,1.7107454951045627e-16,5.364393295984316e-16,0.0,1.4764982239296632e-15,3.06450325106623e-14,converged
2025-01-16T07:40:00+08:00,23.666666666666668,-7.861111111111111,18.611111111111107,3.0347222222222223,53.266666666666666,53.266666666666666,45.13333333333333,45.13333333333333,50.0,60.0,85.0,41.40031319538059,13.817518130329663,13.505217498950808,14.077577566100123,75.81854610901998,1.1472629952236226,53.13333333333333,53.13333333333333,53.13333333333333,44.90577791372451,43.79683548637702,43.55533638053369,44.08483112651732,0.42714551111111115,0.4340948620282026,28.91862608070208,29.240991755439843,19.056088067355663,28.727386580101076,23.549410993300206,23.832507341320422,23.66167660186066,23.431254623847156,18.902591605205046,23.841821380463887,23.671477054078366,23.441534388440715,1.0,0.0,0.8333333333333334,0.25,0.0,19.056088067355663,23.66167660186066,28.727386580101076,12.882197679863165,21.028909754475503,26.353965961686207,1.7107454951045627e-16,5.363589022132746e-16,0.0,2.132863373560017e-15,2.7647893774981988e-14,converged
2025-01-16T07:45:00+08:00,23.75,-7.888888888888889,18.888888888888893,3.0277777777777777,53.266666666666666,53.266666666666666,45.13333333333333,45.13333333333333,50.0,60.0,85.0,41.40031319538059,13.817518130329663,13.505217498950808,14.077577566100123,75.81854610901998,1.1472629952236226,53.18980806187031,53.13333333333333,53.13333333333333,44.94367564694676,43.79539540124816,43.55370915035651,44.0964565577479,0.4274854888888889,0.43444139099870643,28.916644402327442,29.23836064421578,19.048661596702143,28.72614415939605,23.544671871996034,23.827215301687062,23.65710937065622,23.427498864196348,18.89470421120378,23.83655831010003,23.666935910588414,23.437802253703975,1.0,0.0,0.8333333333333334,0.25,0.0,19.048661596702143,23.65710937065622,28.72614415939605,12.882197679863165,21.028909754475503,26.353965961686207,1.7107454951045627e-16,6.699138493647894e-16,0.0,2.4994199905726238e-15,2.618150539921801e-14,converged
2025-01-16T07:50:00+08:00,23.833333333333332,-7.916666666666667,19.166666666666668,3.0208333333333335,53.266666666666666,53.266666666666666,45.13333333333333,45.13333333333333,50.0,60.0,85.0,41.40031319538059,13.817518130329663,13.505217498950808,14.077577566100123,75.81854610901998,1.1472629952236226,53.266666666666666,53.13333333333333,53.13333333333333,44.99566760079497,43.79394759924121,43.5520740688675,44.11278080375666,0.42782546666666665,0.4348888761791019,28.914791173059523,29.23585773487083,19.041341752335114,28.725008111809192,23.539905976253227,23.821904418994677,23.652519066809713,23.423715107580467,18.886786438236047,23.83127629588761,23.662371607809384,23.43404204650682,1.0,0.0,0.8333333333333334,0.25,0.0,19.041341752335114,23.652519066809713,28.725008111809192,12.882197679863165,21.028909754475503,26.353965961686207,1.7107454951045627e-16,1.3384490636981833e-16,0.0,3.52075376917996e-17,2.889733138036861e-14,converged
2025-01-16T07:55:00+08:00,23.916666666666668,-7.944444444444444,19.444444444444443,3.013888888888889,53.266666666666666,53.266666666666666,45.13333333333333,45.13333333333333,50.0,60.0,85.0,41.40031319538059,13.817518130329663,13.505217498950808,14.077577566100123,75.81854610901998,1.1472629952236226,53.266666666666666,53.239229073213984,53.13333333333333,44.99470800384684,43.86491957706656,43.55043116735319,44.13505369504569,0.42816544444444443,0.4354775876618555,28.912916592882855,29.233341094092978,19.03399373451294,28.723850057495174,23.53531862674604,23.816769193455055,23.64809049540176,23.420079388445902,18.878838436105827,23.82597541144527,23.657784231250062,23.430253865571473,1.0,0.0,0.8333333333333334,0.25,0.0,19.03399373451294,23.64809049540176,28.723850057495174,12.882197679863165,21.028909754475503,26.353965961686207,1.7107454951045627e-16,8.019837883183804e-16,0.0,4.992979798499487e-16,4.6782306381772705e-14,converged
2025-01-16T08:00:00+08:00,24.0,-7.972222222222222,19.72222222222223,3.006944444444444,53.266666666666666,53.266666666666666,45.13333333333333,45.13333333333333,50.0,60.0,85.0,41.40031319538059,13.817518130329663,13.505217498950808,14.077577566100123,75.81854610901998,1.1472629952236226,53.266666666666666,53.266666666666666,53.230560907688364,44.993741783525905,43.88229014123294,43.615449402545494,44.16250618614428,0.4285054222222222,0.4361760333620477,28.911020735289792,29.23081076666386,19.026617668420126,28.722670061398343,23.530756941697796,23.811664793914723,23.643686112230007,23.416460755290473,18.871048963152102,23.820834480934682,23.65334369143993,23.426599558071686,1.0,0.0,0.8333333333333334,0.25,0.0,19.026617668420126,23.643686112230007,28.722670061398343,12.882197679863165,21.028909754475503,26.353965961686207,1.7107454951045627e-16,2.00174894290279e-15,0.0,1.5104797370533427e-15,5.4035252446344675e-14,converged
