timestamp,elapsed_hours,outdoor_temperature_c,solar_radiation_w_m2,wind_m_s,raw_supply_target_c,applied_supply_setpoint_c,raw_pump_target_hz,applied_pump_frequency_hz,near_valve_pct,mid_valve_pct,far_valve_pct,total_flow_m3_h,near_flow_m3_h,mid_flow_m3_h,far_flow_m3_h,pump_pressure_kpa,pump_power_kw,delivered_supply_near_c,delivered_supply_mid_c,delivered_supply_far_c,return_near_c,return_mid_c,return_far_c,station_return_c,required_heat_load_mw,actual_heat_supply_mw,B01_indoor_c,B02_indoor_c,B03_indoor_c,B04_indoor_c,B05_indoor_c,B06_indoor_c,B07_indoor_c,B08_indoor_c,B09_indoor_c,B10_indoor_c,B11_indoor_c,B12_indoor_c,compliance_rate,comfort_rate,overheating_rate,severe_overheating_rate,underheating_rate,P10_c,P50_c,P90_c,near_transport_delay_min,mid_transport_delay_min,far_transport_delay_min,hydraulic_residual,heat_balance_residual,mass_residual,pipe_heat_balance_residual,building_heat_balance_residual,solver_status
2025-01-15T08:05:00+08:00,0.08333333333333333,-6.0,20.0,3.0,51.8,51.8,44.4,44.4,50.0,60.0,85.0,40.72763454671606,13.593008973117659,13.285782650372692,13.848842923225705,73.37473962574259,1.092243998697986,51.8,51.8,51.8,43.688289222435756,42.57959109319344,42.328632261738726,42.8642885550349,0.3960234,0.42171849242954124,28.371391546003487,28.51253477509917,18.39706391071338,28.19939691391886,23.003234814890135,23.14357781046072,23.062320278611764,22.948661915723008,18.2884642163994,23.157737499879033,23.07658413235342,22.96304055521793,1.0,0.0,0.6666666666666666,0.25,0.0,18.39706391071338,23.062320278611764,28.19939691391886,13.094966710610093,21.376234089757084,26.789241675764913,2.390551130416141e-13,2.760498387354568e-16,0.0,1.1041993549418258e-15,3.259204146490252e-14,converged
2025-01-15T08:10:00+08:00,0.16666666666666666,-5.916666666666667,28.333333333333332,2.9895833333333335,51.8,51.8,44.4,44.4,50.0,60.0,85.0,40.72763454671606,13.593008973117659,13.285782650372692,13.848842923225705,73.37473962574259,1.092243998697986,51.8,51.8,51.8,43.68824571006972,42.579337157341854,42.328330392105414,42.86408854966413,0.3911793166666667,0.42172793162909017,28.371884083897896,28.51298851626822,18.395759800443106,28.200164277952048,23.00272379392023,23.1429958054142,23.061812223016787,22.948253689923064,18.287204054902944,23.157165062440065,23.076084956538253,22.962640615447913,1.0,0.0,0.6666666666666666,0.25,0.0,18.395759800443106,23.061812223016787,28.200164277952048,13.094966710610093,21.376234089757084,26.789241675764913,2.390551130416141e-13,0.0,0.0,8.28130980397016e-16,3.446952210663085e-14,converged
2025-01-15T08:15:00+08:00,0.25,-5.833333333333333,36.666666666666664,2.9791666666666665,51.8,51.8,44.4,44.4,50.0,60.0,85.0,40.72763454671606,13.593008973117659,13.285782650372692,13.848842923225705,73.37473962574259,1.092243998697986,51.8,51.8,51.8,43.68837806654468,42.579270700120645,42.32821991837278,42.864073480121746,0.38633523333333336,0.42172864283208045,28.3729156645787,28.51408446673291,18.395110034710882,28.201345433634295,23.00281086385535,23.143112072860422,23.061892456468605,22.948310367378944,18.286615123845618,23.15729086088712,23.076174037485863,22.96270555019198,1.0,0.0,0.6666666666666666,0.25,0.0,18.395110034710882,23.061892456468605,28.201345433634295,13.094966710610093,21.376234089757084,26.789241675764913,2.390551130416141e-13,8.281295838373103e-16,0.0,0.0,2.6354519090680063e-14,converged
2025-01-15T08:20:00+08:00,0.3333333333333333,-5.75,45.0,2.96875,51.8,51.8,44.4,44.4,50.0,60.0,85.0,40.72763454671606,13.593008973117659,13.285782650372692,13.848842923225705,73.37473962574259,1.092243998697986,51.8,51.8,51.8,43.68868566480059,42.57939100689193,42.328300076999845,42.86424264437052,0.38149115,0.4217206591709691,28.374484435610498,28.515820535490295,18.395111709324425,28.20293916180338,23.003493576357574,23.14392390451137,23.062558811131098,22.948830316365054,18.286694117059078,23.15811218550519,23.0768492062231,22.963233726879952,1.0,0.0,0.6666666666666666,0.25,0.0,18.395111709324425,23.062558811131098,28.20293916180338,13.094966710610093,21.376234089757084,26.789241675764913,2.390551130416141e-13,1.1041936817208575e-15,0.0,2.7604842043021437e-16,2.4619452767219224e-14,converged
2025-01-15T08:25:00+08:00,0.4166666666666667,-5.666666666666667,53.33333333333333,2.9583333333333335,51.8,51.8,44.4,44.4,50.0,60.0,85.0,40.72763454671606,13.593008973117659,13.285782650372692,13.848842923225705,73.37473962574259,1.092243998697986,51.8,51.8,51.8,43.689167880067636,42.57969736575057,42.328570107544614,42.864595343082826,0.3766470666666667,0.42170401365033516,28.376588550923834,28.518194638345623,18.395761932981195,28.20494424688912,23.004769493111475,23.145428602583273,23.06380912715659,22.94981191088286,18.287437744659627,23.159626337095126,23.07810830177407,22.96422351867499,1.0,0.0,0.6666666666666666,0.25,0.0,18.395761932981195,23.06380912715659,28.20494424688912,13.094966710610093,21.376234089757084,26.789241675764913,2.390551130416141e-13,8.281779498792942e-16,0.0,0.0,3.236226270306188e-14,converged
2025-01-15T08:30:00+08:00,0.5,-5.583333333333333,61.66666666666667,2.9479166666666665,51.8,51.8,44.4,44.4,50.0,60.0,85.0,40.72763454671606,13.593008973117659,13.285782650372692,13.848842923225705,73.37473962574259,1.092243998697986,51.8,51.8,51.8,43.689824089857645,42.580189067513615,42.32902925265135,42.86513087962997,0.3718029833333333,0.4216787391473821,28.379226170793324,28.52120469789019,18.397057827211178,28.20735947690279,23.00663618578308,23.147623479755854,23.065641252656405,22.951253530640784,18.288842732968,23.16183062693284,23.079949171130668,22.96567330445347,1.0,0.0,0.6666666666666666,0.25,0.0,18.397057827211178,23.065641252656405,28.20735947690279,13.094966710610093,21.376234089757084,26.789241675764913,2.390551130416141e-13,9.662655205669774e-16,0.0,1.380379315095682e-16,3.682530480234635e-14,converged
2025-01-15T08:35:00+08:00,0.5833333333333334,-5.5,70.0,2.9375,51.4,51.4,44.2,44.2,50.0,60.0,85.0,40.54417673343772,13.531779202966865,13.22593678257664,13.786460747894214,72.71519475005029,1.0775503315615431,51.8,51.8,51.8,43.66048919046984,42.54671608945168,42.29454777976476,42.83269607760266,0.36695890000000003,0.4213031418260151,28.38235902925728,28.524814334916094,18.398949783579326,28.210152178387577,23.009045762932345,23.150462986050172,23.068012193400723,22.953114497354917,18.29085319246349,23.164679743969696,23.082329048018316,22.967542624224777,1.0,0.0,0.6666666666666666,0.25,0.0,18.398949783579326,23.068012193400723,28.210152178387577,13.154219953646097,21.47295913088977,26.910459963893757,1.1891713201276387e-16,1.3816099415063307e-16,0.0,2.4782628325769806e-15,2.7656106650020502e-14,converged
2025-01-15T08:40:00+08:00,0.6666666666666666,-5.416666666666667,78.33333333333334,2.9270833333333335,51.4,51.4,44.2,44.2,50.0,60.0,85.0,40.54417673343772,13.531779202966865,13.22593678257664,13.786460747894214,72.71519475005029,1.0775503315615431,51.8,51.8,51.8,43.661483563984554,42.54756604322381,42.29537223174805,42.83358556052022,0.36211481666666673,0.4212613520137135,28.386021862259582,28.52905591157724,18.401481902406267,28.21335270822812,23.01204147952948,23.153987499080742,23.0709608179164,22.955432405702958,18.293518776516255,23.168213823270285,23.085286570031773,22.96986885203453,1.0,0.0,0.6666666666666666,0.25,0.0,18.401481902406267,23.0709608179164,28.21335270822812,13.154219953646097,21.47295913088977,26.910459963893757,1.1891713201276387e-16,2.7634939989259945e-16,0.0,1.4335625119428596e-15,3.0993468054071394e-14,converged
2025-01-15T08:45:00+08:00,0.75,-5.333333333333333,86.66666666666666,2.9166666666666665,51.4,51.4,44.2,44.2,50.0,60.0,85.0,40.54417673343772,13.531779202966865,13.22593678257664,13.786460747894214,72.71519475005029,1.0775503315615431,51.65233759629169,51.8,51.8,43.56168951202372,42.548599959905005,42.29638429399915,42.80096031294307,0.3572707333333333,0.420478739325135,28.389926435158834,28.53365602240863,18.404393618409504,28.21671434522524,23.015620937084737,23.158194363034557,23.074484998267387,22.95820565252082,18.29683625931444,23.172430207649644,23.0888196081398,22.972650383904096,1.0,0.0,0.6666666666666666,0.25,0.0,18.404393618409504,23.074484998267387,28.21671434522524,13.154219953646097,21.47295913088977,26.910459963893757,1.1891713201276387e-16,1.3843187650079581e-16,0.0,2.093782132074537e-15,4.23560982089366e-14,converged
2025-01-15T08:50:00+08:00,0.8333333333333334,-5.25,95.0,2.90625,51.4,51.4,44.2,44.2,50.0,60.0,85.0,40.54417673343772,13.531779202966865,13.22593678257664,13.786460747894214,72.71519475005029,1.0775503315615431,51.4,51.8,51.8,43.39034235240643,42.54981713857951,42.29758321865968,42.744577254777845,0.35242665,0.41917096267455806,28.393869725053232,28.538421901434884,18.407501528879546,28.220063188373693,23.019781746923016,23.16308093239536,23.078582614356012,22.96143264026907,18.300802430929977,23.17732625023087,23.092926041158147,22.975885621485617,1.0,0.0,0.6666666666666666,0.25,0.0,18.407501528879546,23.078582614356012,28.220063188373693,13.154219953646097,21.47295913088977,26.910459963893757,1.1891713201276387e-16,4.16591315453257e-16,0.0,1.7835315692842564e-15,3.3331442589029956e-14,converged
2025-01-15T08:55:00+08:00,0.9166666666666666,-5.166666666666667,103.33333333333334,2.8958333333333335,51.4,51.4,44.2,44.2,50.0,60.0,85.0,40.54417673343772,13.531779202966865,13.22593678257664,13.786460747894214,72.71519475005029,1.0775503315615431,51.4,51.517836730471174,51.8,43.39162651068592,42.3597800984726,42.29896826090415,42.683484730486384,0.3475825666666667,0.41771676667385355,28.39834020567461,28.54381595712881,18.411244206709387,28.223818222047786,23.02397668789704,23.168128366292486,23.082761124982415,22.964644672920603,18.305414097240387,23.182899314405127,23.09760375572063,22.97957297204225,1.0,0.0,0.6666666666666666,0.25,0.0,18.411244206709387,23.082761124982415,28.223818222047786,13.154219953646097,21.47295913088977,26.910459963893757,1.1891713201276387e-16,2.7869439561622865e-16,0.0,4.903279522873022e-15,3.0640931927022237e-14,converged
2025-01-15T09:00:00+08:00,1.0,-5.083333333333333,111.66666666666666,2.8854166666666665,51.4,51.4,44.2,44.2,50.0,60.0,85.0,40.54417673343772,13.531779202966865,13.22593678257664,13.786460747894214,72.71519475005029,1.0775503315615431,51.4,51.4,51.552836797111496,43.393082446784604,42.28121824063242,42.13241168613086,42.60170779710062,0.34273848333333334,0.4158042684627726,28.403336066136227,28.549836145101402,18.415618835482896,28.227978250021593,23.028523392220926,23.173637087770803,23.087306226282777,22.96811417805598,18.31019026883247,23.188693964022015,23.102420451149634,22.98330111655908,1.0,0.0,0.6666666666666666,0.25,0.0,18.415618835482896,23.087306226282777,28.227978250021593,13.154219953646097,21.47295913088977,26.910459963893757,1.1891713201276387e-16,1.5398694015702892e-15,0.0,5.385168276514278e-15,3.2106221733212815e-14,converged
2025-01-15T09:05:00+08:00,1.0833333333333333,-5.0,120.0,2.875,51.0,51.0,44.0,44.0,50.0,60.0,85.0,40.360718920164246,13.470549432817693,13.166090914782176,13.724078572564375,72.0586275035817,1.0629890389052916,51.4,51.4,51.4,43.364824208422235,42.24885852720663,41.99513683903322,42.53504209378123,0.33789440000000004,0.4146101153776143,28.40881944564861,28.556446484582782,18.420576088473627,28.232510930361073,23.033602330030735,23.17977789840924,23.092380433865358,22.971996177453665,18.315260832720753,23.194840362748895,23.107499943719596,22.987188140277016,1.0,0.0,0.6666666666666666,0.25,0.0,18.420576088473627,23.092380433865358,28.232510930361073,13.214011862526307,21.570563490575633,27.03278023645691,6.000032690739051e-17,8.423479132020738e-16,0.0,2.184839899867879e-15,2.705056840420373e-14,converged
2025-01-15T09:10:00+08:00,1.1666666666666667,-4.916666666666667,128.33333333333331,2.8645833333333335,51.0,51.0,44.0,44.0,50.0,60.0,85.0,40.360718920164246,13.470549432817693,13.166090914782176,13.724078572564375,72.0586275035817,1.0629890389052916,51.4,51.4,51.4,43.36661694125489,42.250566703420176,41.996841807121186,42.53677740022385,0.33305031666666673,0.41452895587161265,28.414824734727286,28.56367900825391,18.42615991086233,28.237446321205407,23.03925649277583,23.186590926194825,23.09802237523731,22.97632803336714,18.320971461847364,23.201658942270605,23.113147139067372,22.991524994454675,1.0,0.0,0.6666666666666666,0.25,0.0,18.42615991086233,23.09802237523731,28.237446321205407,13.214011862526307,21.570563490575633,27.03278023645691,6.000032690739051e-17,2.808376114092035e-16,0.0,2.7732714126658844e-15,2.7005060524924612e-14,converged
2025-01-15T09:15:00+08:00,1.25,-4.833333333333333,136.66666666666669,2.8541666666666665,51.0,51.0,44.0,44.0,50.0,60.0,85.0,40.360718920164246,13.470549432817693,13.166090914782176,13.724078572564375,72.0586275035817,1.0629890389052916,51.25712094900211,51.4,51.4,43.27105873922269,42.252456269142826,41.99873158488976,42.50614346047771,0.32820623333333326,0.4137314176947082,28.421073223821374,28.571269340661118,18.43211834239591,28.242545858330992,23.04548352754261,23.19407356591249,23.104229959926055,22.981108168103145,18.32731900556285,23.209147095992247,23.1193599456142,22.996310100569072,1.0,0.0,0.6666666666666666,0.25,0.0,18.43211834239591,23.104229959926055,28.242545858330992,13.214011862526307,21.570563490575633,27.03278023645691,6.000032690739051e-17,4.2206846101606976e-16,0.0,1.9784459110128268e-15,3.736921547315177e-14,converged
2025-01-15T09:20:00+08:00,1.3333333333333333,-4.75,145.0,2.84375,51.0,51.0,44.0,44.0,50.0,60.0,85.0,40.360718920164246,13.470549432817693,13.166090914782176,13.724078572564375,72.0586275035817,1.0629890389052916,51.0,51.4,51.4,43.097540359355214,42.25452653357778,42.00080543617089,42.449611540659276,0.32336215,0.41236185492426286,28.427343518874174,28.579007317766493,18.438251479081625,28.24761988658689,23.05228109104189,23.20222322244384,23.111001105156426,22.986335009501556,18.334300328726467,23.21730222742682,23.126136279487284,23.0015418856365,1.0,0.0,0.75,0.25,0.0,18.438251479081625,23.111001105156426,28.24761988658689,13.214011862526307,21.570563490575633,27.03278023645691,6.000032690739051e-17,2.823135079948567e-16,0.0,4.005322894677029e-15,2.8228533495302547e-14,converged
2025-01-15T09:25:00+08:00,1.4166666666666667,-4.666666666666667,153.33333333333331,2.8333333333333335,51.0,51.0,44.0,44.0,50.0,60.0,85.0,40.360718920164246,13.470549432817693,13.166090914782176,13.724078572564375,72.0586275035817,1.0629890389052916,51.0,51.125645079246056,51.4,43.09961564058639,42.07096715579206,42.00306262777983,42.391192700116676,0.3185180666666667,0.4109083217929897,28.434133021690204,28.587363810859014,18.44500596951073,28.253095031811633,23.05911750037635,23.21053578493299,23.11785725460582,22.991553171954052,18.341912311629862,23.22612175015603,23.133474064491413,23.007218782193085,1.0,0.0,0.75,0.25,0.0,18.44500596951073,23.11785725460582,28.253095031811633,13.214011862526307,21.570563490575633,27.03278023645691,6.000032690739051e-17,4.2496823130385524e-16,0.0,3.7184720239087335e-16,2.847156576251449e-14,converged
2025-01-15T09:30:00+08:00,1.5,-4.583333333333333,161.66666666666669,2.8229166666666665,51.0,51.0,44.0,44.0,50.0,60.0,85.0,40.360718920164246,13.470549432817693,13.166090914782176,13.724078572564375,72.0586275035817,1.0629890389052916,51.0,51.0,51.162622418916555,43.10186053032445,41.98810818515308,41.84431609807414,42.31093301258335,0.3136739833333333,0.4089700104951341,28.44143994961675,28.596336807907598,18.45237905765684,28.25897011325932,23.06628001857181,23.21928291188652,23.125056766710504,22.99700903625434,18.349693304538437,23.235168541174527,23.140958389006663,23.012946023896212,1.0,0.0,0.75,0.25,0.0,18.45237905765684,23.125056766710504,28.25897011325932,13.214011862526307,21.570563490575633,27.03278023645691,6.000032690739051e-17,7.116372768139678e-16,0.0,2.275015419314653e-15,2.7706101893517262e-14,converged
2025-01-15T09:35:00+08:00,1.5833333333333333,-4.5,170.0,2.8125,50.6,50.6,43.8,43.8,50.0,60.0,85.0,40.17726110689077,13.409319662668521,13.106245046987711,13.661696397234536,71.40503788634878,1.0485595217497308,51.0,50.999999999999986,51.0,43.07469093164113,41.95687265351954,41.70171924116342,42.24318769453674,0.30882990000000005,0.40769059312926337,28.44922687572053,28.60589075959942,18.460321727697846,28.265213140346884,23.07396442226069,23.228649926439484,23.132775928564524,23.002870715236295,18.357735559189965,23.2445371554462,23.148679217248084,23.01880943147223,1.0,0.0,0.8333333333333334,0.25,0.0,18.460321727697846,23.132775928564524,28.265213140346884,13.274349816236473,21.669059214276892,27.156217589134794,6.054952612159255e-17,7.138705417101928e-16,1.1725666849070346e-16,4.16721928723325e-15,3.047981153920315e-14,converged
2025-01-15T09:40:00+08:00,1.6666666666666667,-4.416666666666667,178.33333333333331,2.8020833333333335,50.6,50.6,43.8,43.8,50.0,60.0,85.0,40.17726110689077,13.409319662668521,13.106245046987711,13.661696397234536,71.40503788634878,1.0485595217497308,51.0,50.999999999999986,51.0,43.077271336476336,41.9594263045034,41.7042907114055,42.245756333905184,0.3039858166666667,0.40757100507928307,28.457527815087417,28.616057334684132,18.468877736992425,28.271853852015873,23.082213406210073,23.238676669549395,23.141053096682107,23.00917531616275,18.366403264598297,23.254565470017035,23.156958028331157,23.025115742407845,1.0,0.0,0.8333333333333334,0.25,0.0,18.468877736992425,23.141053096682107,28.271853852015873,13.274349816236473,21.669059214276892,27.156217589134794,6.054952612159255e-17,9.997120043291882e-16,1.1725666849070346e-16,1.606680006957624e-16,2.143083323370726e-14,converged
2025-01-15T09:45:00+08:00,1.75,-4.333333333333333,186.66666666666669,2.7916666666666665,50.6,50.6,43.8,43.8,50.0,60.0,85.0,40.17726110689077,13.409319662668521,13.106245046987711,13.661696397234536,71.40503788634878,1.0485595217497308,50.86194798529891,50.999999999999986,51.0,42.985957991867686,41.962158828070265,41.70704425589601,42.21710782518895,0.29914173333333327,0.4067596616798532,28.466073654323406,28.626581254941733,18.477803793251354,28.27866190212694,23.091024661951664,23.24936058540248,23.149886217213272,23.015921286269005,18.375693343047743,23.265250927685134,23.165792767288522,23.03186340309348,1.0,0.0,0.8333333333333334,0.25,0.0,18.477803793251354,23.149886217213272,28.27866190212694,13.274349816236473,21.669059214276892,27.156217589134794,6.054952612159255e-17,7.1550434319223e-16,1.1725666849070346e-16,7.1550434319223e-16,3.682010108299941e-14,converged
2025-01-15T09:50:00+08:00,1.8333333333333333,-4.25,195.0,2.78125,50.6,50.6,43.8,43.8,50.0,60.0,85.0,40.17726110689077,13.409319662668521,13.106245046987711,13.661696397234536,71.40503788634878,1.0485595217497308,50.6,50.999999999999986,51.0,42.81024167489409,41.965069543320205,41.70997914988089,42.16040928418393,0.29429765,0.405329076326829,28.474624489089482,28.637234826420936,18.48688336466264,28.285431762466587,23.100395890456095,23.260699128086287,23.159273243867624,23.023107078233927,18.385602731967424,23.276590981161103,23.175181386720958,23.039050865369294,1.0,0.0,0.8333333333333334,0.25,0.0,18.48688336466264,23.159273243867624,28.285431762466587,13.274349816236473,21.669059214276892,27.156217589134794,6.054952612159255e-17,5.744237392585458e-16,1.1725666849070346e-16,8.616356088878187e-16,3.602053503234132e-14,converged
2025-01-15T09:55:00+08:00,1.9166666666666667,-4.166666666666667,203.33333333333331,2.7708333333333335,50.6,50.6,43.8,43.8,50.0,60.0,85.0,40.17726110689077,13.409319662668521,13.106245046987711,13.661696397234536,71.40503788634878,1.0485595217497308,50.6,50.73352473714214,51.0,42.81309752852334,41.788007066557256,41.71309467154095,42.1046621829104,0.2894535666666667,0.4038774333849056,28.48368671551301,28.648497445876465,18.496571234192672,28.292597757290554,23.109811063026232,23.27220302643652,23.168749709646747,23.03029071656377,18.396128383856748,23.288583093029633,23.18512184676951,23.04667658650605,1.0,0.0,0.8333333333333334,0.25,0.0,18.496571234192672,23.168749709646747,28.292597757290554,13.274349816236473,21.669059214276892,27.156217589134794,6.054952612159255e-17,2.882441854977027e-16,1.1725666849070346e-16,4.247097920692713e-15,3.3071267567931956e-14,converged
2025-01-15T10:00:00+08:00,2.0,-4.083333333333333,211.66666666666669,2.7604166666666665,50.6,50.6,43.8,43.8,50.0,60.0,85.0,40.17726110689077,13.409319662668521,13.106245046987711,13.661696397234536,71.40503788634878,1.0485595217497308,50.6,50.599999999999994,50.772497407130786,42.81612086775788,41.70081021928829,41.56218359052412,42.02591157597381,0.2846094833333333,0.40191433424896766,28.49325857858409,28.660367132987258,18.506864704586523,28.30015872105564,23.119526842881342,23.28411495593102,23.178546428110945,23.037692338294647,18.40682813294514,23.300808590639154,23.19521675544436,23.054362477385048,1.0,0.0,0.8333333333333334,0.25,0.0,18.506864704586523,23.178546428110945,28.30015872105564,13.274349816236473,21.669059214276892,27.156217589134794,6.054952612159255e-17,7.241301933437687e-16,1.1725666849070346e-16,2.0524565167587445e-15,2.7448808064075327e-14,converged
2025-01-15T10:05:00+08:00,2.0833333333333335,-4.0,220.0,2.75,50.2,50.2,43.6,43.6,50.0,60.0,85.0,39.9938032936173,13.34808989251935,13.046399179193248,13.599314221904699,70.75442589835158,1.0342611811153124,50.6,50.6,50.6,42.79005226310963,41.67071018180493,41.41423964386727,41.95708592865688,0.2797654,0.4005504497870413,28.503303114148,28.672808803194844,18.51771510021253,28.30808303457676,23.129754456425466,23.29663490268358,23.18885358721939,23.045493265055878,18.417756339508166,23.31332618258251,23.205521994390864,23.062161869424056,1.0,0.0,0.8333333333333334,0.25,0.0,18.51771510021253,23.18885358721939,28.30808303457676,13.335241329154988,21.76845856847082,27.28078739458954,1.222126008887173e-16,1.0172342250792647e-15,0.0,2.334189248619384e-15,3.551258087097976e-14,converged
2025-01-15T10:10:00+08:00,2.1666666666666665,-3.9166666666666665,228.33333333333334,2.7395833333333335,50.2,50.2,43.6,43.6,50.0,60.0,85.0,39.9938032936173,13.34808989251935,13.046399179193248,13.599314221904699,70.75442589835158,1.0342611811153124,50.6,50.6,50.6,42.793409920167726,41.67409687836163,41.41766396800635,41.960475727881196,0.27492131666666664,0.400393351661018,28.5138539316482,28.68585372660892,18.529165957927418,28.31640009693764,23.14053626848893,23.309802383096358,23.1997092423742,23.053730326403866,18.429295813718106,23.326491287995967,23.216375713506952,23.070397384868677,1.0,0.0,0.8333333333333334,0.25,0.0,18.529165957927418,23.1997092423742,28.31640009693764,13.335241329154988,21.76845856847082,27.28078739458954,1.222126008887173e-16,1.163009538934549e-15,0.0,5.8968218028790795e-15,2.939807986814104e-14,converged
2025-01-15T10:15:00+08:00,2.25,-3.8333333333333335,236.66666666666666,2.7291666666666665,50.2,50.2,43.6,43.6,50.0,60.0,85.0,39.9938032936173,13.34808989251935,13.046399179193248,13.599314221904699,70.75442589835158,1.0342611811153124,50.4668193063324,50.6,50.6,42.70635084543447,41.677659985857105,41.4212676946277,41.93380713589281,0.27007723333333333,0.39956930275704544,28.524651585730048,28.699255790239388,18.540982717110435,28.324887841884422,23.151870013947107,23.32361488958951,23.211111375526738,23.062401993972326,18.441443548632307,23.340301397902888,23.22777589361526,23.079067494492644,1.0,0.0,0.8333333333333334,0.25,0.0,18.540982717110435,23.211111375526738,28.324887841884422,13.335241329154988,21.76845856847082,27.28078739458954,1.222126008887173e-16,4.3702802376332744e-16,0.0,1.784531097033587e-15,4.977937554652321e-14,converged
2025-01-15T10:20:00+08:00,2.3333333333333335,-3.75,245.0,2.71875,50.2,50.2,43.6,43.6,50.0,60.0,85.0,39.9938032936173,13.34808989251935,13.046399179193248,13.599314221904699,70.75442589835158,1.0342611811153124,50.2,50.6,50.6,42.52841004039195,41.68139883307088,41.425050110121404,41.87692449598694,0.26523315000000003,0.39807843397156273,28.535437521110303,28.71276963691922,18.552932090240976,28.333324747905305,23.1637534369334,23.338069924293816,23.22305797605325,23.071506744750895,18.454196552099845,23.354754013048392,23.239720522971822,23.088170674431776,1.0,0.0,0.8333333333333334,0.25,0.0,18.552932090240976,23.22305797605325,28.333324747905305,13.335241329154988,21.76845856847082,27.28078739458954,1.222126008887173e-16,1.4622158837578615e-16,0.0,1.6678399924113106e-15,3.100220387495292e-14,converged
2025-01-15T10:25:00+08:00,2.4166666666666665,-3.6666666666666665,253.33333333333334,2.7083333333333335,50.2,50.2,43.6,43.6,50.0,60.0,85.0,39.9938032936173,13.34808989251935,13.046399179193248,13.599314221904699,70.75442589835158,1.0342611811153124,50.2,50.34147668547767,50.6,42.53203618047868,41.51085302978176,41.429010503765156,41.82384757476948,0.26038906666666667,0.3966298894438355,28.546727195247016,28.726883252236906,18.565477054055435,28.342152895268487,23.175686280243728,23.35269316668567,23.235098771925838,23.08061611419101,18.467551846688753,23.369846643861674,23.252207597238726,23.097705406165183,1.0,0.0,0.8333333333333334,0.25,0.0,18.565477054055435,23.235098771925838,28.342152895268487,13.335241329154988,21.76845856847082,27.28078739458954,1.222126008887173e-16,0.0,0.0,1.4583838629476051e-15,2.7557554215261533e-14,converged
2025-01-15T10:30:00+08:00,2.5,-3.5833333333333335,261.66666666666663,2.6979166666666665,50.2,50.2,43.6,43.6,50.0,60.0,85.0,39.9938032936173,13.34808989251935,13.046399179193248,13.599314221904699,70.75442589835158,1.0342611811153124,50.2,50.2,50.38246299156717,42.53582772872018,41.419277676140894,41.28596090204201,41.74659822810733,0.25554498333333336,0.3946430065252581,28.558518880194992,28.741594686947114,18.578614968496666,28.35137113336148,23.18789437413045,23.36769808831992,23.247436822363557,23.08992379641585,18.481086896600484,23.385179206840494,23.26485737612624,23.10731040376789,1.0,0.0,0.8333333333333334,0.25,0.0,18.578614968496666,23.247436822363557,28.35137113336148,13.335241329154988,21.76845856847082,27.28078739458954,1.222126008887173e-16,2.949889391223355e-16,0.0,2.984458407526754e-16,2.7646126065110084e-14,converged
2025-01-15T10:35:00+08:00,2.5833333333333335,-3.5,270.0,2.6875,49.8,49.8,43.4,43.4,50.0,60.0,85.0,39.81034548034383,13.28686012237018,12.986553311398783,13.536932046574861,70.10679153959005,1.0200934180224872,50.2,50.2,50.2,42.510872851289946,41.39032484279983,41.13264498054989,41.6766918593782,0.2507009,0.3931954272016783,28.570776103749957,28.75686935483371,18.592297527512788,28.360948234670502,23.20060453946713,23.38329948109875,23.26027634689561,23.099624440846046,18.494817911257535,23.40077432367372,23.27769142549052,23.117006281972664,1.0,0.0,0.8333333333333334,0.25,0.0,18.592297527512788,23.26027634689561,28.360948234670502,13.396694054174134,21.868774045744882,27.406505308850324,1.850123694908174e-16,1.4803748183879934e-16,1.1833737511273759e-16,1.582150587152168e-15,2.4767727355018927e-14,converged
2025-01-15T10:40:00+08:00,2.6666666666666665,-3.4166666666666665,278.33333333333337,2.6770833333333335,49.8,49.8,43.4,43.4,50.0,60.0,85.0,39.81034548034383,13.28686012237018,12.986553311398783,13.536932046574861,70.10679153959005,1.0200934180224872,50.2,50.2,50.2,42.514997603495324,41.39453246817176,41.13690886835038,41.6808909567282,0.24585681666666667,0.3930017153413125,28.583532039277017,28.772738092394466,18.60656801476556,28.370913237545548,23.213858777785443,23.399536499203897,23.273655069534883,23.10975457645763,18.50914642876194,23.41700505368284,23.291064664585754,23.12713164751488,1.0,0.0,0.8333333333333334,0.25,0.0,18.60656801476556,23.273655069534883,28.370913237545548,13.396694054174134,21.868774045744882,27.406505308850324,1.850123694908174e-16,4.443313500266694e-16,1.1833737511273759e-16,1.721783981353344e-15,2.5241062420178162e-14,converged
2025-01-15T10:45:00+08:00,2.75,-3.3333333333333335,286.66666666666663,2.6666666666666665,49.8,49.8,43.4,43.4,50.0,60.0,85.0,39.81034548034383,13.28686012237018,12.986553311398783,13.536932046574861,70.10679153959005,1.0200934180224872,50.071735524333924,50.2,50.2,42.432202611841085,41.398914096953476,41.141349549079074,41.656197123704345,0.24101273333333334,0.3921660406861725,28.596536982171035,28.78896402065032,18.621200665786937,28.38105241812201,23.22765486623123,23.41640668215068,23.28757100723203,23.120312698764458,18.524069510849216,23.433868934977358,23.30497510922235,23.137684995033332,1.0,0.0,0.8333333333333334,0.25,0.0,18.621200665786937,23.28757100723203,28.38105241812201,13.396694054174134,21.868774045744882,27.406505308850324,1.850123694908174e-16,2.9685212320588254e-16,1.1833737511273759e-16,1.0668123177711402e-15,2.788175251899653e-14,converged
2025-01-15T10:50:00+08:00,2.8333333333333335,-3.25,295.0,2.65625,49.8,49.8,43.4,43.4,50.0,60.0,85.0,39.81034548034383,13.28686012237018,12.986553311398783,13.536932046574861,70.10679153959005,1.0200934180224872,49.8,50.2,50.2,42.25201092881913,41.40346906739133,41.145966320006735,41.59911318285023,0.23616865,0.39061560375464355,28.60951358398517,28.805283984442738,18.63594530808317,28.39112814001569,23.241990591031975,23.433907578978868,23.302022184230925,23.131297308550533,18.539584233704005,23.451363515202303,23.31942078251243,23.148664824443145,1.0,0.0,0.8333333333333334,0.25,0.0,18.63594530808317,23.302022184230925,28.39112814001569,13.396694054174134,21.868774045744882,27.406505308850324,1.850123694908174e-16,1.4901519640784562e-15,1.1833737511273759e-16,2.2817951949951364e-16,2.5081264253737412e-14,converged
2025-01-15T10:55:00+08:00,2.9166666666666665,-3.1666666666666665,303.33333333333337,2.6458333333333335,49.8,49.8,43.4,43.4,50.0,60.0,85.0,39.81034548034383,13.28686012237018,12.986553311398783,13.536932046574861,70.10679153959005,1.0200934180224872,49.8,49.94950192365959,50.2,42.25639732926657,41.23946023863526,41.15075848124558,41.54870526190065,0.23132456666666668,0.3891713473680001,28.622986431284275,28.822194622290517,18.65127317228215,28.40159029775394,23.25638158513078,23.451579932044563,23.316572630336886,23.142293554194193,18.55568768788903,23.469486351501292,23.334399714842963,23.160069640917257,1.0,0.0,0.8333333333333334,0.25,0.0,18.65127317228215,23.316572630336886,28.40159029775394,13.396694054174134,21.868774045744882,27.406505308850324,1.850123694908174e-16,0.0,1.1833737511273759e-16,9.862153695124127e-16,3.4132148271599446e-14,converged
2025-01-15T11:00:00+08:00,3.0,-3.0833333333333335,311.66666666666663,2.6354166666666665,49.8,49.8,43.4,43.4,50.0,60.0,85.0,39.81034548034383,13.28686012237018,12.986553311398783,13.536932046574861,70.10679153959005,1.0200934180224872,49.8,49.8,49.992520424708026,42.260947104930395,41.14346587678139,41.01559700979728,41.472949694273765,0.22648048333333334,0.38716166409217556,28.636953822622576,28.839694015403094,18.66718167399425,28.412437755388257,23.271022610072073,23.469607785645106,23.331397438638813,23.15346848553315,18.571977115330974,23.48785608992615,23.34954995121325,23.171555089132905,1.0,0.0,0.8333333333333334,0.25,0.0,18.66718167399425,23.331397438638813,28.412437755388257,13.396694054174134,21.868774045744882,27.406505308850324,1.850123694908174e-16,1.5034458809333279e-16,1.1833737511273759e-16,1.6714089754438481e-15,3.381066884714785e-14,converged
2025-01-15T11:05:00+08:00,3.0833333333333335,-3.0,320.0,2.625,49.4,49.4,43.2,43.2,50.0,60.0,85.0,39.626887667070356,13.225630352221009,12.92670744360432,13.474549871245024,69.46213481006424,1.006055633491708,49.8,49.800000000000004,49.79999999999999,42.23711907004218,41.11567235783979,40.856884424555155,41.40196253680859,0.22163639999999998,0.3856311377761451,28.651379807178902,28.85774810979797,18.683622906252815,28.423639697583464,23.28615622735086,23.488220881699302,23.346714992294103,23.165030200055266,18.588430311970324,23.5064590218322,23.36485850572973,23.183108837146662,1.0,0.0,0.8333333333333334,0.25,0.0,18.683622906252815,23.346714992294103,28.423639697583464,13.458715785906422,21.970018370030736,27.53338727787278,6.224313748108925e-17,1.0565890211666322e-15,0.0,1.6131850233883402e-15,2.335525309399616e-14,converged
2025-01-15T11:10:00+08:00,3.1666666666666665,-2.9166666666666665,328.33333333333337,2.6145833333333335,49.4,49.4,43.2,43.2,50.0,60.0,85.0,39.626887667070356,13.225630352221009,12.92670744360432,13.474549871245024,69.46213481006424,1.006055633491708,49.8,49.800000000000004,49.79999999999999,42.242001018315776,41.12068910182423,40.861974936332736,41.406959375862726,0.21679231666666668,0.3854016869385924,28.666297091569035,28.876387273112474,18.700639866803137,28.43522478085628,23.301824041716422,23.507457974348622,23.362562653479287,23.177014903115094,18.605467652298714,23.525685946193665,23.38069716685566,23.195085577125674,1.0,0.0,0.8333333333333334,0.25,0.0,18.700639866803137,23.362562653479287,28.43522478085628,13.458715785906422,21.970018370030736,27.53338727787278,6.224313748108925e-17,3.020623047908032e-16,0.0,3.417079822945961e-15,2.111653435439777e-14,converged
2025-01-15T11:15:00+08:00,3.25,-2.8333333333333335,336.66666666666663,2.6041666666666665,49.4,49.4,43.2,43.2,50.0,60.0,85.0,39.626887667070356,13.225630352221009,12.92670744360432,13.474549871245024,69.46213481006424,1.006055633491708,49.676697262872516,49.800000000000004,49.79999999999999,42.16348031959329,41.12587749466312,40.867239692276854,41.384235494769484,0.21194823333333335,0.38455544689099985,28.68146578548692,28.895383929955685,18.718015652603423,28.446987686947903,23.318023871539598,23.52731664909269,23.378938473361018,23.189421113599984,18.62308626469881,23.545534447094983,23.397063984605776,23.20748382706718,1.0,0.0,0.8333333333333334,0.25,0.0,18.718015652603423,23.378938473361018,28.446987686947903,13.458715785906422,21.970018370030736,27.53338727787278,6.224313748108925e-17,9.081810394426588e-16,0.0,9.46021916086103e-18,5.0726945104682104e-14,converged
2025-01-15T11:20:00+08:00,3.3333333333333335,-2.75,345.0,2.59375,49.4,49.4,43.2,43.2,50.0,60.0,85.0,39.626887667070356,13.225630352221009,12.92670744360432,13.474549871245024,69.46213481006424,1.006055633491708,49.4,49.800000000000004,49.79999999999999,41.981011525046554,41.1312368838615,40.87267800028169,41.32693332060183,0.20710415,0.38294613374535946,28.696589603521836,28.914456990906302,18.735483075524915,28.458674541669367,23.334753544100874,23.54779450077383,23.395840510270443,23.20224735558347,18.641283291669993,23.566002117974307,23.41395701616779,23.22030211016079,1.0,0.0,0.8333333333333334,0.25,0.0,18.735483075524915,23.395840510270443,28.458674541669367,13.458715785906422,21.970018370030736,27.53338727787278,6.224313748108925e-17,1.519996046028047e-16,0.0,3.9329897690975716e-15,2.7582998931798908e-14,converged
2025-01-15T11:25:00+08:00,3.4166666666666665,-2.6666666666666665,353.33333333333337,2.5833333333333335,49.4,49.4,43.2,43.2,50.0,60.0,85.0,39.626887667070356,13.225630352221009,12.92670744360432,13.474549871245024,69.46213481006424,1.006055633491708,49.4,49.55760146960246,49.79999999999999,41.98614841495524,40.9737858542729,40.878289171037856,41.27919359385877,0.20226006666666668,0.38150733731302267,28.712202329900656,28.93411181224868,18.753521680944026,28.47074311271472,23.35154470252497,23.568447448174783,23.412847203942473,23.21509249352017,18.66005588975895,23.587086561587288,23.43137432587601,23.233538954770303,1.0,0.0,0.8333333333333334,0.25,0.0,18.753521680944026,23.412847203942473,28.47074311271472,13.458715785906422,21.970018370030736,27.53338727787278,6.224313748108925e-17,0.0,0.0,4.133770595296032e-15,4.4875392830991515e-14,converged
2025-01-15T11:30:00+08:00,3.5,-2.5833333333333335,361.66666666666663,2.5729166666666665,49.4,49.4,43.2,43.2,50.0,60.0,85.0,39.626887667070356,13.225630352221009,12.92670744360432,13.474549871245024,69.46213481006424,1.006055633491708,49.4,49.400000000000006,49.60267098222982,41.99144669073526,40.87333210427238,40.75104309476242,41.20492465741545,0.1974159833333333,0.37947581702517325,28.728302289124272,28.954346505039105,18.772128938650585,28.483192278537864,23.36856080128742,23.589429882523433,23.430105467188266,23.228096729339523,18.67902122813918,23.60842529557659,23.448971879148566,23.24686706504327,1.0,0.0,0.8333333333333334,0.25,0.0,18.772128938650585,23.430105467188266,28.483192278537864,13.458715785906422,21.970018370030736,27.53338727787278,6.224313748108925e-17,1.5338964514201466e-16,0.0,2.494978446763082e-15,4.2326563339163686e-14,converged
2025-01-15T11:35:00+08:00,3.5833333333333335,-2.5,370.0,2.5625,49.0,49.0,43.0,43.0,50.0,60.0,85.0,39.44342985379687,13.164400582071835,12.866861575809853,13.412167695915183,68.82045570977407,0.9921472285434239,49.4,49.4,49.4,41.968758999358855,40.84671041308239,40.58690935465047,41.13285697135233,0.1925719,0.37786306779223755,28.744854081459536,28.975127581736206,18.791257370397727,28.495991656731306,23.3860602901425,23.610986641434078,23.44784798023306,23.241481730177124,18.69811842336859,23.62996803460584,23.466701899608196,23.26024092972103,1.0,0.0,0.8333333333333334,0.25,0.0,18.791257370397727,23.44784798023306,28.495991656731306,13.521314463980408,22.07220450198437,27.661449544281492,2.5129395974625856e-16,3.080886483749824e-16,0.0,3.26381411872247e-15,2.429725905868145e-14,converged
2025-01-15T11:40:00+08:00,3.6666666666666665,-2.4166666666666665,378.33333333333337,2.5520833333333335,49.0,49.0,43.0,43.0,50.0,60.0,85.0,39.44342985379687,13.164400582071835,12.866861575809853,13.412167695915183,68.82045570977407,0.9921472285434239,49.4,49.4,49.4,41.9743884980322,40.85252476629261,40.59281389399891,41.13864029512196,0.18772781666666669,0.37759873167829133,28.761889915854834,28.996484905578374,18.81094965524884,28.509169500647335,23.404084343436917,23.633156041017617,23.466111712787658,23.255283354548737,18.717786796481167,23.65212341814907,23.484953146068275,23.27403142856696,1.0,0.0,0.8333333333333334,0.25,0.0,18.81094965524884,23.466111712787658,28.509169500647335,13.521314463980408,22.07220450198437,27.661449544281492,2.5129395974625856e-16,7.707608107521332e-16,0.0,2.013612618089948e-15,2.4858972760994652e-14,converged
2025-01-15T11:45:00+08:00,3.75,-2.3333333333333335,386.66666666666663,2.5416666666666665,49.0,49.0,43.0,43.0,50.0,60.0,85.0,39.44342985379687,13.164400582071835,12.866861575809853,13.412167695915183,68.82045570977407,0.9921472285434239,49.28170515711844,49.4,49.4,41.90015269473939,40.85850846565836,40.59889018815835,41.11788190399252,0.18288373333333333,0.3767429677593465,28.77917979070419,29.018200275147237,18.830997817661185,28.522528961572633,23.42263081974809,23.655935711674367,23.48489474946974,23.2695001442199,18.73802354053768,23.674889075181703,23.50372370198275,23.288237102441474,1.0,0.0,0.8333333333333334,0.25,0.0,18.830997817661185,23.48489474946974,28.522528961572633,13.521314463980408,22.07220450198437,27.661449544281492,2.5129395974625856e-16,1.5450231562291277e-16,0.0,3.447332917336241e-15,3.600771895373654e-14,converged
2025-01-15T11:50:00+08:00,3.8333333333333335,-2.25,395.0,2.53125,49.0,49.0,43.0,43.0,50.0,60.0,85.0,39.44342985379687,13.164400582071835,12.866861575809853,13.412167695915183,68.82045570977407,0.9921472285434239,49.0,49.4,49.4,41.715380706953624,40.86466086773971,40.60513755539517,41.0603448280082,0.17803965,0.3750754474723885,28.796408338228005,29.039974528969417,18.851117521789316,28.53579980320265,23.441697586395335,23.679323292969897,23.504195181935646,23.284130646060163,18.758825862393024,23.698262643855372,23.523011657852706,23.302856497315194,1.0,0.0,0.8333333333333334,0.25,0.0,18.851117521789316,23.504195181935646,28.53579980320265,13.521314463980408,22.07220450198437,27.661449544281492,2.5129395974625856e-16,3.1037841216067554e-16,0.0,2.162949559744708e-15,2.5176395034935625e-14,converged
2025-01-15T11:55:00+08:00,3.9166666666666665,-2.1666666666666665,403.33333333333337,2.5208333333333335,49.0,49.0,43.0,43.0,50.0,60.0,85.0,39.44342985379687,13.164400582071835,12.866861575809853,13.412167695915183,68.82045570977407,0.9921472285434239,49.0,49.16577636015875,49.4,41.721258566095116,40.71378898059824,40.611555316728236,41.01527285757903,0.1731955666666667,0.3736432654657576,28.8141186096605,29.062321806679176,18.871796689359766,28.549447725976044,23.460832418119136,23.70288999498677,23.52360596919747,23.298787544934385,18.780190982628465,23.722241771462414,23.542815111200444,23.31788816425106,1.0,0.0,0.8333333333333334,0.25,0.0,18.871796689359766,23.52360596919747,28.549447725976044,13.521314463980408,22.07220450198437,27.661449544281492,2.5129395974625856e-16,0.0,0.0,1.6065230091110632e-15,3.83641326697838e-14,converged
2025-01-15T12:00:00+08:00,4.0,-2.0833333333333335,411.66666666666663,2.5104166666666665,49.0,49.0,43.0,43.0,50.0,60.0,85.0,39.44342985379687,13.164400582071835,12.866861575809853,13.412167695915183,68.82045570977407,0.9921472285434239,49.0,49.0,49.21291596354252,41.7272958644571,40.60883557862654,40.49225250812103,40.942483732310635,0.1683514833333333,0.3715908519678494,28.832308954908775,29.085240248584537,18.893032842894826,28.563471622492596,23.480167221305283,23.72676032755627,23.543245627246815,23.313583988956896,18.801756148977933,23.74648299092837,23.562808084555787,23.33302199721598,1.0,0.0,0.8333333333333334,0.25,0.0,18.893032842894826,23.543245627246815,28.563471622492596,13.521314463980408,22.07220450198437,27.661449544281492,2.5129395974625856e-16,3.1328898763365477e-16,0.0,4.870664729616976e-16,2.794921050467259e-14,converged
2025-01-15T12:05:00+08:00,4.083333333333333,-2.0,420.0,2.5,48.6,48.6,42.8,42.8,50.0,60.0,85.0,39.259972040523394,13.103170811922665,12.807015708015388,13.349785520585344,68.18175423871959,0.9783676041980879,49.0,49.0,49.0,41.70576240690537,40.58339863466564,40.32267332172863,40.869336108123015,0.1635074,0.36989658065831654,28.850944555316516,29.10869696812203,18.9147789626442,28.57784156427136,23.499976483123415,23.751194371150223,23.563361268226497,23.328755337821168,18.823421529410147,23.770899190905894,23.58290776951726,23.348179070315542,1.0,0.0,0.8333333333333334,0.25,0.0,18.9147789626442,23.563361268226497,28.57784156427136,13.584498176428914,22.17534564451701,27.7907086543015,1.902359915047843e-16,1.5736198699072429e-16,0.0,4.740529858095569e-15,2.0143198847437628e-14,converged
2025-01-15T12:10:00+08:00,4.166666666666667,-1.916666666666667,423.3333333333333,2.5,48.6,48.6,42.8,42.8,50.0,60.0,85.0,39.259972040523394,13.103170811922665,12.807015708015388,13.349785520585344,68.18175423871959,0.9783676041980879,49.0,49.0,49.0,41.71208955448108,40.589958232276864,40.32933856196508,40.8758540468627,0.16074921666666667,0.3696000534269846,28.869807519200503,29.132406011278494,18.93682294100313,28.592399938346198,23.520051424171527,23.77591478705591,23.583734907191676,23.344151690584305,18.84539611793641,23.79560177535139,23.603265466601385,23.36356116528506,1.0,0.0,0.8333333333333334,0.25,0.0,18.93682294100313,23.583734907191676,28.592399938346198,13.584498176428914,22.17534564451701,27.7907086543015,1.902359915047843e-16,0.0,0.0,6.004239046367852e-16,3.237627019009171e-14,converged
2025-01-15T12:15:00+08:00,4.25,-1.833333333333333,426.6666666666667,2.5,48.6,48.6,42.8,42.8,50.0,60.0,85.0,39.259972040523394,13.103170811922665,12.807015708015388,13.349785520585344,68.18175423871959,0.9783676041980879,48.88675985411432,49.0,49.0,41.642028313324076,40.596602831528635,40.33609120924434,40.85693450892865,0.1579910333333333,0.3687413625348861,28.888678663390483,29.156159644520752,18.95896692315216,28.606958974560506,23.54039096031366,23.800920468081745,23.604365596436196,23.359772260026226,18.867678395527943,23.820589636364854,23.623880227483866,23.379167494371195,1.0,0.0,0.8333333333333334,0.25,0.0,18.95896692315216,23.604365596436196,28.606958974560506,13.584498176428914,22.17534564451701,27.7907086543015,1.902359915047843e-16,4.7356494411142e-16,0.0,1.7758685404178252e-15,2.8799118859697e-14,converged
2025-01-15T12:20:00+08:00,4.333333333333333,-1.75,430.0,2.5,48.6,48.6,42.8,42.8,50.0,60.0,85.0,39.259972040523394,13.103170811922665,12.807015708015388,13.349785520585344,68.18175423871959,0.9783676041980879,48.6,49.0,49.0,41.454725337669785,40.60333211004762,40.34293091570679,40.79894230528582,0.15523285,0.36702555419030103,28.907224242249594,29.17964151438487,18.980910413360704,28.621232491524303,23.560994011837796,23.826210311316842,23.62525239173511,23.375616261681095,18.890266850618417,23.845861670332273,23.64475110732597,23.39499727257837,1.0,0.0,0.8333333333333334,0.25,0.0,18.980910413360704,23.62525239173511,28.621232491524303,13.584498176428914,22.17534564451701,27.7907086543015,1.902359915047843e-16,6.343717514915815e-16,0.0,7.979207186730048e-16,2.470867216844331e-14,converged
2025-01-15T12:25:00+08:00,4.416666666666667,-1.666666666666667,433.3333333333333,2.5,48.6,48.6,42.8,42.8,50.0,60.0,85.0,39.259972040523394,13.103170811922665,12.807015708015388,13.349785520585344,68.18175423871959,0.9783676041980879,48.6,48.774027651561354,49.0,41.46105277877631,40.45877472949225,40.34985733490224,40.756253204808466,0.15247466666666668,0.3656140815056829,28.92599749279609,29.203375626284224,19.00315088845271,28.63569472382574,23.58142561773417,23.851372143521758,23.646003810110397,23.391310950449434,18.91315997906728,23.87141677790905,23.665877164761724,23.4110497176591,1.0,0.0,0.8333333333333334,0.25,0.0,19.00315088845271,23.646003810110397,28.63569472382574,13.584498176428914,22.17534564451701,27.7907086543015,1.902359915047843e-16,6.368207775122322e-16,0.0,8.457775951334335e-17,3.135723373426597e-14,converged
2025-01-15T12:30:00+08:00,4.5,-1.583333333333333,436.6666666666667,2.5,48.6,48.6,42.8,42.8,50.0,60.0,85.0,39.259972040523394,13.103170811922665,12.807015708015388,13.349785520585344,68.18175423871959,0.9783676041980879,48.6,48.6,48.823256692344124,41.46745778321126,40.348913869761205,40.23815947282198,40.6845718906169,0.14985531666666665,0.36355832776017577,28.944997635539377,29.227361161985066,19.02568703372564,28.65034511751733,23.601786898237293,23.876501566735552,23.66671067646846,23.40694285424151,18.93601646747264,23.896931857869504,23.68695154296328,23.42703268746631,1.0,0.0,0.8333333333333334,0.25,0.0,19.02568703372564,23.66671067646846,28.65034511751733,13.584498176428914,22.17534564451701,27.7907086543015,1.902359915047843e-16,0.0,0.0,2.0901263024637536e-15,3.5654868927508446e-14,converged
2025-01-15T12:35:00+08:00,4.583333333333333,-1.5,440.0,2.5,48.2,48.2,42.6,42.6,50.0,60.0,85.0,39.07651422724993,13.041941041773494,12.747169840220927,13.287403345255509,67.54603039690079,0.9647161614761515,48.6,48.6,48.6,41.446645515979114,40.324220884705674,40.06265771723522,40.60989376979314,0.1473013,0.36180343997506514,28.96419129859757,29.25156687140646,19.04847341759648,28.665154752548307,23.62236952267766,23.90187524379293,23.687635585560304,23.42276178437074,18.958698456445113,23.922283912118427,23.707857072101973,23.442834238630734,1.0,0.0,0.8333333333333334,0.25,0.0,19.04847341759648,23.687635585560304,28.665154752548307,13.64827516317271,22.279455248481874,27.921181464885073,1.9202643802933943e-16,3.2176399935544547e-16,0.0,2.8556554942795787e-15,2.883254355584695e-14,converged
2025-01-15T12:40:00+08:00,4.666666666666667,-1.416666666666667,443.3333333333333,2.5,48.2,48.2,42.6,42.6,50.0,60.0,85.0,39.07651422724993,13.041941041773494,12.747169840220927,13.287403345255509,67.54603039690079,0.9647161614761515,48.6,48.6,48.6,41.4532189864934,40.33106603702742,40.06962410763732,40.61668947249332,0.14474728333333337,0.3614957208355278,28.983610446498695,29.276022513088385,19.071553089229074,28.68015155041718,23.643214705434143,23.927531701002533,23.708815551862482,23.43880347571216,18.981684697523182,23.947918770885817,23.729017683206475,23.45885857834726,1.0,0.0,0.8333333333333334,0.25,0.0,19.071553089229074,23.708815551862482,28.68015155041718,13.64827516317271,22.279455248481874,27.921181464885073,1.9202643802933943e-16,9.661136919507364e-16,0.0,8.956679019126619e-16,1.7586295914319152e-14,converged
2025-01-15T12:45:00+08:00,4.75,-1.333333333333333,446.6666666666667,2.5,48.2,48.2,42.6,42.6,50.0,60.0,85.0,39.07651422724993,13.041941041773494,12.747169840220927,13.287403345255509,67.54603039690079,0.9647161614761515,48.49186201305382,48.6,48.6,41.38698371393565,40.33799553742079,40.07667714727433,40.59924194852203,0.14219326666666662,0.3606514958149608,29.003045918378586,29.30052985048808,19.094737225941365,28.695156330833374,23.664321375547328,23.953469845511368,23.73024963885717,23.455067149213267,19.004973696533412,23.973835340569078,23.750432439106334,23.47510492700043,1.0,0.0,0.8333333333333334,0.25,0.0,19.094737225941365,23.73024963885717,28.695156330833374,13.64827516317271,22.279455248481874,27.921181464885073,1.9202643802933943e-16,6.455834686828191e-16,0.0,8.271538192498621e-16,2.878037596223883e-14,converged
2025-01-15T12:50:00+08:00,4.833333333333333,-1.25,450.0,2.5,48.2,48.2,42.6,42.6,50.0,60.0,85.0,39.07651422724993,13.041941041773494,12.747169840220927,13.287403345255509,67.54603039690079,0.9647161614761515,48.2,48.6,48.6,41.196845904780545,40.34500906613588,40.083816491537846,40.54049822089824,0.13963925,0.3589006271520699,29.022144572773072,29.32475415771234,19.117707885959785,28.70986628771033,23.685688466426175,23.979688588689964,23.75193691346524,23.471552028546096,19.02856396664021,24.000032531794574,23.772100406074255,23.491572507702934,1.0,0.0,0.8333333333333334,0.25,0.0,19.117707885959785,23.75193691346524,28.70986628771033,13.64827516317271,22.279455248481874,27.921181464885073,1.9202643802933943e-16,3.2436644859249143e-16,0.0,4.713449956109642e-16,2.644185137365307e-14,converged
2025-01-15T12:55:00+08:00,4.916666666666667,-1.166666666666667,453.3333333333333,2.5,48.2,48.2,42.6,42.6,50.0,60.0,85.0,39.07651422724993,13.041941041773494,12.747169840220927,13.287403345255509,67.54603039690079,0.9647161614761515,48.2,48.38235641987855,48.6,41.20341746837306,40.20658976327434,40.09104179721471,40.49999453477646,0.13708523333333336,0.357519818004611,29.041469037138896,29.34922833689796,19.140971018254614,28.724763699874877,23.706897370959595,24.005791254148516,23.77350061387599,23.487899387656988,19.052454028309796,24.026509259401266,23.79402065381346,23.508260546286067,1.0,0.0,0.8333333333333334,0.25,0.0,19.140971018254614,23.77350061387599,28.724763699874877,13.64827516317271,22.279455248481874,27.921181464885073,1.9202643802933943e-16,6.5123842631534e-16,0.0,1.6687984674330587e-15,3.880105011645845e-14,converged
2025-01-15T13:00:00+08:00,5.0,-1.083333333333333,456.6666666666667,2.5,48.2,48.2,42.6,42.6,50.0,60.0,85.0,39.07651422724993,13.041941041773494,12.747169840220927,13.287403345255509,67.54603039690079,0.9647161614761515,48.2,48.2,48.4336945171908,41.21006610049294,40.09166529264958,39.98686248702361,40.429299303968264,0.13453121666666665,0.35546670703221844,29.061018538733524,29.373951577891482,19.164525328535426,28.7398480173445,23.72801714634685,24.031843070035904,23.795002707210507,23.504168268231044,19.07632291927317,24.052961701721966,23.815904640198244,23.524894342029178,1.0,0.0,0.8333333333333334,0.25,0.0,19.164525328535426,23.795002707210507,28.7398480173445,13.64827516317271,22.279455248481874,27.921181464885073,1.9202643802933943e-16,1.473749686981866e-15,0.0,6.093289721436309e-15,3.578717908720295e-14,converged
2025-01-15T13:05:00+08:00,5.083333333333333,-1.0,460.0,2.5,47.8,47.8,42.4,42.4,50.0,60.0,85.0,38.89305641397645,12.980711271624322,12.68732397242646,13.22502116992567,66.91328418431769,0.9511923013980651,48.2,48.2,48.2,41.18994455408517,40.067685052581155,39.805369822502485,40.35304709694566,0.13197720000000002,0.35365307764577314,29.080760307790072,29.398893255057192,19.188325853981382,28.755090792894343,23.749355755121208,24.058136185903265,23.81672045296011,23.520622396089497,19.09999322538284,24.079229472053697,23.837599630598266,23.541328030200884,1.0,0.0,0.8333333333333334,0.25,0.0,19.188325853981382,23.81672045296011,28.755090792894343,13.71265381960277,22.384547018521882,28.052885151040194,6.461409359019447e-17,1.3167177574350308e-15,0.0,2.1293794983519642e-15,2.1467545985997882e-14,converged
2025-01-15T13:10:00+08:00,5.166666666666667,-0.916666666666667,463.3333333333333,2.5,47.8,47.8,42.4,42.4,50.0,60.0,85.0,38.89305641397645,12.980711271624322,12.68732397242646,13.22502116992567,66.91328418431769,0.9511923013980651,48.2,48.2,48.2,41.19676182741259,40.074812467121056,39.81263350550818,40.36011733675072,0.12942318333333336,0.3533344301277311,29.100725719232155,29.42408251800124,19.212415215296122,28.77051948246857,23.770953875049905,24.084708571115964,23.838690378173965,23.537297087827177,19.12396297022553,24.10577654810687,23.859546835670315,23.557982318818652,1.0,0.0,0.8333333333333334,0.25,0.0,19.212415215296122,23.838690378173965,28.77051948246857,13.71265381960277,22.384547018521882,28.052885151040194,6.461409359019447e-17,6.589526063726677e-16,0.0,7.526474300912814e-15,2.352100469328873e-14,converged
2025-01-15T13:15:00+08:00,5.25,-0.833333333333333,466.6666666666667,2.5,47.8,47.8,42.4,42.4,50.0,60.0,85.0,38.89305641397645,12.980711271624322,12.68732397242646,13.22502116992567,66.91328418431769,0.9511923013980651,48.09701230556822,48.2,48.2,41.134370645351574,40.082023592852565,39.81998310015916,40.344145501562295,0.12686916666666664,0.3525051312263958,29.120715711914954,29.449330700462138,19.236613691279928,28.785963561998216,23.79281044804245,24.11155914683754,23.860911557285483,23.55419157239675,19.14823068377056,24.132601850254915,23.88174532916122,23.574856436242953,1.0,0.0,0.8333333333333334,0.25,0.0,19.236613691279928,23.860911557285483,28.785963561998216,13.71265381960277,22.384547018521882,28.052885151040194,6.461409359019447e-17,4.953771371579011e-16,0.0,5.16017851206147e-15,5.928301277514523e-14,converged
2025-01-15T13:20:00+08:00,5.333333333333333,-0.75,470.0,2.5,47.8,47.8,42.4,42.4,50.0,60.0,85.0,38.89305641397645,12.980711271624322,12.68732397242646,13.22502116992567,66.91328418431769,0.9511923013980651,47.8,48.2,48.2,40.94137868835877,40.08931811258453,39.827418265012746,40.28464144255539,0.12431515,0.350719279653337,29.140357598563202,29.474284562047522,19.26058575844527,28.801103472310636,23.814924420322438,24.138686838399142,23.883383068125152,23.571305081446297,19.172794903204043,24.159704303044442,23.904194188219453,23.591949613533377,1.0,0.0,0.8333333333333334,0.25,0.0,19.26058575844527,23.883383068125152,28.801103472310636,13.71265381960277,22.384547018521882,28.052885151040194,6.461409359019447e-17,0.0,0.0,3.2882118228230124e-15,2.5254837542017912e-14,converged
2025-01-15T13:25:00+08:00,5.416666666666667,-0.666666666666667,473.3333333333333,2.5,47.8,47.8,42.4,42.4,50.0,60.0,85.0,38.89305641397645,12.980711271624322,12.68732397242646,13.22502116992567,66.91328418431769,0.9511923013980651,47.8,47.99076376148176,48.2,40.948191890919006,39.95706700997595,39.834938660007744,40.24633087703024,0.12176113333333334,0.3493697159212405,29.16022346923699,29.49948596992529,19.284845902605845,28.816429598300534,23.836893665059485,24.16571058590452,23.905742983731702,23.588293016258334,19.197654172893472,24.187082835179112,23.926892493382645,23.60926108443919,1.0,0.0,0.8333333333333334,0.25,0.0,19.284845902605845,23.905742983731702,28.816429598300534,13.71265381960277,22.384547018521882,28.052885151040194,6.461409359019447e-17,3.332152631488491e-16,0.0,3.80073659529156e-16,2.6004002392074253e-14,converged
2025-01-15T13:30:00+08:00,5.5,-0.583333333333333,476.6666666666667,2.5,47.8,47.8,42.4,42.4,50.0,60.0,85.0,38.89305641397645,12.980711271624322,12.68732397242646,13.22502116992567,66.91328418431769,0.9511923013980651,47.8,47.8,48.04423081208322,40.955081680535756,39.83704620050707,39.73831517111426,40.17662290189199,0.11920711666666664,0.3473196141490802,29.180312557816386,29.52493412187415,19.309392849354385,28.83194139388901,23.858754927796262,24.192665008181947,23.928024189966266,23.60518671962265,19.222508039605316,24.214453054028844,23.94957015921786,23.62653372488738,1.0,0.0,0.8333333333333334,0.25,0.0,19.309392849354385,23.928024189966266,28.83194139388901,13.71265381960277,22.384547018521882,28.052885151040194,6.461409359019447e-17,1.340728448200634e-15,0.0,7.109526829813909e-16,2.0879729494692234e-14,converged
2025-01-15T13:35:00+08:00,5.583333333333333,-0.5,480.0,2.5,47.4,47.4,42.2,42.2,50.0,60.0,85.0,38.70959860070299,12.919481501475154,12.627478104631999,13.162638994595834,66.28351560097029,0.9377954249842816,47.8,47.79999999999999,47.8,40.93566105640826,39.81378882563891,39.550804294211844,40.09879403062457,0.1166531,0.3454472414563103,29.200592713003324,29.550599034803387,19.334182122169622,28.847610897086486,23.8808326037595,24.219857875935112,23.950518736906904,23.622263949570744,19.247139241339998,24.24161690859387,23.97203862278818,23.643587495909152,1.0,0.0,0.8333333333333334,0.25,0.0,19.334182122169622,23.950518736906904,28.847610897086486,13.777642700264392,22.490634919083593,28.185837213367392,1.30456001541641e-16,1.0109965388881955e-15,0.0,4.265141648434575e-15,2.5891549545400942e-14,converged
2025-01-15T13:40:00+08:00,5.666666666666667,-0.41666666666666696,483.3333333333333,2.5,47.4,47.4,42.2,42.2,50.0,60.0,85.0,38.70959860070299,12.919481501475154,12.627478104631999,13.162638994595834,66.28351560097029,0.9377954249842816,47.8,47.79999999999999,47.8,40.94271969341621,39.82119530836067,39.5583615298521,40.10613567981377,0.11409908333333335,0.3451179225846643,29.221094703460782,29.57650923093597,19.359255894617963,28.86346508571887,23.903166815534693,24.247326581561957,23.973262647099833,23.639559590383865,19.27206520668387,24.269056649223046,23.994756495108568,23.66085972345094,1.0,0.0,0.8333333333333334,0.25,0.0,19.359255894617963,23.973262647099833,28.86346508571887,13.777642700264392,22.490634919083593,28.185837213367392,1.30456001541641e-16,1.68660208886103e-15,0.0,1.011961253316618e-15,2.498768429392527e-14,converged
2025-01-15T13:45:00+08:00,5.75,-0.33333333333333304,486.6666666666667,2.5,47.4,47.4,42.2,42.2,50.0,60.0,85.0,38.70959860070299,12.919481501475154,12.627478104631999,13.162638994595834,66.28351560097029,0.9377954249842816,47.70221141602115,47.79999999999999,47.8,40.88419094660401,39.82868488173889,39.56600395930922,40.091643354442496,0.11154506666666665,0.34430400583531967,29.24162964606986,29.602485688428814,19.38444361714604,28.879342159057604,23.92575651760082,24.27507005992857,23.99625500569829,23.657072878861204,19.297284489058406,24.2967712099525,24.01772286061226,23.67834964369094,1.0,0.0,0.8333333333333334,0.25,0.0,19.38444361714604,23.99625500569829,28.879342159057604,13.777642700264392,22.490634919083593,28.185837213367392,1.30456001541641e-16,6.762356513657071e-16,0.0,1.7434200386772136e-15,4.304163787030401e-14,converged
2025-01-15T13:50:00+08:00,5.833333333333333,-0.25,490.0,2.5,47.4,47.4,42.2,42.2,50.0,60.0,85.0,38.70959860070299,12.919481501475154,12.627478104631999,13.162638994595834,66.28351560097029,0.9377954249842816,47.4,47.79999999999999,47.8,40.68832550851403,39.83625723107787,39.57373124422284,40.03137022190388,0.10899105,0.3424832402161312,29.261805156047796,29.62815650869962,19.40939204734577,28.89490567498798,23.94860066869792,24.303087250014002,24.01949490121185,23.67480305446883,19.32279564898429,24.32475952893701,24.040936807093487,23.696056495478008,1.0,0.0,0.8333333333333334,0.25,0.0,19.40939204734577,24.01949490121185,28.89490567498798,13.777642700264392,22.490634919083593,28.185837213367392,1.30456001541641e-16,3.399153831687311e-16,0.0,2.671522464591746e-15,1.9985708518410835e-14,converged
2025-01-15T13:55:00+08:00,5.916666666666667,-0.16666666666666696,493.3333333333333,2.5,47.4,47.4,42.2,42.2,50.0,60.0,85.0,38.70959860070299,12.919481501475154,12.627478104631999,13.162638994595834,66.28351560097029,0.9377954249842816,47.4,47.59925079352668,47.8,40.695377946665076,39.710204772360186,39.58154304760067,39.995260654224836,0.10643703333333333,0.3411655010215874,29.282202859050845,29.654072593039324,19.434624273332336,28.910654187008706,23.971313750123475,24.331012829446273,24.04263535652497,23.692419755364558,19.348597254046577,24.3530205484341,24.064397425695145,23.71397952032233,1.0,0.0,0.8333333333333334,0.25,0.0,19.434624273332336,24.04263535652497,28.910654187008706,13.777642700264392,22.490634919083593,28.185837213367392,1.30456001541641e-16,0.0,0.0,2.612529124628788e-16,2.877112757547564e-14,converged
2025-01-15T14:00:00+08:00,6.0,-0.08333333333333304,496.6666666666667,2.5,47.4,47.4,42.2,42.2,50.0,60.0,85.0,38.70959860070299,12.919481501475154,12.627478104631999,13.162638994595834,66.28351560097029,0.9377954249842816,47.4,47.399999999999984,47.65486697706939,40.70250650345716,39.5850548128594,39.492513037703795,39.92654123857856,0.10388301666666665,0.3391187697242349,29.302821995459176,29.68023314701392,19.4601390400675,28.926587152884448,23.993899944299425,24.35885056961321,24.065679950210143,23.70992641034119,19.374409519809575,24.381289456065907,24.087853231313275,23.73187930758341,1.0,0.0,0.8333333333333334,0.25,0.0,19.4601390400675,24.065679950210143,28.926587152884448,13.777642700264392,22.490634919083593,28.185837213367392,1.30456001541641e-16,1.0298632711035276e-15,0.0,2.732892378266913e-15,3.1032075209522675e-14,converged
2025-01-15T14:05:00+08:00,6.083333333333333,0.0,500.0,2.5,47.0,47.0,42.0,42.0,50.0,60.0,85.0,38.526140787429505,12.858251731325977,12.56763223683753,13.100256819265992,65.65672464685854,0.9245249332552503,47.4,47.4,47.4,40.68379723176794,39.56253066157483,39.29895666523994,39.847133285935634,0.101329,0.3371876428847483,29.32363104905045,29.706608848448948,19.48589237505477,28.94267710847758,24.016700220259995,24.386923998370804,24.088935650252353,23.727614928729526,19.399975039900415,24.409330257693558,24.11107956619821,23.749541388309815,1.0,0.0,0.8333333333333334,0.25,0.0,19.48589237505477,24.088935650252353,28.94267710847758,13.843250522646608,22.597733180603043,28.32005548581201,1.3170139783753745e-16,5.178807302855071e-16,1.222819542831622e-16,2.9130791078559776e-15,2.1878947461956628e-14,converged
2025-01-15T14:10:00+08:00,6.166666666666667,-0.04166666666666652,490.62500000000006,2.5104166666666665,47.0,47.0,42.0,42.0,50.0,60.0,85.0,38.526140787429505,12.858251731325977,12.56763223683753,13.100256819265992,65.65672464685854,0.9245249332552503,47.4,47.4,47.4,40.69095527056375,39.570064920687905,39.30665276668284,39.854597012174004,0.10551960416666664,0.33685443479929816,29.34383865542842,29.732248897964226,19.510942541123203,28.958318729921974,24.038849723827465,24.414212745866298,24.111547718741917,23.744816812101934,19.424822846342703,24.436586439114972,24.13366232615326,23.766716889374937,1.0,0.0,0.8333333333333334,0.25,0.0,19.510942541123203,24.111547718741917,28.958318729921974,13.843250522646608,22.597733180603043,28.32005548581201,1.3170139783753745e-16,5.183930051104853e-16,1.222819542831622e-16,6.523111980973607e-15,2.154096148512639e-14,converged
2025-01-15T14:15:00+08:00,6.25,-0.08333333333333348,481.24999999999994,2.5208333333333335,47.0,47.0,42.0,42.0,50.0,60.0,85.0,38.526140787429505,12.858251731325977,12.56763223683753,13.100256819265992,65.65672464685854,0.9245249332552503,47.30746004181173,47.4,47.4,40.635889378087924,39.57738602647773,39.31413203870769,39.84114999289838,0.10971020833333334,0.33607591370159806,29.36326899584608,29.756987161581186,19.535132578975468,28.97336085868076,24.060351106127353,24.440719840825636,24.13351851599179,23.761533760205424,19.448956460150683,24.463061030658064,24.155603872715936,23.783407511363887,1.0,0.0,0.8333333333333334,0.25,0.0,19.535132578975468,24.13351851599179,28.97336085868076,13.843250522646608,22.597733180603043,28.32005548581201,1.3170139783753745e-16,1.2123856836585144e-15,1.222819542831622e-16,1.4072333828179184e-16,2.3824863978331955e-14,converged
2025-01-15T14:20:00+08:00,6.333333333333333,-0.125,471.875,2.53125,47.0,47.0,42.0,42.0,50.0,60.0,85.0,38.526140787429505,12.858251731325977,12.56763223683753,13.100256819265992,65.65672464685854,0.9245249332552503,47.0,47.4,47.4,40.43643539981328,39.584494788156185,39.32139534197513,39.77937017347632,0.1139008125,0.3342528368058707,29.38151263211898,29.78043609538373,19.558095716911808,28.98745188388803,24.081207007484988,24.46644830028444,24.154850393659228,23.777767466850037,19.472379385064936,24.488757050947143,24.176906558758315,23.799614948918276,1.0,0.0,0.8333333333333334,0.25,0.0,19.558095716911808,24.154850393659228,28.98745188388803,13.843250522646608,22.597733180603043,28.32005548581201,1.3170139783753745e-16,8.707130427029643e-16,1.222819542831622e-16,1.1591367380983212e-15,2.5531805698779843e-14,converged
2025-01-15T14:25:00+08:00,6.416666666666667,-0.16666666666666652,462.50000000000006,2.5416666666666665,47.0,47.0,42.0,42.0,50.0,60.0,85.0,38.526140787429505,12.858251731325977,12.56763223683753,13.100256819265992,65.65672464685854,0.9245249332552503,47.0,47.20781865444825,47.4,40.44275246851197,39.463639984145935,39.328443533670836,39.74445104785142,0.11809141666666664,0.3330129728772988,29.3991635873139,29.80315885264125,19.58036802083869,29.001100431028632,24.10105230107066,24.49105271085764,24.175214681569855,23.79320435600997,19.495095107637134,24.513677506948106,24.197572728518832,23.81534089075698,1.0,0.0,0.8333333333333334,0.25,0.0,19.58036802083869,24.175214681569855,29.001100431028632,13.843250522646608,22.597733180603043,28.32005548581201,1.3170139783753745e-16,1.0487458265161543e-15,1.222819542831622e-16,1.80253188932464e-15,3.2495293491921117e-14,converged
2025-01-15T14:30:00+08:00,6.5,-0.20833333333333348,453.12499999999994,2.5520833333333335,47.0,47.0,42.0,42.0,50.0,60.0,85.0,38.526140787429505,12.858251731325977,12.56763223683753,13.100256819265992,65.65672464685854,0.9245249332552503,47.0,47.0,47.265604438864955,40.44886960539674,39.33200393812603,39.24569584278661,39.6754144488832,0.12228202083333334,0.3310283255115487,29.416223886646193,29.8251577843415,19.60195254479665,29.01430779638976,24.11986199135893,24.514509789038534,24.194588651267107,23.8078221545295,19.51684954626939,24.537581355323184,24.217372873344058,23.830366209118964,1.0,0.0,0.8333333333333334,0.25,0.0,19.60195254479665,24.194588651267107,29.01430779638976,13.843250522646608,22.597733180603043,28.32005548581201,1.3170139783753745e-16,0.0,1.222819542831622e-16,1.3668727998814294e-15,3.356334499269933e-14,converged
2025-01-15T14:35:00+08:00,6.583333333333333,-0.25,443.75,2.5625,47.2,47.2,42.1,42.1,50.0,60.0,85.0,38.61786969406625,12.888866616400566,12.597555170734767,13.131447906930916,65.96974792025996,0.9311444184703936,47.0,46.99999999999999,47.0,40.467438492646785,39.35298784674822,39.09039299837191,39.63564857453931,0.126472625,0.32955441929932855,29.432710524240267,29.84644909068825,19.622873321622368,29.02708840699364,24.138056945741646,24.537218419564475,24.213350971279155,23.821981235369396,19.537420852760253,24.560253506291666,24.236102305436713,23.84449562969317,1.0,0.0,0.8333333333333334,0.25,0.0,19.622873321622368,24.213350971279155,29.02708840699364,13.810368692426543,22.544056854758377,28.252786945465648,2.621529621085595e-16,7.065013546135869e-16,0.0,1.23592942740809e-15,2.7730667930225842e-14,converged
2025-01-15T14:40:00+08:00,6.666666666666667,-0.2916666666666665,434.37500000000006,2.5729166666666665,47.2,47.2,42.1,42.1,50.0,60.0,85.0,38.61786969406625,12.888866616400566,12.597555170734767,13.131447906930916,65.96974792025996,0.9311444184703936,47.0,46.99999999999999,47.0,40.47315196643694,39.359014112219725,39.09656101852169,39.6416186461787,0.13066322916666664,0.32928725884233423,29.44861047069455,29.867021188884628,19.643112277539327,29.03943036935538,24.155619873491695,24.559163057672766,24.231486123411134,23.835665998694676,19.557298929200435,24.582161753463396,24.25420464929565,23.85815080692574,1.0,0.0,0.8333333333333334,0.25,0.0,19.643112277539327,24.231486123411134,29.03943036935538,13.810368692426543,22.544056854758377,28.252786945465648,2.621529621085595e-16,1.767686399956877e-16,0.0,6.4534207305526804e-15,2.747763570192981e-14,converged
2025-01-15T14:45:00+08:00,6.75,-0.3333333333333335,424.99999999999994,2.5833333333333335,47.2,47.2,42.1,42.1,50.0,60.0,85.0,38.61786969406625,12.888866616400566,12.597555170734767,13.131447906930916,65.96974792025996,0.9311444184703936,47.04758525230294,46.99999999999999,47.0,40.510590427579196,39.364833296763756,39.10251862293109,39.6580379569098,0.13485383333333334,0.32926320373795664,29.464017235902165,29.88696309840864,19.662754771576616,29.051413405979684,24.172553349913347,24.58034665285901,24.248996408088097,23.84887810158016,19.576487177085486,24.60330904777782,24.27168220644686,23.871333398635894,1.0,0.0,0.8333333333333334,0.25,0.0,19.662754771576616,24.248996408088097,29.051413405979684,13.810368692426543,22.544056854758377,28.252786945465648,2.621529621085595e-16,5.303446627439595e-16,0.0,2.635494114872446e-15,4.7591927379321844e-14,converged
2025-01-15T14:50:00+08:00,6.833333333333333,-0.375,415.625,2.59375,47.2,47.2,42.1,42.1,50.0,60.0,85.0,38.61786969406625,12.888866616400566,12.597555170734767,13.131447906930916,65.96974792025996,0.9311444184703936,47.2,46.99999999999999,47.0,40.618229362186014,39.37044618664833,39.108266646582585,39.697748392678605,0.1390444375,0.3297625501113767,29.47913358744642,29.90646738773139,19.681984260517638,29.063210995944374,24.188859939817327,24.600772143231886,24.26588411729724,23.861619195311516,19.594988981220716,24.623698328774985,24.288537269969314,23.884045056847597,1.0,0.0,0.8333333333333334,0.25,0.0,19.681984260517638,24.26588411729724,29.063210995944374,13.810368692426543,22.544056854758377,28.252786945465648,2.621529621085595e-16,7.060554437586425e-16,0.0,4.507847703161057e-15,2.335340897685568e-14,converged
2025-01-15T14:55:00+08:00,6.916666666666667,-0.4166666666666665,406.25000000000006,2.6041666666666665,47.2,47.2,42.1,42.1,50.0,60.0,85.0,38.61786969406625,12.888866616400566,12.597555170734767,13.131447906930916,65.96974792025996,0.9311444184703936,47.2,47.09823772580966,47.0,40.62346959772195,39.441220510027165,39.113805921088435,39.72446822065171,0.14325954166666663,0.33000090410465643,29.49366793133965,29.92525825579005,19.700539406692656,29.074572818248942,24.204730265232975,24.620620634328517,24.282320812489587,23.87405214935173,19.6128077098031,24.643332524639575,24.304772124525975,23.896287427809806,1.0,0.0,0.8333333333333334,0.25,0.0,19.700539406692656,24.282320812489587,29.074572818248942,13.810368692426543,22.544056854758377,28.252786945465648,2.621529621085595e-16,0.0,0.0,4.45327324721178e-15,3.333908779283228e-14,converged
2025-01-15T15:00:00+08:00,7.0,-0.4583333333333335,396.87499999999994,2.6145833333333335,47.2,47.2,42.1,42.1,50.0,60.0,85.0,38.61786969406625,12.888866616400566,12.597555170734767,13.131447906930916,65.96974792025996,0.9311444184703936,47.2,47.199999999999996,47.06988852218137,40.62851405635549,39.514223649468875,39.1657667879645,39.7676347614532,0.14785439583333335,0.33061818341817484,29.50762225682075,29.94333801285234,19.718423191753416,29.085500149839604,24.220172453934474,24.639900389761454,24.298313899390106,23.886183532585523,19.630080702229787,24.662341511233233,24.320509661511064,23.908177027069577,1.0,0.0,0.8333333333333334,0.25,0.0,19.718423191753416,24.298313899390106,29.085500149839604,13.810368692426543,22.544056854758377,28.252786945465648,2.621529621085595e-16,1.056342279393232e-15,0.0,1.3091496135803315e-15,4.512890498710246e-14,converged
2025-01-15T15:05:00+08:00,7.083333333333333,-0.5,387.5,2.625,47.4,47.4,42.2,42.2,50.0,60.0,85.0,38.70959860070299,12.919481501475152,12.627478104631997,13.162638994595834,66.28351560097029,0.9377954249842816,47.2,47.2,47.2,40.64603212496412,39.53409329356259,39.27305815264368,39.816446049296054,0.15244925,0.3311985622196486,29.52101355375323,29.96072282863288,19.735659554900373,29.09600743872362,24.235013618040618,24.65844779247036,24.31370772554224,23.897864893930834,19.64694908950352,24.680854938698182,24.335872871164405,23.91983081054,1.0,0.0,0.8333333333333334,0.25,0.0,19.735659554900373,24.31370772554224,29.09600743872362,13.777642700264396,22.490634919083597,28.185837213367392,1.9568400231246148e-16,1.05449118842849e-15,0.0,6.84454160579152e-16,2.4141280458488743e-14,converged
2025-01-15T15:10:00+08:00,7.166666666666667,-0.5416666666666665,378.12500000000006,2.6354166666666665,47.4,47.4,42.2,42.2,50.0,60.0,85.0,38.70959860070299,12.919481501475152,12.627478104631997,13.162638994595834,66.28351560097029,0.9377954249842816,47.2,47.2,47.2,40.650683255430536,39.53900311691714,39.27808969119605,39.82131092036908,0.15704410416666667,0.33098034233319173,29.53382872796519,29.977401072934903,19.752230375118106,29.106082733477916,24.249236408609992,24.676247252912322,24.32848672761002,23.909080585464014,19.66314240180713,24.698620512673894,24.350621335608704,23.931018996397615,1.0,0.0,0.8333333333333334,0.25,0.0,19.752230375118106,24.32848672761002,29.106082733477916,13.777642700264396,22.490634919083597,28.185837213367392,1.9568400231246148e-16,1.5827796434322302e-15,0.0,1.1985636629560719e-15,2.8315989153504345e-14,converged
2025-01-15T15:15:00+08:00,7.25,-0.5833333333333335,368.74999999999994,2.6458333333333335,47.4,47.4,42.2,42.2,50.0,60.0,85.0,38.70959860070299,12.919481501475152,12.627478104631997,13.162638994595834,66.28351560097029,0.9377954249842816,47.24889429198942,47.2,47.2,40.68797277963619,39.54371044954193,39.28291567875783,39.8369330350836,0.16163895833333333,0.33101158688661947,29.546163811430567,29.993464148085206,19.768223241357436,29.115807930006707,24.262843345846402,24.69330165922834,24.342653161217786,23.919832234391563,19.678663952130844,24.715641122703936,24.36475731154218,23.941743212580143,1.0,0.0,0.8333333333333334,0.25,0.0,19.768223241357436,24.342653161217786,29.115807930006707,13.777642700264396,22.490634919083597,28.185837213367392,1.9568400231246148e-16,0.0,0.0,7.131171385673613e-16,4.943748967591535e-14,converged
2025-01-15T15:20:00+08:00,7.333333333333333,-0.625,359.375,2.65625,47.4,47.4,42.2,42.2,50.0,60.0,85.0,38.70959860070299,12.919481501475152,12.627478104631997,13.162638994595834,66.28351560097029,0.9377954249842816,47.4,47.2,47.2,40.79377589989413,39.54821606038491,39.287536930863254,39.8752864121289,0.1662338125,0.3315533943552313,29.55821658151803,30.00909988865374,19.783817078762496,29.12535224198928,24.275836939682478,24.709613888406995,24.35620927371459,23.930121462233966,19.693517037206096,24.73191964716731,24.378283047378837,23.9520050813333,1.0,0.0,0.8333333333333334,0.25,0.0,19.783817078762496,24.35620927371459,29.12535224198928,13.777642700264396,22.490634919083597,28.185837213367392,1.9568400231246148e-16,5.266813301066932e-16,0.0,2.0451679819497873e-15,3.084488169817803e-14,converged
2025-01-15T15:25:00+08:00,7.416666666666667,-0.6666666666666665,350.00000000000006,2.6666666666666665,47.4,47.4,42.2,42.2,50.0,60.0,85.0,38.70959860070299,12.919481501475152,12.627478104631997,13.162638994595834,66.28351560097029,0.9377954249842816,47.4,47.300374603236655,47.2,40.797965879045314,39.619374350723646,39.29195425975558,39.90139946556837,0.17082866666666666,0.33185080017458524,29.569697804958118,30.024034723167247,19.79875263702701,29.13446738238879,24.28841193066465,24.725368939051588,24.369330338689135,23.940114686828483,19.707704937585323,24.747458953321583,24.39120078327885,23.96180621923071,1.0,0.0,0.8333333333333334,0.25,0.0,19.79875263702701,24.369330338689135,29.13446738238879,13.777642700264396,22.490634919083597,28.185837213367392,1.9568400231246148e-16,1.2278217385039067e-15,0.0,3.0365240207756352e-15,3.2469985752728225e-14,converged
2025-01-15T15:30:00+08:00,7.5,-0.7083333333333335,340.62499999999994,2.6770833333333335,47.4,47.4,42.2,42.2,50.0,60.0,85.0,38.70959860070299,12.919481501475152,12.627478104631997,13.162638994595834,66.28351560097029,0.9377954249842816,47.4,47.4,47.27256651146531,40.801964140513576,39.68992227386795,39.344631472455106,39.94365949959221,0.17542352083333335,0.3325197867943812,29.580609435719303,30.038270921928106,19.81303282727769,29.143154609134502,24.300568200702685,24.74056725385969,24.382016345337302,23.949811426372683,19.72137009724658,24.762393776706997,24.403638040970506,23.971267564595077,1.0,0.0,0.8333333333333334,0.25,0.0,19.81303282727769,24.382016345337302,29.143154609134502,13.777642700264396,22.490634919083597,28.185837213367392,1.9568400231246148e-16,5.251506517065797e-16,0.0,3.889228032941361e-15,4.657288524769379e-14,converged
2025-01-15T15:35:00+08:00,7.583333333333333,-0.75,331.25,2.6875,47.6,47.6,42.3,42.3,50.0,60.0,85.0,38.801327507339714,12.950096386549735,12.657401038529228,13.19383008226075,66.59802768898952,0.944478027669357,47.4,47.4,47.4,40.81846958348587,39.70871943720481,39.449124102793654,39.99083129600367,0.180018375,0.3331350974894688,29.59096847524978,30.051824643293955,19.82668151351203,29.15142840089012,24.3121368476445,24.75504896751718,24.394115229961443,23.959066673126326,19.734643319477872,24.776844016568287,24.41570857250009,23.98049730100422,1.0,0.0,0.8333333333333334,0.25,0.0,19.82668151351203,24.394115229961443,29.15142840089012,13.74507144092571,22.437465569393094,28.119204028465823,1.2983991738925275e-16,3.4945378828063885e-16,0.0,2.068195794937687e-15,2.5866465103932282e-14,converged
2025-01-15T15:40:00+08:00,7.666666666666667,-0.7916666666666665,321.87500000000006,2.6979166666666665,47.6,47.6,42.3,42.3,50.0,60.0,85.0,38.801327507339714,12.950096386549735,12.657401038529228,13.19383008226075,66.59802768898952,0.944478027669357,47.4,47.4,47.4,40.82208460785437,39.712542024003874,39.45305001679676,39.99461974294221,0.18461322916666667,0.3329647592652192,29.60076175003986,30.064684191892262,19.839680512575505,29.15927673919818,24.323100448649196,24.768798426888115,24.405611369647488,23.96786472108778,19.7472590992881,24.790562090827567,24.427176437032493,23.98926990876837,1.0,0.0,0.8333333333333334,0.25,0.0,19.839680512575505,24.405611369647488,29.15927673919818,13.74507144092571,22.437465569393094,28.119204028465823,1.2983991738925275e-16,3.4963256196793354e-16,0.0,2.409664233578805e-15,2.569809837181372e-14,converged
2025-01-15T15:45:00+08:00,7.75,-0.8333333333333335,312.49999999999994,2.7083333333333335,47.6,47.6,42.3,42.3,50.0,60.0,85.0,38.801327507339714,12.950096386549735,12.657401038529228,13.19383008226075,66.59802768898952,0.944478027669357,47.450197142362974,47.4,47.4,40.859248723712284,39.716166599481184,39.45677512072767,40.009472455805856,0.1892080833333333,0.3330502232549686,29.61008780492737,30.076943344254683,19.852119636243753,29.16678368519001,24.33346147012137,24.781818460129085,24.416506976169163,23.976207168198588,19.759220663693657,24.803550829004692,24.43804384738957,23.997586986547844,1.0,0.0,0.8333333333333334,0.25,0.0,19.852119636243753,24.416506976169163,29.16678368519001,13.74507144092571,22.437465569393094,28.119204028465823,1.2983991738925275e-16,6.990856855712861e-16,0.0,3.4110436416270828e-16,4.1812064779867034e-14,converged
2025-01-15T15:50:00+08:00,7.833333333333333,-0.875,303.125,2.71875,47.6,47.6,42.3,42.3,50.0,60.0,85.0,38.801327507339714,12.950096386549735,12.657401038529228,13.19383008226075,66.59802768898952,0.944478027669357,47.6,47.4,47.4,40.96324420567986,39.71959391567984,39.460300211172026,40.04649804146227,0.1938029375,0.33363346438044755,29.61913944692781,30.088785219945034,19.864173297136816,29.174114203877554,24.34322236841159,24.794111884473605,24.426804253184088,23.98409560681539,19.770531223871313,24.81581304968457,24.448313008268325,24.005450127412157,1.0,0.0,0.8333333333333334,0.25,0.0,19.864173297136816,24.426804253184088,29.174114203877554,13.74507144092571,22.437465569393094,28.119204028465823,1.2983991738925275e-16,3.489317896905706e-16,0.0,9.024659428315811e-16,3.2779057640340674e-14,converged
2025-01-15T15:55:00+08:00,7.916666666666667,-0.9166666666666665,293.75000000000006,2.7291666666666665,47.6,47.6,42.3,42.3,50.0,60.0,85.0,38.801327507339714,12.950096386549735,12.657401038529228,13.19383008226075,66.59802768898952,0.944478027669357,47.6,47.50250137722428,47.4,40.966409883713695,39.791160820796954,39.46362608150154,40.07203139009928,0.19839779166666666,0.3339888338953265,29.627629794940955,30.099938469069645,19.875584325795124,29.181022034593433,24.35258198767152,24.80586757760844,24.436682172792825,23.99169998987908,19.781193975235972,24.82735156055945,24.457986116270742,24.012860918859573,1.0,0.0,0.8333333333333334,0.25,0.0,19.875584325795124,24.436682172792825,29.181022034593433,13.74507144092571,22.437465569393094,28.119204028465823,1.2983991738925275e-16,1.742802603146605e-16,0.0,6.556337379698874e-16,2.786664923961914e-14,converged
2025-01-15T16:00:00+08:00,8.0,-0.9583333333333335,284.37499999999994,2.7395833333333335,47.6,47.6,42.3,42.3,50.0,60.0,85.0,38.801327507339714,12.950096386549735,12.657401038529228,13.19383008226075,66.59802768898952,0.944478027669357,47.6,47.6,47.47523183886136,40.9693878098252,39.859286025325666,39.51704480572223,40.11341270714322,0.20299264583333332,0.3347084710345634,29.635560768357635,30.11040532270691,19.886355564637068,29.187508416568818,24.36153199698965,24.81707819273902,24.44613333715153,23.99901281267409,19.79135644855309,24.838305939045053,24.46719530620939,24.01994470527095,1.0,0.0,0.8333333333333334,0.25,0.0,19.886355564637068,24.44613333715153,29.187508416568818,13.74507144092571,22.437465569393094,28.119204028465823,1.2983991738925275e-16,0.0,0.0,6.75468938425587e-16,3.7021329312710405e-14,converged
2025-01-15T16:05:00+08:00,8.083333333333334,-1.0,275.0,2.75,47.8,47.8,42.4,42.4,50.0,60.0,85.0,38.89305641397645,12.98071127162432,12.68732397242646,13.22502116992567,66.91328418431769,0.9511923013980651,47.6,47.6,47.6,40.98491781560671,39.87705134821038,39.61878587497787,40.15898672179251,0.2075875,0.33535784898324633,29.64294939553995,30.12020194639183,19.896510820205794,29.19358786850276,24.36990748188215,24.82758762222436,24.455009273012514,24.00589250824324,19.801139179716774,24.848786391743737,24.47604514332509,24.026800942651654,1.0,0.0,0.8333333333333334,0.25,0.0,19.896510820205794,24.455009273012514,29.19358786850276,13.712653819602771,22.384547018521882,28.052885151040194,6.461409359019447e-17,3.4713760891503887e-16,0.0,2.593488406857627e-15,2.9028616142453165e-14,converged
2025-01-15T16:10:00+08:00,8.166666666666666,-1.041666666666667,265.62499999999994,2.760416666666667,47.8,47.8,42.4,42.4,50.0,60.0,85.0,38.89305641397645,12.98071127162432,12.68732397242646,13.22502116992567,66.91328418431769,0.9511923013980651,47.6,47.6,47.6,40.98752235758261,39.879815188518684,39.62163622579751,40.161726812300714,0.2121823541666667,0.33523435627808706,29.64978240956645,30.129316562375326,19.9060318329044,29.19924829609127,24.377690930517513,24.837380131203037,24.46329428395455,24.012323302862608,19.810281593285332,24.858550012289598,24.484304132373293,24.033208347103894,1.0,0.0,0.8333333333333334,0.25,0.0,19.9060318329044,24.46329428395455,29.19924829609127,13.712653819602771,22.384547018521882,28.052885151040194,6.461409359019447e-17,0.0,0.0,6.472837061667841e-15,2.958145588865722e-14,converged
2025-01-15T16:15:00+08:00,8.25,-1.083333333333333,256.25000000000006,2.770833333333333,47.8,47.8,42.4,42.4,50.0,60.0,85.0,38.89305641397645,12.98071127162432,12.68732397242646,13.22502116992567,66.91328418431769,0.9511923013980651,47.65149384721589,47.6,47.6,41.024583991282874,39.88238538878354,39.624290386814366,40.17583721441329,0.21677720833333328,0.33537298230594653,29.656160858965414,30.137845312790407,19.915010630241127,29.204575917563776,24.384884756772465,24.8464584891877,24.470990538831337,24.018306765800407,19.818786832761624,24.867599571521115,24.491974443231314,24.039168488602883,1.0,0.0,0.8333333333333334,0.25,0.0,19.915010630241127,24.470990538831337,29.204575917563776,13.712653819602771,22.384547018521882,28.052885151040194,6.461409359019447e-17,3.4712194472700266e-16,0.0,1.3869567039801008e-15,5.547484009153291e-14,converged
2025-01-15T16:20:00+08:00,8.333333333333334,-1.125,246.875,2.78125,47.8,47.8,42.4,42.4,50.0,60.0,85.0,38.89305641397645,12.98071127162432,12.68732397242646,13.22502116992567,66.91328418431769,0.9511923013980651,47.8,47.6,47.6,41.12679939570502,39.88476268454865,39.62674913615201,40.211563570581305,0.2213720625,0.3359966521102006,29.662272600138305,30.145966620973102,19.92361713128206,29.209731465897512,24.39149136468177,24.854825454992184,24.478100198536296,24.023844460838994,19.826658026216155,24.87593782956638,24.499058237807642,24.044682931632202,1.0,0.0,0.8333333333333334,0.25,0.0,19.92361713128206,24.478100198536296,29.209731465897512,13.712653819602771,22.384547018521882,28.052885151040194,6.461409359019447e-17,5.197164365885681e-16,0.0,3.244376955585923e-16,3.113809562273458e-14,converged
2025-01-15T16:25:00+08:00,8.416666666666666,-1.166666666666667,237.49999999999994,2.791666666666667,47.8,47.8,42.4,42.4,50.0,60.0,85.0,38.89305641397645,12.98071127162432,12.68732397242646,13.22502116992567,66.91328418431769,0.9511923013980651,47.8,47.70461811925913,47.6,41.12896612095697,39.95676215873283,39.62901324879532,40.23654358801725,0.22596691666666668,0.3364089199317329,29.667833095644607,30.15341135063589,19.931596240899022,29.2144706992402,24.397713687153598,24.862673771462305,24.484805920119967,24.02910986281985,19.83389828636283,24.8835675358845,24.505557670071198,24.04975323520302,1.0,0.0,0.8333333333333334,0.25,0.0,19.931596240899022,24.484805920119967,29.2144706992402,13.712653819602771,22.384547018521882,28.052885151040194,6.461409359019447e-17,8.651325435318337e-16,0.0,1.5608434105640672e-15,3.0662776324131414e-14,converged
2025-01-15T16:30:00+08:00,8.5,-1.208333333333333,228.12500000000006,2.802083333333333,47.8,47.8,42.4,42.4,50.0,60.0,85.0,38.89305641397645,12.98071127162432,12.68732397242646,13.22502116992567,66.91328418431769,0.9511923013980651,47.8,47.8,47.677884593958396,41.13094896876874,40.022496426153,39.68319788427564,40.27707328196374,0.2305617708333333,0.3371781733059675,29.672844230977223,30.16018169436135,19.938950734572877,29.218794838438736,24.403535213287206,24.869988333533033,24.491092948005836,24.034088471721564,19.84066021300792,24.890633092044208,24.511609470754138,24.054509133124505,1.0,0.0,0.8333333333333334,0.25,0.0,19.938950734572877,24.491092948005836,29.218794838438736,13.712653819602771,22.384547018521882,28.052885151040194,6.461409359019447e-17,3.452635165719799e-16,0.0,2.021250791265267e-15,6.661665537346384e-14,converged
2025-01-15T16:35:00+08:00,8.583333333333334,-1.25,218.75,2.8125,48.0,48.0,42.5,42.5,50.0,60.0,85.0,38.984785320613184,13.011326156698908,12.717246906323691,13.256212257590587,67.22928508695479,0.9579383210428486,47.8,47.79999999999999,47.8,41.145539746311805,40.039269434845984,39.78223333964756,40.32109011729394,0.235156625,0.33786077157095357,29.677323076238906,30.16629384281388,19.945704378478343,29.222718451321054,24.408795017665543,24.87661679653423,24.49681640063895,24.03864215853092,19.847054133928978,24.897235069334403,24.517309068949253,24.05904139804284,1.0,0.0,0.8333333333333334,0.25,0.0,19.945704378478343,24.49681640063895,29.222718451321054,13.680388751791941,22.33187749612536,27.986878362449513,2.5724153997001085e-16,1.0336978864308901e-15,0.0,3.0412990233805345e-16,4.023047852460046e-14,converged
2025-01-15T16:40:00+08:00,8.666666666666666,-1.291666666666667,209.37499999999994,2.822916666666667,48.0,48.0,42.5,42.5,50.0,60.0,85.0,38.984785320613184,13.011326156698908,12.717246906323691,13.256212257590587,67.22928508695479,0.9579383210428486,47.8,47.79999999999999,47.8,41.14715883046823,40.04100232051887,39.784037413503455,40.32280922777275,0.2397514791666667,0.3377831105211619,29.681256257502458,30.171735919227064,19.95183882284996,29.226229359201483,24.41347548495099,24.882543326406655,24.501960494655215,24.042755072492824,19.85282436875163,24.903135201293384,24.522429384142434,24.06313295593994,1.0,0.0,0.8333333333333334,0.25,0.0,19.95183882284996,24.501960494655215,29.226229359201483,13.680388751791941,22.33187749612536,27.986878362449513,2.5724153997001085e-16,3.446451826656427e-16,0.0,3.671355226115382e-16,2.9967054870629624e-14,converged
2025-01-15T16:45:00+08:00,8.75,-1.333333333333333,200.00000000000006,2.833333333333333,48.0,48.0,42.5,42.5,50.0,60.0,85.0,38.984785320613184,13.011326156698908,12.717246906323691,13.256212257590587,67.22928508695479,0.9579383210428486,47.852784449928315,47.79999999999999,47.8,41.1841403201255,40.04254583189365,39.785649800276765,40.336203724522214,0.2443463333333333,0.3379738635271456,29.68474731785653,30.176606422771965,19.957448303841872,29.229415929321682,24.417578977734514,24.887770635330384,24.506527356899745,24.046428754782195,19.857973979856325,24.90833620139142,24.5269725441791,24.06678534868662,1.0,0.0,0.8333333333333334,0.25,0.0,19.957448303841872,24.506527356899745,29.229415929321682,13.680388751791941,22.33187749612536,27.986878362449513,2.5724153997001085e-16,1.7222533217806721e-16,0.0,1.7863463434571969e-16,4.2051087089567256e-14,converged
2025-01-15T16:50:00+08:00,8.833333333333334,-1.375,190.625,2.84375,48.0,48.0,42.5,42.5,50.0,60.0,85.0,38.984785320613184,13.011326156698908,12.717246906323691,13.256212257590587,67.22928508695479,0.9579383210428486,48.0,47.79999999999999,47.8,41.284602606711125,40.043900688410346,39.78707126010302,40.370658724958524,0.2489411875,0.33863697901115947,29.687979182706314,30.18107909921952,19.962698265793204,29.232434679159002,24.421107848972223,24.892301425005964,24.510519106409923,24.04966474118519,19.86250601458683,24.912840772607982,24.530940669088576,24.070000112759267,1.0,0.0,0.8333333333333334,0.25,0.0,19.962698265793204,24.510519106409923,29.232434679159002,13.680388751791941,22.33187749612536,27.986878362449513,2.5724153997001085e-16,3.437761645726779e-16,0.0,1.7284426014966039e-15,2.315178539043555e-14,converged
2025-01-15T16:55:00+08:00,8.916666666666666,-1.416666666666667,181.24999999999994,2.854166666666667,48.0,48.0,42.5,42.5,50.0,60.0,85.0,38.984785320613184,13.011326156698908,12.717246906323691,13.256212257590587,67.22928508695479,0.9579383210428486,48.0,47.90672490015498,47.8,41.28579513481732,40.11635600950398,39.788302550052286,40.39511110588724,0.2535360416666667,0.33910510201011235,29.690669649800768,30.184887017951286,19.967335681394044,29.235043378161496,24.424269105543132,24.8963322895721,24.514122071688085,24.05264001530803,19.86642350532405,24.916651607472293,24.534335871112823,24.07277877925871,1.0,0.0,0.8333333333333334,0.25,0.0,19.967335681394044,24.514122071688085,29.235043378161496,13.680388751791941,22.33187749612536,27.986878362449513,2.5724153997001085e-16,5.14952389997349e-16,0.0,1.3686688204808169e-15,4.815797488279614e-14,converged
2025-01-15T17:00:00+08:00,9.0,-1.458333333333333,171.87500000000006,2.864583333333333,48.0,48.0,42.5,42.5,50.0,60.0,85.0,38.984785320613184,13.011326156698908,12.717246906323691,13.256212257590587,67.22928508695479,0.9579383210428486,48.0,47.999999999999986,47.88052486550202,41.28680757081611,40.17973042217781,39.84327675076504,40.434815591858346,0.25813089583333326,0.33992295935820843,29.692820571401768,30.188032333769282,19.971363260913787,29.2372432291006,24.427038089180265,24.899840396715707,24.517314168551383,24.055333109265387,19.869884103216478,24.91991791406401,24.537299459823547,24.075255454879716,1.0,0.0,0.8333333333333334,0.25,0.0,19.971363260913787,24.517314168551383,29.2372432291006,13.680388751791941,22.33187749612536,27.986878362449513,2.5724153997001085e-16,1.0274268208896462e-15,0.0,4.537384348730781e-15,3.5097116212782284e-14,converged
2025-01-15T17:05:00+08:00,9.083333333333334,-1.5,162.5,2.875,48.2,48.2,42.6,42.6,50.0,60.0,85.0,39.07651422724992,13.041941041773494,12.747169840220925,13.287403345255507,67.5460303969008,0.9647161614761515,48.0,48.0,48.0,41.300494374021945,40.195549557572896,39.93965134629291,40.477314771785814,0.26272575,0.3406379483576699,29.694449073690556,30.190531279852117,19.974804746603123,29.23904885774833,24.429257864409653,24.902677169426145,24.519954107946393,24.057609328877774,19.87298798618881,24.922730684783602,24.539917778108638,24.07751227258417,1.0,0.0,0.8333333333333334,0.25,0.0,19.974804746603123,24.519954107946393,29.23904885774833,13.64827516317271,22.279455248481877,27.921181464885073,1.2801762535289295e-16,1.7087838038629022e-16,0.0,2.486391965374693e-15,3.629850334107309e-14,converged
2025-01-15T17:10:00+08:00,9.166666666666666,-1.541666666666667,153.12499999999994,2.885416666666667,48.2,48.2,42.6,42.6,50.0,60.0,85.0,39.07651422724992,13.041941041773494,12.747169840220925,13.287403345255507,67.5460303969008,0.9647161614761515,48.0,48.0,48.0,41.301152439846675,40.196278599129236,39.94043767426027,40.47803960432656,0.2673206041666667,0.3406051269033497,29.695541662607017,30.19237186432046,19.97764168535989,29.240447992772282,24.43091069842981,24.904826657614475,24.522026006609586,24.059452737376077,19.875484335221113,24.924856258008305,24.54196812990093,24.079336342740806,1.0,0.0,0.8333333333333334,0.25,0.0,19.97764168535989,24.522026006609586,29.240447992772282,13.64827516317271,22.279455248481877,27.921181464885073,1.2801762535289295e-16,0.0,0.0,2.320156711064559e-15,3.239348257235403e-14,converged
2025-01-15T17:15:00+08:00,9.25,-1.583333333333333,143.75000000000006,2.895833333333333,48.2,48.2,42.6,42.6,50.0,60.0,85.0,39.07651422724992,13.041941041773494,12.747169840220925,13.287403345255507,67.5460303969008,0.9647161614761515,48.054068993473095,48.0,48.0,41.33807554948296,40.196822429134684,39.941036703335506,40.4907439323137,0.2719154583333333,0.34084699369087385,29.69620436671322,30.19365493486018,19.97997051490363,29.241531142383298,24.431998903759478,24.906291517411052,24.52353195027016,24.060864848410635,19.87737613389528,24.926297291124797,24.54345260190778,24.080729179685413,1.0,0.0,0.8333333333333334,0.25,0.0,19.97997051490363,24.52353195027016,29.241531142383298,13.64827516317271,22.279455248481877,27.921181464885073,1.2801762535289295e-16,3.415471574688905e-16,0.0,3.204591491424968e-15,3.3218188845346534e-14,converged
2025-01-15T17:20:00+08:00,9.333333333333334,-1.625,134.375,2.90625,48.2,48.2,42.6,42.6,50.0,60.0,85.0,39.07651422724992,13.041941041773494,12.747169840220925,13.287403345255507,67.5460303969008,0.9647161614761515,48.2,48.0,48.0,41.43681109084414,40.19718175131192,39.941449176127854,40.52395477949405,0.2765103125,0.3415485933637182,29.696615199915602,30.194549578225136,19.981952223532222,29.24245062499667,24.43252478348478,24.90707439468116,24.524474016998948,24.061847170338165,19.878666351140918,24.92705643124367,24.54437327316999,24.081692292454584,1.0,0.0,0.8333333333333334,0.25,0.0,19.981952223532222,24.524474016998948,29.24245062499667,13.64827516317271,22.279455248481877,27.921181464885073,1.2801762535289295e-16,6.816911214912432e-16,0.0,3.911863599239969e-15,4.348023954510836e-14,converged
2025-01-15T17:25:00+08:00,9.416666666666666,-1.666666666666667,124.99999999999993,2.916666666666667,48.2,48.2,42.6,42.6,50.0,60.0,85.0,39.07651422724992,13.041941041773494,12.747169840220925,13.287403345255507,67.5460303969008,0.9647161614761515,48.2,48.108821790060716,48.0,41.4370535986365,40.27011553738379,39.94167583225239,40.547904556497784,0.2811051666666667,0.34207155019861,29.696494286721467,30.194791061565127,19.983335845243875,29.242966213885342,24.432699403732993,24.90737572104844,24.525042193315347,24.062580182460636,19.879357941307312,24.92713631523916,24.54473221508997,24.08222718480426,1.0,0.0,0.8333333333333334,0.25,0.0,19.983335845243875,24.525042193315347,29.242966213885342,13.64827516317271,22.279455248481877,27.921181464885073,1.2801762535289295e-16,1.1911356736849364e-15,0.0,3.0710403211806178e-15,5.380151789359316e-14,converged
2025-01-15T17:30:00+08:00,9.5,-1.708333333333333,115.62500000000007,2.927083333333333,48.2,48.2,42.6,42.6,50.0,60.0,85.0,39.07651422724992,13.041941041773494,12.747169840220925,13.287403345255507,67.5460303969008,0.9647161614761515,48.2,48.2,48.0831527414046,41.43711971258348,40.331160495151074,39.99746252607115,40.58680958758561,0.2857000208333333,0.3429370208137526,29.69584344681598,30.19438150260414,19.98412402677893,29.24307909404917,24.4324899912868,24.90716496777677,24.525207095377382,24.06303547630674,19.879613589235593,24.926690940139963,24.54467529908322,24.082472319858734,1.0,0.0,0.8333333333333334,0.25,0.0,19.98412402677893,24.525207095377382,29.24307909404917,13.64827516317271,22.279455248481877,27.921181464885073,1.2801762535289295e-16,6.789312017156608e-16,0.0,2.5663423013915903e-15,5.249167222326387e-14,converged
2025-01-15T17:35:00+08:00,9.583333333333334,-1.75,106.25,2.9375,48.4,48.4,42.7,42.7,50.0,60.0,85.0,39.16824313388667,13.072555926848082,12.77709277411816,13.318594432920431,67.86352011415575,0.971525897570417,48.2,48.2,48.2,41.44993686413585,40.346063140726926,40.0912198546445,40.62782958545696,0.290294875,0.34368358798049464,29.69467987632097,30.193337193867322,19.984340502287523,29.24280395774796,24.43174360098727,24.906297329614144,24.524831027021822,24.063081789158254,19.879523380276478,24.92580177500097,24.544279831077482,24.08250123404297,1.0,0.0,0.8333333333333334,0.25,0.0,19.984340502287523,24.524831027021822,29.24280395774796,13.616311989488462,22.227278538298073,27.85579228112655,6.370935665347146e-17,5.080922943294946e-16,1.2027733208179882e-16,2.26883083979457e-15,3.052567642423436e-14,converged
2025-01-15T17:40:00+08:00,9.666666666666666,-1.791666666666667,96.87499999999993,2.947916666666667,48.4,48.4,42.7,42.7,50.0,60.0,85.0,39.16824313388667,13.072555926848082,12.77709277411816,13.318594432920431,67.86352011415575,0.971525897570417,48.2,48.2,48.2,41.44965777974508,40.34581478381746,40.091016232135104,40.62758618441475,0.29488972916666667,0.34369463540004835,29.69298994837024,30.19164601279769,19.983966702702094,29.242128433000882,24.43044236915167,24.90475672423136,24.52389799259447,24.06270308956612,19.878841323796372,24.924239728695774,24.543327469731167,24.082105197029254,1.0,0.0,0.8333333333333334,0.25,0.0,19.983966702702094,24.52389799259447,29.242128433000882,13.616311989488462,22.227278538298073,27.85579228112655,6.370935665347146e-17,1.6935865421849182e-16,1.2027733208179882e-16,1.6087569413261548e-15,3.707927713270421e-14,converged
2025-01-15T17:45:00+08:00,9.75,-1.833333333333333,87.50000000000007,2.958333333333333,48.4,48.4,42.7,42.7,50.0,60.0,85.0,39.16824313388667,13.072555926848082,12.77709277411816,13.318594432920431,67.86352011415575,0.971525897570417,48.255347520420464,48.2,48.2,41.48654371293992,40.345385277580625,40.09062958733558,40.639625427959125,0.2994845833333333,0.3439866241711179,29.690882167955298,30.189411147112548,19.983101260234054,29.24114516098747,24.428588559412123,24.90254575296404,24.52241003758291,24.061900864213687,19.877570326837052,24.92200740378413,24.541820261488983,24.08128569617655,1.0,0.0,0.8333333333333334,0.25,0.0,19.983101260234054,24.52241003758291,29.24114516098747,13.616311989488462,22.227278538298073,27.85579228112655,6.370935665347146e-17,1.6921489622954557e-16,1.2027733208179882e-16,3.8680393944533515e-15,5.6001269040586243e-14,converged
2025-01-15T17:50:00+08:00,9.833333333333334,-1.875,78.125,2.96875,48.4,48.4,42.7,42.7,50.0,60.0,85.0,39.16824313388667,13.072555926848082,12.77709277411816,13.318594432920431,67.86352011415575,0.971525897570417,48.4,48.2,48.2,41.58357830820116,40.344775310398944,40.09006064577861,40.67161866952437,0.3040794375,0.34472576758891327,29.68852965686206,30.186797042982974,19.981900725686263,29.24000227740251,24.426184426165623,24.89966700709243,24.520369199962566,24.060676594583914,19.87571328216146,24.91910739275964,24.539760245275463,24.080044213637958,1.0,0.0,0.8333333333333334,0.25,0.0,19.981900725686263,24.520369199962566,29.24000227740251,13.616311989488462,22.227278538298073,27.85579228112655,6.370935665347146e-17,5.065562228253293e-16,1.2027733208179882e-16,3.1839891802141987e-15,3.984153309629503e-14,converged
2025-01-15T17:55:00+08:00,9.916666666666666,-1.916666666666667,68.74999999999993,2.979166666666667,48.4,48.4,42.7,42.7,50.0,60.0,85.0,39.16824313388667,13.072555926848082,12.77709277411816,13.318594432920431,67.86352011415575,0.971525897570417,48.4,48.310908858468075,48.2,41.58289440727277,40.41820953601568,40.08931013007219,40.69509022945403,0.3086742916666667,0.34530255824406614,29.685654857964032,30.18354115746227,19.980116187858634,29.238461551907474,24.423445080128122,24.89632474197532,24.517969110898406,24.059214242671995,19.873273068323837,24.915542278088704,24.537149452522595,24.07838222637894,1.0,0.0,0.8333333333333334,0.25,0.0,19.980116187858634,24.517969110898406,29.238461551907474,13.616311989488462,22.227278538298073,27.85579228112655,6.370935665347146e-17,1.6857002510918315e-16,1.2027733208179882e-16,2.9908321626699152e-15,5.094114649099576e-14,converged
2025-01-15T18:00:00+08:00,10.0,-1.958333333333333,59.375000000000064,2.989583333333333,48.4,48.4,42.7,42.7,50.0,60.0,85.0,39.16824313388667,13.072555926848082,12.77709277411816,13.318594432920431,67.86352011415575,0.971525897570417,48.4,48.4,48.28576830875493,41.58203772572002,40.476954772418516,40.145931537924405,40.733220913037314,0.3132691458333333,0.3462146725146702,29.682259559011637,30.179645571886418,19.977750231602304,29.23652415202968,24.42032966534275,24.89248076308305,24.515173115658957,24.05747848653593,19.870417386258357,24.91147082826716,24.534138299577805,24.0764425375833,1.0,0.0,0.8333333333333334,0.25,0.0,19.977750231602304,24.515173115658957,29.23652415202968,13.616311989488462,22.227278538298073,27.85579228112655,6.370935665347146e-17,5.043777650209291e-16,1.2027733208179882e-16,3.6911389402739324e-15,5.959750866338771e-14,converged
2025-01-15T18:05:00+08:00,10.083333333333334,-2.0,50.0,3.0,48.6,48.6,42.8,42.8,50.0,60.0,85.0,39.259972040523394,13.103170811922663,12.80701570801539,13.349785520585344,68.18175423871959,0.9783676041980879,48.4,48.4,48.4,41.594018640325594,40.49097728148224,40.23711406242706,40.7727991788633,0.317864,0.3469920219616248,29.67836103946646,30.17512665442129,19.974826598189335,29.234204844795606,24.416689226850494,24.887994040450845,24.51184711095321,24.055341491292747,19.867226285063815,24.906965043686096,24.53079510397057,24.0742901297696,1.0,0.0,0.8333333333333334,0.25,0.0,19.974826598189335,24.51184711095321,29.234204844795606,13.584498176428916,22.175345644517005,27.7907086543015,1.2682399433652287e-16,1.0064956638093222e-15,0.0,3.5808604978440434e-15,3.651409211362118e-14,converged
2025-01-15T18:10:00+08:00,10.166666666666666,-2.041666666666667,48.95833333333333,3.0,48.6,48.6,42.8,42.8,50.0,60.0,85.0,39.259972040523394,13.103170811922663,12.80701570801539,13.349785520585344,68.18175423871959,0.9783676041980879,48.4,48.4,48.4,41.59289322380765,40.48984590739364,40.23601601228737,40.77168112446419,0.3189823541666667,0.34704288675012473,29.674361480402652,30.170497598468465,19.971750649081958,29.231800219136126,24.412921573151717,24.883373641595572,24.508399195640173,24.053096104484066,19.86387421260537,24.902325667161886,24.527330068387823,24.072029388935093,1.0,0.0,0.8333333333333334,0.25,0.0,19.971750649081958,24.508399195640173,29.231800219136126,13.584498176428916,22.175345644517005,27.7907086543015,1.2682399433652287e-16,3.3544938182454467e-16,0.0,4.6937814523231465e-15,3.1514375861101755e-14,converged
2025-01-15T18:15:00+08:00,10.25,-2.083333333333333,47.91666666666667,3.0,48.6,48.6,42.8,42.8,50.0,60.0,85.0,39.259972040523394,13.103170811922663,12.80701570801539,13.349785520585344,68.18175423871959,0.9783676041980879,48.45662007294285,48.4,48.4,41.629964844571084,40.488674169057994,40.23487563517775,40.783283922285115,0.3201007083333333,0.3473747371999652,29.670370430121558,30.165862218817377,19.968621326680886,29.22940413401152,24.409027223363324,24.878620083345094,24.504829817535104,24.050742705338948,19.860361959677274,24.89755321550508,24.523743640652746,24.06966069433046,1.0,0.0,0.8333333333333334,0.25,0.0,19.968621326680886,24.504829817535104,29.22940413401152,13.584498176428916,22.175345644517005,27.7907086543015,1.2682399433652287e-16,8.378223094553986e-16,0.0,8.235261596361701e-16,8.288331469073794e-14,converged
2025-01-15T18:20:00+08:00,10.333333333333334,-2.125,46.875,3.0,48.6,48.6,42.8,42.8,50.0,60.0,85.0,39.259972040523394,13.103170811922663,12.80701570801539,13.349785520585344,68.18175423871959,0.9783676041980879,48.6,48.4,48.4,41.72566016659702,40.4874622195345,40.23369310041398,40.814425159652636,0.3212190625,0.3481350505341536,29.666554718306028,30.16137864039145,19.96558889377603,29.227159654075432,24.405006694483905,24.873733880529077,24.50113942280829,24.048281671759643,19.85669031318888,24.892648203526907,24.52003626694255,24.067184423878707,1.0,0.0,0.8333333333333334,0.25,0.0,19.96558889377603,24.50113942280829,29.227159654075432,13.584498176428916,22.175345644517005,27.7907086543015,1.2682399433652287e-16,5.015955229801572e-16,0.0,4.817126102614887e-15,3.804106044304912e-14,converged
2025-01-15T18:25:00+08:00,10.416666666666666,-2.166666666666667,45.83333333333333,3.0,48.6,48.6,42.8,42.8,50.0,60.0,85.0,39.259972040523394,13.103170811922663,12.80701570801539,13.349785520585344,68.18175423871959,0.9783676041980879,48.6,48.51298617421933,48.4,41.72454310538286,40.56189571989743,40.23246857662183,40.83791694496293,0.3223374166666667,0.3487431005225042,29.662637683459028,30.156784808843504,19.962404626813967,29.22482963606887,24.4010774442542,24.86892108328307,24.49752372710186,24.04589936201537,19.852860056183747,24.88761114404701,24.51620839179451,24.064600954179827,1.0,0.0,0.8333333333333334,0.25,0.0,19.962404626813967,24.49752372710186,29.22482963606887,13.584498176428916,22.175345644517005,27.7907086543015,1.2682399433652287e-16,6.67627956811278e-16,0.0,2.0423998366692615e-15,6.867455602608133e-14,converged
2025-01-15T18:30:00+08:00,10.5,-2.208333333333333,44.79166666666667,3.0,48.6,48.6,42.8,42.8,50.0,60.0,85.0,39.259972040523394,13.103170811922663,12.80701570801539,13.349785520585344,68.18175423871959,0.9783676041980879,48.6,48.6,48.48837165382794,41.72339007879873,40.61898307213184,40.290557556221,40.8759069295134,0.3234557708333333,0.34967319585038315,29.658619672485134,30.15208108181744,19.95906919793874,29.222414331076873,24.397188889885694,24.86413385424443,24.493937292210667,24.04355249792042,19.84904187618394,24.882603550968145,24.51241341757294,24.06205634183444,1.0,0.0,0.8333333333333334,0.25,0.0,19.95906919793874,24.493937292210667,29.222414331076873,13.584498176428916,22.175345644517005,27.7907086543015,1.2682399433652287e-16,3.3292606699183818e-16,0.0,1.0973981498037767e-15,4.004178143253667e-14,converged
2025-01-15T18:35:00+08:00,10.583333333333334,-2.25,43.75,3.0,48.8,48.8,42.9,42.9,50.0,60.0,85.0,39.35170094716014,13.13378569699725,12.83693864191262,13.380976608250263,68.50073277059235,0.985241356231609,48.599999999999994,48.6,48.6,41.735298975684096,40.632903647911505,40.37994769893591,40.91481843393492,0.324574125,0.3504466911489452,29.654516650277223,30.147282229030097,19.95560452034458,29.21992768837309,24.393194390547055,24.85923293454313,24.49024806606601,24.04111559860116,19.845303833173723,24.87768600155389,24.508709179191637,24.059605987017218,1.0,0.0,0.8333333333333334,0.25,0.0,19.95560452034458,24.49024806606601,29.21992768837309,13.552832679514161,22.123654862128856,27.72592844764812,1.2623342939095965e-16,3.321912426830605e-16,0.0,2.038711092316138e-15,3.579674414587658e-14,converged
2025-01-15T18:40:00+08:00,10.666666666666666,-2.291666666666667,42.70833333333333,3.0,48.8,48.8,42.9,42.9,50.0,60.0,85.0,39.35170094716014,13.13378569699725,12.83693864191262,13.380976608250263,68.50073277059235,0.985241356231609,48.599999999999994,48.6,48.6,41.734081961751826,40.63165732226088,40.37872259968407,40.91358910891595,0.32569247916666666,0.35050274875559273,29.650313292140783,30.14237414961304,19.951989924793743,29.217356220221596,24.389074124185463,24.85419994395359,24.486438266363326,24.038571358776608,19.84140750900648,24.87263645707181,24.504884430670433,24.057048344015556,1.0,0.0,0.8333333333333334,0.25,0.0,19.951989924793743,24.486438266363326,29.217356220221596,13.552832679514161,22.123654862128856,27.72592844764812,1.2623342939095965e-16,6.642762274489995e-16,0.0,1.714678235225544e-15,2.7879577283778575e-14,converged
2025-01-15T18:45:00+08:00,10.75,-2.333333333333333,41.66666666666667,3.0,48.8,48.8,42.9,42.9,50.0,60.0,85.0,39.35170094716014,13.13378569699725,12.83693864191262,13.380976608250263,68.50073277059235,0.985241356231609,48.65788669281943,48.6,48.6,41.771953596715086,40.6303711539982,40.37745577643396,40.925378590211245,0.32681083333333333,0.35084613878074183,29.646121633524512,30.137463014053104,19.948326583071342,29.21479591832816,24.38482860411338,24.84903539320154,24.482508336097148,24.035920154075374,19.837353681392347,24.867455428258758,24.500939615034863,24.05438378849886,1.0,0.0,0.8333333333333334,0.25,0.0,19.948326583071342,24.482508336097148,29.21479591832816,13.552832679514161,22.123654862128856,27.72592844764812,1.2623342939095965e-16,1.6590651707255575e-16,0.0,2.6239914411122217e-15,7.304719973980427e-14,converged
2025-01-15T18:50:00+08:00,10.833333333333334,-2.375,40.625,3.0,48.8,48.8,42.9,42.9,50.0,60.0,85.0,39.35170094716014,13.13378569699725,12.83693864191262,13.380976608250263,68.50073277059235,0.985241356231609,48.79999999999999,48.6,48.6,41.86679126035238,40.62904529422973,40.37614739606015,40.956153630003556,0.3279291875,0.35160565022349666,29.64210367897422,30.132702375631887,19.944760405953755,29.21238571262914,24.38045834154821,24.843739791037713,24.47845871663442,24.033162358811587,19.833143124220204,24.862143423875366,24.496875173681786,24.051612694821127,1.0,0.0,0.8333333333333334,0.25,0.0,19.944760405953755,24.47845871663442,29.21238571262914,13.552832679514161,22.123654862128856,27.72592844764812,1.2623342939095965e-16,4.966444157805878e-16,0.0,1.4900501277849932e-15,3.2677009950210704e-14,converged
2025-01-15T18:55:00+08:00,10.916666666666666,-2.416666666666667,39.58333333333333,3.0,48.8,48.8,42.9,42.9,50.0,60.0,85.0,39.35170094716014,13.13378569699725,12.83693864191262,13.380976608250263,68.50073277059235,0.985241356231609,48.79999999999999,48.71505380551485,48.6,41.86558368376243,40.70482279994223,40.37479762475723,40.98001104552298,0.32904754166666667,0.3522292046767806,29.637985097175115,30.127832386589716,19.941044760276064,29.20989045705831,24.376184850151805,24.838523029917607,24.474488775189478,24.03048781027035,19.828776607576447,24.85670095071368,24.492691546385373,24.04873543602555,1.0,0.0,0.8333333333333334,0.25,0.0,19.941044760276064,24.474488775189478,29.20989045705831,13.552832679514161,22.123654862128856,27.72592844764812,1.2623342939095965e-16,3.305101345408371e-16,0.0,1.7037374306600869e-15,3.568793350277031e-14,converged
2025-01-15T19:00:00+08:00,11.0,-2.458333333333333,38.54166666666667,3.0,48.8,48.8,42.9,42.9,50.0,60.0,85.0,39.35170094716014,13.13378569699725,12.83693864191262,13.380976608250263,68.50073277059235,0.985241356231609,48.79999999999999,48.8,48.69096286209408,41.86434055777564,40.76046613711509,40.4345594021634,41.018068716838506,0.33016589583333333,0.3531678085152058,29.633766232732413,30.12285340172821,19.937180307821265,29.207310401327717,24.371949568509134,24.833329713098788,24.470545893039514,24.027846392596324,19.82442985829646,24.851294305209436,24.488546680268566,24.045902398368973,1.0,0.0,0.8333333333333334,0.25,0.0,19.937180307821265,24.470545893039514,29.207310401327717,13.552832679514161,22.123654862128856,27.72592844764812,1.2623342939095965e-16,0.0,0.0,2.101642309140834e-15,3.542596361581794e-14,converged
2025-01-15T19:05:00+08:00,11.083333333333334,-2.5,37.5,3.0,49.0,49.0,43.0,43.0,50.0,60.0,85.0,39.44342985379688,13.164400582071837,12.866861575809855,13.412167695915185,68.82045570977407,0.992147228543424,48.8,48.8,48.8,41.876248064633835,40.77435742990959,40.52223495165915,41.05638718229604,0.33128425,0.35393427753136897,29.629463169470494,30.117780307782873,19.933189029198886,29.204659589145887,24.36760986612322,24.82802438596089,24.466501626116692,24.025116055012422,19.82016104976916,24.845974726535733,24.48448953344143,24.043160522198534,1.0,0.0,0.8333333333333334,0.25,0.0,19.933189029198886,24.466501626116692,29.204659589145887,13.521314463980408,22.072204501984366,27.661449544281492,6.282348993656464e-17,4.933768606939335e-16,0.0,2.4548738878212123e-16,4.110852459099955e-14,converged
2025-01-15T19:10:00+08:00,11.166666666666666,-2.541666666666667,36.45833333333333,3.0,49.0,49.0,43.0,43.0,50.0,60.0,85.0,39.44342985379688,13.164400582071837,12.866861575809855,13.412167695915185,68.82045570977407,0.992147228543424,48.8,48.8,48.8,41.87494196776462,40.7729993064264,40.520886457452576,41.05504969719706,0.33240260416666667,0.3539954094388338,29.625060458909434,30.112598881006313,19.9290501671873,29.201924435424733,24.363145809314315,24.822588556043108,24.462338093156465,24.022279405773823,19.815736571590048,24.84052471262262,24.480313176927826,24.040312380592642,1.0,0.0,0.8333333333333334,0.25,0.0,19.9290501671873,24.462338093156465,29.201924435424733,13.521314463980408,22.072204501984366,27.661449544281492,6.282348993656464e-17,8.221527647172075e-16,0.0,7.513654972691077e-17,2.8522203546988284e-14,converged
2025-01-15T19:15:00+08:00,11.25,-2.583333333333333,35.41666666666667,3.0,49.0,49.0,43.0,43.0,50.0,60.0,85.0,39.44342985379688,13.164400582071837,12.866861575809855,13.412167695915185,68.82045570977407,0.992147228543424,48.85914742144078,48.8,48.8,41.91361356963834,40.771601849826546,40.51949682708194,41.067028108399455,0.33352095833333334,0.35435019667564144,29.620672614166477,30.107417638614766,19.924867114644666,29.199203056479334,24.35855790573286,24.817022728110075,24.458055732438783,24.01933681698461,19.811157188766433,24.834944768273704,24.47601804906133,24.037358345714974,1.0,0.0,0.8333333333333334,0.25,0.0,19.924867114644666,24.458055732438783,29.199203056479334,13.521314463980408,22.072204501984366,27.661449544281492,6.282348993656464e-17,0.0,0.0,3.902966788677313e-15,5.3637732394537527e-14,converged
2025-01-15T19:20:00+08:00,11.333333333333334,-2.625,34.375,3.0,49.0,49.0,43.0,43.0,50.0,60.0,85.0,39.44342985379688,13.164400582071837,12.866861575809855,13.412167695915185,68.82045570977407,0.992147228543424,49.0,48.8,48.8,42.007598153885745,40.770165209308786,40.51806622504282,41.097440732019855,0.3346393125,0.35510881124137395,29.616456833116196,30.10238557974564,19.920781447214964,29.196630263325027,24.353846660956922,24.811327404974076,24.453654980633,24.016288659446452,19.80642366254615,24.829235396338923,24.47160458656376,24.034298788425815,1.0,0.0,0.8333333333333334,0.25,0.0,19.920781447214964,24.453654980633,29.196630263325027,13.521314463980408,22.072204501984366,27.661449544281492,6.282348993656464e-17,1.639150003346512e-16,0.0,8.007197431325114e-16,4.1315712775024155e-14,converged
2025-01-15T19:25:00+08:00,11.416666666666666,-2.666666666666667,33.33333333333333,3.0,49.0,49.0,43.0,43.0,50.0,60.0,85.0,39.44342985379688,13.164400582071837,12.866861575809855,13.412167695915185,68.82045570977407,0.992147228543424,49.0,48.91711181992062,48.8,42.006302547728,40.84728570897952,40.516594815160715,41.12166550463514,0.3357576666666667,0.3557477135005408,29.612141105791043,30.097245054870037,19.916548614378975,29.193972899507536,24.349237629143186,24.805716306808996,24.44933884263232,24.01332823620858,19.80153675043602,24.82339709772211,24.467073224551108,24.031134078286613,1.0,0.0,0.8333333333333334,0.25,0.0,19.916548614378975,24.44933884263232,29.193972899507536,13.521314463980408,22.072204501984366,27.661449544281492,6.282348993656464e-17,3.272412370030815e-16,0.0,2.1822299156047893e-15,5.132912441378464e-14,converged
2025-01-15T19:30:00+08:00,11.5,-2.708333333333333,32.29166666666667,3.0,49.0,49.0,43.0,43.0,50.0,60.0,85.0,39.44342985379688,13.164400582071837,12.866861575809855,13.412167695915185,68.82045570977407,0.992147228543424,49.0,49.0,48.893542018228736,42.00497179851161,40.901491790435585,40.578027904492146,41.15979338886502,0.3368760208333333,0.3566946959983427,29.60772577454612,30.09199641600358,19.91216926783078,29.19123121339136,24.344664300905514,24.800126506524315,24.445047546734916,24.010398619936353,19.79667719947338,24.8176009331246,24.462586437533393,24.02801891464979,1.0,0.0,0.8333333333333334,0.25,0.0,19.91216926783078,24.445047546734916,29.19123121339136,13.521314463980408,22.072204501984366,27.661449544281492,6.282348993656464e-17,4.895586749661496e-16,0.0,1.7131580990190663e-16,4.091469644560622e-14,converged
2025-01-15T19:35:00+08:00,11.583333333333334,-2.75,31.25,3.0,49.2,49.2,43.1,43.1,50.0,60.0,85.0,39.53515876043361,13.19501546714642,12.896784509707084,13.443358783580102,69.14092305626468,0.9990852960059755,48.999999999999986,49.0,49.0,42.0168806543266,40.915357443349905,40.663997736145774,41.197523935868,0.337994375,0.3574540766831187,29.603227042040924,30.086654667123646,19.907665457349253,29.188419342935944,24.339988041948228,24.7944263406084,24.440656244205076,24.00738117765922,19.79189333687653,24.811888840851882,24.45818434196513,24.024991811260406,1.0,0.0,0.8333333333333334,0.25,0.0,19.907665457349253,24.440656244205076,29.188419342935944,13.489942504667228,22.020992890610856,27.597269846962977,1.2506460763315014e-16,1.9540745973386075e-15,0.0,4.39593940917912e-15,3.616867875569477e-14,converged
2025-01-15T19:40:00+08:00,11.666666666666666,-2.791666666666667,30.208333333333325,3.0,49.2,49.2,43.1,43.1,50.0,60.0,85.0,39.53515876043361,13.19501546714642,12.896784509707084,13.443358783580102,69.14092305626468,0.9990852960059755,48.999999999999986,49.0,49.0,42.01548792626437,40.91389059761528,40.66252940433198,41.1960813218797,0.3391127291666667,0.35752016701738654,29.59862933620004,30.08120546148611,19.903016336495497,29.185523605933188,24.335188806421648,24.788597203622427,24.436146954253296,24.004258430814982,19.78695633977084,24.806047836945886,24.453664308402566,24.0218594435417,1.0,0.0,0.8333333333333334,0.25,0.0,19.903016336495497,24.436146954253296,29.185523605933188,13.489942504667228,22.020992890610856,27.597269846962977,1.2506460763315014e-16,1.4652850287903632e-15,0.0,2.5795445685644556e-16,3.644805466314917e-14,converged
2025-01-15T19:45:00+08:00,11.75,-2.833333333333333,29.166666666666675,3.0,49.2,49.2,43.1,43.1,50.0,60.0,85.0,39.53515876043361,13.19501546714642,12.896784509707084,13.443358783580102,69.14092305626468,0.9990852960059755,49.06040229981331,49.0,49.0,42.05495939408247,40.912384916411376,40.66102050944757,41.208250833325486,0.3402310833333333,0.35788621187204983,29.5940496383833,30.07575965411853,19.898327510930976,29.182644235216912,24.330267096453305,24.782639594507856,24.431520110548863,24.001030748057616,19.781866960831277,24.800078420414327,24.449026770590788,24.018622180225684,1.0,0.0,0.8333333333333334,0.25,0.0,19.898327510930976,24.431520110548863,29.182644235216912,13.489942504667228,22.020992890610856,27.597269846962977,1.2506460763315014e-16,8.132146333466123e-16,0.0,1.937604445795698e-15,4.0407164017658955e-14,converged
2025-01-15T19:50:00+08:00,11.833333333333334,-2.875,28.125,3.0,49.2,49.2,43.1,43.1,50.0,60.0,85.0,39.53515876043361,13.19501546714642,12.896784509707084,13.443358783580102,69.14092305626468,0.9990852960059755,49.199999999999996,49.0,49.0,42.14809540945482,40.91084054707373,40.65947121366981,41.238304741368026,0.3413494375,0.35864383707145175,29.58964035815517,30.07046170741254,19.893736237947696,29.17991193858856,24.325223412120486,24.77655401027593,24.426776145167093,23.997698496750495,19.776625949033328,24.79398108833329,24.444272160679688,24.015280388752725,1.0,0.0,0.8333333333333334,0.25,0.0,19.893736237947696,24.426776145167093,29.17991193858856,13.489942504667228,22.020992890610856,27.597269846962977,1.2506460763315014e-16,9.737960878754066e-16,0.0,3.5158142830944374e-16,3.968624296657567e-14,converged
2025-01-15T19:55:00+08:00,11.916666666666666,-2.916666666666667,27.083333333333325,3.0,49.2,49.2,43.1,43.1,50.0,60.0,85.0,39.53515876043361,13.19501546714642,12.896784509707084,13.443358783580102,69.14092305626468,0.9990852960059755,49.199999999999996,49.11916028437557,49.0,42.14671419751893,40.989302965931685,40.65788167851546,41.262898524076135,0.3424677916666667,0.3592979333118808,29.58513179810927,30.065056161759472,19.88900004196748,29.177095541667207,24.320287332733177,24.770557984297618,24.42212168686361,23.994458432528965,19.771234049671165,24.787756335854716,24.43940090922982,24.011834435276082,1.0,0.0,0.8333333333333334,0.25,0.0,19.88900004196748,24.42212168686361,29.177095541667207,13.489942504667228,22.020992890610856,27.597269846962977,1.2506460763315014e-16,4.860116537013991e-16,0.0,3.644265276513704e-15,3.576405549590838e-14,converged
2025-01-15T20:00:00+08:00,12.0,-2.958333333333333,26.041666666666675,3.0,49.2,49.2,43.1,43.1,50.0,60.0,85.0,39.53515876043361,13.19501546714642,12.896784509707084,13.443358783580102,69.14092305626468,0.9990852960059755,49.199999999999996,49.2,49.09610920612148,42.14529823946458,41.042078462751356,40.72098451560342,41.301099071336736,0.3435861458333333,0.3602531672956315,29.580524298398885,30.059543366444235,19.88411956486071,29.17419529149487,24.31538443141398,24.76458108799991,24.417489838339304,23.991246842620743,19.7658770109731,24.781579969779546,24.434580000863658,24.008443315775903,1.0,0.0,0.8333333333333334,0.25,0.0,19.88411956486071,24.417489838339304,29.17419529149487,13.489942504667228,22.020992890610856,27.597269846962977,1.2506460763315014e-16,0.0,0.0,2.2393573436546516e-15,4.4798781745952496e-14,converged
2025-01-15T20:05:00+08:00,12.083333333333334,-3.0,25.0,3.0,49.4,49.4,43.2,43.2,50.0,60.0,85.0,39.626887667070356,13.225630352221009,12.92670744360432,13.474549871245024,69.46213481006424,1.006055633491708,49.2,49.20000000000001,49.199999999999996,42.15721109289775,41.055922004528746,40.80525735150081,41.338246700818644,0.3447045,0.3610053995313516,29.575834180398868,30.053938442877598,19.879116927241775,29.17122542008473,24.310380055963314,24.758495435858038,24.412759333549616,23.987948499608425,19.760593354083785,24.775484664503235,24.429840745286263,24.005137150400518,1.0,0.0,0.8333333333333334,0.25,0.0,19.879116927241775,24.412759333549616,29.17122542008473,13.458715785906422,21.970018370030736,27.53338727787278,6.224313748108925e-17,3.2247529255258327e-16,0.0,2.4371825250781002e-15,3.320022198611108e-14,converged
2025-01-15T20:10:00+08:00,12.166666666666666,-3.041666666666667,23.958333333333325,3.0,49.4,49.4,43.2,43.2,50.0,60.0,85.0,39.626887667070356,13.225630352221009,12.92670744360432,13.474549871245024,69.46213481006424,1.006055633491708,49.2,49.20000000000001,49.199999999999996,42.15573412420974,41.054349435871224,40.80367264517233,41.33670191178931,0.3458228541666667,0.3610763350033135,29.57104574864992,30.048226921230818,19.87397119229604,29.16817214835329,24.305254047868917,24.752282308767406,24.40791209165898,23.98454583779152,19.755159023642836,24.769261935784247,24.424984795253618,24.001726700594954,1.0,0.0,0.8333333333333334,0.25,0.0,19.87397119229604,24.40791209165898,29.16817214835329,13.458715785906422,21.970018370030736,27.53338727787278,6.224313748108925e-17,3.2241194047199603e-16,0.0,1.6998056423350795e-15,3.832292163548339e-14,converged
2025-01-15T20:15:00+08:00,12.25,-3.083333333333333,22.916666666666675,3.0,49.4,49.4,43.2,43.2,50.0,60.0,85.0,39.626887667070356,13.225630352221009,12.92670744360432,13.474549871245024,69.46213481006424,1.006055633491708,49.26165136856375,49.20000000000001,49.199999999999996,42.19600530486417,41.05273851782841,40.80204793451215,41.349064619711946,0.3469412083333333,0.36145350059268944,29.56627844338094,30.042521985474245,19.868790170259913,29.165137817607842,24.30000690387128,24.745942199981204,24.402948541827786,23.981039222446825,19.74957476035291,24.762912276968734,24.420012580023656,23.99821233173214,1.0,0.0,0.8333333333333334,0.25,0.0,19.868790170259913,24.402948541827786,29.165137817607842,13.458715785906422,21.970018370030736,27.53338727787278,6.224313748108925e-17,3.2207551354750766e-16,0.0,4.137952851890839e-15,5.0949314163036373e-14,converged
2025-01-15T20:20:00+08:00,12.333333333333334,-3.125,21.875,3.0,49.4,49.4,43.2,43.2,50.0,60.0,85.0,39.626887667070356,13.225630352221009,12.92670744360432,13.474549871245024,69.46213481006424,1.006055633491708,49.4,49.20000000000001,49.199999999999996,42.28829719493467,41.05108939591584,40.800383379438294,41.37876343395164,0.3480595625,0.3622100463757009,29.56167990410356,30.036963578553678,19.863706816754025,29.16224904805458,24.29463911868224,24.739475600844028,24.397869111638705,23.977429017572117,19.74384130127541,24.756436179492763,24.414924527275293,23.994594407904877,1.0,0.0,0.8333333333333334,0.25,0.0,19.863706816754025,24.397869111638705,29.16224904805458,13.458715785906422,21.970018370030736,27.53338727787278,6.224313748108925e-17,3.2140279650383714e-16,0.0,2.9038346567216933e-15,4.1267758171995044e-14,converged
2025-01-15T20:25:00+08:00,12.416666666666666,-3.166666666666667,20.833333333333325,3.0,49.4,49.4,43.2,43.2,50.0,60.0,85.0,39.626887667070356,13.225630352221009,12.92670744360432,13.474549871245024,69.46213481006424,1.006055633491708,49.4,49.32119926519877,49.199999999999996,42.28683274053081,41.130892597664925,40.798679139217505,41.40372780783647,0.3491779166666667,0.3628791855478485,29.556982737235053,30.031298422515995,19.858480723474585,29.159276639889256,24.28938428150776,24.733103843482315,24.39288403996968,23.973915418284076,19.737959379848387,24.749834132889696,24.40972106311424,23.990873291930324,1.0,0.0,0.8333333333333334,0.25,0.0,19.858480723474585,24.39288403996968,29.159276639889256,13.458715785906422,21.970018370030736,27.53338727787278,6.224313748108925e-17,1.6040506932242403e-16,0.0,5.057944459193202e-15,4.223283358407409e-14,converged
2025-01-15T20:30:00+08:00,12.5,-3.208333333333333,19.791666666666675,3.0,49.4,49.4,43.2,43.2,50.0,60.0,85.0,39.626887667070356,13.225630352221009,12.92670744360432,13.474549871245024,69.46213481006424,1.006055633491708,49.4,49.400000000000006,49.29866450888508,42.28533392778167,41.18224409453375,40.863450084097366,41.44200339417979,0.3502962708333333,0.3638425464637956,29.552187280774234,30.02552686396966,19.853112522726732,29.156220838856036,24.28416007828479,24.726749026541345,24.38791933115034,23.97042795226685,19.73211972658008,24.743286671994785,24.404573665097036,23.987212260040614,1.0,0.0,0.8333333333333334,0.25,0.0,19.853112522726732,24.38791933115034,29.156220838856036,13.458715785906422,21.970018370030736,27.53338727787278,6.224313748108925e-17,2.0797446566639294e-15,0.0,1.3508339588830177e-15,5.169223079533882e-14,converged
2025-01-15T20:35:00+08:00,12.583333333333334,-3.25,18.75,3.0,49.6,49.6,43.3,43.3,50.0,60.0,85.0,39.71861657370709,13.256245237295595,12.95663037750155,13.505740958909941,69.78409097117267,1.0130583158730635,49.4,49.4,49.4,42.29725333964675,41.19606894260999,40.94603449699402,41.47857299066731,0.351414625,0.36458757202179537,29.54730997466903,30.01966414191972,19.84762440754164,29.15309597081196,24.27883582483375,24.720287029381716,24.382857289215018,23.96685478544002,19.72635109631621,24.736817243989183,24.39950487084623,23.983633071575024,1.0,0.0,0.8333333333333334,0.25,0.0,19.84762440754164,24.382857289215018,29.15309597081196,13.427633301412413,21.91927929758263,27.469799778385777,6.195597229315214e-17,0.0,1.18610671591058e-16,3.732456474515897e-15,3.928728469773064e-14,converged
2025-01-15T20:40:00+08:00,12.666666666666666,-3.291666666666667,17.708333333333325,3.0,49.6,49.6,43.3,43.3,50.0,60.0,85.0,39.71861657370709,13.256245237295595,12.95663037750155,13.505740958909941,69.78409097117267,1.0130583158730635,49.4,49.4,49.4,42.29569446124127,41.19439357595562,40.94433678747534,41.47692890505856,0.3525329791666667,0.36466324187011734,29.542335000308718,30.01369566339379,19.84199534964272,29.149888160054743,24.273391249535766,24.71369901859857,24.377679732803436,23.963178264675427,19.720434181387507,24.730221846105223,24.394320598121787,23.979950557798787,1.0,0.0,0.8333333333333334,0.25,0.0,19.84199534964272,24.377679732803436,29.149888160054743,13.427633301412413,21.91927929758263,27.469799778385777,6.195597229315214e-17,6.384812531689094e-16,1.18610671591058e-16,1.0217173632755153e-16,4.293557650464467e-14,converged
2025-01-15T20:45:00+08:00,12.75,-3.333333333333333,16.666666666666675,3.0,49.6,49.6,43.3,43.3,50.0,60.0,85.0,39.71861657370709,13.256245237295595,12.95663037750155,13.505740958909941,69.78409097117267,1.0130583158730635,49.462894667943495,49.4,49.4,42.33676515097755,41.19268033471435,40.94259961838542,41.489486833531274,0.3536513333333333,0.36505139396381875,29.537384247469866,30.007736932485706,19.836335355654168,29.146701848364852,24.267826843876993,24.706985481888765,24.37238708666673,23.959398751944192,19.71436971087413,24.72350096615888,24.38902127179369,23.976165080796893,1.0,0.0,0.8333333333333334,0.25,0.0,19.836335355654168,24.37238708666673,29.146701848364852,13.427633301412413,21.91927929758263,27.469799778385777,6.195597229315214e-17,7.972529604863874e-16,1.18610671591058e-16,6.383438748086988e-16,4.437632835361006e-14,converged
2025-01-15T20:50:00+08:00,12.833333333333334,-3.375,15.625,3.0,49.6,49.6,43.3,43.3,50.0,60.0,85.0,39.71861657370709,13.256245237295595,12.95663037750155,13.505740958909941,69.78409097117267,1.0130583158730635,49.6,49.4,49.4,42.42821729388203,41.190929362623976,40.940823147440376,41.51883409886399,0.3547696875,0.36580677266385764,29.5326006037654,30.00192338989765,19.83077309610687,29.14365958388402,24.26214309733598,24.70014690506166,24.3669797739942,23.95551660794973,19.708158410271533,24.716655090077072,24.38360731516874,23.97227700138548,1.0,0.0,0.8333333333333334,0.25,0.0,19.83077309610687,24.3669797739942,29.14365958388402,13.427633301412413,21.91927929758263,27.469799778385777,6.195597229315214e-17,7.956066598984873e-16,1.18610671591058e-16,5.0617193367772885e-16,3.5279052057340995e-14,converged
2025-01-15T20:55:00+08:00,12.916666666666666,-3.416666666666667,14.583333333333325,3.0,49.6,49.6,43.3,43.3,50.0,60.0,85.0,39.71861657370709,13.256245237295595,12.95663037750155,13.505740958909941,69.78409097117267,1.0130583158730635,49.6,49.5232288280967,49.4,42.42667190134127,41.272072151251976,40.939007531714296,41.54417057502246,0.3558880416666667,0.3664908064351832,29.527718970746967,29.99600393111289,19.8250702223426,29.140534133929656,24.25657759384097,24.693408404636735,24.361671630121826,23.951735454257985,19.701801001508084,24.709684701904976,24.378079149996292,23.96828667911626,1.0,0.0,0.8333333333333334,0.25,0.0,19.8250702223426,24.361671630121826,29.140534133929656,13.427633301412413,21.91927929758263,27.469799778385777,6.195597229315214e-17,1.5882434126969536e-16,1.18610671591058e-16,3.713790074151429e-15,5.471647659198555e-14,converged
2025-01-15T21:00:00+08:00,13.0,-3.458333333333333,13.541666666666675,3.0,49.6,49.6,43.3,43.3,50.0,60.0,85.0,39.71861657370709,13.256245237295595,12.95663037750155,13.505740958909941,69.78409097117267,1.0130583158730635,49.6,49.6,49.50120800886457,42.4250925292867,41.322006148286164,41.00544487104881,41.58252350435451,0.3570063958333333,0.36746217229244793,29.52273968430535,29.98997890011671,19.819227357353135,29.1373257429723,24.251040162275956,24.68668463501474,24.356381588079444,23.947978084757143,19.695493178560245,24.70277504654684,24.372612729684096,23.964361654189076,1.0,0.0,0.8333333333333334,0.25,0.0,19.819227357353135,24.356381588079444,29.1373257429723,13.427633301412413,21.91927929758263,27.469799778385777,6.195597229315214e-17,6.336179917549972e-16,1.18610671591058e-16,2.1258036390721887e-16,3.63845861015422e-14,converged
2025-01-15T21:05:00+08:00,13.083333333333334,-3.5,12.5,3.0,49.8,49.8,43.4,43.4,50.0,60.0,85.0,39.81034548034382,13.286860122370179,12.986553311398783,13.536932046574861,70.10679153959006,1.0200934180224874,49.6,49.6,49.6,42.437020974959054,41.3358156117653,41.086349288221406,41.61851983905199,0.35812475,0.3681999347916019,29.517679302797504,29.9838636536396,19.813266768085683,29.134048830490634,24.24540407243567,24.679855227361873,24.350995509397638,23.94413604652535,19.689253969432805,24.69594038040679,24.367221854202867,23.960515357706562,1.0,0.0,0.8333333333333334,0.25,0.0,19.813266768085683,24.350995509397638,29.134048830490634,13.396694054174136,21.868774045744882,27.406505308850324,6.167078983027246e-17,1.5808710272154843e-16,1.1833737511273759e-16,9.494328299351036e-16,3.874372644211484e-14,converged
2025-01-15T21:10:00+08:00,13.166666666666666,-3.541666666666667,11.458333333333325,3.0,49.8,49.8,43.4,43.4,50.0,60.0,85.0,39.81034548034382,13.286860122370179,12.986553311398783,13.536932046574861,70.10679153959006,1.0200934180224874,49.6,49.6,49.6,42.43538245956532,41.33404029944341,41.08454185748987,41.616779261844904,0.35924310416666666,0.36828023072684496,29.512521884713852,29.977643475534524,19.80716733378514,29.130689424431818,24.23964893919743,24.67290123338996,24.34549511175386,23.940191598747948,19.68286879451279,24.688981164098546,24.361716689255616,23.956566674672352,1.0,0.0,0.8333333333333334,0.25,0.0,19.80716733378514,24.34549511175386,29.130689424431818,13.396694054174136,21.868774045744882,27.406505308850324,6.167078983027246e-17,4.741579052336394e-16,1.1833737511273759e-16,3.3247173124465782e-16,2.9964483065933556e-14,converged
2025-01-15T21:15:00+08:00,13.25,-3.583333333333333,10.416666666666675,3.0,49.8,49.8,43.4,43.4,50.0,60.0,85.0,39.81034548034382,13.286860122370179,12.986553311398783,13.536932046574861,70.10679153959006,1.0200934180224874,49.66413223783304,49.6,49.6,42.477252405439856,41.33222757631859,41.082695498335006,41.62953436467376,0.36036145833333333,0.3686792376905921,29.507391760108955,29.971436181248325,19.80104124931739,29.12735405909383,24.233775248922665,24.665823135368537,24.33988081558753,23.936145100160452,19.676338371597787,24.681897880036395,24.356097655421507,23.95251596395324,1.0,0.0,0.8333333333333334,0.25,0.0,19.80104124931739,24.33988081558753,29.12735405909383,13.396694054174136,21.868774045744882,27.406505308850324,6.167078983027246e-17,3.15763161918639e-16,1.1833737511273759e-16,9.121051267295076e-16,3.407484183814571e-14,converged
2025-01-15T21:20:00+08:00,13.333333333333334,-3.625,9.375,3.0,49.8,49.8,43.4,43.4,50.0,60.0,85.0,39.81034548034382,13.286860122370179,12.986553311398783,13.536932046574861,70.10679153959006,1.0200934180224874,49.8,49.6,49.6,42.56786911534372,41.33037758439209,41.08081036632709,41.65853355100694,0.3614798125,0.3694333639700168,29.502427082748824,29.965372726344768,19.795012916607053,29.124161225997543,24.227783485985736,24.658621413700285,24.334153039791797,23.931996908241747,19.66966341495557,24.674691008766107,24.350365171732005,23.948363583158176,1.0,0.0,0.8333333333333334,0.25,0.0,19.795012916607053,24.334153039791797,29.124161225997543,13.396694054174136,21.868774045744882,27.406505308850324,6.167078983027246e-17,4.726778893597022e-16,1.1833737511273759e-16,1.1478248130611413e-15,3.6132393672003706e-14,converged
2025-01-15T21:25:00+08:00,13.416666666666666,-3.666666666666667,8.333333333333325,3.0,49.8,49.8,43.4,43.4,50.0,60.0,85.0,39.81034548034382,13.286860122370179,12.986553311398783,13.536932046574861,70.10679153959006,1.0200934180224874,49.8,49.7252490381702,49.6,42.56624503148088,41.4128587059349,41.078886616403146,41.68424357242581,0.36259816666666667,0.37013214666816013,29.497365040678076,29.959204171569553,19.788846039050313,29.120885652168326,24.22191521394652,24.651524955013894,24.32852920257167,23.927954058047163,19.66284463534144,24.667361028972177,24.34451965567655,23.944109888642696,1.0,0.0,0.8333333333333334,0.25,0.0,19.788846039050313,24.32852920257167,29.120885652168326,13.396694054174136,21.868774045744882,27.406505308850324,6.167078983027246e-17,3.14523671815262e-16,1.1833737511273759e-16,4.6155610657923753e-17,3.352458364092822e-14,converged
2025-01-15T21:30:00+08:00,13.5,-3.708333333333333,7.291666666666674,3.0,49.8,49.8,43.4,43.4,50.0,60.0,85.0,39.81034548034382,13.286860122370179,12.986553311398783,13.536932046574861,70.10679153959006,1.0200934180224874,49.8,49.8,49.703739787645986,42.56458733821363,41.461381620463776,41.146988565839735,41.7226760783759,0.36371652083333333,0.3711113979831725,29.492205967724995,29.95293085833711,19.78254123057107,29.117527580826916,24.21607243459716,24.64444099784044,24.32292119257528,23.923932635271136,19.65608267148722,24.66009787776183,24.33874151952612,23.93992666838085,1.0,0.0,0.8333333333333334,0.25,0.0,19.78254123057107,24.32292119257528,29.117527580826916,13.396694054174136,21.868774045744882,27.406505308850324,6.167078983027246e-17,1.5684686924142045e-16,1.1833737511273759e-16,2.0453913912532275e-15,4.0943327433501175e-14,converged
2025-01-15T21:35:00+08:00,13.583333333333334,-3.75,6.25,3.0,50.0,50.0,43.5,43.5,50.0,60.0,85.0,39.90207438698056,13.317475007444763,13.016476245296015,13.56812313423978,70.43023651531638,1.0271610148124228,49.8,49.8,49.8,42.576527209975765,41.475178903017714,41.226221272831836,41.75810381216776,0.364834875,0.3718418428492603,29.486966540470522,29.946568261205755,19.776120833452595,29.114101524839544,24.210132357692537,24.637252912094933,24.317218416277317,23.919827556010237,19.649386863703345,24.652906656944293,24.33303585979681,23.935819057598163,1.0,0.0,0.8333333333333334,0.25,0.0,19.776120833452595,24.317218416277317,29.114101524839544,13.36589705634845,21.81850100196156,27.343501848370213,1.227751437629362e-16,4.6961627933624465e-16,0.0,2.749322690169493e-15,4.339242716509801e-14,converged
2025-01-15T21:40:00+08:00,13.666666666666666,-3.791666666666667,5.208333333333326,3.0,50.0,50.0,43.5,43.5,50.0,60.0,85.0,39.90207438698056,13.317475007444763,13.016476245296015,13.56812313423978,70.43023651531638,1.0271610148124228,49.8,49.8,49.8,42.574811273586725,41.47330642652321,41.224307315874,41.75626947672059,0.36595322916666667,0.3719266589992265,29.4816306947782,29.940101540849845,19.769563633511893,29.11059341608223,24.204074484254196,24.629941634072537,24.31140248999511,23.915620991534023,19.642547340982674,24.64559227256994,24.327217073206523,23.93160997907302,1.0,0.0,0.8333333333333334,0.25,0.0,19.769563633511893,24.31140248999511,29.11059341608223,13.36589705634845,21.81850100196156,27.343501848370213,1.227751437629362e-16,4.69509185521346e-16,0.0,1.4173040736512739e-15,2.5395203305258073e-14,converged
2025-01-15T21:45:00+08:00,13.75,-3.833333333333333,4.166666666666674,3.0,50.0,50.0,43.5,43.5,50.0,60.0,85.0,39.90207438698056,13.317475007444763,13.016476245296015,13.56812313423978,70.43023651531638,1.0271610148124228,49.86536411774607,49.8,49.8,42.61748017488684,41.47139699226001,41.22235494838464,41.76922363928915,0.36707158333333334,0.3723363917394271,29.476325191762232,29.933650815347264,19.76298400575125,29.10711187345911,24.19789929564543,24.62250764074166,24.305473829951897,23.911313297411088,19.635564810170514,24.638155201777014,24.321285576138717,23.927299788522344,1.0,0.0,0.8333333333333334,0.25,0.0,19.76298400575125,24.305473829951897,29.10711187345911,13.36589705634845,21.81850100196156,27.343501848370213,1.227751437629362e-16,6.253233603252297e-16,0.0,7.742916678497439e-16,3.5753216232422966e-14,converged
2025-01-15T21:50:00+08:00,13.833333333333334,-3.875,3.125,3.0,50.0,50.0,43.5,43.5,50.0,60.0,85.0,39.90207438698056,13.317475007444763,13.016476245296015,13.56812313423978,70.43023651531638,1.0271610148124228,50.0,49.8,49.8,42.707265703416056,41.46945074053309,41.220364323842595,41.7978781433848,0.3681899375,0.373089182536207,29.471183469291926,29.92734257213226,19.75650209987521,29.103771347227255,24.19160727126249,24.61495140722401,24.299432850839835,23.90690482796423,19.628439974635636,24.63059591985532,24.315241783444275,23.922888840416025,1.0,0.0,0.8333333333333334,0.25,0.0,19.75650209987521,24.299432850839835,29.103771347227255,13.36589705634845,21.81850100196156,27.343501848370213,1.227751437629362e-16,7.800770383877126e-16,0.0,4.081630774820797e-15,4.2831331101396595e-14,converged
2025-01-15T21:55:00+08:00,13.916666666666666,-3.916666666666667,2.083333333333326,3.0,50.0,50.0,43.5,43.5,50.0,60.0,85.0,39.90207438698056,13.317475007444763,13.016476245296015,13.56812313423978,70.43023651531638,1.0271610148124228,50.0,49.92725995992154,49.8,42.705565118956,41.553268884795315,41.2183355951021,41.823963086769396,0.3693082916666667,0.3738025710933901,29.46594499331102,29.92093002908393,19.749883663780743,29.100348516747317,24.18544393928872,24.607505576051743,24.293500540218727,23.90260601884995,19.621173534287372,24.622914900253377,24.30908610844715,23.918377487981278,1.0,0.0,0.8333333333333334,0.25,0.0,19.749883663780743,24.293500540218727,29.100348516747317,13.36589705634845,21.81850100196156,27.343501848370213,1.227751437629362e-16,1.5571765796903766e-16,0.0,1.113880304052002e-15,4.3200527622419466e-14,converged
2025-01-15T22:00:00+08:00,14.0,-3.958333333333333,1.041666666666674,3.0,50.0,50.0,43.5,43.5,50.0,60.0,85.0,39.90207438698056,13.317475007444763,13.016476245296015,13.56812313423978,70.43023651531638,1.0271610148124228,50.0,50.0,49.90625992606519,42.70383128669306,41.600387053101976,41.28810030156607,41.862477334512,0.3704266458333333,0.37478959083553487,29.460610095629928,29.91441352509718,19.743129302563077,29.09684362401367,24.179303504215255,24.60006999810001,24.287581769120848,23.898326273026854,19.613971053998316,24.615306754513956,24.30300340538775,23.913941750863017,1.0,0.0,0.8333333333333334,0.25,0.0,19.743129302563077,24.287581769120848,29.09684362401367,13.36589705634845,21.81850100196156,27.343501848370213,1.227751437629362e-16,1.2424605663930532e-15,0.0,4.414366577263093e-15,6.79668469870077e-14,converged
2025-01-15T22:05:00+08:00,14.083333333333334,-4.0,0.0,3.0,50.2,50.2,43.6,43.6,50.0,60.0,85.0,39.9938032936173,13.34808989251935,13.046399179193248,13.599314221904699,70.75442589835158,1.0342611811153124,50.0,50.0,50.0,42.71578489601794,41.61417525579558,41.365669445830584,41.89734102088495,0.371545,0.3755126652614264,29.455195570848304,29.907808652632706,19.73626143518507,29.09327127503452,24.17306710177566,24.59253176900003,24.281569476444183,23.893963863508553,19.606832225224906,24.60776746578159,24.296990101294067,23.90957850055865,1.0,0.0,0.8333333333333334,0.25,0.0,19.73626143518507,24.281569476444183,29.09327127503452,13.335241329154988,21.76845856847082,27.28078739458954,1.222126008887173e-16,1.550085158191511e-16,0.0,3.214584550098943e-16,3.5469611721408154e-14,converged
2025-01-15T22:10:00+08:00,14.166666666666666,-4.027777777777778,0.0,3.0,50.2,50.2,43.6,43.6,50.0,60.0,85.0,39.9938032936173,13.34808989251935,13.046399179193248,13.599314221904699,70.75442589835158,1.0342611811153124,50.0,50.0,50.0,42.71400578908661,41.61222129806535,41.36366535806699,41.895428374307194,0.37200086111111114,0.3756013056714409,29.44975802402762,29.901185836468784,19.72934917714714,29.089673770331952,24.16679612670356,24.58496582468716,24.27552523747634,23.88956524452168,19.59964538551923,24.600200483178554,24.290944867704503,23.905179052781158,1.0,0.0,0.8333333333333334,0.25,0.0,19.72934917714714,24.27552523747634,29.089673770331952,13.335241329154988,21.76845856847082,27.28078739458954,1.222126008887173e-16,3.0994386885537e-16,0.0,3.960590341414203e-15,3.394881964955212e-14,converged
2025-01-15T22:15:00+08:00,14.25,-4.055555555555555,0.0,3.0,50.2,50.2,43.6,43.6,50.0,60.0,85.0,39.9938032936173,13.34808989251935,13.046399179193248,13.599314221904699,70.75442589835158,1.0342611811153124,50.0665903468338,50.0,50.0,42.75750951059833,41.6102567003958,41.3616498643682,41.90862170138285,0.37245672222222226,0.3760198632398345,29.44442638848188,29.89466721113232,19.722508674703576,29.0861616394911,24.16049072030449,24.577372272488812,24.269449169755397,23.885130542956727,19.59241077105626,24.592605914012697,24.284867822164447,23.90074353445363,1.0,0.0,0.8333333333333334,0.25,0.0,19.722508674703576,24.269449169755397,29.0861616394911,13.335241329154988,21.76845856847082,27.28078739458954,1.222126008887173e-16,4.643982933130941e-16,0.0,1.68521923708424e-15,4.6157988764494353e-14,converged
2025-01-15T22:20:00+08:00,14.333333333333334,-4.083333333333333,0.0,3.0,50.2,50.2,43.6,43.6,50.0,60.0,85.0,39.9938032936173,13.34808989251935,13.046399179193248,13.599314221904699,70.75442589835158,1.0342611811153124,50.2,50.0,50.0,42.846528296221905,41.60828150297782,41.359623010525276,41.93699854036537,0.3729125833333333,0.3767682859628414,29.43932915519709,29.88837453623508,19.715855442585504,29.082845141206935,24.154151023306454,24.56975121931677,24.263341390386977,23.880659885259515,19.585128616849182,24.584983865176067,24.278759081786554,23.8962720720541,1.0,0.0,0.8333333333333334,0.25,0.0,19.715855442585504,24.263341390386977,29.082845141206935,13.335241329154988,21.76845856847082,27.28078739458954,1.222126008887173e-16,9.269515999423811e-16,0.0,1.7408818204184206e-15,3.352307890395507e-14,converged
2025-01-15T22:25:00+08:00,14.416666666666666,-4.111111111111112,0.0,3.0,50.2,50.2,43.6,43.6,50.0,60.0,85.0,39.9938032936173,13.34808989251935,13.046399179193248,13.599314221904699,70.75442589835158,1.0342611811153124,50.2,50.12926165726117,50.0,42.84483754560302,41.69352560663124,41.357584842141705,41.96354871896698,0.37336844444444445,0.37749201516365016,29.434207811487035,29.882062902997728,19.709156868400157,29.079502734760965,24.1480261811411,24.562338687832497,24.2574261504467,23.87636687087043,19.577799156755102,24.57733444314653,24.272618763252343,23.891764791617124,1.0,0.0,0.8333333333333334,0.25,0.0,19.709156868400157,24.2574261504467,29.079502734760965,13.335241329154988,21.76845856847082,27.28078739458954,1.222126008887173e-16,0.0,0.0,4.955943493114915e-15,3.832688299296263e-14,converged
2025-01-15T22:30:00+08:00,14.5,-4.138888888888888,0.0,3.0,50.2,50.2,43.6,43.6,50.0,60.0,85.0,39.9938032936173,13.34808989251935,13.046399179193248,13.599314221904699,70.75442589835158,1.0342611811153124,50.2,50.2,50.10876850421642,42.843137765545485,41.739361168114065,41.42912903746931,42.00226102137915,0.37382430555555557,0.37848139550795434,29.429062440056274,29.875732373034783,19.702413153133975,29.07613449634722,24.142002299530276,24.5550268090636,24.25160103864261,23.87215402211166,19.57063240998731,24.569856555778365,24.26663585447908,23.88740170509965,1.0,0.0,0.8333333333333334,0.25,0.0,19.702413153133975,24.25160103864261,29.07613449634722,13.335241329154988,21.76845856847082,27.28078739458954,1.222126008887173e-16,1.5379266089247995e-16,0.0,2.396310752122231e-15,3.7069465549622966e-14,converged
2025-01-15T22:35:00+08:00,14.583333333333334,-4.166666666666667,0.0,3.0,50.333333333333336,50.333333333333336,43.666666666666664,43.666666666666664,50.0,60.0,85.0,40.05495589804178,13.368499815902407,13.066347801791402,13.620108280347978,70.97096571332447,1.0390127564651488,50.2,50.2,50.199999999999996,42.850640923645656,41.74801895373043,41.49975929177587,42.031606286925154,0.3742801666666667,0.37913793695974235,29.42390418581741,29.86939326389551,19.69563910791041,29.07275014712675,24.135957065153853,24.547699475738437,24.24575592071081,23.86791664380177,19.563609787309648,24.562530224551985,24.260791589187864,23.88316517353596,1.0,0.0,0.8333333333333334,0.25,0.0,19.69563910791041,24.24575592071081,29.07275014712675,13.314882182087578,21.735224280580027,27.23913733749857,6.091985875149306e-17,3.070526857862183e-16,0.0,2.4924993939982014e-15,3.1594203139043135e-14,converged
2025-01-15T22:40:00+08:00,14.666666666666666,-4.194444444444445,0.0,3.0,50.333333333333336,50.333333333333336,43.666666666666664,43.666666666666664,50.0,60.0,85.0,40.05495589804178,13.368499815902407,13.066347801791402,13.620108280347978,70.97096571332447,1.0390127564651488,50.2,50.2,50.199999999999996,42.848928947101264,41.74612337382151,41.49780855085072,42.02975322865913,0.37473602777777776,0.3792239470998903,29.418722033223126,29.86303535053032,19.688820259399986,29.06934009084022,24.12987648007888,24.54034361426499,24.239878244264187,23.8636426198433,19.55653858584827,24.555175378030732,24.254914774938005,23.87889200213376,1.0,0.0,0.8333333333333334,0.25,0.0,19.688820259399986,24.239878244264187,29.06934009084022,13.314882182087578,21.735224280580027,27.23913733749857,6.091985875149306e-17,1.5349152224855434e-16,0.0,1.6306181084038902e-15,3.326531383693474e-14,converged
2025-01-15T22:45:00+08:00,14.75,-4.222222222222222,0.0,3.0,50.333333333333336,50.333333333333336,43.666666666666664,43.666666666666664,50.0,60.0,85.0,40.05495589804178,13.368499815902407,13.066347801791402,13.620108280347978,70.97096571332447,1.0390127564651488,50.244936475144335,50.2,50.199999999999996,42.877789712536945,41.74421695452418,41.49584622123717,42.03809646735477,0.3751918888888889,0.3795328167179999,29.413603041048177,29.856741095632835,19.682035072058337,29.06597896079882,24.123760688810087,24.532959335133356,24.233968129109147,23.859332078672217,19.549419044597567,24.5477921267198,24.249005531571118,23.874582319384107,1.0,0.0,0.8333333333333334,0.25,0.0,19.682035072058337,24.233968129109147,29.06597896079882,13.314882182087578,21.735224280580027,27.23913733749857,6.091985875149306e-17,4.600998254919032e-16,0.0,5.440073151855275e-15,5.887392239010205e-14,converged
2025-01-15T22:50:00+08:00,14.833333333333334,-4.25,0.0,3.0,50.333333333333336,50.333333333333336,43.666666666666664,43.666666666666664,50.0,60.0,85.0,40.05495589804178,13.368499815902407,13.066347801791402,13.620108280347978,70.97096571332447,1.0390127564651488,50.333333333333336,50.2,50.199999999999996,42.93626978264558,41.74229973679957,41.49387234945214,42.056317818722476,0.37564775,0.38005644787369347,29.40863081861736,29.85058972345236,19.67535874998434,29.062738505843676,24.117609835261504,24.525546748405695,24.228025694611247,23.85498514827435,19.542251401376152,24.54038058069613,24.24306397848757,23.870236253327462,1.0,0.0,0.8333333333333334,0.25,0.0,19.67535874998434,24.228025694611247,29.062738505843676,13.314882182087578,21.735224280580027,27.23913733749857,6.091985875149306e-17,1.5315530426893828e-16,0.0,2.4691651144817065e-15,3.370135677124077e-14,converged
2025-01-15T22:55:00+08:00,14.916666666666666,-4.277777777777778,0.0,3.0,50.333333333333336,50.333333333333336,43.666666666666664,43.666666666666664,50.0,60.0,85.0,40.05495589804178,13.368499815902407,13.066347801791402,13.620108280347978,70.97096571332447,1.0390127564651488,50.333333333333336,50.2870606858512,50.199999999999996,42.93460732368945,41.799158524560966,41.49188698182202,42.073635805388015,0.3761036111111111,0.38057082731924036,29.40363405959835,29.84441893680714,19.668637191402276,29.059471920574246,24.111591818302312,24.518264901203576,24.22220205986914,23.850745774114,19.53503589283263,24.5329408496101,24.237090234648115,23.865853931555264,1.0,0.0,0.8333333333333334,0.25,0.0,19.668637191402276,24.22220205986914,29.059471920574246,13.314882182087578,21.735224280580027,27.23913733749857,6.091985875149306e-17,9.176897975625462e-16,0.0,1.3202027050514502e-15,3.285671028181968e-14,converged
2025-01-15T23:00:00+08:00,15.0,-4.305555555555555,0.0,3.0,50.333333333333336,50.333333333333336,43.666666666666664,43.666666666666664,50.0,60.0,85.0,40.05495589804178,13.368499815902407,13.066347801791402,13.620108280347978,70.97096571332447,1.0390127564651488,50.333333333333336,50.333333333333336,50.273623004333366,42.93293576426843,41.828528694528224,41.53973396829817,42.09892844965531,0.37655947222222225,0.3812594631631048,29.39861284817059,29.838228798803883,19.66187059685229,29.056179281849804,24.105627318810466,24.511038661001002,24.21642589615514,23.846546066269855,19.527914791004793,24.525607642594835,24.23121229533939,23.861557274509952,1.0,0.0,0.8333333333333334,0.25,0.0,19.66187059685229,24.21642589615514,29.056179281849804,13.314882182087578,21.735224280580027,27.23913733749857,6.091985875149306e-17,4.580161271058015e-16,0.0,3.1940432205190677e-15,3.7087337854231426e-14,converged
2025-01-15T23:05:00+08:00,15.083333333333334,-4.333333333333333,0.0,3.0,50.46666666666667,50.46666666666667,43.733333333333334,43.733333333333334,50.0,60.0,85.0,40.11610850246628,13.388909739285467,13.086296424389559,13.640902338791259,71.18783637599023,1.043778862615146,50.333333333333336,50.333333333333336,50.333333333333336,42.940510298965414,41.837247547990344,41.58912590784509,42.12109567671546,0.3770153333333333,0.3817549074836471,29.393578388119924,29.832029687013108,19.65507382106091,29.0528703555132,24.09964128103698,24.503796693882578,24.210629597174503,23.842321825743618,19.52087702620347,24.518368017727344,24.22541805692215,23.857334968683222,1.0,0.0,0.8333333333333334,0.25,0.0,19.65507382106091,24.210629597174503,29.0528703555132,13.29458510559049,21.702091316737675,27.197614262288962,2.4293707615313897e-16,1.5247390347159006e-16,0.0,5.626421187576369e-17,3.558244847173166e-14,converged
2025-01-15T23:10:00+08:00,15.166666666666666,-4.361111111111112,0.0,3.0,50.46666666666667,50.46666666666667,43.733333333333334,43.733333333333334,50.0,60.0,85.0,40.11610850246628,13.388909739285467,13.086296424389559,13.640902338791259,71.18783637599023,1.043778862615146,50.333333333333336,50.333333333333336,50.333333333333336,42.938826375729185,41.83537072730973,41.587189226429686,42.119262881542326,0.37747119444444444,0.38184010698480825,29.388519607684465,29.825811319059387,19.64823234600854,29.04953550177552,24.093619653821193,24.496525871697663,24.204800562859816,23.83806089548461,19.513790760900147,24.51109954523899,24.219591088158705,23.853075975080554,1.0,0.0,0.8333333333333334,0.25,0.0,19.64823234600854,24.204800562859816,29.04953550177552,13.29458510559049,21.702091316737675,27.197614262288962,2.4293707615313897e-16,1.2195190572955343e-15,0.0,8.437778736179474e-16,3.3768767151223025e-14,converged
2025-01-15T23:15:00+08:00,15.25,-4.388888888888888,0.0,3.0,50.46666666666667,50.46666666666667,43.733333333333334,43.733333333333334,50.0,60.0,85.0,40.11610850246628,13.388909739285467,13.086296424389559,13.640902338791259,71.18783637599023,1.043778862615146,50.37881106385092,50.333333333333336,50.333333333333336,42.968101692565774,41.83348301819584,41.585240929083646,42.12775535333434,0.37792705555555556,0.382150908428555,29.383524638285444,29.81965717398448,19.641425599453612,29.046250272919107,24.08756258266291,24.489226306217226,24.19893891368399,23.83376340410024,19.50665623373004,24.50380233693747,24.21373150957429,23.848780422377963,1.0,0.0,0.8333333333333334,0.25,0.0,19.641425599453612,24.19893891368399,29.046250272919107,13.29458510559049,21.702091316737675,27.197614262288962,2.4293707615313897e-16,9.138954213583865e-16,0.0,2.517488067900389e-15,3.6269422508690495e-14,converged
2025-01-15T23:20:00+08:00,15.333333333333334,-4.416666666666667,0.0,3.0,50.46666666666667,50.46666666666667,43.733333333333334,43.733333333333334,50.0,60.0,85.0,40.11610850246628,13.388909739285467,13.086296424389559,13.640902338791259,71.18783637599023,1.043778862615146,50.46666666666667,50.333333333333336,50.333333333333336,43.02627661576476,41.83158446180691,41.583281062422984,42.14588571047895,0.3783829166666667,0.38267117145402496,29.3786750153559,29.813644511463536,19.63472691690671,29.04308463974736,24.081470212467085,24.48189810877928,24.193044769676572,23.82942947974711,19.499473682154218,24.496476504197112,24.207839441250332,23.84444843880016,1.0,0.0,0.8333333333333334,0.25,0.0,19.63472691690671,24.193044769676572,29.04308463974736,13.29458510559049,21.702091316737675,27.197614262288962,2.4293707615313897e-16,1.5210882150410594e-16,0.0,2.8215919688022624e-15,3.429998823815301e-14,converged
2025-01-15T23:25:00+08:00,15.416666666666666,-4.444444444444445,0.0,3.0,50.46666666666667,50.46666666666667,43.733333333333334,43.733333333333334,50.0,60.0,85.0,40.11610850246628,13.388909739285467,13.086296424389559,13.640902338791259,71.18783637599023,1.043778862615146,50.46666666666667,50.421277564887,50.333333333333336,43.024641924247796,41.8890941928856,41.58130967287284,42.163430062235854,0.37883877777777775,0.3831892116934902,29.37380043780948,29.807611986632786,19.62798310019016,29.039892657629224,24.075512190696482,24.474701983636326,24.18727082386368,23.825204566579597,19.49224334246537,24.489122157960598,24.201915002826055,23.840080152122123,1.0,0.0,0.8333333333333334,0.25,0.0,19.62798310019016,24.18727082386368,29.039892657629224,13.29458510559049,21.702091316737675,27.197614262288962,2.4293707615313897e-16,6.076127316447231e-16,0.0,2.161900556267779e-15,4.071761097659245e-14,converged
2025-01-15T23:30:00+08:00,15.5,-4.472222222222222,0.0,3.0,50.46666666666667,50.46666666666667,43.733333333333334,43.733333333333334,50.0,60.0,85.0,40.11610850246628,13.388909739285467,13.086296424389559,13.640902338791259,71.18783637599023,1.043778862615146,50.46666666666667,50.46666666666667,50.40806361967229,43.0229980628084,41.91790495412229,41.629950525577925,42.188819408530065,0.37929463888888887,0.38387850800217044,29.368900991273026,29.801559664064627,19.62119434941194,29.036674404079037,24.069605768581344,24.467559549362065,24.181542660437387,23.821017834071768,19.485109659701518,24.481876068807797,24.196088147625943,23.835799347304633,1.0,0.0,0.8333333333333334,0.25,0.0,19.62119434941194,24.181542660437387,29.036674404079037,13.29458510559049,21.702091316737675,27.197614262288962,2.4293707615313897e-16,1.5163042394949162e-16,0.0,2.581556881568158e-15,4.581675036682164e-14,converged
2025-01-15T23:35:00+08:00,15.583333333333334,-4.5,0.0,3.0,50.6,50.6,43.8,43.8,50.0,60.0,85.0,40.17726110689077,13.409319662668521,13.106245046987711,13.661696397234536,71.40503788634878,1.0485595217497308,50.46666666666667,50.46666666666666,50.46666666666667,43.030643017702,41.92668412900031,41.67867214519531,42.21080188349472,0.3797505,0.3843679974899619,29.363987937641845,29.795497980556956,19.614375562691436,29.03343968913734,24.063677627402658,24.46040112221207,24.175794235596076,23.81680656601537,19.4780573279757,24.47472129022885,24.190342962569037,23.831591077578487,1.0,0.0,0.8333333333333334,0.25,0.0,19.614375562691436,24.175794235596076,29.03343968913734,13.274349816236473,21.669059214276892,27.156217589134794,6.054952612159255e-17,3.0287464770002114e-16,1.1725666849070346e-16,7.237291797669802e-15,2.5656013971086468e-14,converged
2025-01-15T23:40:00+08:00,15.666666666666666,-4.527777777777778,0.0,3.0,50.6,50.6,43.8,43.8,50.0,60.0,85.0,40.17726110689077,13.409319662668521,13.106245046987711,13.661696397234536,71.40503788634878,1.0485595217497308,50.46666666666667,50.46666666666666,50.46666666666667,43.02898662877486,41.924825685150985,41.67674927490236,42.20898896899403,0.3802063611111111,0.38445240128466435,29.359050149652663,29.789416597153824,19.60751217755781,29.03017882995157,24.0577136632812,24.453213520055503,24.170012902024308,23.812558564704233,19.470956571205267,24.467537338815603,24.18456486930804,23.827346072785947,1.0,0.0,0.8333333333333334,0.25,0.0,19.60751217755781,24.170012902024308,29.03017882995157,13.274349816236473,21.669059214276892,27.156217589134794,6.054952612159255e-17,1.5140407686091695e-16,1.1725666849070346e-16,6.029773457697752e-16,3.4376893906617144e-14,converged
2025-01-15T23:45:00+08:00,15.75,-4.555555555555555,0.0,3.0,50.6,50.6,43.8,43.8,50.0,60.0,85.0,40.17726110689077,13.409319662668521,13.106245046987711,13.661696397234536,71.40503788634878,1.0485595217497308,50.51268400490036,50.46666666666666,50.46666666666667,43.058675245030365,41.922956305233,41.67481476225516,42.2176300475642,0.38066222222222224,0.38476514256332583,29.354176828652026,29.783400006667314,19.600684582658694,29.02696829545749,24.051714022690604,24.44599685591746,24.16419878084903,23.808273958915226,19.463807627679987,24.460324327650962,24.178753989038945,23.82306446178571,1.0,0.0,0.8333333333333334,0.25,0.0,19.600684582658694,24.16419878084903,29.02696829545749,13.274349816236473,21.669059214276892,27.156217589134794,6.054952612159255e-17,3.0256202797210205e-16,1.1725666849070346e-16,1.7059243976818864e-15,3.325847005374054e-14,converged
2025-01-15T23:50:00+08:00,15.833333333333334,-4.583333333333333,0.0,3.0,50.6,50.6,43.8,43.8,50.0,60.0,85.0,40.17726110689077,13.409319662668521,13.106245046987711,13.661696397234536,71.40503788634878,1.0485595217497308,50.6,50.46666666666666,50.46666666666667,43.11654510750397,41.92107603059623,41.67286865396599,42.23566923152119,0.3811180833333333,0.38528205868685733,29.349447441361434,29.777523509103936,19.59396424962547,29.023876282870173,24.045678851505613,24.438751242385177,24.15835199275136,23.803952876973764,19.456610734517064,24.45308236937949,24.172910442511398,23.818746372984467,1.0,0.0,0.8333333333333334,0.25,0.0,19.59396424962547,24.15835199275136,29.023876282870173,13.274349816236473,21.669059214276892,27.156217589134794,6.054952612159255e-17,6.043121874073704e-16,1.1725666849070346e-16,5.142823735262625e-15,3.016523329086591e-14,converged
2025-01-15T23:55:00+08:00,15.916666666666666,-4.611111111111112,0.0,3.0,50.6,50.6,43.8,43.8,50.0,60.0,85.0,40.17726110689077,13.409319662668521,13.106245046987711,13.661696397234536,71.40503788634878,1.0485595217497308,50.6,50.555491754285946,50.46666666666667,43.114937669204686,41.979235137565645,41.67091099655592,42.25343918180666,0.3815739444444444,0.38580376332727695,29.344692689400947,29.771626709512525,19.587198881625586,29.020757706166833,24.039779541360534,24.431639036647983,24.15262680071482,23.79974225795442,19.449366127666885,24.445811576209103,24.167034350030345,23.814391934338488,1.0,0.0,0.8333333333333334,0.25,0.0,19.587198881625586,24.15262680071482,29.020757706166833,13.274349816236473,21.669059214276892,27.156217589134794,6.054952612159255e-17,9.052425058501552e-16,1.1725666849070346e-16,3.033283222311682e-15,5.808297087441692e-14,converged
2025-01-16T00:00:00+08:00,16.0,-4.638888888888888,0.0,3.0,50.6,50.6,43.8,43.8,50.0,60.0,85.0,40.17726110689077,13.409319662668521,13.106245046987711,13.661696397234536,71.40503788634878,1.0485595217497308,50.6,50.599999999999994,50.54250086428975,43.11332099306432,42.0074871681057,41.72034400684079,42.27892469919832,0.38202980555555555,0.3864937311140536,29.339912659817834,29.76570967390517,19.58038867834861,29.017612643506848,24.033929922444155,24.424578616521615,24.146945709595492,23.795568338108673,19.442220419674154,24.438650774936786,24.16125761800545,23.810126790622206,1.0,0.0,0.8333333333333334,0.25,0.0,19.58038867834861,24.146945709595492,29.017612643506848,13.274349816236473,21.669059214276892,27.156217589134794,6.054952612159255e-17,3.012088229513375e-16,1.1725666849070346e-16,1.5265689770946411e-15,5.391815705466767e-14,converged
2025-01-16T00:05:00+08:00,16.083333333333332,-4.666666666666667,0.0,3.0,50.733333333333334,50.733333333333334,43.86666666666667,43.86666666666667,50.0,60.0,85.0,40.23841371131526,13.429729586051579,13.126193669585867,13.682490455677817,71.62257024440025,1.0533547560533316,50.6,50.6,50.6,43.121035427829845,42.016325931612144,41.76839606835262,42.30072212823465,0.38248566666666667,0.38697729046585594,29.335118671866365,29.759782897526886,19.573548581095473,29.01445094865109,24.028058408301632,24.417501943813942,24.14124423383767,23.79136988010489,19.43515407903492,24.431579024088222,24.155560533187426,23.805932370761536,1.0,0.0,0.8333333333333334,0.25,0.0,19.573548581095473,24.14124423383767,29.01445094865109,13.254176032321219,21.63612751334334,27.114946741734897,6.03656248576309e-17,1.0529135337729144e-15,0.0,1.1588591344145033e-15,3.139360920018289e-14,converged
2025-01-16T00:10:00+08:00,16.166666666666668,-4.694444444444444,0.0,3.0,50.733333333333334,50.733333333333334,43.86666666666667,43.86666666666667,50.0,60.0,85.0,40.23841371131526,13.429729586051579,13.126193669585867,13.682490455677817,71.62257024440025,1.0533547560533316,50.6,50.6,50.6,43.119406064114095,42.01448549105688,41.766486765995005,42.29892871994902,0.38294152777777773,0.38706091319662816,29.330299543482777,29.753835985573772,19.566663983183332,29.01126289614284,24.022150842836986,24.410395782983166,24.135509679304665,23.787134645876765,19.42803938606774,24.42447778214673,24.149830365763606,23.801701169179378,1.0,0.0,0.8333333333333334,0.25,0.0,19.566663983183332,24.135509679304665,29.01126289614284,13.254176032321219,21.63612751334334,27.114946741734897,6.03656248576309e-17,9.02302334266923e-16,0.0,1.0106063099760164e-15,2.57557151020772e-14,converged
2025-01-16T00:15:00+08:00,16.25,-4.722222222222222,0.0,3.0,50.733333333333334,50.733333333333334,43.86666666666667,43.86666666666667,50.0,60.0,85.0,40.23841371131526,13.429729586051579,13.126193669585867,13.682490455677817,71.62257024440025,1.0533547560533316,50.646555305804775,50.6,50.6,43.14950673939196,42.01263406817339,41.76456579566056,42.307717787487235,0.38339738888888886,0.3873756020559149,29.325545543228287,29.747954442060383,19.559816231744122,29.008125869262255,24.016207373476956,24.403260248282358,24.129742167765244,23.782862764368684,19.420876578730297,24.41734716344376,24.14406723758814,23.797433314914883,1.0,0.0,0.8333333333333334,0.25,0.0,19.559816231744122,24.129742167765244,29.008125869262255,13.254176032321219,21.63612751334334,27.114946741734897,6.03656248576309e-17,0.0,0.0,3.472518914266628e-16,3.721837236027291e-14,converged
2025-01-16T00:20:00+08:00,16.333333333333332,-4.75,0.0,3.0,50.733333333333334,50.733333333333334,43.86666666666667,43.86666666666667,50.0,60.0,85.0,40.23841371131526,13.429729586051579,13.126193669585867,13.682490455677817,71.62257024440025,1.0533547560533316,50.733333333333334,50.6,50.6,43.20707163593548,42.010771704497834,41.762633204155044,42.32566562679055,0.38385325,0.3878891921942008,29.320934074274305,29.742211612212312,19.55307493922127,29.00510629606916,24.0102281470454,24.39609545352192,24.123941820539926,23.77855436407293,19.413665893809192,24.41018728186753,24.13827127006635,23.793128936554506,1.0,0.0,0.8333333333333334,0.25,0.0,19.55307493922127,24.123941820539926,29.00510629606916,13.254176032321219,21.63612751334334,27.114946741734897,6.03656248576309e-17,1.0504382039865546e-15,0.0,1.1367776875875126e-15,3.3528115122131876e-14,converged
2025-01-16T00:25:00+08:00,16.416666666666668,-4.777777777777778,0.0,3.0,50.733333333333334,50.733333333333334,43.86666666666667,43.86666666666667,50.0,60.0,85.0,40.23841371131526,13.429729586051579,13.126193669585867,13.682490455677817,71.62257024440025,1.0533547560533316,50.733333333333334,50.68970326631085,50.6,43.205490946445266,42.06957863139912,41.760689038092636,42.34366041780812,0.3843091111111111,0.3884145645968194,29.316296838417543,29.736448048594877,19.54628870788247,29.002059946995914,24.004386294943018,24.38906540464999,24.11826446661455,23.774357875228436,19.40640756692573,24.402998250864727,24.132442584156383,23.788788162233587,1.0,0.0,0.8333333333333334,0.25,0.0,19.54628870788247,24.11826446661455,29.002059946995914,13.254176032321219,21.63612751334334,27.114946741734897,6.03656248576309e-17,1.4985962479004334e-16,0.0,1.4542440117352222e-15,2.8409918869624997e-14,converged
2025-01-16T00:30:00+08:00,16.5,-4.805555555555556,0.0,3.0,50.733333333333334,50.733333333333334,43.86666666666667,43.86666666666667,50.0,60.0,85.0,40.23841371131526,13.429729586051579,13.126193669585867,13.682490455677817,71.62257024440025,1.0533547560533316,50.733333333333334,50.733333333333334,50.67693475355374,43.20390095270498,42.09727261578228,41.81091250574485,42.36924158362414,0.3847649722222222,0.3891052146028657,29.31163392409925,29.73066381863434,19.539457737012256,28.99898690083707,23.998592234891817,24.38208524683693,24.112629539224933,23.770196608218782,19.399250372657963,24.39592094823983,24.126715034419117,23.78453849185309,1.0,0.0,0.8333333333333334,0.25,0.0,19.539457737012256,24.112629539224933,28.99898690083707,13.254176032321219,21.63612751334334,27.114946741734897,6.03656248576309e-17,4.487808854441299e-16,0.0,1.7988782502734686e-15,5.3799902811416547e-14,converged
2025-01-16T00:35:00+08:00,16.583333333333332,-4.833333333333333,0.0,3.0,50.86666666666667,50.86666666666667,43.93333333333333,43.93333333333333,50.0,60.0,85.0,40.29956631573975,13.450139509434635,13.146142292184022,13.703284514121096,71.84043345014454,1.0581645877103758,50.733333333333334,50.733333333333334,50.733333333333334,43.21168394279412,42.1061702484665,41.85829577679527,42.39085368449439,0.3852208333333333,0.38958286823045574,29.306956707195173,29.724869475255915,19.53259701088081,28.995897054603105,23.992776107959052,24.375088582849134,24.10697410683399,23.76601080069132,19.39217056442471,24.38893044714848,24.12106511668006,23.780357738958088,1.0,0.0,0.8333333333333334,0.25,0.0,19.53259701088081,24.10697410683399,28.995897054603105,13.234063473850322,21.603295756873926,27.073801147286133,3.009128007080589e-16,4.482306512438964e-16,0.0,2.3437661892841933e-16,3.2549515221716555e-14,converged
2025-01-16T00:40:00+08:00,16.666666666666668,-4.861111111111111,0.0,3.0,50.86666666666667,50.86666666666667,43.93333333333333,43.93333333333333,50.0,60.0,85.0,40.29956631573975,13.450139509434635,13.146142292184022,13.703284514121096,71.84043345014454,1.0581645877103758,50.733333333333334,50.733333333333334,50.733333333333334,43.21008110490605,42.104347446317554,41.85639980427548,42.38907941576069,0.3856766944444444,0.3896657242554486,29.302253951529895,29.719054568527845,19.52569187883282,28.992780640686288,23.98692370632666,24.368062124294088,24.10128542890516,23.761788174512592,19.385042473920738,24.381910143506143,24.11538194531774,23.776140158310493,1.0,0.0,0.8333333333333334,0.25,0.0,19.52569187883282,24.10128542890516,28.992780640686288,13.234063473850322,21.603295756873926,27.073801147286133,3.009128007080589e-16,0.0,0.0,5.283856889365689e-16,3.3569262215817674e-14,converged
2025-01-16T00:45:00+08:00,16.75,-4.888888888888889,0.0,3.0,50.86666666666667,50.86666666666667,43.93333333333333,43.93333333333333,50.0,60.0,85.0,40.29956631573975,13.450139509434635,13.146142292184022,13.703284514121096,71.84043345014454,1.0581645877103758,50.78042497403066,50.733333333333334,50.733333333333334,43.24059261020582,42.10251361692377,41.85449213894009,42.39801586279599,0.38613255555555553,0.3899823681829846,29.29761699017914,29.713305611109202,19.51882464408822,28.989715954410844,23.981035178354208,24.36100598662727,24.095563627837073,23.7575288587926,19.377866338784564,24.37486015286674,24.109665642832116,23.771885879127723,1.0,0.0,0.8333333333333334,0.25,0.0,19.51882464408822,24.095563627837073,28.989715954410844,13.234063473850322,21.603295756873926,27.073801147286133,3.009128007080589e-16,4.477714814493022e-16,0.0,1.7294144910811268e-15,3.4066834372159075e-14,converged
2025-01-16T00:50:00+08:00,16.833333333333332,-4.916666666666667,0.0,3.0,50.86666666666667,50.86666666666667,43.93333333333333,43.93333333333333,50.0,60.0,85.0,40.29956631573975,13.450139509434635,13.146142292184022,13.703284514121096,71.84043345014454,1.0581645877103758,50.86666666666667,50.733333333333334,50.733333333333334,43.29785264403953,42.10066880200238,41.85257282768558,42.41587219331055,0.3865884166666667,0.39049265294682284,29.293121167906992,29.707693998314678,19.51206306457607,28.98676765909815,23.975110671794496,24.353920284856763,24.08980882557773,23.753232982188603,19.370642395485085,24.36778059033615,24.10391633127189,23.767595030173805,1.0,0.0,0.8333333333333334,0.25,0.0,19.51206306457607,24.08980882557773,28.98676765909815,13.234063473850322,21.603295756873926,27.073801147286133,3.009128007080589e-16,4.471863463310341e-16,0.0,2.0810652115886986e-15,3.2042575249076304e-14,converged
2025-01-16T00:55:00+08:00,16.916666666666668,-4.944444444444444,0.0,3.0,50.86666666666667,50.86666666666667,43.93333333333333,43.93333333333333,50.0,60.0,85.0,40.29956631573975,13.450139509434635,13.146142292184022,13.703284514121096,71.84043345014454,1.0581645877103758,50.86666666666667,50.82391211315003,50.733333333333334,43.2962982085769,42.1601220041331,41.850641917216514,42.43409107586189,0.3870442777777778,0.3910216962324601,29.2885991841668,29.702061227839163,19.50525663942741,28.98379237949064,23.969325053426225,24.34697066952749,24.08417841317508,23.749050462362,19.36337087932733,24.360671570573945,24.098134132236154,23.763267739760977,1.0,0.0,0.8333333333333334,0.25,0.0,19.50525663942741,24.08417841317508,28.98379237949064,13.234063473850322,21.603295756873926,27.073801147286133,3.009128007080589e-16,8.93162627152995e-16,0.0,2.2056602032152662e-16,4.0409474156362715e-14,converged
2025-01-16T01:00:00+08:00,17.0,-4.972222222222222,0.0,3.0,50.86666666666667,50.86666666666667,43.93333333333333,43.93333333333333,50.0,60.0,85.0,40.29956631573975,13.450139509434635,13.146142292184022,13.703284514121096,71.84043345014454,1.0581645877103758,50.86666666666667,50.86666666666667,50.811365302739034,43.29473440393617,42.18725863319891,41.901654150347426,42.45976737551814,0.3875001388888889,0.3917130389323203,29.28405112876786,29.696407368498033,19.498405567534775,28.98079019500836,23.96358533704788,24.340069061247423,24.07858875993201,23.744901691155956,19.356202721469536,24.353676017202396,24.092454843521647,23.759033358247095,1.0,0.0,0.8333333333333334,0.25,0.0,19.498405567534775,24.07858875993201,28.98079019500836,13.234063473850322,21.603295756873926,27.073801147286133,3.009128007080589e-16,7.429885544801134e-16,0.0,1.8304397444597812e-15,3.4070687122195586e-14,converged
2025-01-16T01:05:00+08:00,17.083333333333332,-5.0,0.0,3.0,51.0,51.0,44.0,44.0,50.0,60.0,85.0,40.360718920164246,13.470549432817693,13.166090914782176,13.724078572564375,72.0586275035817,1.0629890389052916,50.86666666666667,50.86666666666667,50.86666666666667,43.302585040283574,42.19621442864865,41.94836940423425,42.4811938773278,0.387956,0.39218481096731667,29.279488433482644,29.690743030142873,19.49152487592436,28.977771045447156,23.957823386530254,24.333150699172297,24.07297848412253,23.740728377314838,19.349109970752256,24.34676502757343,24.086851179241563,23.754866092688594,1.0,0.0,0.8333333333333334,0.25,0.0,19.49152487592436,24.07297848412253,28.977771045447156,13.214011862526307,21.570563490575633,27.03278023645691,6.000032690739051e-17,8.905137468720313e-16,0.0,1.3194291107713892e-15,3.1669392974143185e-14,converged
2025-01-16T01:10:00+08:00,17.166666666666668,-5.027777777777778,0.0,3.0,51.0,51.0,44.0,44.0,50.0,60.0,85.0,40.360718920164246,13.470549432817693,13.166090914782176,13.724078572564375,72.0586275035817,1.0629890389052916,50.86666666666667,50.86666666666667,50.86666666666667,43.30100823836956,42.19440890846251,41.946486528436125,42.47943838911205,0.38841186111111115,0.3922669143658186,29.274899808701115,29.68505770842193,19.48459987020815,28.97472512149522,23.952024942820834,24.32620224261036,24.067334799226284,23.736518202928735,19.341969005240934,24.33982393058519,24.08121409363454,23.750661953959234,1.0,0.0,0.8333333333333334,0.25,0.0,19.48459987020815,24.067334799226284,28.97472512149522,13.214011862526307,21.570563490575633,27.03278023645691,6.000032690739051e-17,5.935515719705522e-16,0.0,2.3781347311072895e-15,3.769172599888779e-14,converged
2025-01-16T01:15:00+08:00,17.25,-5.055555555555556,0.0,3.0,51.0,51.0,44.0,44.0,50.0,60.0,85.0,40.360718920164246,13.470549432817693,13.166090914782176,13.724078572564375,72.0586275035817,1.0629890389052916,50.91429301699929,50.86666666666667,50.86666666666667,43.33192935590103,42.19259231742578,41.94459193575053,42.488521614347114,0.38886772222222227,0.39258552059651497,29.270377649323763,29.679438922090682,19.477713807306404,28.971731628229143,23.94619015519223,24.319223808194476,24.061657828260053,23.73227129727139,19.33478006226749,24.33285284298854,24.07554370983426,23.74642107145253,1.0,0.0,0.8333333333333334,0.25,0.0,19.477713807306404,24.061657828260053,28.971731628229143,13.214011862526307,21.570563490575633,27.03278023645691,6.000032690739051e-17,5.9306986997404935e-16,0.0,2.2618674545385407e-15,6.124932705001751e-14,converged
2025-01-16T01:20:00+08:00,17.333333333333332,-5.083333333333333,0.0,3.0,51.0,51.0,44.0,44.0,50.0,60.0,85.0,40.360718920164246,13.470549432817693,13.166090914782176,13.724078572564375,72.0586275035817,1.0629890389052916,51.0,50.86666666666667,50.86666666666667,43.38888463848758,42.190764697431696,41.942685673161975,42.506286279104835,0.38932358333333333,0.3930925202963999,29.2659952468315,29.673956121405304,19.470932595289764,28.968853468632478,23.94031917230646,24.31221551210549,24.055947693787644,23.72798778916316,19.327543377995614,24.325851881081604,24.06984015052076,23.74214357410795,1.0,0.0,0.8333333333333334,0.25,0.0,19.470932595289764,24.055947693787644,28.968853468632478,13.214011862526307,21.570563490575633,27.03278023645691,6.000032690739051e-17,1.0365336539271808e-15,0.0,1.5751712513866002e-15,3.1052250316510265e-14,converged
2025-01-16T01:25:00+08:00,17.416666666666668,-5.111111111111111,0.0,3.0,51.0,51.0,44.0,44.0,50.0,60.0,85.0,40.360718920164246,13.470549432817693,13.166090914782176,13.724078572564375,72.0586275035817,1.0629890389052916,51.0,50.95811830691799,50.86666666666667,43.38735597171587,42.25086264113953,41.9407677874628,42.52472851242525,0.38977944444444446,0.3936252373507129,29.26158629582399,29.66845174681252,19.46410662792369,28.965948119620695,23.93458859194852,24.30534464533898,24.050363344993734,23.723819079959927,19.320259187426498,24.318821160711526,24.06410353792208,23.73782959041248,1.0,0.0,0.8333333333333334,0.25,0.0,19.46410662792369,24.050363344993734,28.965948119620695,13.214011862526307,21.570563490575633,27.03278023645691,6.000032690739051e-17,5.915033426741938e-16,0.0,3.8317733275293765e-15,3.688139002665129e-14,converged
2025-01-16T01:30:00+08:00,17.5,-5.138888888888889,0.0,3.0,51.0,51.0,44.0,44.0,50.0,60.0,85.0,40.360718920164246,13.470549432817693,13.166090914782176,13.724078572564375,72.0586275035817,1.0629890389052916,51.0,51.0,50.94579252702782,43.38581787229079,42.277442611826224,41.99256710239682,42.5504994392626,0.3902353055555556,0.394317282957676,29.257150887453143,29.662925868492195,19.457236103721396,28.96301566122978,23.928902032505356,24.298519911994042,24.04481809490735,23.719682650264833,19.313080572865456,24.311905646148453,24.058471608173942,23.733610316528644,1.0,0.0,0.8333333333333334,0.25,0.0,19.457236103721396,24.04481809490735,28.96301566122978,13.214011862526307,21.570563490575633,27.03278023645691,6.000032690739051e-17,1.3285467588227324e-15,0.0,4.676018137067921e-15,3.7406300251150914e-14,converged
2025-01-16T01:35:00+08:00,17.583333333333332,-5.166666666666667,0.0,3.0,51.13333333333333,51.13333333333333,44.06666666666667,44.06666666666667,50.0,60.0,85.0,40.42187152458874,13.490959356200753,13.186039537380333,13.744872631007656,72.27715240471173,1.0678281318225062,51.0,51.0,51.0,43.39373526102613,42.28645587637649,42.038615117908584,42.57174008221389,0.3906911666666667,0.39478319725627903,29.25270050867588,29.657389152481297,19.450336092251007,28.96006607558313,23.92319307595597,24.29167818307089,24.039252107425625,23.715521676052894,19.305975389033208,24.30507246847888,24.052913302860002,23.72945636188474,1.0,0.0,0.8333333333333334,0.25,0.0,19.450336092251007,24.039252107425625,28.96006607558313,13.194020921735795,21.537930262904563,26.99188344336091,5.98189201271152e-17,8.846525584372492e-16,0.0,7.461407174649946e-16,3.524802230322006e-14,converged
2025-01-16T01:40:00+08:00,17.666666666666668,-5.194444444444444,0.0,3.0,51.13333333333333,51.13333333333333,44.06666666666667,44.06666666666667,50.0,60.0,85.0,40.42187152458874,13.490959356200753,13.186039537380333,13.744872631007656,72.27715240471173,1.0678281318225062,51.0,51.0,51.0,43.3921840145821,42.28466728995347,42.03674511059128,42.570003022949564,0.39114702777777777,0.39486456183412594,29.248223817113015,29.65183104070394,19.44339185563177,28.95708951210566,23.917447412494198,24.284806066121412,24.033652550455322,23.711323799926156,19.298822055379688,24.29820888514402,24.047321411760265,23.72526548925359,1.0,0.0,0.8333333333333334,0.25,0.0,19.44339185563177,24.033652550455322,28.95708951210566,13.194020921735795,21.537930262904563,26.99188344336091,5.98189201271152e-17,8.844702696503697e-16,0.0,3.3603533048231288e-15,3.306125136014292e-14,converged
2025-01-16T01:45:00+08:00,17.75,-5.222222222222222,0.0,3.0,51.13333333333333,51.13333333333333,44.06666666666667,44.06666666666667,50.0,60.0,85.0,40.42187152458874,13.490959356200753,13.186039537380333,13.744872631007656,72.27715240471173,1.0678281318225062,51.04815944208704,51.0,51.0,43.423513537582785,42.28286759035364,42.034863363065014,42.579232433098795,0.3916028888888889,0.39518513735545174,29.24381426681043,29.646340055473697,19.43648760210513,28.954166083343253,23.911665192286343,24.277903678931388,24.028019547619888,23.707089151320243,19.29162080894242,24.29131501406674,24.041696058630308,23.72103782820271,1.0,0.0,0.8333333333333334,0.25,0.0,19.43648760210513,24.028019547619888,28.954166083343253,13.194020921735795,21.537930262904563,26.99188344336091,5.98189201271152e-17,1.0310449151021212e-15,0.0,3.041654375346064e-15,5.8160902270772e-14,converged
2025-01-16T01:50:00+08:00,17.833333333333332,-5.25,0.0,3.0,51.13333333333333,51.13333333333333,44.06666666666667,44.06666666666667,50.0,60.0,85.0,40.42187152458874,13.490959356200753,13.186039537380333,13.744872631007656,72.27715240471173,1.0678281318225062,51.13333333333333,51.0,51.0,43.48016418844796,42.28105681964129,42.03296992239971,42.59690528213808,0.39205875,0.39568887200706,29.2395431010715,29.640983706823057,19.42968739452176,28.951356936326118,23.905846564884392,24.270971138830053,24.02235322208751,23.702817859216786,19.284371885591998,24.28439097271255,24.036037366769698,23.71677350784488,1.0,0.0,0.8333333333333334,0.25,0.0,19.42968739452176,24.02235322208751,28.951356936326118,13.194020921735795,21.537930262904563,26.99188344336091,5.98189201271152e-17,1.4710461939002634e-16,0.0,2.331455415768259e-15,3.228504190860983e-14,converged
2025-01-16T01:55:00+08:00,17.916666666666668,-5.277777777777778,0.0,3.0,51.13333333333333,51.13333333333333,44.06666666666667,44.06666666666667,50.0,60.0,85.0,40.42187152458874,13.490959356200753,13.186039537380333,13.744872631007656,72.27715240471173,1.0678281318225062,51.13333333333333,51.092321859655875,51.0,43.47866081429631,42.34179798212242,42.0310648354728,42.6155701337352,0.39251461111111113,0.39622526548570275,29.23524500714152,29.635605375581935,19.42284251906055,28.94852039801371,23.900169854724506,24.264177373133347,24.016814077268922,23.698662804951987,19.277075520037855,24.277436878091407,24.030345459023675,23.712472656839754,1.0,0.0,0.8333333333333334,0.25,0.0,19.42284251906055,24.016814077268922,28.94852039801371,13.194020921735795,21.537930262904563,26.99188344336091,5.98189201271152e-17,2.938109504052702e-16,0.0,3.8285460902331165e-15,4.559224376520283e-14,converged
2025-01-16T02:00:00+08:00,18.0,-5.305555555555556,0.0,3.0,51.13333333333333,51.13333333333333,44.06666666666667,44.06666666666667,50.0,60.0,85.0,40.42187152458874,13.490959356200753,13.186039537380333,13.744872631007656,72.27715240471173,1.0678281318225062,51.13333333333333,51.13333333333333,51.08021644151037,43.47714794544116,42.36782199727083,42.083649556638775,42.64143518885912,0.39297047222222226,0.39691802395707243,29.23092007749007,29.630205133270547,19.41595317386773,28.94565654904856,23.894535293262958,24.257427877455637,24.01131237755025,23.694538565162382,19.269886940319243,24.270599729971114,24.024760004988476,23.70826831251958,1.0,0.0,0.8333333333333334,0.25,0.0,19.41595317386773,24.01131237755025,28.94565654904856,13.194020921735795,21.537930262904563,26.99188344336091,5.98189201271152e-17,1.4664907462041255e-16,0.0,7.802743263364935e-17,3.356813547908044e-14,converged
2025-01-16T02:05:00+08:00,18.083333333333332,-5.333333333333333,0.0,3.0,51.266666666666666,51.266666666666666,44.13333333333333,44.13333333333333,50.0,60.0,85.0,40.48302412901323,13.511369279583809,13.205988159978487,13.765666689450933,72.49600815353458,1.0726818886464475,51.13333333333333,51.13333333333333,51.13333333333333,43.485131207606685,42.37689204971944,42.129031117895344,42.66248972400969,0.3934263333333333,0.39737810410471974,29.226579853558455,29.62479370138278,19.40903447083848,28.942775413430084,23.88887817591463,24.2506611501208,24.005789828283206,23.690389779202807,19.262769817455233,24.263842702682894,24.01924618287092,23.704127495513475,1.0,0.0,0.8333333333333334,0.25,0.0,19.40903447083848,24.005789828283206,28.942775413430084,13.174090376536801,21.505395625045193,26.95111020553106,1.1927666962176003e-16,2.9295857175929416e-16,0.0,2.8458822136695277e-15,3.8583478262441897e-14,converged
2025-01-16T02:10:00+08:00,18.166666666666668,-5.361111111111111,0.0,3.0,51.266666666666666,51.266666666666666,44.13333333333333,44.13333333333333,50.0,60.0,85.0,40.48302412901323,13.511369279583809,13.205988159978487,13.765666689450933,72.49600815353458,1.0726818886464475,51.13333333333333,51.13333333333333,51.13333333333333,43.48360504530094,42.37512005690807,42.12717375558954,42.66077074943947,0.39388219444444444,0.3974587433996025,29.222212940852522,29.61936046880276,19.402071628839394,28.939867099754725,23.883184142593777,24.243863747458832,24.000233552207458,23.68620405047338,19.255604607313266,24.257054977781458,24.01369861368601,23.6999497162949,1.0,0.0,0.8333333333333334,0.25,0.0,19.402071628839394,24.000233552207458,28.939867099754725,13.174090376536801,21.505395625045193,26.95111020553106,1.1927666962176003e-16,0.0,0.0,2.556952592807918e-15,2.1063732133945213e-14,converged
2025-01-16T02:15:00+08:00,18.25,-5.388888888888889,0.0,3.0,51.266666666666666,51.266666666666666,44.13333333333333,44.13333333333333,50.0,60.0,85.0,40.48302412901323,13.511369279583809,13.205988159978487,13.765666689450933,72.49600815353458,1.0726818886464475,51.18202425662568,51.13333333333333,51.13333333333333,43.51534177785676,42.37333690984265,42.12530463048741,42.67014575907041,0.39433805555555557,0.39778129495675296,29.21791384989444,29.613994958873572,19.395149805062527,28.937012625763106,23.87745334434151,24.237035788384503,23.99464367354188,23.681981508569805,19.24839154664828,24.25023667433726,24.008117421799618,23.695735104603276,1.0,0.0,0.8333333333333334,0.25,0.0,19.395149805062527,23.99464367354188,28.937012625763106,13.174090376536801,21.505395625045193,26.95111020553106,1.1927666962176003e-16,7.31654072871825e-16,0.0,4.4789831043171765e-15,4.5896237158922676e-14,converged
2025-01-16T02:20:00+08:00,18.333333333333332,-5.416666666666667,0.0,3.0,51.266666666666666,51.266666666666666,44.13333333333333,44.13333333333333,50.0,60.0,85.0,40.48302412901323,13.511369279583809,13.205988159978487,13.765666689450933,72.49600815353458,1.0726818886464475,51.266666666666666,51.13333333333333,51.13333333333333,43.5716879244137,42.371542650753675,42.123423789741764,42.68772664927907,0.3947939166666667,0.3982817842863266,29.213751780897265,29.608762746221387,19.38833122175958,28.934271386900562,23.87168593158096,24.2301773913516,23.98902031604784,23.677722282633177,19.241130871049553,24.243387910958898,24.002502731119293,23.691483789722646,1.0,0.0,0.8333333333333334,0.25,0.0,19.38833122175958,23.98902031604784,28.934271386900562,13.174090376536801,21.505395625045193,26.95111020553106,1.1927666962176003e-16,2.9229386434415313e-16,0.0,3.1051029598413606e-15,2.994030640322821e-14,converged
2025-01-16T02:25:00+08:00,18.416666666666668,-5.444444444444444,0.0,3.0,51.266666666666666,51.266666666666666,44.13333333333333,44.13333333333333,50.0,60.0,85.0,40.48302412901323,13.511369279583809,13.205988159978487,13.765666689450933,72.49600815353458,1.0726818886464475,51.266666666666666,51.22652278333212,51.13333333333333,43.57020937590146,42.43292551985591,42.121531280312574,42.7066133947751,0.39524977777777776,0.39882185662000835,29.209562411260812,29.60350814969973,19.38146805530977,28.931502558049406,23.86606195106085,24.22345911588184,23.983525533466132,23.67358073027961,19.233822814946468,24.236508805794912,23.99685466509596,23.687195900483253,1.0,0.0,0.8333333333333334,0.25,0.0,19.38146805530977,23.983525533466132,28.931502558049406,13.174090376536801,21.505395625045193,26.95111020553106,1.1927666962176003e-16,1.4594902447617564e-16,0.0,4.846857034318691e-16,3.9319090124936234e-14,converged
2025-01-16T02:30:00+08:00,18.5,-5.472222222222222,0.0,3.0,51.266666666666666,51.266666666666666,44.13333333333333,44.13333333333333,50.0,60.0,85.0,40.48302412901323,13.511369279583809,13.205988159978487,13.765666689450933,72.49600815353458,1.0726818886464475,51.266666666666666,51.266666666666666,51.21463706118584,43.56872127203356,42.45839428801798,42.174899740137406,42.732572086898514,0.3957056388888889,0.39951533766227226,29.205345834747877,29.59823124214544,19.37456050350439,28.928706220449484,23.86047825575663,24.216783257099827,23.97806654914295,23.669468531425654,19.22662474671896,24.22974838898014,23.991314821926224,23.683006310769372,1.0,0.0,0.8333333333333334,0.25,0.0,19.37456050350439,23.97806654914295,28.928706220449484,13.174090376536801,21.505395625045193,26.95111020553106,1.1927666962176003e-16,7.284784265613462e-16,0.0,3.006695155116237e-15,3.8201484022525174e-14,converged
2025-01-16T02:35:00+08:00,18.583333333333332,-5.5,0.0,3.0,51.4,51.4,44.2,44.2,50.0,60.0,85.0,40.54417673343772,13.531779202966865,13.22593678257664,13.786460747894214,72.71519475005029,1.0775503315615431,51.266666666666666,51.266666666666666,51.266666666666666,43.576769543306966,42.467520459348,42.219615636433915,42.75344027592543,0.3961615,0.3999696069782109,29.201113646596053,29.592942799793217,19.367623720350057,28.925892439530877,23.85487184986951,24.21008993615603,23.972586605735245,23.665331784970522,19.21949616406263,24.223065887572563,23.985844625562752,23.67887846120847,1.0,0.0,0.8333333333333334,0.25,0.0,19.367623720350057,23.972586605735245,28.925892439530877,13.154219953646097,21.47295913088977,26.910459963893757,1.1891713201276387e-16,7.276510502039019e-16,0.0,2.8657215454598346e-15,3.3794355480036375e-14,converged
2025-01-16T02:40:00+08:00,18.666666666666668,-5.527777777777778,0.0,3.0,51.4,51.4,44.2,44.2,50.0,60.0,85.0,40.54417673343772,13.531779202966865,13.22593678257664,13.786460747894214,72.71519475005029,1.0775503315615431,51.266666666666666,51.266666666666666,51.266666666666666,43.57526800280624,42.4657647278541,42.21777070034008,42.75173904894629,0.3966173611111111,0.4000495342648814,29.1968544008393,29.5876321591598,19.360642881700887,28.923051283490434,23.849228323501677,24.203365658684806,23.967072781216395,23.661158055396303,19.212319554314487,24.21635240282091,23.980340523961566,23.674713605790497,1.0,0.0,0.8333333333333334,0.25,0.0,19.360642881700887,23.967072781216395,28.923051283490434,13.154219953646097,21.47295913088977,26.910459963893757,1.1891713201276387e-16,1.4550113405438153e-16,0.0,2.292126256191814e-15,3.607202327738083e-14,converged
2025-01-16T02:45:00+08:00,18.75,-5.555555555555556,0.0,3.0,51.4,51.4,44.2,44.2,50.0,60.0,85.0,40.54417673343772,13.531779202966865,13.22593678257664,13.786460747894214,72.71519475005029,1.0775503315615431,51.31588746790277,51.266666666666666,51.266666666666666,43.60741075967553,42.46399780224802,42.215913979580904,42.76125908032431,0.39707322222222224,0.40037406836584616,29.192663661817242,29.58238984209891,19.35370409133745,28.9202646729975,23.843547828550587,24.196610544706505,23.961525200389694,23.656947472457002,19.205095153958364,24.209608054919357,23.974802642087468,23.670511874424758,1.0,0.0,0.8333333333333334,0.25,0.0,19.35370409133745,23.961525200389694,28.9202646729975,13.154219953646097,21.47295913088977,26.910459963893757,1.1891713201276387e-16,2.907663882980529e-16,0.0,1.9361128073989368e-15,5.672001633281273e-14,converged
2025-01-16T02:50:00+08:00,18.833333333333332,-5.583333333333333,0.0,3.0,51.4,51.4,44.2,44.2,50.0,60.0,85.0,40.54417673343772,13.531779202966865,13.22593678257664,13.786460747894214,72.71519475005029,1.0775503315615431,51.4,51.266666666666666,51.266666666666666,43.66345253705216,42.46221972492174,42.21404552138949,42.778747875285845,0.3975290833333333,0.4008713318154749,29.188608591721458,29.577279492630353,19.346867735516152,28.917590256265036,23.837830516292133,24.18982471377615,23.95594398759872,23.652700165451392,19.19782319831365,24.20283296359581,23.969231104444678,23.666273396564506,1.0,0.0,0.8333333333333334,0.25,0.0,19.346867735516152,23.95594398759872,28.917590256265036,13.154219953646097,21.47295913088977,26.910459963893757,1.1891713201276387e-16,1.452028526207032e-16,0.0,2.575493372825848e-15,2.977596114846376e-14,converged
2025-01-16T02:55:00+08:00,18.916666666666668,-5.611111111111111,0.0,3.0,51.4,51.4,44.2,44.2,50.0,60.0,85.0,40.54417673343772,13.531779202966865,13.22593678257664,13.786460747894214,72.71519475005029,1.0775503315615431,51.4,51.36072108984293,51.266666666666666,43.66199835611641,42.52424279895214,42.21216537280586,42.79785579826301,0.39798494444444443,0.4014150852149197,29.184525855624724,29.57214636528071,19.339986878611327,28.914888053984985,23.832258151465403,24.183180353522324,23.950492743032918,23.648571964588797,19.190503921541023,24.196027248113715,23.963626035078534,23.661998301208545,1.0,0.0,0.8333333333333334,0.25,0.0,19.339986878611327,23.950492743032918,28.914888053984985,13.154219953646097,21.47295913088977,26.910459963893757,1.1891713201276387e-16,2.9001232418708296e-16,0.0,2.402307128360645e-15,3.544560362143833e-14,converged
2025-01-16T03:00:00+08:00,19.0,-5.638888888888889,0.0,3.0,51.4,51.4,44.2,44.2,50.0,60.0,85.0,40.54417673343772,13.531779202966865,13.22593678257664,13.786460747894214,72.71519475005029,1.0775503315615431,51.4,51.4,51.349054400962835,43.66053456054414,42.549157034204214,42.266315911609986,42.82390764355248,0.39844080555555556,0.40210929828881914,29.18041554855905,29.566990534180153,19.333061718071008,28.91215814798543,23.826724216984033,24.17657656654572,23.94507565657364,23.64447166028568,19.18329682698766,24.18934196386379,23.958130955944068,23.657823294192628,1.0,0.0,0.8333333333333334,0.25,0.0,19.333061718071008,23.94507565657364,28.91215814798543,13.154219953646097,21.47295913088977,26.910459963893757,1.1891713201276387e-16,2.895116385578289e-16,0.0,3.4073051751376245e-15,4.661009914022129e-14,converged
2025-01-16T03:05:00+08:00,19.083333333333332,-5.666666666666667,0.0,3.0,51.53333333333333,51.53333333333333,44.266666666666666,44.266666666666666,50.0,60.0,85.0,40.60532933786221,13.552189126349921,13.245885405174795,13.80725480633749,72.93471219425886,1.0824334827522208,51.4,51.4,51.4,43.668646990966714,42.55833866731299,42.31036693726423,42.844589258521125,0.3988966666666667,0.40255777983059554,29.176289318881935,29.561822829600125,19.326107449796993,28.909410644687828,23.821167421208553,24.16995509234985,23.93963750405283,23.640346807165542,19.1761572493641,24.182732400084653,23.952703545832552,23.65370824490881,1.0,0.0,0.8333333333333334,0.25,0.0,19.326107449796993,23.93963750405283,28.909410644687828,13.134409381426751,21.44062033701795,26.86993216274332,5.927960879858132e-17,2.891890994528158e-16,0.0,3.025482999187215e-16,3.7805819805356177e-14,converged
2025-01-16T03:10:00+08:00,19.166666666666668,-5.694444444444444,0.0,3.0,51.53333333333333,51.53333333333333,44.266666666666666,44.266666666666666,50.0,60.0,85.0,40.60532933786221,13.552189126349921,13.245885405174795,13.80725480633749,72.93471219425886,1.0824334827522208,51.4,51.4,51.4,43.6671696187655,42.55659887251324,42.30853421315314,42.842905449032735,0.39935252777777774,0.40263700812597353,29.1721356697877,29.556632536351344,19.319109206871143,28.906635572312524,23.81557330489014,24.163302386391617,23.93416531907345,23.636184931074116,19.168969702547937,24.176091573309765,23.94724207535943,23.649556146693634,1.0,0.0,0.8333333333333334,0.25,0.0,19.319109206871143,23.93416531907345,28.906635572312524,13.134409381426751,21.44062033701795,26.86993216274332,5.927960879858132e-17,1.445660973500377e-16,0.0,7.29533933695299e-16,3.8080118466531896e-14,converged
2025-01-16T03:15:00+08:00,19.25,-5.722222222222222,0.0,3.0,51.53333333333333,51.53333333333333,44.266666666666666,44.266666666666666,50.0,60.0,85.0,40.60532933786221,13.552189126349921,13.245885405174795,13.80725480633749,72.93471219425886,1.0824334827522208,51.44974908316195,51.4,51.4,43.699717225206115,42.55484784493314,42.30668968321043,42.85256993196905,0.39980838888888887,0.4029635310465072,29.16805121678478,29.551511172288894,19.3121540373089,28.90391575220002,23.809942020764566,24.156618569774068,23.92865922701244,23.631986161921954,19.161734422763022,24.16941960483369,23.941746670077315,23.645367129624265,1.0,0.0,0.8333333333333334,0.25,0.0,19.3121540373089,23.92865922701244,28.90391575220002,13.134409381426751,21.44062033701795,26.86993216274332,5.927960879858132e-17,1.444489548776301e-16,0.0,6.279195469464739e-16,4.155739643076565e-14,converged
2025-01-16T03:20:00+08:00,19.333333333333332,-5.75,0.0,3.0,51.53333333333333,51.53333333333333,44.266666666666666,44.266666666666666,50.0,60.0,85.0,40.60532933786221,13.552189126349921,13.245885405174795,13.80725480633749,72.93471219425886,1.0824334827522208,51.53333333333333,51.4,51.4,43.75545477607583,42.55308562712157,42.304833394747085,42.86996650181213,0.40026425,0.40345758777931096,29.164101089093833,29.546520455608892,19.30530049595782,28.90130708966752,23.80427372094253,24.14990376313066,23.923119352784834,23.627750629163767,19.154451645069926,24.16271661548038,23.936217455076015,23.64114132332118,1.0,0.0,0.8333333333333334,0.25,0.0,19.30530049595782,23.923119352784834,28.90130708966752,13.134409381426751,21.44062033701795,26.86993216274332,5.927960879858132e-17,1.1541765514209473e-15,0.0,1.4814745294688986e-15,3.1880205121501865e-14,converged
2025-01-16T03:25:00+08:00,19.416666666666668,-5.777777777777778,0.0,3.0,51.53333333333333,51.53333333333333,44.266666666666666,44.266666666666666,50.0,60.0,85.0,40.60532933786221,13.552189126349921,13.245885405174795,13.80725480633749,72.93471219425886,1.0824334827522208,51.53333333333333,51.49491679101285,51.4,43.75402451340218,42.61574741465861,42.3029653948807,42.88929489366142,0.4007201111111111,0.4040050242401204,29.160122936988518,29.541506574169343,19.298402532989943,28.898670449111233,23.79875188384761,24.143331778113467,23.91771083916184,23.623635631928988,19.147121603371662,24.15598272560503,23.930654554984233,23.636878856949753,1.0,0.0,0.8333333333333334,0.25,0.0,19.298402532989943,23.91771083916184,28.898670449111233,13.134409381426751,21.44062033701795,26.86993216274332,5.927960879858132e-17,1.4407657682710322e-16,0.0,2.3468134430562654e-15,2.8392425158396074e-14,converged
2025-01-16T03:30:00+08:00,19.5,-5.805555555555556,0.0,3.0,51.53333333333333,51.53333333333333,44.266666666666666,44.266666666666666,50.0,60.0,85.0,40.60532933786221,13.552189126349921,13.245885405174795,13.80725480633749,72.93471219425886,1.0824334827522208,51.53333333333333,51.53333333333333,51.48346847566017,43.75258457815628,42.640107836419176,42.357896360775804,42.91543941558658,0.40117597222222223,0.40469997856562223,29.156116856746532,29.53646960337091,19.291460345521454,28.896005912938538,23.79326663071994,24.136798532736208,23.912334850107325,23.61954707832735,19.139905930628885,24.14937101076246,23.92520341069163,23.632718263713713,1.0,0.0,0.8333333333333334,0.25,0.0,19.291460345521454,23.912334850107325,28.896005912938538,13.134409381426751,21.44062033701795,26.86993216274332,5.927960879858132e-17,4.3148750182621284e-16,0.0,7.446458161845235e-16,6.334075053815413e-14,converged
2025-01-16T03:35:00+08:00,19.583333333333332,-5.833333333333333,0.0,3.0,51.666666666666664,51.666666666666664,44.333333333333336,44.333333333333336,50.0,60.0,85.0,40.6664819422867,13.572599049732979,13.26583402777295,13.828048864780772,73.1545604861603,1.0873313644029088,51.53333333333333,51.53333333333333,51.53333333333333,43.760760331866166,42.649344285853694,42.40128331497877,42.93593423872455,0.4016318333333333,0.40514269513349255,29.15209454918036,29.531420426829534,19.28448917113247,28.893323628128957,23.78775836947466,24.13024738040509,23.906937690516873,23.61543397490178,19.13275580886601,24.142832831797648,23.919817964890967,23.62861585050479,1.0,0.0,0.8333333333333334,0.25,0.0,19.28448917113247,23.906937690516873,28.893323628128957,13.114658389875732,21.40837880267657,26.829526249716636,5.910145830936583e-17,5.746879962309405e-16,1.1584606195246944e-16,2.2304872016350174e-15,3.606698258806763e-14,converged
2025-01-16T03:40:00+08:00,19.666666666666668,-5.861111111111111,0.0,3.0,51.666666666666664,51.666666666666664,44.333333333333336,44.333333333333336,50.0,60.0,85.0,40.6664819422867,13.572599049732979,13.26583402777295,13.828048864780772,73.1545604861603,1.0873313644029088,51.53333333333333,51.53333333333333,51.53333333333333,43.75930668311909,42.64762011061371,42.39946259309399,42.934267523480784,0.4020876944444444,0.405221237201675,29.14804446726632,29.526348278300215,19.277474100372796,28.89061358334371,23.782212591966704,24.123664726909897,23.901506350014103,23.61128380914114,19.12555777359099,24.136263116129776,23.914398306587906,23.624476345850407,1.0,0.0,0.8333333333333334,0.25,0.0,19.277474100372796,23.901506350014103,28.89061358334371,13.114658389875732,21.40837880267657,26.829526249716636,5.910145830936583e-17,0.0,1.1584606195246944e-16,6.0624961691610505e-15,4.1522546025065233e-14,converged
2025-01-16T03:45:00+08:00,19.75,-5.888888888888889,0.0,3.0,51.666666666666664,51.666666666666664,44.333333333333336,44.333333333333336,50.0,60.0,85.0,40.6664819422867,13.572599049732979,13.26583402777295,13.828048864780772,73.1545604861603,1.0873313644029088,51.583609109603316,51.53333333333333,51.53333333333333,43.79225797471879,42.64588466508672,42.39763004489888,42.94407589518367,0.40254355555555554,0.4055497549901706,29.144064275043128,29.52134566913972,19.270503123147538,28.887959498345328,23.776629451752548,24.117050694413976,23.89604095453902,23.607096711110806,19.11831206077851,24.12966198613096,23.90894456191198,23.620299879993624,1.0,0.0,0.8333333333333334,0.25,0.0,19.270503123147538,23.89604095453902,28.887959498345328,13.114658389875732,21.40837880267657,26.829526249716636,5.910145830936583e-17,7.176389604140952e-16,1.1584606195246944e-16,4.33459161269712e-15,4.870955789832782e-14,converged
2025-01-16T03:50:00+08:00,19.833333333333332,-5.916666666666667,0.0,3.0,51.666666666666664,51.666666666666664,44.333333333333336,44.333333333333336,50.0,60.0,85.0,40.6664819422867,13.572599049732979,13.26583402777295,13.828048864780772,73.1545604861603,1.0873313644029088,51.666666666666664,51.53333333333333,51.53333333333333,43.84769144913427,42.644137991973956,42.39578571777986,42.961380116434846,0.40299941666666667,0.40604062389538503,29.140217073792915,29.516472396485888,19.26363296746467,28.88541553987605,23.77100910176015,24.110405404606915,23.89054162956762,23.602872810419708,19.111018905241064,24.123029563698466,23.90345685652773,23.61608658272016,1.0,0.0,0.8333333333333334,0.25,0.0,19.26363296746467,23.89054162956762,28.88541553987605,13.114658389875732,21.40837880267657,26.829526249716636,5.910145830936583e-17,2.8670855814892264e-16,1.1584606195246944e-16,2.103983787986978e-15,2.9715718047995136e-14,converged
2025-01-16T03:55:00+08:00,19.916666666666668,-5.944444444444444,0.0,3.0,51.666666666666664,51.666666666666664,44.333333333333336,44.333333333333336,50.0,60.0,85.0,40.6664819422867,13.572599049732979,13.26583402777295,13.828048864780772,73.1545604861603,1.0873313644029088,51.666666666666664,51.62910989859528,51.53333333333333,43.846284663990716,42.707437011683936,42.39392965892973,42.980928276207884,0.40345527777777773,0.4065917452028055,29.136341496527557,29.51157557919547,19.256718467104374,28.88284341393882,23.76553672980796,24.103904289096402,23.88517505660037,23.598770871457862,19.103678540634693,24.11636597025657,23.897935315636413,23.611836583360013,1.0,0.0,0.8333333333333334,0.25,0.0,19.256718467104374,23.88517505660037,28.88284341393882,13.114658389875732,21.40837880267657,26.829526249716636,5.910145830936583e-17,7.15799836079232e-16,1.1584606195246944e-16,1.7331937174118921e-15,5.483966100127662e-14,converged
2025-01-16T04:00:00+08:00,20.0,-5.972222222222222,0.0,3.0,51.666666666666664,51.666666666666664,44.333333333333336,44.333333333333336,50.0,60.0,85.0,40.6664819422867,13.572599049732979,13.26583402777295,13.828048864780772,73.1545604861603,1.0873313644029088,51.666666666666664,51.666666666666664,51.61787930000755,43.84486814965867,42.73124434453592,42.4496394077183,43.00716500539406,0.40391113888888885,0.40728744976397874,29.13243764074736,29.506655293917163,19.249759818862064,28.88024320351151,23.760099103820334,24.097440089217283,23.879839381203457,23.594693927195177,19.0964547241994,24.109826296451725,23.89252729425654,23.607690237918355,1.0,0.0,0.8333333333333334,0.25,0.0,19.249759818862064,23.879839381203457,28.88024320351151,13.114658389875732,21.40837880267657,26.829526249716636,5.910145830936583e-17,1.4291542974672676e-16,1.1584606195246944e-16,2.312633300538154e-15,2.7135917376455145e-14,converged
2025-01-16T04:05:00+08:00,20.083333333333332,-6.0,0.0,3.0,51.8,51.8,44.4,44.4,50.0,60.0,85.0,40.72763454671119,13.593008973116037,13.285782650371104,13.84884292322405,73.37473962575459,1.092243998698034,51.666666666666664,51.666666666666664,51.666666666666664,43.853106404629145,42.74053497623452,42.49236309438804,43.027472828869804,0.404367,0.4077244239052391,29.12851725906612,29.50172247693076,19.242772301778782,28.87762509570428,23.7546383266844,24.090957767851094,23.874482433243475,23.5905924323043,19.08929449553315,24.10335798413277,23.88718300801546,23.603600299490683,1.0,0.0,0.8333333333333334,0.25,0.0,19.242772301778782,23.874482433243475,28.87762509570428,13.094966710611654,21.376234089759638,26.78924167576811,1.1784821939443633e-16,4.282867851472814e-16,0.0,3.7564538046573134e-16,3.445479387370124e-14,converged
2025-01-16T04:10:00+08:00,20.166666666666668,-6.0,0.41666666666666075,3.0,51.8,51.8,44.4,44.4,50.0,60.0,85.0,40.72763454671119,13.593008973116037,13.285782650371104,13.84884292322405,73.37473962575459,1.092243998698034,51.666666666666664,51.666666666666664,51.666666666666664,43.85168676273107,42.73883835689197,42.490567062625715,43.02583484808873,0.404193175,0.40780172796657543,29.124631147400272,29.49683199388679,19.235837000359787,28.87503015505834,23.74922069438438,24.084526853245336,23.869166436377558,23.586520781927327,19.082190316800034,24.096941038744454,23.88187963759818,23.599540173318214,1.0,0.0,0.8333333333333334,0.25,0.0,19.235837000359787,23.869166436377558,28.87503015505834,13.094966710611654,21.376234089759638,26.78924167576811,1.1784821939443633e-16,8.564111957598905e-16,0.0,3.0419399239283903e-15,3.297494189033929e-14,converged
2025-01-16T04:15:00+08:00,20.25,-6.0,0.8333333333333393,3.0,51.8,51.8,44.4,44.4,50.0,60.0,85.0,40.72763454671119,13.593008973116037,13.285782650371104,13.84884292322405,73.37473962575459,1.092243998698034,51.71746755438369,51.666666666666664,51.666666666666664,43.88507269261952,42.73715486103913,42.48878490212474,43.035822362174464,0.40401935,0.408130556445351,29.120877801276677,29.49207713329508,19.229042417823177,28.87254284691633,23.74384603030308,24.07814714601608,23.86389123970155,23.582478871315455,19.075141911924202,24.090575260941904,23.87661703214315,23.595509754704743,1.0,0.0,0.8333333333333334,0.25,0.0,19.229042417823177,23.86389123970155,28.87254284691633,13.094966710611654,21.376234089759638,26.78924167576811,1.1784821939443633e-16,4.2786059505393684e-16,0.0,2.2208379305487194e-15,6.225099495944373e-14,converged
2025-01-16T04:20:00+08:00,20.333333333333332,-6.0,1.25,3.0,51.8,51.8,44.4,44.4,50.0,60.0,85.0,40.72763454671119,13.593008973116037,13.285782650371104,13.84884292322405,73.37473962575459,1.092243998698034,51.8,51.666666666666664,51.666666666666664,43.94025566529798,42.73548443853445,42.48701655690462,43.05309368777664,0.40384552500000004,0.4086154447455537,29.117318085376322,29.487515562821265,19.222443035541474,28.870215453593122,23.7385141585463,24.071818447552715,23.85865669286738,23.57846659608754,19.06814900618963,24.084260452153863,23.87139504134508,23.591508939321738,1.0,0.0,0.8333333333333334,0.25,0.0,19.222443035541474,23.85865669286738,28.870215453593122,13.094966710611654,21.376234089759638,26.78924167576811,1.1784821939443633e-16,4.2735286927086317e-16,0.0,1.026687101504672e-15,3.031651083161992e-14,converged
2025-01-16T04:25:00+08:00,20.416666666666668,-6.0,1.6666666666666607,3.0,51.8,51.8,44.4,44.4,50.0,60.0,85.0,40.72763454671119,13.593008973116037,13.285782650371104,13.84884292322405,73.37473962575459,1.092243998698034,51.8,51.763300424273076,51.666666666666664,43.938946575613265,42.79950447698477,42.48526197121489,43.0729441621701,0.4036717,0.40916632398368047,29.113791400053458,29.48299511752888,19.215894146256513,28.86791037089359,23.73341164378094,24.065717485277855,23.85363073691045,23.574643948927324,19.061211326233405,24.077996414579697,23.866213515452863,23.58753762320705,1.0,0.0,0.8333333333333334,0.25,0.0,19.215894146256513,23.85363073691045,28.86791037089359,13.094966710611654,21.376234089759638,26.78924167576811,1.1784821939443633e-16,1.422591682197898e-16,0.0,3.0870671813173393e-15,3.6711186646918004e-14,converged
2025-01-16T04:30:00+08:00,20.5,-6.0,2.0833333333333393,3.0,51.8,51.8,44.4,44.4,50.0,60.0,85.0,40.72763454671119,13.593008973116037,13.285782650371104,13.84884292322405,73.37473962575459,1.092243998698034,51.8,51.8,51.752286888646175,43.93764885722249,42.82286886073597,42.54186401013199,43.09937945566623,0.403497875,0.40985774622011795,29.110297631797593,29.478515663516287,19.20939552586408,28.86562753308351,23.728421582013773,24.05973351288017,23.848708232149953,23.57091086230357,19.054494243974098,24.071939929875235,23.861221444327548,23.58373774798272,1.0,0.0,0.8333333333333334,0.25,0.0,19.20939552586408,23.848708232149953,28.86562753308351,13.094966710611654,21.376234089759638,26.78924167576811,1.1784821939443633e-16,5.680767188155711e-16,0.0,4.2526306442175127e-16,4.0189409990070585e-14,converged
2025-01-16T04:35:00+08:00,20.583333333333332,-6.0,2.5,3.0,51.8,51.8,44.4,44.4,50.0,60.0,85.0,40.72763454671119,13.593008973116037,13.285782650371104,13.84884292322405,73.37473962575459,1.092243998698034,51.8,51.8,51.8,43.93636246881461,42.821313427790244,42.572711277578215,43.10893188689843,0.40332405,0.4101726163420818,29.10683666748832,29.474077067317825,19.2029469512546,28.863366874622347,23.723472738167604,24.053799014369215,23.84382507756699,23.567206327147925,19.047923108763058,24.06602052260849,23.856351946899444,23.580045683987446,1.0,0.0,0.8333333333333334,0.25,0.0,19.2029469512546,23.84382507756699,28.863366874622347,13.094966710611654,21.376234089759638,26.78924167576811,1.1784821939443633e-16,4.257304748856456e-16,0.0,4.257304748856456e-16,2.6930882564778485e-14,converged
2025-01-16T04:40:00+08:00,20.666666666666668,-6.0,2.9166666666666607,3.0,51.8,51.8,44.4,44.4,50.0,60.0,85.0,40.72763454671119,13.593008973116037,13.285782650371104,13.84884292322405,73.37473962575459,1.092243998698034,51.8,51.8,51.8,43.93508736923237,42.81977058024824,42.57107295930619,43.10744593785549,0.403150225,0.4102427453065271,29.103408394393973,29.469679195902398,19.196548200308733,28.861128330162657,23.718564943513236,24.04791379785781,23.83898112815676,23.563530243249946,19.041405121885315,24.060150352080722,23.85152161469191,23.576382034971523,1.0,0.0,0.8333333333333334,0.25,0.0,19.196548200308733,23.83898112815676,28.861128330162657,13.094966710611654,21.376234089759638,26.78924167576811,1.1784821939443633e-16,4.256576983705747e-16,0.0,4.256576983705747e-16,3.861674611509107e-14,converged
2025-01-16T04:45:00+08:00,20.75,-6.0,3.3333333333333393,3.0,51.8,51.8,44.4,44.4,50.0,60.0,85.0,40.72763454671119,13.593008973116037,13.285782650371104,13.84884292322405,73.37473962575459,1.092243998698034,51.8,51.8,51.8,43.93382351747184,42.81824027002586,42.569447881064605,43.10597233470379,0.4029764,0.4103122916099639,29.10001270017029,29.465321916672043,19.19019905189298,28.85891183454954,23.713698030012175,24.04207767220303,23.8341762394488,23.559882510750914,19.034940021556952,24.054329227213913,23.84673030329809,23.572746701145764,1.0,0.0,0.8333333333333334,0.25,0.0,19.19019905189298,23.8341762394488,28.85891183454954,13.094966710611654,21.376234089759638,26.78924167576811,1.1784821939443633e-16,5.6744740144220345e-16,0.0,1.2767566532449577e-15,3.804689250491594e-14,converged
2025-01-16T04:50:00+08:00,20.833333333333332,-6.0,3.75,3.0,51.8,51.8,44.4,44.4,50.0,60.0,85.0,40.72763454671119,13.593008973116037,13.285782650371104,13.84884292322405,73.37473962575459,1.092243998698034,51.8,51.8,51.8,43.93257087268171,42.81672244922329,42.567835989445044,43.10451103002286,0.402802575,0.41038125749038834,29.09664947285908,29.461005097460532,19.183899285855293,28.85671732282006,23.708871830313814,24.036290447003303,23.829410267505025,23.556263030142585,19.02852754728347,24.04855695767158,23.841977868843568,23.569139583071436,1.0,0.0,0.8333333333333334,0.25,0.0,19.183899285855293,23.829410267505025,28.85671732282006,13.094966710611654,21.376234089759638,26.78924167576811,1.1784821939443633e-16,1.418380100237173e-16,0.0,9.92866070166021e-16,2.6306212773929568e-14,converged
2025-01-16T04:55:00+08:00,20.916666666666668,-6.0,4.166666666666661,3.0,51.8,51.8,44.4,44.4,50.0,60.0,85.0,40.72763454671119,13.593008973116037,13.285782650371104,13.84884292322405,73.37473962575459,1.092243998698034,51.8,51.8,51.8,43.93132939416274,42.81521707012428,42.56623723125847,43.10306197657747,0.40262875,0.41044964517705446,29.093318600886906,29.45672860653197,19.177648683020745,28.85454473020268,23.704086177752608,24.030551932595543,23.824683068917754,23.552671702265982,19.022167439853447,24.04283335385589,23.837264167984408,23.56556058165901,1.0,0.0,0.8333333333333334,0.25,0.0,19.177648683020745,23.824683068917754,28.85454473020268,13.094966710611654,21.376234089759638,26.78924167576811,1.1784821939443633e-16,7.090718873487946e-16,0.0,0.0,4.085695979187534e-14,converged
2025-01-16T05:00:00+08:00,21.0,-6.0,4.583333333333339,3.0,51.8,51.8,44.4,44.4,50.0,60.0,85.0,40.72763454671119,13.593008973116037,13.285782650371104,13.84884292322405,73.37473962575459,1.092243998698034,51.8,51.8,51.8,43.93009904136724,42.81372408519541,42.56465155353427,43.10162512731689,0.40245492499999996,0.4105174568905092,29.090019973063754,29.452492312579384,19.171447025187167,28.8523939921167,23.699340906345267,24.024861940052283,23.819994500807763,23.549108428310156,19.015859441332214,24.03715822690482,23.832589057905206,23.562009598166952,1.0,0.0,0.8333333333333334,0.25,0.0,19.171447025187167,23.819994500807763,28.8523939921167,13.094966710611654,21.376234089759638,26.78924167576811,1.1784821939443633e-16,4.2537285518402846e-16,0.0,4.2537285518402846e-16,3.080454849754489e-14,converged
2025-01-16T05:05:00+08:00,21.083333333333332,-6.0,5.0,3.0,51.8,51.8,44.4,44.4,50.0,60.0,85.0,40.72763454671119,13.593008973116037,13.285782650371104,13.84884292322405,73.37473962575459,1.092243998698034,51.8,51.8,51.8,43.92887977389843,42.81224344708548,42.56307890351938,43.10020043537414,0.4022811,0.41058469484262705,29.086753478581716,29.448296084723328,19.165294095120842,28.8502650441717,23.69463585078798,24.01922028117882,23.815344420822335,23.54557310981096,19.00960329505557,24.03153138868926,23.827952396317134,23.55848653420049,1.0,0.0,0.8333333333333334,0.25,0.0,19.165294095120842,23.815344420822335,28.8502650441717,13.094966710611654,21.376234089759638,26.78924167576811,1.1784821939443633e-16,1.41767731833691e-16,0.0,7.088386591684551e-16,4.068209906231556e-14,converged
2025-01-16T05:10:00+08:00,21.166666666666668,-6.0,5.416666666666661,3.0,51.8,51.8,44.4,44.4,50.0,60.0,85.0,40.72763454671119,13.593008973116037,13.285782650371104,13.84884292322405,73.37473962575459,1.092243998698034,51.8,51.8,51.8,43.927671551509874,42.81077510862466,42.561519228677355,43.098787854065264,0.40210727500000004,0.4106513612366439,29.083519007013678,29.444139792510498,19.159189676552213,28.848157822166968,23.68997084645361,24.013626768510377,23.81073268713332,23.542065648649846,19.00339874562352,24.025952651810208,23.823354041455996,23.554991291710405,1.0,0.0,0.8333333333333334,0.25,0.0,19.159189676552213,23.81073268713332,28.848157822166968,13.094966710611654,21.376234089759638,26.78924167576811,1.1784821939443633e-16,7.0872358413934955e-16,0.0,0.0,4.115500473695681e-14,converged
2025-01-16T05:15:00+08:00,21.25,-6.0,5.833333333333339,3.0,51.8,51.8,44.4,44.4,50.0,60.0,85.0,40.72763454671119,13.593008973116037,13.285782650371104,13.84884292322405,73.37473962575459,1.092243998698034,51.8,51.8,51.8,43.92647433410491,42.80931902282397,42.559972476687456,43.09738733688864,0.40193345,0.4107174582671923,29.08031644831201,29.440023305912334,19.153133554171593,28.846072262090956,23.68534572938894,24.00808121530926,23.806159158435204,23.53858594705264,18.99724553889406,24.020421829595918,23.818793852080304,23.551523772991803,1.0,0.0,0.8333333333333334,0.25,0.0,19.153133554171593,23.806159158435204,28.846072262090956,13.094966710611654,21.376234089759638,26.78924167576811,1.1784821939443633e-16,5.668876230296537e-16,0.0,1.4172190575741342e-16,3.384396575522968e-14,converged
2025-01-16T05:20:00+08:00,21.333333333333332,-6.0,6.25,3.0,51.8,51.8,44.4,44.4,50.0,60.0,85.0,40.72763454671119,13.593008973116037,13.285782650371104,13.84884292322405,73.37473962575459,1.092243998698034,51.8,51.8,51.8,43.925288081736085,42.80787514287443,42.55843859544376,43.0959988375242,0.401759625,0.41078298812033487,29.077145692807274,29.43594649532365,19.14712551362491,28.844008300120713,23.68076033631191,24.002583435562062,23.80162369394318,23.535133907588335,18.991143421976954,24.014938736099072,23.814271687469343,23.548083880682924,1.0,0.0,0.8333333333333334,0.25,0.0,19.14712551362491,23.80162369394318,28.844008300120713,13.094966710611654,21.376234089759638,26.78924167576811,1.1784821939443633e-16,1.4169929767494666e-16,0.0,9.918950837246266e-16,2.156304994443057e-14,converged
2025-01-16T05:25:00+08:00,21.416666666666668,-6.0,6.666666666666661,3.0,51.8,51.8,44.4,44.4,50.0,60.0,85.0,40.72763454671119,13.593008973116037,13.285782650371104,13.84884292322405,73.37473962575459,1.092243998698034,51.8,51.8,51.8,43.92411275460459,42.80644342214645,42.55691753305426,43.09462230983274,0.4015858,0.4108479529735987,29.074006631206903,29.43190923156124,19.141165341509463,28.841965872621326,23.67621450460887,23.997133243976826,23.797126153391236,23.531709433167897,18.9850921432276,24.009503186093987,23.80978740742125,23.544671517763923,1.0,0.0,0.8333333333333334,0.25,0.0,19.141165341509463,23.797126153391236,28.841965872621326,13.094966710611654,21.376234089759638,26.78924167576811,1.1784821939443633e-16,0.0,0.0,7.083844581940495e-16,3.509862601485184e-14,converged
2025-01-16T05:30:00+08:00,21.5,-6.0,7.083333333333339,3.0,51.8,51.8,44.4,44.4,50.0,60.0,85.0,40.72763454671119,13.593008973116037,13.285782650371104,13.84884292322405,73.37473962575459,1.092243998698034,51.8,51.8,51.8,43.92294831305969,42.80502381418914,42.555409237839946,43.093257707855194,0.401411975,0.4109123549960093,29.070899154593917,29.42791138586252,19.1352528253697,28.839944916145374,23.671708072331842,23.991730455980267,23.79266639703023,23.528312427043048,18.979091452240873,24.0041149950738,23.8053408722511,23.541286587555675,1.0,0.0,0.8333333333333334,0.25,0.0,19.1352528253697,23.79266639703023,28.839944916145374,13.094966710611654,21.376234089759638,26.78924167576811,1.1784821939443633e-16,7.082734335650811e-16,0.0,1.4165468671301623e-16,3.649835132619913e-14,converged
2025-01-16T05:35:00+08:00,21.583333333333332,-6.0,7.5,3.0,51.8,51.8,44.4,44.4,50.0,60.0,85.0,40.72763454671119,13.593008973116037,13.285782650371104,13.84884292322405,73.37473962575459,1.092243998698034,51.8,51.8,51.8,43.921794717598125,42.8036162727296,42.553913658333975,43.091904985811944,0.40123815,0.41097619634812416,29.067823154425643,29.423952829884144,19.129387753693024,28.83794536743237,23.667240878195802,23.98637488771498,23.788244285626,23.524942792805085,18.97314109984503,23.998773979247677,23.80093194278901,23.537928993718577,1.0,0.0,0.8333333333333334,0.25,0.0,19.129387753693024,23.788244285626,28.83794536743237,13.094966710611654,21.376234089759638,26.78924167576811,1.1784821939443633e-16,9.91428773770468e-16,0.0,1.4163268196720969e-16,3.357665254664039e-14,converged
2025-01-16T05:40:00+08:00,21.666666666666668,-6.0,7.916666666666661,3.0,51.8,51.8,44.4,44.4,50.0,60.0,85.0,40.72763454671119,13.593008973116037,13.285782650371104,13.84884292322405,73.37473962575459,1.092243998698034,51.8,51.8,51.8,43.920651928863606,42.80222075167222,42.5524307432807,43.090564098102064,0.401064325,0.4110394791820666,29.064778522532404,29.420033435700653,19.123569915905584,28.83596716340821,23.662812761575953,23.981066356036653,23.783859680457457,23.52160043438368,18.96724083809563,23.993479955538046,23.79656048037823,23.53459864025136,1.0,0.0,0.8333333333333334,0.25,0.0,19.123569915905584,23.783859680457457,28.83596716340821,13.094966710611654,21.376234089759638,26.78924167576811,1.1784821939443633e-16,4.248326294298713e-16,0.0,2.8322175295324755e-16,2.6030597380273107e-14,converged
2025-01-16T05:45:00+08:00,21.75,-6.0,8.33333333333334,3.0,51.8,51.8,44.4,44.4,50.0,60.0,85.0,40.72763454671119,13.593008973116037,13.285782650371104,13.84884292322405,73.37473962575459,1.092243998698034,51.8,51.8,51.8,43.919519907646226,42.800837205098055,42.55096044163485,43.08923499930263,0.4008905,0.41110220564155914,29.061765151116262,29.416153075803102,19.11779910236814,28.834010241184636,23.658423562505035,23.975804678511313,23.779512443314697,23.51828525604569,18.961390420269492,23.988232741577825,23.79222634687325,23.531295431489895,1.0,0.0,0.8333333333333334,0.25,0.0,19.11779910236814,23.779512443314697,28.834010241184636,13.094966710611654,21.376234089759638,26.78924167576811,1.1784821939443633e-16,4.247678079661201e-16,0.0,1.2743034238983603e-15,2.4925033828253216e-14,converged
2025-01-16T05:50:00+08:00,21.833333333333332,-6.0,8.75,3.0,51.8,51.8,44.4,44.4,50.0,60.0,85.0,40.72763454671119,13.593008973116037,13.285782650371104,13.84884292322405,73.37473962575459,1.092243998698034,51.8,51.8,51.8,43.91839861488186,42.79946558726406,42.54950270256062,43.087917644168,0.40071667499999997,0.41116437786195675,29.058782932749725,29.41231162309771,19.112075104371883,28.832074538058674,23.654073121670624,23.97058967341257,23.775202436497118,23.514997162393986,18.955589600858676,23.983032155707658,23.787929404637925,23.528019272106008,1.0,0.0,0.8333333333333334,0.25,0.0,19.112075104371883,23.775202436497118,28.832074538058674,13.094966710611654,21.376234089759638,26.78924167576811,1.1784821939443633e-16,8.494071575384853e-16,0.0,0.0,3.1638120830320635e-14,converged
2025-01-16T05:55:00+08:00,21.916666666666668,-6.0,9.16666666666666,3.0,51.8,51.8,44.4,44.4,50.0,60.0,85.0,40.72763454671119,13.593008973116037,13.285782650371104,13.84884292322405,73.37473962575459,1.092243998698034,51.8,51.8,51.8,43.91728801165172,42.79810585260254,42.548057475430824,43.086611987629176,0.40054284999999995,0.41122599797028053,29.055831760374478,29.408508950904512,19.10639771413433,28.83015999151209,23.649761280412456,23.965421159718865,23.770929522811542,23.51173605836626,18.9498381355645,23.977878016973172,23.783669516543586,23.52477006710631,1.0,0.0,0.8333333333333334,0.25,0.0,19.10639771413433,23.770929522811542,28.83015999151209,13.094966710611654,21.376234089759638,26.78924167576811,1.1784821939443633e-16,2.8309329274300454e-16,0.0,1.1323731709720182e-15,2.6577627416876057e-14,converged
2025-01-16T06:00:00+08:00,22.0,-6.0,9.58333333333334,3.0,51.8,51.8,44.4,44.4,50.0,60.0,85.0,40.72763454671119,13.593008973116037,13.285782650371104,13.84884292322405,73.37473962575459,1.092243998698034,51.8,51.8,51.8,43.916188059181664,42.79675795572034,42.546624709825956,43.08531798479298,0.40036902500000005,0.4112870680852503,29.052911527300115,29.404744932956,19.10076672479521,28.82826653921085,23.64548788071976,23.960298957110744,23.766693565570346,23.50850184923386,18.94413578129159,23.972770145122244,23.77944654596718,23.52154772183101,1.0,0.0,0.8333333333333334,0.25,0.0,19.10076672479521,23.766693565570346,28.82826653921085,13.094966710611654,21.376234089759638,26.78924167576811,1.1784821939443633e-16,2.8305125752897393e-16,0.0,1.1322050301158957e-15,3.780584129321493e-14,converged
2025-01-16T06:05:00+08:00,22.083333333333332,-6.0,10.0,3.0,51.8,51.8,44.4,44.4,50.0,60.0,85.0,40.72763454671119,13.593008973116037,13.285782650371104,13.84884292322405,73.37473962575459,1.092243998698034,51.8,51.8,51.8,43.91509871884175,42.79542185139825,42.545204355533414,43.08403559094146,0.40019520000000003,0.4113475903173178,29.050022127202876,29.401019443395786,19.095181930412352,28.82639411900458,23.641252765228593,23.955222885968134,23.762494428589598,23.505294440600604,18.938482296141938,23.967708360602273,23.775260356789396,23.518352141952747,1.0,0.0,0.8333333333333334,0.25,0.0,19.095181930412352,23.762494428589598,28.82639411900458,13.094966710611654,21.376234089759638,26.78924167576811,1.1784821939443633e-16,2.8300961174254316e-16,0.0,5.660192234850863e-16,3.5419677002812684e-14,converged
2025-01-16T06:10:00+08:00,22.166666666666668,-6.0,10.41666666666666,3.0,51.8,51.8,44.4,44.4,50.0,60.0,85.0,40.72763454671119,13.593008973116037,13.285782650371104,13.84884292322405,73.37473962575459,1.092243998698034,51.8,51.8,51.8,43.914019952145644,42.79409749459035,42.54379636254656,43.08276476153117,0.400021375,0.4114075667686996,29.047163454124384,29.397332356777273,19.08964312595763,28.824542668926014,23.637055777219196,23.95019276736762,23.758331976187204,23.502113738401636,18.932877439409015,23.96269248455747,23.77111081339281,23.515183233475426,1.0,0.0,0.8333333333333334,0.25,0.0,19.08964312595763,23.758331976187204,28.824542668926014,13.094966710611654,21.376234089759638,26.78924167576811,1.1784821939443633e-16,5.659367071990949e-16,0.0,2.8296835359954745e-16,2.9389278569345e-14,converged
2025-01-16T06:15:00+08:00,22.25,-6.0,10.83333333333334,3.0,51.8,51.8,44.4,44.4,50.0,60.0,85.0,40.72763454671119,13.593008973116037,13.285782650371104,13.84884292322405,73.37473962575459,1.092243998698034,51.8,51.8,51.8,43.91295172075006,42.79278484042329,42.54240068106391,43.08150545219247,0.39984755,0.4114669995334096,29.04433540247039,29.393683548062306,19.084150107312894,28.822712127190467,23.63289676061336,23.945208423079762,23.754206073181056,23.498959648902243,18.927320971571906,23.95772233882614,23.766997780660034,23.512040902733055,1.0,0.0,0.8333333333333334,0.25,0.0,19.084150107312894,23.754206073181056,28.822712127190467,13.094966710611654,21.376234089759638,26.78924167576811,1.1784821939443633e-16,2.8292748132643944e-16,0.0,1.1317099253057578e-15,3.78352196724531e-14,converged
2025-01-16T06:20:00+08:00,22.333333333333332,-6.0,11.25,3.0,51.8,51.8,44.4,44.4,50.0,60.0,85.0,40.72763454671119,13.593008973116037,13.285782650371104,13.84884292322405,73.37473962575459,1.092243998698034,51.8,51.8,51.8,43.91189398645425,42.791483844195646,42.54101726148822,43.08025761872878,0.399673725,0.41152589069729173,29.04153786700953,29.390072892619852,19.07870267126594,28.82090243219529,23.62877555997179,23.940269675566384,23.750116584887188,23.495832078696708,18.921812654289457,23.952797745938014,23.762921123971882,23.50892505638858,1.0,0.0,0.8333333333333334,0.25,0.0,19.07870267126594,23.750116584887188,28.82090243219529,13.094966710611654,21.376234089759638,26.78924167576811,1.1784821939443633e-16,1.414434965801059e-16,0.0,9.901044760607413e-16,3.4195278358741376e-14,converged
2025-01-16T06:25:00+08:00,22.416666666666668,-6.0,11.66666666666666,3.0,51.8,51.8,44.4,44.4,50.0,60.0,85.0,40.72763454671119,13.593008973116037,13.285782650371104,13.84884292322405,73.37473962575459,1.092243998698034,51.8,51.8,51.8,43.91084671119945,42.79019446137729,42.539646054425695,43.079021217116015,0.3994999,0.41158424233805213,29.038770742872064,29.38650026622467,19.073300615506486,28.819113522519334,23.624692020491494,23.935376347977904,23.74606337711794,23.492730934707147,18.916352250394475,23.947918529111536,23.758880709205517,23.505835601432732,1.0,0.0,0.8333333333333334,0.25,0.0,19.073300615506486,23.74606337711794,28.819113522519334,13.094966710611654,21.376234089759638,26.78924167576811,1.1784821939443633e-16,9.899641057191211e-16,0.0,1.8385047677640824e-15,3.748384212449708e-14,converged
2025-01-16T06:30:00+08:00,22.5,-6.0,12.08333333333334,3.0,51.8,51.8,44.4,44.4,50.0,60.0,85.0,40.72763454671119,13.593008973116037,13.285782650371104,13.84884292322405,73.37473962575459,1.092243998698034,51.8,51.8,51.8,43.90980985706828,42.788916647608694,42.538287010685075,43.07779620350177,0.399326075,0.4116420565252921,29.036033925548637,29.38296554505598,19.06794373862217,28.81734533692242,23.62064598800319,23.930528264150663,23.742046316180144,23.489656124182364,18.91093952388794,23.943084512251207,23.754876402732634,23.502772445182877,1.0,0.0,0.8333333333333334,0.25,0.0,19.06794373862217,23.742046316180144,28.81734533692242,13.094966710611654,21.376234089759638,26.78924167576811,1.1784821939443633e-16,0.0,0.0,8.484214864458245e-16,3.2042981759208654e-14,converged
2025-01-16T06:35:00+08:00,22.583333333333332,-6.0,12.5,3.0,51.8,51.8,44.4,44.4,50.0,60.0,85.0,40.72763454671119,13.593008973116037,13.285782650371104,13.84884292322405,73.37473962575459,1.092243998698034,51.8,51.8,51.8,43.90878338628432,42.787650358700304,42.53694008127687,43.07658253420475,0.39915225,0.4116993353205395,29.033327310889046,29.379468605696175,19.062631840094554,28.81559781434479,23.61663730896869,23.92572524860426,23.73806526887327,23.4866075546967,18.905574239933255,23.938295519944926,23.750908071417626,23.499735495281872,1.0,0.0,0.8333333333333334,0.25,0.0,19.062631840094554,23.73806526887327,28.81559781434479,13.094966710611654,21.376234089759638,26.78924167576811,1.1784821939443633e-16,0.0,0.0,8.483034474876908e-16,3.266089623368796e-14,converged
2025-01-16T06:40:00+08:00,22.666666666666668,-6.0,12.91666666666666,3.0,51.8,51.8,44.4,44.4,50.0,60.0,85.0,40.72763454671119,13.593008973116037,13.285782650371104,13.84884292322405,73.37473962575459,1.092243998698034,51.8,51.8,51.8,43.90776726121148,42.78639555063185,42.53560521741241,43.075380165714016,0.39897842499999997,0.4117560807772812,29.030650795101007,29.376009325129477,19.057364720295176,28.813870893906607,23.612665830478342,23.9209671265389,23.734120102487648,23.4835851341489,18.90025616485052,23.933551377461324,23.74697558261578,23.496724659696913,1.0,0.0,0.8333333333333334,0.25,0.0,19.057364720295176,23.734120102487648,28.813870893906607,13.094966710611654,21.376234089759638,26.78924167576811,1.1784821939443633e-16,4.2409327000286796e-16,0.0,4.2409327000286796e-16,3.091339196555733e-14,converged
2025-01-16T06:45:00+08:00,22.75,-6.0,13.33333333333334,3.0,51.8,51.8,44.4,44.4,50.0,60.0,85.0,40.72763454671119,13.593008973116037,13.285782650371104,13.84884292322405,73.37473962575459,1.092243998698034,51.8,51.8,51.8,43.906761444353506,42.78515217955174,42.534282370503114,43.07418905468834,0.39880459999999995,0.41181229494099486,29.028004274748916,29.372587580740646,19.05214218048158,28.81216451490739,23.608731400248427,23.916253723832774,23.73021068480263,23.480588770760964,18.894985066110834,23.928851910747134,23.743078804171454,23.493739846718405,1.0,0.0,0.8333333333333334,0.25,0.0,19.05214218048158,23.73021068480263,28.81216451490739,13.094966710611654,21.376234089759638,26.78924167576811,1.1784821939443633e-16,1.413451264776043e-16,0.0,7.067256323880215e-16,2.6429105641777898e-14,converged
2025-01-16T06:50:00+08:00,22.833333333333332,-6.0,13.75,3.0,51.8,51.8,44.4,44.4,50.0,60.0,85.0,40.72763454671119,13.593008973116037,13.285782650371104,13.84884292322405,73.37473962575459,1.092243998698034,51.8,51.8,51.8,43.9057658983534,42.783920201776354,42.53297149215957,43.07300915795551,0.39863077500000005,0.41186797984918094,29.02538764675263,29.369203250313667,19.046964022793407,28.810478616825506,23.60483386661862,23.911584867039398,23.726336884084798,23.477618373077014,18.889760712330617,23.924196946424555,23.739217604416282,23.490780964958823,1.0,0.0,0.8333333333333334,0.25,0.0,19.046964022793407,23.726336884084798,28.810478616825506,13.094966710611654,21.376234089759638,26.78924167576811,1.1784821939443633e-16,4.2397804948164743e-16,0.0,4.2397804948164743e-16,3.4102236468414457e-14,converged
2025-01-16T06:55:00+08:00,22.916666666666668,-6.0,14.16666666666666,3.0,51.8,51.8,44.4,44.4,50.0,60.0,85.0,40.72763454671119,13.593008973116037,13.285782650371104,13.84884292322405,73.37473962575459,1.092243998698034,51.8,51.8,51.8,43.904780585992995,42.78269957378947,42.531672534190754,43.0718404325117,0.39845695000000003,0.4119231375313941,29.022800808386247,29.36585621203046,19.04183005024845,28.80881313931764,23.600973078549433,23.906960383385016,23.72249856908618,23.474673849962166,18.884582873265984,23.919586311788628,23.73539185216738,23.487847923351584,1.0,0.0,0.8333333333333334,0.25,0.0,19.04183005024845,23.72249856908618,28.80881313931764,13.094966710611654,21.376234089759638,26.78924167576811,1.1784821939443633e-16,0.0,0.0,8.478425552247285e-16,3.325768482965474e-14,converged
2025-01-16T07:00:00+08:00,23.0,-6.0,14.58333333333334,3.0,51.8,51.8,44.4,44.4,50.0,60.0,85.0,40.72763454671119,13.593008973116037,13.285782650371104,13.84884292322405,73.37473962575459,1.092243998698034,51.8,51.8,51.8,43.90380547019228,42.78149025224157,42.53038544860318,43.07068283552074,0.398283125,0.4119777700092747,29.02024365727688,29.362546344469582,19.036740066738783,28.80716802221826,23.59714888561967,23.902380100765985,23.718695609042445,23.471755110601407,18.879451319807124,23.915019834804628,23.73160141672554,23.48494063114991,1.0,0.0,0.8333333333333334,0.25,0.0,19.036740066738783,23.718695609042445,28.80716802221826,13.094966710611654,21.376234089759638,26.78924167576811,1.1784821939443633e-16,7.06441768838122e-16,0.0,1.412883537676244e-16,2.889659534984882e-14,converged
2025-01-16T07:05:00+08:00,23.083333333333332,-6.0,15.0,3.0,51.8,51.8,44.4,44.4,50.0,60.0,85.0,40.72763454671119,13.593008973116037,13.285782650371104,13.84884292322405,73.37473962575459,1.092243998698034,51.8,51.8,51.8,43.902840514009014,42.7802921939492,42.52911018760006,43.069536324313546,0.3981093,0.4120318792965806,29.01771609140345,29.35927352660492,19.031693877026868,28.805543205539113,23.593361138023898,23.89784384774617,23.714927873671122,23.468862064498463,18.874365823972713,23.91049734410547,23.727846167873462,23.482058997925723,1.0,0.0,0.8333333333333334,0.25,0.0,19.031693877026868,23.714927873671122,28.805543205539113,13.094966710611654,21.376234089759638,26.78924167576811,1.1784821939443633e-16,8.476187960917878e-16,0.0,1.5539677928349443e-15,3.122060214726378e-14,converged
2025-01-16T07:10:00+08:00,23.166666666666668,-6.0,15.41666666666666,3.0,51.8,51.8,44.4,44.4,50.0,60.0,85.0,40.72763454671119,13.593008973116037,13.285782650371104,13.84884292322405,73.37473962575459,1.092243998698034,51.8,51.8,51.8,43.90188568063812,42.77910535589437,42.52784670358052,43.06840085638732,0.397935475,0.4120854673992177,29.01521800909548,29.356037637804427,19.026691286741695,28.80393862946868,23.589609686569922,23.89335145355437,23.711195233169835,23.46599462147469,18.869326158904354,23.906018668989102,23.72412597587398,23.479202933568505,1.0,0.0,0.8333333333333334,0.25,0.0,19.026691286741695,23.711195233169835,28.80393862946868,13.094966710611654,21.376234089759638,26.78924167576811,1.1784821939443633e-16,5.650057137984663e-16,0.0,1.2712628560465492e-15,3.032734314210855e-14,converged
2025-01-16T07:15:00+08:00,23.25,-6.0,15.83333333333334,3.0,51.8,51.8,44.4,44.4,50.0,60.0,85.0,40.72763454671119,13.593008973116037,13.285782650371104,13.84884292322405,73.37473962575459,1.092243998698034,51.8,51.8,51.8,43.90094093341113,42.77792969522388,42.52659494913877,43.06727638940502,0.39776165,0.41213853631527203,29.012749309031886,29.35283855782882,19.02173210237493,28.80235423437167,23.585894382676283,23.888902748081723,23.707497558214527,23.463152691667947,18.864332098861052,23.901583639415936,23.72044071146828,23.476372348284194,1.0,0.0,0.8333333333333334,0.25,0.0,19.02173210237493,23.707497558214527,28.80235423437167,13.094966710611654,21.376234089759638,26.78924167576811,1.1784821939443633e-16,1.4123324024458735e-16,0.0,5.649329609783494e-16,3.389603453710555e-14,converged
2025-01-16T07:20:00+08:00,23.333333333333332,-6.0,16.25,3.0,51.8,51.8,44.4,44.4,50.0,60.0,85.0,40.72763454671119,13.593008973116037,13.285782650371104,13.84884292322405,73.37473962575459,1.092243998698034,51.8,51.8,51.8,43.900006235795814,42.776765169248705,42.52535487706326,43.06616288119466,0.397587825,0.41219108803503995,29.01030989023977,29.34967616683032,19.0168161312771,28.8007899607885,23.582215078369753,23.88449756187914,23.703834719957694,23.4603361855315,18.859383419213703,23.89719208600627,23.716790245874137,23.47356715259408,1.0,0.0,0.8333333333333334,0.25,0.0,19.0168161312771,23.703834719957694,28.8007899607885,13.094966710611654,21.376234089759638,26.78924167576811,1.1784821939443633e-16,4.23645701737146e-16,0.0,4.23645701737146e-16,3.9239303014344197e-14,converged
2025-01-16T07:25:00+08:00,23.416666666666668,-6.0,16.66666666666666,3.0,51.8,51.8,44.4,44.4,50.0,60.0,85.0,40.72763454671119,13.593008973116037,13.285782650371104,13.84884292322405,73.37473962575459,1.092243998698034,51.8,51.8,51.8,43.89908155139548,42.775611735443334,42.52412644033588,43.0650602897486,0.397414,0.41224312454105955,29.00789965209324,29.34655034535136,19.011943181653766,28.799245749434764,23.578571626282844,23.88013572615476,23.70020659002664,23.457545013832906,18.854479896439628,23.89284384003774,23.713174450784162,23.470787257333676,1.0,0.0,0.8333333333333334,0.25,0.0,19.011943181653766,23.70020659002664,28.799245749434764,13.094966710611654,21.376234089759638,26.78924167576811,1.1784821939443633e-16,7.059870431831775e-16,0.0,1.4119740863663552e-16,2.4497133762490072e-14,converged
2025-01-16T07:30:00+08:00,23.5,-6.0,17.08333333333334,3.0,51.8,51.8,44.4,44.4,50.0,60.0,85.0,40.72763454671119,13.593008973116037,13.285782650371104,13.84884292322405,73.37473962575459,1.092243998698034,51.8,51.8,51.8,43.89816684394858,42.77446935144521,42.5229095921312,43.063968573222986,0.397240175,0.41229464780814107,29.0055184943122,29.34346097432332,19.007113062561736,28.797721541200737,23.574963879651328,23.87581707277138,23.69661304052171,23.454779087652913,18.84962130811711,23.888538733442758,23.709593198364058,23.46803257365164,1.0,0.0,0.8333333333333334,0.25,0.0,19.007113062561736,23.69661304052171,28.797721541200737,13.094966710611654,21.376234089759638,26.78924167576811,1.1784821939443633e-16,7.058988180287269e-16,0.0,0.0,2.8465389644585144e-14,converged
2025-01-16T07:35:00+08:00,23.583333333333332,-6.0,17.5,3.0,51.8,51.8,44.4,44.4,50.0,60.0,85.0,40.72763454671119,13.593008973116037,13.285782650371104,13.84884292322405,73.37473962575459,1.092243998698034,51.8,51.8,51.8,43.89726207732817,42.77333797505404,42.52170428581558,43.062887689937035,0.39706634999999996,0.41234565980339793,29.00316631696117,29.340407935065265,19.002325583905286,28.796217277150845,23.571391692311774,23.871541434243934,23.693053944014576,23.452038318384353,18.844807432919986,23.88427659880596,23.70604636125086,23.465303013008658,1.0,0.0,0.8333333333333334,0.25,0.0,19.002325583905286,23.693053944014576,28.796217277150845,13.094966710611654,21.376234089759638,26.78924167576811,1.1784821939443633e-16,2.8232459602567516e-16,0.0,1.1292983841027006e-15,3.9203869807095877e-14,converged
2025-01-16T07:40:00+08:00,23.666666666666668,-6.0,17.91666666666666,3.0,51.8,51.8,44.4,44.4,50.0,60.0,85.0,40.72763454671119,13.593008973116037,13.285782650371104,13.84884292322405,73.37473962575459,1.092243998698034,51.8,51.8,51.8,43.89636721554133,42.77221756423118,42.52051047494646,43.06181759837239,0.396892525,0.41239616248627675,29.00084302044811,29.337391109282677,18.9975805564324,28.79473289852316,23.56785491869908,23.86730864373695,23.689529173546457,23.449322617731063,18.840038050612232,23.880057269361707,23.70253381255121,23.462598487176347,1.0,0.0,0.8333333333333334,0.25,0.0,18.9975805564324,23.689529173546457,28.79473289852316,13.094966710611654,21.376234089759638,26.78924167576811,1.1784821939443633e-16,0.0,0.0,8.468700663343981e-16,2.8316458898572856e-14,converged
2025-01-16T07:45:00+08:00,23.75,-6.0,18.33333333333334,3.0,51.8,51.8,44.4,44.4,50.0,60.0,85.0,40.72763454671119,13.593008973116037,13.285782650371104,13.84884292322405,73.37473962575459,1.092243998698034,51.8,51.8,51.8,43.89548222272878,42.77110807709904,42.519328113271484,43.06075825717253,0.39671870000000004,0.41244615780858845,28.998548505523214,29.334410379066203,18.99287779173102,28.793268346728883,23.564353413844028,23.863118535062043,23.686038602626432,23.446631897706773,18.835312942042613,23.87588057899153,23.699055425839617,23.459918908236176,1.0,0.0,0.8333333333333334,0.25,0.0,18.99287779173102,23.686038602626432,28.793268346728883,13.094966710611654,21.376234089759638,26.78924167576811,1.1784821939443633e-16,2.822558038738279e-16,0.0,1.1290232154953115e-15,3.369145394237115e-14,converged
2025-01-16T07:50:00+08:00,23.833333333333332,-6.0,18.75,3.0,51.8,51.8,44.4,44.4,50.0,60.0,85.0,40.72763454671119,13.593008973116037,13.285782650371104,13.84884292322405,73.37473962575459,1.092243998698034,51.8,51.8,51.8,43.894607063164244,42.770009471940455,42.51815715472777,43.05970962514206,0.396544875,0.4124956477145377,28.99628267327777,29.33146562689039,18.98821710222532,28.791823563351837,23.560887033370847,23.85897094267539,23.682582105229688,23.443966070634037,18.830631889139323,23.87174636222164,23.69561107515674,23.457264188578367,1.0,0.0,0.8333333333333334,0.25,0.0,18.98821710222532,23.682582105229688,28.791823563351837,13.094966710611654,21.376234089759638,26.78924167576811,1.1784821939443633e-16,0.0,0.0,8.46665819180947e-16,2.5828181257921252e-14,converged
2025-01-16T07:55:00+08:00,23.916666666666668,-6.0,19.16666666666666,3.0,51.8,51.8,44.4,44.4,50.0,60.0,85.0,40.72763454671119,13.593008973116037,13.285782650371104,13.84884292322405,73.37473962575459,1.092243998698034,51.8,51.8,51.8,43.89374170125404,42.768921707198054,42.516997553441044,43.05867166124613,0.39637105,0.4125446341407538,28.994045425142954,29.32855673561245,18.983598301172005,28.790398490147957,23.557455633494776,23.854865701675248,23.679159555795813,23.441325049143135,18.82599467490468,23.867654454220414,23.69220063500767,23.45463424090082,1.0,0.0,0.8333333333333334,0.25,0.0,18.983598301172005,23.679159555795813,28.790398490147957,13.094966710611654,21.376234089759638,26.78924167576811,1.1784821939443633e-16,4.2328264214151327e-16,0.0,2.821884280943422e-16,3.027349070920297e-14,converged
2025-01-16T08:00:00+08:00,24.0,-6.0,19.58333333333334,3.0,51.8,51.8,44.4,44.4,50.0,60.0,85.0,40.72763454671119,13.593008973116037,13.285782650371104,13.84884292322405,73.37473962575459,1.092243998698034,51.8,51.8,51.8,43.892886101536504,42.76784474147365,42.51584926372495,43.05764432460976,0.396197225,0.4125931190163203,28.991836662888684,29.325683588471005,18.9790212026566,28.788993069044785,23.554059071019655,23.850802647799448,23.675770829227087,23.438708746171002,18.821401083409835,23.863604690795913,23.688823980360198,23.45202897820802,1.0,0.0,0.8333333333333334,0.25,0.0,18.9790212026566,23.675770829227087,28.788993069044785,13.094966710611654,21.376234089759638,26.78924167576811,1.1784821939443633e-16,5.643105348168929e-16,0.0,2.8215526740844643e-16,2.9914697318918486e-14,converged
