timestamp,elapsed_hours,outdoor_temperature_c,solar_radiation_w_m2,wind_m_s,raw_supply_target_c,applied_supply_setpoint_c,raw_pump_target_hz,applied_pump_frequency_hz,near_valve_pct,mid_valve_pct,far_valve_pct,total_flow_m3_h,near_flow_m3_h,mid_flow_m3_h,far_flow_m3_h,pump_pressure_kpa,pump_power_kw,delivered_supply_near_c,delivered_supply_mid_c,delivered_supply_far_c,return_near_c,return_mid_c,return_far_c,station_return_c,required_heat_load_mw,actual_heat_supply_mw,B01_indoor_c,B02_indoor_c,B03_indoor_c,B04_indoor_c,B05_indoor_c,B06_indoor_c,B07_indoor_c,B08_indoor_c,B09_indoor_c,B10_indoor_c,B11_indoor_c,B12_indoor_c,compliance_rate,comfort_rate,overheating_rate,severe_overheating_rate,underheating_rate,P10_c,P50_c,P90_c,near_transport_delay_min,mid_transport_delay_min,far_transport_delay_min,hydraulic_residual,heat_balance_residual,mass_residual,pipe_heat_balance_residual,building_heat_balance_residual,solver_status
2025-01-15T08:05:00+08:00,0.08333333333333333,-5.0,20.0,3.0,51.0,51.0,44.0,44.0,35.0,55.00000000000001,85.0,38.223887953664445,10.461921329551462,13.161022204102524,14.600944420010457,77.13103178367335,1.0775759929275075,51.0,51.0,51.0,41.80805306085373,42.257141839043335,42.14639948969709,42.091923838121886,0.3796124,0.3945691289954848,22.241544975415163,22.384361597949045,21.963851869343852,22.098809304621682,22.20391986562557,22.308527821715963,22.233714275008513,22.133697628417536,22.027212049824232,22.28126046262915,22.20657361505465,22.10666931230505,1.0,0.08333333333333333,0.0,0.0,0.0,22.027212049824232,22.20391986562557,22.28126046262915,17.014083206419166,21.57887097185142,25.40931526946627,2.4732134751226367e-13,2.9504417165963076e-16,0.0,2.9504417165963076e-16,3.755923321104998e-14,converged
2025-01-15T08:10:00+08:00,0.16666666666666666,-5.0,22.22222222222222,3.0055555555555555,51.0,51.0,44.0,44.0,35.0,55.00000000000001,85.0,38.223887953664445,10.461921329551462,13.161022204102524,14.600944420010457,77.13103178367335,1.0775759929275075,51.0,51.0,51.0,41.80792898392572,42.25698719582845,42.14623329328614,42.091773147788906,0.3786853333333333,0.3945758035851887,22.241323986045018,22.384137717574237,21.963218760247443,22.098823044468954,22.20340256421089,22.30799389954565,22.233275084414647,22.133366682423734,22.026590040715703,22.280724358201507,22.206131638729108,22.106335000090763,1.0,0.08333333333333333,0.0,0.0,0.0,22.026590040715703,22.20340256421089,22.280724358201507,17.014083206419166,21.57887097185142,25.40931526946627,2.4732134751226367e-13,1.4751959036662116e-16,0.0,1.4751959036662116e-16,2.9449693285174645e-14,converged
2025-01-15T08:15:00+08:00,0.25,-5.0,24.444444444444443,3.011111111111111,51.0,51.0,44.0,44.0,35.0,55.00000000000001,85.0,38.223887953664445,10.461921329551462,13.161022204102524,14.600944420010457,77.13103178367335,1.0775759929275075,51.0,51.0,51.0,41.8078408585729,42.25686674556923,42.14610188047353,42.09165735736427,0.3777582666666667,0.3945809323387114,22.24121455390081,22.38405458075866,21.96270185435426,22.098919196768673,22.20299820938206,22.30760207481458,22.232950595920112,22.133119263378806,22.02608228660522,22.280330357734584,22.20580437313747,22.10608422533226,1.0,0.08333333333333333,0.0,0.0,0.0,22.02608228660522,22.20299820938206,22.280330357734584,17.014083206419166,21.57887097185142,25.40931526946627,2.4732134751226367e-13,4.425530187315399e-16,0.0,4.425530187315399e-16,4.801552694628916e-14,converged
2025-01-15T08:20:00+08:00,0.3333333333333333,-5.0,26.666666666666668,3.0166666666666666,51.0,51.0,44.0,44.0,35.0,55.00000000000001,85.0,38.223887953664445,10.461921329551462,13.161022204102524,14.600944420010457,77.13103178367335,1.0775759929275075,51.0,51.0,51.0,41.80778855824407,42.25678036156517,42.146005107613504,42.09157633371551,0.37683120000000003,0.39458452115294473,22.2412163781078,22.384111827863705,21.962300573089006,22.099097570966947,22.202706352131987,22.30735181230471,22.232740399055864,22.132955086585408,22.02568815330578,22.280077926503786,22.20559140817712,22.105916703572007,1.0,0.08333333333333333,0.0,0.0,0.0,22.02568815330578,22.202706352131987,22.280077926503786,17.014083206419166,21.57887097185142,25.40931526946627,2.4732134751226367e-13,8.850979872711058e-16,0.0,8.850979872711058e-16,4.045071539689413e-14,converged
2025-01-15T08:25:00+08:00,0.4166666666666667,-5.0,28.88888888888889,3.022222222222222,51.0,51.0,44.0,44.0,35.0,55.00000000000001,85.0,38.223887953664445,10.461921329551462,13.161022204102524,14.600944420010457,77.13103178367335,1.0775759929275075,51.0,51.0,51.0,41.80777195688498,42.25672791758668,42.14594283167998,42.09152994424502,0.3759041333333333,0.3945865759010892,22.241329158602717,22.384309100169734,21.962014340757108,22.099357976950486,22.20252654523856,22.30724257881393,22.232644084821747,22.13287386831658,22.025407010150516,22.279966531796635,22.205492335211584,22.10583215132108,1.0,0.08333333333333333,0.0,0.0,0.0,22.025407010150516,22.20252654523856,22.279966531796635,17.014083206419166,21.57887097185142,25.40931526946627,2.4732134751226367e-13,2.9503112608705824e-16,0.0,2.9503112608705824e-16,3.9016202331144184e-14,converged
2025-01-15T08:30:00+08:00,0.5,-5.0,31.11111111111111,3.0277777777777777,51.0,51.0,44.0,44.0,35.0,55.00000000000001,85.0,38.223887953664445,10.461921329551462,13.161022204102524,14.600944420010457,77.13103178367335,1.0775759929275075,51.0,51.0,51.0,41.80779092893627,42.25670928787337,42.14591491026371,42.09151805688783,0.37497706666666664,0.39458710243275436,22.241552596131573,22.384646039873743,21.96184258453038,22.099700225045577,22.202458343257547,22.307273843148465,22.232661245681243,22.13287532581242,22.025238229973162,22.279995642905206,22.205506747065318,22.105830286055888,1.0,0.08333333333333333,0.0,0.0,0.0,22.025238229973162,22.202458343257547,22.279995642905206,17.014083206419166,21.57887097185142,25.40931526946627,2.4732134751226367e-13,1.1801229296061377e-15,0.0,1.1801229296061377e-15,3.312154321949017e-14,converged
2025-01-15T08:35:00+08:00,0.5833333333333334,-5.0,33.333333333333336,3.033333333333333,51.0,51.0,44.0,44.0,35.0,55.00000000000001,85.0,38.223887953664445,10.461921329551462,13.161022204102524,14.600944420010457,77.13103178367335,1.0775759929275075,51.0,51.0,51.0,41.807845349331295,42.256724347132206,42.145921201569536,42.091540540109285,0.37405,0.39458610657405846,22.241886392247483,22.38512229008701,21.96178473443274,22.100124126017075,22.202501302515536,22.307445076115307,22.232791475556226,22.13295917727681,22.025181189088617,22.28016473111858,22.20563423801846,22.105910826214863,1.0,0.08333333333333333,0.0,0.0,0.0,22.025181189088617,22.202501302515536,22.28016473111858,17.014083206419166,21.57887097185142,25.40931526946627,2.4732134751226367e-13,5.900629540036034e-16,0.0,5.900629540036034e-16,3.318528268608658e-14,converged
2025-01-15T08:40:00+08:00,0.6666666666666666,-5.0,35.55555555555556,3.0388888888888888,51.0,51.0,44.0,44.0,35.0,55.00000000000001,85.0,38.223887953664445,10.461921329551462,13.161022204102524,14.600944420010457,77.13103178367335,1.0775759929275075,51.0,51.0,51.0,41.807935093494,42.25677297053588,42.14596156441356,42.0915972629029,0.37312293333333335,0.39458359412772714,22.242330249308488,22.385737494832764,21.961840223326014,22.10062949106738,22.202654981102892,22.307755750514687,22.23303436982175,22.133125141874107,22.025235267273626,22.280473269715337,22.20587440380165,22.106073491195207,1.0,0.08333333333333333,0.0,0.0,0.0,22.025235267273626,22.202654981102892,22.280473269715337,17.014083206419166,21.57887097185142,25.40931526946627,2.4732134751226367e-13,2.950333555663519e-16,0.0,2.950333555663519e-16,3.1849534526226315e-14,converged
2025-01-15T08:45:00+08:00,0.75,-5.0,37.77777777777778,3.0444444444444443,51.0,51.0,44.0,44.0,35.0,55.00000000000001,85.0,38.223887953664445,10.461921329551462,13.161022204102524,14.600944420010457,77.13103178367335,1.0775759929275075,51.0,51.0,51.0,41.80806003733688,42.25685503372095,42.14603585822046,42.09168809478806,0.37219586666666665,0.39457957087319256,22.24288387047538,22.386491299043847,21.962008486895808,22.10121613183543,22.20291893886674,22.308205341132563,22.23338952530084,22.133372939725895,22.025399847747558,22.280920733956048,22.20622684159083,22.106318001349614,1.0,0.08333333333333333,0.0,0.0,0.0,22.025399847747558,22.20291893886674,22.280920733956048,17.014083206419166,21.57887097185142,25.40931526946627,2.4732134751226367e-13,2.950363638170908e-16,0.0,2.950363638170908e-16,4.808274714989311e-14,converged
2025-01-15T08:50:00+08:00,0.8333333333333334,-5.0,40.0,3.05,51.0,51.0,44.0,44.0,35.0,55.00000000000001,85.0,38.223887953664445,10.461921329551462,13.161022204102524,14.600944420010457,77.13103178367335,1.0775759929275075,51.0,51.0,51.0,41.808220057258794,42.25697041278624,42.14614394302067,42.09181290580783,0.3712688,0.39457404256669154,22.243546959709544,22.387383348560405,21.96228896363745,22.10188386039569,22.203292737403995,22.308793324733145,22.233856540259325,22.1337022919077,22.025674317153307,22.281506601075844,22.206691150002072,22.106644077983013,1.0,0.08333333333333333,0.0,0.0,0.0,22.025674317153307,22.203292737403995,22.281506601075844,17.014083206419166,21.57887097185142,25.40931526946627,2.4732134751226367e-13,5.900809950378736e-16,0.0,5.900809950378736e-16,3.055440043055118e-14,converged
2025-01-15T08:55:00+08:00,0.9166666666666666,-5.0,42.22222222222222,3.055555555555556,51.0,51.0,44.0,44.0,35.0,55.00000000000001,85.0,38.223887953664445,10.461921329551462,13.161022204102524,14.600944420010457,77.13103178367335,1.0775759929275075,51.0,51.0,51.0,41.808415030142946,42.257118984291026,42.14628567944767,42.09197156652672,0.3703417333333333,0.3945670149413633,22.244319221770787,22.388413290127552,21.962681094841997,22.102632489257154,22.203775940054385,22.30951918005143,22.23443501440066,22.13411292044575,22.02605806553828,22.282230350276972,22.20726692908644,22.107051443349338,1.0,0.08333333333333333,0.0,0.0,0.0,22.02605806553828,22.203775940054385,22.282230350276972,17.014083206419166,21.57887097185142,25.40931526946627,2.4732134751226367e-13,4.4256862871913657e-16,0.0,4.4256862871913657e-16,3.264883198995887e-14,converged
2025-01-15T09:00:00+08:00,1.0,-5.0,44.44444444444444,3.0611111111111113,51.0,51.0,44.0,44.0,35.0,55.00000000000001,85.0,38.223887953664445,10.461921329551462,13.161022204102524,14.600944420010457,77.13103178367335,1.0775759929275075,51.0,51.0,51.0,41.80864483335478,42.25730062525333,42.146460928735316,42.09216394802855,0.36941466666666667,0.3945584937073471,22.245200362215197,22.38958077139307,21.96318432458231,22.10346183136232,22.204368111893537,22.310382387785804,22.235124548860796,22.134604548313742,22.026550486335505,22.28309146272139,22.20795378032486,22.107539820648288,1.0,0.08333333333333333,0.0,0.0,0.0,22.026550486335505,22.204368111893537,22.28309146272139,17.014083206419166,21.57887097185142,25.40931526946627,2.4732134751226367e-13,5.901042490966254e-16,0.0,5.901042490966254e-16,4.0731015654090186e-14,converged
2025-01-15T09:05:00+08:00,1.0833333333333333,-5.0,46.66666666666667,3.066666666666667,51.0,51.0,44.0,44.0,35.0,55.00000000000001,85.0,38.223887953664445,10.461921329551462,13.161022204102524,14.600944420010457,77.13103178367335,1.0775759929275075,51.0,51.0,51.0,41.80890934473993,42.25751521314827,42.14666955271502,42.09238992191417,0.36848759999999997,0.394548484551879,22.246190087392986,22.390885440905098,21.96379809969922,22.104371700086208,22.20506881972608,22.31138243059062,22.235924746203036,22.135176899429585,22.027150976344842,22.284089421523404,22.208751306623004,22.108108934022106,1.0,0.08333333333333333,0.0,0.0,0.0,22.027150976344842,22.20506881972608,22.284089421523404,17.014083206419166,21.57887097185142,25.40931526946627,2.4732134751226367e-13,2.950596096171988e-16,0.0,2.950596096171988e-16,2.814766843635047e-14,converged
2025-01-15T09:10:00+08:00,1.1666666666666667,-5.0,48.888888888888886,3.0722222222222224,51.0,51.0,44.0,44.0,35.0,55.00000000000001,85.0,38.223887953664445,10.461921329551462,13.161022204102524,14.600944420010457,77.13103178367335,1.0775759929275075,51.0,51.0,51.0,41.809208442622115,42.25776262590627,42.14691141381318,42.09264936029936,0.36756053333333333,0.3945369931393885,22.24728810444636,22.39232694810983,21.96452186978772,22.10536190923535,22.20587763207876,22.312518793068843,22.236835210412938,22.135829698652213,22.027858935714285,22.285223711742308,22.209659112306195,22.108758508552373,1.0,0.08333333333333333,0.0,0.0,0.0,22.027858935714285,22.20587763207876,22.285223711742308,17.014083206419166,21.57887097185142,25.40931526946627,2.4732134751226367e-13,4.4260230542870425e-16,0.0,4.4260230542870425e-16,3.861666419064939e-14,converged
2025-01-15T09:15:00+08:00,1.25,-5.0,51.111111111111114,3.077777777777778,51.0,51.0,44.0,44.0,35.0,55.00000000000001,85.0,38.223887953664445,10.461921329551462,13.161022204102524,14.600944420010457,77.13103178367335,1.0775759929275075,51.0,51.0,51.0,41.80954200580115,42.25804274191143,42.14718637504839,42.09294213581262,0.3666334666666667,0.39452402511159484,22.248494121307363,22.39390494334922,21.965355087183283,22.10643227304679,22.206794119193603,22.31379096176472,22.23785554689323,22.13656267177836,22.028673767921386,22.286493820375078,22.210676803114332,22.10948827025681,1.0,0.08333333333333333,0.0,0.0,0.0,22.028673767921386,22.206794119193603,22.286493820375078,17.014083206419166,21.57887097185142,25.40931526946627,2.4732134751226367e-13,1.0327726588488996e-15,0.0,1.0327726588488996e-15,2.335225205176751e-14,converged
2025-01-15T09:20:00+08:00,1.3333333333333333,-5.0,53.333333333333336,3.0833333333333335,51.0,51.0,44.0,44.0,35.0,55.00000000000001,85.0,38.223887953664445,10.461921329551462,13.161022204102524,14.600944420010457,77.13103178367335,1.0775759929275075,51.0,51.0,51.0,41.809909913550854,42.258355439999825,42.14749430002886,42.093268121593,0.36570640000000004,0.39450958608760206,22.24980784669577,22.395619077858697,21.96629720694819,22.107582606187098,22.207817853021083,22.31519842515645,22.238985362458727,22.13737554553937,22.02959487975477,22.287899236349073,22.211803986196838,22.110297946086092,1.0,0.08333333333333333,0.0,0.0,0.0,22.02959487975477,22.207817853021083,22.287899236349073,17.014083206419166,21.57887097185142,25.40931526946627,2.4732134751226367e-13,5.901774047188016e-16,0.0,5.901774047188016e-16,3.805659498773537e-14,converged
2025-01-15T09:25:00+08:00,1.4166666666666667,-5.0,55.55555555555556,3.088888888888889,51.0,51.0,44.0,44.0,35.0,55.00000000000001,85.0,38.223887953664445,10.461921329551462,13.161022204102524,14.600944420010457,77.13103178367335,1.0775759929275075,51.0,51.0,51.0,41.810312045617074,42.25870059945776,42.147835052949674,42.09362719128798,0.3647793333333333,0.3944936816639954,22.25122899011695,22.397469003764883,21.967347686857973,22.10881272375137,22.20894840721335,22.31674067364891,22.240224265331285,22.138268047598007,22.030621681295763,22.28943945051477,22.213040270107612,22.11118726392066,1.0,0.08333333333333333,0.0,0.0,0.0,22.030621681295763,22.20894840721335,22.28943945051477,17.014083206419166,21.57887097185142,25.40931526946627,2.4732134751226367e-13,1.4755029958387264e-16,0.0,1.4755029958387264e-16,4.3099774837635326e-14,converged
2025-01-15T09:30:00+08:00,1.5,-5.0,57.77777777777778,3.0944444444444446,51.0,51.0,44.0,44.0,35.0,55.00000000000001,85.0,38.223887953664445,10.461921329551462,13.161022204102524,14.600944420010457,77.13103178367335,1.0775759929275075,51.0,51.0,51.0,41.810748282215606,42.259078100020204,42.14820849859022,42.09401921905132,0.36385226666666665,0.394476317414935,22.252757261859745,22.399454374083305,21.968505987387893,22.11012244126224,22.210185357117446,22.31841719956639,22.241571865134762,22.13923990654528,22.031753585900102,22.291113955638536,22.21438526480002,22.112155952567566,1.0,0.08333333333333333,0.0,0.0,0.0,22.031753585900102,22.210185357117446,22.291113955638536,17.014083206419166,21.57887097185142,25.40931526946627,2.4732134751226367e-13,2.9511358904844434e-16,0.0,2.9511358904844425e-16,4.2551381314914595e-14,converged
2025-01-15T09:35:00+08:00,1.5833333333333333,-5.0,60.0,3.1,51.0,51.0,44.0,44.0,35.0,55.00000000000001,85.0,38.223887953664445,10.461921329551462,13.161022204102524,14.600944420010457,77.13103178367335,1.0775759929275075,51.0,51.0,51.0,41.81121850403022,42.25948782186899,42.14861450231151,42.094444079540914,0.3629252,0.39445749889225096,22.254392372994364,22.401574842716133,21.9697715716995,22.111511574668892,22.21152827976858,22.32022749714538,22.24302777289001,22.14029085189729,22.032990010179773,22.29292224639541,22.215838581621874,22.113203741757317,1.0,0.08333333333333333,0.0,0.0,0.0,22.032990010179773,22.21152827976858,22.29292224639541,17.014083206419166,21.57887097185142,25.40931526946627,2.4732134751226367e-13,1.4756383406813434e-16,0.0,1.4756383406813434e-16,3.321823511961317e-14,converged
2025-01-15T09:40:00+08:00,1.6666666666666667,-5.0,62.22222222222222,3.1055555555555556,51.0,51.0,44.0,44.0,35.0,55.00000000000001,85.0,38.223887953664445,10.461921329551462,13.161022204102524,14.600944420010457,77.13103178367335,1.0775759929275075,51.0,51.0,51.0,41.81172259221065,42.259929645631246,42.149052930053564,42.09490164791668,0.36199813333333336,0.39443723162553734,22.256134035370266,22.40383006444992,21.97114390562727,22.11297994034606,22.21297675388341,22.32217106252735,22.244591601009855,22.14142061409206,22.03433037398493,22.29486381936192,22.21739983331047,22.114330362140727,1.0,0.08333333333333333,0.0,0.0,0.0,22.03433037398493,22.21297675388341,22.29486381936192,17.014083206419166,21.57887097185142,25.40931526946627,2.4732134751226367e-13,8.854284978157547e-16,0.0,8.854284978157547e-16,3.5441067789369394e-14,converged
2025-01-15T09:45:00+08:00,1.75,-5.0,64.44444444444444,3.111111111111111,51.0,51.0,44.0,44.0,35.0,55.00000000000001,85.0,38.223887953664445,10.461921329551462,13.161022204102524,14.600944420010457,77.13103178367335,1.0775759929275075,51.0,51.0,51.0,41.81226042837059,42.26040345237767,42.14952364833282,42.09539179983841,0.36107106666666666,0.3944155211222456,22.257981961614075,22.406219694953325,21.972622457665274,22.114527355093074,22.214530359853367,22.32424739375158,22.246262963294143,22.142628924486406,22.03577410038592,22.296938173008943,22.2190686339876,22.115535545285784,1.0,0.08333333333333333,0.0,0.0,0.0,22.03577410038592,22.214530359853367,22.296938173008943,17.014083206419166,21.57887097185142,25.40931526946627,2.4732134751226367e-13,1.475795393341695e-16,0.0,1.475795393341695e-16,3.331147509247041e-14,converged
2025-01-15T09:50:00+08:00,1.8333333333333333,-5.0,66.66666666666667,3.1166666666666667,51.0,51.0,44.0,44.0,35.0,55.00000000000001,85.0,38.223887953664445,10.461921329551462,13.161022204102524,14.600944420010457,77.13103178367335,1.0775759929275075,51.0,51.0,51.0,41.812831894585734,42.26090912362098,42.15002652423952,42.09591441146375,0.360144,0.39439237286777784,22.259935865127463,22.408743390774873,21.97420669895396,22.116153636132847,22.21618867973798,22.326455990748023,22.248041474924758,22.1439155153528,22.037320615655425,22.299144807694553,22.220844599154614,22.116819023674523,1.0,0.08333333333333333,0.0,0.0,0.0,22.037320615655425,22.21618867973798,22.299144807694553,17.014083206419166,21.57887097185142,25.40931526946627,2.4732134751226367e-13,4.4276460386556593e-16,0.0,4.4276460386556593e-16,4.2712847280933955e-14,converged
2025-01-15T09:55:00+08:00,1.9166666666666667,-5.0,68.88888888888889,3.1222222222222222,51.0,51.0,44.0,44.0,35.0,55.00000000000001,85.0,38.223887953664445,10.461921329551462,13.161022204102524,14.600944420010457,77.13103178367335,1.0775759929275075,51.0,51.0,51.0,41.81343687339176,42.2614465413141,42.15056142543516,42.09646935944602,0.3592169333333333,0.39436779232557967,22.261995460085082,22.4114008093407,21.97589610326696,22.11785860111091,22.217951297258264,22.328796355330162,22.249926752460677,22.145280119876244,22.038969349250657,22.30148322565694,22.222727345687478,22.118180530699924,1.0,0.08333333333333333,0.0,0.0,0.0,22.038969349250657,22.217951297258264,22.30148322565694,17.014083206419166,21.57887097185142,25.40931526946627,2.4732134751226367e-13,1.4759740031055247e-16,0.0,1.4759740031055247e-16,3.0421420044897035e-14,converged
2025-01-15T10:00:00+08:00,2.0,-5.0,71.11111111111111,3.1277777777777778,51.0,51.0,44.0,44.0,35.0,55.00000000000001,85.0,38.223887953664445,10.461921329551462,13.161022204102524,14.600944420010457,77.13103178367335,1.0775759929275075,51.0,51.0,51.0,41.81407524778239,42.26201558784868,42.15112822014986,42.09705652093216,0.3582898666666667,0.39434178493723243,22.264160461432457,22.41419160895232,21.97769014699799,22.11964206809444,22.219817797790103,22.33126799118794,22.25191841383305,22.146722472151176,22.040719733795708,22.303952931007327,22.224716491831874,22.1196198006628,1.0,0.08333333333333333,0.0,0.0,0.0,22.040719733795708,22.219817797790103,22.303952931007327,17.014083206419166,21.57887097185142,25.40931526946627,2.4732134751226367e-13,1.4760713456407452e-16,0.0,1.476071345640745e-16,3.542294244200453e-14,converged
2025-01-15T10:05:00+08:00,2.0833333333333335,-5.0,73.33333333333334,3.1333333333333333,51.0,51.0,44.0,44.0,35.0,55.00000000000001,85.0,38.223887953664445,10.461921329551462,13.161022204102524,14.600944420010457,77.13103178367335,1.0775759929275075,51.0,51.0,51.0,41.81474690120745,42.26261614605334,42.15172677717986,42.09767577356069,0.3573628,0.39431435612254545,22.26643058488392,22.41711544878437,21.97958830914779,22.12150385557127,22.22178776835768,22.333870403880667,22.254016078340285,22.148242307178354,22.04257120506396,22.306553429722918,22.226811657198287,22.121136568768712,1.0,0.08333333333333333,0.0,0.0,0.0,22.04257120506396,22.22178776835768,22.306553429722918,17.014083206419166,21.57887097185142,25.40931526946627,2.4732134751226367e-13,8.857044133900756e-16,0.0,8.857044133900756e-16,4.729491156355119e-14,converged
2025-01-15T10:10:00+08:00,2.1666666666666665,-5.0,75.55555555555556,3.138888888888889,51.0,51.0,44.0,44.0,35.0,55.00000000000001,85.0,38.223887953664445,10.461921329551462,13.161022204102524,14.600944420010457,77.13103178367335,1.0775759929275075,51.0,51.0,51.0,41.81545171757087,42.26324809919216,42.152356965884955,42.09832699545955,0.35643573333333334,0.39428551127964706,22.26880554692054,22.420171988882394,21.981590071311164,22.123443782448934,22.223860797626912,22.33660310083,22.25621936664316,22.14983936086177,22.044523201960615,22.309284229639886,22.229012462757137,22.122730571124883,1.0,0.08333333333333333,0.0,0.0,0.0,22.044523201960615,22.223860797626912,22.309284229639886,17.014083206419166,21.57887097185142,25.40931526946627,2.4732134751226367e-13,1.1810256121165682e-15,0.0,1.1810256121165682e-15,3.552280321078936e-14,converged
2025-01-15T10:15:00+08:00,2.25,-5.0,77.77777777777777,3.1444444444444444,51.0,51.0,44.0,44.0,35.0,55.00000000000001,85.0,38.223887953664445,10.461921329551462,13.161022204102524,14.600944420010457,77.13103178367335,1.0775759929275075,51.0,51.0,51.0,41.81618958122879,42.263911330962934,42.15301865618595,42.09901006524414,0.3555086666666667,0.3942552557850764,22.27128506478804,22.42336089016062,21.98369491766405,22.125461668053685,22.226036475898937,22.33946559131292,22.25852790075993,22.151513370005574,22.04657516650529,22.31214484044637,22.231318530833917,22.124401544737136,1.0,0.08333333333333333,0.0,0.0,0.0,22.04657516650529,22.226036475898937,22.31214484044637,17.014083206419166,21.57887097185142,25.40931526946627,2.4732134751226367e-13,1.4763953063240487e-16,0.0,1.4763953063240487e-16,3.864404095529079e-14,converged
2025-01-15T10:20:00+08:00,2.3333333333333335,-5.0,80.0,3.15,51.0,51.0,44.0,44.0,35.0,55.00000000000001,85.0,38.223887953664445,10.461921329551462,13.161022204102524,14.600944420010457,77.13103178367335,1.0775759929275075,51.0,51.0,51.0,41.81696037698762,42.26460572549565,42.15371171856214,42.099724862015236,0.3545816,0.39422359499387377,22.273868856494747,22.42668181439972,21.985902334950666,22.127557332129523,22.228314395103606,22.342457386454736,22.2609413040615,22.15326407231101,22.04872654381475,22.315134773675506,22.23372948510434,22.12614922750682,1.0,0.08333333333333333,0.0,0.0,0.0,22.04872654381475,22.228314395103606,22.315134773675506,17.014083206419166,21.57887097185142,25.40931526946627,2.4732134751226367e-13,1.033559714761882e-15,0.0,1.033559714761882e-15,2.8175691685069746e-14,converged
2025-01-15T10:25:00+08:00,2.4166666666666665,-5.0,82.22222222222223,3.155555555555556,51.0,51.0,44.0,44.0,35.0,55.00000000000001,85.0,38.223887953664445,10.461921329551462,13.161022204102524,14.600944420010457,77.13103178367335,1.0775759929275075,51.0,51.0,51.0,41.8177639901021,42.265331167350816,42.154436024048806,42.10047126535691,0.3536545333333333,0.3941905342396712,22.276556640809538,22.430134424244624,21.988211812470738,22.129730594837245,22.230694148793006,22.345577999222144,22.263459201266556,22.155091206373353,22.050976782085716,22.3182535426985,22.23624495058952,22.127973358227774,1.0,0.08333333333333333,0.0,0.0,0.0,22.050976782085716,22.230694148793006,22.3182535426985,17.014083206419166,21.57887097185142,25.40931526946627,2.4732134751226367e-13,2.953275426856225e-16,0.0,2.953275426856225e-16,3.3171713554143515e-14,converged
2025-01-15T10:30:00+08:00,2.5,-5.0,84.44444444444444,3.1611111111111114,51.0,51.0,44.0,44.0,35.0,55.00000000000001,85.0,38.223887953664445,10.461921329551462,13.161022204102524,14.600944420010457,77.13103178367335,1.0775759929275075,51.0,51.0,51.0,41.8186003062734,42.2660875415179,42.1551914442347,42.10124915533458,0.35272746666666666,0.394156078834782,22.279348137259774,22.43371838320229,21.99062284206676,22.131981276753464,22.233175332135016,22.34882694441627,22.266081218436756,22.156994511678857,22.053325332577757,22.321500662717682,22.23886455365115,22.129873676583284,1.0,0.08333333333333333,0.0,0.0,0.0,22.053325332577757,22.233175332135016,22.321500662717682,17.014083206419166,21.57887097185142,25.40931526946627,2.4732134751226367e-13,8.860600767930754e-16,0.0,8.860600767930754e-16,2.7410967154492106e-14,converged
2025-01-15T10:35:00+08:00,2.5833333333333335,-5.0,86.66666666666667,3.166666666666667,51.0,51.0,44.0,44.0,35.0,55.00000000000001,85.0,38.223887953664445,10.461921329551462,13.161022204102524,14.600944420010457,77.13103178367335,1.0775759929275075,51.0,51.0,51.0,41.81946921164721,42.2668747334137,42.15597785125961,42.10205841249289,0.35180039999999996,0.39412023407029106,22.28224306612927,22.43743335563951,21.99313491811134,22.134309198869662,22.235757541906878,22.35220373866577,22.268806982971924,22.15897372860173,22.055771649596295,22.324875650759648,22.241587921986735,22.13184992314305,1.0,0.08333333333333333,0.0,0.0,0.0,22.055771649596295,22.235757541906878,22.324875650759648,17.014083206419166,21.57887097185142,25.40931526946627,2.4732134751226367e-13,1.4769011048310226e-16,0.0,1.4769011048310226e-16,3.021475826080197e-14,converged
2025-01-15T10:40:00+08:00,2.6666666666666665,-5.0,88.8888888888889,3.1722222222222225,51.0,51.0,44.0,44.0,35.0,55.00000000000001,85.0,38.223887953664445,10.461921329551462,13.161022204102524,14.600944420010457,77.13103178367335,1.0775759929275075,51.0,51.0,51.0,41.82037059281185,42.26769262888076,42.15679511781179,42.10289891785379,0.3508733333333333,0.3940830052161432,22.285241148456237,22.441279006780707,21.995747537494612,22.136714182591216,22.238440376488814,22.35570790041995,22.27163612360525,22.1610285984011,22.058315190475703,22.328378025668368,22.244414684624786,22.133901839360178,1.0,0.08333333333333333,0.0,0.0,0.0,22.058315190475703,22.238440376488814,22.328378025668368,17.014083206419166,21.57887097185142,25.40931526946627,2.4732134751226367e-13,1.4770406270512015e-16,0.0,1.4770406270512015e-16,3.589081996030061e-14,converged
2025-01-15T10:45:00+08:00,2.75,-5.0,91.11111111111111,3.177777777777778,51.0,51.0,44.0,44.0,35.0,55.00000000000001,85.0,38.223887953664445,10.461921329551462,13.161022204102524,14.600944420010457,77.13103178367335,1.0775759929275075,51.0,51.0,51.0,41.821304336796366,42.268541114185794,42.15764311712557,42.10377055291448,0.34994626666666667,0.3940443975212326,22.288342106031273,22.445255002705753,21.998460199611678,22.13919604973646,22.24122343585763,22.359338949941897,22.27456827039854,22.163158863217998,22.06095541556249,22.332007308098365,22.24734447192008,22.136029167568154,1.0,0.08333333333333333,0.0,0.0,0.0,22.06095541556249,22.24122343585763,22.332007308098365,17.014083206419166,21.57887097185142,25.40931526946627,2.4732134751226367e-13,1.4771853445862266e-16,0.0,1.4771853445862266e-16,3.39960028326629e-14,converged
2025-01-15T10:50:00+08:00,2.8333333333333335,-5.0,93.33333333333334,3.1833333333333336,51.0,51.0,44.0,44.0,35.0,55.00000000000001,85.0,38.223887953664445,10.461921329551462,13.161022204102524,14.600944420010457,77.13103178367335,1.0775759929275075,51.0,51.0,51.0,41.822270331068694,42.26942007601811,42.158521722978904,42.10467319964542,0.34901920000000003,0.39400441621349075,22.29154566139531,22.44936101034778,22.00127240635016,22.141754622535707,22.24410632158039,22.363096409301658,22.277603054737433,22.165364266072356,22.06369178819858,22.335763020507898,22.250376915548912,22.138231650977865,1.0,0.0,0.0,0.0,0.0,22.06369178819858,22.24410632158039,22.335763020507898,17.014083206419166,21.57887097185142,25.40931526946627,2.4732134751226367e-13,1.4773352408803374e-16,0.0,1.4773352408803374e-16,3.349994731851841e-14,converged
2025-01-15T10:55:00+08:00,2.9166666666666665,-5.0,95.55555555555556,3.188888888888889,51.0,51.0,44.0,44.0,35.0,55.00000000000001,85.0,38.223887953664445,10.461921329551462,13.161022204102524,14.600944420010457,77.13103178367335,1.0775759929275075,51.0,51.0,51.0,41.82326846353373,42.270329401487984,42.159430809690875,42.10560674048834,0.3480921333333334,0.39396306649997476,22.2948515378376,22.45359669749099,22.00418366207778,22.14438972363032,22.24708863680808,22.366979802369432,22.28074010932669,22.167644550860008,22.06652377470468,22.339644687152166,22.25351164850437,22.1405090336746,1.0,0.0,0.0,0.0,0.0,22.06652377470468,22.24708863680808,22.339644687152166,17.014083206419166,21.57887097185142,25.40931526946627,2.4732134751226367e-13,5.909961198199897e-16,0.0,5.909961198199897e-16,3.548689293135525e-14,converged
2025-01-15T11:00:00+08:00,3.0,-5.0,97.77777777777777,3.1944444444444446,51.0,51.0,44.0,44.0,35.0,55.00000000000001,85.0,38.223887953664445,10.461921329551462,13.161022204102524,14.600944420010457,77.13103178367335,1.0775759929275075,51.0,51.0,51.0,41.82429862253151,42.271268978125185,42.16037025211929,42.10657105835428,0.34716506666666663,0.3939203535669546,22.2982594593937,22.457961732768496,22.00719347363,22.14710117607174,22.250169986269324,22.370988654808784,22.28397906818546,22.169999462349708,22.069450844363764,22.343651834076564,22.25674830509164,22.14286106061508,1.0,0.0,0.0,0.0,0.0,22.069450844363764,22.250169986269324,22.343651834076564,17.014083206419166,21.57887097185142,25.40931526946627,2.4732134751226367e-13,4.4329515131469735e-16,0.0,4.4329515131469716e-16,3.990933376525492e-14,converged
2025-01-15T11:05:00+08:00,3.0833333333333335,-5.0,100.0,3.2,51.0,51.0,44.0,44.0,35.0,55.00000000000001,85.0,38.223887953664445,10.461921329551462,13.161022204102524,14.600944420010457,77.13103178367335,1.0775759929275075,51.0,51.0,51.0,41.82536069683534,42.272238693877306,42.16133992565833,42.10756603662162,0.346238,0.39387628258000085,22.30176915084345,22.46245578566014,22.010301350297762,22.149888803320554,22.253349976264097,22.375122494069892,22.287319566642573,22.17242874618015,22.072472469404612,22.347783989109928,22.26008652092329,22.14528747762448,1.0,0.0,0.0,0.0,0.0,22.072472469404612,22.253349976264097,22.347783989109928,17.014083206419166,21.57887097185142,25.40931526946627,2.4732134751226367e-13,1.477815839333884e-16,0.0,1.477815839333884e-16,2.6820941007677447e-14,converged
2025-01-15T11:10:00+08:00,3.1666666666666665,-5.083333333333334,100.83333333333333,3.2222222222222223,51.0,51.0,44.0,44.0,35.0,55.00000000000001,85.0,38.223887953664445,10.461921329551462,13.161022204102524,14.600944420010457,77.13103178367335,1.0775759929275075,51.0,51.0,51.0,41.826418232260785,42.27320257201136,42.16230056958565,42.108554313444344,0.3472579333333333,0.39383250842292583,22.305186155595166,22.46687264962449,22.013211707571088,22.15259388266537,22.256378711911545,22.379122565099067,22.29052832574737,22.17472615151614,22.075269567922117,22.351782397101832,22.263293016925545,22.147582033711824,1.0,0.0,0.0,0.0,0.0,22.075269567922117,22.256378711911545,22.351782397101832,17.014083206419166,21.57887097185142,25.40931526946627,2.4732134751226367e-13,7.389900486701292e-16,0.0,7.389900486701292e-16,4.2726786561360036e-14,converged
2025-01-15T11:15:00+08:00,3.25,-5.166666666666666,101.66666666666667,3.2444444444444445,51.0,51.0,44.0,44.0,35.0,55.00000000000001,85.0,38.223887953664445,10.461921329551462,13.161022204102524,14.600944420010457,77.13103178367335,1.0775759929275075,51.0,51.0,51.0,41.82743495749952,42.274124813043414,42.16321314519956,42.10949872286766,0.34827786666666666,0.3937906773028495,22.308510723628938,22.47121252190055,22.01592552889827,22.155216604973276,22.259256794507177,22.382989371741917,22.29360581693783,22.176892127858796,22.077843386179502,22.35564756133053,22.266368264010286,22.14974517788329,1.0,0.0,0.0,0.0,0.0,22.077843386179502,22.259256794507177,22.35564756133053,17.014083206419166,21.57887097185142,25.40931526946627,2.4732134751226367e-13,0.0,0.0,0.0,3.960499362946758e-14,converged
2025-01-15T11:20:00+08:00,3.3333333333333335,-5.25,102.5,3.2666666666666666,51.0,51.0,44.0,44.0,35.0,55.00000000000001,85.0,38.223887953664445,10.461921329551462,13.161022204102524,14.600944420010457,77.13103178367335,1.0775759929275075,51.0,51.0,51.0,41.82841103542899,42.27500557067876,42.164077860613794,42.11039944189052,0.3492978,0.393750781379885,22.311743104250663,22.475475599223312,22.018443792831015,22.15775716067002,22.261984822956116,22.386723415946292,22.29655250996486,22.178927123177132,22.080195163522454,22.35937998318048,22.26931273140584,22.151777357616115,1.0,0.0,0.0,0.0,0.0,22.080195163522454,22.261984822956116,22.35937998318048,17.014083206419166,21.57887097185142,25.40931526946627,2.4732134751226367e-13,7.3914343369022435e-16,0.0,7.3914343369022435e-16,3.247765010282362e-14,converged
2025-01-15T11:25:00+08:00,3.4166666666666665,-5.333333333333334,103.33333333333333,3.288888888888889,51.0,51.0,44.0,44.0,35.0,55.00000000000001,85.0,38.223887953664445,10.461921329551462,13.161022204102524,14.600944420010457,77.13103178367335,1.0775759929275075,51.0,51.0,51.0,41.82934662821734,42.27584499805326,42.16489492299625,42.11125664676032,0.3503177333333334,0.39371281284743187,22.314883546093846,22.47966207782506,22.020767473048828,22.160215739741062,22.2645633937826,22.390325197769425,22.29936887289834,22.18083158391328,22.082326132417506,22.362980162149476,22.272126886662992,22.153679018863816,1.0,0.0,0.0,0.0,0.0,22.082326132417506,22.2645633937826,22.362980162149476,17.014083206419166,21.57887097185142,25.40931526946627,2.4732134751226367e-13,4.4352882873555497e-16,0.0,4.4352882873555497e-16,3.8241232632322587e-14,converged
2025-01-15T11:30:00+08:00,3.5,-5.416666666666666,104.16666666666667,3.3111111111111113,51.0,51.0,44.0,44.0,35.0,55.00000000000001,85.0,38.223887953664445,10.461921329551462,13.161022204102524,14.600944420010457,77.13103178367335,1.0775759929275075,51.0,51.0,51.0,41.83024189732664,42.27664324773547,42.16566453857347,42.11207051297633,0.3513376666666666,0.39367676393202783,22.31793229712141,22.483772153436657,22.022897538383265,22.16259253173257,22.266993101139445,22.393795215385055,22.302055372133125,22.182605954987707,22.084237518490234,22.366448595855747,22.27481119566099,22.155450606061365,1.0,0.0,0.0,0.0,0.0,22.084237518490234,22.266993101139445,22.366448595855747,17.014083206419166,21.57887097185142,25.40931526946627,2.4732134751226367e-13,2.957129617307946e-16,0.0,2.957129617307946e-16,3.223393509495361e-14,converged
2025-01-15T11:35:00+08:00,3.5833333333333335,-5.5,105.0,3.3333333333333335,51.4,51.4,44.2,44.2,35.0,55.00000000000001,85.0,38.39763289890362,10.50947551741176,13.220845032301357,14.667312349190514,77.83381659807692,1.0923371041131396,51.0,51.0,51.0,41.86517589293227,42.310187111399536,42.19951224869815,42.14611092205506,0.3523576,0.39395158426382526,22.320917543404178,22.487832337928733,22.02488875993585,22.16491180790153,22.2693146580333,22.397171810181607,22.304648544432727,22.18428518061621,22.08598819689717,22.36982402363534,22.2774025742359,22.15712742574548,1.0,0.0,0.0,0.0,0.0,22.08598819689717,22.2693146580333,22.36982402363534,16.93709640458226,21.4812290217552,25.294340992231984,1.1891713201276387e-16,2.955066725889156e-16,0.0,2.544600384737157e-15,4.1845920262181925e-14,converged
2025-01-15T11:40:00+08:00,3.6666666666666665,-5.583333333333334,105.83333333333333,3.3555555555555556,51.4,51.4,44.2,44.2,35.0,55.00000000000001,85.0,38.39763289890362,10.50947551741176,13.220845032301357,14.667312349190514,77.83381659807692,1.0923371041131396,51.0,51.0,51.0,41.865999643743905,42.31091198116472,42.20019790412031,42.14684787639119,0.3533775333333334,0.39391879366461025,22.32381151457704,22.491816438434807,22.02668801839639,22.167149617183952,22.2714883700505,22.40041748456965,22.30711264855764,22.185835082352398,22.08752140005921,22.37306854744996,22.27986489979455,22.158674935050072,1.0,0.0,0.0,0.0,0.0,22.08752140005921,22.2714883700505,22.37306854744996,16.93709640458226,21.4812290217552,25.294340992231984,1.1891713201276387e-16,4.432969067454026e-16,0.0,5.460723202595003e-15,3.631857350349241e-14,converged
2025-01-15T11:45:00+08:00,3.75,-5.666666666666666,106.66666666666667,3.3777777777777778,51.4,51.4,44.2,44.2,35.0,55.00000000000001,85.0,38.39763289890362,10.50947551741176,13.220845032301357,14.667312349190514,77.83381659807692,1.0923371041131396,51.0,51.0,51.0,41.866783652436055,42.31159623828173,42.200836845207654,42.14754212559225,0.3543974666666666,0.39388790321971934,22.326614456901776,22.495724649440575,22.028296269903947,22.16930614801535,22.273514825138605,22.4035327318412,22.30944814654881,22.187256101144722,22.088838335532998,22.376182660054145,22.282198633878174,22.16009357445237,1.0,0.0,0.0,0.0,0.0,22.088838335532998,22.273514825138605,22.376182660054145,16.93709640458226,21.4812290217552,25.294340992231984,1.1891713201276387e-16,2.955544480430408e-16,0.0,2.4036054375475652e-15,4.228857826045824e-14,converged
2025-01-15T11:50:00+08:00,3.8333333333333335,-5.75,107.5,3.4000000000000004,51.4,51.4,44.2,44.2,35.0,55.00000000000001,85.0,38.39763289890362,10.50947551741176,13.220845032301357,14.667312349190514,77.83381659807692,1.0923371041131396,51.245032287633414,51.0,51.0,42.034869378960416,42.312240032715415,42.201429274031895,42.19399534518213,0.35541740000000005,0.39480504656494014,22.32962081868813,22.499835895429523,22.030275538413616,22.171633791953283,22.27539460890704,22.406518043429596,22.311655498793158,22.188548676438163,22.089940204170077,22.379166852347563,22.284404236377366,22.161383782929178,1.0,0.0,0.0,0.0,0.0,22.089940204170077,22.27539460890704,22.379166852347563,16.93709640458226,21.4812290217552,25.294340992231984,1.1891713201276387e-16,1.4743393332965674e-16,0.0,1.8517666549268425e-15,3.787591566046181e-14,converged
2025-01-15T11:55:00+08:00,3.9166666666666665,-5.833333333333334,108.33333333333333,3.4222222222222225,51.4,51.4,44.2,44.2,35.0,55.00000000000001,85.0,38.39763289890362,10.50947551741176,13.220845032301357,14.667312349190514,77.83381659807692,1.0923371041131396,51.4,51.28150167825958,51.0,42.14156836019261,42.50921059416653,42.20197539174716,42.291227320101065,0.3564373333333334,0.39667862483700794,22.332721662163095,22.504046981188075,22.03241686204968,22.174039268162755,22.27763937145878,22.409858113200038,22.314195188637946,22.19015139117115,22.09082820015412,22.382021613382026,22.286482165537976,22.16254599796199,1.0,0.0,0.0,0.0,0.0,22.09082820015412,22.27763937145878,22.382021613382026,16.93709640458226,21.4812290217552,25.294340992231984,1.1891713201276387e-16,8.804254719404324e-16,0.0,1.2566651231373123e-15,2.9688373872679724e-14,converged
2025-01-15T12:00:00+08:00,4.0,-5.916666666666666,109.16666666666667,3.4444444444444446,51.4,51.4,44.2,44.2,35.0,55.00000000000001,85.0,38.39763289890362,10.50947551741176,13.220845032301357,14.667312349190514,77.83381659807692,1.0923371041131396,51.4,51.4,51.37645272062144,42.14243308464031,42.59260778699129,42.463930337511975,42.42024163165688,0.3574572666666666,0.3991518898564327,22.335730918644987,22.50818159722718,22.034365474957976,22.176363078102245,22.279951300198036,22.41327084189671,22.31679930247057,22.191809165579247,22.092467746710167,22.385393298607788,22.28904650720996,22.164165111238873,1.0,0.0,0.0,0.0,0.0,22.092467746710167,22.279951300198036,22.385393298607788,16.93709640458226,21.4812290217552,25.294340992231984,1.1891713201276387e-16,1.4582834853770476e-16,0.0,1.0101017287192414e-15,5.3990430063175096e-14,converged
2025-01-15T12:05:00+08:00,4.083333333333333,-6.0,110.0,3.466666666666667,51.8,51.8,44.4,44.4,35.0,55.00000000000001,85.0,38.571377844147534,10.557029705273349,13.280667860501813,14.733680278372367,78.53978864518791,1.1072324062986225,51.4,51.4,51.4,42.1775396203332,42.6263153963323,42.51428513505889,42.46069110167662,0.3584772,0.3995521020912603,22.338676922540476,22.512266391510245,22.0361764346551,22.178629622467636,22.28215576024948,22.416590557178296,22.31931057415794,22.19337237948467,22.094008553707965,22.38871286160007,22.291556854079307,22.165726661961084,1.0,0.0,0.0,0.0,0.0,22.094008553707965,22.28215576024948,22.38871286160007,16.860803177534596,21.384466728864414,25.18040251929401,1.1784821939443633e-16,0.0,0.0,1.2462695583955389e-15,2.4244703490683807e-14,converged
2025-01-15T12:10:00+08:00,4.166666666666667,-6.083333333333333,110.83333333333333,3.488888888888889,51.8,51.8,44.4,44.4,35.0,55.00000000000001,85.0,38.571377844147534,10.557029705273349,13.280667860501813,14.733680278372367,78.53978864518791,1.1072324062986225,51.4,51.4,51.4,42.178333509596385,42.627009174686094,42.514932327713,42.461394485469995,0.35949713333333333,0.39952066359009447,22.34153175439965,22.516275035194532,22.037796325957178,22.180814820072655,22.284212838141876,22.41977956209513,22.321693067808972,22.194806663276466,22.095333047962736,22.39190172660412,22.29393843465246,22.16715929315586,1.0,0.0,0.0,0.0,0.0,22.095333047962736,22.284212838141876,22.39190172660412,16.860803177534596,21.384466728864414,25.18040251929401,1.1784821939443633e-16,8.741624584382661e-16,0.0,4.0964392369818897e-16,3.010743471924298e-14,converged
2025-01-15T12:15:00+08:00,4.25,-6.166666666666667,111.66666666666667,3.5111111111111115,51.8,51.8,44.4,44.4,35.0,55.00000000000001,85.0,38.571377844147534,10.557029705273349,13.280667860501813,14.733680278372367,78.53978864518791,1.1072324062986225,51.4,51.4,51.4,42.1790879245445,42.62766259594431,42.515533140950026,42.46205545335051,0.36051706666666666,0.3994911209141363,22.344295660294186,22.52020772300565,22.03922610089804,22.18291885914228,22.286123120186414,22.422838349319036,22.32394724458627,22.196112456713312,22.0964424310029,22.394960385771977,22.296191709607054,22.16846344412337,1.0,0.0,0.0,0.0,0.0,22.0964424310029,22.286123120186414,22.394960385771977,16.860803177534596,21.384466728864414,25.18040251929401,1.1784821939443633e-16,7.2852258618756805e-16,0.0,5.491360410730573e-16,2.9255387944162056e-14,converged
2025-01-15T12:20:00+08:00,4.333333333333333,-6.25,112.5,3.533333333333333,51.8,51.8,44.4,44.4,35.0,55.00000000000001,85.0,38.571377844147534,10.557029705273349,13.280667860501813,14.733680278372367,78.53978864518791,1.1072324062986225,51.651135745797234,51.4,51.4,42.35160841895781,42.62827580917998,42.51608777539998,42.509697507510005,0.361537,0.40043394383356823,22.34727065310146,22.524350546905122,22.04104219584641,22.185200616640575,22.287887190361843,22.42576740966487,22.326073564000982,22.19729019805395,22.09733789768288,22.397889329402446,22.298317137972592,22.169639552666844,1.0,0.0,0.0,0.0,0.0,22.09733789768288,22.287887190361843,22.397889329402446,16.860803177534596,21.384466728864414,25.18040251929401,1.1784821939443633e-16,0.0,0.0,8.848755767648244e-16,5.1856435534876494e-14,converged
2025-01-15T12:25:00+08:00,4.416666666666667,-6.333333333333333,113.33333333333333,3.5555555555555554,51.8,51.8,44.4,44.4,35.0,55.00000000000001,85.0,38.571377844147534,10.557029705273349,13.280667860501813,14.733680278372367,78.53978864518791,1.1072324062986225,51.8,51.68924266169084,51.4,42.45428646917564,42.830944927409305,42.51659643078184,42.60777673226749,0.3625569333333333,0.4023225950210034,22.350333030984594,22.528586324903046,22.043007475056026,22.18755415631606,22.29003113131845,22.429065112891315,22.32854550294891,22.198790846190768,22.09802063622018,22.400689045948077,22.30031517713634,22.170688055097674,1.0,0.0,0.0,0.0,0.0,22.09802063622018,22.29003113131845,22.400689045948077,16.860803177534596,21.384466728864414,25.18040251929401,1.1784821939443633e-16,4.340372251061016e-16,0.0,8.013434739124869e-16,3.8781691688586604e-14,converged
2025-01-15T12:30:00+08:00,4.5,-6.416666666666667,114.16666666666667,3.577777777777778,51.8,51.8,44.4,44.4,35.0,55.00000000000001,85.0,38.571377844147534,10.557029705273349,13.280667860501813,14.733680278372367,78.53978864518791,1.1072324062986225,51.8,51.8,51.78556779845648,42.45512180719641,42.90903958800151,42.7852874496545,42.73753034188095,0.3635768666666667,0.40481050154163667,22.353303922740125,22.53274556621992,22.044780916944912,22.189826147936248,22.29222875597671,22.43242247847434,22.331069609388834,22.20033499788908,22.099480110259346,22.4040220108291,22.302815229359407,22.172208432161923,1.0,0.0,0.0,0.0,0.0,22.099480110259346,22.29222875597671,22.4040220108291,16.860803177534596,21.384466728864414,25.18040251929401,1.1784821939443633e-16,1.0065292892416808e-15,0.0,2.4563432146627282e-15,3.51169834834951e-14,converged
2025-01-15T12:35:00+08:00,4.583333333333333,-6.5,115.0,3.6,52.2,52.2,44.6,44.6,35.0,55.00000000000001,85.0,38.74512278939144,10.604583893134942,13.340490688702273,14.800048207554225,79.24894792501726,1.1222625066830707,51.8,51.8,51.8,42.49039870511409,42.942908797488656,42.82948893685098,42.77573161037747,0.3645968,0.40516634811074204,22.35621180811236,22.536855051801446,22.04641786123481,22.19204111909145,22.294319576463437,22.43568722904102,22.33350134655464,22.201785160864087,22.100818898028617,22.407287600767273,22.305246891690956,22.173657658959563,1.0,0.0,0.0,0.0,0.0,22.100818898028617,22.294319576463437,22.407287600767273,16.785194194675697,21.28857225922825,25.067485916068474,3.503809635002956e-16,1.4366361171130088e-16,1.2007991631280835e-16,3.525128980081376e-16,3.2858162433765286e-14,converged
2025-01-15T12:40:00+08:00,4.666666666666667,-6.583333333333333,115.83333333333333,3.6222222222222222,52.2,52.2,44.6,44.6,35.0,55.00000000000001,85.0,38.74512278939144,10.604583893134942,13.340490688702273,14.800048207554225,79.24894792501726,1.1222625066830707,51.8,51.8,51.8,42.49116387246811,42.94357252629527,42.83009912157325,42.776402650002474,0.36561673333333333,0.4051362201643465,22.359028621585033,22.540888319947268,22.047864601375988,22.19417486103213,22.296263464096256,22.4388214722493,22.33580458757371,22.20310677769005,22.10194249277289,22.410422691749364,22.307550066273407,22.17497834733208,1.0,0.0,0.0,0.0,0.0,22.10194249277289,22.296263464096256,22.410422691749364,16.785194194675697,21.28857225922825,25.067485916068474,3.503809635002956e-16,4.3102288575819046e-16,1.2007991631280835e-16,7.738639022198044e-17,4.051450599375762e-14,converged
2025-01-15T12:45:00+08:00,4.75,-6.666666666666667,116.66666666666667,3.644444444444445,52.2,52.2,44.6,44.6,35.0,55.00000000000001,85.0,38.74512278939144,10.604583893134942,13.340490688702273,14.800048207554225,79.24894792501726,1.1222625066830707,51.8,51.8,51.8,42.49188982725498,42.94419614875214,42.83066325401608,42.77703155665225,0.36663666666666667,0.4051079838797426,22.361754609046756,22.544845565623053,22.049122085442782,22.196227561777974,22.298061003600473,22.441825700175446,22.337979792757853,22.204300286967214,22.102852090222147,22.41342777534917,22.30972521294805,22.17617093543366,1.0,0.0,0.0,0.0,0.0,22.102852090222147,22.298061003600473,22.41342777534917,16.785194194675697,21.28857225922825,25.067485916068474,3.503809635002956e-16,4.310529283279678e-16,1.2007991631280835e-16,3.6803983997685576e-15,2.5856928744250216e-14,converged
2025-01-15T12:50:00+08:00,4.833333333333333,-6.75,117.5,3.666666666666667,52.2,52.2,44.6,44.6,35.0,55.00000000000001,85.0,38.74512278939144,10.604583893134942,13.340490688702273,14.800048207554225,79.24894792501726,1.1222625066830707,52.057184464425944,51.8,51.8,42.66882087324562,42.94477981305724,42.83118153340313,42.82585672256879,0.3676566,0.4060762646079389,22.364699291704113,22.54901999499403,22.050781054675262,22.19846453552062,22.299712777374456,22.44470040304037,22.340027420769914,22.205366125799326,22.103548879462245,22.41630334128879,22.311772789910457,22.177235859924945,1.0,0.0,0.0,0.0,0.0,22.103548879462245,22.299712777374456,22.41630334128879,16.785194194675697,21.28857225922825,25.067485916068474,3.503809635002956e-16,1.4334169708162115e-16,1.2007991631280835e-16,3.971849001495694e-15,3.546880698661115e-14,converged
2025-01-15T12:55:00+08:00,4.916666666666667,-6.833333333333333,118.33333333333333,3.6888888888888887,52.2,52.2,44.6,44.6,35.0,55.00000000000001,85.0,38.74512278939144,10.604583893134942,13.340490688702273,14.800048207554225,79.24894792501726,1.1222625066830707,52.2,52.09691421926174,51.8,42.767500999895134,43.153115039673516,42.83165415805342,42.92477886874149,0.36867653333333333,0.4079798418858628,22.36772431325136,22.55328054308572,22.052576409670735,22.200767284459662,22.301759191680706,22.447957523310965,22.342433844066097,22.206767535744827,22.10403404297183,22.41904987744559,22.313693253716384,22.178173555978105,1.0,0.0,0.0,0.0,0.0,22.10403404297183,22.301759191680706,22.41904987744559,16.785194194675697,21.28857225922825,25.067485916068474,3.503809635002956e-16,7.133644231588248e-16,1.2007991631280835e-16,8.47395713274429e-16,2.9695344765599355e-14,converged
2025-01-15T13:00:00+08:00,5.0,-6.916666666666667,119.16666666666667,3.7111111111111112,52.2,52.2,44.6,44.6,35.0,55.00000000000001,85.0,38.74512278939144,10.604583893134942,13.340490688702273,14.800048207554225,79.24894792501726,1.1222625066830707,52.2,52.2,52.194601126714524,42.76830807016232,43.22593827354974,43.10704328767668,43.05526829161791,0.36969646666666667,0.41048224867474226,22.37065794663847,22.557464487320892,22.054180770917853,22.202988601006652,22.3038458989835,22.451261401835524,22.344880264604132,22.208200973294872,22.10532090267496,22.422345857627967,22.316131207583883,22.179597983484108,1.0,0.0,0.0,0.0,0.0,22.10532090267496,22.3038458989835,22.422345857627967,16.785194194675697,21.28857225922825,25.067485916068474,3.503809635002956e-16,0.0,1.2007991631280835e-16,1.4931657096245513e-16,3.522994123351176e-14,converged
2025-01-15T13:05:00+08:00,5.083333333333333,-7.0,120.0,3.7333333333333334,52.6,52.6,44.8,44.8,35.0,55.00000000000001,85.0,38.91886773463535,10.652138080996535,13.40031351690273,14.866416136736081,79.96129443756489,1.137428012465578,52.2,52.2,52.2,42.80375314876005,43.25996694248766,43.145125775794526,43.09123313081292,0.3707164,0.4107940134960814,22.37352881399952,22.56159873857709,22.055649756137804,22.205153137144016,22.305826449744536,22.454473052974958,22.347234777061974,22.20954098098633,22.106465260301167,22.425559317240413,22.31848647667742,22.18093776659258,1.0,0.0,0.0,0.0,0.0,22.106465260301167,22.305826449744536,22.425559317240413,16.71026029202089,21.19353399021384,24.955577496800313,5.787659084657407e-17,4.250864837446517e-16,0.0,2.7316642412004376e-15,2.7009377307840692e-14,converged
2025-01-15T13:10:00+08:00,5.166666666666667,-7.083333333333333,120.83333333333333,3.7555555555555555,52.6,52.6,44.8,44.8,35.0,55.00000000000001,85.0,38.91886773463535,10.652138080996535,13.40031351690273,14.866416136736081,79.96129443756489,1.137428012465578,52.2,52.2,52.2,42.804490694878396,43.2606016325728,43.14570035755222,43.09187301224279,0.37173633333333334,0.4107651556424867,22.37630870671964,22.56565670535472,22.056929371910677,22.207236559075607,22.30766050387421,22.45755439290213,22.349461067204206,22.210752816887794,22.107395503243218,22.42864247015947,22.320713528584612,22.182149382835604,1.0,0.0,0.0,0.0,0.0,22.107395503243218,22.30766050387421,22.42864247015947,16.71026029202089,21.19353399021384,24.955577496800313,5.787659084657407e-17,1.4170544924245958e-16,0.0,1.2471480354927583e-15,2.4127411113541744e-14,converged
2025-01-15T13:15:00+08:00,5.25,-7.166666666666667,121.66666666666667,3.777777777777778,52.6,52.6,44.8,44.8,35.0,55.00000000000001,85.0,38.91886773463535,10.652138080996535,13.40031351690273,14.866416136736081,79.96129443756489,1.137428012465578,52.2,52.2,52.2,42.80518928430527,43.26119646236862,43.14622920662938,43.092471037534885,0.37275626666666667,0.41073818544844876,22.37899787051128,22.569638582859614,22.058020562492782,22.209239054620976,22.3093486445612,22.460505913121754,22.351559594518786,22.21183691847178,22.108112821654966,22.431595807404328,22.322812822337024,22.183233269251822,1.0,0.0,0.0,0.0,0.0,22.108112821654966,22.3093486445612,22.431595807404328,16.71026029202089,21.19353399021384,24.955577496800313,5.787659084657407e-17,5.668590160412342e-16,0.0,1.790236650072109e-15,3.0326286075416556e-14,converged
2025-01-15T13:20:00+08:00,5.333333333333333,-7.25,122.5,3.8,52.6,52.6,44.8,44.8,35.0,55.00000000000001,85.0,38.91886773463535,10.652138080996535,13.40031351690273,14.866416136736081,79.96129443756489,1.137428012465578,52.463179176638334,52.2,52.2,42.98650680644216,43.26175157921433,43.14671252087758,43.142473601486245,0.3737762,0.4117317052665844,22.381913279288458,22.573844638770336,22.05952826763603,22.21143232754823,22.310891452672575,22.463328103284713,22.35353081684708,22.212793721717624,22.10861839907481,22.43441981814393,22.324784815322843,22.184189861389616,1.0,0.0,0.0,0.0,0.0,22.10861839907481,22.310891452672575,22.43441981814393,16.71026029202089,21.19353399021384,24.955577496800313,5.787659084657407e-17,7.068639622467211e-16,0.0,3.5652859292165135e-15,4.472802969938916e-14,converged
2025-01-15T13:25:00+08:00,5.416666666666667,-7.333333333333333,123.33333333333333,3.822222222222222,52.6,52.6,44.8,44.8,35.0,55.00000000000001,85.0,38.91886773463535,10.652138080996535,13.40031351690273,14.866416136736081,79.96129443756489,1.137428012465578,52.6,52.5045172807829,52.20355380025598,43.08121183625257,43.47572068594983,43.14962982743535,43.243181414665784,0.3747961333333333,0.41366857402031193,22.38490203067214,22.578130027784077,22.06115963218018,22.213685411349235,22.31284355036286,22.466546376531248,22.35587390530941,22.21409865860089,22.108922559695223,22.437121111614974,22.32663577911312,22.18502513219291,1.0,0.0,0.0,0.0,0.0,22.108922559695223,22.31284355036286,22.437121111614974,16.71026029202089,21.19353399021384,24.955577496800313,5.787659084657407e-17,1.4071086026130982e-16,0.0,2.9743120558377423e-15,4.200335553295612e-14,converged
2025-01-15T13:30:00+08:00,5.5,-7.416666666666667,124.16666666666667,3.8444444444444446,52.6,52.6,44.8,44.8,35.0,55.00000000000001,85.0,38.91886773463535,10.652138080996535,13.40031351690273,14.866416136736081,79.96129443756489,1.137428012465578,52.6,52.6,52.6,43.08199171918696,43.54330335439534,43.426720688214985,43.37250903140269,0.37581606666666667,0.4161483221523295,22.387799489023184,22.58233874556991,22.062600817602274,22.21585717591278,22.314822641282078,22.46979859546544,22.35824490614789,22.215424226496292,22.11003486191905,22.44037567405402,22.329007956253395,22.186350795365712,1.0,0.0,0.0,0.0,0.0,22.11003486191905,22.314822641282078,22.44037567405402,16.71026029202089,21.19353399021384,24.955577496800313,5.787659084657407e-17,6.993619560018401e-16,0.0,1.39872391200368e-16,2.933888628903082e-14,converged
2025-01-15T13:35:00+08:00,5.583333333333333,-7.5,125.0,3.8666666666666667,53.0,53.0,45.0,45.0,35.0,55.00000000000001,85.0,39.09261267987926,10.699692268858126,13.46013634510319,14.932784065917943,80.67682818283092,1.1527295308452399,52.6,52.6,52.6,43.11760279463401,43.57748934772947,43.46119754160471,43.40719617544349,0.376836,0.4164347965811612,22.39063441596704,22.58649782994554,22.063907715424126,22.21797239515252,22.31669620676787,22.47295896411119,22.360524448660033,22.21665691072823,22.110992123775766,22.443538798211268,22.331289068757332,22.187583951533533,1.0,0.0,0.0,0.0,0.0,22.110992123775766,22.31669620676787,22.443538798211268,16.6359924685008,21.099340505812886,24.84466381903675,1.7208982650771557e-16,1.3977616998228677e-16,0.0,1.4399387848510642e-15,2.894115986495648e-14,converged
2025-01-15T13:40:00+08:00,5.666666666666667,-7.583333333333333,125.83333333333333,3.888888888888889,53.0,53.0,45.0,45.0,35.0,55.00000000000001,85.0,39.09261267987926,10.699692268858126,13.46013634510319,14.932784065917943,80.67682818283092,1.1527295308452399,52.6,52.6,52.6,43.118313782513525,43.578095979768804,43.46173787717227,43.40780604554931,0.37785593333333334,0.4164071694134,22.393378462708185,22.590580562611528,22.06502604983672,22.22000661270071,22.31842369908472,22.475989211003807,22.362676034815557,22.217761788128275,22.111736309274924,22.44657180133956,22.333442226838027,22.188689303056112,1.0,0.0,0.0,0.0,0.0,22.111736309274924,22.31842369908472,22.44657180133956,16.6359924685008,21.099340505812886,24.84466381903675,1.7208982650771557e-16,2.795708872902719e-16,0.0,1.950738769009195e-15,3.099242669055986e-14,converged
2025-01-15T13:45:00+08:00,5.75,-7.666666666666667,126.66666666666667,3.9111111111111114,53.0,53.0,45.0,45.0,35.0,55.00000000000001,85.0,39.09261267987926,10.699692268858126,13.46013634510319,14.932784065917943,80.67682818283092,1.1527295308452399,52.6,52.6,52.6,43.11898606388327,43.57866299301187,43.46223279235294,43.40837433043324,0.37887586666666667,0.4163814260597336,22.396031874789667,22.594587139013942,22.065956761415634,22.221960016181853,22.320005699932743,22.47888982709987,22.36470012330488,22.21873929507125,22.1122686032093,22.449475173926523,22.335467888743356,22.189667285886348,1.0,0.0,0.0,0.0,0.0,22.1122686032093,22.320005699932743,22.449475173926523,16.6359924685008,21.099340505812886,24.84466381903675,1.7208982650771557e-16,1.3979408607221832e-16,0.0,1.4401156548752657e-15,2.9609208972765174e-14,converged
2025-01-15T13:50:00+08:00,5.833333333333333,-7.75,127.5,3.9333333333333336,53.0,53.0,45.0,45.0,35.0,55.00000000000001,85.0,39.09261267987926,10.699692268858126,13.46013634510319,14.932784065917943,80.67682818283092,1.1527295308452399,52.86912060251993,52.6,52.6,43.30466612797644,43.57919053395507,43.4626824836593,43.459548588824156,0.3798958,0.4173999692413264,22.39891902381895,22.59882483622991,22.0673188832309,22.22411065180967,22.32144278869558,22.48166130150355,22.366597171174124,22.219589866442043,22.112590183783734,22.45224940461091,22.33736651108005,22.190518334490065,1.0,0.0,0.0,0.0,0.0,22.112590183783734,22.32144278869558,22.45224940461091,16.6359924685008,21.099340505812886,24.84466381903675,1.7208982650771557e-16,1.3945295927852292e-16,0.0,2.394828911510921e-15,3.159178613629951e-14,converged
2025-01-15T13:55:00+08:00,5.916666666666667,-7.833333333333333,128.33333333333334,3.9555555555555553,53.0,53.0,45.0,45.0,35.0,55.00000000000001,85.0,39.09261267987926,10.699692268858126,13.46013634510319,14.932784065917943,80.67682818283092,1.1527295308452399,53.0,52.91205275953497,52.61242689447707,43.395418708629535,43.79876151193832,43.4717708067384,43.56346064980613,0.38091573333333334,0.41939773999635993,22.40187256855704,22.60313513016525,22.068792009981728,22.22631517619783,22.323303696896744,22.48484241712711,22.368879052387353,22.220801033408236,22.11273423069851,22.454916402441597,22.339158900018703,22.191262263996933,1.0,0.0,0.0,0.0,0.0,22.11273423069851,22.323303696896744,22.454916402441597,16.6359924685008,21.099340505812886,24.84466381903675,1.7208982650771557e-16,5.55154740833583e-16,0.0,3.0637328370059893e-15,4.77580274034586e-14,converged
2025-01-15T14:00:00+08:00,6.0,-7.916666666666667,129.16666666666666,3.977777777777778,53.0,53.0,45.0,45.0,35.0,55.00000000000001,85.0,39.09261267987926,10.699692268858126,13.46013634510319,14.932784065917943,80.67682818283092,1.1527295308452399,53.0,53.0,53.0,43.396172447665165,43.861134233959525,43.743075923121644,43.68877718665157,0.3819356666666667,0.4217991868640448,22.404734912607058,22.607368685322825,22.07007574415463,22.22843849203662,22.325178388663208,22.488044756489817,22.371176845645607,22.222021513377165,22.113665219996808,22.458122011901633,22.341458665855807,22.192483521286782,1.0,0.0,0.0,0.0,0.0,22.113665219996808,22.325178388663208,22.458122011901633,16.6359924685008,21.099340505812886,24.84466381903675,1.7208982650771557e-16,1.3799851380991171e-16,0.0,6.89992569049558e-16,4.272616532589831e-14,converged
2025-01-15T14:05:00+08:00,6.083333333333333,-8.0,130.0,4.0,53.4,53.4,45.2,45.2,35.0,55.00000000000001,85.0,39.26635762512316,10.747246456719719,13.519959173303649,14.999151995099796,81.39554916081525,1.1681676690211493,53.0,53.0,53.0,43.43194733517024,43.89547542304053,43.777705901859946,43.72362109387265,0.38295559999999995,0.422088402697389,22.40753495423603,22.61155266352638,22.071226246882627,22.23050549275073,22.326948169941016,22.491155612354543,22.37338361912406,22.223149643449045,22.11444247387307,22.46123654873848,22.343667804959296,22.193612805066117,1.0,0.0,0.0,0.0,0.0,22.11444247387307,22.326948169941016,22.46123654873848,16.56238188235699,21.005980592070348,24.734731678244557,3.4114055395697004e-16,5.51615827788556e-16,0.0,1.9747870003837714e-15,3.896234816596088e-14,converged
2025-01-15T14:10:00+08:00,6.166666666666667,-8.083333333333332,128.19444444444446,4.006944444444445,53.4,53.4,45.2,45.2,35.0,55.00000000000001,85.0,39.26635762512316,10.747246456719719,13.519959173303649,14.999151995099796,81.39554916081525,1.1681676690211493,53.0,53.0,53.0,43.432612206222416,43.89603541733893,43.77819350180442,43.72418213951384,0.385076425,0.4220628743246343,22.410112441280354,22.615493769434345,22.072054717156607,22.232393699562397,22.32844060760413,22.493970177466203,22.37532835263072,22.224052474054858,22.11487607388029,22.46405479154059,22.34561490267081,22.1945167887297,1.0,0.0,0.0,0.0,0.0,22.11487607388029,22.32844060760413,22.46405479154059,16.56238188235699,21.005980592070348,24.734731678244557,3.4114055395697004e-16,1.379122980352362e-16,0.0,1.5782685683949962e-15,2.7369611276408176e-14,converged
2025-01-15T14:15:00+08:00,6.25,-8.166666666666668,126.38888888888889,4.013888888888889,53.4,53.4,45.2,45.2,35.0,55.00000000000001,85.0,39.26635762512316,10.747246456719719,13.519959173303649,14.999151995099796,81.39554916081525,1.1681676690211493,53.0,53.0,53.0,43.433197541564276,43.89651706442892,43.778596496421116,43.72466212214581,0.38719725,0.42204103443382135,22.412467975253286,22.619192624969493,22.072562761884285,22.23410352675594,22.329656806476088,22.496489570122257,22.377011985827068,22.224730774700355,22.114967931533073,22.466577857559827,22.347300897767862,22.19519624105737,1.0,0.0,0.0,0.0,0.0,22.114967931533073,22.329656806476088,22.466577857559827,16.56238188235699,21.005980592070348,24.734731678244557,3.4114055395697004e-16,4.137583042716767e-16,0.0,1.7684095759586843e-15,2.723329378475615e-14,converged
2025-01-15T14:20:00+08:00,6.333333333333333,-8.25,124.58333333333333,4.020833333333333,53.4,53.4,45.2,45.2,35.0,55.00000000000001,85.0,39.26635762512316,10.747246456719719,13.519959173303649,14.999151995099796,81.39554916081525,1.1681676690211493,53.27500944941144,53.0,53.0,43.6231137663369,43.89692065464714,43.77891524405619,43.77690312603124,0.389318075,0.42308890450160336,22.414933626211322,22.622963890205117,22.073384069946172,22.23591954269695,22.330597866979264,22.49871490439935,22.378435455004993,22.225185312263044,22.11471994771356,22.468806859835173,22.348726725664736,22.19565192820569,1.0,0.0,0.0,0.0,0.0,22.11471994771356,22.330597866979264,22.468806859835173,16.56238188235699,21.005980592070348,24.734731678244557,3.4114055395697004e-16,2.7515569561927297e-16,0.0,3.888357790736253e-15,5.1219665467874014e-14,converged
2025-01-15T14:25:00+08:00,6.416666666666667,-8.333333333333332,122.77777777777779,4.027777777777778,53.4,53.4,45.2,45.2,35.0,55.00000000000001,85.0,39.26635762512316,10.747246456719719,13.519959173303649,14.999151995099796,81.39554916081525,1.1681676690211493,53.4,53.31952155263437,53.02122146574044,43.70979299356767,44.1219257196571,43.794002897126774,43.88386299106889,0.3914389,0.425153405424193,22.41732807431389,22.626635886745607,22.074171552479896,22.23768634375294,22.331847045056932,22.50119885633312,22.380123720506255,22.225915958806524,22.114188710448154,22.470779515861963,22.34992809681949,22.19591773614797,1.0,0.0,0.0,0.0,0.0,22.114188710448154,22.331847045056932,22.470779515861963,16.56238188235699,21.005980592070348,24.734731678244557,3.4114055395697004e-16,5.476391360938646e-16,0.0,2.3357122288336497e-15,4.6257202029833756e-14,converged
2025-01-15T14:30:00+08:00,6.5,-8.416666666666668,120.97222222222221,4.034722222222222,53.4,53.4,45.2,45.2,35.0,55.00000000000001,85.0,39.26635762512316,10.747246456719719,13.519959173303649,14.999151995099796,81.39554916081525,1.1681676690211493,53.4,53.4,53.4,43.71033757901579,44.17894434689011,44.05937863981888,44.00501386154697,0.393559725,0.4274852000627527,22.41950106405673,22.630066322021282,22.074638813991783,22.239275046500737,22.332967290608778,22.50352754510936,22.381683556164095,22.226548159726867,22.114294670463373,22.473112372816907,22.351490678309403,22.196551378060782,1.0,0.0,0.0,0.0,0.0,22.114294670463373,22.332967290608778,22.473112372816907,16.56238188235699,21.005980592070348,24.734731678244557,3.4114055395697004e-16,0.0,0.0,0.0,2.9663268270299657e-14,converged
2025-01-15T14:35:00+08:00,6.583333333333333,-8.5,119.16666666666667,4.041666666666667,53.8,53.8,45.4,45.4,35.0,55.00000000000001,85.0,39.44010257036707,10.794800644581308,13.579782001504107,15.065519924281654,82.1174573715179,1.1837430341924016,53.4,53.4,53.4,43.7460522567183,44.213228263229645,44.09394701125171,44.03979803641204,0.39568054999999996,0.42778699495718164,22.42148198204001,22.633282903499403,22.07484294190648,22.240710887649602,22.333854148490573,22.50560187463374,22.383020852109865,22.226992345553874,22.114120204087072,22.47519127711523,22.352831110069523,22.19699737931577,1.0,0.0,0.0,0.0,0.0,22.114120204087072,22.333854148490573,22.47519127711523,16.489419847632952,20.91344323263392,24.62576810256947,1.6907076533511424e-16,9.524684742579775e-16,0.0,1.3049052697101867e-15,4.277379183024025e-14,converged
2025-01-15T14:40:00+08:00,6.666666666666667,-8.583333333333332,117.36111111111111,4.048611111111111,53.8,53.8,45.4,45.4,35.0,55.00000000000001,85.0,39.44010257036707,10.794800644581308,13.579782001504107,15.065519924281654,82.1174573715179,1.1837430341924016,53.4,53.4,53.4,43.746449261262775,44.21353136499858,44.09416936671427,44.04009599561459,0.397801375,0.42777337740145205,22.423242557600933,22.63625908716745,22.0747297595968,22.24196939628607,22.33446717896502,22.507383823159447,22.384099224536648,22.22721356753277,22.11360737827344,22.476977790032482,22.353912611163498,22.197220411598877,1.0,0.0,0.0,0.0,0.0,22.11360737827344,22.33446717896502,22.476977790032482,16.489419847632952,20.91344323263392,24.62576810256947,1.6907076533511424e-16,5.442850255624143e-16,0.0,1.8677026844537575e-15,2.55210287628913e-14,converged
2025-01-15T14:45:00+08:00,6.75,-8.666666666666668,115.55555555555554,4.055555555555555,53.8,53.8,45.4,45.4,35.0,55.00000000000001,85.0,39.44010257036707,10.794800644581308,13.579782001504107,15.065519924281654,82.1174573715179,1.1837430341924016,53.4,53.4,53.4,43.74676797309684,44.21375735268132,44.09430852525678,44.04031419459006,0.3999222,0.42776340510765093,22.424783386478268,22.638995488823156,22.07430085096771,22.243050983449372,22.334807473212432,22.508874494595442,22.38491960224029,22.22721258744617,22.112758075729367,22.478473014476336,22.3547361095373,22.197221235992075,1.0,0.0,0.0,0.0,0.0,22.112758075729367,22.334807473212432,22.478473014476336,16.489419847632952,20.91344323263392,24.62576810256947,1.6907076533511424e-16,8.16446571424017e-16,0.0,2.1287392973890184e-15,3.757911599629608e-14,converged
2025-01-15T14:50:00+08:00,6.833333333333333,-8.75,113.75,4.0625,53.8,53.8,45.4,45.4,35.0,55.00000000000001,85.0,39.44010257036707,10.794800644581308,13.579782001504107,15.065519924281654,82.1174573715179,1.1837430341924016,53.68084641218936,53.4,53.4,43.94075797369655,44.213906512125405,44.094364839242544,44.09348234576267,0.402043025,0.42884655254029946,22.42644382257949,22.641813669053555,22.07420377177325,22.24424646416724,22.33487611806485,22.510074988682792,22.385482910684924,22.226990164473964,22.111574168685944,22.47967804919426,22.355302529811357,22.197000610979458,1.0,0.0,0.0,0.0,0.0,22.111574168685944,22.33487611806485,22.47967804919426,16.489419847632952,20.91344323263392,24.62576810256947,1.6907076533511424e-16,4.071922269306166e-16,0.0,8.733814543688505e-16,3.1428804485481087e-14,converged
2025-01-15T14:55:00+08:00,6.916666666666667,-8.833333333333332,111.94444444444444,4.069444444444445,53.8,53.8,45.4,45.4,35.0,55.00000000000001,85.0,39.44010257036707,10.794800644581308,13.579782001504107,15.065519924281654,82.1174573715179,1.1837430341924016,53.8,53.72692454138928,53.42993855179444,44.02328919005302,44.44422236715809,44.115325647199334,44.2033789311614,0.40416385,0.43098163320965277,22.42802831256245,22.644528464117787,22.07406426813753,22.245388235564175,22.335270257159134,22.511551138979158,22.38632661453307,22.22705808379485,22.11013473709644,22.480645671158026,22.355661891890026,22.19660605332437,1.0,0.0,0.0,0.0,0.0,22.11013473709644,22.335270257159134,22.480645671158026,16.489419847632952,20.91344323263392,24.62576810256947,1.6907076533511424e-16,6.75291664751199e-16,0.0,2.0819638365257794e-15,5.177453486502332e-14,converged
2025-01-15T15:00:00+08:00,7.0,-8.916666666666668,110.13888888888889,4.076388888888889,53.8,53.8,45.4,45.4,35.0,55.00000000000001,85.0,39.44010257036707,10.794800644581308,13.579782001504107,15.065519924281654,82.1174573715179,1.1837430341924016,53.8,53.8,53.8,44.02357027809954,44.495864837815084,44.37475253490506,44.320334223566185,0.406284675,0.433246820044531,22.429393531943575,22.64700414673697,22.07360916956953,22.24635335607332,22.335525500434837,22.512863160629756,22.387032880203382,22.227018356609346,22.109315796756217,22.481962718108782,22.356371644063504,22.196568405838764,1.0,0.0,0.0,0.0,0.0,22.109315796756217,22.335525500434837,22.481962718108782,16.489419847632952,20.91344323263392,24.62576810256947,1.6907076533511424e-16,6.717609711190098e-16,0.0,0.0,4.043119207158298e-14,converged
2025-01-15T15:05:00+08:00,7.083333333333333,-9.0,108.33333333333333,4.083333333333333,54.2,54.2,45.6,45.6,35.0,55.00000000000001,85.0,39.61384751561098,10.8423548324429,13.639604829704565,15.131887853463514,82.84255281493891,1.1994562335580918,53.8,53.8,53.8,44.05921394451802,44.53008153194494,44.40925016968129,44.35504879668232,0.4084055,0.4335618555824565,22.430568999319124,22.649268544131264,22.07289581801108,22.24716717828977,22.335551005489528,22.51392484516696,22.387519846908607,22.226793085500837,22.10822187926587,22.483029830245858,22.356862484169394,22.196345586897518,1.0,0.0,0.0,0.0,0.0,22.10822187926587,22.335551005489528,22.483029830245858,16.417097830757367,20.82171760442061,24.51776034773364,1.6759094080780817e-16,1.342545709775828e-16,0.0,2.793345939424075e-15,3.6014871291282304e-14,converged
2025-01-15T15:10:00+08:00,7.166666666666667,-9.083333333333332,106.52777777777779,4.090277777777778,54.2,54.2,45.6,45.6,35.0,55.00000000000001,85.0,39.61384751561098,10.8423548324429,13.639604829704565,15.131887853463514,82.84255281493891,1.1994562335580918,53.8,53.8,53.8,44.05935086471423,44.53013540707249,44.409215922004044,44.35509173976653,0.41052632499999997,0.4335598843194111,22.43152630098214,22.65129498093508,22.071869737503633,22.247805109198456,22.335306115704142,22.514697970883297,22.387750939921123,22.226347138204105,22.106794720746958,22.483808366341282,22.357097437908113,22.1959020823155,1.0,0.0,0.0,0.0,0.0,22.106794720746958,22.335306115704142,22.483808366341282,16.417097830757367,20.82171760442061,24.51776034773364,1.6759094080780817e-16,4.0276554417510274e-16,0.0,1.110903230824174e-15,3.512492504609791e-14,converged
2025-01-15T15:15:00+08:00,7.25,-9.166666666666668,104.72222222222221,4.097222222222222,54.2,54.2,45.6,45.6,35.0,55.00000000000001,85.0,39.61384751561098,10.8423548324429,13.639604829704565,15.131887853463514,82.84255281493891,1.1994562335580918,53.8,53.8,53.8,44.059410703521415,44.53011337132167,44.40909984707224,44.355056191636464,0.41264715,0.43356151612384286,22.432266026987126,22.653084066910644,22.070532489632296,22.248267556636915,22.33479190893703,22.51518362761732,22.3877270774004,22.225681268935258,22.10503617605344,22.48429941527521,22.357077422622314,22.19523864563274,1.0,0.0,0.0,0.0,0.0,22.10503617605344,22.33479190893703,22.48429941527521,16.417097830757367,20.82171760442061,24.51776034773364,1.6759094080780817e-16,1.342546760927022e-16,0.0,7.244994910265235e-16,3.033694357130916e-14,converged
2025-01-15T15:20:00+08:00,7.333333333333333,-9.25,102.91666666666667,4.104166666666667,54.2,54.2,45.6,45.6,35.0,55.00000000000001,85.0,39.61384751561098,10.8423548324429,13.639604829704565,15.131887853463514,82.84255281493891,1.1994562335580918,54.086632173539414,53.8,53.8,44.25745774305767,44.53001570615875,44.40890229143608,44.409152799429066,0.41476797499999996,0.4346795074856225,22.433134761934088,22.654964212811358,22.069545395783905,22.248851536719425,22.334009458749946,22.515382901091446,22.387449174211234,22.224796229332675,22.10294808971495,22.484504061819145,22.356803352366015,22.19435602781628,1.0,0.0,0.0,0.0,0.0,22.10294808971495,22.334009458749946,22.484504061819145,16.417097830757367,20.82171760442061,24.51776034773364,1.6759094080780817e-16,1.339093744036063e-16,0.0,1.0239507527078902e-15,4.4011011941565035e-14,converged
2025-01-15T15:25:00+08:00,7.416666666666667,-9.333333333333332,101.11111111111111,4.111111111111111,54.2,54.2,45.6,45.6,35.0,55.00000000000001,85.0,39.61384751561098,10.8423548324429,13.639604829704565,15.131887853463514,82.84255281493891,1.1994562335580918,54.2,54.134262591646355,53.83857917218131,44.33586981469322,44.76561768959077,44.43571008563088,44.52197551851789,0.4168888,0.4368844713515756,22.43392282282917,22.65673686791394,22.068507236586825,22.249377336245733,22.333569693712803,22.51587468508113,22.387467106854718,22.224215629575795,22.10063186717425,22.484490031285578,22.356339450895895,22.193315275841947,1.0,0.0,0.0,0.0,0.0,22.10063186717425,22.333569693712803,22.484490031285578,16.417097830757367,20.82171760442061,24.51776034773364,1.6759094080780817e-16,2.6646706271519436e-16,0.0,3.8548939000126785e-15,5.397684121398064e-14,converged
2025-01-15T15:30:00+08:00,7.5,-9.416666666666668,99.30555555555554,4.118055555555555,54.2,54.2,45.6,45.6,35.0,55.00000000000001,85.0,39.61384751561098,10.8423548324429,13.639604829704565,15.131887853463514,82.84255281493891,1.1994562335580918,54.2,54.2,54.2,44.335895064571154,44.81192057594908,44.689228050065736,44.63476517484814,0.419009625,0.4390833653452903,22.43449376579754,22.658272822491305,22.067157970339753,22.249727912299814,22.33298108652038,22.516193482663105,22.387338616561326,22.223518220092846,22.09891941994335,22.484814671620967,22.356215156169366,22.192620560509834,1.0,0.0,0.0,0.0,0.0,22.09891941994335,22.33298108652038,22.484814671620967,16.417097830757367,20.82171760442061,24.51776034773364,1.6759094080780817e-16,6.62831543022514e-16,0.0,0.0,2.6691665240142223e-14,converged
2025-01-15T15:35:00+08:00,7.583333333333333,-9.5,97.5,4.125,54.6,54.6,45.8,45.8,35.0,55.00000000000001,85.0,39.78759246085489,10.889909020304493,13.699427657905026,15.198255782645372,83.57083549107824,1.215307874317313,54.2,54.2,54.2,44.37147722227609,44.84607935772129,44.72366527640234,44.66941989781458,0.42113045,0.43941139901985576,22.434877242913082,22.65960002576101,22.065555197667454,22.249928733726748,22.332166310785336,22.51626588265778,22.38699400458608,22.222637691332757,22.09693727716051,22.48489331264702,22.355875123775572,22.1917430965373,1.0,0.0,0.0,0.0,0.0,22.09693727716051,22.332166310785336,22.48489331264702,16.345407447216942,20.730793073396935,24.410695892066677,5.5376820089580677e-17,9.272714073943724e-16,1.1693371763212338e-16,1.0249986019442224e-15,2.5394905613902468e-14,converged
2025-01-15T15:40:00+08:00,7.666666666666667,-9.583333333333332,95.69444444444444,4.131944444444445,54.6,54.6,45.8,45.8,35.0,55.00000000000001,85.0,39.78759246085489,10.889909020304493,13.699427657905026,15.198255782645372,83.57083549107824,1.215307874317313,54.2,54.2,54.2,44.37136162156519,44.845891464099665,44.723382803988436,44.6692156631827,0.423251275,0.439420815343349,22.435044696093772,22.660691668905404,22.06364414035883,22.24995508511611,22.331084491013392,22.516053460281555,22.386396503453646,22.221538727004127,22.09462684132167,22.484687107496597,22.35528218421615,22.190647183355825,1.0,0.0,0.0,0.0,0.0,22.09462684132167,22.331084491013392,22.484687107496597,16.345407447216942,20.730793073396935,24.410695892066677,5.5376820089580677e-17,3.973935158350602e-16,1.1693371763212338e-16,5.4109278487868536e-15,2.6418372758227574e-14,converged
2025-01-15T15:45:00+08:00,7.75,-9.666666666666668,93.88888888888889,4.138888888888889,54.6,54.6,45.8,45.8,35.0,55.00000000000001,85.0,39.78759246085489,10.889909020304493,13.699427657905026,15.198255782645372,83.57083549107824,1.215307874317313,54.2,54.2,54.2,44.371170120005885,44.845628833655155,44.72301983639866,44.6689341735295,0.4253721,0.4394337935420521,22.434996709798828,22.661548355739587,22.06142633834306,22.24980737114666,22.329736692055196,22.515557291614154,22.385547020911897,22.220222073910293,22.091989940352786,22.484197131332568,22.35443724445424,22.189333567116545,1.0,0.0,0.0,0.0,0.0,22.091989940352786,22.329736692055196,22.484197131332568,16.345407447216942,20.730793073396935,24.410695892066677,5.5376820089580677e-17,5.298423723335894e-16,1.1693371763212338e-16,4.878436902247141e-15,2.878100723653192e-14,converged
2025-01-15T15:50:00+08:00,7.833333333333333,-9.75,92.08333333333333,4.145833333333333,54.6,54.6,45.8,45.8,35.0,55.00000000000001,85.0,39.78759246085489,10.889909020304493,13.699427657905026,15.198255782645372,83.57083549107824,1.215307874317313,54.492367404222655,54.2,54.2,44.57325741937797,44.84529174357787,44.7225767145346,44.72396036507185,0.42749292499999997,0.44058620300693574,22.435087046735173,22.66250529737842,22.059576778484594,22.249788763934525,22.328123974515247,22.5147784486698,22.384446461450334,22.218688476301367,22.089028392001968,22.483424455259556,22.353341208200472,22.187802991421993,1.0,0.0,0.0,0.0,0.0,22.089028392001968,22.328123974515247,22.483424455259556,16.345407447216942,20.730793073396935,24.410695892066677,5.5376820089580677e-17,7.926847529433567e-16,1.1693371763212338e-16,1.6378692088740258e-15,6.856307232083016e-14,converged
2025-01-15T15:55:00+08:00,7.916666666666667,-9.833333333333332,90.27777777777779,4.152777777777778,54.6,54.6,45.8,45.8,35.0,55.00000000000001,85.0,39.78759246085489,10.889909020304493,13.699427657905026,15.198255782645372,83.57083549107824,1.215307874317313,54.6,54.54153655412824,54.24714432863466,44.6475788563611,45.08615523070209,44.755205314759046,44.83969854201395,0.42961375,0.44286036402471357,22.435091996989406,22.663350653420782,22.057667473264534,22.249707527917,22.32687095025936,22.51430878920085,22.383657021937477,22.21747328220665,22.085865762574485,22.4824516430066,22.35207239862125,22.186129933979654,1.0,0.0,0.0,0.0,0.0,22.085865762574485,22.32687095025936,22.4824516430066,16.345407447216942,20.730793073396935,24.410695892066677,5.5376820089580677e-17,2.6287139532866013e-16,1.1693371763212338e-16,1.4794355140258572e-15,3.3380175988337706e-14,converged
2025-01-15T16:00:00+08:00,8.0,-9.916666666666668,88.47222222222221,4.159722222222222,54.6,54.6,45.8,45.8,35.0,55.00000000000001,85.0,39.78759246085489,10.889909020304493,13.699427657905026,15.198255782645372,83.57083549107824,1.215307874317313,54.6,54.6,54.6,44.64735571213481,45.12715469200781,45.0028538163137,44.94835212312513,0.431734575,0.4449932796275539,22.43488194742453,22.66396168446466,22.055451414585377,22.24945247608688,22.32545915522955,22.513657294083664,22.3827121986468,22.2161321528081,22.083290186297564,22.48180676996599,22.35113244951972,22.18479208976688,1.0,0.0,0.0,0.0,0.0,22.083290186297564,22.32545915522955,22.48180676996599,16.345407447216942,20.730793073396935,24.410695892066677,5.5376820089580677e-17,5.232228312498155e-16,1.1693371763212338e-16,5.232228312498152e-16,3.691889861640593e-14,converged
2025-01-15T16:05:00+08:00,8.083333333333334,-10.0,86.66666666666666,4.166666666666667,55.0,55.0,46.0,46.0,35.0,55.00000000000001,85.0,39.9613374060988,10.937463208166086,13.759250486105485,15.264623711827229,84.30230539993588,1.2312985636691602,54.6,54.6,54.6,44.68288547285118,45.1612644917235,45.03724050958472,44.98295633690238,0.4338554,0.44533407291516397,22.434486684955292,22.664366463830742,22.05298646550979,22.24904919384306,22.32382468317267,22.512763259843474,22.381554368614108,22.21461028303236,22.08045003340925,22.480919752322023,22.349979875002216,22.18327387411541,1.0,0.0,0.0,0.0,0.0,22.08045003340925,22.32382468317267,22.480919752322023,16.274340458315997,20.640659190469126,24.30456243166639,1.0979265868875992e-16,3.92116825010306e-16,1.1642531016415762e-16,2.1881670014190037e-15,2.5504660696999286e-14,converged
2025-01-15T16:10:00+08:00,8.166666666666666,-10.083333333333334,84.8611111111111,4.173611111111111,55.0,55.0,46.0,46.0,35.0,55.00000000000001,85.0,39.9613374060988,10.937463208166086,13.759250486105485,15.264623711827229,84.30230539993588,1.2312985636691602,54.6,54.6,54.6,44.68252470231904,45.16084208479309,45.036717935967665,44.982512537771484,0.43597622500000005,0.44535462381224267,22.433877505910523,22.664538047287873,22.050217543031508,22.248472843145905,22.321926437954545,22.51158805576696,22.380146569980038,22.212872172169337,22.07728637041714,22.479751534696497,22.348577308728085,22.181539399685075,1.0,0.0,0.0,0.0,0.0,22.07728637041714,22.321926437954545,22.479751534696497,16.274340458315997,20.640659190469126,24.30456243166639,1.0979265868875992e-16,0.0,1.1642531016415762e-16,1.8116278993741795e-15,3.368614713070184e-14,converged
2025-01-15T16:15:00+08:00,8.25,-10.166666666666666,83.05555555555557,4.180555555555555,55.0,55.0,46.0,46.0,35.0,55.00000000000001,85.0,39.9613374060988,10.937463208166086,13.759250486105485,15.264623711827229,84.30230539993588,1.2312985636691602,54.6,54.6,54.6,44.68208918156961,45.1603460866854,45.03611616278649,44.981992687914186,0.43809704999999993,0.44537869637158284,22.433054989241874,22.66447703279126,22.04714616606924,22.247723825557795,22.319765471725496,22.51013274448021,22.378489700301294,22.210918559760493,22.073800999215198,22.47830317883886,22.346925647500424,22.179589405388345,1.0,0.0,0.0,0.0,0.0,22.073800999215198,22.319765471725496,22.47830317883886,16.274340458315997,20.640659190469126,24.30456243166639,1.0979265868875992e-16,6.534625632936012e-16,1.1642531016415762e-16,2.2350093462945027e-15,3.731677701268218e-14,converged
2025-01-15T16:20:00+08:00,8.333333333333334,-10.25,81.25,4.1875,55.0,55.0,46.0,46.0,35.0,55.00000000000001,85.0,39.9613374060988,10.937463208166086,13.759250486105485,15.264623711827229,84.30230539993588,1.2312985636691602,54.89805276333472,54.6,54.6,44.88819992477674,45.159776770416904,45.03543552545355,45.037949414537124,0.440217875,0.4465651055734331,22.432380023742365,22.66452538254713,22.044460887880213,22.247111424596028,22.31734283243899,22.508398384593317,22.376584653911742,22.208750182818065,22.069995711661146,22.47657574248963,22.345025784905193,22.17742462761297,1.0,0.0,0.0,0.0,0.0,22.069995711661146,22.31734283243899,22.47657574248963,16.274340458315997,20.640659190469126,24.30456243166639,1.0979265868875992e-16,2.6069059219807645e-16,1.1642531016415762e-16,2.5906125145340708e-15,4.2755876794060966e-14,converged
2025-01-15T16:25:00+08:00,8.416666666666666,-10.333333333333334,79.44444444444443,4.194444444444445,55.0,55.0,46.0,46.0,35.0,55.00000000000001,85.0,39.9613374060988,10.937463208166086,13.759250486105485,15.264623711827229,84.30230539993588,1.2312985636691602,55.0,54.94874726476246,54.6556350054667,44.958458887897706,45.405877177261694,45.0738587465127,45.156592290018814,0.4423387000000001,0.44890778801202263,22.4316149742092,22.66445806273773,22.04170714800843,22.24643196935518,22.315296714726767,22.506989702642763,22.37500585757275,22.206914041020067,22.066016072080497,22.474666519064442,22.34297004021078,22.175132876398283,1.0,0.0,0.0,0.0,0.0,22.066016072080497,22.315296714726767,22.474666519064442,16.274340458315997,20.640659190469126,24.30456243166639,1.0979265868875992e-16,6.483253628906578e-16,1.1642531016415762e-16,9.33805044911465e-16,3.393463954062201e-14,converged
2025-01-15T16:30:00+08:00,8.5,-10.416666666666666,77.6388888888889,4.201388888888888,55.0,55.0,46.0,46.0,35.0,55.00000000000001,85.0,39.9613374060988,10.937463208166086,13.759250486105485,15.264623711827229,84.30230539993588,1.2312985636691602,55.0,55.0,55.0,44.95799458472035,45.44160896637738,45.315676783080335,45.26113898299661,0.44445952499999997,0.4509750391275533,22.430637008905755,22.664158757564465,22.038650877787,22.245580086451874,22.31308191607877,22.505390345098867,22.373262740865396,22.204942875958103,22.06260676081807,22.473074526275955,22.34123244700137,22.1731655649553,1.0,0.0,0.0,0.0,0.0,22.06260676081807,22.31308191607877,22.473074526275955,16.274340458315997,20.640659190469126,24.30456243166639,1.0979265868875992e-16,2.581413863883673e-16,1.1642531016415762e-16,2.581413863883673e-16,2.6919539863544356e-14,converged
2025-01-15T16:35:00+08:00,8.583333333333334,-10.5,75.83333333333333,4.208333333333333,55.3,55.3,46.2,46.2,35.0,55.00000000000001,85.0,40.13508235134271,10.985017396027677,13.819073314305943,15.330991641009087,85.0369625415119,1.2474289088127282,55.0,55.0,55.0,44.99348068304983,45.475678347584946,45.350022382518034,45.29570163244849,0.44658034999999996,0.4513283574428732,22.429476050837078,22.66365566642312,22.035350206080786,22.24458147808463,22.31064785533603,22.50355222736062,22.37130967111677,22.20279330444127,22.05893783407053,22.471244164307834,22.339285279575286,22.171020214425234,1.0,0.0,0.0,0.0,0.0,22.05893783407053,22.31064785533603,22.471244164307834,16.203888768020256,20.55130568748008,24.19934787568515,1.0884413044424579e-16,3.8690895411442233e-16,0.0,8.288022352765003e-16,3.5155008048378783e-14,converged
2025-01-15T16:40:00+08:00,8.666666666666666,-10.583333333333334,74.02777777777776,4.215277777777778,55.3,55.3,46.2,46.2,35.0,55.00000000000001,85.0,40.13508235134271,10.985017396027677,13.819073314305943,15.330991641009087,85.0369625415119,1.2474289088127282,55.0,55.0,55.0,44.992881887598784,45.475028485730924,45.34926758417825,45.29502566338353,0.44870117500000006,0.4513597954712825,22.42810324964108,22.66292170784014,22.031749742904946,22.243411183408284,22.307953214178063,22.501436510182007,22.369109490629594,22.200429641065934,22.054950020401016,22.469136166651374,22.337090973289794,22.16866075042643,1.0,0.0,0.0,0.0,0.0,22.054950020401016,22.307953214178063,22.469136166651374,16.203888768020256,20.55130568748008,24.19934787568515,1.0884413044424579e-16,1.2896066840133712e-16,0.0,2.458874453394302e-15,2.743599899982117e-14,converged
2025-01-15T16:45:00+08:00,8.75,-10.666666666666666,72.22222222222223,4.222222222222222,55.3,55.3,46.2,46.2,35.0,55.00000000000001,85.0,40.13508235134271,10.985017396027677,13.819073314305943,15.330991641009087,85.0369625415119,1.2474289088127282,55.0,55.0,55.0,44.99220946349745,45.47430615065896,45.34843484650443,45.29427481688419,0.45082199999999994,0.45139471590596,22.426519178848384,22.66195747399697,22.0278509867952,22.242069600910764,22.304999032355536,22.499044243034387,22.36666308698554,22.197852618259777,22.050645096539416,22.46675158194024,22.334650415003146,22.16608790478013,1.0,0.0,0.0,0.0,0.0,22.050645096539416,22.304999032355536,22.46675158194024,16.203888768020256,20.55130568748008,24.19934787568515,1.0884413044424579e-16,5.158027673996426e-16,0.0,1.5791903559044764e-15,3.4428421035246045e-14,converged
2025-01-15T16:50:00+08:00,8.833333333333334,-10.75,70.41666666666666,4.229166666666667,55.3,55.3,46.2,46.2,35.0,55.00000000000001,85.0,40.13508235134271,10.985017396027677,13.819073314305943,15.330991641009087,85.0369625415119,1.2474289088127282,55.22776667391879,55.0,55.0,45.1496110234004,45.47351161131179,45.34752449957444,45.33673449194139,0.452942825,0.4523193116138724,22.424999954014762,22.661024610975286,22.02418082672831,22.240793343079048,22.30178634547036,22.49637647142156,22.363971344578225,22.195062965944768,22.046024829316284,22.4640914548474,22.331964488391094,22.163302406806277,1.0,0.0,0.0,0.0,0.0,22.046024829316284,22.30178634547036,22.4640914548474,16.203888768020256,20.55130568748008,24.19934787568515,1.0884413044424579e-16,2.57374201891946e-16,0.0,2.5241255763871404e-15,4.6998667232075616e-14,converged
2025-01-15T16:55:00+08:00,8.916666666666666,-10.833333333333334,68.6111111111111,4.236111111111111,55.3,55.3,46.2,46.2,35.0,55.00000000000001,85.0,40.13508235134271,10.985017396027677,13.819073314305943,15.330991641009087,85.0369625415119,1.2474289088127282,55.3,55.26692165875119,55.04803912745889,45.19907453928653,45.66177958263708,45.38042133619301,45.42766211422022,0.4550636500000001,0.4541376763806945,22.423357122786147,22.659944667060536,22.020378928384105,22.239420868954912,22.2988041698593,22.493896581602026,22.36147440908336,22.192479790523375,22.041215208925482,22.461239982216767,22.329113073465823,22.160380221989385,1.0,0.0,0.0,0.0,0.0,22.041215208925482,22.2988041698593,22.461239982216767,16.203888768020256,20.55130568748008,24.19934787568515,1.0884413044424579e-16,1.2817183849919798e-16,0.0,2.7494203825919086e-15,4.3205869795749414e-14,converged
2025-01-15T17:00:00+08:00,9.0,-10.916666666666666,66.80555555555557,4.243055555555555,55.3,55.3,46.2,46.2,35.0,55.00000000000001,85.0,40.13508235134271,10.985017396027677,13.819073314305943,15.330991641009087,85.0369625415119,1.2474289088127282,55.3,55.3,55.3,45.198327800203224,45.68441964881224,45.55717477761583,45.50277015309452,0.457184475,0.45565042281462714,22.421503753022982,22.658635335347647,22.016279743998542,22.23787757627282,22.29562395374482,22.49119870634009,22.358786654425018,22.189735765590033,22.036742831906743,22.458550052678934,22.32643136588054,22.157640523964275,1.0,0.0,0.0,0.0,0.0,22.036742831906743,22.29562395374482,22.458550052678934,16.203888768020256,20.55130568748008,24.19934787568515,1.0884413044424579e-16,6.3873155821857e-16,0.0,0.0,2.873523357913893e-14,converged
2025-01-15T17:05:00+08:00,9.083333333333334,-11.0,65.0,4.25,55.6,55.6,46.4,46.4,35.0,55.00000000000001,85.0,40.308827296586614,11.032571583889267,13.878896142506399,15.397359570190943,85.7748069158062,1.2636995169471108,55.3,55.3,55.3,45.23362171872952,45.7183027736083,45.591326787130654,45.53714212360597,0.45930529999999997,0.4560174406195677,22.41946981500909,22.657124857995516,22.01194149631427,22.236189207262765,22.292228414620254,22.48826630340996,22.3558924145075,22.18681604898125,22.032016901477544,22.45562598177111,22.323543548088306,22.15472549874963,1.0,0.0,0.0,0.0,0.0,22.032016901477544,22.292228414620254,22.45562598177111,16.13404441988224,20.46272247330991,24.095040341738233,1.0790784119789316e-16,2.5528699443768476e-16,0.0,3.5293861961250587e-15,2.810065664348408e-14,converged
2025-01-15T17:10:00+08:00,9.166666666666666,-11.083333333333334,63.19444444444443,4.256944444444445,55.6,55.6,46.4,46.4,35.0,55.00000000000001,85.0,40.308827296586614,11.032571583889267,13.878896142506399,15.397359570190943,85.7748069158062,1.2636995169471108,55.3,55.3,55.3,45.23274404810539,45.717383550025076,45.590292189727144,45.53619020206826,0.4614261250000001,0.4560619043236176,22.41722639923076,22.65538609855198,22.00730865122718,22.234330754253676,22.288576136021906,22.485060441736103,22.352754447860015,22.183684878573175,22.026977982325334,22.452428409879204,22.320411970466576,22.151598994097494,1.0,0.0,0.0,0.0,0.0,22.026977982325334,22.288576136021906,22.452428409879204,16.13404441988224,20.46272247330991,24.095040341738233,1.0790784119789316e-16,2.5526210526088473e-16,0.0,3.602574280568861e-15,2.5537030405096703e-14,converged
2025-01-15T17:15:00+08:00,9.25,-11.166666666666666,61.3888888888889,4.263888888888888,55.6,55.6,46.4,46.4,35.0,55.00000000000001,85.0,40.308827296586614,11.032571583889267,13.878896142506399,15.397359570190943,85.7748069158062,1.2636995169471108,55.3,55.3,55.3,45.23179402969032,45.716393125056825,45.58918111705943,45.53516475083123,0.46354694999999996,0.4561098025573639,22.414774073001833,22.653419642760134,22.00238268181085,22.232302612144718,22.284668142702788,22.481582155467127,22.349373630189962,22.180342978000283,22.021627818888234,22.448958370354582,22.317037508031245,22.148261733060334,1.0,0.0,0.0,0.0,0.0,22.021627818888234,22.284668142702788,22.448958370354582,16.13404441988224,20.46272247330991,24.095040341738233,1.0790784119789316e-16,8.933235464568366e-16,0.0,2.414368758274432e-15,2.819197929956326e-14,converged
2025-01-15T17:20:00+08:00,9.333333333333334,-11.25,59.58333333333333,4.270833333333333,55.6,55.6,46.4,46.4,35.0,55.00000000000001,85.0,40.308827296586614,11.032571583889267,13.878896142506399,15.397359570190943,85.7748069158062,1.2636995169471108,55.53195733480706,55.3,55.3,45.392083235485735,45.71533176299698,45.587993892942684,45.5782171441415,0.465667775,0.45706429049216835,22.412394217449254,22.651492125129526,21.99770049499328,22.230345909830337,22.280505455325706,22.477832474840774,22.345750834058332,22.176791068420638,22.015968145881754,22.445216892644364,22.31342103265719,22.14471443621849,1.0,0.08333333333333333,0.0,0.0,0.0,22.015968145881754,22.280505455325706,22.445216892644364,16.13404441988224,20.46272247330991,24.095040341738233,1.0790784119789316e-16,5.094045815811969e-16,0.0,2.475256029959992e-15,3.624596549291038e-14,converged
2025-01-15T17:25:00+08:00,9.416666666666666,-11.333333333333334,57.777777777777764,4.277777777777778,55.6,55.6,46.4,46.4,35.0,55.00000000000001,85.0,40.308827296586614,11.032571583889267,13.878896142506399,15.397359570190943,85.7748069158062,1.2636995169471108,55.6,55.5722366516014,55.3542975794957,45.43843718311545,45.907388086022,45.6250876934409,45.67120123327698,0.46778860000000005,0.45893804001992744,22.40988808406059,22.64941533881019,21.99288210431867,22.22829028198558,22.276587123078926,22.474284291593868,22.342335239528484,22.173456864224843,22.010141197797193,22.441299054776607,22.3096527644667,22.14104291955689,1.0,0.08333333333333333,0.0,0.0,0.0,22.010141197797193,22.276587123078926,22.441299054776607,16.13404441988224,20.46272247330991,24.095040341738233,1.0790784119789316e-16,7.609871813320158e-16,0.0,1.719881687794362e-15,3.199623508087737e-14,converged
2025-01-15T17:30:00+08:00,9.5,-11.416666666666666,55.97222222222223,4.284722222222222,55.6,55.6,46.4,46.4,35.0,55.00000000000001,85.0,40.308827296586614,11.032571583889267,13.878896142506399,15.397359570190943,85.7748069158062,1.2636995169471108,55.6,55.6,55.6,45.43741624293884,45.92602801639422,45.79741657411213,45.7431668050074,0.46990942499999994,0.4604069733579629,22.407173751720894,22.64711172347694,21.987771517097286,22.226065422839316,22.27246482711133,22.470513009187314,22.338723429057477,22.16995609613965,22.00464144411202,22.437536263610244,22.306047495405966,22.137546928239278,1.0,0.08333333333333333,0.0,0.0,0.0,22.00464144411202,22.27246482711133,22.437536263610244,16.13404441988224,20.46272247330991,24.095040341738233,1.0790784119789316e-16,1.2642654060804462e-16,0.0,8.849857842563115e-16,3.365165597313594e-14,converged
2025-01-15T17:35:00+08:00,9.583333333333334,-11.5,54.166666666666664,4.291666666666667,55.9,55.9,46.6,46.6,35.0,55.00000000000001,85.0,40.48257224183052,11.08012577175086,13.93871897070686,15.463727499372801,86.51583852281891,1.2801109952714036,55.6,55.6,55.6,45.47252993870794,45.95973666108585,45.83138804015639,45.777360407530146,0.47203025,0.46078743846681314,22.40428124102568,22.64460956763093,21.982427057590193,22.223697116422592,22.268131061216447,22.466511344770865,22.334908533467136,22.166282300537024,21.998894011487376,22.43354347230417,22.302239512729717,22.1338782711738,1.0,0.16666666666666666,0.0,0.0,0.0,21.998894011487376,22.268131061216447,22.43354347230417,16.064799594045834,20.37489963007682,23.99162815143034,1.0698358128967932e-16,0.0,1.1492627183586375e-16,7.278092547801758e-16,2.2374281747281135e-14,converged
2025-01-15T17:40:00+08:00,9.666666666666666,-11.583333333333334,52.36111111111109,4.298611111111111,55.9,55.9,46.6,46.6,35.0,55.00000000000001,85.0,40.48257224183052,11.08012577175086,13.93871897070686,15.463727499372801,86.51583852281891,1.2801109952714036,55.6,55.6,55.6,45.47138152615143,45.95855611412075,45.83008278120821,45.77614101770635,0.4741510750000001,0.4608446409639741,22.401181580436642,22.641881676414325,21.97679304132112,22.221160306543947,22.26354430636746,22.462240270256853,22.330853223555444,22.16239963585262,21.992839294181216,22.429281222912053,22.29819107784567,22.13000071550578,1.0,0.16666666666666666,0.0,0.0,0.0,21.992839294181216,22.26354430636746,22.429281222912053,16.064799594045834,20.37489963007682,23.99162815143034,1.0698358128967932e-16,6.315323618791708e-16,1.1492627183586375e-16,1.2179761385904679e-15,2.508991400273839e-14,converged
2025-01-15T17:45:00+08:00,9.75,-11.666666666666666,50.555555555555564,4.305555555555555,55.9,55.9,46.6,46.6,35.0,55.00000000000001,85.0,40.48257224183052,11.08012577175086,13.93871897070686,15.463727499372801,86.51583852281891,1.2801109952714036,55.6,55.6,55.6,45.47016201349293,45.95730560637176,45.828702470135596,45.774849410451274,0.47627189999999997,0.46090523123535343,22.3978753311468,22.638928629225205,21.970870916647552,22.218455384560915,22.258705572668475,22.45770080480685,22.326558363402967,22.15830881710278,21.98647900539657,22.42475053383731,22.29390305417379,22.12591497569326,1.0,0.16666666666666666,0.0,0.0,0.0,21.98647900539657,22.258705572668475,22.42475053383731,16.064799594045834,20.37489963007682,23.99162815143034,1.0698358128967932e-16,0.0,1.1492627183586375e-16,6.050807591302877e-16,3.3746739603941605e-14,converged
2025-01-15T17:50:00+08:00,9.833333333333334,-11.75,48.74999999999999,4.3125,55.9,55.9,46.6,46.6,35.0,55.00000000000001,85.0,40.48257224183052,11.08012577175086,13.93871897070686,15.463727499372801,86.51583852281891,1.2801109952714036,55.836112024357256,55.6,55.6,45.633329237943165,45.95598539759603,45.82724742467149,45.81849809246972,0.47839272499999996,0.4618892052359741,22.394649102106758,22.636022013248553,21.965207536776933,22.2158279634,22.253615866190565,22.452893963727014,22.322024813984655,22.15401055685616,21.979814848784862,22.419952419634352,22.28937630203366,22.12162176375075,1.0,0.16666666666666666,0.0,0.0,0.0,21.979814848784862,22.253615866190565,22.419952419634352,16.064799594045834,20.37489963007682,23.99162815143034,1.0698358128967932e-16,1.260208297869394e-16,1.1492627183586375e-16,3.73466576458607e-15,6.619552494266332e-14,converged
2025-01-15T17:55:00+08:00,9.916666666666666,-11.833333333333334,46.94444444444443,4.319444444444445,55.9,55.9,46.6,46.6,35.0,55.00000000000001,85.0,40.48257224183052,11.08012577175086,13.93871897070686,15.463727499372801,86.51583852281891,1.2801109952714036,55.9,55.87750602219539,55.660502310914175,45.67659701433231,46.151814736063024,45.8685221027759,45.91353362705025,0.48051355000000007,0.46381774701066725,22.39129392249032,22.632963936442685,21.959403405147807,22.213098916588716,22.24878419612888,22.44830207524922,22.317710724165387,22.149941114984664,21.97300518534776,22.414992760698514,22.284711306749035,22.11721667479486,1.0,0.16666666666666666,0.0,0.0,0.0,21.97300518534776,22.24878419612888,22.414992760698514,16.064799594045834,20.37489963007682,23.99162815143034,1.0698358128967932e-16,3.764905156515844e-16,1.1492627183586375e-16,2.0501225651528286e-15,4.5135184983257456e-14,converged
2025-01-15T18:00:00+08:00,10.0,-11.916666666666666,45.1388888888889,4.326388888888888,55.9,55.9,46.6,46.6,35.0,55.00000000000001,85.0,40.48257224183052,11.08012577175086,13.93871897070686,15.463727499372801,86.51583852281891,1.2801109952714036,55.9,55.9,55.9,45.67530987663216,46.16648344250741,46.03645818911237,45.98238101127667,0.48263437499999995,0.46524299364571947,22.387732846403665,22.62968155115619,21.953312016028026,22.210202204152726,22.243742620624904,22.44348194996214,22.313195014424615,22.145699402567935,21.966512592631048,22.410181638218575,22.28020260469584,22.112980166464244,1.0,0.16666666666666666,0.0,0.0,0.0,21.966512592631048,22.243742620624904,22.410181638218575,16.064799594045834,20.37489963007682,23.99162815143034,1.0698358128967932e-16,3.7533715741107296e-16,1.1492627183586375e-16,3.753371574110728e-16,2.8403187443684736e-14,converged
2025-01-15T18:05:00+08:00,10.083333333333334,-12.0,43.33333333333333,4.333333333333333,56.2,56.2,46.8,46.8,35.0,55.00000000000001,85.0,40.65631718707443,11.12767995961245,13.998541798907315,15.530095428554658,87.26005736254989,1.296663950984699,55.9,55.9,55.9,45.710254861108126,46.20002894999704,46.07026163887258,46.016408087227155,0.4847552,0.46563665807376675,22.383995947638923,22.62620319564917,21.946991802339213,22.207163653606155,22.23849334401447,22.438435503092883,22.308479553257154,22.14128727701247,21.959778013464916,22.4051445718762,22.27549451938715,22.108573604207763,1.0,0.16666666666666666,0.0,0.0,0.0,21.959778013464916,22.23849334401447,22.4051445718762,15.996146604327693,20.28782740943547,23.88909982599688,1.060711455299036e-16,1.2500661170935144e-16,0.0,1.3269814984325713e-15,2.8033359381987556e-14,converged
2025-01-15T18:10:00+08:00,10.166666666666666,-12.083333333333334,41.52777777777776,4.340277777777778,56.2,56.2,46.8,46.8,35.0,55.00000000000001,85.0,40.65631718707443,11.12767995961245,13.998541798907315,15.530095428554658,87.26005736254989,1.296663950984699,55.9,55.9,55.9,45.7088436116118,46.19859490124507,46.06869457865908,46.01492947029991,0.48687602500000005,0.46570631880547747,22.38005418990666,22.62250161339222,21.940386923442443,22.203958158629725,22.232994740571456,22.433123604663507,22.303526920008743,22.136668814765812,21.952741665657346,22.39984200047284,22.270549219509515,22.103960671997577,1.0,0.16666666666666666,0.0,0.0,0.0,21.952741665657346,22.232994740571456,22.39984200047284,15.996146604327693,20.28782740943547,23.88909982599688,1.060711455299036e-16,2.4997582623644997e-16,0.0,1.2054824444760111e-15,2.2312352622921815e-14,converged
2025-01-15T18:15:00+08:00,10.25,-12.166666666666666,39.72222222222223,4.347222222222222,56.2,56.2,46.8,46.8,35.0,55.00000000000001,85.0,40.65631718707443,11.12767995961245,13.998541798907315,15.530095428554658,87.26005736254989,1.296663950984699,55.9,55.9,55.9,45.70736247747465,46.19709210187269,46.067053849753826,46.013379913741055,0.48899685,0.46577932165139924,22.37590812837368,22.61857737753053,21.93349880370445,22.20058610708594,22.227247806092194,22.42754725917737,22.298337967375755,22.131844722398032,21.94540523219999,22.39427492779148,22.26536755712865,22.099142075868443,1.0,0.16666666666666666,0.0,0.0,0.0,21.94540523219999,22.227247806092194,22.39427492779148,15.996146604327693,20.28782740943547,23.88909982599688,1.060711455299036e-16,2.499366468528264e-16,0.0,1.3265870270420539e-15,3.5241033929639255e-14,converged
2025-01-15T18:20:00+08:00,10.333333333333334,-12.25,37.916666666666664,4.354166666666667,56.2,56.2,46.8,46.8,35.0,55.00000000000001,85.0,40.65631718707443,11.12767995961245,13.998541798907315,15.530095428554658,87.26005736254989,1.296663950984699,56.14023120374034,55.9,55.9,45.87339799417133,46.195520807210876,46.06533976398256,46.05762824872549,0.491117675,0.4667923831145853,22.371849562466668,22.614706992550857,21.92688417169126,22.197297563900886,22.221253532395856,22.421707467336656,22.292913544988902,22.12681570405966,21.937770386698304,22.388444353820134,22.25995038124967,22.094118519439633,1.0,0.16666666666666666,0.0,0.0,0.0,21.937770386698304,22.221253532395856,22.388444353820134,15.996146604327693,20.28782740943547,23.88909982599688,1.060711455299036e-16,3.74091328515823e-16,0.0,1.6635648024011584e-15,4.40023503439073e-14,converged
2025-01-15T18:25:00+08:00,10.416666666666666,-12.333333333333334,36.11111111111109,4.361111111111111,56.2,56.2,46.8,46.8,35.0,55.00000000000001,85.0,40.65631718707443,11.12767995961245,13.998541798907315,15.530095428554658,87.26005736254989,1.296663950984699,56.2,56.182730355433876,55.966654010440195,45.91360266797772,46.39510778615505,46.11077914042552,46.15471006861778,0.4932385000000001,0.4687751341906169,22.367659372108506,22.610682950423325,21.92012416124266,22.193904704005273,22.215530816621154,22.416095925624898,22.28772070563251,22.12202650326842,21.930011500128472,22.38246688334807,22.254408368291298,22.08899530635522,1.0,0.16666666666666666,0.0,0.0,0.0,21.930011500128472,22.215530816621154,22.38246688334807,15.996146604327693,20.28782740943547,23.88909982599688,1.060711455299036e-16,4.966787414095097e-16,0.0,1.8948823654911536e-15,4.406843793373099e-14,converged
2025-01-15T18:30:00+08:00,10.5,-12.416666666666666,34.305555555555564,4.368055555555555,56.2,56.2,46.8,46.8,35.0,55.00000000000001,85.0,40.65631718707443,11.12767995961245,13.998541798907315,15.530095428554658,87.26005736254989,1.296663950984699,56.2,56.2,56.2,45.91205711180801,46.40583381544871,46.274353770306995,46.22046319412683,0.49535932499999996,0.4701568223801006,22.363265551200833,22.60643708262195,21.913081686177737,22.1903457228478,22.209592236413794,22.41025098671874,22.282320835903352,22.117059333351783,21.922559490676566,22.376631426317214,22.24901594560531,22.08403374616281,1.0,0.16666666666666666,0.0,0.0,0.0,21.922559490676566,22.209592236413794,22.376631426317214,15.996146604327693,20.28782740943547,23.88909982599688,1.060711455299036e-16,1.238047777735088e-16,0.0,1.238047777735088e-16,4.257176514376468e-14,converged
2025-01-15T18:35:00+08:00,10.583333333333334,-12.5,32.49999999999999,4.375,56.5,56.5,47.0,47.0,35.0,55.00000000000001,85.0,40.83006213231833,11.175234147474042,14.058364627107775,15.596463357736516,88.00746343499924,1.313358991286094,56.2,56.2,56.2,45.94684446598727,46.439227109299544,46.308001230232286,46.254335131443575,0.49748015,0.470563442294303,22.3586982294744,22.601997780425418,21.905815294745,22.186646493023126,22.203449641367932,22.404183703038704,22.2767244831708,22.111924315726935,21.914871010745266,22.37057399834881,22.24342740496231,22.078904695072296,1.0,0.16666666666666666,0.0,0.0,0.0,21.914871010745266,22.203449641367932,22.37057399834881,15.928077895373105,20.201496228969788,23.787444082056467,1.0517033308529473e-16,4.947911858997561e-16,0.0,1.2983200340022986e-15,3.7138495216235237e-14,converged
2025-01-15T18:40:00+08:00,10.666666666666666,-12.583333333333334,30.694444444444425,4.381944444444445,56.5,56.5,47.0,47.0,35.0,55.00000000000001,85.0,40.83006213231833,11.175234147474042,14.058364627107775,15.596463357736516,88.00746343499924,1.313358991286094,56.2,56.2,56.2,45.9451780629312,46.43754716934621,46.306180960287534,46.252605292629795,0.49960097500000006,0.47064528688866514,22.353928303303444,22.59733772252263,21.898268984792956,22.18278185656084,22.19706129519383,22.397854838130694,22.27089413183464,22.106585442471545,21.906886096178386,22.364254930366677,22.237604818805384,22.073571751483325,1.0,0.16666666666666666,0.0,0.0,0.0,21.906886096178386,22.19706129519383,22.364254930366677,15.928077895373105,20.201496228969788,23.787444082056467,1.0517033308529473e-16,1.2367628559135427e-16,0.0,1.0579897244794762e-15,2.628447850951524e-14,converged
2025-01-15T18:45:00+08:00,10.75,-12.666666666666666,28.888888888888896,4.388888888888888,56.5,56.5,47.0,47.0,35.0,55.00000000000001,85.0,40.83006213231833,11.175234147474042,14.058364627107775,15.596463357736516,88.00746343499924,1.313358991286094,56.2,56.2,56.2,45.94344295938233,46.435799659272114,46.30428836656196,46.25080575848523,0.5017217999999999,0.4707304290076471,22.348956321921875,22.592457475896843,21.890444157402772,22.1787521978745,22.190428179713727,22.39126538216193,22.264830623445008,22.1010434118781,21.898606400747898,22.357675211854176,22.231549028082966,22.06803561317538,1.0,0.16666666666666666,0.0,0.0,0.0,21.898606400747898,22.190428179713727,22.357675211854176,15.928077895373105,20.201496228969788,23.787444082056467,1.0517033308529473e-16,1.2365391597092148e-16,0.0,1.057803964644221e-15,3.133053339626795e-14,converged
2025-01-15T18:50:00+08:00,10.833333333333334,-12.75,27.08333333333333,4.395833333333333,56.5,56.5,47.0,47.0,35.0,55.00000000000001,85.0,40.83006213231833,11.175234147474042,14.058364627107775,15.596463357736516,88.00746343499924,1.313358991286094,56.444315326277625,56.2,56.2,46.112336948534335,46.43398483008951,46.3023237551437,46.29565691125982,0.503842625,0.47177218673402116,22.344079238279196,22.58763842733636,21.882907346318913,22.174812002195445,22.18355127282729,22.38441632155153,22.258534796525485,22.095298919847142,21.89003356899958,22.350835828552583,22.225260870721893,22.062296975539944,1.0,0.16666666666666666,0.0,0.0,0.0,21.89003356899958,22.18355127282729,22.350835828552583,15.928077895373105,20.201496228969788,23.787444082056467,1.0517033308529473e-16,2.4676173182835004e-16,0.0,2.177652571604582e-15,4.982341456422747e-14,converged
2025-01-15T18:55:00+08:00,10.916666666666666,-12.833333333333334,25.27777777777776,4.402777777777778,56.5,56.5,47.0,47.0,35.0,55.00000000000001,85.0,40.83006213231833,11.175234147474042,14.058364627107775,15.596463357736516,88.00746343499924,1.313358991286094,56.5,56.48791022626181,56.27275335507662,46.14950126707281,46.637314040248185,46.35191156493753,46.39477972382561,0.5059634500000001,0.47380857355178413,22.33906785533932,22.582663521296773,21.875220454787698,22.170764807749112,22.17695928832379,22.377808653520706,22.252482543591842,22.089805132368635,21.881357866582285,22.343864032503383,22.218861140920225,22.056470780898103,1.0,0.16666666666666666,0.0,0.0,0.0,21.881357866582285,22.17695928832379,22.343864032503383,15.928077895373105,20.201496228969788,23.787444082056467,1.0517033308529473e-16,1.474207032020429e-15,0.0,1.4590339229355903e-15,3.7121119941799493e-14,converged
2025-01-15T19:00:00+08:00,11.0,-12.916666666666666,23.47222222222223,4.409722222222222,56.5,56.5,47.0,47.0,35.0,55.00000000000001,85.0,40.83006213231833,11.175234147474042,14.058364627107775,15.596463357736516,88.00746343499924,1.313358991286094,56.5,56.5,56.5,46.14770485349637,46.644125580671606,46.51115565682168,46.45746217609118,0.508084275,0.47514683334339863,22.333855071746264,22.577469235182,21.867255749473834,22.16655301535289,22.170145464332244,22.3709624063441,22.246217844078362,22.08412768560583,21.87297878237245,22.337027715170393,22.21260430198341,22.050799328649767,1.0,0.16666666666666666,0.0,0.0,0.0,21.87297878237245,22.170145464332244,22.337027715170393,15.928077895373105,20.201496228969788,23.787444082056467,1.0517033308529473e-16,3.6751372520291746e-16,0.0,3.675137252029173e-16,2.9852582151394344e-14,converged
2025-01-15T19:05:00+08:00,11.083333333333334,-13.0,21.66666666666666,4.416666666666667,56.8,56.8,47.2,47.2,35.0,55.00000000000001,85.0,41.00380707756224,11.222788335335634,14.118187455308236,15.662831286918372,88.75805674016695,1.3301967233746816,56.5,56.5,56.5,46.18234524251065,46.677377178728015,46.54465867049959,46.491189924749605,0.5102051000000001,0.475566169012476,22.3284710757734,22.572084016397067,21.85907190016495,22.16220254419761,22.16313123089592,22.36389770916777,22.239759865876145,22.078284908437347,21.86436857243662,22.3299733180474,22.206154546479556,22.044962900551486,1.0,0.16666666666666666,0.0,0.0,0.0,21.86436857243662,22.16313123089592,22.3299733180474,15.860586039884236,20.115896668677536,23.68664982747148,1.0428094736848966e-16,9.791724425534633e-16,0.0,2.5697993877374706e-15,3.867746001522481e-14,converged
2025-01-15T19:10:00+08:00,11.166666666666666,-13.083333333333334,19.861111111111093,4.423611111111111,56.8,56.8,47.2,47.2,35.0,55.00000000000001,85.0,41.00380707756224,11.222788335335634,14.118187455308236,15.662831286918372,88.75805674016695,1.3301967233746816,56.5,56.5,56.5,46.18043115409845,46.67545875274043,46.542593521840736,46.4892166401302,0.5123259250000001,0.4756599291497715,22.32288669400986,22.56648047588963,21.85061273826679,22.157688183219744,22.155874737557635,22.356575214756106,22.23307099516364,22.07224070634852,21.855467085620734,22.322661059837944,22.199473847305967,22.038925007191562,1.0,0.16666666666666666,0.0,0.0,0.0,21.855467085620734,22.157688183219744,22.32288669400986,15.860586039884236,20.115896668677536,23.68664982747148,1.0428094736848966e-16,8.566070030800861e-16,0.0,2.4504956666982872e-15,3.5161190560647086e-14,converged
2025-01-15T19:15:00+08:00,11.25,-13.166666666666666,18.05555555555556,4.430555555555555,56.8,56.8,47.2,47.2,35.0,55.00000000000001,85.0,41.00380707756224,11.222788335335634,14.118187455308236,15.662831286918372,88.75805674016695,1.3301967233746816,56.5,56.5,56.5,46.17844951891588,46.673473908222064,46.540457356939044,46.48717487192342,0.51444675,0.4757569432680145,22.31710246984868,22.56065917457077,21.84187964226053,22.153010313429437,22.148376952491923,22.348995899255637,22.22615206257804,22.065995769519834,21.846275947437736,22.31509191603999,22.192563034526213,22.032686338259115,1.0,0.16666666666666666,0.0,0.0,0.0,21.846275947437736,22.153010313429437,22.31710246984868,15.860586039884236,20.115896668677536,23.68664982747148,1.0428094736848966e-16,1.2234747540127126e-15,0.0,4.343200448178205e-16,2.5181361448869136e-14,converged
2025-01-15T19:20:00+08:00,11.333333333333334,-13.25,16.249999999999993,4.4375,56.8,56.8,47.2,47.2,35.0,55.00000000000001,85.0,41.00380707756224,11.222788335335634,14.118187455308236,15.662831286918372,88.75805674016695,1.3301967233746816,56.748364837606935,56.5,56.5,46.35019207293299,46.67142289197116,46.538250476309486,46.53263181443373,0.5165675750000001,0.47682701331122085,22.31142047319782,22.55490634689843,21.833448881619557,22.148427809002474,22.14063884000408,22.341160735116727,22.219003895768324,22.059550785766877,21.83679677432915,22.30726685846116,22.18542293522043,22.02624758108221,1.0,0.16666666666666666,0.0,0.0,0.0,21.83679677432915,22.148427809002474,22.31142047319782,15.860586039884236,20.115896668677536,23.68664982747148,1.0428094736848966e-16,3.662187289427483e-16,0.0,1.5361716478011788e-15,4.448184978514385e-14,converged
2025-01-15T19:25:00+08:00,11.416666666666666,-13.333333333333334,14.444444444444425,4.444444444444445,56.8,56.8,47.2,47.2,35.0,55.00000000000001,85.0,41.00380707756224,11.222788335335634,14.118187455308236,15.662831286918372,88.75805674016695,1.3301967233746816,56.8,56.793046199879356,56.57880101035171,46.38433846900519,46.8784788940403,46.59197037574789,46.63379020053919,0.5186884,0.478916471518275,22.305601501593888,22.548995457567525,21.82486326652151,22.143735632700395,22.133198860000398,22.333579953503456,22.212111163478045,22.053367283030827,21.827235612531656,22.29932371007344,22.17818438883019,22.019733247551688,1.0,0.16666666666666666,0.0,0.0,0.0,21.827235612531656,22.143735632700395,22.305601501593888,15.860586039884236,20.115896668677536,23.68664982747148,1.0428094736848966e-16,7.292419163901686e-16,0.0,1.8357655574114593e-15,3.9295856053642644e-14,converged
2025-01-15T19:30:00+08:00,11.5,-13.416666666666666,12.638888888888895,4.451388888888888,56.8,56.8,47.2,47.2,35.0,55.00000000000001,85.0,41.00380707756224,11.222788335335634,14.118187455308236,15.662831286918372,88.75805674016695,1.3301967233746816,56.8,56.8,56.8,46.38229854742211,46.88140378183722,46.74691443753959,46.693425229066726,0.5208092249999999,0.48021143467752675,22.299583323737647,22.54286759706426,21.816004350462418,22.13888036096995,22.125531050561392,22.32575539036877,22.205000563343752,22.046994439610106,21.81796074917642,22.29150949499999,22.171082038046148,22.013366763393325,1.0,0.16666666666666666,0.0,0.0,0.0,21.81796074917642,22.13888036096995,22.299583323737647,15.860586039884236,20.115896668677536,23.68664982747148,1.0428094736848966e-16,7.272754046669698e-16,0.0,7.272754046669698e-16,3.663632156175333e-14,converged
2025-01-15T19:35:00+08:00,11.583333333333334,-13.5,10.833333333333327,4.458333333333333,57.1,57.1,47.4,47.4,35.0,55.00000000000001,85.0,41.17755202280615,11.270342523197225,14.178010283508693,15.72919921610023,89.51183727805292,1.3471777544495551,56.8,56.8,56.8,46.416802234647896,46.91452380941427,46.780284082942515,46.72701931607006,0.52293005,0.48064325042155087,22.29339618891585,22.536551271881006,21.806930930547928,22.133887961034727,22.117666357845682,22.317716191533993,22.197699825870426,22.04045873576753,21.808459938782068,22.283481011056466,22.163789909312744,22.00683777125746,1.0,0.16666666666666666,0.0,0.0,0.0,21.808459938782068,22.133887961034727,22.29339618891585,15.793663735918479,20.03101946754388,23.586706157313376,1.0340279593076966e-16,4.844146743965804e-16,0.0,6.798819032489755e-16,2.8081375404878474e-14,converged
2025-01-15T19:40:00+08:00,11.666666666666666,-13.583333333333334,9.027777777777759,4.465277777777778,57.1,57.1,47.4,47.4,35.0,55.00000000000001,85.0,41.17755202280615,11.270342523197225,14.178010283508693,15.72919921610023,89.51183727805292,1.3471777544495551,56.8,56.8,56.8,46.41464772014928,46.912374102584515,46.77798213404051,46.724810139217496,0.525050875,0.48074866370253433,22.28701085161541,22.53001902241008,21.79758666721059,22.12873316737465,22.109562813874312,22.30942289494581,22.190171235949403,22.033723988326585,21.79867283861882,22.275198360654827,22.15626987289048,22.000109691836357,1.0,0.16666666666666666,0.0,0.0,0.0,21.79867283861882,22.12873316737465,22.28701085161541,15.793663735918479,20.03101946754388,23.586706157313376,1.0340279593076966e-16,9.68616914546162e-16,0.0,1.0324655969817557e-15,2.7775069299634805e-14,converged
2025-01-15T19:45:00+08:00,11.75,-13.666666666666666,7.2222222222222285,4.472222222222222,57.1,57.1,47.4,47.4,35.0,55.00000000000001,85.0,41.17755202280615,11.270342523197225,14.178010283508693,15.72919921610023,89.51183727805292,1.3471777544495551,56.8,56.8,56.8,46.41242678303843,46.91015910063923,46.77561044017415,46.72253365887762,0.5271716999999999,0.4808572884427584,22.280427849479228,22.523271403579002,21.787972916998044,22.123416357641485,22.101221373493367,22.30087646303903,22.182415613533713,22.02679087951827,21.78860104687114,22.26666250561542,22.14852274818593,21.99318320689065,1.0,0.25,0.0,0.0,0.0,21.78860104687114,22.123416357641485,22.280427849479228,15.793663735918479,20.03101946754388,23.586706157313376,1.0340279593076966e-16,2.42099526460215e-16,0.0,3.269369415012214e-16,2.2601885823959568e-14,converged
2025-01-15T19:50:00+08:00,11.833333333333334,-13.75,5.41666666666666,4.479166666666667,57.1,57.1,47.4,47.4,35.0,55.00000000000001,85.0,41.17755202280615,11.270342523197225,14.178010283508693,15.72919921610023,89.51183727805292,1.3471777544495551,57.05238017584488,56.8,56.8,46.587007911917425,46.90787904626473,46.77316929644467,46.7685991765436,0.529292525,0.48195529396165726,22.27395433319288,22.516599463246664,21.778675616383868,22.118200763923518,22.09264298773177,22.292077854603086,22.174433775625694,22.019660089235206,21.778246152801785,22.257874404118862,22.140549351659622,21.986058995846317,1.0,0.25,0.0,0.0,0.0,21.778675616383868,22.118200763923518,22.27395433319288,15.793663735918479,20.03101946754388,23.586706157313376,1.0340279593076966e-16,6.038699195002329e-16,0.0,1.0405314698549402e-15,1.9993107469414254e-14,converged
2025-01-15T19:55:00+08:00,11.916666666666666,-13.833333333333334,3.611111111111091,4.486111111111111,57.1,57.1,47.4,47.4,35.0,55.00000000000001,85.0,41.17755202280615,11.270342523197225,14.178010283508693,15.72919921610023,89.51183727805292,1.3471777544495551,57.1,57.09813883194736,56.8847976305612,46.61815851046153,47.11864637500733,46.831004869841045,46.871787596367845,0.5314133500000001,0.4840972682374392,22.267341165647515,22.509767253391207,21.769218618542034,22.112872834118605,22.084375792828173,22.28354646865924,22.16671910436778,22.01280144749219,21.76782987035079,22.248982374554476,22.1324904962297,21.978871071789513,1.0,0.25,0.0,0.0,0.0,21.769218618542034,22.112872834118605,22.267341165647515,15.793663735918479,20.03101946754388,23.586706157313376,1.0340279593076966e-16,1.0821563817713186e-15,0.0,9.699655777566601e-16,5.6493116358939596e-14,converged
2025-01-15T20:00:00+08:00,12.0,-13.916666666666666,1.8055555555555614,4.493055555555555,57.1,57.1,47.4,47.4,35.0,55.00000000000001,85.0,41.17755202280615,11.270342523197225,14.178010283508693,15.72919921610023,89.51183727805292,1.3471777544495551,57.1,57.1,57.1,46.615882224747274,47.11771210070621,46.98167900752325,46.92839812184777,0.5335341749999999,0.4853490681768736,22.260530951277424,22.50272044507671,21.759492698467554,22.107383290874203,22.07587476479308,22.274766079509398,22.15878113962714,22.005747792751695,21.757689510018157,22.240212723233732,22.124561145878914,21.971824121796168,1.0,0.25,0.0,0.0,0.0,21.759492698467554,22.107383290874203,22.260530951277424,15.793663735918479,20.03101946754388,23.586706157313376,1.0340279593076966e-16,5.996473953490217e-16,0.0,5.996473953490217e-16,2.8696173088426885e-14,converged
2025-01-15T20:05:00+08:00,12.083333333333334,-14.0,0.0,4.5,57.4,57.4,47.6,47.6,35.0,55.00000000000001,85.0,41.351296968050065,11.31789671105882,14.237833111709154,15.79556714528209,90.26880504865726,1.3643026917098113,57.1,57.1,57.1,46.6502590854387,47.15071030336198,47.01492591364809,46.96186866571227,0.535655,0.485793132316439,22.253554002724858,22.495487606701992,21.749556785949647,22.101758150806802,22.067180302042587,22.265774790018753,22.150656117058976,21.998533701052814,21.747328220267672,22.231232535259835,22.11644509454367,21.964617085315208,1.0,0.3333333333333333,0.0,0.0,0.0,21.749556785949647,22.101758150806802,22.253554002724858,15.727303804254953,19.946855520201254,23.487602349929702,3.0760707107383303e-16,9.585588110052034e-16,0.0,2.2184200887676295e-16,4.079559593238336e-14,converged
2025-01-15T20:10:00+08:00,12.166666666666666,-14.0,0.0,4.493055555555555,57.4,57.4,47.6,47.6,35.0,55.00000000000001,85.0,41.351296968050065,11.31789671105882,14.237833111709154,15.79556714528209,90.26880504865726,1.3643026917098113,57.1,57.1,57.1,46.64790836971421,47.1483728619176,47.01243464361967,46.959468830900605,0.535655,0.485908126217362,22.246595985757466,22.488273362641404,21.73967065463606,22.096146096297904,22.05852060741713,22.25681756684397,22.14256034224732,21.9913443435392,21.737024789459305,22.222286340737373,22.1083582322192,21.957434736455536,1.0,0.3333333333333333,0.0,0.0,0.0,21.73967065463606,22.096146096297904,22.246595985757466,15.727303804254953,19.946855520201254,23.487602349929702,3.0760707107383303e-16,9.583319606789913e-16,0.0,3.381404026902196e-16,2.9968340431223026e-14,converged
2025-01-15T20:15:00+08:00,12.25,-14.0,0.0,4.486111111111112,57.4,57.4,47.6,47.6,35.0,55.00000000000001,85.0,41.351296968050065,11.31789671105882,14.237833111709154,15.79556714528209,90.26880504865726,1.3643026917098113,57.1,57.1,57.1,46.645566477079555,47.14604411149759,47.00995393043273,46.957078435973564,0.535655,0.48602266778333575,22.23965684900538,22.481077665092347,21.729834055111525,22.090547096907052,22.049895541883107,22.247894280914146,22.134493709908625,21.984179635407397,21.72677889450034,22.21337401098811,22.100300453928547,21.950276990649986,1.0,0.3333333333333333,0.0,0.0,0.0,21.729834055111525,22.090547096907052,22.23965684900538,15.727303804254953,19.946855520201254,23.487602349929702,3.0760707107383303e-16,1.1976326367439271e-16,0.0,4.761962716659377e-16,4.118912328137368e-14,converged
2025-01-15T20:20:00+08:00,12.333333333333334,-14.0,0.0,4.479166666666667,57.4,57.4,47.6,47.6,35.0,55.00000000000001,85.0,41.351296968050065,11.31789671105882,14.237833111709154,15.79556714528209,90.26880504865726,1.3643026917098113,57.3563617717447,57.103188668787915,57.1,46.82316130348917,47.146005766495854,47.00748372721036,47.00472955783918,0.535655,0.48715415571747317,22.233048206359957,22.47419574610448,21.72064094609445,22.085228308090752,22.041310834727,22.239010362588054,22.12646139613727,21.9770445216721,21.716590214102272,22.20449541782091,22.092271655072306,21.943143763621073,1.0,0.3333333333333333,0.0,0.0,0.0,21.72064094609445,22.085228308090752,22.233048206359957,15.727303804254953,19.946855520201254,23.487602349929702,3.0760707107383303e-16,4.77940382774648e-16,0.0,3.3048328438048197e-15,3.5236473574063605e-14,converged
2025-01-15T20:25:00+08:00,12.416666666666666,-14.0,0.0,4.472222222222222,57.4,57.4,47.6,47.6,35.0,55.00000000000001,85.0,41.351296968050065,11.31789671105882,14.237833111709154,15.79556714528209,90.26880504865726,1.3643026917098113,57.4,57.4,57.19074385900423,46.85159671113113,47.35615983505464,47.06969432732121,47.10863486646914,0.535655,0.4893055337396545,22.22651047591862,22.46738171751365,21.711594789542968,22.079967319953674,22.033305553944942,22.230676566593043,22.118948683111416,21.970401232549225,21.706694144461142,22.195808231343374,22.084421643648582,21.93617774862821,1.0,0.3333333333333333,0.0,0.0,0.0,21.711594789542968,22.079967319953674,22.22651047591862,15.727303804254953,19.946855520201254,23.487602349929702,3.0760707107383303e-16,4.75838975035488e-16,0.0,3.8084984614310254e-16,3.7245885763156486e-14,converged
2025-01-15T20:30:00+08:00,12.5,-14.0,0.0,4.465277777777778,57.4,57.4,47.6,47.6,35.0,55.00000000000001,85.0,41.351296968050065,11.31789671105882,14.237833111709154,15.79556714528209,90.26880504865726,1.3643026917098113,57.4,57.4,57.4,46.8494231050496,47.35400177037642,47.21648214734684,47.16336761294669,0.535655,0.49051304897382286,22.219990485267072,22.460585206553045,21.702593956314008,22.074718570261723,22.025332285330993,22.222374345793895,22.111463013702913,21.963780720561825,21.697395378860822,22.187517123061543,22.07694494121126,21.92956427690314,1.0,0.3333333333333333,0.0,0.0,0.0,21.702593956314008,22.074718570261723,22.219990485267072,15.727303804254953,19.946855520201254,23.487602349929702,3.0760707107383303e-16,4.746675835453566e-16,0.0,4.746675835453563e-16,2.771944744895214e-14,converged
2025-01-15T20:35:00+08:00,12.583333333333334,-14.0,0.0,4.458333333333333,57.4,57.4,47.6,47.6,35.0,55.00000000000001,85.0,41.351296968050065,11.31789671105882,14.237833111709154,15.79556714528209,90.26880504865726,1.3643026917098113,57.4,57.4,57.4,46.8472576174869,47.35185172978662,47.21420659550063,47.16116540111004,0.535655,0.4906185732909655,22.21348818626932,22.453806168188017,21.69363821932731,22.06948203054505,22.017390900872293,22.21410358055809,22.104004290562482,21.95718290761637,21.688148538913925,22.179257399800555,22.069495128395374,21.92297345955005,1.0,0.3333333333333333,0.0,0.0,0.0,21.69363821932731,22.06948203054505,22.21348818626932,15.727303804254953,19.946855520201254,23.487602349929702,3.0760707107383303e-16,3.5592411752589847e-16,0.0,3.559241175258983e-16,2.961386883785702e-14,converged
2025-01-15T20:40:00+08:00,12.666666666666666,-14.0,0.0,4.451388888888889,57.4,57.4,47.6,47.6,35.0,55.00000000000001,85.0,41.351296968050065,11.31789671105882,14.237833111709154,15.79556714528209,90.26880504865726,1.3643026917098113,57.4,57.4,57.4,46.84510021482468,47.34970968335052,47.21194066194053,47.15897182865849,0.535655,0.4907236836310338,22.207003530919987,22.447044557499698,21.68472735264034,22.064257672400032,22.009481273067887,22.205864151706372,22.096572416691263,21.95060771588708,21.678953334660086,22.17102894275608,22.062072108493627,21.916405218966652,1.0,0.3333333333333333,0.0,0.0,0.0,21.68472735264034,22.062072108493627,22.205864151706372,15.727303804254953,19.946855520201254,23.487602349929702,3.0760707107383303e-16,0.0,0.0,0.0,3.786278718140097e-14,converged
2025-01-15T20:45:00+08:00,12.75,-14.0,0.0,4.444444444444445,57.4,57.4,47.6,47.6,35.0,55.00000000000001,85.0,41.351296968050065,11.31789671105882,14.237833111709154,15.79556714528209,90.26880504865726,1.3643026917098113,57.4,57.4,57.4,46.842950863595,47.34757560124544,47.20968430407417,47.156786859893806,0.535655,0.4908283817045945,22.200536471343955,22.440300329684696,21.67586113144259,22.059045467489128,22.001603274926683,22.19765594051104,22.089167295439573,21.944055067815007,21.66980947775812,22.162831633573518,22.054675785146514,21.909859477816475,1.0,0.3333333333333333,0.0,0.0,0.0,21.67586113144259,22.054675785146514,22.19765594051104,15.727303804254953,19.946855520201254,23.487602349929702,3.0760707107383303e-16,5.929532916507235e-16,0.0,5.929532916507231e-16,3.736334214172878e-14,converged
2025-01-15T20:50:00+08:00,12.833333333333334,-14.0,0.0,4.4375,57.4,57.4,47.6,47.6,35.0,55.00000000000001,85.0,41.351296968050065,11.31789671105882,14.237833111709154,15.79556714528209,90.26880504865726,1.3643026917098113,57.4,57.4,57.4,46.8408095304796,47.34544945376033,47.20743747950696,47.15461045927275,0.535655,0.4909326692147893,22.194086959796017,22.4335734400548,21.667039332049903,22.053845387540708,21.99375677996541,22.18947882869423,22.081788830505634,21.937524886107123,21.660716681476973,22.154665354346275,22.047306062341086,21.903336159027972,1.0,0.4166666666666667,0.0,0.0,0.0,21.667039332049903,22.047306062341086,22.18947882869423,15.727303804254953,19.946855520201254,23.487602349929702,3.0760707107383303e-16,2.371309328693333e-16,0.0,2.371309328693333e-16,3.534169957080387e-14,converged
2025-01-15T20:55:00+08:00,12.916666666666666,-14.0,0.0,4.430555555555555,57.4,57.4,47.6,47.6,35.0,55.00000000000001,85.0,41.351296968050065,11.31789671105882,14.237833111709154,15.79556714528209,90.26880504865726,1.3643026917098113,57.4,57.4,57.4,46.83867618230923,47.34333121129534,47.20520014604109,47.15244259140627,0.535655,0.4910365478573693,22.187654948660512,22.42686384403668,21.65826173189883,22.048657404348912,21.985941662206585,22.181332698426207,22.07443692593433,21.931017093735406,21.651674660686755,22.146529987614084,22.0399628444097,21.896835185793595,1.0,0.4166666666666667,0.0,0.0,0.0,21.65826173189883,22.0399628444097,22.181332698426207,15.727303804254953,19.946855520201254,23.487602349929702,3.0760707107383303e-16,4.741615357753363e-16,0.0,4.74161535775336e-16,3.928445887555265e-14,converged
2025-01-15T21:00:00+08:00,13.0,-14.0,0.0,4.423611111111112,57.4,57.4,47.6,47.6,35.0,55.00000000000001,85.0,41.351296968050065,11.31789671105882,14.237833111709154,15.79556714528209,90.26880504865726,1.3643026917098113,57.4,57.4,57.4,46.83655078606288,47.341220844361416,47.202972261674645,47.1502832210589,0.535655,0.4911400193207281,22.181240390450988,22.42017149717161,21.649528109541013,22.043481489773498,21.978157796176504,22.173217432323668,22.06711148611595,21.924531613935933,21.64268313184977,22.13842541636131,22.03264603602878,21.890356481568904,1.0,0.4166666666666667,0.0,0.0,0.0,21.649528109541013,22.03264603602878,22.173217432323668,15.727303804254953,19.946855520201254,23.487602349929702,3.0760707107383303e-16,1.1851541031816465e-16,0.0,1.1851541031816465e-16,3.2066540180752426e-14,converged
2025-01-15T21:05:00+08:00,13.083333333333334,-14.0,0.0,4.416666666666667,57.4,57.4,47.6,47.6,35.0,55.00000000000001,85.0,41.351296968050065,11.31789671105882,14.237833111709154,15.79556714528209,90.26880504865726,1.3643026917098113,57.4,57.4,57.4,46.83443330886716,47.339118323579854,47.20075378460054,47.14813231314798,0.535655,0.4912430852859353,22.17484323780984,22.41349635511514,21.640838244637607,22.038317615739683,21.970405056903207,22.16513291344806,22.059812415784965,21.91806837020797,21.633741813011635,22.13035152401527,22.025355542217575,21.883899970071663,1.0,0.4166666666666667,0.0,0.0,0.0,21.640838244637607,22.025355542217575,22.16513291344806,15.727303804254953,19.946855520201254,23.487602349929702,3.0760707107383303e-16,5.924527251064183e-16,0.0,5.924527251064179e-16,2.0596967908080983e-14,converged
2025-01-15T21:10:00+08:00,13.166666666666666,-14.0,0.0,4.409722222222222,57.4,57.4,47.6,47.6,35.0,55.00000000000001,85.0,41.351296968050065,11.31789671105882,14.237833111709154,15.79556714528209,90.26880504865726,1.3643026917098113,57.4,57.4,57.4,46.83232371799557,47.33702361968193,47.19854467320572,47.14598983274305,0.535655,0.49134574742677,22.168463443507967,22.406838373636834,21.632191917953712,22.03316575423799,21.96268331991449,22.15707902530388,22.052539620018756,21.911627286313074,21.624850423792452,22.12230819444455,22.018091268336924,21.877465575280933,1.0,0.4166666666666667,0.0,0.0,0.0,21.632191917953712,22.018091268336924,22.15707902530388,15.727303804254953,19.946855520201254,23.487602349929702,3.0760707107383303e-16,3.5539736255970745e-16,0.0,3.5539736255970735e-16,2.4611559982823786e-14,converged
2025-01-15T21:15:00+08:00,13.25,-14.0,0.0,4.402777777777778,57.4,57.4,47.6,47.6,35.0,55.00000000000001,85.0,41.351296968050065,11.31789671105882,14.237833111709154,15.79556714528209,90.26880504865726,1.3643026917098113,57.4,57.4,57.4,46.83022198086781,47.33493670350845,47.196344886070065,47.14385574506506,0.535655,0.4914480074097535,22.162100960444427,22.400197508619964,21.623588911352847,22.02802587732411,21.954992461235893,22.149055651837017,22.045293004236413,21.9052082862742,21.616008685378,22.114295311957335,22.01085312008804,21.871053221436192,1.0,0.4166666666666667,0.0,0.0,0.0,21.623588911352847,22.01085312008804,22.149055651837017,15.727303804254953,19.946855520201254,23.487602349929702,3.0760707107383303e-16,1.1844113728379763e-16,0.0,1.1844113728379763e-16,3.7112764501891805e-14,converged
2025-01-15T21:20:00+08:00,13.333333333333334,-14.0,0.0,4.395833333333333,57.4,57.4,47.6,47.6,35.0,55.00000000000001,85.0,41.351296968050065,11.31789671105882,14.237833111709154,15.79556714528209,90.26880504865726,1.3643026917098113,57.4,57.4,57.4,46.8281280650491,47.332857546009336,47.1941543819656,47.14173001548577,0.535655,0.4915498668941824,22.15575574164608,22.393573716061212,21.615029007791446,22.02289795711873,21.947332357388717,22.141062677433055,22.03807247419748,21.898811294374784,21.607216320510993,22.10631276129975,22.00364100351127,21.864662833036427,1.0,0.4166666666666667,0.0,0.0,0.0,21.615029007791446,22.00364100351127,22.141062677433055,15.727303804254953,19.946855520201254,23.487602349929702,3.0760707107383303e-16,3.552497813573692e-16,0.0,3.552497813573692e-16,2.2682584136777414e-14,converged
2025-01-15T21:25:00+08:00,13.416666666666666,-14.0,0.0,4.388888888888889,57.4,57.4,47.6,47.6,35.0,55.00000000000001,85.0,41.351296968050065,11.31789671105882,14.237833111709154,15.79556714528209,90.26880504865726,1.3643026917098113,57.4,57.4,57.4,46.826041938249496,47.330786118243275,47.191973119855454,47.139612609527006,0.535655,0.49165132753216134,22.14942774026724,22.38696695207039,21.606511991313376,22.01778196580739,21.93970288538804,22.133099986915628,22.03087793600075,21.892436235157874,21.5984730534824,22.098360427654207,21.996454824984884,21.858294334839258,1.0,0.5,0.0,0.0,0.0,21.606511991313376,21.996454824984884,22.133099986915628,15.727303804254953,19.946855520201254,23.487602349929702,3.0760707107383303e-16,1.1839215650172277e-16,0.0,1.1839215650172277e-16,2.6346986759284433e-14,converged
2025-01-15T21:30:00+08:00,13.5,-14.0,0.0,4.381944444444445,57.4,57.4,47.6,47.6,35.0,55.00000000000001,85.0,41.351296968050065,11.31789671105882,14.237833111709154,15.79556714528209,90.26880504865726,1.3643026917098113,57.4,57.4,57.4,46.8239635683232,47.32872239137722,47.189801058892996,47.137503492860034,0.535655,0.4917523909686356,22.14311690958934,22.380377172870144,21.5980376470445,22.012677875640343,21.932103922740744,22.12516746554475,22.023709296083023,21.886083033425223,21.589778610122778,22.090438196637734,21.989294491223863,21.851947651860048,1.0,0.5,0.0,0.0,0.0,21.5980376470445,21.989294491223863,22.12516746554475,15.727303804254953,19.946855520201254,23.487602349929702,3.0760707107383303e-16,2.3673564982088693e-16,0.0,2.3673564982088693e-16,2.2427014933042972e-14,converged
2025-01-15T21:35:00+08:00,13.583333333333334,-14.0,0.0,4.375,57.4,57.4,47.6,47.6,35.0,55.00000000000001,85.0,41.351296968050065,11.31789671105882,14.237833111709154,15.79556714528209,90.26880504865726,1.3643026917098113,57.4,57.4,57.4,46.82189292326788,47.32666633668607,47.18763815842089,47.13540263130482,0.535655,0.4918530588414238,22.136823203020587,22.373804334795658,21.589605761187244,22.00758565893239,21.92453534744354,22.117264999015156,22.01656646121791,21.87975161423641,21.581132717793693,22.08254595430035,21.982159909278675,21.845622709371014,1.0,0.5,0.0,0.0,0.0,21.589605761187244,21.982159909278675,22.117264999015156,15.727303804254953,19.946855520201254,23.487602349929702,3.0760707107383303e-16,0.0,0.0,0.0,2.2874224051137165e-14,converged
2025-01-15T21:40:00+08:00,13.666666666666666,-14.0,0.0,4.368055555555555,57.4,57.4,47.6,47.6,35.0,55.00000000000001,85.0,41.351296968050065,11.31789671105882,14.237833111709154,15.79556714528209,90.26880504865726,1.3643026917098113,57.4,57.4,57.4,46.819829971224024,47.3246179255522,47.18548437797017,47.13330999082942,0.535655,0.49195333278124964,22.1305465740956,22.367248394294375,21.581216121015213,22.002505288062732,21.916997037981027,22.109392473454673,22.0094493385146,21.87344190290796,21.57253510537916,22.07468358712342,21.975050986534086,21.839319432900353,1.0,0.5,0.0,0.0,0.0,21.581216121015213,21.975050986534086,22.109392473454673,15.727303804254953,19.946855520201254,23.487602349929702,3.0760707107383303e-16,5.915973836826291e-16,0.0,5.915973836826291e-16,3.591192026749422e-14,converged
2025-01-15T21:45:00+08:00,13.75,-14.0,0.0,4.361111111111112,57.4,57.4,47.6,47.6,35.0,55.00000000000001,85.0,41.351296968050065,11.31789671105882,14.237833111709154,15.79556714528209,90.26880504865726,1.3643026917098113,57.4,57.4,57.4,46.817774680474265,47.32257712946507,47.183339677259355,47.131225537549234,0.535655,0.49205321441177463,22.124286976475087,22.360709307925703,21.572868514867817,21.997436735474828,21.909488873323717,22.10154977542256,22.00235783541667,21.867153825012444,21.563985503277145,22.066850982018014,21.96796763070794,21.833037748231373,1.0,0.5833333333333334,0.0,0.0,0.0,21.572868514867817,21.96796763070794,22.10154977542256,15.727303804254953,19.946855520201254,23.487602349929702,3.0760707107383303e-16,1.1829545912641134e-16,0.0,1.1829545912641134e-16,2.948812419838584e-14,converged
2025-01-15T21:50:00+08:00,13.833333333333334,-14.0,0.0,4.354166666666667,57.4,57.4,47.6,47.6,35.0,55.00000000000001,85.0,41.351296968050065,11.31789671105882,14.237833111709154,15.79556714528209,90.26880504865726,1.3643026917098113,57.4,57.4,57.4,46.81572701944266,47.32054392002088,47.18120401619351,47.12914923772642,0.535655,0.49215270534962985,22.118044363945494,22.354187032360727,21.56456273214494,21.992379973676243,21.90201073292611,22.093736791907887,21.99529185970087,21.860887306377627,21.555483643391113,22.059048026323293,21.960909749849975,21.826777581401597,1.0,0.6666666666666666,0.0,0.0,0.0,21.56456273214494,21.960909749849975,22.093736791907887,15.727303804254953,19.946855520201254,23.487602349929702,3.0760707107383303e-16,5.913577257704612e-16,0.0,5.913577257704609e-16,3.3624761938503314e-14,converged
2025-01-15T21:55:00+08:00,13.916666666666666,-14.0,0.0,4.347222222222222,57.4,57.4,47.6,47.6,35.0,55.00000000000001,85.0,41.351296968050065,11.31789671105882,14.237833111709154,15.79556714528209,90.26880504865726,1.3643026917098113,57.4,57.4,57.4,46.81368695669409,47.31851826892211,47.17907735486338,47.1270810577692,0.535655,0.4922518072044477,22.111818690418662,22.347681524381922,21.556298563301613,21.98733497523849,21.89456249672476,22.0859534103279,21.98825131947593,21.854642273085577,21.54702925912162,22.05127460780488,21.953877252340625,21.820538858701916,1.0,0.6666666666666666,0.0,0.0,0.0,21.556298563301613,21.953877252340625,22.0859534103279,15.727303804254953,19.946855520201254,23.487602349929702,3.0760707107383303e-16,0.0,0.0,0.0,3.251052022427535e-14,converged
2025-01-15T22:00:00+08:00,14.0,-14.0,0.0,4.340277777777778,57.4,57.4,47.6,47.6,35.0,55.00000000000001,85.0,41.351296968050065,11.31789671105882,14.237833111709154,15.79556714528209,90.26880504865726,1.3643026917098113,57.4,57.4,57.4,46.81165446093359,47.31650014797711,47.17695965354444,47.12502096423115,0.535655,0.49235052157889386,22.1056099099315,22.34119274088287,21.548075799842742,21.98230171279689,21.887144045136324,22.0781995185264,21.981236123181354,21.848418651471793,21.538622085357943,22.04353061465325,21.946870046889824,21.814321506675704,1.0,0.6666666666666666,0.0,0.0,0.0,21.548075799842742,21.946870046889824,22.0781995185264,15.727303804254953,19.946855520201254,23.487602349929702,3.0760707107383303e-16,1.1822402609995054e-16,0.0,1.1822402609995054e-16,3.215522755600925e-14,converged
2025-01-15T22:05:00+08:00,14.083333333333334,-14.0,0.0,4.333333333333333,57.4,57.4,47.6,47.6,35.0,55.00000000000001,85.0,41.351296968050065,11.31789671105882,14.237833111709154,15.79556714528209,90.26880504865726,1.3643026917098113,57.4,57.4,57.4,46.80962950100564,47.31448952909976,47.17485087269606,47.12296892381059,0.535655,0.4924488500686985,22.09941797664562,22.33472063886797,21.539894234317835,21.977280159050427,21.879755259055678,22.070475004772124,21.974246179586252,21.84221636812434,21.530261858469785,22.035815935482113,21.93988804253583,21.808125452117963,1.0,0.6666666666666666,0.0,0.0,0.0,21.539894234317835,21.93988804253583,22.070475004772124,15.727303804254953,19.946855520201254,23.487602349929702,3.0760707107383303e-16,3.546012600416097e-16,0.0,3.546012600416096e-16,3.4356605695836045e-14,converged
2025-01-15T22:10:00+08:00,14.166666666666666,-14.0,0.0,4.326388888888889,57.4,57.4,47.6,47.6,35.0,55.00000000000001,85.0,41.351296968050065,11.31789671105882,14.237833111709154,15.79556714528209,90.26880504865726,1.3643026917098113,57.4,57.4,57.4,46.80761204589359,47.312486384309025,47.17275097296057,47.12092490334995,0.535655,0.492546794262688,22.093242844847023,22.328265175452156,21.531753660315783,21.972270286761585,21.87239601985397,22.06277975775714,21.967281397788128,21.83603534988299,21.521948316299,22.028130459326828,21.932931148644045,21.801950622074457,1.0,0.6666666666666666,0.0,0.0,0.0,21.531753660315783,21.932931148644045,22.06277975775714,15.727303804254953,19.946855520201254,23.487602349929702,3.0760707107383303e-16,5.90884577785149e-16,0.0,5.90884577785149e-16,2.4929829428275066e-14,converged
2025-01-15T22:15:00+08:00,14.25,-14.0,0.0,4.319444444444445,57.4,57.4,47.6,47.6,35.0,55.00000000000001,85.0,41.351296968050065,11.31789671105882,14.237833111709154,15.79556714528209,90.26880504865726,1.3643026917098113,57.4,57.4,57.4,46.80560206471892,47.31049068572858,47.170659915162375,47.11888886983504,0.535655,0.492644355742816,22.087084468945754,22.32182630786061,21.523653872459636,21.967272068756216,21.86506620937674,22.055113666595247,21.960341687211713,21.829875523838343,21.51368119815136,22.02047407564279,21.925999274905823,21.79579694384086,1.0,0.6666666666666666,0.0,0.0,0.0,21.523653872459636,21.925999274905823,22.055113666595247,15.727303804254953,19.946855520201254,23.487602349929702,3.0760707107383303e-16,3.54460536703203e-16,0.0,3.5446053670320286e-16,2.9694682228229684e-14,converged
2025-01-15T22:20:00+08:00,14.333333333333334,-14.0,0.0,4.3125,57.4,57.4,47.6,47.6,35.0,55.00000000000001,85.0,41.351296968050065,11.31789671105882,14.237833111709154,15.79556714528209,90.26880504865726,1.3643026917098113,57.4,57.4,57.4,46.80359952674068,47.308502405586424,47.16857766030712,47.1168607903945,0.535655,0.49274153608419474,22.080942803475562,22.315403993428482,21.515594666401434,21.962285477923388,21.857765709942004,22.047476620820362,21.953426957607782,21.82373681733098,21.505460244788406,22.01284667430386,21.91909233133732,21.78966434496188,1.0,0.6666666666666666,0.0,0.0,0.0,21.515594666401434,21.91909233133732,22.047476620820362,15.727303804254953,19.946855520201254,23.487602349929702,3.0760707107383303e-16,2.3626041910751954e-16,0.0,2.362604191075195e-16,2.3061245564335754e-14,converged
2025-01-15T22:25:00+08:00,14.416666666666666,-14.0,0.0,4.305555555555555,57.4,57.4,47.6,47.6,35.0,55.00000000000001,85.0,41.351296968050065,11.31789671105882,14.237833111709154,15.79556714528209,90.26880504865726,1.3643026917098113,57.4,57.4,57.4,46.8016044013548,47.30652151621447,47.16650416958077,47.11484063229905,0.535655,0.4928383368551257,22.074817803093566,22.308998189600604,21.507575838817047,21.957310487215228,21.850494404338388,22.039868510384938,21.94653711905198,21.8176191579506,21.49728519841929,22.00524814560075,21.91221022827831,21.783552753230435,1.0,0.6666666666666666,0.0,0.0,0.0,21.507575838817047,21.91221022827831,22.039868510384938,15.727303804254953,19.946855520201254,23.487602349929702,3.0760707107383303e-16,9.448560562053529e-16,0.0,9.44856056205352e-16,3.2506292034978595e-14,converged
2025-01-15T22:30:00+08:00,14.5,-14.0,0.0,4.298611111111112,57.4,57.4,47.6,47.6,35.0,55.00000000000001,85.0,41.351296968050065,11.31789671105882,14.237833111709154,15.79556714528209,90.26880504865726,1.3643026917098113,57.4,57.4,57.4,46.79961665809341,47.30454799004818,47.16443940434874,47.11282836296096,0.535655,0.4929347596171306,22.068709422579918,22.30260885393121,21.499597187401044,21.95234706964679,21.84325217582322,22.032289225658385,21.939672081943655,21.811522473535167,21.489155802692718,21.997678380239474,21.905352876391028,21.77746209668678,1.0,0.75,0.0,0.0,0.0,21.499597187401044,21.905352876391028,22.032289225658385,15.727303804254953,19.946855520201254,23.487602349929702,3.0760707107383303e-16,3.5425171249037977e-16,0.0,3.5425171249037977e-16,2.9181621672116e-14,converged
2025-01-15T22:35:00+08:00,14.583333333333334,-14.0,0.0,4.291666666666667,57.4,57.4,47.6,47.6,35.0,55.00000000000001,85.0,41.351296968050065,11.31789671105882,14.237833111709154,15.79556714528209,90.26880504865726,1.3643026917098113,57.4,57.4,57.4,46.79763626662429,47.30258179962612,47.16238332615505,47.11082394993327,0.535655,0.4930308059249822,22.062617616837475,22.29623594408366,21.49165851086159,21.947395198295904,21.836038908120678,22.024738657425473,21.932831757004696,21.80544669217006,21.481071802688888,21.99013726933977,21.898520186659002,21.771392303617663,1.0,0.75,0.0,0.0,0.0,21.49165851086159,21.898520186659002,22.024738657425473,15.727303804254953,19.946855520201254,23.487602349929702,3.0760707107383303e-16,5.903045024160628e-16,0.0,5.903045024160624e-16,2.5298530269517717e-14,converged
2025-01-15T22:40:00+08:00,14.666666666666666,-14.0,0.0,4.284722222222222,57.4,57.4,47.6,47.6,35.0,55.00000000000001,85.0,41.351296968050065,11.31789671105882,14.237833111709154,15.79556714528209,90.26880504865726,1.3643026917098113,57.4,57.4,57.4,46.79566319675016,47.30062291758968,47.16033589672148,47.108827360909316,0.535655,0.4931264773267345,22.05654234089146,22.28987941783014,21.483759608915374,21.942454846303022,21.828854485419903,22.017216696884777,21.92601605527836,21.79939174218723,21.473032944911512,21.98262470443352,21.891712070385914,21.765343302555493,1.0,0.75,0.0,0.0,0.0,21.483759608915374,21.891712070385914,22.017216696884777,15.727303804254953,19.946855520201254,23.487602349929702,3.0760707107383303e-16,2.3607599100747666e-16,0.0,2.3607599100747666e-16,2.774787173743973e-14,converged
2025-01-15T22:45:00+08:00,14.75,-14.0,0.0,4.277777777777778,57.4,57.4,47.6,47.6,35.0,55.00000000000001,85.0,41.351296968050065,11.31789671105882,14.237833111709154,15.79556714528209,90.26880504865726,1.3643026917098113,57.4,57.4,57.4,46.79369741840808,47.29867131668255,47.15829707794659,47.10683856372194,0.535655,0.4932217753637533,22.05048354988914,22.28353923305141,21.475900282282545,21.93752598687108,21.82169879237316,22.009723235647098,21.91922488812813,21.793357552164334,21.46503897727986,21.975140577463208,21.88492843919443,21.759315022277487,1.0,0.75,0.0,0.0,0.0,21.475900282282545,21.88492843919443,22.009723235647098,15.727303804254953,19.946855520201254,23.487602349929702,3.0760707107383303e-16,3.5404556623968393e-16,0.0,3.5404556623968383e-16,2.7197004510471406e-14,converged
2025-01-15T22:50:00+08:00,14.833333333333334,-14.0,0.0,4.270833333333333,57.4,57.4,47.6,47.6,35.0,55.00000000000001,85.0,41.351296968050065,11.31789671105882,14.237833111709154,15.79556714528209,90.26880504865726,1.3643026917098113,57.4,57.4,57.4,46.791738901668836,47.29672696975046,47.15626683190508,47.104857526342975,0.535655,0.4933167015707465,22.044441199099477,22.277215347736504,21.46808033268169,21.932608593265353,21.814571714093965,22.002258165733895,21.91245816723655,21.78734405092392,21.457089649120864,21.96768478078035,21.878169205025063,21.753307391804835,1.0,0.75,0.0,0.0,0.0,21.46808033268169,21.878169205025063,22.002258165733895,15.727303804254953,19.946855520201254,23.487602349929702,3.0760707107383303e-16,0.0,0.0,0.0,3.5376349884419865e-14,converged
2025-01-15T22:55:00+08:00,14.916666666666666,-14.0,0.0,4.263888888888889,57.4,57.4,47.6,47.6,35.0,55.00000000000001,85.0,41.351296968050065,11.31789671105882,14.237833111709154,15.79556714528209,90.26880504865726,1.3643026917098113,57.4,57.4,57.4,46.78978761673624,47.294789849740724,47.15424512084672,47.10288421688255,0.535655,0.4934112574757941,22.038415243912816,22.27090771998246,21.460299562824837,21.927702638813305,21.807473136155263,21.99482137957575,21.905715804604085,21.78135116753257,21.44918471116124,21.960257207143957,21.87143428013503,21.747320340401867,1.0,0.8333333333333334,0.0,0.0,0.0,21.460299562824837,21.87143428013503,21.99482137957575,15.727303804254953,19.946855520201254,23.487602349929702,3.0760707107383303e-16,8.25789075990551e-16,0.0,8.257890759905503e-16,3.8175398398626287e-14,converged
2025-01-15T23:00:00+08:00,15.0,-14.0,0.0,4.256944444444445,57.4,57.4,47.6,47.6,35.0,55.00000000000001,85.0,41.351296968050065,11.31789671105882,14.237833111709154,15.79556714528209,90.26880504865726,1.3643026917098113,57.4,57.4,57.4,46.78784353394662,47.29285992970187,47.15223190719565,47.100918603588525,0.535655,0.49350544460037826,22.032405639840544,22.264616307994043,21.452557776412462,21.92280809690445,21.80040294458757,21.9874127700108,21.89899771254797,21.775378831300067,21.441323915519693,21.952857749718987,21.86472357709711,21.74135379757521,1.0,0.8333333333333334,0.0,0.0,0.0,21.452557776412462,21.86472357709711,21.9874127700108,15.727303804254953,19.946855520201254,23.487602349929702,3.0760707107383303e-16,3.5384205919309604e-16,0.0,3.5384205919309604e-16,2.689729374244712e-14,converged
2025-01-15T23:05:00+08:00,15.083333333333334,-14.0,0.0,4.25,57.4,57.4,47.6,47.6,35.0,55.00000000000001,85.0,41.351296968050065,11.31789671105882,14.237833111709154,15.79556714528209,90.26880504865726,1.3643026917098113,57.4,57.4,57.4,46.785906623768106,47.29093718278329,47.150227153549466,47.09896065484577,0.535655,0.4935992644594129,22.026412342514767,22.258341070083464,21.444854778128555,21.917924940990208,21.793361025877157,21.980032230283197,21.892303803701076,21.769426971778564,21.433507015699124,21.945486302074812,21.858037008798508,21.735407693072975,1.0,0.8333333333333334,0.0,0.0,0.0,21.444854778128555,21.858037008798508,21.980032230283197,15.727303804254953,19.946855520201254,23.487602349929702,3.0760707107383303e-16,0.0,0.0,0.0,3.259782409302184e-14,converged
2025-01-15T23:10:00+08:00,15.166666666666666,-14.0,0.0,4.243055555555555,57.4,57.4,47.6,47.6,35.0,55.00000000000001,85.0,41.351296968050065,11.31789671105882,14.237833111709154,15.79556714528209,90.26880504865726,1.3643026917098113,57.4,57.4,57.4,46.78397685680005,47.289021582234824,47.14823082267842,47.097010339175654,0.535655,0.4936927185612736,22.02043530768798,22.252081964670104,21.43719037363568,21.91305314458375,21.786347266964224,21.972679654041574,21.885633991010767,21.763495518761754,21.425733766578915,21.938142758183677,21.851374488439728,21.72948195688391,1.0,0.8333333333333334,0.0,0.0,0.0,21.43719037363568,21.851374488439728,21.972679654041574,15.727303804254953,19.946855520201254,23.487602349929702,3.0760707107383303e-16,2.358052234721914e-16,0.0,2.358052234721914e-16,3.503000341946277e-14,converged
2025-01-15T23:15:00+08:00,15.25,-14.0,0.0,4.236111111111112,57.4,57.4,47.6,47.6,35.0,55.00000000000001,85.0,41.351296968050065,11.31789671105882,14.237833111709154,15.79556714528209,90.26880504865726,1.3643026917098113,57.4,57.4,57.4,46.782054203772404,47.2871131014064,47.14624287752457,47.095067625235366,0.535655,0.493785808407827,22.014474491232743,22.24583895028024,21.429564369570077,21.90819268125987,21.779361555241078,21.965354935337505,21.878988187737775,21.75758440228403,21.418003924407234,21.93082701241919,21.844735929533446,21.72357651923659,1.0,0.8333333333333334,0.0,0.0,0.0,21.429564369570077,21.844735929533446,21.965354935337505,15.727303804254953,19.946855520201254,23.487602349929702,3.0760707107383303e-16,1.1788038441435443e-16,0.0,1.1788038441435443e-16,3.003873731170081e-14,converged
2025-01-15T23:20:00+08:00,15.333333333333334,-14.0,0.0,4.229166666666667,57.4,57.4,47.6,47.6,35.0,55.00000000000001,85.0,41.351296968050065,11.31789671105882,14.237833111709154,15.79556714528209,90.26880504865726,1.3643026917098113,57.4,57.4,57.4,46.780138635545114,47.28521171374768,47.14426328120095,47.093132481817314,0.535655,0.49387853549446026,22.008529849141354,22.239611985546777,21.421976573536785,21.90334352465483,21.772403778550338,21.958057968623987,21.872366307455067,21.751693552619678,21.410317246793397,21.923538959554797,21.838121245903384,21.717691310598596,1.0,0.8333333333333334,0.0,0.0,0.0,21.421976573536785,21.838121245903384,21.958057968623987,15.727303804254953,19.946855520201254,23.487602349929702,3.0760707107383303e-16,4.714330081601233e-16,0.0,4.71433008160123e-16,3.6450849898395956e-14,converged
2025-01-15T23:25:00+08:00,15.416666666666666,-14.0,0.0,4.222222222222222,57.4,57.4,47.6,47.6,35.0,55.00000000000001,85.0,41.351296968050065,11.31789671105882,14.237833111709154,15.79556714528209,90.26880504865726,1.3643026917098113,57.4,57.4,57.4,46.778230123107505,47.28331739280763,47.14229199699075,47.09120487784854,0.535655,0.4939709013101103,22.00260133752552,22.23340102920896,21.414426794104784,21.89850564846622,21.765473825183122,21.95078864875391,21.86576826404672,21.745822900282036,21.402673492700263,21.91627849476226,21.831530351683192,21.711826261675682,1.0,0.8333333333333334,0.0,0.0,0.0,21.414426794104784,21.831530351683192,21.95078864875391,15.727303804254953,19.946855520201254,23.487602349929702,3.0760707107383303e-16,0.0,0.0,0.0,2.394027733246566e-14,converged
2025-01-15T23:30:00+08:00,15.5,-14.0,0.0,4.215277777777778,57.4,57.4,47.6,47.6,35.0,55.00000000000001,85.0,41.351296968050065,11.31789671105882,14.237833111709154,15.79556714528209,90.26880504865726,1.3643026917098113,57.4,57.4,57.4,46.77632863757769,47.2814301122342,47.14032898834649,47.08928478239006,0.535655,0.4940629073372928,21.996688912616037,22.22720604011211,21.40691484080217,21.89367902645282,21.75857158387726,21.943546870978555,21.859193971706812,21.739972376022692,21.395072422436677,21.909045513610156,21.824963161315335,21.70598130341098,1.0,0.9166666666666666,0.0,0.0,0.0,21.40691484080217,21.824963161315335,21.943546870978555,15.727303804254953,19.946855520201254,23.487602349929702,3.0760707107383303e-16,1.1781427030653306e-16,0.0,1.1781427030653306e-16,4.0857852701575854e-14,converged
2025-01-15T23:35:00+08:00,15.583333333333334,-14.0,0.0,4.208333333333333,57.4,57.4,47.6,47.6,35.0,55.00000000000001,85.0,41.351296968050065,11.31789671105882,14.237833111709154,15.79556714528209,90.26880504865726,1.3643026917098113,57.4,57.4,57.4,46.77443415020195,47.27954984577392,47.13837421888921,47.0873721646363,0.535655,0.4941545550521315,21.990792530762473,22.221026977207355,21.39944052411134,21.888863632434447,21.751696943815507,21.936332530946068,21.85264334493829,21.734141910830655,21.387513797649955,21.901839912062382,21.818419589549986,21.700156366984164,1.0,0.9166666666666666,0.0,0.0,0.0,21.39944052411134,21.818419589549986,21.936332530946068,15.727303804254953,19.946855520201254,23.487602349929702,3.0760707107383303e-16,0.0,0.0,0.0,2.900711708471617e-14,converged
2025-01-15T23:40:00+08:00,15.666666666666666,-14.0,0.0,4.201388888888889,57.4,57.4,47.6,47.6,35.0,55.00000000000001,85.0,41.351296968050065,11.31789671105882,14.237833111709154,15.79556714528209,90.26880504865726,1.3643026917098113,57.4,57.4,57.4,46.77254663235412,47.27767656727158,47.13642765240765,47.085466993914494,0.535655,0.49424584592438675,21.984912148432834,22.214863799551342,21.39200365546423,21.884059440291832,21.74484979462376,21.92914552469997,21.846116298551866,21.72833143593154,21.37999738131841,21.894661586476648,21.811899551443908,21.69435138381066,1.0,0.9166666666666666,0.0,0.0,0.0,21.39200365546423,21.811899551443908,21.92914552469997,15.727303804254953,19.946855520201254,23.487602349929702,3.0760707107383303e-16,3.533119887205229e-16,0.0,3.533119887205229e-16,3.8004711756812e-14,converged
2025-01-15T23:45:00+08:00,15.75,-14.0,0.0,4.194444444444445,57.4,57.4,47.6,47.6,35.0,55.00000000000001,85.0,41.351296968050065,11.31789671105882,14.237833111709154,15.79556714528209,90.26880504865726,1.3643026917098113,57.4,57.4,57.4,46.77066605553506,47.275810250669764,47.13448925285745,47.08356923968405,0.535655,0.49433678141748416,21.979047722213245,22.20871646630598,21.38460404723753,21.879266423966456,21.738030026369294,21.92198574867765,21.839612747664916,21.72254088278677,21.372522937743916,21.887510433602987,21.805402962359363,21.688566285540823,1.0,0.9166666666666666,0.0,0.0,0.0,21.38460404723753,21.805402962359363,21.92198574867765,15.727303804254953,19.946855520201254,23.487602349929702,3.0760707107383303e-16,3.5324699537768606e-16,0.0,3.532469953776859e-16,2.6900077534462205e-14,converged
2025-01-15T23:50:00+08:00,15.833333333333334,-14.0,0.0,4.1875,57.4,57.4,47.6,47.6,35.0,55.00000000000001,85.0,41.351296968050065,11.31789671105882,14.237833111709154,15.79556714528209,90.26880504865726,1.3643026917098113,57.4,57.4,57.4,46.76879239137197,47.2739508700086,47.132558984360344,47.08167887153602,0.535655,0.4944273629885435,21.973199208807635,22.202584936738166,21.377241512747982,21.87448455746042,21.73123752955899,21.914853099708875,21.83313260770036,21.716770183092756,21.36509023254452,21.880386350582278,21.798929737963007,21.682801004059144,1.0,0.9166666666666666,0.0,0.0,0.0,21.377241512747982,21.798929737963007,21.914853099708875,15.727303804254953,19.946855520201254,23.487602349929702,3.0760707107383303e-16,1.1772742625253157e-16,0.0,1.1772742625253157e-16,3.8923981049554856e-14,converged
2025-01-15T23:55:00+08:00,15.916666666666666,-14.0,0.0,4.180555555555555,57.4,57.4,47.6,47.6,35.0,55.00000000000001,85.0,41.351296968050065,11.31789671105882,14.237833111709154,15.79556714528209,90.26880504865726,1.3643026917098113,57.4,57.4,57.4,46.76692561161786,47.272098399425296,47.13063681120335,47.079795859192416,0.535655,0.49451759208840695,21.96736656503742,22.19646917021952,21.36991586624764,21.86971381483631,21.724472195137576,21.907747475014315,21.826675794385576,21.711019268780092,21.357699032647098,21.873289234944757,21.7924797942248,21.677055471483442,1.0,0.9166666666666666,0.0,0.0,0.0,21.36991586624764,21.7924797942248,21.907747475014315,15.727303804254953,19.946855520201254,23.487602349929702,3.0760707107383303e-16,1.1770594584441272e-16,0.0,1.1770594584441272e-16,2.752403289385646e-14,converged
2025-01-16T00:00:00+08:00,16.0,-14.0,0.0,4.173611111111112,57.4,57.4,47.6,47.6,35.0,55.00000000000001,85.0,41.351296968050065,11.31789671105882,14.237833111709154,15.79556714528209,90.26880504865726,1.3643026917098113,57.4,57.4,57.4,46.765065688150926,47.27025281315384,47.128722697837986,47.07792017250569,0.535655,0.4946074701616674,21.96154974784117,22.1903691262261,21.36262692291921,21.86495417021704,21.71773391448588,21.90066877220404,21.8202422237513,21.705288072012753,21.350349106280028,21.866218984608548,21.78605304741691,21.671329620164066,1.0,0.9166666666666666,0.0,0.0,0.0,21.36262692291921,21.78605304741691,21.90066877220404,15.727303804254953,19.946855520201254,23.487602349929702,3.0760707107383303e-16,1.1768455679499068e-16,0.0,1.1768455679499068e-16,3.7058135157148126e-14,converged
2025-01-16T00:05:00+08:00,16.083333333333332,-14.0,0.0,4.166666666666667,57.4,57.4,47.6,47.6,35.0,55.00000000000001,85.0,41.351296968050065,11.31789671105882,14.237833111709154,15.79556714528209,90.26880504865726,1.3643026917098113,57.4,57.4,57.4,46.763212592974014,47.26841408552461,47.12681660887947,47.07605178145813,0.535655,0.4946969986466966,21.955748714274304,22.184284764338148,21.355374498871356,21.86020559778573,21.71102257941909,21.89361688927606,21.813831812130534,21.6995765251873,21.343040222965943,21.859175497878194,21.779649414112626,21.665623382683094,1.0,0.9166666666666666,0.0,0.0,0.0,21.355374498871356,21.779649414112626,21.89361688927606,15.727303804254953,19.946855520201254,23.487602349929702,3.0760707107383303e-16,1.1766325866682332e-16,0.0,1.1766325866682332e-16,2.4181334232899754e-14,converged
2025-01-16T00:10:00+08:00,16.166666666666668,-14.0,0.0,4.159722222222222,57.4,57.4,47.6,47.6,35.0,55.00000000000001,85.0,41.351296968050065,11.31789671105882,14.237833111709154,15.79556714528209,90.26880504865726,1.3643026917098113,57.4,57.4,57.4,46.761366298213986,47.266582190964,47.12491850910593,47.07419065616125,0.535655,0.4947861789756733,21.94996342150877,22.17821604423982,21.348158411134104,21.85546807178555,21.704338082185007,21.886591724614856,21.807444476157453,21.693884560932077,21.33577215351449,21.852158673443196,21.773268811185282,21.65993669185355,1.0,0.9166666666666666,0.0,0.0,0.0,21.348158411134104,21.773268811185282,21.886591724614856,15.727303804254953,19.946855520201254,23.487602349929702,3.0760707107383303e-16,1.1764205102489182e-15,0.0,1.1764205102489168e-15,2.325131033911689e-14,converged
2025-01-16T00:15:00+08:00,16.25,-14.0,0.0,4.152777777777778,57.4,57.4,47.6,47.6,35.0,55.00000000000001,85.0,41.351296968050065,11.31789671105882,14.237833111709154,15.79556714528209,90.26880504865726,1.3643026917098113,57.4,57.4,57.4,46.759526776121184,47.2647571039941,47.123028363457614,47.07233676685525,0.535655,0.4948750125746112,21.944193826832727,22.17216292571892,21.340978477654186,21.850741566519588,21.697680315462325,21.879593176989903,21.80108013276633,21.68821211210642,21.328544670015155,21.84516841037655,21.766911155807172,21.654269480718597,1.0,0.9166666666666666,0.0,0.0,0.0,21.340978477654186,21.766911155807172,21.879593176989903,15.727303804254953,19.946855520201254,23.487602349929702,3.0760707107383303e-16,1.0585884009292632e-15,0.0,1.0585884009292622e-15,2.9011764271677504e-14,converged
2025-01-16T00:20:00+08:00,16.333333333333332,-14.0,0.0,4.145833333333333,57.4,57.4,47.6,47.6,35.0,55.00000000000001,85.0,41.351296968050065,11.31789671105882,14.237833111709154,15.79556714528209,90.26880504865726,1.3643026917098113,57.4,57.4,57.4,46.75769399906877,47.2629387992323,47.12114613703615,47.0704900839084,0.535655,0.4949635008633863,21.93843988765023,22.166125368666616,21.33383451729047,21.846026056350713,21.691049172358895,21.872621145554227,21.79473869919045,21.682559111799858,21.321357545830104,21.838204608133307,21.760576365448472,21.648621682550765,1.0,0.9166666666666666,0.0,0.0,0.0,21.33383451729047,21.760576365448472,21.872621145554227,15.727303804254953,19.946855520201254,23.487602349929702,3.0760707107383303e-16,2.3519981094336557e-16,0.0,2.351998109433655e-16,3.4827993983860717e-14,converged
2025-01-16T00:25:00+08:00,16.416666666666668,-14.0,0.0,4.138888888888889,57.4,57.4,47.6,47.6,35.0,55.00000000000001,85.0,41.351296968050065,11.31789671105882,14.237833111709154,15.79556714528209,90.26880504865726,1.3643026917098113,57.4,57.4,57.4,46.755867939552274,47.261127251390924,47.1192717951037,47.068650577816456,0.535655,0.4950516452557654,21.932701561480915,22.160103333077206,21.326726349809377,21.84132151570143,21.684444546410024,21.86567552984294,21.78842009296103,21.676925493331332,21.31421055558708,21.831267166549107,21.75426435787618,21.642993230851157,1.0,0.9166666666666666,0.0,0.0,0.0,21.326726349809377,21.75426435787618,21.86567552984294,15.727303804254953,19.946855520201254,23.487602349929702,3.0760707107383303e-16,5.878948335117114e-16,0.0,5.87894833511711e-16,3.648068547762444e-14,converged
2025-01-16T00:30:00+08:00,16.5,-14.0,0.0,4.131944444444445,57.4,57.4,47.6,47.6,35.0,55.00000000000001,85.0,41.351296968050065,11.31789671105882,14.237833111709154,15.79556714528209,90.26880504865726,1.3643026917098113,57.4,57.4,57.4,46.754048570188935,47.25932243527693,47.11740530308224,47.06681821920213,0.535655,0.49513944715943276,21.926978805959685,22.154096779047823,21.319653795880342,21.83662791905375,21.67786633157676,21.8587562297718,21.782124231906153,21.67131119024841,21.307103475172347,21.824355985838764,21.747975051153038,21.63738405934867,1.0,0.9166666666666666,0.0,0.0,0.0,21.319653795880342,21.747975051153038,21.8587562297718,15.727303804254953,19.946855520201254,23.487602349929702,3.0760707107383303e-16,3.5267435010924183e-16,0.0,3.526743501092417e-16,3.580438952668196e-14,converged
2025-01-16T00:35:00+08:00,16.583333333333332,-14.0,0.0,4.125,57.4,57.4,47.6,47.6,35.0,55.00000000000001,85.0,41.351296968050065,11.31789671105882,14.237833111709154,15.79556714528209,90.26880504865726,1.3643026917098113,57.4,57.4,57.4,46.75223586371717,47.2575243257915,47.11554662655279,47.064992978814495,0.535655,0.4952269079760178,21.921271578836404,22.14810566677819,21.312616677071286,21.831945240949036,21.67131442224418,21.85186314563576,21.7758510341497,21.665716136326488,21.30003608172364,21.817470966594808,21.741708363636466,21.631794101999205,1.0,0.9166666666666666,0.0,0.0,0.0,21.312616677071286,21.741708363636466,21.85186314563576,15.727303804254953,19.946855520201254,23.487602349929702,3.0760707107383303e-16,0.0,0.0,0.0,3.5762233774956183e-14,converged
2025-01-16T00:40:00+08:00,16.666666666666668,-14.0,0.0,4.118055555555555,57.4,57.4,47.6,47.6,35.0,55.00000000000001,85.0,41.351296968050065,11.31789671105882,14.237833111709154,15.79556714528209,90.26880504865726,1.3643026917098113,57.4,57.4,57.4,46.75042979299595,47.2557328979297,47.113695731254616,47.06317482752838,0.535655,0.4953140291011227,21.91557983797557,22.142129956570344,21.305614815844123,21.82727345598788,21.66478871321971,21.844996178107547,21.769600418110283,21.660140265568028,21.293008153623195,21.81061200978607,21.735464213977515,21.6262232929849,1.0,0.9166666666666666,0.0,0.0,0.0,21.305614815844123,21.735464213977515,21.844996178107547,15.727303804254953,19.946855520201254,23.487602349929702,3.0760707107383303e-16,7.05100087947444e-16,0.0,7.051000879474435e-16,2.9508222351670926e-14,converged
2025-01-16T00:45:00+08:00,16.75,-14.0,0.0,4.111111111111111,57.4,57.4,47.6,47.6,35.0,55.00000000000001,85.0,41.351296968050065,11.31789671105882,14.237833111709154,15.79556714528209,90.26880504865726,1.3643026917098113,57.4,57.4,57.4,46.74863033100434,47.253948126780145,47.11185258308448,47.061363736343885,0.535655,0.49540081192434904,21.909903541356027,22.13616960882838,21.29864803555026,21.822612538829954,21.65828909973143,21.838155228236207,21.76337230250018,21.654583512201768,21.286019470490793,21.80377901675625,21.7292425211198,21.62067156671335,1.0,0.9166666666666666,0.0,0.0,0.0,21.29864803555026,21.7292425211198,21.838155228236207,15.727303804254953,19.946855520201254,23.487602349929702,3.0760707107383303e-16,1.1749609510602922e-16,0.0,1.1749609510602922e-16,3.303838865337714e-14,converged
2025-01-16T00:50:00+08:00,16.833333333333332,-14.0,0.0,4.104166666666667,57.4,57.4,47.6,47.6,35.0,55.00000000000001,85.0,41.351296968050065,11.31789671105882,14.237833111709154,15.79556714528209,90.26880504865726,1.3643026917098113,57.4,57.4,57.4,46.74683745084086,47.252169987524624,47.11001714809591,47.05955967638573,0.535655,0.49548725782932507,21.904242647070628,22.130224584058187,21.29171616042617,21.81796246419389,21.651815477426382,21.8313401974457,21.757166606324283,21.649045810681944,21.27906981317685,21.796971889222494,21.723043204298456,21.61513885781684,1.0,0.9166666666666666,0.0,0.0,0.0,21.29171616042617,21.723043204298456,21.8313401974457,15.727303804254953,19.946855520201254,23.487602349929702,3.0760707107383303e-16,0.0,0.0,0.0,3.5470151350742677e-14,converged
2025-01-16T00:55:00+08:00,16.916666666666668,-14.0,0.0,4.097222222222222,57.4,57.4,47.6,47.6,35.0,55.00000000000001,85.0,41.351296968050065,11.31789671105882,14.237833111709154,15.79556714528209,90.26880504865726,1.3643026917098113,57.4,57.4,57.4,46.74505112572292,47.25039845543778,47.108189392498424,47.057762618902764,0.535655,0.4955733681937324,21.89859711332595,22.12429484286719,21.28481901558893,21.813323206857124,21.645367742368908,21.824550987533478,21.750983248879045,21.64352709568753,21.272158963755547,21.790190529273996,21.71686618303908,21.60962510115157,1.0,0.9166666666666666,0.0,0.0,0.0,21.28481901558893,21.71686618303908,21.824550987533478,15.727303804254953,19.946855520201254,23.487602349929702,3.0760707107383303e-16,3.5236555058813733e-16,0.0,3.5236555058813733e-16,3.698149671211368e-14,converged
2025-01-16T01:00:00+08:00,17.0,-14.0,0.0,4.090277777777778,57.4,57.4,47.6,47.6,35.0,55.00000000000001,85.0,41.351296968050065,11.31789671105882,14.237833111709154,15.79556714528209,90.26880504865726,1.3643026917098113,57.4,57.4,57.4,46.743271328986324,47.24863350588673,47.10636928265677,47.055972535267344,0.535655,0.495659144389333,21.89296689844196,22.118380345964084,21.277956427031825,21.808694741655763,21.638945791038978,21.81778750066905,21.744822149751425,21.638027302121458,21.265286705517994,21.78343483937057,21.710711377156695,21.604130231796884,1.0,0.9166666666666666,0.0,0.0,0.0,21.277956427031825,21.710711377156695,21.81778750066905,15.727303804254953,19.946855520201254,23.487602349929702,3.0760707107383303e-16,5.871742867286449e-16,0.0,5.871742867286446e-16,2.74498739464173e-14,converged
2025-01-16T01:05:00+08:00,17.083333333333332,-14.0,0.0,4.083333333333333,57.4,57.4,47.6,47.6,35.0,55.00000000000001,85.0,41.351296968050065,11.31789671105882,14.237833111709154,15.79556714528209,90.26880504865726,1.3643026917098113,57.4,57.4,57.4,46.74149803408468,47.24687511433074,47.104556785090196,47.054189396974856,0.535655,0.49574458778199576,21.887351960851735,22.112481054158568,21.27112822161995,21.804077043484458,21.632549520330524,21.811049639392596,21.738683228817848,21.632546365109842,21.25845282296543,21.776704722341268,21.704578706754706,21.598654185054517,1.0,0.9166666666666666,0.0,0.0,0.0,21.27112822161995,21.704578706754706,21.811049639392596,15.727303804254953,19.946855520201254,23.487602349929702,3.0760707107383303e-16,3.522438510558039e-16,0.0,3.5224385105580377e-16,3.253458991807135e-14,converged
2025-01-16T01:10:00+08:00,17.166666666666668,-14.0,0.0,4.076388888888889,57.4,57.4,47.6,47.6,35.0,55.00000000000001,85.0,41.351296968050065,11.31789671105882,14.237833111709154,15.79556714528209,90.26880504865726,1.3643026917098113,57.4,57.4,57.4,46.73973121458885,47.245123256320845,47.10275186647172,47.05241317564308,0.535655,0.49582969973172275,21.881752259101138,22.1065969283611,21.26433422708585,21.799470087296257,21.62617882754979,21.804337306613554,21.732566406243166,21.627084220001233,21.25165710180248,21.770000081382964,21.69846809222386,21.593196896447825,1.0,0.9166666666666666,0.0,0.0,0.0,21.26433422708585,21.69846809222386,21.804337306613554,15.727303804254953,19.946855520201254,23.487602349929702,3.0760707107383303e-16,3.5218338642256605e-16,0.0,3.5218338642256595e-16,3.453476004340332e-14,converged
2025-01-16T01:15:00+08:00,17.25,-14.0,0.0,4.069444444444445,57.4,57.4,47.6,47.6,35.0,55.00000000000001,85.0,41.351296968050065,11.31789671105882,14.237833111709154,15.79556714528209,90.26880504865726,1.3643026917098113,57.4,57.4,57.4,46.73797084418641,47.24337790749956,47.10095449362734,47.0506438430117,0.535655,0.4959144815926761,21.876167751848516,22.100727929582625,21.25757427202517,21.794873848102476,21.61983361041367,21.797650405609218,21.726471602479606,21.62164080236584,21.244899328930412,21.76332082005897,21.692379454241212,21.587758301721028,1.0,0.9166666666666666,0.0,0.0,0.0,21.25757427202517,21.692379454241212,21.797650405609218,15.727303804254953,19.946855520201254,23.487602349929702,3.0760707107383303e-16,2.347487846151539e-16,0.0,2.3474878461515385e-16,3.2578823802027936e-14,converged
2025-01-16T01:20:00+08:00,17.333333333333332,-14.0,0.0,4.0625,57.4,57.4,47.6,47.6,35.0,55.00000000000001,85.0,41.351296968050065,11.31789671105882,14.237833111709154,15.79556714528209,90.26880504865726,1.3643026917098113,57.4,57.4,57.4,46.73621689668109,47.24163904360051,47.09916463353537,47.048881370941714,0.535655,0.4959989347132035,21.87059839786439,22.094874018934327,21.250848185892327,21.790288300972563,21.613513767048094,21.790988840023342,21.720398738265747,21.616216047994776,21.238179292440478,21.756666842297644,21.68631271376911,21.582338336838454,1.0,0.9166666666666666,0.0,0.0,0.0,21.250848185892327,21.68631271376911,21.790988840023342,15.727303804254953,19.946855520201254,23.487602349929702,3.0760707107383303e-16,3.5206322134819243e-16,0.0,3.5206322134819233e-16,1.586583506868144e-14,converged
2025-01-16T01:25:00+08:00,17.416666666666668,-14.0,0.0,4.055555555555555,57.4,57.4,47.6,47.6,35.0,55.00000000000001,85.0,41.351296968050065,11.31789671105882,14.237833111709154,15.79556714528209,90.26880504865726,1.3643026917098113,57.4,57.4,57.4,46.73446934599229,47.239906640448055,47.09738225332565,47.04712573141492,0.535655,0.49608306043586536,21.86504415603116,22.08903515762736,21.24415579899621,21.785713421033957,21.607219195986357,21.78435251386476,21.714347734625488,21.6108098928993,21.23149678160726,21.750038052391023,21.680267792054142,21.576936937983785,1.0,0.9166666666666666,0.0,0.0,0.0,21.24415579899621,21.680267792054142,21.785713421033957,15.727303804254953,19.946855520201254,23.487602349929702,3.0760707107383303e-16,4.693380246632519e-16,0.0,4.693380246632517e-16,2.5402376946568512e-14,converged
2025-01-16T01:30:00+08:00,17.5,-14.0,0.0,4.048611111111111,57.4,57.4,47.6,47.6,35.0,55.00000000000001,85.0,41.351296968050065,11.31789671105882,14.237833111709154,15.79556714528209,90.26880504865726,1.3643026917098113,57.4,57.4,57.4,46.73272816615446,47.238180673957,47.09560732027885,47.04537689653338,0.535655,0.49616686009745975,21.859504985342795,22.083211306972604,21.237496942495902,21.78114918347196,21.600949796167512,21.777741331506,21.70831851286702,21.60542227331007,21.224851586882053,21.743434354993425,21.674244610626143,21.571554041559303,1.0,0.9166666666666666,0.0,0.0,0.0,21.237496942495902,21.674244610626143,21.78114918347196,15.727303804254953,19.946855520201254,23.487602349929702,3.0760707107383303e-16,1.173146890585033e-16,0.0,1.173146890585033e-16,2.857864582654596e-14,converged
2025-01-16T01:35:00+08:00,17.583333333333332,-14.0,0.0,4.041666666666667,57.4,57.4,47.6,47.6,35.0,55.00000000000001,85.0,41.351296968050065,11.31789671105882,14.237833111709154,15.79556714528209,90.26880504865726,1.3643026917098113,57.4,57.4,57.4,46.73099333131659,47.23646112013225,47.09383980182574,47.04363483851881,0.535655,0.496250335029049,21.853980844904527,22.077402428380395,21.230871448396417,21.7765955635296,21.59470546693475,21.771155197681903,21.7023109945818,21.600053125676368,21.21824349988631,21.73685565512009,21.668243091297157,21.566189584185143,1.0,0.9166666666666666,0.0,0.0,0.0,21.230871448396417,21.668243091297157,21.7765955635296,15.727303804254953,19.946855520201254,23.487602349929702,3.0760707107383303e-16,1.1729495539798499e-16,0.0,1.1729495539798499e-16,3.804944847986562e-14,converged
2025-01-16T01:40:00+08:00,17.666666666666668,-14.0,0.0,4.034722222222222,57.4,57.4,47.6,47.6,35.0,55.00000000000001,85.0,41.351296968050065,11.31789671105882,14.237833111709154,15.79556714528209,90.26880504865726,1.3643026917098113,57.4,57.4,57.4,46.72926481574173,47.234747955068414,47.09207966554646,47.04189952971215,0.535655,0.4963334865559852,21.848471693932563,22.07160848336028,21.224279149544465,21.772052536507495,21.588486108033774,21.76459401748825,21.696325101643534,21.59470238666538,21.211672313405096,21.73030185814582,21.66226315616042,21.56084350269855,1.0,0.9166666666666666,0.0,0.0,0.0,21.224279149544465,21.66226315616042,21.772052536507495,15.727303804254953,19.946855520201254,23.487602349929702,3.0760707107383303e-16,1.172753047902637e-16,0.0,1.1727530479026366e-16,3.5465699013842544e-14,converged
2025-01-16T01:45:00+08:00,17.75,-14.0,0.0,4.027777777777778,57.4,57.4,47.6,47.6,35.0,55.00000000000001,85.0,41.351296968050065,11.31789671105882,14.237833111709154,15.79556714528209,90.26880504865726,1.3643026917098113,57.4,57.4,57.4,46.72754259380638,47.233041154949554,47.090326879169794,47.04017094257292,0.535655,0.496416315997936,21.842977491753768,22.06582943352075,21.217719879624227,21.767520077763717,21.582291619611183,21.758057696380398,21.690360756207163,21.589369993161426,21.205137821380593,21.723772869803593,21.65630472758937,21.55551573415313,1.0,0.9166666666666666,0.0,0.0,0.0,21.217719879624227,21.65630472758937,21.767520077763717,15.727303804254953,19.946855520201254,23.487602349929702,3.0760707107383303e-16,8.20790157904411e-16,0.0,8.207901579044103e-16,4.0414586233102556e-14,converged
2025-01-16T01:50:00+08:00,17.833333333333332,-14.0,0.0,4.020833333333333,57.4,57.4,47.6,47.6,35.0,55.00000000000001,85.0,41.351296968050065,11.31789671105882,14.237833111709154,15.79556714528209,90.26880504865726,1.3643026917098113,57.4,57.4,57.4,46.725826640000015,47.23134069604879,47.08858141057251,47.038449049678796,0.535655,0.49649882466891,21.83749819780537,22.06006524056901,21.211193473153166,21.762998162713668,21.576121902212886,21.751546140171914,21.68441788070784,21.58405588226523,21.198639818905644,21.71726859618324,21.650367728236613,21.55020621581811,1.0,0.9166666666666666,0.0,0.0,0.0,21.211193473153166,21.650367728236613,21.762998162713668,15.727303804254953,19.946855520201254,23.487602349929702,3.0760707107383303e-16,4.689450046717283e-16,0.0,4.689450046717281e-16,3.1448167190326574e-14,converged
2025-01-16T01:55:00+08:00,17.916666666666668,-14.0,0.0,4.013888888888889,57.4,57.4,47.6,47.6,35.0,55.00000000000001,85.0,41.351296968050065,11.31789671105882,14.237833111709154,15.79556714528209,90.26880504865726,1.3643026917098113,57.4,57.4,57.4,46.72411692892453,47.22964655472798,47.08684322777858,47.03673382372498,0.535655,0.4965810138772821,21.83203377163467,22.054315866310695,21.204699765477855,21.758486766829936,21.5699768567825,21.745059255033226,21.678496397859938,21.578759991293165,21.192178102217323,21.710788943730066,21.644452081032938,21.544914885177608,1.0,0.9166666666666666,0.0,0.0,0.0,21.204699765477855,21.644452081032938,21.758486766829936,15.727303804254953,19.946855520201254,23.487602349929702,3.0760707107383303e-16,0.0,0.0,0.0,3.90808571332214e-14,converged
2025-01-16T02:00:00+08:00,18.0,-14.0,0.0,4.006944444444445,57.4,57.4,47.6,47.6,35.0,55.00000000000001,85.0,41.351296968050065,11.31789671105882,14.237833111709154,15.79556714528209,90.26880504865726,1.3643026917098113,57.4,57.4,57.4,46.722413435293724,47.22795870743739,47.08511229895852,47.03502523752372,0.535655,0.496662884925819,21.82658417289873,22.048581272649635,21.198238592769815,21.75398586564217,21.563856384659747,21.738596947490255,21.672596230656033,21.573482257776526,21.18575246869054,21.704333819243526,21.638557709186312,21.53964167992988,1.0,0.9166666666666666,0.0,0.0,0.0,21.198238592769815,21.638557709186312,21.75398586564217,15.727303804254953,19.946855520201254,23.487602349929702,3.0760707107383303e-16,0.0,0.0,0.0,3.749571151415148e-14,converged
2025-01-16T02:05:00+08:00,18.083333333333332,-14.0,0.0,4.0,57.4,57.4,47.6,47.6,35.0,55.00000000000001,85.0,41.351296968050065,11.31789671105882,14.237833111709154,15.79556714528209,90.26880504865726,1.3643026917098113,57.4,57.4,57.4,46.72071613393278,47.22627713071537,47.083388592428676,47.03332326400379,0.535655,0.4967444391117042,21.82114936136408,22.0428614215876,21.191809792021385,21.74949543473694,21.557760387578888,21.732159124423088,21.666717302365907,21.568222619460784,21.1793627168317,21.697903129875872,21.632684536180875,21.534386537986595,1.0,0.9166666666666666,0.0,0.0,0.0,21.191809792021385,21.632684536180875,21.74949543473694,15.727303804254953,19.946855520201254,23.487602349929702,3.0760707107383303e-16,1.1717828390299928e-16,0.0,1.1717828390299925e-16,3.407118601083091e-14,converged
2025-01-16T02:10:00+08:00,18.166666666666668,-13.972222222222223,0.27777777777777385,3.993055555555556,57.4,57.4,47.6,47.6,35.0,55.00000000000001,85.0,41.351296968050065,11.31789671105882,14.237833111709154,15.79556714528209,90.26880504865726,1.3643026917098113,57.4,57.4,57.4,46.71903496743027,47.224611682990385,47.08168296323139,47.03163816531974,0.5350832555555556,0.49682518469893305,21.815784777054294,22.03721321944558,21.18550214414854,21.74506142794187,21.551762693535583,21.72582011312915,21.66092774680473,21.563042812882895,21.17310559678977,21.691571203323388,21.626900696156632,21.529211196146356,1.0,0.9166666666666666,0.0,0.0,0.0,21.18550214414854,21.626900696156632,21.74506142794187,15.727303804254953,19.946855520201254,23.487602349929702,3.0760707107383303e-16,5.857961986039434e-16,0.0,5.857961986039434e-16,4.257368962905025e-14,converged
2025-01-16T02:15:00+08:00,18.25,-13.944444444444445,0.5555555555555596,3.986111111111111,57.4,57.4,47.6,47.6,35.0,55.00000000000001,85.0,41.351296968050065,11.31789671105882,14.237833111709154,15.79556714528209,90.26880504865726,1.3643026917098113,57.4,57.4,57.4,46.71737982765577,47.222972173782395,47.080006204358085,47.02998014920186,0.5345115111111112,0.4969046325593698,21.81049022941147,22.031636482027217,21.179315042147543,21.740683713999605,21.545862909427647,21.719579539229095,21.655227242256252,21.55794256433231,21.16698036792948,21.685337665730984,21.621205867831566,21.52411538105482,1.0,0.9166666666666666,0.0,0.0,0.0,21.179315042147543,21.621205867831566,21.740683713999605,15.727303804254953,19.946855520201254,23.487602349929702,3.0760707107383303e-16,5.857025382683748e-16,0.0,5.857025382683748e-16,3.551498953300736e-14,converged
2025-01-16T02:20:00+08:00,18.333333333333332,-13.916666666666666,0.8333333333333334,3.9791666666666665,57.4,57.4,47.6,47.6,35.0,55.00000000000001,85.0,41.351296968050065,11.31789671105882,14.237833111709154,15.79556714528209,90.26880504865726,1.3643026917098113,57.4,57.4,57.4,46.71575061376292,47.22135850660376,47.07835819157975,47.02834910737274,0.5339397666666666,0.49698278788138917,21.805265528394777,22.02613102560968,21.173247882055882,21.736362161958134,21.540060643724864,21.71343702976203,21.649615468162306,21.552921601036928,21.16098629375137,21.679202144658756,21.615599731079136,21.519098820294015,1.0,0.9166666666666666,0.0,0.0,0.0,21.173247882055882,21.615599731079136,21.736362161958134,15.727303804254953,19.946855520201254,23.487602349929702,3.0760707107383303e-16,1.1712208618250852e-16,0.0,1.1712208618250852e-16,2.8182780943135357e-14,converged
2025-01-16T02:25:00+08:00,18.416666666666668,-13.88888888888889,1.1111111111111072,3.9722222222222223,57.4,57.4,47.6,47.6,35.0,55.00000000000001,85.0,41.351296968050065,11.31789671105882,14.237833111709154,15.79556714528209,90.26880504865726,1.3643026917098113,57.4,57.4,57.4,46.71414722533541,47.21977058532696,47.07673880122796,47.02674493201081,0.5333680222222221,0.4970596558315232,21.800110484479042,22.02069666694246,21.167300062937034,21.732096641170074,21.534355506462703,21.707392213180146,21.644092105118645,21.547979651159864,21.155122641868715,21.673164269076633,21.61008196692412,21.514161242379135,1.0,0.9166666666666666,0.0,0.0,0.0,21.167300062937034,21.61008196692412,21.732096641170074,15.727303804254953,19.946855520201254,23.487602349929702,3.0760707107383303e-16,2.342079475997413e-16,0.0,2.3420794759974124e-16,3.2418543206802416e-14,converged
2025-01-16T02:30:00+08:00,18.5,-13.86111111111111,1.3888888888888928,3.9652777777777777,57.4,57.4,47.6,47.6,35.0,55.00000000000001,85.0,41.351296968050065,11.31789671105882,14.237833111709154,15.79556714528209,90.26880504865726,1.3643026917098113,57.4,57.4,57.4,46.71256956238498,47.21820831418325,47.075147910192264,47.025167515748315,0.5327962777777778,0.49713524155455796,21.795024908653364,22.01533322324615,21.16147098686531,21.727887021291956,21.52874710923605,21.70144471934335,21.638656834870783,21.543116443796254,21.149388683984526,21.66722366935903,21.60465225753848,21.509302376755343,1.0,0.9166666666666666,0.0,0.0,0.0,21.16147098686531,21.60465225753848,21.727887021291956,15.727303804254953,19.946855520201254,23.487602349929702,3.0760707107383303e-16,1.1708616900996632e-16,0.0,1.170861690099663e-16,3.1412304727202146e-14,converged
2025-01-16T02:35:00+08:00,18.583333333333332,-13.833333333333334,1.6666666666666667,3.9583333333333335,57.3,57.3,47.53333333333333,47.53333333333333,35.0,55.00000000000001,85.0,41.29338198630209,11.302045315104953,14.217892168975666,15.773444502221468,90.01612832148712,1.3585783522321466,57.4,57.4,57.4,46.69852647858725,47.204646984604395,47.06141853402335,47.01141013825125,0.5322245333333333,0.4970972685179491,21.78999849377072,22.01003098471508,21.155740426987315,21.723724481222124,21.523220465941122,21.695580413709994,21.63329623864671,21.538319196887176,21.143762624047405,21.661366063621667,21.599297043956618,21.50450930752189,1.0,0.9166666666666666,0.0,0.0,0.0,21.155740426987315,21.599297043956618,21.723724481222124,15.749361733854192,19.97483147464754,23.520544288709413,2.056470193962205e-16,1.1709511316971893e-16,0.0,1.6740941960983253e-15,3.4406209209415626e-14,converged
2025-01-16T02:40:00+08:00,18.666666666666668,-13.805555555555555,1.9444444444444406,3.951388888888889,57.3,57.3,47.53333333333333,47.53333333333333,35.0,55.00000000000001,85.0,41.29338198630209,11.302045315104953,14.217892168975666,15.773444502221468,90.01612832148712,1.3585783522321466,57.4,57.4,57.4,46.696994187664885,47.20313010917662,47.05987806345107,47.00988003059848,0.5316527888888889,0.49717048464687963,21.78504119653144,22.004799320080004,21.150127518565416,21.719617601494637,21.517789846675953,21.68981274465696,21.628023147356725,21.533600194703755,21.138264928128233,21.655605049096582,21.594029298573574,21.499794453891727,1.0,0.9166666666666666,0.0,0.0,0.0,21.150127518565416,21.594029298573574,21.719617601494637,15.749361733854192,19.97483147464754,23.520544288709413,2.056470193962205e-16,1.0537008217478757e-15,0.0,2.6946203306156613e-15,2.660456083646156e-14,converged
2025-01-16T02:45:00+08:00,18.75,-13.777777777777777,2.2222222222222263,3.944444444444444,57.3,57.3,47.53333333333333,47.53333333333333,35.0,55.00000000000001,85.0,41.29338198630209,11.302045315104953,14.217892168975666,15.773444502221468,90.01612832148712,1.3585783522321466,57.4,57.4,57.4,46.69548736970558,47.201638642338295,47.05836577773279,47.00837640964519,0.5310810444444445,0.49724243337897134,21.780152829408028,21.999638047927228,21.14463167220236,21.71556625264241,21.51245486749084,21.6841413460835,21.622837246040095,21.52895916900391,21.13289487949815,21.649940260186572,21.588848706846235,21.49515754796571,1.0,1.0,0.0,0.0,0.0,21.14463167220236,21.588848706846235,21.71556625264241,15.749361733854192,19.97483147464754,23.520544288709413,2.056470193962205e-16,0.0,0.0,1.556544532913739e-15,3.409659738524636e-14,converged
2025-01-16T02:50:00+08:00,18.833333333333332,-13.75,2.5,3.9375,57.3,57.3,47.53333333333333,47.53333333333333,35.0,55.00000000000001,85.0,41.29338198630209,11.302045315104953,14.217892168975666,15.773444502221468,90.01612832148712,1.3585783522321466,57.314987234677076,57.39949662949296,57.4,46.634369284786885,47.199812457559425,47.056881555749975,46.99045258938482,0.5305093000000001,0.4969784151074475,21.775229876866327,21.994449091189058,21.139055298871146,21.711481723593046,21.507214219867578,21.678564975913922,21.617737387375566,21.524395058660847,21.127651765430198,21.64437133267822,21.58375495536261,21.49059832276228,1.0,1.0,0.0,0.0,0.0,21.139055298871146,21.58375495536261,21.711481723593046,15.749361733854192,19.97483147464754,23.520544288709413,2.056470193962205e-16,7.027387002417337e-16,0.0,1.5180253954440577e-15,3.3718562416419755e-14,converged
2025-01-16T02:55:00+08:00,18.916666666666668,-13.722222222222223,2.777777777777774,3.930555555555556,57.3,57.3,47.53333333333333,47.53333333333333,35.0,55.00000000000001,85.0,41.29338198630209,11.302045315104953,14.217892168975666,15.773444502221468,90.01612832148712,1.3585783522321466,57.3,57.3,57.370410885774184,46.62235553582935,47.127182956631394,47.03434810018585,46.95354961643644,0.5299375555555556,0.49636785799364613,21.770357569799867,21.98931318085794,21.133561161338307,21.707437075153344,21.501885764518757,21.672911060133117,21.61255964268634,21.519751758883928,21.122458032483838,21.638846461034507,21.578698859900058,21.486069966330632,1.0,1.0,0.0,0.0,0.0,21.133561161338307,21.578698859900058,21.707437075153344,15.749361733854192,19.97483147464754,23.520544288709413,2.056470193962205e-16,2.345343679131315e-16,0.0,2.454823589153265e-15,3.031840151764832e-14,converged
2025-01-16T03:00:00+08:00,19.0,-13.694444444444445,3.05555555555556,3.923611111111111,57.3,57.3,47.53333333333333,47.53333333333333,35.0,55.00000000000001,85.0,41.29338198630209,11.302045315104953,14.217892168975666,15.773444502221468,90.01612832148712,1.3585783522321466,57.3,57.3,57.3,46.620877156965705,47.12571883376125,46.98272850273152,46.93292296246184,0.529365811111111,0.49606787316251527,21.765553962257002,21.98424741686794,21.12818349085905,21.703447812837666,21.496652540750105,21.667352983885767,21.607468744784853,21.51518617606421,21.11720789948897,21.63329473891601,21.573613069548347,21.48150834707683,1.0,1.0,0.0,0.0,0.0,21.12818349085905,21.573613069548347,21.703447812837666,15.749361733854192,19.97483147464754,23.520544288709413,2.056470193962205e-16,0.0,0.0,0.0,3.640919387662989e-14,converged
2025-01-16T03:05:00+08:00,19.083333333333332,-13.666666666666666,3.3333333333333335,3.9166666666666665,57.2,57.2,47.46666666666667,47.46666666666667,35.0,55.00000000000001,85.0,41.23546700455412,11.286193919151088,14.197951226242179,15.75132185916085,89.76380573128567,1.3528700473083468,57.3,57.3,57.3,46.60692858762893,47.112250404224476,46.96910141186093,46.9192625119004,0.5287940666666666,0.49602486584965816,21.760808744167445,21.979242086358063,21.122902059577953,21.69950511362578,21.491499559752828,21.661876609369386,21.60245127194476,21.510685525618154,21.11206294664916,21.627824527661137,21.568600528774077,21.477011498343515,1.0,1.0,0.0,0.0,0.0,21.122902059577953,21.568600528774077,21.69950511362578,15.771481623929832,20.002886013235532,23.553578761025012,1.0311254261164666e-16,1.173482720745491e-16,0.0,2.6036647866540584e-15,3.522080040526865e-14,converged
2025-01-16T03:10:00+08:00,19.166666666666668,-13.63888888888889,3.611111111111107,3.9097222222222223,57.2,57.2,47.46666666666667,47.46666666666667,35.0,55.00000000000001,85.0,41.23546700455412,11.286193919151088,14.197951226242179,15.75132185916085,89.76380573128567,1.3528700473083468,57.3,57.3,57.3,46.605494972937635,47.110831099691765,46.96766786487401,46.91783385026,0.5282223222222222,0.4960931318759724,21.756131879446187,21.97430656518587,21.117736026921513,21.695617562445765,21.48644110662288,21.656495399685657,21.59752006719139,21.506262101531682,21.107043668573237,21.622449439216016,21.56367422207509,21.47259184904304,1.0,1.0,0.0,0.0,0.0,21.117736026921513,21.56367422207509,21.695617562445765,15.771481623929832,20.002886013235532,23.553578761025012,1.0311254261164666e-16,5.866606204903057e-16,0.0,2.133978007033487e-15,3.798366472509855e-14,converged
2025-01-16T03:15:00+08:00,19.25,-13.61111111111111,3.888888888888893,3.9027777777777777,57.2,57.2,47.46666666666667,47.46666666666667,35.0,55.00000000000001,85.0,41.23546700455412,11.286193919151088,14.197951226242179,15.75132185916085,89.76380573128567,1.3528700473083468,57.3,57.3,57.3,46.60408647607565,47.109436863473846,46.966262069905454,46.916431295620576,0.5276505777777778,0.4961601504262119,21.75152318265878,21.969440673921824,21.11268481484097,21.691785031035643,21.481476803431416,21.651208994346145,21.592674820047485,21.501915639080895,21.102149363620992,21.617169113578402,21.558833839378206,21.468249134784006,1.0,1.0,0.0,0.0,0.0,21.11268481484097,21.558833839378206,21.691785031035643,15.771481623929832,20.002886013235532,23.553578761025012,1.0311254261164666e-16,8.212139286967336e-16,0.0,4.390194998278297e-15,3.1343537236903124e-14,converged
2025-01-16T03:20:00+08:00,19.333333333333332,-13.583333333333334,4.166666666666667,3.8958333333333335,57.2,57.2,47.46666666666667,47.46666666666667,35.0,55.00000000000001,85.0,41.23546700455412,11.286193919151088,14.197951226242179,15.75132185916085,89.76380573128567,1.3528700473083468,57.2154296324786,57.3,57.3,46.54340632376689,47.1080676023514,46.96488390779756,46.898825176512275,0.5270788333333334,0.49589538915417236,21.74687970153693,21.96454686918376,21.107551914504764,21.687919290691887,21.476606273760574,21.646017034227967,21.587915221153192,21.49764587444934,21.09737933406946,21.61198319210851,21.55407907172518,21.46398309208049,1.0,1.0,0.0,0.0,0.0,21.107551914504764,21.55407907172518,21.687919290691887,15.771481623929832,20.002886013235532,23.553578761025012,1.0311254261164666e-16,1.1737891133198421e-16,0.0,4.580528610181728e-15,3.580856368364152e-14,converged
2025-01-16T03:25:00+08:00,19.416666666666668,-13.555555555555555,4.444444444444441,3.888888888888889,57.2,57.2,47.46666666666667,47.46666666666667,35.0,55.00000000000001,85.0,41.23546700455412,11.286193919151088,14.197951226242179,15.75132185916085,89.76380573128567,1.3528700473083468,57.2,57.20005772026472,57.271071575220496,46.531185315281114,47.03524979434576,46.942936578779644,46.8620245310566,0.526507088888889,0.49527974018522947,21.74228557361741,21.959704846106796,21.102498010886244,21.684092464356983,21.47164567489246,21.640745331661638,21.58307580819989,21.493295241654568,21.09265777274202,21.606841034149447,21.54936184075325,21.459747961491352,1.0,1.0,0.0,0.0,0.0,21.102498010886244,21.54936184075325,21.684092464356983,15.771481623929832,20.002886013235532,23.553578761025012,1.0311254261164666e-16,5.876240858519506e-16,0.0,4.879575319156549e-15,4.438292640128542e-14,converged
2025-01-16T03:30:00+08:00,19.5,-13.527777777777777,4.722222222222227,3.881944444444444,57.2,57.2,47.46666666666667,47.46666666666667,35.0,55.00000000000001,85.0,41.23546700455412,11.286193919151088,14.197951226242179,15.75132185916085,89.76380573128567,1.3528700473083468,57.2,57.2,57.2,46.5298041560296,47.03384057706002,46.890975946146135,46.84131312070789,0.5259353444444445,0.494971217176992,21.73775938917677,21.954932212621692,21.09755836617271,21.68032051655956,21.46677872898767,21.635567918419273,21.57832192728848,21.48902123028223,21.0878754990991,21.601669454828265,21.544612630204224,21.45547754852639,1.0,1.0,0.0,0.0,0.0,21.09755836617271,21.544612630204224,21.68032051655956,15.771481623929832,20.002886013235532,23.553578761025012,1.0311254261164666e-16,7.05588432945023e-16,0.0,0.0,3.214905357317259e-14,converged
2025-01-16T03:35:00+08:00,19.583333333333332,-13.5,5.0,3.875,57.1,57.1,47.4,47.4,35.0,55.00000000000001,85.0,41.17755202280615,11.270342523197225,14.178010283508693,15.72919921610023,89.51183727805292,1.3471777544495551,57.2,57.2,57.2,46.51594875975711,47.02046378756789,46.87744939813172,46.82774813051904,0.5253635999999999,0.4949233011725898,21.733290835671866,21.950219253264397,21.092712752609746,21.676594622676323,21.461990551467736,21.630470754784074,21.573640249949698,21.484811144782974,21.083195779169273,21.596577937508187,21.539935450406798,21.45127090173636,1.0,1.0,0.0,0.0,0.0,21.092712752609746,21.539935450406798,21.676594622676323,15.793663735918479,20.03101946754388,23.586706157313376,1.0340279593076966e-16,7.056567444962856e-16,0.0,4.430568778595168e-15,3.725322217970248e-14,converged
2025-01-16T03:40:00+08:00,19.666666666666668,-13.472222222222223,5.277777777777774,3.868055555555556,57.1,57.1,47.4,47.4,35.0,55.00000000000001,85.0,41.17755202280615,11.270342523197225,14.178010283508693,15.72919921610023,89.51183727805292,1.3471777544495551,57.2,57.2,57.2,46.51461177275117,47.019140088878835,46.87612026726918,46.82641871979491,0.5247918555555555,0.49498673545402533,21.728889883711098,21.945575350503205,21.087980351989042,21.672923371678724,21.45729544136669,21.625467317557547,21.569043630467807,21.480677288154016,21.07863913391775,21.591580107817,21.535343297099068,21.447140459024073,1.0,1.0,0.0,0.0,0.0,21.087980351989042,21.535343297099068,21.672923371678724,15.793663735918479,20.03101946754388,23.586706157313376,1.0340279593076966e-16,5.87971926763619e-16,0.0,3.4047249384155813e-15,3.603960023617299e-14,converged
2025-01-16T03:45:00+08:00,19.75,-13.444444444444445,5.55555555555556,3.861111111111111,57.1,57.1,47.4,47.4,35.0,55.00000000000001,85.0,41.17755202280615,11.270342523197225,14.178010283508693,15.72919921610023,89.51183727805292,1.3471777544495551,57.2,57.2,57.2,46.51329955730556,47.01784112569564,46.87481846703832,46.82511504574341,0.5242201111111111,0.49504894168207847,21.7245563499189,21.941000326861992,21.083360597271724,21.669306636492998,21.452693026632648,21.620557251736326,21.564531762752406,21.476619399117432,21.07420487629225,21.586675611220635,21.53083586458154,21.443085959433937,1.0,1.0,0.0,0.0,0.0,21.083360597271724,21.53083586458154,21.669306636492998,15.793663735918479,20.03101946754388,23.586706157313376,1.0340279593076966e-16,1.1757960882754195e-16,0.0,5.125736072325656e-16,2.8097575813776824e-14,converged
2025-01-16T03:50:00+08:00,19.833333333333332,-13.416666666666666,5.833333333333334,3.8541666666666665,57.1,57.1,47.4,47.4,35.0,55.00000000000001,85.0,41.17755202280615,11.270342523197225,14.178010283508693,15.72919921610023,89.51183727805292,1.3471777544495551,57.115873274718375,57.2,57.2,46.45305593730781,47.01656680605121,46.873543880187846,46.8077006598827,0.5236483666666666,0.4947811974493511,21.720187846583446,21.936397173868237,21.078658062018874,21.665656671902635,21.44818293670106,21.615740203661677,21.560104341814593,21.47263721729084,21.06989232307589,21.581864094526665,21.526412848253813,21.439107142903985,1.0,1.0,0.0,0.0,0.0,21.078658062018874,21.526412848253813,21.665656671902635,15.793663735918479,20.03101946754388,23.586706157313376,1.0340279593076966e-16,1.1764323546152116e-16,0.0,4.328903429873161e-15,3.210225966076852e-14,converged
2025-01-16T03:55:00+08:00,19.916666666666668,-13.38888888888889,6.111111111111107,3.8472222222222223,57.1,57.1,47.4,47.4,35.0,55.00000000000001,85.0,41.17755202280615,11.270342523197225,14.178010283508693,15.72919921610023,89.51183727805292,1.3471777544495551,57.1,57.10062038935088,57.17173412314627,46.4406250983542,46.94427964039984,46.852181098928696,46.77124857957855,0.5230766222222222,0.49416530745897164,21.71586741526897,21.931844548323774,21.074031348130497,21.66204466075737,21.443582406151563,21.610843006393264,21.555596874402948,21.46857409903348,21.06562741701606,21.577096084600985,21.52202727814628,21.435159304933883,1.0,1.0,0.0,0.0,0.0,21.074031348130497,21.52202727814628,21.66204466075737,15.793663735918479,20.03101946754388,23.586706157313376,1.0340279593076966e-16,4.711594281093894e-16,0.0,5.659434536860829e-17,4.2501051802124644e-14,converged
2025-01-16T04:00:00+08:00,20.0,-13.36111111111111,6.388888888888893,3.8402777777777777,57.1,57.1,47.4,47.4,35.0,55.00000000000001,85.0,41.17755202280615,11.270342523197225,14.178010283508693,15.72919921610023,89.51183727805292,1.3471777544495551,57.1,57.1,57.1,46.43933914530675,46.9425626131395,46.79987615550571,46.750325722482096,0.5225048777777778,0.4938459867680139,21.711614183703226,21.927360567315954,21.069516750802443,21.65848702765982,21.439073056519753,21.606037701359078,21.551172814808222,21.464585731337326,21.061297569525394,21.572296112462862,21.51760746738403,21.43117418314132,1.0,1.0,0.0,0.0,0.0,21.069516750802443,21.51760746738403,21.65848702765982,15.793663735918479,20.03101946754388,23.586706157313376,1.0340279593076966e-16,3.5359805975791404e-16,0.0,3.5359805975791404e-16,2.467087232703358e-14,converged
2025-01-16T04:05:00+08:00,20.083333333333332,-13.333333333333334,6.666666666666667,3.8333333333333335,57.0,57.0,47.333333333333336,47.333333333333336,35.0,55.00000000000001,85.0,41.11963704105818,11.254491127243364,14.15806934077521,15.707076573039613,89.2602229617889,1.3415014511669179,57.1,57.1,57.1,46.42557562066311,46.929276235866084,46.78644845971543,46.736854767908,0.5219331333333334,0.493793284546205,21.707417837317138,21.922935513226754,21.06509404346266,21.654974946697457,21.434641036780228,21.601311227377845,21.54681976417887,21.460660304151002,21.057067737616126,21.567574786941137,21.513258495357988,21.427251844261008,1.0,1.0,0.0,0.0,0.0,21.06509404346266,21.513258495357988,21.654974946697457,15.81590833272963,20.05923217101929,23.619926870210996,1.0369427653584326e-16,2.357571993590805e-16,1.1314572396235037e-16,1.123530403195618e-15,2.481688778061941e-14,converged
2025-01-16T04:10:00+08:00,20.166666666666668,-13.305555555555555,6.944444444444441,3.826388888888889,57.0,57.0,47.333333333333336,47.333333333333336,35.0,55.00000000000001,85.0,41.11963704105818,11.254491127243364,14.15806934077521,15.707076573039613,89.2602229617889,1.3415014511669179,57.1,57.1,57.1,46.42433326344234,46.92804622044623,46.78522130296351,46.735622466490994,0.5213613888888889,0.49385200244995187,21.703288352895886,21.91857877462329,21.0607824285117,21.651517010536615,21.430300658863487,21.596677073942278,21.542550587214496,21.456810128788895,21.05295846648788,21.56294574632924,21.508993368196528,21.423404734486677,1.0,1.0,0.0,0.0,0.0,21.0607824285117,21.508993368196528,21.651517010536615,15.81590833272963,20.05923217101929,23.619926870210996,1.0369427653584326e-16,4.714583367057729e-16,1.1314572396235037e-16,1.976073419083181e-15,3.22278383969887e-14,converged
2025-01-16T04:15:00+08:00,20.25,-13.277777777777777,7.222222222222227,3.819444444444444,57.0,57.0,47.333333333333336,47.333333333333336,35.0,55.00000000000001,85.0,41.11963704105818,11.254491127243364,14.15806934077521,15.707076573039613,89.2602229617889,1.3415014511669179,57.1,57.1,57.1,46.42311534014446,46.926840615028084,46.784021066593624,46.73441554055011,0.5207896444444444,0.4939095112381825,21.699225549089203,21.914290175952598,21.056581349592182,21.648113093275114,21.426051556454194,21.59213489140973,21.538364982117045,21.453034947348357,21.04896908319236,21.558408641437435,21.504811784479692,21.419632596228126,1.0,1.0,0.0,0.0,0.0,21.056581349592182,21.504811784479692,21.648113093275114,15.81590833272963,20.05923217101929,23.619926870210996,1.0369427653584326e-16,1.1785086050994752e-16,1.1314572396235037e-16,8.875642932155424e-16,2.472198900778226e-14,converged
2025-01-16T04:20:00+08:00,20.333333333333332,-13.25,7.5,3.8125,57.0,57.0,47.333333333333336,47.333333333333336,35.0,55.00000000000001,85.0,41.11963704105818,11.254491127243364,14.15806934077521,15.707076573039613,89.2602229617889,1.3415014511669179,57.016318166654585,57.1,57.1,46.363306903862984,46.925659328869195,46.782847635208135,46.717190937552495,0.5202179,0.4936389027135074,21.69512760403754,21.90997324488079,21.052296464874118,21.644675934305813,21.421893364701265,21.58768433146175,21.534262648174412,21.449334502810622,21.045098918537555,21.553963124397246,21.50071344387113,21.415935172777154,1.0,1.0,0.0,0.0,0.0,21.052296464874118,21.50071344387113,21.644675934305813,15.81590833272963,20.05923217101929,23.619926870210996,1.0369427653584326e-16,2.358309306397973e-16,1.1314572396235037e-16,1.1321727099855894e-15,3.10288748359836e-14,converged
2025-01-16T04:25:00+08:00,20.416666666666668,-13.222222222222223,7.777777777777774,3.805555555555556,57.0,57.0,47.333333333333336,47.333333333333336,35.0,55.00000000000001,85.0,41.11963704105818,11.254491127243364,14.15806934077521,15.707076573039613,89.2602229617889,1.3415014511669179,57.0,57.00118464342038,57.072398537404226,46.350663712208146,46.85390173503488,46.762067889601276,46.681085785859025,0.5196461555555555,0.49302289646646846,21.69107646070835,21.9057055973924,21.048084287896767,21.641275774149772,21.417644397911303,21.5831532501966,21.530080063409134,21.445553076006465,21.041275668886353,21.549560892252753,21.49665248733906,21.412268817015722,1.0,1.0,0.0,0.0,0.0,21.048084287896767,21.49665248733906,21.641275774149772,15.81590833272963,20.05923217101929,23.619926870210996,1.0369427653584326e-16,1.1806279450842144e-15,1.1314572396235037e-16,7.240569819461784e-16,4.7815690346158815e-14,converged
2025-01-16T04:30:00+08:00,20.5,-13.194444444444445,8.05555555555556,3.798611111111111,57.0,57.0,47.333333333333336,47.333333333333336,35.0,55.00000000000001,85.0,41.11963704105818,11.254491127243364,14.15806934077521,15.707076573039613,89.2602229617889,1.3415014511669179,57.0,57.0,57.0,46.34947100167566,46.851874254292454,46.7094154221056,46.659948806928746,0.5190744111111111,0.4926928771770045,21.68709178550853,21.90150586089589,21.04398214895949,21.6379294985473,21.413484171811746,21.578711693798155,21.525978785671764,21.441844546945063,21.037383328912604,21.545124186324728,21.49255505210684,21.40856319365762,1.0,1.0,0.0,0.0,0.0,21.04398214895949,21.49255505210684,21.6379294985473,15.81590833272963,20.05923217101929,23.619926870210996,1.0369427653584326e-16,4.725675049087894e-16,1.1314572396235037e-16,4.725675049087894e-16,4.174220163957434e-14,converged
2025-01-16T04:35:00+08:00,20.583333333333332,-13.166666666666666,8.333333333333334,3.7916666666666665,56.9,56.9,47.266666666666666,47.266666666666666,35.0,55.00000000000001,85.0,41.06172205931021,11.2386397312895,14.138128398041722,15.684953929978994,89.00896278249354,1.3358411149715779,57.0,57.0,57.0,46.33579808613561,46.83867709290264,46.696084938302384,46.64657050395416,0.5185026666666667,0.4926355081837589,21.683163262286612,21.897364316065243,21.039969823732903,21.634628280608837,21.40939987214722,21.574347582706825,21.521947348594832,21.438197993733823,21.03358855176075,21.540764744347698,21.488527289828713,21.40491939059969,1.0,1.0,0.0,0.0,0.0,21.039969823732903,21.488527289828713,21.634628280608837,15.838215678756049,20.0875244589897,23.653241294569547,1.0398699135578746e-16,8.270894396071158e-16,2.0426263444859393e-16,4.3754508300644296e-16,2.87517019915386e-14,converged
2025-01-16T04:40:00+08:00,20.666666666666668,-13.13888888888889,8.611111111111107,3.7847222222222223,56.9,56.9,47.266666666666666,47.266666666666666,35.0,55.00000000000001,85.0,41.06172205931021,11.2386397312895,14.138128398041722,15.684953929978994,89.00896278249354,1.3358411149715779,57.0,57.0,57.0,46.334648410109516,46.83753887973763,46.69495737730803,46.645433222358456,0.5179309222222223,0.4926896221657069,21.679300873492483,21.893290357058568,21.036066533511438,21.63138071634924,21.405405822720866,21.570074418113865,21.51799862646189,21.434625735319344,21.0299119048005,21.536496216280785,21.48458221618562,21.4013498616363,1.0,1.0,0.0,0.0,0.0,21.036066533511438,21.48458221618562,21.63138071634924,15.838215678756049,20.0875244589897,23.653241294569547,1.0398699135578746e-16,1.1814265674524469e-15,2.0426263444859393e-16,8.306905552400018e-17,2.6105622629701785e-14,converged
2025-01-16T04:45:00+08:00,20.75,-13.11111111111111,8.888888888888893,3.7777777777777777,56.9,56.9,47.266666666666666,47.266666666666666,35.0,55.00000000000001,85.0,41.06172205931021,11.2386397312895,14.138128398041722,15.684953929978994,89.00896278249354,1.3358411149715779,57.0,57.0,57.0,46.33352283877351,46.83642475821757,46.693856337280174,46.644320963942086,0.5173591777777778,0.4927425454980564,21.675504439768144,21.889283810216305,21.032271732300718,21.62818668102152,21.401501662816884,21.565891855615874,21.514132321674797,21.431127517105043,21.026352728719825,21.532318258157556,21.480719533945063,21.39785435247367,1.0,1.0,0.0,0.0,0.0,21.032271732300718,21.480719533945063,21.62818668102152,15.838215678756049,20.0875244589897,23.653241294569547,1.0398699135578746e-16,4.725198702266071e-16,2.0426263444859393e-16,7.918399387781813e-16,3.573949334319137e-14,converged
2025-01-16T04:50:00+08:00,20.833333333333332,-13.083333333333334,9.166666666666668,3.7708333333333335,56.9,56.9,47.266666666666666,47.266666666666666,35.0,55.00000000000001,85.0,41.06172205931021,11.2386397312895,14.138128398041722,15.684953929978994,89.00896278249354,1.3358411149715779,56.916764313575115,57.0,57.0,46.27414828799813,46.83533463879761,46.6927817046235,46.62728424550146,0.5167874333333333,0.4924691884795087,21.671672706407353,21.885248740577076,21.028392165114806,21.62495939975449,21.397687033161198,21.561799552113655,21.510348137706142,21.427703085366794,21.022910367886475,21.528230527312942,21.476938946942976,21.394432609688632,1.0,1.0,0.0,0.0,0.0,21.028392165114806,21.476938946942976,21.62495939975449,15.838215678756049,20.0875244589897,23.653241294569547,1.0398699135578746e-16,1.1819553847253407e-16,2.0426263444859393e-16,4.1276098200955256e-15,2.7867059726219617e-14,converged
2025-01-16T04:55:00+08:00,20.916666666666668,-13.055555555555555,9.444444444444441,3.763888888888889,56.9,56.9,47.266666666666666,47.266666666666666,35.0,55.00000000000001,85.0,41.06172205931021,11.2386397312895,14.138128398041722,15.684953929978994,89.00896278249354,1.3358411149715779,56.9,56.9017504891798,56.97306482589139,46.261290268796095,46.764105589433235,46.6725835474883,46.59152443851946,0.5162156888888889,0.4918531879063082,21.66788651514802,21.881261720815985,21.02458225183715,21.621768168497084,21.393781330229334,21.55762638906498,21.506483526079467,21.424197647546023,21.01951427600129,21.52418589363729,21.473195709641498,21.39104204599732,1.0,1.0,0.0,0.0,0.0,21.02458225183715,21.473195709641498,21.621768168497084,15.838215678756049,20.0875244589897,23.653241294569547,1.0398699135578746e-16,0.0,2.0426263444859393e-16,2.551320893360227e-15,3.115896671129376e-14,converged
2025-01-16T05:00:00+08:00,21.0,-13.027777777777777,9.722222222222227,3.756944444444444,56.9,56.9,47.266666666666666,47.266666666666666,35.0,55.00000000000001,85.0,41.06172205931021,11.2386397312895,14.138128398041722,15.684953929978994,89.00896278249354,1.3358411149715779,56.9,56.9,56.9,46.260188885498145,46.761765050815775,46.61958040320928,46.57017071252423,0.5156439444444444,0.49151256619177425,21.664166072309104,21.87734188983176,21.020880359983835,21.618630335195025,21.389961958742827,21.553540412495508,21.502698143560988,21.4207632722661,21.01604502229495,21.520104303145565,21.46941377806088,21.387610248181762,1.0,1.0,0.0,0.0,0.0,21.020880359983835,21.46941377806088,21.618630335195025,15.838215678756049,20.0875244589897,23.653241294569547,1.0398699135578746e-16,0.0,2.0426263444859393e-16,0.0,3.419209082939633e-14,converged
2025-01-16T05:05:00+08:00,21.083333333333332,-13.0,10.0,3.75,56.8,56.8,47.2,47.2,35.0,55.00000000000001,85.0,41.00380707756224,11.222788335335634,14.118187455308233,15.662831286918372,88.75805674016695,1.3301967233746816,56.9,56.9,56.9,46.24660535442545,46.748655939799775,46.606345540177294,46.55688371684315,0.5150722,0.4914506469250187,21.66050106059691,21.87347952703331,21.017266268508024,21.61553707229229,21.386217144431534,21.54953052755191,21.49898145913375,21.417389928455535,21.012670961183424,21.516098625917607,21.465700379320882,21.384239328281627,1.0,1.0,0.0,0.0,0.0,21.017266268508024,21.465700379320882,21.61553707229229,15.860586039884236,20.11589666867754,23.68664982747148,2.0856189473697931e-16,9.475240092191513e-16,0.0,1.2880404500322838e-15,4.2196155367326956e-14,converged
2025-01-16T05:10:00+08:00,21.166666666666668,-12.972222222222223,10.277777777777775,3.743055555555556,56.8,56.8,47.2,47.2,35.0,55.00000000000001,85.0,41.00380707756224,11.222788335335634,14.118187455308233,15.662831286918372,88.75805674016695,1.3301967233746816,56.9,56.9,56.9,46.24554645901428,46.747607688538565,46.60531525851285,46.55583941637901,0.5145004555555556,0.491500266606809,21.656901467618454,21.869684031665955,21.013759215923166,21.61249697880801,21.38256122196476,21.545610246146918,21.495346355845815,21.41408994201717,21.0094126801979,21.512182522593942,21.462068537829357,21.380941747010656,1.0,1.0,0.0,0.0,0.0,21.013759215923166,21.462068537829357,21.61249697880801,15.860586039884236,20.11589666867754,23.68664982747148,2.0856189473697931e-16,4.737141757038553e-16,0.0,8.141962394910013e-16,3.8429132010328996e-14,converged
2025-01-16T05:15:00+08:00,21.25,-12.944444444444445,10.55555555555556,3.736111111111111,56.8,56.8,47.2,47.2,35.0,55.00000000000001,85.0,41.00380707756224,11.222788335335634,14.118187455308233,15.662831286918372,88.75805674016695,1.3301967233746816,56.9,56.9,56.9,46.244511347244504,46.7465832175589,46.60431110893917,46.55481979547139,0.513928711111111,0.4915487136454917,21.653367115975506,21.865955231934226,21.01035866628902,21.60950993113422,21.378993836092544,21.541779228997676,21.491792540208547,21.4108630615927,21.00626953321057,21.508355654313203,21.45851796045118,21.377717253303956,1.0,1.0,0.0,0.0,0.0,21.01035866628902,21.45851796045118,21.60950993113422,15.860586039884236,20.11589666867754,23.68664982747148,2.0856189473697931e-16,1.1841687160928503e-16,0.0,4.588653774859795e-16,2.364240112625978e-14,converged
2025-01-16T05:20:00+08:00,21.333333333333332,-12.916666666666666,10.833333333333334,3.7291666666666665,56.8,56.8,47.2,47.2,35.0,55.00000000000001,85.0,41.00380707756224,11.222788335335634,14.118187455308233,15.662831286918372,88.75805674016695,1.3301967233746816,56.81721172079768,56.9,56.9,46.185569432866465,46.74558243848717,46.603332979613384,46.53796911404613,0.5133569666666666,0.4912727211368906,21.649797319421406,21.862197731488042,21.006872453717367,21.606489641266514,21.375514632984657,21.53803713810601,21.488319719789136,21.407709036685095,21.003240877699433,21.50461768349594,21.45504835510482,21.374565596956117,1.0,1.0,0.0,0.0,0.0,21.006872453717367,21.45504835510482,21.606489641266514,15.860586039884236,20.11589666867754,23.68664982747148,2.0856189473697931e-16,3.5545019136477645e-16,0.0,7.673651266703117e-16,5.591939378435036e-14,converged
2025-01-16T05:25:00+08:00,21.416666666666668,-12.88888888888889,11.111111111111107,3.7222222222222223,56.8,56.8,47.2,47.2,35.0,55.00000000000001,85.0,41.00380707756224,11.222788335335634,14.118187455308233,15.662831286918372,88.75805674016695,1.3301967233746816,56.8,56.80231793337355,56.87373299654943,46.17249415737652,46.67488094855451,46.583715026990205,46.50255311921244,0.5127852222222222,0.4906568454099152,21.64627181582319,21.858487057192782,21.003452899132757,21.603504458330683,21.371944093740005,21.534213882621614,21.484766321849442,21.404474003494858,21.000257928456193,21.500922655559535,21.451616092313845,21.371445252979694,1.0,1.0,0.0,0.0,0.0,21.003452899132757,21.451616092313845,21.603504458330683,15.860586039884236,20.11589666867754,23.68664982747148,2.0856189473697931e-16,4.745284730703252e-16,0.0,1.228954600178225e-15,3.636322508904972e-14,converged
2025-01-16T05:30:00+08:00,21.5,-12.86111111111111,11.388888888888893,3.7152777777777777,56.8,56.8,47.2,47.2,35.0,55.00000000000001,85.0,41.00380707756224,11.222788335335634,14.118187455308233,15.662831286918372,88.75805674016695,1.3301967233746816,56.8,56.8,56.8,46.1714822331673,46.672224785896354,46.53035811208532,46.48098006947091,0.5122134777777778,0.4903057146083705,21.642811352649762,21.85484286061127,21.00013940939922,21.600572193549606,21.3684575068617,21.530475503483466,21.48129009741299,21.401308214842555,20.997197820549925,21.497188215589063,21.448142941577473,21.368281725180896,1.0,1.0,0.0,0.0,0.0,21.00013940939922,21.448142941577473,21.600572193549606,15.860586039884236,20.11589666867754,23.68664982747148,2.0856189473697931e-16,7.123024575794779e-16,0.0,7.123024575794779e-16,3.668100850553651e-14,converged
2025-01-16T05:35:00+08:00,21.583333333333332,-12.833333333333334,11.666666666666668,3.7083333333333335,56.7,56.7,47.13333333333333,47.13333333333333,35.0,55.00000000000001,85.0,40.94589209581427,11.206936939381771,14.098246512574748,15.640708643857756,88.507504834809,1.3245682538873715,56.8,56.8,56.8,46.1579868988226,46.65920258991915,46.51721732629668,46.46778307548172,0.5116417333333334,0.49023935869590507,21.63940561190212,21.851255420327266,20.996911767772502,21.597684019009805,21.365044141278577,21.526811893627826,21.477881453680105,21.39820253314178,20.994230614799015,21.493528369449148,21.444737208684607,21.36517815272563,1.0,1.0,0.0,0.0,0.0,20.996911767772502,21.444737208684607,21.597684019009805,15.883019683505005,20.14434913921315,23.72015286824584,1.0457615160122077e-16,3.5619943532261483e-16,0.0,1.0741639221447603e-15,3.513217056961067e-14,converged
2025-01-16T05:40:00+08:00,21.666666666666668,-12.805555555555555,11.944444444444441,3.701388888888889,56.7,56.7,47.13333333333333,47.13333333333333,35.0,55.00000000000001,85.0,40.94589209581427,11.206936939381771,14.098246512574748,15.640708643857756,88.507504834809,1.3245682538873715,56.8,56.8,56.8,46.15701693019446,46.65824249999674,46.51628206777423,46.46682976696388,0.5110699888888889,0.49028459093985055,21.63606458584118,21.847734140173447,20.99378922834913,21.594848536392472,21.361718341536555,21.52323657472706,21.47455328165561,21.395169290584423,20.99137691694145,21.489956787492744,21.441411925956064,21.36214700257457,1.0,1.0,0.0,0.0,0.0,20.99378922834913,21.441411925956064,21.594848536392472,15.883019683505005,20.14434913921315,23.72015286824584,1.0457615160122077e-16,4.748887645184712e-16,0.0,2.430094849684364e-16,2.643640940097268e-14,converged
2025-01-16T05:45:00+08:00,21.75,-12.777777777777777,12.222222222222227,3.694444444444444,56.7,56.7,47.13333333333333,47.13333333333333,35.0,55.00000000000001,85.0,40.94589209581427,11.206936939381771,14.098246512574748,15.640708643857756,88.507504834809,1.3245682538873715,56.8,56.8,56.8,46.156070432128615,46.65730588583519,46.51537256272065,46.46590080283391,0.5104982444444445,0.4903286680999274,21.632788098996542,21.84427885018959,20.99077126494344,21.59206562321274,21.358479757721057,21.51974921250289,21.47130529187192,21.392208238984093,20.988636093596735,21.486473135848023,21.438166804265986,21.359188026825596,1.0,1.0,0.0,0.0,0.0,20.99077126494344,21.438166804265986,21.59206562321274,15.883019683505005,20.14434913921315,23.72015286824584,1.0457615160122077e-16,4.748460752990676e-16,0.0,2.997465850325364e-15,3.6099710998315763e-14,converged
2025-01-16T05:50:00+08:00,21.833333333333332,-12.75,12.5,3.6875,56.7,56.7,47.13333333333333,47.13333333333333,35.0,55.00000000000001,85.0,40.94589209581427,11.206936939381771,14.098246512574748,15.640708643857756,88.507504834809,1.3245682538873715,56.71766039367011,56.8,56.8,46.09755995289317,46.65639266020631,46.51448870099715,46.44923436036822,0.5099265,0.4900501503851344,21.62947603489264,21.84079469388062,20.987666803036937,21.58924947946807,21.355328041315772,21.516349473942643,21.46813719590271,21.389319131004722,20.98600751491866,21.483077081906075,21.43500155552759,21.356300978425157,1.0,1.0,0.0,0.0,0.0,20.987666803036937,21.43500155552759,21.58924947946807,15.883019683505005,20.14434913921315,23.72015286824584,1.0457615160122077e-16,1.1877898796219436e-16,0.0,1.5125761748310687e-15,3.263998853288642e-14,converged
2025-01-16T05:55:00+08:00,21.916666666666668,-12.722222222222223,12.777777777777775,3.680555555555556,56.7,56.7,47.13333333333333,47.13333333333333,35.0,55.00000000000001,85.0,40.94589209581427,11.206936939381771,14.098246512574748,15.640708643857756,88.507504834809,1.3245682538873715,56.7,56.70288698278427,56.77440305736492,46.08426503723299,46.58621778611395,46.495449630491365,46.41416069518512,0.5093547555555555,0.4894345159927271,21.626207024875683,21.83735614979369,20.984626059283787,21.586467505202496,21.352084760509893,21.5128682982318,21.464888398995747,21.38634903376363,20.983424160572742,21.47972384930473,21.43187366890478,21.35344539715488,1.0,1.0,0.0,0.0,0.0,20.984626059283787,21.43187366890478,21.586467505202496,15.883019683505005,20.14434913921315,23.72015286824584,1.0457615160122077e-16,1.1892839391476912e-16,0.0,1.82341385201355e-15,3.519395698152846e-14,converged
2025-01-16T06:00:00+08:00,22.0,-12.694444444444445,13.05555555555556,3.673611111111111,56.7,56.7,47.13333333333333,47.13333333333333,35.0,55.00000000000001,85.0,40.94589209581427,11.206936939381771,14.098246512574748,15.640708643857756,88.507504834809,1.3245682538873715,56.7,56.7,56.7,46.083340749862536,46.5832434706089,46.44173590833054,46.3923657922953,0.5087830111111111,0.4890729666801617,21.623002358807394,21.83398338333421,20.981689482044924,21.58373797599182,21.348923082360646,21.509469716279728,21.461714741759177,21.38344637984746,20.980759722733293,21.476328776558198,21.4287027220412,21.35054469878482,1.0,1.0,0.0,0.0,0.0,20.981689482044924,21.4287027220412,21.58373797599182,15.883019683505005,20.14434913921315,23.72015286824584,1.0457615160122077e-16,4.760652489838669e-16,0.0,4.760652489838669e-16,3.7725372607828984e-14,converged
2025-01-16T06:05:00+08:00,22.083333333333332,-12.666666666666666,13.333333333333334,3.6666666666666665,56.6,56.6,47.06666666666666,47.06666666666666,35.0,55.00000000000001,85.0,40.887977114066295,11.191085543427905,14.078305569841257,15.618586000797132,88.25730706641976,1.318955684020794,56.7,56.7,56.7,46.06993246043939,46.57030708387435,46.4286877026508,46.37925753212351,0.5082112666666666,0.4890022849554336,21.61985171841716,21.83066667269778,20.978836859879475,21.58105206387257,21.345833322208446,21.506144611894605,21.45860757247789,21.38060292782074,20.978185973744413,21.473007008755456,21.425598102600095,21.3477030525934,1.0,1.0,0.0,0.0,0.0,20.978836859879475,21.425598102600095,21.58105206387257,15.905516878524137,20.172882211648304,23.753750818484153,3.1461783339316554e-16,4.761340607541113e-16,2.0513060598307805e-16,6.863026110088556e-16,2.449530316881949e-14,converged
2025-01-16T06:10:00+08:00,22.166666666666668,-12.63888888888889,13.611111111111107,3.6597222222222223,56.6,56.6,47.06666666666666,47.06666666666666,35.0,55.00000000000001,85.0,40.887977114066295,11.191085543427905,14.078305569841257,15.618586000797132,88.25730706641976,1.318955684020794,56.7,56.7,56.7,46.0690496102822,46.56943339365365,46.427845269684624,46.37839327461414,0.5076395222222222,0.4890432339373685,21.616765100120887,21.82741542580845,20.976087460868865,21.578418372847814,21.342829833502783,21.50290651556146,21.455579789317127,21.377831015505777,20.975723535648314,21.469772225007862,21.422572850012788,21.344932931124426,1.0,1.0,0.0,0.0,0.0,20.976087460868865,21.422572850012788,21.578418372847814,15.905516878524137,20.172882211648304,23.753750818484153,3.1461783339316554e-16,4.760941926939902e-16,2.0513060598307805e-16,6.862451449378217e-16,2.7785876138922373e-14,converged
2025-01-16T06:15:00+08:00,22.25,-12.61111111111111,13.888888888888893,3.6527777777777777,56.6,56.6,47.06666666666666,47.06666666666666,35.0,55.00000000000001,85.0,40.887977114066295,11.191085543427905,14.078305569841257,15.618586000797132,88.25730706641976,1.318955684020794,56.7,56.7,56.7,46.068189925369246,46.568582881368485,46.42702822154154,46.37755303456421,0.5070677777777778,0.4890830449592603,21.613742330344593,21.824229474512865,20.973440768291493,21.575836781540072,21.339912271537163,21.499755097893285,21.452631106743848,21.375130397823124,20.973371787389542,21.466624096320253,21.419626679076504,21.342234089573807,1.0,1.0,0.0,0.0,0.0,20.973440768291493,21.419626679076504,21.575836781540072,15.905516878524137,20.172882211648304,23.753750818484153,3.1461783339316554e-16,5.950692986946214e-16,2.0513060598307805e-16,8.052031447961596e-16,3.3254991156392187e-14,converged
2025-01-16T06:20:00+08:00,22.333333333333332,-12.583333333333334,14.166666666666668,3.6458333333333335,56.6,56.6,47.06666666666666,47.06666666666666,35.0,55.00000000000001,85.0,40.887977114066295,11.191085543427905,14.078305569841257,15.618586000797132,88.25730706641976,1.318955684020794,56.618110337570485,56.7,56.7,46.01010972666277,46.56775546091083,46.426236449739726,46.361069081243635,0.5064960333333334,0.4888021096744269,21.610683863700572,21.821014503419597,20.97070680128867,21.573221979088043,21.3370802929824,21.496690030750038,21.44976124025202,21.372500830532918,20.971130111377803,21.46356229494181,21.41675930561334,21.33960628397534,1.0,1.0,0.0,0.0,0.0,20.971130111377803,21.41675930561334,21.573221979088043,15.905516878524137,20.172882211648304,23.753750818484153,3.1461783339316554e-16,1.190822620471859e-16,2.0513060598307805e-16,1.9536933617116438e-16,2.6773828376584274e-14,converged
2025-01-16T06:25:00+08:00,22.416666666666668,-12.555555555555555,14.444444444444441,3.638888888888889,56.6,56.6,47.06666666666666,47.06666666666666,35.0,55.00000000000001,85.0,40.887977114066295,11.191085543427905,14.078305569841257,15.618586000797132,88.25730706641976,1.318955684020794,56.6,56.603457644232975,56.67507501636969,45.99659283059602,46.49810629967115,46.40777499891324,46.32633631204229,0.5059242888888889,0.488186830492915,21.607667222355587,21.817843940240788,20.968033666923922,21.570640414187732,21.334156555597318,21.4935432857083,21.446810575333167,21.369790313836347,20.968933255964934,21.46054322543689,21.41392934001786,21.337010121362777,1.0,1.0,0.0,0.0,0.0,20.968933255964934,21.41392934001786,21.570640414187732,15.905516878524137,20.172882211648304,23.753750818484153,3.1461783339316554e-16,4.769293825865479e-16,2.0513060598307805e-16,2.0493059408015727e-16,3.8669762903116716e-14,converged
2025-01-16T06:30:00+08:00,22.5,-12.527777777777777,14.722222222222227,3.631944444444444,56.6,56.6,47.06666666666666,47.06666666666666,35.0,55.00000000000001,85.0,40.887977114066295,11.191085543427905,14.078305569841257,15.618586000797132,88.25730706641976,1.318955684020794,56.6,56.6,56.6,45.99575440250574,46.49481133902338,46.35370148847026,46.304317072645155,0.5053525444444444,0.4878149505545257,21.604714239812044,21.81473846540764,20.965462857221578,21.568110827847693,21.33131209975069,21.49047687869028,21.443933037492915,21.367145455640824,20.966651461681998,21.457479914090793,21.4110541627268,21.334366924393272,1.0,1.0,0.0,0.0,0.0,20.966651461681998,21.4110541627268,21.568110827847693,15.905516878524137,20.172882211648304,23.753750818484153,3.1461783339316554e-16,1.1932324101034543e-16,2.0513060598307805e-16,1.1932324101034543e-16,3.611688974917664e-14,converged
2025-01-16T06:35:00+08:00,22.583333333333332,-12.5,15.0,3.625,56.5,56.5,47.0,47.0,35.0,55.00000000000001,85.0,40.830062132318325,11.17523414747404,14.058364627107775,15.596463357736512,88.00746343499924,1.3133589912860937,56.6,56.6,56.6,45.982432041193974,46.48195968465254,46.34074441090197,46.29129631519304,0.5047808,0.4877400511303197,21.601814597958278,21.811688357161692,20.962974167026257,21.565624392360405,21.328538290406247,21.487482687457664,21.44112091896875,21.364558913329645,20.964458217515286,21.454488648656792,21.408244246484767,21.331781895447094,1.0,1.0,0.0,0.0,0.0,20.964458217515286,21.408244246484767,21.565624392360405,15.928077895373109,20.201496228969788,23.787444082056474,3.1551099925588416e-16,1.4320987775001855e-15,0.0,1.2642747020118825e-15,2.80659234270314e-14,converged
2025-01-16T06:40:00+08:00,22.666666666666668,-12.472222222222223,15.277777777777775,3.618055555555556,56.5,56.5,47.0,47.0,35.0,55.00000000000001,85.0,40.830062132318325,11.17523414747404,14.058364627107775,15.596463357736512,88.00746343499924,1.3133589912860937,56.6,56.6,56.6,45.981634545521466,46.481170670584966,46.339992662917815,46.290519214778236,0.5042090555555555,0.4877768184104385,21.598978296870488,21.808703027026183,20.960586876842743,21.56318971371259,21.325849488960117,21.484574250375687,21.43838712430113,21.362043029705337,20.962374159959058,21.451583116065226,21.40551263704236,21.329267511995823,1.0,1.0,0.0,0.0,0.0,20.962374159959058,21.40551263704236,21.56318971371259,15.928077895373109,20.201496228969788,23.787444082056474,3.1551099925588416e-16,0.0,0.0,1.6781142536931154e-16,2.8339697434590036e-14,converged
2025-01-16T06:45:00+08:00,22.75,-12.444444444444445,15.55555555555556,3.611111111111111,56.5,56.5,47.0,47.0,35.0,55.00000000000001,85.0,40.830062132318325,11.17523414747404,14.058364627107775,15.596463357736512,88.00746343499924,1.3133589912860937,56.6,56.6,56.6,45.980859917333326,46.48040454317886,46.33926594081717,46.28976581292645,0.5036373111111111,0.4878124644304382,21.59620516484022,21.80578230862669,20.958300479131744,21.560806671618682,21.32324535578967,21.481751242837916,21.43573137180696,21.359597562731757,20.96039867987479,21.44876299208732,21.402859053035584,21.32682353227001,1.0,1.0,0.0,0.0,0.0,20.96039867987479,21.402859053035584,21.560806671618682,15.928077895373109,20.201496228969788,23.787444082056474,3.1551099925588416e-16,1.1932384913827431e-15,0.0,2.2317288659142865e-15,2.601452897873369e-14,converged
2025-01-16T06:50:00+08:00,22.833333333333332,-12.416666666666666,15.833333333333334,3.6041666666666665,56.5,56.5,47.0,47.0,35.0,55.00000000000001,85.0,40.830062132318325,11.17523414747404,14.058364627107775,15.596463357736512,88.00746343499924,1.3133589912860937,56.51856155790746,56.6,56.6,45.92320889000408,46.47966121742153,46.33856413772951,46.273462645966674,0.5030655666666667,0.4875292166342627,21.593396228889663,21.802832428929005,20.955926089002315,21.558390445502276,21.32072555262913,21.479013341466658,21.433153380816176,21.35722227120184,20.958531171522267,21.44602795372049,21.40028321411141,21.324449715327606,1.0,1.0,0.0,0.0,0.0,20.958531171522267,21.40028321411141,21.558390445502276,15.928077895373109,20.201496228969788,23.787444082056474,3.1551099925588416e-16,0.0,0.0,5.510741217900616e-15,2.977584462718854e-14,converged
2025-01-16T06:55:00+08:00,22.916666666666668,-12.38888888888889,16.111111111111107,3.5972222222222223,56.5,56.5,47.0,47.0,35.0,55.00000000000001,85.0,40.830062132318325,11.17523414747404,14.058364627107775,15.596463357736512,88.00746343499924,1.3133589912860937,56.5,56.5040299245794,56.57574888164112,45.909467715761494,46.41053690582615,46.32067910253817,46.23906938670367,0.5024938222222222,0.48691440399800495,21.5906278993388,21.79992576228521,20.953609698597983,21.55600653043739,21.318113829298664,21.47619355259631,21.430494519332182,21.354766090577034,20.956708155781367,21.44333558917431,21.39774485449682,21.322107737948002,1.0,1.0,0.0,0.0,0.0,20.956708155781367,21.39774485449682,21.55600653043739,15.928077895373109,20.201496228969788,23.787444082056474,3.1551099925588416e-16,3.5863178683273805e-16,0.0,3.9944483132385954e-15,3.2544112688345975e-14,converged
2025-01-16T07:00:00+08:00,23.0,-12.36111111111111,16.388888888888893,3.5902777777777777,56.5,56.5,47.0,47.0,35.0,55.00000000000001,85.0,40.830062132318325,11.17523414747404,14.058364627107775,15.596463357736512,88.00746343499924,1.3133589912860937,56.5,56.5,56.5,45.90871341291286,46.40691884341963,46.26624287682801,46.21682337227968,0.5019220777777778,0.4865322786974969,21.58792255458359,21.79708350534015,20.951393845790232,21.55367413394923,21.31557909422079,21.473451872189653,21.427906793056366,21.35237379962589,20.95479641277542,21.44059660682991,21.395159152053402,21.319716824582162,1.0,1.0,0.0,0.0,0.0,20.95479641277542,21.395159152053402,21.55367413394923,15.928077895373109,20.201496228969788,23.787444082056474,3.1551099925588416e-16,7.178269166760657e-16,0.0,0.0,3.745341404713995e-14,converged
2025-01-16T07:05:00+08:00,23.083333333333332,-12.333333333333334,16.666666666666668,3.5833333333333335,56.4,56.4,46.93333333333334,46.93333333333334,35.0,55.00000000000001,85.0,40.772147150570376,11.15938275152018,14.038423684374292,15.574340714675898,87.75797394054744,1.3077781531944155,56.5,56.5,56.5,45.8954758969886,46.39415087284305,46.253375519290884,46.20388892230197,0.5013503333333333,0.4864532670376039,21.5852698770988,21.794295936812617,20.94925833267317,21.55138442889069,21.313113765193695,21.470781175042966,21.42538344104778,21.350038957220505,20.952971153243325,21.437928440545456,21.392637667816174,21.317383213704755,1.0,1.0,0.0,0.0,0.0,20.952971153243325,21.392637667816174,21.55138442889069,15.95070300601994,20.230191536113203,23.821233065127565,1.0546932464189733e-16,4.786290059716493e-16,0.0,2.8979490595939703e-16,4.1370023720479495e-14,converged
2025-01-16T07:10:00+08:00,23.166666666666668,-12.305555555555555,16.944444444444443,3.576388888888889,56.4,56.4,46.93333333333334,46.93333333333334,35.0,55.00000000000001,85.0,40.772147150570376,11.15938275152018,14.038423684374292,15.574340714675898,87.75797394054744,1.3077781531944155,56.5,56.5,56.5,45.89476203497921,46.39344484864749,46.252712371180536,46.20319713090099,0.5007785888888889,0.4864859516293469,21.582679870130352,21.791572471336572,20.947222450648937,21.549146022895865,21.31073221061892,21.468195006483423,21.422937373447823,21.347773910501605,20.95125302632796,21.4353447841451,21.390193453074737,21.315119387068034,1.0,1.0,0.0,0.0,0.0,20.95125302632796,21.390193453074737,21.549146022895865,15.95070300601994,20.230191536113203,23.821233065127565,1.0546932464189733e-16,7.17895273874002e-16,0.0,3.0959233685816334e-15,4.20939335298224e-14,converged
2025-01-16T07:15:00+08:00,23.25,-12.277777777777777,17.22222222222223,3.569444444444444,56.4,56.4,46.93333333333334,46.93333333333334,35.0,55.00000000000001,85.0,40.772147150570376,11.15938275152018,14.038423684374292,15.574340714675898,87.75797394054744,1.3077781531944155,56.5,56.5,56.5,45.89407075005525,46.39276142624945,46.25207389945813,46.20252872699583,0.5002068444444444,0.4865175312481868,21.580152363804935,21.788912944289024,20.945285701087293,21.546958796755852,21.308434095836493,21.465693046577012,21.420568312340556,21.345578420414057,20.949641434413294,21.43284531805871,21.38782623022141,21.31292510587512,1.0,1.0,0.0,0.0,0.0,20.949641434413294,21.38782623022141,21.546958796755852,15.95070300601994,20.230191536113203,23.821233065127565,1.0546932464189733e-16,2.392828918790759e-16,0.0,7.0644535032111546e-15,3.4345475162985574e-14,converged
2025-01-16T07:20:00+08:00,23.333333333333332,-12.25,17.5,3.5625,56.4,56.4,46.93333333333334,46.93333333333334,35.0,55.00000000000001,85.0,40.772147150570376,11.15938275152018,14.038423684374292,15.574340714675898,87.75797394054744,1.3077781531944155,56.4190140601204,56.5,56.5,45.83684782926673,46.39210052170748,46.251459998819975,46.18640468946379,0.4996351,0.48623207349023706,21.577588958881968,21.786224126251533,20.943260297390605,21.544738421327096,21.30621908752332,21.463274976600644,21.41827598080944,21.343452248721515,20.948135783216962,21.430429723924583,21.38553572264588,21.310800132146277,1.0,1.0,0.0,0.0,0.0,20.948135783216962,21.38553572264588,21.544738421327096,15.95070300601994,20.230191536113203,23.821233065127565,1.0546932464189733e-16,0.0,0.0,3.0582594577208517e-15,2.6454662916781706e-14,converged
2025-01-16T07:25:00+08:00,23.416666666666668,-12.222222222222223,17.777777777777775,3.555555555555556,56.4,56.4,46.93333333333334,46.93333333333334,35.0,55.00000000000001,85.0,40.772147150570376,11.15938275152018,14.038423684374292,15.574340714675898,87.75797394054744,1.3077781531944155,56.4,56.404603830722266,56.47642466130254,45.82288012039969,46.32350023552078,46.234150232095786,46.15234960054994,0.49906335555555553,0.48561783625974625,21.575064951158538,21.783577335682697,20.941290111443593,21.542549435779954,21.303912030065003,21.46077484002465,21.41590273164812,21.341245268331395,20.946674370017355,21.42805677632885,21.383282791020708,21.308707214910434,1.0,1.0,0.0,0.0,0.0,20.946674370017355,21.383282791020708,21.542549435779954,15.95070300601994,20.230191536113203,23.821233065127565,1.0546932464189733e-16,7.191786203132797e-16,0.0,3.212424813782169e-15,3.6054465593130365e-14,converged
2025-01-16T07:30:00+08:00,23.5,-12.194444444444445,18.05555555555556,3.548611111111111,56.4,56.4,46.93333333333334,46.93333333333334,35.0,55.00000000000001,85.0,40.772147150570376,11.15938275152018,14.038423684374292,15.574340714675898,87.75797394054744,1.3077781531944155,56.4,56.4,56.4,45.822208251135365,46.31955664960669,46.1793484166562,46.129874416247475,0.49849161111111107,0.4852255483067176,21.572603265182053,21.780994286633593,20.939418729165727,21.540411515244255,21.30167969466456,21.458350607865203,21.413598646037343,21.339100424399373,20.94512050574902,21.425634860055833,21.38098040524707,21.306563475302475,1.0,1.0,0.0,0.0,0.0,20.94512050574902,21.38098040524707,21.540411515244255,15.95070300601994,20.230191536113203,23.821233065127565,1.0546932464189733e-16,2.399200170584322e-16,0.0,2.3992001705843216e-16,3.553209740759788e-14,converged
2025-01-16T07:35:00+08:00,23.583333333333332,-12.166666666666666,18.333333333333336,3.5416666666666665,56.3,56.3,46.86666666666667,46.86666666666667,35.0,55.00000000000001,85.0,40.71423216882239,11.143531355566315,14.018482741640803,15.552218071615279,87.50883858306432,1.3022131472569018,56.4,56.4,56.4,45.80905453107676,46.3068713419704,46.16656941380291,46.11702511345258,0.49791986666666666,0.48514252729563706,21.570193584438176,21.778465258728783,20.937625960847008,21.538315833436332,21.299515555165478,21.455996155034047,21.411357912727855,21.337012179958688,20.943651128008593,21.423282558510085,21.378741217861688,21.304476190887407,1.0,1.0,0.0,0.0,0.0,20.943651128008593,21.378741217861688,21.538315833436332,15.97339248398014,20.258968479976815,23.85511817617327,3.173087790897288e-16,2.3996107386395634e-16,0.0,1.949683725144645e-15,2.9456986977471244e-14,converged
2025-01-16T07:40:00+08:00,23.666666666666668,-12.13888888888889,18.611111111111107,3.5347222222222223,56.3,56.3,46.86666666666667,46.86666666666667,35.0,55.00000000000001,85.0,40.71423216882239,11.143531355566315,14.018482741640803,15.552218071615279,87.50883858306432,1.3022131472569018,56.4,56.4,56.4,45.80842262394459,46.30624665782993,46.1659928344228,46.11641682765866,0.4973481222222222,0.4851712257326781,21.567845914856033,21.775999669228153,20.935931107295392,21.53627099930326,21.297433986048823,21.453725032915877,21.409193446698346,21.33499288585429,20.942286896831238,21.42101357149834,21.376578284923596,21.302457847059134,1.0,1.0,0.0,0.0,0.0,20.942286896831238,21.376578284923596,21.53627099930326,15.97339248398014,20.258968479976815,23.85511817617327,3.173087790897288e-16,1.1997343994497096e-16,0.0,1.685251914227014e-15,2.6698557903836745e-14,converged
2025-01-16T07:45:00+08:00,23.75,-12.11111111111111,18.888888888888893,3.5277777777777777,56.3,56.3,46.86666666666667,46.86666666666667,35.0,55.00000000000001,85.0,40.71423216882239,11.143531355566315,14.018482741640803,15.552218071615279,87.50883858306432,1.3022131472569018,56.4,56.4,56.4,45.80781301066802,46.305644296895274,46.16544059112429,46.115831625925345,0.4967763777777778,0.48519883508221096,21.56556008836759,21.77359735523308,20.9343336785247,21.534276894697758,21.295434657498994,21.451536926143422,21.407104973719093,21.333042305951064,20.941027225742182,21.418827584003814,21.374491332500774,21.300508207932566,1.0,1.0,0.0,0.0,0.0,20.941027225742182,21.374491332500774,21.534276894697758,15.97339248398014,20.258968479976815,23.85511817617327,3.173087790897288e-16,1.1996661307648202e-16,0.0,1.8294908494163505e-15,2.5253380162778106e-14,converged
2025-01-16T07:50:00+08:00,23.833333333333332,-12.083333333333334,19.166666666666668,3.5208333333333335,56.3,56.3,46.86666666666667,46.86666666666667,35.0,55.00000000000001,85.0,40.71423216882239,11.143531355566315,14.018482741640803,15.552218071615279,87.50883858306432,1.3022131472569018,56.319467849679604,56.4,56.4,45.751017174784046,46.30506417627253,46.16491258012735,46.09988510559179,0.49620463333333337,0.4849112674693678,21.563238280802118,21.771165632204404,20.93264698857359,21.53224968306142,21.293517241017792,21.449431520542934,21.405092220546408,21.33116020492259,20.939871531537833,21.416724282200835,21.37248008764526,21.29862703842971,1.0,1.0,0.0,0.0,0.0,20.939871531537833,21.37248008764526,21.53224968306142,15.97339248398014,20.258968479976815,23.85511817617327,3.173087790897288e-16,0.0,0.0,2.517979513040058e-15,3.418358149629778e-14,converged
2025-01-16T07:55:00+08:00,23.916666666666668,-12.055555555555555,19.444444444444443,3.513888888888889,56.3,56.3,46.86666666666667,46.86666666666667,35.0,55.00000000000001,85.0,40.71423216882239,11.143531355566315,14.018482741640803,15.552218071615279,87.50883858306432,1.3022131472569018,56.3,56.30517936959952,56.37710236352347,45.736820715049724,46.23698712944286,46.14817699010383,46.06616689275207,0.49563288888888896,0.4842977120975646,21.56095467074887,21.76877476016542,20.931012783719375,21.53025294537149,21.291507678072648,21.447243899110177,21.402998527052812,21.329197395317316,20.938759891793975,21.414663629796014,21.370506540099782,21.29677816234342,1.0,1.0,0.0,0.0,0.0,20.938759891793975,21.370506540099782,21.53025294537149,15.97339248398014,20.258968479976815,23.85511817617327,3.173087790897288e-16,4.807593301348583e-16,0.0,1.817401725539098e-15,3.037517552897807e-14,converged
2025-01-16T08:00:00+08:00,24.0,-12.027777777777777,19.72222222222223,3.506944444444444,56.3,56.3,46.86666666666667,46.86666666666667,35.0,55.00000000000001,85.0,40.71423216882239,11.143531355566315,14.018482741640803,15.552218071615279,87.50883858306432,1.3022131472569018,56.3,56.3,56.3,45.736229628986045,46.23271563234468,46.093006761520265,46.043460186247195,0.49506114444444443,0.4838953417130284,21.558732730169623,21.766446971770744,20.929475700147187,21.528306825454493,21.28957059735829,21.445130002912503,21.400972045167205,21.327294984189496,20.93755213945815,21.412551682266702,21.36848144640267,21.294876592365842,1.0,1.0,0.0,0.0,0.0,20.93755213945815,21.36848144640267,21.528306825454493,15.97339248398014,20.258968479976815,23.85511817617327,3.173087790897288e-16,2.405795464259177e-16,0.0,2.405795464259177e-16,3.846784672844056e-14,converged
