timestamp,elapsed_hours,outdoor_temperature_c,solar_radiation_w_m2,wind_m_s,raw_supply_target_c,applied_supply_setpoint_c,raw_pump_target_hz,applied_pump_frequency_hz,near_valve_pct,mid_valve_pct,far_valve_pct,total_flow_m3_h,near_flow_m3_h,mid_flow_m3_h,far_flow_m3_h,pump_pressure_kpa,pump_power_kw,delivered_supply_near_c,delivered_supply_mid_c,delivered_supply_far_c,return_near_c,return_mid_c,return_far_c,station_return_c,required_heat_load_mw,actual_heat_supply_mw,B01_indoor_c,B02_indoor_c,B03_indoor_c,B04_indoor_c,B05_indoor_c,B06_indoor_c,B07_indoor_c,B08_indoor_c,B09_indoor_c,B10_indoor_c,B11_indoor_c,B12_indoor_c,compliance_rate,comfort_rate,overheating_rate,severe_overheating_rate,underheating_rate,P10_c,P50_c,P90_c,near_transport_delay_min,mid_transport_delay_min,far_transport_delay_min,hydraulic_residual,heat_balance_residual,mass_residual,pipe_heat_balance_residual,building_heat_balance_residual,solver_status
2025-01-15T08:05:00+08:00,0.08333333333333333,-8.0,20.0,3.0,53.4,53.4,45.2,45.2,35.0,55.00000000000001,85.0,37.72219355336849,11.159345446111494,14.03837675443699,12.524471352820004,84.98663508773885,1.1717406060779176,53.4,53.4,53.4,43.89674465114563,44.35987137862618,42.44964103965293,43.58863265800722,0.42884540000000004,0.42887506571182976,22.0475699615324,22.239651719643724,21.700339157607242,21.9049248961777,21.962941699079018,22.101031200137296,22.01505919859696,21.89746807139685,21.74524834369533,22.06954815139929,21.983844270531016,21.8664868407846,1.0,0.5833333333333334,0.0,0.0,0.0,21.74524834369533,21.962941699079018,22.06954815139929,15.950756328815379,20.23025916513022,29.62200874981169,2.2742703597131336e-16,4.0716515531293466e-16,0.0,4.071651553129345e-16,4.1593652864350257e-14,converged
2025-01-15T08:10:00+08:00,0.16666666666666666,-7.916666666666667,22.5,2.995833333333333,53.4,53.4,45.2,45.2,35.0,55.00000000000001,85.0,37.72219355336849,11.159345446111494,14.03837675443699,12.524471352820004,84.98663508773885,1.1717406060779176,53.4,53.4,53.4,43.896475932395205,44.35958398680862,42.44850449092466,43.58806885431608,0.4264348666666667,0.42889971073190275,22.046819544774532,22.238802269657896,21.699481461918563,21.90448461406976,21.96205111712537,22.100019334805744,22.014204856341802,21.89680039788798,21.74135414643187,22.066461639616058,21.981012170395392,21.863927199182527,1.0,0.5833333333333334,0.0,0.0,0.0,21.74135414643187,21.96205111712537,22.066461639616058,15.950756328815379,20.23025916513022,29.62200874981169,2.2742703597131336e-16,1.3571391972761656e-16,0.0,5.428556789104659e-16,3.355513183878565e-14,converged
2025-01-15T08:15:00+08:00,0.25,-7.833333333333333,25.0,2.9916666666666667,53.4,53.4,45.2,45.2,35.0,55.00000000000001,85.0,37.72219355336849,11.159345446111494,14.03837675443699,12.524471352820004,84.98663508773885,1.1717406060779176,53.4,53.4,53.4,43.896293863078284,44.359381516835285,42.44748064699908,43.58759970800145,0.42402433333333334,0.42892021808317216,22.046320823103734,22.238230961977635,21.698979675967085,21.90424512261999,21.961469037680107,22.0993396237587,22.01364306457869,21.896382205956144,21.73785525801841,22.063714930287365,21.978479554370036,21.861623365211017,1.0,0.5833333333333334,0.0,0.0,0.0,21.73785525801841,21.961469037680107,22.063714930287365,15.950756328815379,20.23025916513022,29.62200874981169,2.2742703597131336e-16,4.071222930940061e-16,0.0,4.0712229309400593e-16,3.556952165587973e-14,converged
2025-01-15T08:20:00+08:00,0.3333333333333333,-7.75,27.5,2.9875,53.4,53.4,45.2,45.2,35.0,55.00000000000001,85.0,37.72219355336849,11.159345446111494,14.03837675443699,12.524471352820004,84.98663508773885,1.1717406060779176,53.4,53.4,53.4,43.896198119496304,44.359263653087254,42.446569037123865,43.58722484954701,0.4216138,0.42893660391795674,22.046073114281064,22.237937082306107,21.69883201850858,21.90420595523064,21.96119422834583,22.098990809818794,22.01337277129178,21.896212641109624,21.73474951247282,22.0613067610362,21.976245365393243,21.85957447889217,1.0,0.5833333333333334,0.0,0.0,0.0,21.73474951247282,21.96119422834583,22.0613067610362,15.950756328815379,20.23025916513022,29.62200874981169,2.2742703597131336e-16,0.0,0.0,8.14213481178223e-16,3.291075331120872e-14,converged
2025-01-15T08:25:00+08:00,0.4166666666666667,-7.666666666666667,30.0,2.9833333333333334,53.4,53.4,45.2,45.2,35.0,55.00000000000001,85.0,37.72219355336849,11.159345446111494,14.03837675443699,12.524471352820004,84.98663508773885,1.1717406060779176,53.4,53.4,53.4,43.896188379290855,44.3592300811225,42.445769192607095,43.586943910955014,0.4192032666666667,0.4289488843221967,22.046075737916848,22.237919918180857,21.69903671721353,21.904366646388237,21.961225461648283,22.098971640566972,22.01339292824829,21.896290851783395,21.732034755680854,22.059235874175332,21.97430855013432,21.85777968313917,1.0,0.5833333333333334,0.0,0.0,0.0,21.732034755680854,21.961225461648283,22.059235874175332,15.950756328815379,20.23025916513022,29.62200874981169,2.2742703597131336e-16,4.070950855049608e-16,0.0,4.0709508550496066e-16,2.8391367311753443e-14,converged
2025-01-15T08:30:00+08:00,0.5,-7.583333333333333,32.5,2.9791666666666665,53.4,53.4,45.2,45.2,35.0,55.00000000000001,85.0,37.72219355336849,11.159345446111494,14.03837675443699,12.524471352820004,84.98663508773885,1.1717406060779176,53.4,53.4,53.4,43.896264321437805,44.35928048767144,42.445080646807725,43.58675652573966,0.41679273333333333,0.42895707531573973,22.04632801546565,22.238178758969106,21.699592008622513,21.904726731661068,21.961561515016694,22.099280868324488,22.0137024909849,21.8966159893291,21.729708845331118,22.057501016689876,21.97266805898042,21.85623812374657,1.0,0.5833333333333334,0.0,0.0,0.0,21.729708845331118,21.961561515016694,22.057501016689876,15.950756328815379,20.23025916513022,29.62200874981169,2.2742703597131336e-16,2.713915413127193e-16,0.0,9.498703945945165e-16,3.4337577814889134e-14,converged
2025-01-15T08:35:00+08:00,0.5833333333333334,-7.5,35.0,2.975,53.0,53.0,45.0,45.0,35.0,55.00000000000001,85.0,37.55528119251288,11.109967811394187,13.976260043134172,12.469053337984516,84.23620489695314,1.1562552490845048,53.4,53.4,53.4,43.861345544091684,44.32568815593465,42.40550541207774,43.55078535668027,0.41438220000000003,0.4286244516084154,22.046800738143734,22.2386860289687,21.700441147991732,21.905261176442206,21.962160191978718,22.099878594123517,22.014263591667994,21.89715200067692,21.72770018982169,22.056054893639466,21.97127897933547,21.854907013320645,1.0,0.5833333333333334,0.0,0.0,0.0,21.72770018982169,21.962160191978718,22.056054893639466,16.02164857916567,20.320171428086358,29.753662122033077,1.147265510051437e-16,0.0,0.0,6.026172663137922e-16,3.19308824152598e-14,converged
2025-01-15T08:40:00+08:00,0.6666666666666666,-7.416666666666667,37.5,2.970833333333333,53.0,53.0,45.0,45.0,35.0,55.00000000000001,85.0,37.55528119251288,11.109967811394187,13.976260043134172,12.469053337984516,84.23620489695314,1.1562552490845048,53.4,53.4,53.4,43.861581409631135,44.32589546576134,42.4050187474414,43.55077070167857,0.4119716666666667,0.42862508937419636,22.047521841038435,22.239467957639167,21.701637656566373,21.90599414730358,21.96306142317606,22.100802382973303,22.015112153716867,21.89793337163388,21.726076507891424,22.054942477067815,21.970184288770028,21.853827578828746,1.0,0.5833333333333334,0.0,0.0,0.0,21.726076507891424,21.96306142317606,22.054942477067815,16.02164857916567,20.320171428086358,29.753662122033077,1.147265510051437e-16,5.43203488143469e-16,0.0,1.1458198578026299e-15,2.933885749458976e-14,converged
2025-01-15T08:45:00+08:00,0.75,-7.333333333333333,40.0,2.966666666666667,53.0,53.0,45.0,45.0,35.0,55.00000000000001,85.0,37.55528119251288,11.109967811394187,13.976260043134172,12.469053337984516,84.23620489695314,1.1562552490845048,53.4,53.4,53.4,43.8619023603226,44.3261861719026,42.40464245922155,43.55084890049644,0.4095611333333333,0.4286216862677927,22.04849065112175,22.240523839866487,21.70317979644663,21.90692518306457,21.964264000366903,22.10205100115323,22.016247143752935,21.89895926210003,21.724835691029366,22.054162527734004,21.96938294861603,21.852998974516996,1.0,0.5833333333333334,0.0,0.0,0.0,21.724835691029366,21.964264000366903,22.054162527734004,16.02164857916567,20.320171428086358,29.753662122033077,1.147265510051437e-16,6.790097512366726e-16,0.0,1.2816309054592195e-15,2.399245169377124e-14,converged
2025-01-15T08:50:00+08:00,0.8333333333333334,-7.25,42.5,2.9625,53.0,53.0,45.0,45.0,35.0,55.00000000000001,85.0,37.55528119251288,11.109967811394187,13.976260043134172,12.469053337984516,84.23620489695314,1.1562552490845048,53.08173188633326,53.4,53.4,43.64041075104228,44.326559964532706,42.40437608710727,43.48537576977765,0.4071506,0.427373570209721,22.049320744364085,22.241487501545876,21.704330328349247,21.907723127361646,21.965766720134503,22.103623219610707,22.01766753211245,21.900228834851873,21.72397564227293,22.053713810999117,21.968873923870056,21.852420357473658,1.0,0.5833333333333334,0.0,0.0,0.0,21.72397564227293,21.965766720134503,22.053713810999117,16.02164857916567,20.320171428086358,29.753662122033077,1.147265510051437e-16,4.085956524047829e-16,0.0,1.2811176184774963e-15,5.891724428566228e-14,converged
2025-01-15T08:55:00+08:00,0.9166666666666666,-7.166666666666667,45.0,2.9583333333333335,53.0,53.0,45.0,45.0,35.0,55.00000000000001,85.0,37.55528119251288,11.109967811394187,13.976260043134172,12.469053337984516,84.23620489695314,1.1562552490845048,53.0,53.025613714246916,53.4,43.583744431868155,44.060701133365086,42.404219172799095,43.36962028676659,0.40474006666666673,0.42529548049209065,22.050299321694176,22.242630917164725,21.70563831432221,21.908634160874165,21.966882744511103,22.104868196885146,22.01875510191506,21.90115340750816,21.723494276144653,22.053595096809147,21.968656183180407,21.852090887619596,1.0,0.5833333333333334,0.0,0.0,0.0,21.723494276144653,21.966882744511103,22.053595096809147,16.02164857916567,20.320171428086358,29.753662122033077,1.147265510051437e-16,2.737280953285367e-16,0.0,1.6551995764397455e-15,2.949082401067244e-14,converged
2025-01-15T09:00:00+08:00,1.0,-7.083333333333333,47.5,2.9541666666666666,53.0,53.0,45.0,45.0,35.0,55.00000000000001,85.0,37.55528119251288,11.109967811394187,13.976260043134172,12.469053337984516,84.23620489695314,1.1562552490845048,53.0,53.0,53.380292969762635,43.5841269676419,44.042830843483316,42.39134178649507,43.358807461989755,0.4023295333333333,0.42506646525802066,22.051524908542557,22.244047358317605,21.70729137387562,21.909742845642693,21.96825244273811,22.106392428712724,22.020086091251397,21.902281860542967,21.72334041370541,22.05377229438908,21.968697476666684,21.851979992177817,1.0,0.5833333333333334,0.0,0.0,0.0,21.72334041370541,21.96825244273811,22.05377229438908,16.02164857916567,20.320171428086358,29.753662122033077,1.147265510051437e-16,9.585645062518455e-16,0.0,7.809733142453652e-16,5.192837134914231e-14,converged
2025-01-15T09:05:00+08:00,1.0833333333333333,-7.0,50.0,2.95,52.6,52.6,44.8,44.8,35.0,55.00000000000001,85.0,37.38836883165726,11.060590176676879,13.914143331831353,12.413635323149029,83.48910255623743,1.1409069297502425,53.0,53.0,53.0,43.549714056581905,44.009721335235916,42.1049171100716,43.24120701116798,0.399919,0.42280191539575684,22.05296845066648,22.245709398571233,21.70923307070576,21.911024276316848,21.969880846984605,22.10820076256819,22.02166513601261,21.90361861523539,21.722547246480115,22.053598323060108,21.968383025373974,21.851502092873815,1.0,0.5833333333333334,0.0,0.0,0.0,21.722547246480115,21.968383025373974,22.053598323060108,16.093173796036947,20.410886479104597,29.88649097079216,1.1575318169314814e-16,2.753424655561604e-16,1.1512925857292614e-16,2.5727311625403736e-15,3.197161463387443e-14,converged
2025-01-15T09:10:00+08:00,1.1666666666666667,-6.916666666666667,52.5,2.9458333333333333,52.6,52.6,44.8,44.8,35.0,55.00000000000001,85.0,37.38836883165726,11.060590176676879,13.914143331831353,12.413635323149029,83.48910255623743,1.1409069297502425,53.0,53.0,53.0,43.55025610034967,44.010221253085774,42.10481400363356,43.241519175812584,0.39750846666666667,0.4227883907918627,22.054657743845123,22.247643134488744,21.711516674333858,21.91250249889098,21.97180769561525,22.110330581363492,22.023527984825616,21.90519798947138,21.722132394236844,22.053753333977216,21.968359171402874,21.851273001824985,1.0,0.5833333333333334,0.0,0.0,0.0,21.722132394236844,21.968359171402874,22.054657743845123,16.093173796036947,20.410886479104597,29.88649097079216,1.1575318169314814e-16,6.883781837581587e-16,1.1512925857292614e-16,7.744254567279285e-16,2.9586410041790594e-14,converged
2025-01-15T09:15:00+08:00,1.25,-6.833333333333333,55.0,2.9416666666666664,52.6,52.6,44.8,44.8,35.0,55.00000000000001,85.0,37.38836883165726,11.060590176676879,13.914143331831353,12.413635323149029,83.48910255623743,1.1409069297502425,53.0,53.0,53.0,43.55088245024653,44.01080379492858,42.10482008139185,43.24192328055856,0.3950979333333333,0.42277088286226383,22.05659212239973,22.249847868798653,21.714140474784994,21.91417705636757,21.974031797192122,22.112780669099596,22.025673617794343,21.90701915280567,21.722093785767775,22.054236105929355,21.968624889871464,21.851291883247008,1.0,0.5833333333333334,0.0,0.0,0.0,21.722093785767775,21.968624889871464,22.05659212239973,16.093173796036947,20.410886479104597,29.88649097079216,1.1575318169314814e-16,5.507253528851097e-16,1.1512925857292614e-16,2.848282684452677e-15,3.1579548587817345e-14,converged
2025-01-15T09:20:00+08:00,1.3333333333333333,-6.75,57.5,2.9375,52.6,52.6,44.8,44.8,35.0,55.00000000000001,85.0,37.38836883165726,11.060590176676879,13.914143331831353,12.413635323149029,83.48910255623743,1.1409069297502425,52.68745390368296,53.0,53.0,43.33403653154206,44.01146865392512,42.10493488840715,43.178059362524785,0.3926874,0.42153193294404173,22.058392384191613,22.25196427082738,21.71638100436533,21.915722982335648,21.976551965033703,22.1155498143769,22.028101018687888,21.90908127763547,21.722429361204572,22.055045422238724,21.969179159512397,21.85155790416308,1.0,0.5833333333333334,0.0,0.0,0.0,21.722429361204572,21.969179159512397,22.058392384191613,16.093173796036947,20.410886479104597,29.88649097079216,1.1575318169314814e-16,6.904300287161692e-16,1.1512925857292614e-16,1.0874272952279665e-15,4.1928033749759694e-14,converged
2025-01-15T09:25:00+08:00,1.4166666666666667,-6.666666666666667,60.0,2.933333333333333,52.6,52.6,44.8,44.8,35.0,55.00000000000001,85.0,37.38836883165726,11.060590176676879,13.914143331831353,12.413635323149029,83.48910255623743,1.1409069297502425,52.6,52.63287091832837,53.0,43.273783922905075,43.75146087862611,42.10515797172628,43.06354659497354,0.3902768666666667,0.4194529117177742,22.0603316550908,22.254250981176256,21.718760493673315,21.917374389816157,21.978695126081288,22.118000220487986,22.03020436197251,21.910807481558482,21.72313707195632,22.056180070743935,21.970020962660136,21.852070234394503,1.0,0.5833333333333334,0.0,0.0,0.0,21.72313707195632,21.970020962660136,22.0603316550908,16.093173796036947,20.410886479104597,29.88649097079216,1.1575318169314814e-16,1.3877042997530077e-16,1.1512925857292614e-16,1.684759751418886e-15,3.321495648521911e-14,converged
2025-01-15T09:30:00+08:00,1.5,-6.583333333333333,62.5,2.9291666666666667,52.6,52.6,44.8,44.8,35.0,55.00000000000001,85.0,37.38836883165726,11.060590176676879,13.914143331831353,12.413635323149029,83.48910255623743,1.1409069297502425,52.6,52.6,52.990919277663366,43.27446896467576,43.72875466785318,42.09958863360111,43.05344997270272,0.3878663333333333,0.4192297298964476,22.062515334238203,22.256807784054693,21.72147970025229,21.91922173002265,21.981074638954283,22.12071279375727,22.032535570616446,21.912723483028604,21.72419227227962,22.057623712639412,21.971134910621288,21.85281435641371,1.0,0.5833333333333334,0.0,0.0,0.0,21.72419227227962,21.971134910621288,22.062515334238203,16.093173796036947,20.410886479104597,29.88649097079216,1.1575318169314814e-16,1.1107544482180702e-15,1.1512925857292614e-16,7.311020489247846e-16,2.442579494895649e-14,converged
2025-01-15T09:35:00+08:00,1.5833333333333333,-6.5,65.0,2.925,52.2,52.2,44.6,44.6,35.0,55.00000000000001,85.0,37.22145647080165,11.011212541959573,13.852026620528534,12.358217308313543,82.74532806559178,1.1256950390188694,52.6,52.6,52.6,43.24056853743965,43.69613421551838,41.80734998869937,42.93425278688764,0.3854558,0.4169011741078752,22.06491453039161,22.2596074112914,21.7244825129904,21.921240233091947,21.98370905087955,22.123705190378036,22.035111442198666,21.91484527916643,21.72457629507545,22.058694592095136,21.971873279697434,21.85317331195619,1.0,0.5833333333333334,0.0,0.0,0.0,21.72457629507545,21.971873279697434,22.06491453039161,16.16534049467388,20.502415118024352,30.020511109674626,0.0,4.188594170166997e-16,1.2962427876984576e-16,1.2303995374865554e-15,2.8936147379038054e-14,converged
2025-01-15T09:40:00+08:00,1.6666666666666667,-6.416666666666667,67.5,2.9208333333333334,52.2,52.2,44.6,44.6,35.0,55.00000000000001,85.0,37.22145647080165,11.011212541959573,13.852026620528534,12.358217308313543,82.74532806559178,1.1256950390188694,52.6,52.6,52.6,43.2414127092434,43.696922657108814,41.80762403439265,42.93488692610519,0.38304526666666666,0.4168738225355121,22.067556891300043,22.262675817293257,21.727821931167206,21.923453818081214,21.986637894728663,22.12701459724035,22.037967538811138,21.917207010330547,21.725332189215614,22.06008983464112,21.97289853424653,21.85377826528347,1.0,0.5833333333333334,0.0,0.0,0.0,21.727821931167206,21.97289853424653,22.067556891300043,16.16534049467388,20.502415118024352,30.020511109674626,0.0,2.792579325774714e-16,1.2962427876984576e-16,1.884991044897932e-15,4.4588340244356385e-14,converged
2025-01-15T09:45:00+08:00,1.75,-6.333333333333333,70.0,2.9166666666666665,52.2,52.2,44.6,44.6,35.0,55.00000000000001,85.0,37.22145647080165,11.011212541959573,13.852026620528534,12.358217308313543,82.74532806559178,1.1256950390188694,52.6,52.6,52.6,43.24234042835932,43.69779296868842,41.808006104149754,42.93561211515414,0.38063473333333336,0.4168425438191033,22.070441758514875,22.266012312509723,21.731496271913123,21.92586203211834,21.989859995471218,22.130639815667482,22.041102853753046,21.919807855536305,21.72645791959599,22.061808236696027,21.974209662883556,21.854628390383553,1.0,0.5833333333333334,0.0,0.0,0.0,21.731496271913123,21.974209662883556,22.070441758514875,16.16534049467388,20.502415118024352,30.020511109674626,0.0,0.0,1.2962427876984576e-16,2.1644113767578382e-15,3.7212473505763783e-14,converged
2025-01-15T09:50:00+08:00,1.8333333333333333,-6.25,72.5,2.9125,52.2,52.2,44.6,44.6,35.0,55.00000000000001,85.0,37.22145647080165,11.011212541959573,13.852026620528534,12.358217308313543,82.74532806559178,1.1256950390188694,52.29322723957391,52.6,52.6,43.030161518831164,43.69874484633484,41.80849574825424,42.87336010444068,0.3782242,0.4156132663118032,22.073197205730118,22.26926446078406,21.73479594175181,21.928146145004405,21.993374182766168,22.13457965151512,22.04451638394012,21.922646996608208,21.727951462249788,22.063848599144535,21.975805657789035,21.855722864018038,1.0,0.5833333333333334,0.0,0.0,0.0,21.73479594175181,21.975805657789035,22.073197205730118,16.16534049467388,20.502415118024352,30.020511109674626,0.0,2.801049226845353e-16,1.2962427876984576e-16,4.192820561434138e-15,5.565104246124653e-14,converged
2025-01-15T09:55:00+08:00,1.9166666666666667,-6.166666666666667,75.0,2.908333333333333,52.2,52.2,44.6,44.6,35.0,55.00000000000001,85.0,37.22145647080165,11.011212541959573,13.852026620528534,12.358217308313543,82.74532806559178,1.1256950390188694,52.2,52.24019320944195,52.6,42.966296633299685,43.4446174162314,41.809092518951324,42.76009116944605,0.3758136666666667,0.4135337461170675,22.076082178283666,22.272677468924442,21.738216137184494,21.930528111798765,21.996521252615672,22.138209451444308,22.04761478893439,21.925159440463744,21.729810804286572,22.06620972732075,21.977685514696443,21.857060865712786,1.0,0.5833333333333334,0.0,0.0,0.0,21.738216137184494,21.977685514696443,22.076082178283666,16.16534049467388,20.502415118024352,30.020511109674626,0.0,0.0,1.2962427876984576e-16,2.1443409215207612e-15,3.5994219070353504e-14,converged
2025-01-15T10:00:00+08:00,2.0,-6.083333333333333,77.5,2.904166666666667,52.2,52.2,44.6,44.6,35.0,55.00000000000001,85.0,37.22145647080165,11.011212541959573,13.852026620528534,12.358217308313543,82.74532806559178,1.1256950390188694,52.2,52.2,52.6,42.96728020802534,43.417041216343364,41.80979597043888,42.75035317065167,0.3734031333333333,0.4133085993354475,22.079209000192723,22.276357682204427,21.74197085133783,21.933104316751745,21.999887347333324,22.14208433756788,22.050925491682968,21.92784756758174,21.73203394383166,22.068890430991708,21.9798482328797,21.858641577748656,1.0,0.5833333333333334,0.0,0.0,0.0,21.74197085133783,21.9798482328797,22.079209000192723,16.16534049467388,20.502415118024352,30.020511109674626,0.0,1.4083341359714897e-16,1.2962427876984576e-16,1.5293628507815396e-15,2.762449622860884e-14,converged
2025-01-15T10:05:00+08:00,2.0833333333333335,-6.0,80.0,2.9,51.8,51.8,44.4,44.4,35.0,55.00000000000001,85.0,37.054544109946036,10.961834907242265,13.789909909225717,12.302799293478055,82.0048814250161,1.1106189678341203,52.2,52.2,52.20164828016485,42.93389907531484,43.38491622830899,41.513848911056165,42.630262732715224,0.37099259999999995,0.41093264768892873,22.082548951783718,22.28027799982343,21.74600431513216,21.935850131809765,22.003504642395278,22.14623488334719,22.054477553244727,21.9307390464235,21.733562256080457,22.071182246999896,21.98162071193896,21.85982386797721,1.0,0.5,0.0,0.0,0.0,21.74600431513216,21.98162071193896,22.082548951783718,16.23815734374899,20.59476833927671,30.155738637195686,1.1784821939443633e-16,2.832953830308948e-16,1.4613657467262237e-16,3.0365723868624035e-15,3.375999546826059e-14,converged
2025-01-15T10:10:00+08:00,2.1666666666666665,-5.916666666666666,82.5,2.895833333333333,51.8,51.8,44.4,44.4,35.0,55.00000000000001,85.0,37.054544109946036,10.961834907242265,13.789909909225717,12.302799293478055,82.0048814250161,1.1106189678341203,52.2,52.2,52.2,42.93504143899478,43.385989211383134,41.513427070162685,42.63085993121477,0.36858206666666665,0.4108835064902738,22.086129523949054,22.284464224660574,21.75036923905167,21.938789342643126,22.00741245187559,22.150698065630625,22.058306337335512,21.93386783011685,21.735452107031822,22.07379116783962,21.98367383811447,21.861246920903824,1.0,0.5,0.0,0.0,0.0,21.75036923905167,21.98367383811447,22.086129523949054,16.23815734374899,20.59476833927671,30.155738637195686,1.1784821939443633e-16,7.083231620888301e-16,1.4613657467262237e-16,7.118647778992742e-15,4.026465426682213e-14,converged
2025-01-15T10:15:00+08:00,2.25,-5.833333333333334,85.0,2.8916666666666666,51.8,51.8,44.4,44.4,35.0,55.00000000000001,85.0,37.054544109946036,10.961834907242265,13.789909909225717,12.302799293478055,82.0048814250161,1.1106189678341203,52.2,52.2,52.2,42.936266610893526,43.387143328398174,41.51417893696863,42.63190151380836,0.3661715333333334,0.4108387826064896,22.089950065353225,22.288915674766717,21.755063966538188,21.941921500448327,22.011609616765032,22.155472702674057,22.062410850169076,21.93723310694792,21.737705593178717,22.07671874887701,21.986009217857422,21.862912400687428,1.0,0.5,0.0,0.0,0.0,21.755063966538188,21.986009217857422,22.089950065353225,16.23815734374899,20.59476833927671,30.155738637195686,1.1784821939443633e-16,1.1334404321652365e-15,1.4613657467262237e-16,1.8595507090210913e-16,3.0250634529057186e-14,converged
2025-01-15T10:20:00+08:00,2.3333333333333335,-5.75,87.5,2.8874999999999997,51.8,51.8,44.4,44.4,35.0,55.00000000000001,85.0,37.054544109946036,10.961834907242265,13.789909909225717,12.302799293478055,82.0048814250161,1.1106189678341203,51.89905258749992,52.2,52.2,42.72877633257907,43.38837827828043,41.51503725434794,42.5712642916904,0.363761,0.409619677330724,22.093645980069333,22.29328686016015,21.759392882145182,21.944934158014682,22.016094982678233,22.16055761720027,22.06679010152813,21.940834067979367,21.7403207253041,22.079963808170067,21.988625856514556,21.86481949363576,1.0,0.5,0.0,0.0,0.0,21.759392882145182,21.988625856514556,22.093645980069333,16.23815734374899,20.59476833927671,30.155738637195686,1.1784821939443633e-16,2.842034410689258e-16,1.4613657467262237e-16,1.5853223197126015e-15,2.878084411812781e-14,converged
2025-01-15T10:25:00+08:00,2.4166666666666665,-5.666666666666666,90.0,2.8833333333333333,51.8,51.8,44.4,44.4,35.0,55.00000000000001,85.0,37.054544109946036,10.961834907242265,13.789909909225717,12.302799293478055,82.0048814250161,1.1106189678341203,51.8,51.84758146714214,52.2,42.66127314138867,43.14016084667756,41.51600157960026,42.45924048848573,0.3613504666666666,0.4075400835352335,22.097461926259857,22.297809452841143,21.763823943397945,21.948037021134617,22.020223320024744,22.16534139898499,22.070863330890646,21.9441176998066,21.743295525072682,22.08352516816073,21.99152276293774,21.866967388787675,1.0,0.5,0.0,0.0,0.0,21.763823943397945,21.99152276293774,22.097461926259857,16.23815734374899,20.59476833927671,30.155738637195686,1.1784821939443633e-16,1.4282683658633326e-16,1.4613657467262237e-16,8.993627366295673e-16,4.6673194385177263e-14,converged
2025-01-15T10:30:00+08:00,2.5,-5.583333333333334,92.5,2.8791666666666664,51.8,51.8,44.4,44.4,35.0,55.00000000000001,85.0,37.054544109946036,10.961834907242265,13.789909909225717,12.302799293478055,82.0048814250161,1.1106189678341203,51.8,51.8,52.2,42.662551388123525,43.107680463289775,41.51707147195414,42.44788622761795,0.35893993333333335,0.4072672847169115,22.101517204555584,22.302596408137735,21.7685844776792,21.951332451447055,22.024553346814983,22.17035318894012,22.075133274203264,21.94756286699658,21.746628024971375,22.087401655658617,21.99469894947162,21.869355277903967,1.0,0.5,0.0,0.0,0.0,21.7685844776792,21.99469894947162,22.101517204555584,16.23815734374899,20.59476833927671,30.155738637195686,1.1784821939443633e-16,0.0,1.4613657467262237e-16,8.843330054178648e-16,4.4001649217471775e-14,converged
2025-01-15T10:35:00+08:00,2.5833333333333335,-5.5,95.0,2.875,51.4,51.4,44.2,44.2,35.0,55.00000000000001,85.0,36.887631749090424,10.912457272524957,13.727793197922898,12.247381278642571,81.2677626345104,1.0956781071397335,51.8,51.8,51.81251546695292,42.629696555381095,43.07605752584454,41.22927698223681,42.33084512888643,0.3565294,0.404936435954623,22.105783275531465,22.307620801847694,21.77361907487855,21.954795969124557,22.029130981218128,22.17563658754177,22.079641358935532,21.951209005932732,21.74928777364565,22.09090369914271,21.997499256494297,21.87135910801169,1.0,0.5,0.0,0.0,0.0,21.77361907487855,21.997499256494297,22.105783275531465,16.311633168833826,20.687957336287013,30.292189943246342,5.945856600638194e-17,5.749807203814095e-16,1.1669209918703826e-16,7.546621955006e-16,3.009051360416115e-14,converged
2025-01-15T10:40:00+08:00,2.6666666666666665,-5.416666666666666,97.5,2.870833333333333,51.4,51.4,44.2,44.2,35.0,55.00000000000001,85.0,36.887631749090424,10.912457272524957,13.727793197922898,12.247381278642571,81.2677626345104,1.0956781071397335,51.8,51.8,51.8,42.631133286342255,43.07741116836324,41.22220251298414,42.32942506123743,0.35411886666666664,0.40481951558897306,22.110287464289097,22.312908275835873,21.77898013808521,21.958451219908408,22.03399530511224,22.181228347475873,22.08442273848264,21.955089872707664,21.752276042274296,22.09470037283826,22.000559497965085,21.873584662765627,1.0,0.4166666666666667,0.0,0.0,0.0,21.77898013808521,22.000559497965085,22.110287464289097,16.311633168833826,20.687957336287013,30.292189943246342,5.945856600638194e-17,1.5816536638965888e-15,1.1669209918703826e-16,2.7589072432741634e-15,4.3340252489410593e-14,converged
2025-01-15T10:45:00+08:00,2.75,-5.333333333333334,100.0,2.8666666666666667,51.4,51.4,44.2,44.2,35.0,55.00000000000001,85.0,36.887631749090424,10.912457272524957,13.727793197922898,12.247381278642571,81.2677626345104,1.0956781071397335,51.8,51.8,51.8,42.63265210568264,43.078845226375364,41.22331815665394,42.330778474671924,0.35170833333333335,0.40476166396175023,22.115029126491123,22.318458155636936,21.784666036283465,21.962297759007782,22.039145175132653,22.187127303550543,22.089476431698646,21.95920466469267,21.75562194451774,22.098811307230115,22.003898448564687,21.8760499540397,1.0,0.4166666666666667,0.0,0.0,0.0,21.784666036283465,22.003898448564687,22.115029126491123,16.311633168833826,20.687957336287013,30.292189943246342,5.945856600638194e-17,1.5818797259135885e-15,1.1669209918703826e-16,1.1684338884589007e-15,1.7889882865106236e-14,converged
2025-01-15T10:50:00+08:00,2.8333333333333335,-5.25,102.5,2.8625,51.4,51.4,44.2,44.2,35.0,55.00000000000001,85.0,36.887631749090424,10.912457272524957,13.727793197922898,12.247381278642571,81.2677626345104,1.0956781071397335,51.504930653506705,51.8,51.8,42.429872382825195,43.08035940158902,41.224539157477196,42.2717591066246,0.3492978,0.40355322453636655,22.119651051749567,22.323931949683303,21.78999523706942,21.966029469500604,22.04457945247464,22.193332294976763,22.09480146095998,21.963552582003555,21.759323524796475,22.10323533716971,22.00751512653083,21.878754177499758,1.0,0.4166666666666667,0.0,0.0,0.0,21.78999523706942,22.00751512653083,22.119651051749567,16.311633168833826,20.687957336287013,30.292189943246342,5.945856600638194e-17,1.4423787836249088e-16,1.1669209918703826e-16,1.8210032143264473e-15,3.39492020351026e-14,converged
2025-01-15T10:55:00+08:00,2.9166666666666665,-5.166666666666666,105.0,2.8583333333333334,51.4,51.4,44.2,44.2,35.0,55.00000000000001,85.0,36.887631749090424,10.912457272524957,13.727793197922898,12.247381278642571,81.2677626345104,1.0956781071397335,51.4,51.45503658690295,51.8,42.358704812759925,42.8380819859503,41.22586507766782,42.16098191432292,0.3468872666666666,0.40147397557275916,22.12438350322114,22.329547693028672,21.79540825184864,21.96984371559023,22.049666988513838,22.199245255538642,22.099829741567564,21.967592682304186,21.763378838224323,22.10797130182838,22.01140855355953,21.881696531510244,1.0,0.4166666666666667,0.0,0.0,0.0,21.79540825184864,22.01140855355953,22.12438350322114,16.311633168833826,20.687957336287013,30.292189943246342,5.945856600638194e-17,1.4498489181129605e-16,1.1669209918703826e-16,1.008098075875418e-15,3.252961173740961e-14,converged
2025-01-15T11:00:00+08:00,3.0,-5.083333333333334,107.5,2.8541666666666665,51.4,51.4,44.2,44.2,35.0,55.00000000000001,85.0,36.887631749090424,10.912457272524957,13.727793197922898,12.247381278642571,81.2677626345104,1.0956781071397335,51.4,51.4,51.8,42.36027398023705,42.80066309530442,41.22729548134562,42.14799553928348,0.3444767333333334,0.4011535770928224,22.12935281046717,22.335425000594753,21.801145842070746,21.973848881151127,22.054938866611636,22.205369145735208,22.10503913337625,21.971780134301188,21.767785950549953,22.11301804468132,22.01557775479292,21.884876217125154,1.0,0.4166666666666667,0.0,0.0,0.0,21.801145842070746,22.01557775479292,22.12935281046717,16.311633168833826,20.687957336287013,30.292189943246342,5.945856600638194e-17,7.255034510137101e-16,1.1669209918703826e-16,3.604845272224372e-16,3.7731381435145e-14,converged
2025-01-15T11:05:00+08:00,3.0833333333333335,-5.0,110.0,2.8499999999999996,51.0,51.0,44.0,44.0,35.0,55.00000000000001,85.0,36.72071938823481,10.863079637807648,13.665676486620077,12.19196326380708,80.53397169407472,1.0808718478794452,51.4,51.4,51.42348144634816,42.32795264933058,42.76954897466219,40.94769947270114,42.03402367178404,0.3420662,0.39886866265044824,22.134530623106052,22.341537134127705,21.807152973636533,21.97802064109516,22.060454863348433,22.21176070402261,22.110483534355517,21.976166239981975,21.771542811649514,22.117705038965923,22.019385655217597,21.887686395756283,1.0,0.4166666666666667,0.0,0.0,0.0,21.807152973636533,22.019385655217597,22.134530623106052,16.385776955964893,20.78199350599741,30.42988171571565,2.4000130762956204e-16,4.377956933995451e-16,0.0,1.514043439673427e-15,3.576459284984908e-14,converged
2025-01-15T11:10:00+08:00,3.1666666666666665,-4.916666666666666,112.5,2.845833333333333,51.0,51.0,44.0,44.0,35.0,55.00000000000001,85.0,36.72071938823481,10.863079637807648,13.665676486620077,12.19196326380708,80.53397169407472,1.0808718478794452,51.4,51.4,51.4,42.329680032148964,42.77117949304112,40.93393087830997,42.03057005308236,0.33965566666666663,0.3986838757220437,22.13994409140331,22.34790956487303,21.81348172358508,21.982382494597456,22.06625381490795,22.218456444696734,22.11619787552715,21.98078454849453,21.7755951682417,22.12266415406211,22.02343272616931,21.890699194744368,1.0,0.4166666666666667,0.0,0.0,0.0,21.81348172358508,22.02343272616931,22.13994409140331,16.385776955964893,20.78199350599741,30.42988171571565,2.4000130762956204e-16,7.299976805940465e-16,0.0,5.347233010351391e-15,3.151491285506085e-14,converged
2025-01-15T11:15:00+08:00,3.25,-4.833333333333334,115.0,2.8416666666666663,51.0,51.0,44.0,44.0,35.0,55.00000000000001,85.0,36.72071938823481,10.863079637807648,13.665676486620077,12.19196326380708,80.53397169407472,1.0808718478794452,51.4,51.4,51.4,42.33148880230334,42.772889725719395,40.93540444944652,42.032230860030346,0.33724513333333334,0.398613205792859,22.1455925779068,22.35454162573359,21.82013048569826,21.98693400082479,22.07233459320305,22.22545521874671,22.12218118811754,21.985634266113756,21.77999934953918,22.12793322781237,22.027755036180935,21.893949093315626,1.0,0.4166666666666667,0.0,0.0,0.0,21.82013048569826,22.027755036180935,22.1455925779068,16.385776955964893,20.78199350599741,30.42988171571565,2.4000130762956204e-16,5.841016812043629e-16,0.0,6.470751437092082e-15,3.307586631545937e-14,converged
2025-01-15T11:20:00+08:00,3.3333333333333335,-4.75,117.5,2.8375,51.0,51.0,44.0,44.0,35.0,55.00000000000001,85.0,36.72071938823481,10.863079637807648,13.665676486620077,12.19196326380708,80.53397169407472,1.0808718478794452,51.11086215647718,51.4,51.4,42.133441860181456,42.77467937712154,40.93698231390965,41.97483259341811,0.3348346,0.397415919875766,22.151126313549682,22.361101876384406,21.82643191684489,21.99137542097599,22.078696074644064,22.2327558815019,22.128432506829856,21.990714601827694,21.784753432526006,22.133511111490744,22.032351616112223,21.897435296310093,1.0,0.4166666666666667,0.0,0.0,0.0,21.82643191684489,22.032351616112223,22.151126313549682,16.385776955964893,20.78199350599741,30.42988171571565,2.4000130762956204e-16,5.858613910752582e-16,0.0,2.9567692080829436e-15,4.0264969112063787e-14,converged
2025-01-15T11:25:00+08:00,3.4166666666666665,-4.666666666666666,120.0,2.833333333333333,51.0,51.0,44.0,44.0,35.0,55.00000000000001,85.0,36.72071938823481,10.863079637807648,13.665676486620077,12.19196326380708,80.53397169407472,1.0808718478794452,51.0,51.06255948047979,51.4,42.05858379054987,42.538372359287614,40.93866403869121,41.86530366889195,0.33242406666666663,0.39533742747098866,22.156761057447966,22.36779461165345,21.832798872867286,21.99589168431141,22.084721299361494,22.239773812812842,22.134396519797843,21.995496776806913,21.789855504697112,22.139396660628524,22.03722150023536,21.90115701123453,1.0,0.4166666666666667,0.0,0.0,0.0,21.832798872867286,22.03722150023536,22.156761057447966,16.385776955964893,20.78199350599741,30.42988171571565,2.4000130762956204e-16,5.889415660523456e-16,0.0,7.322660174783655e-15,3.3461906803779964e-14,converged
2025-01-15T11:30:00+08:00,3.5,-4.583333333333334,122.5,2.8291666666666666,51.0,51.0,44.0,44.0,35.0,55.00000000000001,85.0,36.72071938823481,10.863079637807648,13.665676486620077,12.19196326380708,80.53397169407472,1.0808718478794452,51.0,51.0,51.4,42.060440234836214,42.49598050509906,40.94044919266656,41.85066936596575,0.3300135333333334,0.3949694708731024,22.16263022099861,22.37474615615213,21.83948565024654,22.00059724229038,22.090913503337667,22.246985591297484,22.14052601954941,22.0004120819073,21.795303664000873,22.145588734998473,22.04236372622294,21.905113448253477,1.0,0.25,0.0,0.0,0.0,21.83948565024654,22.04236372622294,22.16263022099861,16.385776955964893,20.78199350599741,30.42988171571565,2.4000130762956204e-16,1.473725571366214e-16,0.0,2.8231055476484035e-15,3.494224385527149e-14,converged
2025-01-15T11:35:00+08:00,3.5833333333333335,-4.5,125.0,2.8249999999999997,50.6,50.6,43.8,43.8,35.0,55.00000000000001,85.0,36.55380702737919,10.81370200309034,13.60355977531726,12.136545248971595,79.803508603709,1.0661995809969935,51.0,51.0,51.03454757167395,42.02865980585235,42.46538214951247,40.66909802949421,41.739786898512314,0.327603,0.39273131973382885,22.168705651776737,22.381929967050933,21.846437608049758,22.005467931176362,22.097346438579525,22.25446120559773,22.14688747982188,22.005523783521184,21.800124491662228,22.15143600735119,22.047159449053034,21.908715119848043,1.0,0.25,0.0,0.0,0.0,21.846437608049758,22.047159449053034,22.168705651776737,16.4605978553072,20.87688845351338,30.56883094729426,1.210990522431851e-16,0.0,0.0,9.633807565792368e-16,4.416014996005555e-14,converged
2025-01-15T11:40:00+08:00,3.6666666666666665,-4.416666666666666,127.5,2.8208333333333333,50.6,50.6,43.8,43.8,35.0,55.00000000000001,85.0,36.55380702737919,10.81370200309034,13.60355977531726,12.136545248971595,79.803508603709,1.0661995809969935,51.0,51.0,51.0,42.03067423195316,42.467285856903416,40.64859379738345,41.734283506217004,0.3251924666666666,0.392478566756028,22.175014316052035,22.3893713352488,21.853706478545256,22.01052709684364,22.104058681972454,22.262236917279104,22.15351559709775,22.01086521383352,21.805207775855454,22.157532852589817,22.052173524188962,21.912500238814843,1.0,0.25,0.0,0.0,0.0,21.853706478545256,22.052173524188962,22.175014316052035,16.4605978553072,20.87688845351338,30.56883094729426,1.210990522431851e-16,5.932314866982317e-16,0.0,1.1586552474574836e-15,4.3438271353911935e-14,converged
2025-01-15T11:45:00+08:00,3.75,-4.333333333333334,130.0,2.8166666666666664,50.6,50.6,43.8,43.8,35.0,55.00000000000001,85.0,36.55380702737919,10.81370200309034,13.60355977531726,12.136545248971595,79.803508603709,1.0661995809969935,51.0,51.0,51.0,42.0327693626976,42.46926859431303,40.65041961343082,41.73624739209679,0.3227819333333333,0.39239538019232406,22.181555583146636,22.3970696009031,21.861290679591043,22.01577430236237,22.111049120349087,22.270311593149412,22.16040941471392,22.01643558784527,21.810637261950138,22.1639354496023,22.05745944101055,21.9165198726729,1.0,0.25,0.0,0.0,0.0,21.861290679591043,22.05745944101055,22.181555583146636,16.4605978553072,20.87688845351338,30.56883094729426,1.210990522431851e-16,2.9667862493660445e-16,0.0,2.595937968195289e-15,4.1438973878051425e-14,converged
2025-01-15T11:50:00+08:00,3.8333333333333335,-4.25,132.5,2.8125,50.6,50.6,43.8,43.8,35.0,55.00000000000001,85.0,36.55380702737919,10.81370200309034,13.60355977531726,12.136545248971595,79.803508603709,1.0661995809969935,50.71684782842458,51.0,51.0,41.839477726511724,42.47133006881803,40.652348687830184,41.680473653906226,0.32037140000000003,0.3912097297172492,22.187987181728595,22.40470042835801,21.868537164792965,22.020916235424334,22.11831664497852,22.278684104295476,22.167567979439433,22.022234123239798,21.816411058456836,22.170642665723292,22.063016242736765,21.92077323525656,1.0,0.25,0.0,0.0,0.0,21.868537164792965,22.063016242736765,22.187987181728595,16.4605978553072,20.87688845351338,30.56883094729426,1.210990522431851e-16,2.975777772988294e-16,0.0,3.55698436927507e-15,3.14399975272588e-14,converged
2025-01-15T11:55:00+08:00,3.9166666666666665,-4.166666666666666,135.0,2.808333333333333,50.6,50.6,43.8,43.8,35.0,55.00000000000001,85.0,36.55380702737919,10.81370200309034,13.60355977531726,12.136545248971595,79.803508603709,1.0661995809969935,50.6,50.67015107628107,51.0,41.760902986217246,42.24102419526076,40.65438059221862,41.57219482971862,0.3179608666666666,0.3891323991177234,22.19451025661585,22.412454267779214,21.875830922651648,22.026125295945903,22.125258593783084,22.28678337987385,22.174448850370013,22.027744298195962,21.822527284220346,22.177653372483444,22.06884297595408,21.925259543035637,1.0,0.25,0.0,0.0,0.0,21.875830922651648,22.06884297595408,22.19451025661585,16.4605978553072,20.87688845351338,30.56883094729426,1.210990522431851e-16,1.047082245832236e-15,0.0,2.3652840017460333e-15,3.3999579363743814e-14,converged
2025-01-15T12:00:00+08:00,4.0,-4.083333333333334,137.5,2.8041666666666667,50.6,50.6,43.8,43.8,35.0,55.00000000000001,85.0,36.55380702737919,10.81370200309034,13.60355977531726,12.136545248971595,79.803508603709,1.0661995809969935,50.6,50.6,51.0,41.76304316843948,42.19362478562781,40.656514900095004,41.555896820460376,0.3155503333333334,0.3887169152757039,22.20126535454278,22.420464204128837,21.883439886813964,22.031522048830325,22.132350140215618,22.295059412862646,22.181479559295152,22.03337334165573,21.828984068363237,22.184966445593844,22.074938690604633,21.929978015106574,1.0,0.25,0.0,0.0,0.0,21.883439886813964,22.074938690604633,22.20126535454278,16.4605978553072,20.87688845351338,30.56883094729426,1.210990522431851e-16,1.0482014298381603e-15,0.0,3.51896194302811e-15,2.8224200830216708e-14,converged
2025-01-15T12:05:00+08:00,4.083333333333333,-4.0,140.0,2.8,50.2,50.2,43.6,43.6,35.0,55.00000000000001,85.0,36.38689466652358,10.764324368373035,13.541443064014443,12.081127234136108,79.07637336341335,1.0516606974361158,50.6,50.6,50.64571522108531,41.73181124158616,42.16354932759256,40.3934554002884,41.448124200203594,0.31313979999999997,0.38652635428388604,22.208224530076343,22.42870389960709,21.891309826789907,22.037082498406686,22.139679130045078,22.303595555557877,22.18873926218709,22.0391965843553,21.834836855959086,22.19194991373361,22.08070291861889,21.93435665320325,1.0,0.25,0.0,0.0,0.0,21.891309826789907,22.08070291861889,22.208224530076343,16.536105184918696,20.97265399687812,30.709054942465333,6.110630044435865e-17,7.529585016435454e-16,0.0,2.3529953176360795e-15,4.077849945696649e-14,converged
2025-01-15T12:10:00+08:00,4.166666666666667,-3.916666666666667,141.66666666666666,2.7875,50.2,50.2,43.6,43.6,35.0,55.00000000000001,85.0,36.38689466652358,10.764324368373035,13.541443064014443,12.081127234136108,79.07637336341335,1.0516606974361158,50.6,50.6,50.600000000000016,41.73410271492882,42.16571647266285,40.36616654234224,41.44054818324678,0.3110769166666667,0.38620580584698433,22.21537294588599,22.437145890758377,21.899449717418367,22.042798913910897,22.147242283532965,22.312375270155606,22.19621998496118,22.04521623189924,21.84087748524388,22.199107830522006,22.086622198192163,21.93886859404663,1.0,0.25,0.0,0.0,0.0,21.899449717418367,22.086622198192163,22.21537294588599,16.536105184918696,20.97265399687812,30.709054942465333,6.110630044435865e-17,1.657883595623168e-15,0.0,2.3643680823944044e-15,3.6085985738608526e-14,converged
2025-01-15T12:15:00+08:00,4.25,-3.833333333333333,143.33333333333334,2.775,50.2,50.2,43.6,43.6,35.0,55.00000000000001,85.0,36.38689466652358,10.764324368373035,13.541443064014443,12.081127234136108,79.07637336341335,1.0516606974361158,50.6,50.6,50.600000000000016,41.73646127443505,42.167949691465246,40.36831675368574,41.442790921529294,0.3090140333333333,0.38611124139454434,22.22271009043606,22.44578965950039,21.907858211502553,22.048670933908777,22.15503866775499,22.321397637225996,22.203920934956596,22.051431613390207,21.847217547528242,22.20651504558193,22.09276771719578,21.94358171925516,1.0,0.25,0.0,0.0,0.0,21.907858211502553,22.09276771719578,22.22271009043606,16.536105184918696,20.97265399687812,30.709054942465333,6.110630044435865e-17,1.959796842852989e-15,0.0,2.054017844913229e-15,3.253674415797915e-14,converged
2025-01-15T12:20:00+08:00,4.333333333333333,-3.75,145.0,2.7624999999999997,50.2,50.2,43.6,43.6,35.0,55.00000000000001,85.0,36.38689466652358,10.764324368373035,13.541443064014443,12.081127234136108,79.07637336341335,1.0516606974361158,50.3228884147935,50.6,50.600000000000016,41.54791541427389,42.1702487392953,40.37055440361019,41.388611990998925,0.30695115,0.3849391079495416,22.229901359357015,22.45431816315269,21.915896878613264,22.05441179298443,22.163067353503696,22.330661740809852,22.211841322355312,22.057842060222573,21.853855407538138,22.21417063576745,22.09913867968439,21.9484953546792,1.0,0.25,0.0,0.0,0.0,21.915896878613264,22.09913867968439,22.229901359357015,16.536105184918696,20.97265399687812,30.709054942465333,6.110630044435865e-17,6.048505824572893e-16,0.0,1.6538883114066507e-15,5.996304876935871e-14,converged
2025-01-15T12:25:00+08:00,4.416666666666667,-3.666666666666667,146.66666666666666,2.75,50.2,50.2,43.6,43.6,35.0,55.00000000000001,85.0,36.38689466652358,10.764324368373035,13.541443064014443,12.081127234136108,79.07637336341335,1.0516606974361158,50.2,50.277812319750254,50.600000000000016,41.46555256211889,41.945932232819786,40.37287912834851,41.28153870547632,0.3048882666666667,0.3828653016654534,22.237133283540462,22.462908035536536,21.923922835221667,22.060181337560735,22.17074025115149,22.339610360611534,22.21945182753837,22.063943506993738,21.860789438930155,22.222073681351016,22.1057342925129,21.953608828428123,1.0,0.25,0.0,0.0,0.0,21.923922835221667,22.1057342925129,22.237133283540462,16.536105184918696,20.97265399687812,30.709054942465333,6.110630044435865e-17,0.0,0.0,1.9384041160648085e-15,4.1059994867372853e-14,converged
2025-01-15T12:30:00+08:00,4.5,-3.583333333333333,148.33333333333334,2.7375,50.2,50.2,43.6,43.6,35.0,55.00000000000001,85.0,36.38689466652358,10.764324368373035,13.541443064014443,12.081127234136108,79.07637336341335,1.0516606974361158,50.2,50.2,50.600000000000016,41.467915011654206,41.893435496402056,40.37529056571971,41.26350148305155,0.3028253833333333,0.38240483072905535,22.244553710732735,22.471699306785023,21.932217963876926,22.06610636350983,22.17850441771364,22.348666893945204,22.227154676452447,22.070119039035678,21.86801802424272,22.23022326601082,22.11255376532662,21.958921470862755,1.0,0.25,0.0,0.0,0.0,21.932217963876926,22.11255376532662,22.244553710732735,16.536105184918696,20.97265399687812,30.709054942465333,6.110630044435865e-17,1.0655033452832198e-15,0.0,5.7508640377116634e-15,3.6650297599283756e-14,converged
2025-01-15T12:35:00+08:00,4.583333333333333,-3.5,150.0,2.7249999999999996,49.8,49.8,43.4,43.4,35.0,55.00000000000001,85.0,36.219982305667976,10.714946733655726,13.479326352711622,12.025709219300623,78.35256597318768,1.0372545881405484,50.2,50.2,50.256985798140995,41.43716769886201,41.863822260287044,40.12048780308817,41.158785633319795,0.3007625,0.380265750362413,22.252135022195212,22.48066598624437,21.940728667913877,22.072163120567538,22.186462074413562,22.357928365596532,22.23504196401814,22.07645625597973,21.874625927605596,22.23800712265528,22.119015301613906,21.963879014056847,1.0,0.25,0.0,0.0,0.0,21.940728667913877,22.119015301613906,22.252135022195212,16.612308434618782,21.06930217197894,30.850571324688676,1.2334157966054493e-16,0.0,1.3320836021048668e-16,6.24721042788318e-15,3.6935590223192495e-14,converged
2025-01-15T12:40:00+08:00,4.666666666666667,-3.416666666666667,151.66666666666666,2.7125,49.8,49.8,43.4,43.4,35.0,55.00000000000001,85.0,36.219982305667976,10.714946733655726,13.479326352711622,12.025709219300623,78.35256597318768,1.0372545881405484,50.2,50.2,50.2,41.439661948871745,41.866182149109505,40.086291532671794,41.14904794394583,0.2986996166666667,0.379880342159312,22.25990389968112,22.48983310789117,21.9495061408327,22.078374698514587,22.19465140134045,22.367430683549152,22.243148030715016,22.08298812975638,21.88138992160258,22.245943947779953,22.125611840872914,21.968951158075992,1.0,0.25,0.0,0.0,0.0,21.9495061408327,22.125611840872914,22.25990389968112,16.612308434618782,21.06930217197894,30.850571324688676,1.2334157966054493e-16,4.59678912964572e-16,1.3320836021048668e-16,1.2928469427128588e-15,2.1955211451413005e-14,converged
2025-01-15T12:45:00+08:00,4.75,-3.333333333333333,153.33333333333334,2.6999999999999997,49.8,49.8,43.4,43.4,35.0,55.00000000000001,85.0,36.219982305667976,10.714946733655726,13.479326352711622,12.025709219300623,78.35256597318768,1.0372545881405484,50.2,50.2,50.2,41.44222285978721,41.86860768517989,40.08869472336008,41.15150610883355,0.2966367333333333,0.37977716975127723,22.267859836362145,22.499200158573863,21.958549051807296,22.084740738698887,22.20307147582536,22.377172938978315,22.25147209219166,22.08971399567087,21.88844941426556,22.254127199496416,22.132432246821864,21.974222616589312,1.0,0.25,0.0,0.0,0.0,21.958549051807296,22.132432246821864,22.267859836362145,16.612308434618782,21.06930217197894,30.850571324688676,1.2334157966054493e-16,1.5326793064361564e-16,1.3320836021048668e-16,8.3339437287466e-16,4.3353075073097557e-14,converged
2025-01-15T12:50:00+08:00,4.833333333333333,-3.25,155.0,2.6875,49.8,49.8,43.4,43.4,35.0,55.00000000000001,85.0,36.219982305667976,10.714946733655726,13.479326352711622,12.025709219300623,78.35256597318768,1.0372545881405484,49.9289846747695,50.2,50.2,41.25840133360723,41.871098625467575,40.09118467680573,41.09887995920538,0.29457384999999997,0.37862093417780285,22.275675838517405,22.50845730686723,21.967233479548728,22.090980999579894,22.211721378874042,22.387154226488697,22.26001336690866,22.096633191298164,21.895802792494568,22.262555965677024,22.13947573219499,21.979692721994425,1.0,0.25,0.0,0.0,0.0,21.967233479548728,22.13947573219499,22.275675838517405,16.612308434618782,21.06930217197894,30.850571324688676,1.2334157966054493e-16,3.07471962900671e-16,1.3320836021048668e-16,2.839311407410884e-15,3.837503602877085e-14,converged
2025-01-15T12:55:00+08:00,4.916666666666667,-3.166666666666667,156.66666666666666,2.675,49.8,49.8,43.4,43.4,35.0,55.00000000000001,85.0,36.219982305667976,10.714946733655726,13.479326352711622,12.025709219300623,78.35256597318768,1.0372545881405484,49.8,49.88554417375832,50.2,41.17219260841209,41.652773168501206,40.09376103231231,40.992982075284296,0.29251096666666665,0.376552383442667,22.283523596644805,22.51776712742489,21.975888236214747,22.09724260522065,22.22002753659997,22.396831080704736,22.26825560262086,22.103254096336226,21.90344845199541,22.271229337570297,22.14674151249508,21.98536080892507,1.0,0.25,0.0,0.0,0.0,21.975888236214747,22.14674151249508,22.283523596644805,16.612308434618782,21.06930217197894,30.850571324688676,1.2334157966054493e-16,0.0,1.3320836021048668e-16,3.3428036114008173e-15,5.40508985696874e-14,converged
2025-01-15T13:00:00+08:00,5.0,-3.083333333333333,158.33333333333334,2.6624999999999996,49.8,49.8,43.4,43.4,35.0,55.00000000000001,85.0,36.219982305667976,10.714946733655726,13.479326352711622,12.025709219300623,78.35256597318768,1.0372545881405484,49.8,49.8,50.2,41.174755546158394,41.595126813554565,40.09642343075495,40.973171047924204,0.29044808333333333,0.37604770448988184,22.29155820082135,22.527276511695316,21.98480904312935,22.103658557206433,22.228408501850442,22.406599894307963,22.276575367792216,22.10993535757472,21.91138479723158,22.280146409788426,22.154228805983735,21.991226214243632,1.0,0.25,0.0,0.0,0.0,21.98480904312935,22.154228805983735,22.29155820082135,16.612308434618782,21.06930217197894,30.850571324688676,1.2334157966054493e-16,3.0957594059736417e-16,1.3320836021048668e-16,1.57206532334599e-15,3.4525945346076886e-14,converged
2025-01-15T13:05:00+08:00,5.083333333333333,-3.0,160.0,2.65,49.4,49.4,43.2,43.2,35.0,55.00000000000001,85.0,36.053069944812364,10.66556909893842,13.417209641408807,11.970291204465138,77.63208643303204,1.022980644054029,49.8,49.8,49.86836073239164,41.14449363356599,41.5659765221393,39.8499172267623,40.871525691732465,0.2883852,0.3739611132730531,22.29975225374109,22.536959688979678,21.99394273862757,22.11020528468706,22.23698082332123,22.416571278390098,22.285077650091548,22.116776838226638,21.918725916069942,22.288714580384838,22.16137448533498,21.996752435806517,1.0,0.25,0.0,0.0,0.0,21.99394273862757,22.16137448533498,22.29975225374109,16.68921726996424,21.16684523758995,30.99339804378445,1.244862749621785e-16,1.556516408992671e-16,1.501959239690841e-16,2.7920013086306035e-15,4.602584495490292e-14,converged
2025-01-15T13:10:00+08:00,5.166666666666667,-2.916666666666667,161.66666666666666,2.6375,49.4,49.4,43.2,43.2,35.0,55.00000000000001,85.0,36.053069944812364,10.66556909893842,13.417209641408807,11.970291204465138,77.63208643303204,1.022980644054029,49.8,49.8,49.8,41.14718838546386,41.56852680544162,39.80877345520541,40.859611472522836,0.2863223166666667,0.3735106298105687,22.30813222507816,22.546841483209324,22.00334011236893,22.116905703562633,22.245782379176998,22.426780843341337,22.293796517547772,22.12381126213703,21.926191290260867,22.2974141633298,22.168635036436577,22.00237446745115,1.0,0.08333333333333333,0.0,0.0,0.0,22.00237446745115,22.168635036436577,22.30813222507816,16.68921726996424,21.16684523758995,30.99339804378445,1.244862749621785e-16,7.791968456558821e-16,1.501959239690841e-16,2.805108644361176e-15,4.265072864700267e-14,converged
2025-01-15T13:15:00+08:00,5.25,-2.833333333333333,163.33333333333334,2.625,49.4,49.4,43.2,43.2,35.0,55.00000000000001,85.0,36.053069944812364,10.66556909893842,13.417209641408807,11.970291204465138,77.63208643303204,1.022980644054029,49.8,49.8,49.8,41.14994938527042,41.5711423209499,39.811425901608125,40.86228228835367,0.2842594333333333,0.37339904874225,22.316697612637835,22.556921386089254,22.012999849435783,22.12375945792629,22.254812256770556,22.43722769071046,22.30273119394786,22.13103797069387,21.9339483522526,22.30635736348164,22.176117130151543,22.008193979902828,1.0,0.08333333333333333,0.0,0.0,0.0,22.008193979902828,22.176117130151543,22.316697612637835,16.68921726996424,21.16684523758995,30.99339804378445,1.244862749621785e-16,1.4029734408424352e-15,1.501959239690841e-16,8.281440449417152e-16,4.383432799805037e-14,converged
2025-01-15T13:20:00+08:00,5.333333333333333,-2.75,165.0,2.6125,49.4,49.4,43.2,43.2,35.0,55.00000000000001,85.0,36.053069944812364,10.66556909893842,13.417209641408807,11.970291204465138,77.63208643303204,1.022980644054029,49.53513738159714,49.8,49.8,40.9708766287466,41.57382282726427,39.81416445461649,40.81121405285786,0.28219655,0.3722590972506726,22.325129091744138,22.56689683275746,22.022312649144354,22.130492880167413,22.264069547088223,22.447910925435334,22.311880905860626,22.13845630753332,21.941995510432605,22.315543279494577,22.183819987718202,22.014210311982193,1.0,0.08333333333333333,0.0,0.0,0.0,22.014210311982193,22.183819987718202,22.325129091744138,16.68921726996424,21.16684523758995,30.99339804378445,1.244862749621785e-16,7.818165001656281e-16,1.501959239690841e-16,1.304656284651392e-15,3.794670247462682e-14,converged
2025-01-15T13:25:00+08:00,5.416666666666667,-2.666666666666667,166.66666666666666,2.6,49.4,49.4,43.2,43.2,35.0,55.00000000000001,85.0,36.053069944812364,10.66556909893842,13.417209641408807,11.970291204465138,77.63208643303204,1.022980644054029,49.4,49.493347619007196,49.8,40.88079670364457,41.36152130584387,39.81698875651491,40.70649509341013,0.28013366666666667,0.37019610956971066,22.3335833984976,22.576916230720567,22.031578800529534,22.137240274367787,22.272995304975606,22.45830094405576,22.32074257007574,22.14558719428816,21.95033118187308,22.324971013357665,22.191742833112365,22.02042280472357,1.0,0.08333333333333333,0.0,0.0,0.0,22.02042280472357,22.191742833112365,22.3335833984976,16.68921726996424,21.16684523758995,30.99339804378445,1.244862749621785e-16,0.0,1.501959239690841e-16,6.141979063678299e-17,4.365864735422735e-14,converged
2025-01-15T13:30:00+08:00,5.5,-2.583333333333333,168.33333333333334,2.5875,49.4,49.4,43.2,43.2,35.0,55.00000000000001,85.0,36.053069944812364,10.66556909893842,13.417209641408807,11.970291204465138,77.63208643303204,1.022980644054029,49.4,49.4,49.8,40.8835579002676,41.29869135507602,39.819898451145264,40.68489574009616,0.27807078333333335,0.3696471430929726,22.342222920682076,22.587133385182284,22.041107969623326,22.14414089527435,22.281979356572347,22.46876692388202,22.32966689750547,22.152764648779137,21.958953792283562,22.33463967038246,22.199884893037698,22.02683080136754,1.0,0.08333333333333333,0.0,0.0,0.0,22.02683080136754,22.199884893037698,22.342222920682076,16.68921726996424,21.16684523758995,30.99339804378445,1.244862749621785e-16,0.0,1.501959239690841e-16,2.6474336874870207e-15,2.4763856635391907e-14,converged
2025-01-15T13:35:00+08:00,5.583333333333333,-2.5,170.0,2.575,49.0,49.0,43.0,43.0,35.0,55.00000000000001,85.0,35.886157583956745,10.61619146422111,13.355092930105984,11.914873189629649,76.91493474294636,1.0088382561202933,49.4,49.4,49.479841479984174,40.85378883250502,41.27001104700385,39.58173649702053,40.58634153360684,0.27600790000000003,0.3676137673113798,22.351020490410214,22.59752275368988,22.050847444865585,22.151171357562497,22.291152698509865,22.47943317732436,22.338771876919754,22.160100899988677,21.96700699001386,22.343976472485163,22.20770185900806,22.03291570684692,1.0,0.08333333333333333,0.0,0.0,0.0,22.03291570684692,22.20770185900806,22.351020490410214,16.76684153633617,21.26529568055549,31.137553383522988,1.2564697987312928e-16,1.583391757582457e-16,1.199486228852812e-16,5.314258586386122e-15,3.7702980293207866e-14,converged
2025-01-15T13:40:00+08:00,5.666666666666667,-2.416666666666667,171.66666666666666,2.5625,49.0,49.0,43.0,43.0,35.0,55.00000000000001,85.0,35.886157583956745,10.61619146422111,13.355092930105984,11.914873189629649,76.91493474294636,1.0088382561202933,49.4,49.4,49.4,40.85668188219139,41.27274944040326,39.53360506938701,40.57223595019935,0.27394501666666665,0.36709798351654727,22.36000235712541,22.608108941672572,22.06084759597892,22.158354397055085,22.300552895119406,22.490335004927505,22.34809129321855,22.16762841455912,21.975152517009708,22.35342305182638,22.21561348031301,22.039077540670803,1.0,0.08333333333333333,0.0,0.0,0.0,22.039077540670803,22.21561348031301,22.36000235712541,16.76684153633617,21.26529568055549,31.137553383522988,1.2564697987312928e-16,1.5856164709998644e-16,1.199486228852812e-16,1.4468750297873764e-15,2.2968378690881816e-14,converged
2025-01-15T13:45:00+08:00,5.75,-2.333333333333333,173.33333333333334,2.55,49.0,49.0,43.0,43.0,35.0,55.00000000000001,85.0,35.886157583956745,10.61619146422111,13.355092930105984,11.914873189629649,76.91493474294636,1.0088382561202933,49.4,49.4,49.4,40.85964077876671,41.275552662188815,39.53650316022878,40.575116723507165,0.2718821333333333,0.3669781880546044,22.369168023194096,22.618891445618978,22.071107123506593,22.165689660554193,22.310179043547944,22.501471518387834,22.357624378160168,22.17534653984405,21.983586040165992,22.36311049979896,22.223744367707845,22.04543505700362,1.0,0.08333333333333333,0.0,0.0,0.0,22.04543505700362,22.223744367707845,22.369168023194096,16.76684153633617,21.26529568055549,31.137553383522988,1.2564697987312928e-16,4.758402227284943e-16,1.199486228852812e-16,1.764574159284833e-15,3.379590004648203e-14,converged
2025-01-15T13:50:00+08:00,5.833333333333333,-2.25,175.0,2.5375,49.0,49.0,43.0,43.0,35.0,55.00000000000001,85.0,35.886157583956745,10.61619146422111,13.355092930105984,11.914873189629649,76.91493474294636,1.0088382561202933,49.14134732290689,49.4,49.4,40.685341496220154,41.27842047254921,39.539486720709235,40.52561167597492,0.26981925,0.3658549039870227,22.378205892050737,22.629575023172052,22.081031460134824,22.172910105006025,22.320030244535698,22.512841832751345,22.367370366255233,22.183254625424084,21.99230598869483,22.373037925608276,22.232093750763557,22.051987600967614,1.0,0.08333333333333333,0.0,0.0,0.0,22.051987600967614,22.232093750763557,22.378205892050737,16.76684153633617,21.26529568055549,31.137553383522988,1.2564697987312928e-16,6.364015928624218e-16,1.199486228852812e-16,3.4803212109663693e-16,6.484436695733298e-14,converged
2025-01-15T13:55:00+08:00,5.916666666666667,-2.166666666666667,176.66666666666666,2.525,49.0,49.0,43.0,43.0,35.0,55.00000000000001,85.0,35.886157583956745,10.61619146422111,13.355092930105984,11.914873189629649,76.91493474294636,1.0088382561202933,49.0,49.101223654444446,49.4,40.59136495594273,41.07217611355033,39.54255539600617,40.422075301545455,0.2677563666666667,0.36379778318453326,22.38725763009721,22.640293805483466,22.090892150478275,22.180137115778724,22.32956229597357,22.523930314719777,22.37683944617563,22.190886232828987,22.00131080037573,22.38320444175409,22.240660861758172,22.05873451987667,1.0,0.0,0.0,0.0,0.0,22.05873451987667,22.240660861758172,22.38725763009721,16.76684153633617,21.26529568055549,31.137553383522988,1.2564697987312928e-16,3.200000857836018e-16,1.199486228852812e-16,7.250001943534728e-17,3.7683331586714405e-14,converged
2025-01-15T14:00:00+08:00,6.0,-2.083333333333333,178.33333333333334,2.5124999999999997,49.0,49.0,43.0,43.0,35.0,55.00000000000001,85.0,35.886157583956745,10.61619146422111,13.355092930105984,11.914873189629649,76.91493474294636,1.0088382561202933,49.0,49.0,49.4,40.59432225164108,41.004128417288086,39.54570883284126,40.3986730944982,0.26569348333333326,0.36320444153162124,22.396492978832562,22.651208564550522,22.101012912441327,22.187516248769708,22.33913607217917,22.535078713056862,22.386356268899007,22.19855055828102,22.010598921508848,22.39360916401836,22.249444935667245,22.065675163228963,1.0,0.0,0.0,0.0,0.0,22.065675163228963,22.249444935667245,22.396492978832562,16.76684153633617,21.26529568055549,31.137553383522988,1.2564697987312928e-16,4.807842712606234e-16,1.199486228852812e-16,3.763639373462068e-15,3.836196942605906e-14,converged
2025-01-15T14:05:00+08:00,6.083333333333333,-2.0,180.0,2.5,48.6,48.6,42.8,42.8,35.0,55.00000000000001,85.0,35.719245223101126,10.566813829503804,13.292976218803167,11.85945517479416,76.20111090293071,0.9948268152830801,49.0,49.0,49.09142952428316,40.565053651327325,40.975925298213376,39.315939240514986,40.30323094836234,0.2636306,0.3612250084460568,22.405885007897037,22.662293994585234,22.111341499835486,22.19502431039383,22.34889713959416,22.546425157850635,22.3960519339258,22.206372299930145,22.01934380025605,22.40369929866476,22.257920634174177,22.072308985917378,1.0,0.0,0.0,0.0,0.0,22.072308985917378,22.257920634174177,22.405885007897037,16.845191263141476,21.364666221118835,31.283055969427306,1.2682399433652287e-16,3.222792417605261e-16,0.0,8.25840557011348e-16,3.86921133602267e-14,converged
2025-01-15T14:10:00+08:00,6.166666666666667,-2.0416666666666665,176.66666666666669,2.5104166666666665,48.6,48.6,42.8,42.8,35.0,55.00000000000001,85.0,35.719245223101126,10.566813829503804,13.292976218803167,11.85945517479416,76.20111090293071,0.9948268152830801,49.0,49.0,49.0,40.56806572231222,40.9787743339964,39.260683970769115,40.28683650237626,0.2657049916666667,0.36064711219001516,22.415022828942515,22.67308168406191,22.12133682367802,22.202337822505015,22.3583629400823,22.557433338425277,22.405462075840944,22.213966513907195,22.027525690150014,22.413306183615948,22.265972810205106,22.07858360419601,1.0,0.0,0.0,0.0,0.0,22.07858360419601,22.265972810205106,22.415022828942515,16.845191263141476,21.364666221118835,31.283055969427306,1.2682399433652287e-16,4.841934867577649e-16,0.0,1.765288753804351e-15,3.591470134244605e-14,converged
2025-01-15T14:15:00+08:00,6.25,-2.0833333333333335,173.33333333333331,2.5208333333333335,48.6,48.6,42.8,42.8,35.0,55.00000000000001,85.0,35.719245223101126,10.566813829503804,13.292976218803167,11.85945517479416,76.20111090293071,0.9948268152830801,49.0,49.0,49.0,40.57098934710565,40.98153768253241,39.263536842919386,40.289676988899004,0.2677793833333333,0.3605295414291866,22.423907128122078,22.683572394392254,22.131000544641992,22.209457235296476,22.36753464834902,22.568104529852665,22.414587717194216,22.221333976325592,22.035372103017444,22.422582050077498,22.273745897233805,22.08463637891989,1.0,0.0,0.0,0.0,0.0,22.08463637891989,22.273745897233805,22.423907128122078,16.845191263141476,21.364666221118835,31.283055969427306,1.2682399433652287e-16,3.2290092336247717e-16,0.0,9.58612116232354e-16,3.3558185633100335e-14,converged
2025-01-15T14:20:00+08:00,6.333333333333333,-2.125,170.0,2.53125,48.6,48.6,42.8,42.8,35.0,55.00000000000001,85.0,35.719245223101126,10.566813829503804,13.292976218803167,11.85945517479416,76.20111090293071,0.9948268152830801,48.74761530105131,49.0,49.0,40.401104129684065,40.984215661312426,39.266283959792666,40.241328603135635,0.269853775,0.3594403560292562,22.432235272838952,22.693479519297593,22.139755873293897,22.21612298034403,22.376413434426244,22.578440002398352,22.423429876873314,22.228475460651378,22.042884867816632,22.43152812171262,22.28124087546358,22.090468052197373,1.0,0.0,0.0,0.0,0.0,22.090468052197373,22.28124087546358,22.432235272838952,16.845191263141476,21.364666221118835,31.283055969427306,1.2682399433652287e-16,1.619396930174687e-16,0.0,1.4119116984960552e-15,3.67194935541849e-14,converged
2025-01-15T14:25:00+08:00,6.416666666666667,-2.1666666666666665,166.66666666666669,2.5416666666666665,48.6,48.6,42.8,42.8,35.0,55.00000000000001,85.0,35.719245223101126,10.566813829503804,13.292976218803167,11.85945517479416,76.20111090293071,0.9948268152830801,48.6,48.70917329768951,49.0,40.302668316396286,40.78353808287304,39.26892575735198,40.13840299851238,0.2719281666666667,0.3574132276077298,22.440134916116914,22.702924056893625,22.1478483018287,22.222444221458513,22.384472006469466,22.58794033968712,22.431513889719362,22.234938680636507,22.05006580353473,22.440145617661056,22.28845872165512,22.096079363654315,1.0,0.0,0.0,0.0,0.0,22.096079363654315,22.28845872165512,22.440145617661056,16.845191263141476,21.364666221118835,31.283055969427306,1.2682399433652287e-16,3.2571632171012883e-16,0.0,5.175835924675016e-15,4.2203175535111636e-14,converged
2025-01-15T14:30:00+08:00,6.5,-2.2083333333333335,163.33333333333331,2.5520833333333335,48.6,48.6,42.8,42.8,35.0,55.00000000000001,85.0,35.719245223101126,10.566813829503804,13.292976218803167,11.85945517479416,76.20111090293071,0.9948268152830801,48.6,48.6,49.0,40.30513025952068,40.70956590457552,39.27146266967913,40.11244474803731,0.27400255833333337,0.3568059886996616,22.447784379593053,22.71207505018464,22.155618609730947,22.228573659397107,22.392044102647418,22.596921775474726,22.439139905938422,22.241009224435874,22.056916719242103,22.448435752555802,22.295400409138583,22.101471050442388,1.0,0.0,0.0,0.0,0.0,22.101471050442388,22.295400409138583,22.448435752555802,16.845191263141476,21.364666221118835,31.283055969427306,1.2682399433652287e-16,1.6313532495796533e-16,0.0,5.148958693985781e-16,3.133982467912754e-14,converged
2025-01-15T14:35:00+08:00,6.583333333333333,-2.25,160.0,2.5625,48.8,48.8,42.9,42.9,35.0,55.00000000000001,85.0,35.80270140352894,10.591502646862457,13.324034574454576,11.887164182211906,76.55760684167977,1.0018162053806379,48.6,48.6,48.70240521303774,40.323408920003736,40.72708535472076,39.10207117219851,40.068130876762815,0.27607695,0.35537884835401645,22.455197358672258,22.720945460558355,22.163093499028466,22.234522994148065,22.399348342304698,22.605591442085913,22.446504615718307,22.2468743414674,22.062738720374703,22.455930174055556,22.30162091033624,22.106219202979606,1.0,0.0,0.0,0.0,0.0,22.106219202979606,22.30162091033624,22.455930174055556,16.805925083040915,21.314865134356314,31.21013509304169,2.524668587819193e-16,8.189522418549077e-16,1.2022822340482729e-16,5.1316110119131e-15,4.645659889842612e-14,converged
2025-01-15T14:40:00+08:00,6.666666666666667,-2.2916666666666665,156.66666666666669,2.5729166666666665,48.8,48.8,42.9,42.9,35.0,55.00000000000001,85.0,35.80270140352894,10.591502646862457,13.324034574454576,11.887164182211906,76.55760684167977,1.0018162053806379,48.6,48.6,48.6,40.32569943630048,40.72922511201436,39.03887187341772,40.048621448595526,0.27815134166666666,0.35477764857432315,22.462361467914555,22.729523790726454,22.170249337986636,22.24028138382637,22.40636708429662,22.613932928722587,22.453592145642094,22.252518601494305,22.06798657661623,22.462932784785487,22.307408559460956,22.11059802922703,1.0,0.0,0.0,0.0,0.0,22.11059802922703,22.307408559460956,22.462932784785487,16.805925083040915,21.314865134356314,31.21013509304169,2.524668587819193e-16,6.562720187968476e-16,1.2022822340482729e-16,1.823622591836659e-15,2.925734904463436e-14,converged
2025-01-15T14:45:00+08:00,6.75,-2.3333333333333335,153.33333333333331,2.5833333333333335,48.8,48.8,42.9,42.9,35.0,55.00000000000001,85.0,35.80270140352894,10.591502646862457,13.324034574454576,11.887164182211906,76.55760684167977,1.0018162053806379,48.6,48.6,48.6,40.3279043443937,40.731281952531674,39.04084066026616,40.05069285644108,0.28022573333333334,0.35469171047670917,22.469277379188068,22.737810787763042,22.177087716755274,22.245849270365873,22.41310146466542,22.62194747266601,22.460403488557443,22.257942758010792,22.07291494554435,22.46961399865775,22.312925068641718,22.114761350600162,1.0,0.0,0.0,0.0,0.0,22.114761350600162,22.312925068641718,22.46961399865775,16.805925083040915,21.314865134356314,31.21013509304169,2.524668587819193e-16,6.564310266539438e-16,1.2022822340482729e-16,2.550669388044143e-15,4.605010980061026e-14,converged
2025-01-15T14:50:00+08:00,6.833333333333333,-2.375,150.0,2.59375,48.8,48.8,42.9,42.9,35.0,55.00000000000001,85.0,35.80270140352894,10.591502646862457,13.324034574454576,11.887164182211906,76.55760684167977,1.0018162053806379,48.72776299667836,48.6,48.6,40.41753678154357,40.73325618352884,39.04270753161669,40.07856334342993,0.282300125,0.35510350162902876,22.476099370600327,22.745952726861915,22.18390315379874,22.251358774960877,22.41955261493284,22.62963630653274,22.466939633755672,22.26314756194037,22.077525569325925,22.475975004024942,22.31817139036978,22.118709888159426,1.0,0.0,0.0,0.0,0.0,22.118709888159426,22.31817139036978,22.476099370600327,16.805925083040915,21.314865134356314,31.21013509304169,2.524668587819193e-16,1.3113396099208522e-15,1.2022822340482729e-16,2.219487622184052e-15,4.7240437483163515e-14,converged
2025-01-15T14:55:00+08:00,6.916666666666667,-2.4166666666666665,146.66666666666669,2.6041666666666665,48.8,48.8,42.9,42.9,35.0,55.00000000000001,85.0,35.80270140352894,10.591502646862457,13.324034574454576,11.887164182211906,76.55760684167977,1.0018162053806379,48.8,48.74740539462575,48.6,40.46913242133796,40.838262110319654,39.044472906877125,40.133491133317385,0.2843745166666667,0.3559871589547997,22.482760820090522,22.753886626171163,22.190568039618583,22.25675271806944,22.425989610314907,22.63725452357403,22.47344275578042,22.268363479718502,22.081820180627755,22.482016984845785,22.323148473790383,22.122444360552645,1.0,0.0,0.0,0.0,0.0,22.122444360552645,22.323148473790383,22.482760820090522,16.805925083040915,21.314865134356314,31.21013509304169,2.524668587819193e-16,3.270211267415864e-16,1.2022822340482729e-16,4.1762158973077335e-15,4.96498437398021e-14,converged
2025-01-15T15:00:00+08:00,7.0,-2.4583333333333335,143.33333333333331,2.6145833333333335,48.8,48.8,42.9,42.9,35.0,55.00000000000001,85.0,35.80270140352894,10.591502646862457,13.324034574454576,11.887164182211906,76.55760684167977,1.0018162053806379,48.8,48.8,48.6,40.47118136678346,40.87695110610709,39.04613720364885,40.14904802360138,0.2864489083333333,0.356153785430405,22.4891754286308,22.761530840655084,22.196917912163844,22.261957001534512,22.43223997307877,22.64463893356077,22.47975768658976,22.273442579369167,22.08580050266841,22.487741120701347,22.327857264714492,22.125965484023112,1.0,0.0,0.0,0.0,0.0,22.125965484023112,22.327857264714492,22.4891754286308,16.805925083040915,21.314865134356314,31.21013509304169,2.524668587819193e-16,1.6343406498719246e-16,1.2022822340482729e-16,6.081733635432107e-16,3.233617216275582e-14,converged
2025-01-15T15:05:00+08:00,7.083333333333333,-2.5,140.0,2.625,49.0,49.0,43.0,43.0,35.0,55.00000000000001,85.0,35.886157583956745,10.616191464221112,13.355092930105986,11.914873189629649,76.91493474294636,1.0088382561202933,48.8,48.8,48.75170716698466,40.48908486988408,40.89411243030142,39.162147582269746,40.19924863485238,0.2885233,0.356991008337604,22.495356908514733,22.76889834317671,22.202979486518654,22.26698334552041,22.43822777050561,22.6517176201466,22.485816035647897,22.27831966714854,22.08987367662276,22.493419786658777,22.332556485742273,22.12951963963186,1.0,0.0,0.0,0.0,0.0,22.12951963963186,22.332556485742273,22.495356908514733,16.766841536336166,21.265295680555486,31.137553383522988,6.282348993656464e-17,9.783046556470266e-16,0.0,1.426464710272955e-15,3.403769146804856e-14,converged
2025-01-15T15:10:00+08:00,7.166666666666667,-2.5416666666666665,136.66666666666669,2.6354166666666665,49.0,49.0,43.0,43.0,35.0,55.00000000000001,85.0,35.886157583956745,10.616191464221112,13.355092930105986,11.914873189629649,76.91493474294636,1.0088382561202933,48.8,48.8,48.8,40.4909664317232,40.89586139265084,39.194560264615674,40.21121775064101,0.29059769166666666,0.35716004945483354,22.50129284020712,22.775977606192253,22.208729048926468,22.27182087855786,22.44393530445147,22.658474120301648,22.491601880395276,22.282979265860696,22.093752433197718,22.498861490117395,22.3370639655817,22.132933037440818,1.0,0.0,0.0,0.0,0.0,22.132933037440818,22.3370639655817,22.50129284020712,16.766841536336166,21.265295680555486,31.137553383522988,6.282348993656464e-17,0.0,0.0,1.1297856118911407e-15,4.8114592176310194e-14,converged
2025-01-15T15:15:00+08:00,7.25,-2.5833333333333335,133.33333333333331,2.6458333333333335,49.0,49.0,43.0,43.0,35.0,55.00000000000001,85.0,35.886157583956745,10.616191464221112,13.355092930105986,11.914873189629649,76.91493474294636,1.0088382561202933,48.8,48.8,48.8,40.492763997956025,40.897529031232104,39.19605962114872,40.21286795290473,0.29267208333333333,0.3570914266506911,22.50698388673032,22.782769367087447,22.214168154751906,22.27647003772156,22.449363690329708,22.664909648927296,22.49711619710597,22.287422117641807,22.097319163731143,22.50398756389233,22.341304799281666,22.13613415822365,1.0,0.0,0.0,0.0,0.0,22.13613415822365,22.341304799281666,22.50698388673032,16.766841536336166,21.265295680555486,31.137553383522988,6.282348993656464e-17,0.0,0.0,3.220742579488426e-15,4.83321432576059e-14,converged
2025-01-15T15:20:00+08:00,7.333333333333333,-2.625,130.0,2.65625,49.0,49.0,43.0,43.0,35.0,55.00000000000001,85.0,35.886157583956745,10.616191464221112,13.355092930105986,11.914873189629649,76.91493474294636,1.0088382561202933,48.92932633854655,48.8,48.8,40.58313976566545,40.89911564743225,39.19745914966076,40.240658921133615,0.29474647499999995,0.35752671654944335,22.512586259454242,22.789421731428494,22.21959498877355,22.28106460441116,22.454514039114475,22.671025416343767,22.50235995855645,22.29164896209566,22.100575570074632,22.508799175263967,22.345279923749114,22.139123712393896,1.0,0.0,0.0,0.0,0.0,22.139123712393896,22.345279923749114,22.512586259454242,16.766841536336166,21.265295680555486,31.137553383522988,6.282348993656464e-17,9.768387908222413e-16,0.0,1.6878900365696986e-15,6.3955723716224e-14,converged
2025-01-15T15:25:00+08:00,7.416666666666667,-2.6666666666666665,126.66666666666669,2.6666666666666665,49.0,49.0,43.0,43.0,35.0,55.00000000000001,85.0,35.886157583956745,10.616191464221112,13.355092930105986,11.914873189629649,76.91493474294636,1.0088382561202933,49.0,48.94938817277777,48.8,40.63330345749502,41.00520980102425,39.19875926077053,40.29541360730991,0.2968208666666667,0.35843108494234066,22.51802953714969,22.79586811678806,22.224874675313725,22.28554414521378,22.459659110572513,22.677080004148035,22.50757865832871,22.29589343143743,22.103523344797544,22.513297487195775,22.348990272598996,22.14190240798759,1.0,0.0,0.0,0.0,0.0,22.14190240798759,22.348990272598996,22.51802953714969,16.766841536336166,21.265295680555486,31.137553383522988,6.282348993656464e-17,0.0,0.0,1.8379558789847375e-15,4.2776723986948364e-14,converged
2025-01-15T15:30:00+08:00,7.5,-2.7083333333333335,123.33333333333331,2.6770833333333335,49.0,49.0,43.0,43.0,35.0,55.00000000000001,85.0,35.886157583956745,10.616191464221112,13.355092930105986,11.914873189629649,76.91493474294636,1.0088382561202933,49.0,49.0,48.8,40.634949709195226,41.04215725609312,39.199960363329204,40.31004946244901,0.2988952583333333,0.35860571564696253,22.523229259926488,22.802028619079984,22.229846247580223,22.289836140851712,22.46461912363562,22.682903300021604,22.51261055674558,22.30000133912684,22.106164171237634,22.51748365835029,22.35243677616585,22.14447095067123,1.0,0.0,0.0,0.0,0.0,22.14447095067123,22.35243677616585,22.523229259926488,16.766841536336166,21.265295680555486,31.137553383522988,6.282348993656464e-17,9.738996068446035e-16,0.0,2.26639343721849e-15,3.875220085802088e-14,converged
2025-01-15T15:35:00+08:00,7.583333333333333,-2.75,120.0,2.6875,49.2,49.2,43.1,43.1,35.0,55.00000000000001,85.0,35.969613764384555,10.640880281579765,13.386151285757395,11.942582197047392,77.27309460673044,1.0158930436340792,49.0,49.0,48.954603438058946,40.652492521463145,41.05897462413961,39.31751684919208,40.36052870320902,0.30096965000000003,0.35947519406196454,22.528199160404384,22.807916226696303,22.23453644199391,22.293952333758927,22.469321744596293,22.68842679094989,22.517390503812866,22.303910585081468,22.10891254438163,22.521634991615976,22.355882846833314,22.147080196362907,1.0,0.0,0.0,0.0,0.0,22.147080196362907,22.355882846833314,22.528199160404384,16.727939351797104,21.21595624742195,31.06530848008094,1.2506460763315014e-16,0.0,0.0,4.937007448219622e-17,5.880036887531592e-14,converged
2025-01-15T15:40:00+08:00,7.666666666666667,-2.7916666666666665,116.66666666666669,2.6979166666666665,49.2,49.2,43.1,43.1,35.0,55.00000000000001,85.0,35.969613764384555,10.640880281579765,13.386151285757395,11.942582197047392,77.27309460673044,1.0158930436340792,49.0,49.0,49.0,40.65397533095926,41.060342848184455,39.34765359511951,40.37148251050749,0.3030440416666667,0.35964686626574627,22.532926781768918,22.813519378044067,22.238921456452275,22.29788182090498,22.473749213685302,22.693633956184865,22.521902523612756,22.307605642220253,22.111466655112743,22.525550271214314,22.35913707669207,22.149547558197344,1.0,0.0,0.0,0.0,0.0,22.149547558197344,22.35913707669207,22.532926781768918,16.727939351797104,21.21595624742195,31.06530848008094,1.2506460763315014e-16,1.6184670679281618e-16,0.0,2.2936136850484277e-15,3.3278461064957954e-14,converged
2025-01-15T15:45:00+08:00,7.75,-2.8333333333333335,113.33333333333331,2.7083333333333335,49.2,49.2,43.1,43.1,35.0,55.00000000000001,85.0,35.969613764384555,10.640880281579765,13.386151285757395,11.942582197047392,77.27309460673044,1.0158930436340792,49.0,49.0,49.0,40.65537571736984,41.061631304037334,39.34869658338089,40.37272257892882,0.3051184333333333,0.35959517873979185,22.53741277833487,22.818838800963505,22.243002812549374,22.30162503457026,22.47790262616682,22.698525988739963,22.526147576192017,22.311087241547714,22.113715961829502,22.529155563248136,22.36212906155918,22.151805807340658,1.0,0.0,0.0,0.0,0.0,22.151805807340658,22.36212906155918,22.53741277833487,16.727939351797104,21.21595624742195,31.06530848008094,1.2506460763315014e-16,3.2373994066025727e-16,0.0,1.5523617911103855e-15,2.9617916461789134e-14,converged
2025-01-15T15:50:00+08:00,7.833333333333333,-2.875,110.0,2.71875,49.2,49.2,43.1,43.1,35.0,55.00000000000001,85.0,35.969613764384555,10.640880281579765,13.386151285757395,11.942582197047392,77.27309460673044,1.0158930436340792,49.130882425928114,49.0,49.0,40.746501552260206,41.06284028735346,39.3496417759037,40.40044405459232,0.307192825,0.36005356486148427,22.541815287395455,22.824024424453775,22.247082348073484,22.305317410019136,22.481783072945227,22.70310407712921,22.530126618157336,22.31435611157352,22.115662127354224,22.532452014378,22.364859723075302,22.15385564376683,1.0,0.0,0.0,0.0,0.0,22.15385564376683,22.364859723075302,22.541815287395455,16.727939351797104,21.21595624742195,31.06530848008094,1.2506460763315014e-16,9.699833568240391e-16,0.0,1.5250161246383011e-15,3.1556779666016695e-14,converged
2025-01-15T15:55:00+08:00,7.916666666666667,-2.9166666666666665,106.66666666666669,2.7291666666666665,49.2,49.2,43.1,43.1,35.0,55.00000000000001,85.0,35.969613764384555,10.640880281579765,13.386151285757395,11.942582197047392,77.27309460673044,1.0158930436340792,49.2,49.15136175010312,49.0,40.79524630422435,41.17002814298963,39.35048957475865,40.455035823131226,0.3092672166666667,0.360978253234904,22.546060103258867,22.829006079452096,22.25101795009641,22.30889527251028,22.48566698432968,22.707630278066805,22.53408844944633,22.317649038114958,22.11730680543789,22.53544076702291,22.36732997964205,22.155697765106773,1.0,0.0,0.0,0.0,0.0,22.155697765106773,22.36732997964205,22.546060103258867,16.727939351797104,21.21595624742195,31.06530848008094,1.2506460763315014e-16,4.837493150224968e-16,0.0,1.5345362696738367e-16,4.4644031232606417e-14,converged
2025-01-15T16:00:00+08:00,8.0,-2.9583333333333335,103.33333333333331,2.7395833333333335,49.2,49.2,43.1,43.1,35.0,55.00000000000001,85.0,35.969613764384555,10.640880281579765,13.386151285757395,11.942582197047392,77.27309460673044,1.0158930436340792,49.2,49.2,49.0,40.796499905416454,41.2052479835147,39.351240380286534,40.46876307896722,0.31134160833333335,0.3611605479709806,22.55006459821972,22.83370559624913,22.254652134479592,22.312287675638245,22.489367304829116,22.711927584560012,22.53786478466035,22.32080560463544,22.11865164080965,22.538122959375997,22.369540746433387,22.157332866656194,1.0,0.0,0.0,0.0,0.0,22.157332866656194,22.369540746433387,22.55006459821972,16.727939351797104,21.21595624742195,31.06530848008094,1.2506460763315014e-16,4.835051439628263e-16,0.0,6.522661051691088e-16,3.863026992278175e-14,converged
2025-01-15T16:05:00+08:00,8.083333333333334,-3.0,100.0,2.75,49.4,49.4,43.2,43.2,35.0,55.00000000000001,85.0,36.05306994481236,10.665569098938422,13.417209641408805,11.970291204465136,77.63208643303204,1.0229806440540288,49.2,49.2,49.15748630047085,40.813696087695114,41.221735176181255,39.470355182545184,40.519534291053645,0.313416,0.3620618918601949,22.553842528560136,22.838135982705484,22.25801166690963,22.31550638614179,22.492815291131816,22.715930879910747,22.541393706506312,22.323766796011387,22.12011846442436,22.54078081093729,22.371760113617174,22.159016266335268,1.0,0.0,0.0,0.0,0.0,22.159016266335268,22.371760113617174,22.553842528560136,16.68921726996424,21.16684523758995,30.993398043784456,1.244862749621785e-16,3.2153431345347703e-16,0.0,5.790255818818014e-15,4.523131483902409e-14,converged
2025-01-15T16:10:00+08:00,8.166666666666666,-3.041666666666667,96.66666666666664,2.760416666666667,49.4,49.4,43.2,43.2,35.0,55.00000000000001,85.0,36.05306994481236,10.665569098938422,13.417209641408805,11.970291204465136,77.63208643303204,1.0229806440540288,49.2,49.2,49.2,40.814790088989604,41.2227324760387,39.49823334402777,40.52948514515302,0.3154903916666667,0.36223587534955315,22.557381397100105,22.842285639496062,22.26107265091049,22.31854046750949,22.495993117401834,22.719623580373007,22.544659181648473,22.326517032458867,22.12139097423876,22.543203412491366,22.373787466050267,22.160556609575508,1.0,0.0,0.0,0.0,0.0,22.160556609575508,22.373787466050267,22.557381397100105,16.68921726996424,21.16684523758995,30.993398043784456,1.244862749621785e-16,1.6068993955195005e-16,0.0,4.368423903271345e-15,4.456106517334489e-14,converged
2025-01-15T16:15:00+08:00,8.25,-3.083333333333333,93.33333333333336,2.770833333333333,49.4,49.4,43.2,43.2,35.0,55.00000000000001,85.0,36.05306994481236,10.665569098938422,13.417209641408805,11.970291204465136,77.63208643303204,1.0229806440540288,49.2,49.2,49.2,40.81580320071883,41.223651526732986,39.49883267463555,40.53032586886776,0.3175647833333333,0.3622007516809085,22.56068184958294,22.846155285056465,22.26383657529138,22.321390347291477,22.49890185922299,22.72300685755372,22.54766215424555,22.32905703407275,22.122365670332215,22.545321546177533,22.375556883832466,22.161890942152272,1.0,0.0,0.0,0.0,0.0,22.161890942152272,22.375556883832466,22.56068184958294,16.68921726996424,21.16684523758995,30.993398043784456,1.244862749621785e-16,4.821165663793031e-16,0.0,3.583428896798892e-15,2.8718420368636774e-14,converged
2025-01-15T16:20:00+08:00,8.333333333333334,-3.125,90.0,2.78125,49.4,49.4,43.2,43.2,35.0,55.00000000000001,85.0,36.05306994481236,10.665569098938422,13.417209641408805,11.970291204465136,77.63208643303204,1.0229806440540288,49.33243130920143,49.2,49.2,40.90768559607914,41.22449261832157,39.499336188110654,40.55798760040164,0.319639175,0.36268184019738364,22.56390394192659,22.849896664917612,22.266608917598777,22.324193108311775,22.501542587896896,22.726081878640347,22.55040356507252,22.33138751848987,22.12304417774372,22.547136338479554,22.377069273649933,22.16301995380346,1.0,0.0,0.0,0.0,0.0,22.16301995380346,22.377069273649933,22.56390394192659,16.68921726996424,21.16684523758995,30.993398043784456,1.244862749621785e-16,6.419694008587675e-16,0.0,1.2088821711112812e-15,5.313425649578001e-14,converged
2025-01-15T16:25:00+08:00,8.416666666666666,-3.166666666666667,86.66666666666664,2.791666666666667,49.4,49.4,43.2,43.2,35.0,55.00000000000001,85.0,36.05306994481236,10.665569098938422,13.417209641408805,11.970291204465136,77.63208643303204,1.0229806440540288,49.4,49.353326190496404,49.2,40.955024151588724,41.33277942880196,39.499744278209924,40.612426360617526,0.32171356666666673,0.36362646607192095,22.566969698597617,22.853436037240947,22.269240356394707,22.32688184697154,22.50419539033988,22.729114162304732,22.553135507808257,22.333748413019332,22.123428112645144,22.54864891171338,22.378325539001665,22.163944331957676,1.0,0.0,0.0,0.0,0.0,22.163944331957676,22.378325539001665,22.566969698597617,16.68921726996424,21.16684523758995,30.993398043784456,1.244862749621785e-16,1.600754244933168e-16,0.0,1.5793006413123527e-15,3.1431805777713305e-14,converged
2025-01-15T16:30:00+08:00,8.5,-3.208333333333333,83.33333333333336,2.802083333333333,49.4,49.4,43.2,43.2,35.0,55.00000000000001,85.0,36.05306994481236,10.665569098938422,13.417209641408805,11.970291204465136,77.63208643303204,1.0229806440540288,49.4,49.4,49.2,40.95589489181071,41.366285327079446,39.50005733699687,40.62525716828437,0.3237879583333333,0.3638160929284459,22.56979831716068,22.856696960157258,22.271576877638083,22.329387183764027,22.506665965375404,22.731919834129087,22.555683177091773,22.335973095551402,22.123519082389617,22.549860384042564,22.379326580210698,22.164664761741978,1.0,0.0,0.0,0.0,0.0,22.164664761741978,22.379326580210698,22.56979831716068,16.68921726996424,21.16684523758995,30.993398043784456,1.244862749621785e-16,6.399679623288736e-16,0.0,1.255364143077333e-15,3.867155044166243e-14,converged
2025-01-15T16:35:00+08:00,8.583333333333334,-3.25,80.0,2.8125,49.6,49.6,43.3,43.3,35.0,55.00000000000001,85.0,36.13652612524016,10.690257916297073,13.448267997060213,11.998000211882879,77.99191022185111,1.030101133512174,49.4,49.4,49.36035584712102,40.97275811046679,41.38245574604564,39.620742163541685,40.67633326930952,0.32586234999999997,0.364748919546225,22.57240358079754,22.859692464823752,22.273645283871264,22.331720911710725,22.50888915135396,22.734437166573244,22.557987880398844,22.338005627174567,22.123746235766603,22.55105788022144,22.380345153139906,22.165441010187017,1.0,0.0,0.0,0.0,0.0,22.165441010187017,22.380345153139906,22.57240358079754,16.650674043012824,21.117961068450022,30.921819757309205,1.2391194458630428e-16,0.0,0.0,2.7113856852773245e-15,4.819724965403038e-14,converged
2025-01-15T16:40:00+08:00,8.666666666666666,-3.291666666666667,76.66666666666664,2.822916666666667,49.6,49.6,43.3,43.3,35.0,55.00000000000001,85.0,36.13652612524016,10.690257916297073,13.448267997060213,11.998000211882879,77.99191022185111,1.030101133512174,49.4,49.4,49.4,40.97347299664837,41.383091699090144,39.646378738220506,40.68529324548277,0.3279367416666667,0.364924902661259,22.57477294897175,22.86241091060838,22.275421578502705,22.333872058955293,22.510847052110233,22.736649507813873,22.56003352306757,22.339830372689494,22.12377882477248,22.552020827372633,22.381171464782877,22.16607298418764,1.0,0.0,0.0,0.0,0.0,22.16607298418764,22.381171464782877,22.57477294897175,16.650674043012824,21.117961068450022,30.921819757309205,1.2391194458630428e-16,6.380234452511298e-16,0.0,1.593382844758457e-15,4.70403303184876e-14,converged
2025-01-15T16:45:00+08:00,8.75,-3.333333333333333,73.33333333333336,2.833333333333333,49.6,49.6,43.3,43.3,35.0,55.00000000000001,85.0,36.13652612524016,10.690257916297073,13.448267997060213,11.998000211882879,77.99191022185111,1.030101133512174,49.4,49.4,49.4,40.97410848883017,41.383650886316666,39.64654678004096,40.68574513841655,0.3300111333333333,0.3649059798231741,22.57690705898925,22.864853006681,22.276907218514378,22.33584104838085,22.512540724005913,22.73855800852251,22.56182103370101,22.34144804149914,22.12352036589543,22.552684706508256,22.381744063122397,22.16650198842873,1.0,0.0,0.0,0.0,0.0,22.16650198842873,22.381744063122397,22.57690705898925,16.650674043012824,21.117961068450022,30.921819757309205,1.2391194458630428e-16,4.785423983049577e-16,0.0,2.821453930149611e-15,3.68023235195058e-14,converged
2025-01-15T16:50:00+08:00,8.833333333333334,-3.375,70.0,2.84375,49.6,49.6,43.3,43.3,35.0,55.00000000000001,85.0,36.13652612524016,10.690257916297073,13.448267997060213,11.998000211882879,77.99191022185111,1.030101133512174,49.533973038279484,49.4,49.4,41.066753701443304,41.38413359231585,39.646620931132965,40.71335660385031,0.33208552500000005,0.36540938540117285,22.578967878134296,22.86717230824109,22.27841130801274,22.337766604101343,22.513971219196264,22.740163815029437,22.563351337573632,22.342859340584496,22.122972447598297,22.553050624369106,22.38206384019579,22.16672870261178,1.0,0.0,0.0,0.0,0.0,22.16672870261178,22.38206384019579,22.578967878134296,16.650674043012824,21.117961068450022,30.921819757309205,1.2391194458630428e-16,4.778831352366291e-16,0.0,4.0718024039934884e-15,4.352875480223089e-14,converged
2025-01-15T16:55:00+08:00,8.916666666666666,-3.416666666666667,66.66666666666664,2.854166666666667,49.6,49.6,43.3,43.3,35.0,55.00000000000001,85.0,36.13652612524016,10.690257916297073,13.448267997060213,11.998000211882879,77.99191022185111,1.030101133512174,49.6,49.555281557262,49.4,41.11269854606611,41.49352439365631,39.646601577166976,40.767651995612475,0.33415991666666667,0.3663735747053959,22.580873675568725,22.869291514454304,22.279777345604725,22.339578606060265,22.515422267342228,22.74173589487309,22.56487980955911,22.3443073267031,22.12213664967451,22.553119683600347,22.38213168490405,22.166753804162113,1.0,0.0,0.0,0.0,0.0,22.166753804162113,22.38213168490405,22.580873675568725,16.650674043012824,21.117961068450022,30.921819757309205,1.2391194458630428e-16,6.355006466858062e-16,0.0,3.758709149655257e-15,4.9056310509981375e-14,converged
2025-01-15T17:00:00+08:00,9.0,-3.458333333333333,63.33333333333336,2.864583333333333,49.6,49.6,43.3,43.3,35.0,55.00000000000001,85.0,36.13652612524016,10.690257916297073,13.448267997060213,11.998000211882879,77.99191022185111,1.030101133512174,49.6,49.6,49.4,41.113195967956976,41.52532977384056,39.64648910215571,40.779598228852144,0.3362343083333333,0.3665702098617036,22.58254546725031,22.871135904790627,22.280854774839764,22.341209235709353,22.51669235014552,22.74308353329524,22.56622514993995,22.34561919645155,22.1210145432954,22.552892982766654,22.381948483022846,22.166577968236496,1.0,0.0,0.0,0.0,0.0,22.166577968236496,22.381948483022846,22.58254546725031,16.650674043012824,21.117961068450022,30.921819757309205,1.2391194458630428e-16,1.4291094424144488e-15,0.0,3.1346531016626995e-15,3.1247157377980696e-14,converged
2025-01-15T17:05:00+08:00,9.083333333333334,-3.5,60.0,2.875,49.8,49.8,43.4,43.4,35.0,55.00000000000001,85.0,36.219982305667976,10.714946733655726,13.479326352711622,12.025709219300623,78.35256597318768,1.0372545881405484,49.6,49.6,49.56321217005393,41.129739505788876,41.54119645139445,39.76875517435352,40.83099172395285,0.3383087,0.3675341435958859,22.583997066401142,22.87271853742287,22.281670442378967,22.342670314274795,22.51771987877262,22.744148384617557,22.567331882940803,22.346742078342,22.120042576677264,22.552662540378222,22.381791643935273,22.166465398050597,1.0,0.0,0.0,0.0,0.0,22.166465398050597,22.381791643935273,22.583997066401142,16.612308434618782,21.06930217197894,30.850571324688676,1.2334157966054493e-16,1.5837347883920238e-16,1.3320836021048668e-16,1.2515060468755105e-15,5.07468365316332e-14,converged
2025-01-15T17:10:00+08:00,9.166666666666666,-3.541666666666667,56.66666666666664,2.885416666666667,49.8,49.8,43.4,43.4,35.0,55.00000000000001,85.0,36.219982305667976,10.714946733655726,13.479326352711622,12.025709219300623,78.35256597318768,1.0372545881405484,49.6,49.6,49.6,41.13008472561949,41.5414804039004,39.79216681493609,40.838972624665224,0.3403830916666667,0.3677118226234647,22.585215886230564,22.87402772694292,22.2822002460484,22.343950832746042,22.518486882639433,22.744913724054484,22.568183848812485,22.347660279149437,22.1188756028788,22.552198149699347,22.381442226125802,22.16620729106962,1.0,0.0,0.0,0.0,0.0,22.16620729106962,22.381442226125802,22.585215886230564,16.612308434618782,21.06930217197894,30.850571324688676,1.2334157966054493e-16,3.165939049671068e-16,1.3320836021048668e-16,2.9985514047118906e-15,3.6434274653783813e-14,converged
2025-01-15T17:15:00+08:00,9.25,-3.583333333333333,53.33333333333336,2.895833333333333,49.8,49.8,43.4,43.4,35.0,55.00000000000001,85.0,36.219982305667976,10.714946733655726,13.479326352711622,12.025709219300623,78.35256597318768,1.0372545881405484,49.6,49.6,49.6,41.1303520100773,41.54168903909338,39.791915604483165,40.83904593272763,0.34245748333333326,0.36770874578782825,22.58620255573923,22.875064173391817,22.282445611933056,22.345051209401635,22.51899439933334,22.745380681803212,22.56878196092803,22.34837449779844,22.11742412963299,22.55143997353837,22.380843229145572,22.165749195271232,1.0,0.0,0.0,0.0,0.0,22.165749195271232,22.380843229145572,22.58620255573923,16.612308434618782,21.06930217197894,30.850571324688676,1.2334157966054493e-16,4.748948311421494e-16,1.3320836021048668e-16,1.5331428572717784e-15,3.522890332150831e-14,converged
2025-01-15T17:20:00+08:00,9.333333333333334,-3.625,50.0,2.90625,49.8,49.8,43.4,43.4,35.0,55.00000000000001,85.0,36.219982305667976,10.714946733655726,13.479326352711622,12.025709219300623,78.35256597318768,1.0372545881405484,49.73550766261525,49.6,49.6,41.22376606685306,41.541822636225035,39.791572378937474,40.86661634683849,0.344531875,0.36823409139332863,22.587120946359192,22.875983234812125,22.282719257554593,22.34611180341079,22.519243462309355,22.745550383796175,22.569127129385897,22.348885430826964,22.115689709996083,22.550389099317943,22.37999553068272,22.165091780516452,1.0,0.0,0.0,0.0,0.0,22.165091780516452,22.37999553068272,22.587120946359192,16.612308434618782,21.06930217197894,30.850571324688676,1.2334157966054493e-16,4.74217316706505e-16,1.3320836021048668e-16,8.125992904376758e-16,3.280291633492339e-14,converged
2025-01-15T17:25:00+08:00,9.416666666666666,-3.666666666666667,46.66666666666664,2.916666666666667,49.8,49.8,43.4,43.4,35.0,55.00000000000001,85.0,36.219982305667976,10.714946733655726,13.479326352711622,12.025709219300623,78.35256597318768,1.0372545881405484,49.8,49.75722791312085,49.6,41.26832943496741,41.65232225318009,39.7911375161041,40.92077774768801,0.3466062666666667,0.3692174782693047,22.587885586400965,22.876704065074573,22.2828575299355,22.347059290588664,22.519521430182728,22.74569523341549,22.56947799777558,22.349439252464002,22.113673888546327,22.549046610435727,22.37890000533884,22.164235714422613,1.0,0.0,0.0,0.0,0.0,22.164235714422613,22.37890000533884,22.587885586400965,16.612308434618782,21.06930217197894,30.850571324688676,1.2334157966054493e-16,1.5765142318373981e-16,1.3320836021048668e-16,9.078532035947843e-16,4.641884976141259e-14,converged
2025-01-15T17:30:00+08:00,9.5,-3.708333333333333,43.33333333333336,2.927083333333333,49.8,49.8,43.4,43.4,35.0,55.00000000000001,85.0,36.219982305667976,10.714946733655726,13.479326352711622,12.025709219300623,78.35256597318768,1.0372545881405484,49.8,49.8,49.6,41.268462840876175,41.68244029688559,39.79061139216502,40.931851009969826,0.34868065833333334,0.36942080580356695,22.588419303376106,22.877153658522957,22.282713317758162,22.347827407438313,22.519619595925015,22.74561770248389,22.569646797476803,22.349857002149466,22.111378201430263,22.547413586279266,22.377557524639833,22.16318166237087,1.0,0.0,0.0,0.0,0.0,22.16318166237087,22.377557524639833,22.588419303376106,16.612308434618782,21.06930217197894,30.850571324688676,1.2334157966054493e-16,4.726939576685752e-16,1.3320836021048668e-16,1.0274971751462836e-15,3.516857287938972e-14,converged
2025-01-15T17:35:00+08:00,9.583333333333334,-3.75,40.0,2.9375,50.0,50.0,43.5,43.5,35.0,55.00000000000001,85.0,36.30343848609578,10.73963555101438,13.510384708363032,12.053418226718366,78.7140536870418,1.044441084071185,49.8,49.8,49.7660553604676,41.28469960771098,41.69801590537656,39.91446945917118,40.98357400321219,0.35075505,0.370415478024418,22.588735943593395,22.877345103958152,22.282313518749998,22.348428005257862,22.519479934565002,22.74526281975692,22.569581261359346,22.35008886699162,22.109246377624025,22.545786927481114,22.37625013923296,22.162198250805254,1.0,0.0,0.0,0.0,0.0,22.162198250805254,22.37625013923296,22.588735943593395,16.574119219826557,21.020866994572092,30.7796504710687,1.8416271564440428e-16,0.0,0.0,4.162587619554987e-15,4.1286662292768864e-14,converged
2025-01-15T17:40:00+08:00,9.666666666666666,-3.791666666666667,36.66666666666664,2.947916666666667,50.0,50.0,43.5,43.5,35.0,55.00000000000001,85.0,36.30343848609578,10.73963555101438,13.510384708363032,12.053418226718366,78.7140536870418,1.044441084071185,49.8,49.8,49.8,41.28468437216263,41.69795697802715,39.935672482564655,40.99058736513748,0.3528294416666667,0.3705945570085493,22.5888228712011,22.87726666783012,22.281633919952736,22.3488500361267,22.51908439717822,22.744613782790573,22.56926516096846,22.35011909322887,22.10691891831611,22.543926823274443,22.37474978842782,22.1610679968069,1.0,0.0,0.0,0.0,0.0,22.1610679968069,22.37474978842782,22.5888228712011,16.574119219826557,21.020866994572092,30.7796504710687,1.8416271564440428e-16,1.570656120352156e-16,0.0,3.3307426466440753e-15,3.723562266969395e-14,converged
2025-01-15T17:45:00+08:00,9.75,-3.833333333333333,33.33333333333336,2.958333333333333,50.0,50.0,43.5,43.5,35.0,55.00000000000001,85.0,36.30343848609578,10.73963555101438,13.510384708363032,12.053418226718366,78.7140536870418,1.044441084071185,49.8,49.8,49.8,41.284592623917625,41.697824147853154,39.93501373313324,40.990292073222555,0.3549038333333333,0.3706069793550707,22.58868070702468,22.876919041186074,22.2806759174581,22.349093913780422,22.518434003015447,22.74367170175886,22.568699394766167,22.34994836951682,22.10431329742839,22.5417781012738,22.37300390711388,22.159740676111895,1.0,0.0,0.0,0.0,0.0,22.159740676111895,22.37300390711388,22.58868070702468,16.574119219826557,21.020866994572092,30.7796504710687,1.8416271564440428e-16,1.5706034736517977e-16,0.0,7.102791863674867e-16,3.0179486926948686e-14,converged
2025-01-15T17:50:00+08:00,9.833333333333334,-3.875,30.0,2.96875,50.0,50.0,43.5,43.5,35.0,55.00000000000001,85.0,36.30343848609578,10.73963555101438,13.510384708363032,12.053418226718366,78.7140536870418,1.044441084071185,49.937035231206934,49.8,49.8,41.37878132833793,41.697617688892095,39.93426479486869,41.01783039449645,0.356978225,0.3711538960622872,22.5884752194651,22.87645937812364,22.279755829111757,22.34930162624368,22.517529767267405,22.742437682645857,22.56788485799283,22.349577382159115,22.10143103374361,22.539341829999696,22.371013358923832,22.158216948933077,1.0,0.0,0.0,0.0,0.0,22.158216948933077,22.371013358923832,22.5884752194651,16.574119219826557,21.020866994572092,30.7796504710687,1.8416271564440428e-16,6.273156394801683e-16,0.0,2.3323333139596573e-15,7.547968997267387e-14,converged
2025-01-15T17:55:00+08:00,9.916666666666666,-3.916666666666667,26.666666666666643,2.979166666666667,50.0,50.0,43.5,43.5,35.0,55.00000000000001,85.0,36.30343848609578,10.73963555101438,13.510384708363032,12.053418226718366,78.7140536870418,1.044441084071185,50.0,49.95916532021711,49.8,41.42197520960053,41.80923074034514,39.933426037925514,41.07186692657106,0.3590526166666667,0.37215612267574555,22.588117210352106,22.875803300841003,22.27870287854029,22.349396657462623,22.516662663785226,22.741187551722202,22.56708345054182,22.349255410945172,22.098273637751845,22.536619074016766,22.368779004452616,22.15649747327144,1.0,0.0,0.0,0.0,0.0,22.15649747327144,22.368779004452616,22.588117210352106,16.574119219826557,21.020866994572092,30.7796504710687,1.8416271564440428e-16,1.4076590879512316e-15,0.0,1.6950615596402378e-17,5.053288569227837e-14,converged
2025-01-15T18:00:00+08:00,10.0,-3.958333333333333,23.333333333333357,2.989583333333333,50.0,50.0,43.5,43.5,35.0,55.00000000000001,85.0,36.30343848609578,10.73963555101438,13.510384708363032,12.053418226718366,78.7140536870418,1.044441084071185,50.0,50.0,49.8,41.42175366800954,41.83767439211703,39.9324978308687,41.082078558019894,0.3611270083333333,0.37236583437806475,22.58753131194903,22.87487951212564,22.27737338715106,22.349314293117274,22.515616825031188,22.739716994151205,22.566100960192973,22.348797362153775,22.09484261169579,22.533610893948417,22.366301701268107,22.154582904923537,1.0,0.0,0.0,0.0,0.0,22.154582904923537,22.366301701268107,22.58753131194903,16.574119219826557,21.020866994572092,30.7796504710687,1.8416271564440428e-16,1.5631847913943928e-16,0.0,1.047292984596307e-15,4.997309446924575e-14,converged
2025-01-15T18:05:00+08:00,10.083333333333334,-4.0,20.0,3.0,50.2,50.2,43.6,43.6,35.0,55.00000000000001,85.0,36.38689466652358,10.764324368373034,13.541443064014441,12.081127234136108,79.07637336341335,1.0516606974361158,50.0,50.0,49.96888550872341,41.43769621099758,41.85297125317106,40.05795818352452,41.13414276348831,0.3632014,0.3733908832905433,22.586731406605594,22.873701134914842,22.27579431038108,22.3490664163914,22.514337780840286,22.73797440556785,22.564888320277507,22.34815647262506,22.09158894639957,22.530619060786943,22.363868128948525,22.152746280576537,1.0,0.0,0.0,0.0,0.0,22.152746280576537,22.363868128948525,22.586731406605594,16.536105184918696,20.972653996878122,30.709054942465333,6.110630044435865e-17,3.117786936869307e-16,0.0,2.3316752213302196e-16,3.8384967026116835e-14,converged
2025-01-15T18:10:00+08:00,10.166666666666666,-4.041666666666667,19.58333333333333,3.004166666666667,50.2,50.2,43.6,43.6,35.0,55.00000000000001,85.0,36.38689466652358,10.764324368373034,13.541443064014441,12.081127234136108,79.07637336341335,1.0516606974361158,50.0,50.0,50.000000000000014,41.43735222182731,41.85259990484584,40.07699467853671,41.140223274539096,0.3640590166666667,0.37357008676245035,22.58585044283412,22.87244035879416,22.274089698060827,22.348750146510117,22.512952942823688,22.736126763986732,22.563577713258933,22.34742507384696,22.08828427303735,22.527578058831896,22.361389625123206,22.1508696176342,1.0,0.0,0.0,0.0,0.0,22.1508696176342,22.361389625123206,22.58585044283412,16.536105184918696,20.972653996878122,30.709054942465333,6.110630044435865e-17,1.2465165274430788e-15,0.0,2.033252118461145e-15,2.895976453617739e-14,converged
2025-01-15T18:15:00+08:00,10.25,-4.083333333333333,19.16666666666667,3.0083333333333333,50.2,50.2,43.6,43.6,35.0,55.00000000000001,85.0,36.38689466652358,10.764324368373034,13.541443064014441,12.081127234136108,79.07637336341335,1.0516606974361158,50.0,50.0,50.000000000000014,41.43697844561266,41.852199045023774,40.07601794432361,41.13963922582128,0.3649166333333333,0.37359471301850056,22.584888639743756,22.871097394788464,22.272260176679207,22.348365641967174,22.511462732471347,22.734174465959587,22.5621694904843,22.346603474989113,22.084852212518737,22.52443668273636,22.358817521469536,22.148906541732426,1.0,0.0,0.0,0.0,0.0,22.148906541732426,22.358817521469536,22.584888639743756,16.536105184918696,20.972653996878122,30.709054942465333,6.110630044435865e-17,1.4022386558646629e-15,0.0,1.9759841596574843e-15,4.083224962526757e-14,converged
2025-01-15T18:20:00+08:00,10.333333333333334,-4.125,18.75,3.0125,50.2,50.2,43.6,43.6,35.0,55.00000000000001,85.0,36.38689466652358,10.764324368373034,13.541443064014441,12.081127234136108,79.07637336341335,1.0516606974361158,50.138555792603256,50.0,50.000000000000014,41.532060622905284,41.85176878294703,40.075004644761,41.16727080133457,0.36577425,0.3741579218091721,22.58401326295969,22.869830716344655,22.27062491457644,22.348056263298673,22.509867569593972,22.732117906541255,22.560664002040596,22.345691984165068,22.081293460534948,22.52119530418354,22.356152147286206,22.14685734243281,1.0,0.0,0.0,0.0,0.0,22.14685734243281,22.356152147286206,22.58401326295969,16.536105184918696,20.972653996878122,30.709054942465333,6.110630044435865e-17,6.222790700997581e-16,0.0,6.399803820488664e-16,3.563174781901054e-14,converged
2025-01-15T18:25:00+08:00,10.416666666666666,-4.166666666666667,18.33333333333333,3.0166666666666666,50.2,50.2,43.6,43.6,35.0,55.00000000000001,85.0,36.38689466652358,10.764324368373034,13.541443064014441,12.081127234136108,79.07637336341335,1.0516606974361158,50.2,50.161093840124884,50.000000000000014,41.57405502754998,41.96464979722113,40.07395493228254,41.22135432588584,0.3666318666666667,0.3751717658286155,22.583131010575354,22.868551958781442,22.26900530687649,22.347742065172714,22.5084614543908,22.730235633192326,22.55932586307602,22.344942607976318,22.077608708977873,22.517854293480298,22.353393830713387,22.144722308326646,1.0,0.0,0.0,0.0,0.0,22.144722308326646,22.353393830713387,22.583131010575354,16.536105184918696,20.972653996878122,30.709054942465333,6.110630044435865e-17,4.65448092435007e-16,0.0,3.0786380653296948e-15,3.977726111161963e-14,converged
2025-01-15T18:30:00+08:00,10.5,-4.208333333333333,17.91666666666667,3.0208333333333335,50.2,50.2,43.6,43.6,35.0,55.00000000000001,85.0,36.38689466652358,10.764324368373034,13.541443064014441,12.081127234136108,79.07637336341335,1.0516606974361158,50.2,50.2,50.000000000000014,41.57369050043156,41.99162441265191,40.07286895865562,41.23092457222089,0.36748948333333326,0.37537874175122776,22.582167922355378,22.86719105938396,22.26726036589708,22.347359627584023,22.507020813917386,22.728315884805117,22.557953916116123,22.344163777746225,22.073798645960814,22.514414019562263,22.350542898736798,22.142501727038194,1.0,0.0,0.0,0.0,0.0,22.142501727038194,22.350542898736798,22.582167922355378,16.536105184918696,20.972653996878122,30.709054942465333,6.110630044435865e-17,1.5506381805723826e-16,0.0,3.243053640537237e-15,3.426606441237031e-14,converged
2025-01-15T18:35:00+08:00,10.583333333333334,-4.25,17.5,3.025,50.4,50.4,43.7,43.7,35.0,55.00000000000001,85.0,36.4703508469514,10.789013185731688,13.572501419665853,12.108836241553854,79.43952500230246,1.058913504367375,50.2,50.2,50.171702704355624,41.589597303218234,42.00688805023738,40.20022402257347,41.2835949199612,0.3683471,0.3764230386403416,22.581137528866297,22.86576071077244,22.265416382882627,22.34692061811781,22.505494151196103,22.72630973044432,22.55650176012238,22.343311405600677,22.070320724956044,22.51118043850303,22.347890130404817,22.140472673551436,1.0,0.0,0.0,0.0,0.0,22.140472673551436,22.347890130404817,22.581137528866297,16.4982651272873,20.92466165363583,30.638782505526045,1.216539154446093e-16,3.09267260174703e-16,1.1802724906332014e-16,1.6288511025462192e-15,6.19214808653118e-14,converged
2025-01-15T18:40:00+08:00,10.666666666666666,-4.291666666666667,17.08333333333333,3.029166666666667,50.4,50.4,43.7,43.7,35.0,55.00000000000001,85.0,36.4703508469514,10.789013185731688,13.572501419665853,12.108836241553854,79.43952500230246,1.058913504367375,50.2,50.2,50.2,41.58917969106365,42.00644655454472,40.21739213977105,41.28900720942867,0.36920471666666665,0.3765913634142789,22.580026700498056,22.864248609225513,22.26344818809185,22.346413658621113,22.50386268226925,22.724199519334963,22.554952496953785,22.34236924713848,22.066786113885176,22.507893954322043,22.345188802568945,22.138400035563073,1.0,0.0,0.0,0.0,0.0,22.138400035563073,22.346413658621113,22.580026700498056,16.4982651272873,20.92466165363583,30.638782505526045,1.216539154446093e-16,3.091290272073212e-16,1.1802724906332014e-16,3.0659488091781405e-15,4.706906852361677e-14,converged
2025-01-15T18:45:00+08:00,10.75,-4.333333333333333,16.66666666666667,3.033333333333333,50.4,50.4,43.7,43.7,35.0,55.00000000000001,85.0,36.4703508469514,10.789013185731688,13.572501419665853,12.108836241553854,79.43952500230246,1.058913504367375,50.2,50.2,50.2,41.588732615266004,42.00597586633511,40.216337590022434,41.28834965355858,0.3700623333333333,0.3766191526704772,22.57883565471301,22.862654964150973,22.26135640152117,22.345838906588824,22.50212682476428,22.72198564433613,22.55330647493363,22.341337609112887,22.06312537557534,22.504508007608194,22.342394660862677,22.13624164279656,1.0,0.0,0.0,0.0,0.0,22.13624164279656,22.345838906588824,22.57883565471301,16.4982651272873,20.92466165363583,30.638782505526045,1.216539154446093e-16,3.0910621778386395e-16,1.1802724906332014e-16,4.5820581261733e-16,3.222792022125709e-14,converged
2025-01-15T18:50:00+08:00,10.833333333333334,-4.375,16.25,3.0375,50.4,50.4,43.7,43.7,35.0,55.00000000000001,85.0,36.4703508469514,10.789013185731688,13.572501419665853,12.108836241553854,79.43952500230246,1.058913504367375,50.34006939490851,50.2,50.2,41.68486744386455,42.00547609368532,40.2152468656459,41.31624105964259,0.37091995,0.37719159575253575,22.577733546122463,22.861140038680524,22.259463787475887,22.345341342531505,22.500286994644494,22.71966849682369,22.55156404113577,22.34021679722915,22.05933919898296,22.501022966746167,22.339508031887984,22.13399778266818,1.0,0.0,0.0,0.0,0.0,22.13399778266818,22.345341342531505,22.577733546122463,16.4982651272873,20.92466165363583,30.638782505526045,1.216539154446093e-16,1.5431855208050746e-16,1.1802724906332014e-16,3.648472104484893e-15,5.1375077534593094e-14,converged
2025-01-15T18:55:00+08:00,10.916666666666666,-4.416666666666667,15.83333333333333,3.0416666666666665,50.4,50.4,43.7,43.7,35.0,55.00000000000001,85.0,36.4703508469514,10.789013185731688,13.572501419665853,12.108836241553854,79.43952500230246,1.058913504367375,50.4,50.36301353385456,50.2,41.72578165158638,42.11973125183959,40.21412011745242,41.37049084248099,0.3717775666666667,0.3782120077442832,22.576623381074665,22.85961197054844,22.25758469507697,22.344837856966482,22.4986407936429,22.717530036779586,22.549993053576358,22.33926190741872,22.055428269301117,22.497439198756233,22.336529241097555,22.13166874163092,1.0,0.0,0.0,0.0,0.0,22.13166874163092,22.344837856966482,22.576623381074665,16.4982651272873,20.92466165363583,30.638782505526045,1.216539154446093e-16,6.156088090447174e-16,1.1802724906332014e-16,3.1520089921944106e-15,6.012004123697668e-14,converged
2025-01-15T19:00:00+08:00,11.0,-4.458333333333333,15.41666666666667,3.0458333333333334,50.4,50.4,43.7,43.7,35.0,55.00000000000001,85.0,36.4703508469514,10.789013185731688,13.572501419665853,12.108836241553854,79.43952500230246,1.058913504367375,50.4,50.4,50.2,41.72534463857773,42.14530772428642,40.21295749559371,41.37949387546968,0.3726351833333333,0.37841323733595184,22.57543299681672,22.858002399786695,22.25558156614834,22.344266570813975,22.496957557708317,22.71535178475975,22.548385972487747,22.338275292785593,22.05139326798009,22.493757069299317,22.333458612798854,22.12925480517768,1.0,0.0,0.0,0.0,0.0,22.12925480517768,22.344266570813975,22.57543299681672,16.4982651272873,20.92466165363583,30.638782505526045,1.216539154446093e-16,4.614610841041312e-16,1.1802724906332014e-16,1.5388090039032171e-15,3.2988612713556626e-14,converged
2025-01-15T19:05:00+08:00,11.083333333333334,-4.5,15.0,3.05,50.6,50.6,43.8,43.8,35.0,55.00000000000001,85.0,36.55380702737919,10.81370200309034,13.60355977531726,12.136545248971595,79.803508603709,1.0661995809969935,50.4,50.4,50.37450703608083,41.741240706038994,42.16056192132029,40.34223099015261,41.43279448879483,0.3734928,0.3794756699053633,22.574175968076034,22.856324062441775,22.25348077622973,22.343639188029602,22.495189334372924,22.713088170106094,22.54669958692448,22.337215901312554,22.047698887943955,22.490287387996528,22.33059153496246,22.127037435519203,1.0,0.0,0.0,0.0,0.0,22.127037435519203,22.343639188029602,22.574175968076034,16.4605978553072,20.87688845351338,30.56883094729426,1.210990522431851e-16,6.135588184400196e-16,0.0,2.257892717032229e-15,3.525050886453911e-14,converged
2025-01-15T19:10:00+08:00,11.166666666666666,-4.541666666666667,14.58333333333333,3.0541666666666667,50.6,50.6,43.8,43.8,35.0,55.00000000000001,85.0,36.55380702737919,10.81370200309034,13.60355977531726,12.136545248971595,79.803508603709,1.0661995809969935,50.4,50.4,50.4,41.74075138728732,42.16005215623434,40.357537549324846,41.43754208679158,0.3743504166666667,0.3796330956971801,22.572839117805977,22.854564608159293,22.25125705835149,22.3429442920994,22.49331726864486,22.71072147223643,22.54491693544157,22.336067431451617,22.04394211938855,22.486761065755356,22.32767226894644,22.12477293735564,1.0,0.0,0.0,0.0,0.0,22.12477293735564,22.3429442920994,22.572839117805977,16.4605978553072,20.87688845351338,30.56883094729426,1.210990522431851e-16,4.599782914598489e-16,0.0,2.933969348752192e-15,4.0560348541500006e-14,converged
2025-01-15T19:15:00+08:00,11.25,-4.583333333333333,14.16666666666667,3.0583333333333336,50.6,50.6,43.8,43.8,35.0,55.00000000000001,85.0,36.55380702737919,10.81370200309034,13.60355977531726,12.136545248971595,79.803508603709,1.0661995809969935,50.4,50.4,50.4,41.740232920619185,42.15951351050372,40.35640747373782,41.436813044891274,0.3752080333333333,0.3796639765600177,22.571422661848928,22.852724244754807,22.248911026214156,22.342182039533405,22.4913417743823,22.70825208040139,22.543038363404236,22.334830187589866,22.040060441518605,22.48313617204987,22.32466095814151,22.122423329069676,1.0,0.0,0.0,0.0,0.0,22.122423329069676,22.342182039533405,22.571422661848928,16.4605978553072,20.87688845351338,30.56883094729426,1.210990522431851e-16,7.665681300720648e-16,0.0,5.558164211744517e-15,3.681224676091776e-14,converged
2025-01-15T19:20:00+08:00,11.333333333333334,-4.625,13.75,3.0625,50.6,50.6,43.8,43.8,35.0,55.00000000000001,85.0,36.55380702737919,10.81370200309034,13.60355977531726,12.136545248971595,79.803508603709,1.0661995809969935,50.541576085787725,50.4,50.4,41.83741900281733,42.158946091065786,40.355241604440224,41.46496531864054,0.37606565000000003,0.38024555974862456,22.570097636643343,22.850965018263295,22.24676902652983,22.341499024674473,22.489263263794015,22.70568038238177,22.541064214938647,22.33350447307427,22.036054536781695,22.479413072040607,22.32155792651089,22.119988895976476,1.0,0.0,0.0,0.0,0.0,22.119988895976476,22.341499024674473,22.570097636643343,16.4605978553072,20.87688845351338,30.56883094729426,1.210990522431851e-16,1.5307913378909077e-16,0.0,4.903061491124442e-15,3.34611023428684e-14,converged
2025-01-15T19:25:00+08:00,11.416666666666666,-4.666666666666667,13.33333333333333,3.066666666666667,50.6,50.6,43.8,43.8,35.0,55.00000000000001,85.0,36.55380702737919,10.81370200309034,13.60355977531726,12.136545248971595,79.803508603709,1.0661995809969935,50.6,50.56492446185947,50.4,41.87725776361821,42.27457290112242,40.354040090662835,41.5193825912899,0.37692326666666665,0.3812724553905658,22.568763370821056,22.849191582121005,22.244638389444308,22.34080898589645,22.487382926328724,22.703291737590643,22.539265578482965,22.33234846130411,22.03192508389682,22.475592129535357,22.318363496877577,22.117469922434744,1.0,0.0,0.0,0.0,0.0,22.117469922434744,22.34080898589645,22.568763370821056,16.4605978553072,20.87688845351338,30.56883094729426,1.210990522431851e-16,7.633341996059086e-16,0.0,1.475477013412467e-15,4.887971142857799e-14,converged
2025-01-15T19:30:00+08:00,11.5,-4.708333333333333,12.91666666666667,3.0708333333333333,50.6,50.6,43.8,43.8,35.0,55.00000000000001,85.0,36.55380702737919,10.81370200309034,13.60355977531726,12.136545248971595,79.803508603709,1.0661995809969935,50.6,50.6,50.4,41.87675015100755,42.29875699545014,40.352803080984124,41.52782186485514,0.3777808833333333,0.3814679020577652,22.56734949232327,22.847337272677194,22.242384973406935,22.34005157922271,22.485463034234183,22.700860974194924,22.53742855660207,22.33115845059615,22.02767275787476,22.47167370699417,22.315077990928344,22.114866691849922,1.0,0.0,0.0,0.0,0.0,22.114866691849922,22.34005157922271,22.56734949232327,16.4605978553072,20.87688845351338,30.56883094729426,1.210990522431851e-16,1.5258862043038445e-16,0.0,1.3727127286717662e-16,3.4555147544226224e-14,converged
2025-01-15T19:35:00+08:00,11.583333333333334,-4.75,12.5,3.075,50.8,50.8,43.9,43.9,35.0,55.00000000000001,85.0,36.637263207807,10.838390820448994,13.634618130968668,12.16425425638934,80.16832416763314,1.0735190034570068,50.6,50.6,50.57729859180729,41.892637597255195,42.31400381322645,40.483992433780855,41.58175328221038,0.3786385,0.38254834888129674,22.56586962023254,22.845414869633867,22.24003523888815,22.33923854505868,22.483459166521673,22.698345869515123,22.535513116687206,22.329896413512934,22.02376946514555,22.467973450325857,22.312001389084063,22.112465037885357,1.0,0.0,0.0,0.0,0.0,22.112465037885357,22.33923854505868,22.56586962023254,16.423102188210823,20.82933289894957,30.49919807497696,1.808219647459924e-16,0.0,0.0,1.0318283811834789e-15,3.9253113048917e-14,converged
2025-01-15T19:40:00+08:00,11.666666666666666,-4.791666666666667,12.08333333333333,3.0791666666666666,50.8,50.8,43.9,43.9,35.0,55.00000000000001,85.0,36.637263207807,10.838390820448994,13.634618130968668,12.16425425638934,80.16832416763314,1.0735190034570068,50.6,50.6,50.6,41.892078439165935,42.31342761097347,40.49744418084219,41.58583966276261,0.3794961166666667,0.3826948567638111,22.56431052992125,22.843411975820235,22.23756382142781,22.3383584284758,22.481352396972444,22.69572863293197,22.533502233822666,22.328545991263365,22.01979807018898,22.46421281176132,22.308868969962138,22.110012713493344,1.0,0.0,0.0,0.0,0.0,22.110012713493344,22.3383584284758,22.56431052992125,16.423102188210823,20.82933289894957,30.49919807497696,1.808219647459924e-16,0.0,0.0,8.137389528662955e-16,3.69266456108831e-14,converged
2025-01-15T19:45:00+08:00,11.75,-4.833333333333333,11.66666666666667,3.0833333333333335,50.8,50.8,43.9,43.9,35.0,55.00000000000001,85.0,36.637263207807,10.838390820448994,13.634618130968668,12.16425425638934,80.16832416763314,1.0735190034570068,50.6,50.6,50.6,41.89149044141839,42.31282283300801,40.49624080683844,41.58504110384232,0.38035373333333333,0.38272875946580265,22.56267243563822,22.841328797484078,22.234971328621487,22.33741138501305,22.4791431357665,22.693009650170044,22.53139625047992,22.327107485917566,22.01570294318096,22.460354472700377,22.30564525859842,22.107475910370304,1.0,0.0,0.0,0.0,0.0,22.107475910370304,22.33741138501305,22.56267243563822,16.423102188210823,20.82933289894957,30.49919807497696,1.808219647459924e-16,1.520859341605562e-16,0.0,3.398809291678191e-15,4.6592057409141335e-14,converged
2025-01-15T19:50:00+08:00,11.833333333333334,-4.875,11.25,3.0875,50.8,50.8,43.9,43.9,35.0,55.00000000000001,85.0,36.637263207807,10.838390820448994,13.634618130968668,12.16425425638934,80.16832416763314,1.0735190034570068,50.74307591247157,50.6,50.6,41.9897263430436,42.31218958515339,40.49500201050623,41.613455234075566,0.38121135,0.3833193903247725,22.561128248530068,22.83932915682002,22.232587676101847,22.336545616737787,22.476831791448813,22.690189305497135,22.529195507901562,22.325581198513294,22.011484760279053,22.456398795152225,22.3023305763742,22.10485491177363,1.0,0.0,0.0,0.0,0.0,22.10485491177363,22.336545616737787,22.561128248530068,16.423102188210823,20.82933289894957,30.49919807497696,1.808219647459924e-16,3.037031905124872e-16,0.0,3.9643277480286944e-16,3.396776214441186e-14,converged
2025-01-15T19:55:00+08:00,11.916666666666666,-4.916666666666667,10.83333333333333,3.091666666666667,50.8,50.8,43.9,43.9,35.0,55.00000000000001,85.0,36.637263207807,10.838390820448994,13.634618130968668,12.16425425638934,80.16832416763314,1.0735190034570068,50.8,50.766826684042016,50.6,42.02849434860176,42.42918552690634,40.49372793953752,41.668041179802344,0.3820689666666667,0.3843526869862631,22.559573633462033,22.837314236177974,22.23021320191049,22.335671721820304,22.474723127443152,22.68755634474066,22.52717431257189,22.32422836812251,22.00714419394584,22.45234613978471,22.29892524353939,22.102150000010937,1.0,0.0,0.0,0.0,0.0,22.102150000010937,22.335671721820304,22.559573633462033,16.423102188210823,20.82933289894957,30.49919807497696,1.808219647459924e-16,6.057734251307343e-16,0.0,1.7594225163348012e-16,3.335252775537841e-14,converged
2025-01-15T20:00:00+08:00,12.0,-4.958333333333333,10.41666666666667,3.095833333333333,50.8,50.8,43.9,43.9,35.0,55.00000000000001,85.0,36.637263207807,10.838390820448994,13.634618130968668,12.16425425638934,80.16832416763314,1.0735190034570068,50.8,50.8,50.6,42.027917974367924,42.45198294831036,40.49241874097863,41.67592009095981,0.3829265833333333,0.3845423155493905,22.557940002318784,22.83521906183068,22.227717168309397,22.334730885597242,22.472572379543863,22.684878929476557,22.5251124338727,22.322839261572675,22.002681912969102,22.44819686592929,22.29542957921651,22.099361456443283,1.0,0.0,0.0,0.0,0.0,22.099361456443283,22.334730885597242,22.557940002318784,16.423102188210823,20.82933289894957,30.49919807497696,1.808219647459924e-16,3.02737350662212e-16,0.0,3.139172301187136e-15,4.649304214584375e-14,converged
2025-01-15T20:05:00+08:00,12.083333333333334,-5.0,10.0,3.1,51.0,51.0,44.0,44.0,35.0,55.00000000000001,85.0,36.72071938823481,10.863079637807648,13.665676486620077,12.19196326380708,80.53397169407472,1.0808718478794452,50.8,50.8,50.780077458644094,42.04379884363784,42.46722438169397,40.62552130791714,41.73048278159391,0.3837842,0.3856406568720306,22.556241018718016,22.833056457350487,22.22512612127984,22.333734884994747,22.470338645255957,22.68211817274755,22.52297300581972,22.321378864774985,21.998577011419233,22.44427143858629,22.29214813986957,22.096779470478438,1.0,0.08333333333333333,0.0,0.0,0.0,22.096779470478438,22.333734884994747,22.556241018718016,16.385776955964893,20.78199350599741,30.42988171571565,2.4000130762956204e-16,3.0187512585211057e-16,0.0,1.425003824560388e-15,5.4948649699944163e-14,converged
2025-01-15T20:10:00+08:00,12.166666666666666,-5.041666666666667,9.58333333333333,3.104166666666667,51.0,51.0,44.0,44.0,35.0,55.00000000000001,85.0,36.72071938823481,10.863079637807648,13.665676486620077,12.19196326380708,80.53397169407472,1.0808718478794452,50.8,50.8,50.8,42.04317166566893,42.466583529846325,40.637124916598964,41.73391136400256,0.3846418166666667,0.38577622923880617,22.554463410320288,22.830813978580643,22.222414598653764,22.332672226624236,22.468002926968204,22.67925621369413,22.52073893988173,22.319830761616355,21.99439827983651,22.440281885586817,22.288807253973857,22.094143274418936,1.0,0.08333333333333333,0.0,0.0,0.0,22.094143274418936,22.332672226624236,22.554463410320288,16.385776955964893,20.78199350599741,30.42988171571565,2.4000130762956204e-16,7.544225965959563e-16,0.0,2.237484082574544e-15,4.520477188479401e-14,converged
2025-01-15T20:15:00+08:00,12.25,-5.083333333333333,9.16666666666667,3.1083333333333334,51.0,51.0,44.0,44.0,35.0,55.00000000000001,85.0,36.72071938823481,10.863079637807648,13.665676486620077,12.19196326380708,80.53397169407472,1.0808718478794452,50.8,50.8,50.8,42.04251594903189,42.46591440044186,40.635850411041645,41.73304520632697,0.3854994333333333,0.385813085600511,22.552607389806877,22.828491830225268,22.21958320210725,22.331543065067272,22.465565631271435,22.676293434595408,22.518410575699477,22.318195251898207,21.990096954094312,22.436195483387564,22.285375812184505,22.09142321801172,1.0,0.08333333333333333,0.0,0.0,0.0,22.09142321801172,22.331543065067272,22.552607389806877,16.385776955964893,20.78199350599741,30.42988171571565,2.4000130762956204e-16,3.017402109255483e-16,0.0,1.794432898742476e-15,4.531578028872682e-14,converged
2025-01-15T20:20:00+08:00,12.333333333333334,-5.125,8.75,3.1125000000000003,51.0,51.0,44.0,44.0,35.0,55.00000000000001,85.0,36.72071938823481,10.863079637807648,13.665676486620077,12.19196326380708,80.53397169407472,1.0808718478794452,50.9445689217614,50.8,50.8,42.14180020072396,42.46521709821462,40.63454084526414,41.7617221349371,0.38635705,0.3864126734035467,22.55084773595325,22.826255603932594,22.216965402778893,22.330497204042057,22.463027163135493,22.673230216286477,22.51598825169477,22.316472634397176,21.98567370427215,22.432012590917658,22.28185413335655,22.088619582498914,1.0,0.08333333333333333,0.0,0.0,0.0,22.088619582498914,22.330497204042057,22.55084773595325,16.385776955964893,20.78199350599741,30.42988171571565,2.4000130762956204e-16,1.0544520261341201e-15,0.0,6.964022174647225e-16,3.723651078025361e-14,converged
2025-01-15T20:25:00+08:00,12.416666666666666,-5.166666666666667,8.33333333333333,3.1166666666666667,51.0,51.0,44.0,44.0,35.0,55.00000000000001,85.0,36.72071938823481,10.863079637807648,13.665676486620077,12.19196326380708,80.53397169407472,1.0808718478794452,51.0,50.96872025976011,50.8,42.179502085721204,42.58357962425149,40.63319636545976,41.81647789008824,0.3872146666666667,0.3874522901071464,22.54907646372954,22.82400302410375,22.214354573321504,22.329442113388364,22.46069584629536,22.670358678065224,22.513749480091743,22.314927202129276,21.981129196786977,22.427733565776016,22.278242535222315,22.085732648179448,1.0,0.08333333333333333,0.0,0.0,0.0,22.085732648179448,22.329442113388364,22.54907646372954,16.385776955964893,20.78199350599741,30.42988171571565,2.4000130762956204e-16,3.004636307472624e-16,0.0,2.8441113818137247e-15,4.422232823999993e-14,converged
2025-01-15T20:30:00+08:00,12.5,-5.208333333333333,7.91666666666667,3.1208333333333336,51.0,51.0,44.0,44.0,35.0,55.00000000000001,85.0,36.72071938823481,10.863079637807648,13.665676486620077,12.19196326380708,80.53397169407472,1.0808718478794452,51.0,51.0,50.8,42.17885874083662,42.60499601937856,40.63181711718268,41.823799780311354,0.3880722833333333,0.3876360667644506,22.5472267622507,22.821670800576655,22.211623367064483,22.32832050199843,22.458319907182844,22.66744034056645,22.51146772143321,22.313343213597374,21.976464094413235,22.42335876423627,22.27454133439536,22.08276269441221,1.0,0.08333333333333333,0.0,0.0,0.0,22.08276269441221,22.32832050199843,22.5472267622507,16.385776955964893,20.78199350599741,30.42988171571565,2.4000130762956204e-16,6.006423643632483e-16,0.0,3.8316664080896467e-16,4.191709007859261e-14,converged
2025-01-15T20:35:00+08:00,12.583333333333334,-5.25,7.5,3.125,51.2,51.2,44.1,44.1,35.0,55.00000000000001,85.0,36.804175568662615,10.887768455166304,13.696734842271487,12.219672271224827,80.90045118303382,1.0882581903963435,51.0,51.0,50.98284372291021,42.19473500951342,42.62023399857825,40.76683018503598,41.87899414638608,0.38892990000000005,0.3887521844704983,22.545312339835657,22.81927180099474,22.20879841602697,22.327144183381744,22.455861948857134,22.664439640341403,22.509109264691602,22.311688656876385,21.972164653078124,22.419213453258056,22.271059647040612,22.080004250707244,1.0,0.08333333333333333,0.0,0.0,0.0,22.080004250707244,22.327144183381744,22.545312339835657,16.348620999148643,20.73486880416975,30.36087971636028,1.194570501927777e-16,7.486473804996031e-16,0.0,5.4909465772595585e-17,5.1377502396111086e-14,converged
2025-01-15T20:40:00+08:00,12.666666666666666,-5.291666666666667,7.08333333333333,3.129166666666667,51.2,51.2,44.1,44.1,35.0,55.00000000000001,85.0,36.804175568662615,10.887768455166304,13.696734842271487,12.219672271224827,80.90045118303382,1.0882581903963435,51.0,51.0,51.0,42.19404158460987,42.619530241122405,40.776592258531096,41.88176829655148,0.38978751666666667,0.3888768050005198,22.543319876315504,22.816793534059215,22.205854160158484,22.32590162565227,22.453302902175057,22.66133864611294,22.506656957596647,22.309947058469216,21.96778564092536,22.415000270391232,22.26751488393605,22.077188059665428,1.0,0.08333333333333333,0.0,0.0,0.0,22.077188059665428,22.32590162565227,22.543319876315504,16.348620999148643,20.73486880416975,30.36087971636028,1.194570501927777e-16,1.1974519470430149e-15,0.0,2.114643799883932e-15,4.924446271899565e-14,converged
2025-01-15T20:45:00+08:00,12.75,-5.333333333333333,6.66666666666667,3.1333333333333333,51.2,51.2,44.1,44.1,35.0,55.00000000000001,85.0,36.804175568662615,10.887768455166304,13.696734842271487,12.219672271224827,80.90045118303382,1.0882581903963435,51.0,51.0,51.0,42.19331991495518,42.61879849764857,40.77524872939302,41.88083640896918,0.3906451333333333,0.3889165483934727,22.541249582829586,22.814236202954294,22.202791195395704,22.3245929824476,22.450643170225252,22.658137736793563,22.504111137020057,22.308118715955906,21.96328513438405,22.41069107037045,22.26388028541587,22.07428861390268,1.0,0.08333333333333333,0.0,0.0,0.0,22.07428861390268,22.3245929824476,22.541249582829586,16.348620999148643,20.73486880416975,30.36087971636028,1.194570501927777e-16,4.489985922731514e-16,0.0,2.9931574711906877e-15,3.176769626695938e-14,converged
2025-01-15T20:50:00+08:00,12.833333333333334,-5.375,6.25,3.1375,51.2,51.2,44.1,44.1,35.0,55.00000000000001,85.0,36.804175568662615,10.887768455166304,13.696734842271487,12.219672271224827,80.90045118303382,1.0882581903963435,51.14605516003406,51.0,51.0,42.2936510134073,42.618038871825746,40.773870493123205,41.90977703223645,0.39150275,0.38952500408631247,22.539278098742297,22.81176716211311,22.199946535039746,22.323369653097007,22.44788315448905,22.654837289864226,22.50147213862437,22.30620392589912,21.958663797660904,22.40628620911454,22.260156167863414,22.07130619268758,1.0,0.08333333333333333,0.0,0.0,0.0,22.07130619268758,22.323369653097007,22.539278098742297,16.348620999148643,20.73486880416975,30.36087971636028,1.194570501927777e-16,5.977296481903845e-16,0.0,3.0185499923072506e-15,7.720227113751183e-14,converged
2025-01-15T20:55:00+08:00,12.916666666666666,-5.416666666666667,5.83333333333333,3.1416666666666666,51.2,51.2,44.1,44.1,35.0,55.00000000000001,85.0,36.804175568662615,10.887768455166304,13.696734842271487,12.219672271224827,80.90045118303382,1.0882581903963435,51.2,51.17060524783322,51.0,42.33029135681971,42.737765408523686,40.77245769445535,41.964703687540805,0.3923603666666667,0.39057086147042974,22.537293802922374,22.80928069105195,22.197106612915736,22.322135990916376,22.445334725425106,22.651732785221792,22.499020668136342,22.304470023596306,21.95392229133142,22.401786041223,22.256342846547792,22.068241074351917,1.0,0.08333333333333333,0.0,0.0,0.0,22.068241074351917,22.322135990916376,22.537293802922374,16.348620999148643,20.73486880416975,30.36087971636028,1.194570501927777e-16,2.98064534022461e-16,0.0,4.583618189838511e-15,4.3642652922315243e-14,converged
2025-01-15T21:00:00+08:00,13.0,-5.458333333333333,5.41666666666667,3.1458333333333335,51.2,51.2,44.1,44.1,35.0,55.00000000000001,85.0,36.804175568662615,10.887768455166304,13.696734842271487,12.219672271224827,80.90045118303382,1.0882581903963435,51.2,51.2,51.0,42.32958278651657,42.75780636656743,40.77101047749033,41.971471844089585,0.39321798333333335,0.39074875376282525,22.535231655039063,22.806715176850844,22.194147460742467,22.32083622262786,22.442739127037992,22.648579128062728,22.496523901464663,22.302695282258284,21.94906127235975,22.397190919980897,22.252440635627792,22.065093536293865,1.0,0.08333333333333333,0.0,0.0,0.0,22.065093536293865,22.32083622262786,22.535231655039063,16.348620999148643,20.73486880416975,30.36087971636028,1.194570501927777e-16,5.958576743028898e-16,0.0,1.7100075801021527e-15,3.903786417677829e-14,converged
2025-01-15T21:05:00+08:00,13.083333333333334,-5.5,5.0,3.1500000000000004,51.4,51.4,44.2,44.2,35.0,55.00000000000001,85.0,36.887631749090424,10.912457272524957,13.7277931979229,12.247381278642571,81.2677626345104,1.0956781071397335,51.2,51.2,51.185597470143456,42.345456365099444,42.77304275886374,40.907931266386406,42.02729822272956,0.39407559999999997,0.39188253134471274,22.533105408265122,22.804083531411365,22.191095797052963,22.319482198378864,22.440062455047773,22.64534406627621,22.493951270915392,22.300850680984986,21.944574132829935,22.392830897239314,22.24876319469217,22.062162432549606,1.0,0.08333333333333333,0.0,0.0,0.0,22.062162432549606,22.319482198378864,22.533105408265122,16.311633168833826,20.68795733628701,30.292189943246342,5.945856600638194e-17,5.941337646639426e-16,1.1669209918703823e-16,2.6061065441854556e-15,3.443976850359535e-14,converged
2025-01-15T21:10:00+08:00,13.166666666666666,-5.541666666666667,4.58333333333333,3.154166666666667,51.4,51.4,44.2,44.2,35.0,55.00000000000001,85.0,36.887631749090424,10.912457272524957,13.7277931979229,12.247381278642571,81.2677626345104,1.0956781071397335,51.2,51.2,51.2,42.34469842094571,42.77227779724287,40.91585833894747,42.02942125444066,0.3949332166666667,0.3919961849679357,22.53090169449734,22.80137321614968,22.18792596378088,22.318062347756214,22.437285568665096,22.64200959801496,22.491285560376152,22.298919688849615,21.940001669798317,22.388399254227533,22.245019049113107,22.059170046817044,1.0,0.08333333333333333,0.0,0.0,0.0,22.059170046817044,22.318062347756214,22.53090169449734,16.311633168833826,20.68795733628701,30.292189943246342,5.945856600638194e-17,1.4849037604340115e-16,1.1669209918703823e-16,3.723852847100765e-16,4.2893487422489867e-14,converged
2025-01-15T21:15:00+08:00,13.25,-5.583333333333333,4.16666666666667,3.1583333333333337,51.4,51.4,44.2,44.2,35.0,55.00000000000001,85.0,36.887631749090424,10.912457272524957,13.7277931979229,12.247381278642571,81.2677626345104,1.0956781071397335,51.2,51.2,51.2,42.34391251907394,42.771485134681946,40.914447836932105,42.02842545767782,0.3957908333333333,0.39203875027846496,22.528620723358358,22.79858443275354,22.1846385512984,22.31657682346681,22.434408867561377,22.638576098902,22.48852710401009,22.29690260125721,21.935308775239157,22.38387240726858,22.241185773048688,22.056094999480667,1.0,0.08333333333333333,0.0,0.0,0.0,22.056094999480667,22.31657682346681,22.528620723358358,16.311633168833826,20.68795733628701,30.292189943246342,5.945856600638194e-17,1.4847425381323282e-16,1.1669209918703823e-16,5.176513614247957e-16,4.362366218841048e-14,converged
2025-01-15T21:20:00+08:00,13.333333333333334,-5.625,3.75,3.1625,51.4,51.4,44.2,44.2,35.0,55.00000000000001,85.0,36.887631749090424,10.912457272524957,13.7277931979229,12.247381278642571,81.2677626345104,1.0956781071397335,51.34753467324665,51.2,51.2,42.4452889282375,42.77066487380861,40.91300297210046,42.05763062754723,0.39664845,0.3926559864419227,22.526440987800665,22.795886291809303,22.181574101796546,22.315178614444832,22.431432749814075,22.635043943141017,22.485676234780676,22.294799712602696,21.930496107685144,22.379250709339278,22.237263680464043,22.052937567876405,1.0,0.08333333333333333,0.0,0.0,0.0,22.052937567876405,22.315178614444832,22.526440987800665,16.311633168833826,20.68795733628701,30.292189943246342,5.945856600638194e-17,1.4824085948853053e-16,1.1669209918703823e-16,1.430268872725723e-15,3.4614873306194754e-14,converged
2025-01-15T21:25:00+08:00,13.416666666666666,-5.666666666666667,3.3333333333333304,3.166666666666667,51.4,51.4,44.2,44.2,35.0,55.00000000000001,85.0,36.887631749090424,10.912457272524957,13.7277931979229,12.247381278642571,81.2677626345104,1.0956781071397335,51.4,51.37248170654852,51.2,42.48087225459073,42.89175282230506,40.91152388776451,42.112729229381664,0.3975060666666667,0.39370800672434547,22.524247244308135,22.79316964093931,22.178512136680784,22.31376896922304,22.428672619093735,22.631711958428244,22.483016839748657,22.292881388867883,21.925564322068045,22.37453451210776,22.23325308421835,22.049698028409708,1.0,0.08333333333333333,0.0,0.0,0.0,22.049698028409708,22.31376896922304,22.524247244308135,16.311633168833826,20.68795733628701,30.292189943246342,5.945856600638194e-17,2.956894953585309e-16,1.1669209918703823e-16,2.7308838260239876e-15,4.6656163302895706e-14,converged
2025-01-15T21:30:00+08:00,13.5,-5.708333333333333,2.9166666666666696,3.1708333333333334,51.4,51.4,44.2,44.2,35.0,55.00000000000001,85.0,36.887631749090424,10.912457272524957,13.7277931979229,12.247381278642571,81.2677626345104,1.0956781071397335,51.4,51.4,51.2,42.48010015959154,42.910423876076855,40.91001072660959,42.11894688659635,0.3983636833333333,0.3938799835010883,22.52197621646523,22.790374538177613,22.175332053448106,22.31229362665956,22.425862763758577,22.628328459878638,22.480309834255298,22.290919940872868,21.92051406973838,22.369724165938315,22.229154296068728,22.046376656558664,1.0,0.08333333333333333,0.0,0.0,0.0,22.046376656558664,22.31229362665956,22.52197621646523,16.311633168833826,20.68795733628701,30.292189943246342,5.945856600638194e-17,1.47780195368335e-16,1.1669209918703823e-16,4.335202099102357e-15,3.2134313999157936e-14,converged
2025-01-15T21:35:00+08:00,13.583333333333334,-5.75,2.5,3.1750000000000003,51.6,51.6,44.3,44.3,35.0,55.00000000000001,85.0,36.97108792951823,10.937146089883608,13.758851553574303,12.275090286060312,81.63590604850447,1.1031316742416473,51.4,51.4,51.38833878510926,42.495972894602936,42.925660487505795,41.04883639244372,42.17540555188126,0.3992213,0.3950313060288683,22.519641702437987,22.78751393985763,22.172060657572434,22.310764473586413,22.422972759342965,22.624864494592227,22.477527782362138,22.28888932765028,21.915845853322182,22.36515449057027,22.22528550281591,22.04327661537552,1.0,0.08333333333333333,0.0,0.0,0.0,22.04327661537552,22.310764473586413,22.519641702437987,16.274812326466257,20.641257658327,30.223810281974913,0.0,5.893979542898677e-16,1.3050209555609755e-16,6.541352629486457e-15,4.678501357975728e-14,converged
2025-01-15T21:40:00+08:00,13.666666666666666,-5.791666666666667,2.0833333333333304,3.1791666666666667,51.6,51.6,44.3,44.3,35.0,55.00000000000001,85.0,36.97108792951823,10.937146089883608,13.758851553574303,12.275090286060312,81.63590604850447,1.1031316742416473,51.4,51.4,51.4,42.49515211483996,42.92483598163768,41.05493493093701,42.17688072807036,0.4000789166666667,0.39513397889262286,22.517230286096513,22.784575259980247,22.16867219287746,22.30916990104118,22.41998339332142,22.621301990023124,22.474653404031464,22.286772960813686,21.911086549863654,22.360509444715486,22.221346376565045,22.040111760305045,1.0,0.08333333333333333,0.0,0.0,0.0,22.040111760305045,22.30916990104118,22.517230286096513,16.274812326466257,20.641257658327,30.223810281974913,0.0,4.4193360244489576e-16,1.3050209555609755e-16,2.311459525661569e-15,3.7050231733523726e-14,converged
2025-01-15T21:45:00+08:00,13.75,-5.833333333333333,1.6666666666666696,3.1833333333333336,51.6,51.6,44.3,44.3,35.0,55.00000000000001,85.0,36.97108792951823,10.937146089883608,13.758851553574303,12.275090286060312,81.63590604850447,1.1031316742416473,51.4,51.4,51.4,42.49430365769207,42.92398405359885,41.053459451053634,42.17582279598958,0.40093653333333334,0.3951793024865341,22.514742175571584,22.781558698759834,22.165167244340715,22.307510060813165,22.416895062031156,22.617641318580358,22.471687030777048,22.284571133638593,21.90620784200204,22.355769989684514,22.217318809527388,22.036864824480457,1.0,0.08333333333333333,0.0,0.0,0.0,22.036864824480457,22.307510060813165,22.514742175571584,16.274812326466257,20.641257658327,30.223810281974913,0.0,5.891772220580895e-16,1.3050209555609755e-16,1.4822316094776736e-15,3.7893213426956645e-14,converged
2025-01-15T21:50:00+08:00,13.833333333333334,-5.875,1.25,3.1875,51.6,51.6,44.3,44.3,35.0,55.00000000000001,85.0,36.97108792951823,10.937146089883608,13.758851553574303,12.275090286060312,81.63590604850447,1.1031316742416473,51.54900750694135,51.4,51.4,42.596723809946305,42.923104804998616,41.05194994413625,42.20529332131365,0.40179415,0.3958052333004087,22.512357710441783,22.77863511634111,22.161889869840923,22.3059395254687,22.41370816022846,22.61388285126551,22.468628992922305,22.28228413839752,21.901210382788527,22.35093647557902,22.21320311330225,22.033536083345176,1.0,0.08333333333333333,0.0,0.0,0.0,22.033536083345176,22.3059395254687,22.512357710441783,16.274812326466257,20.641257658327,30.223810281974913,0.0,2.941227453113986e-16,1.3050209555609755e-16,3.351132089832939e-15,5.791419985313215e-14,converged
2025-01-15T21:55:00+08:00,13.916666666666666,-5.916666666666667,0.8333333333333304,3.191666666666667,51.6,51.6,44.3,44.3,35.0,55.00000000000001,85.0,36.97108792951823,10.937146089883608,13.758851553574303,12.275090286060312,81.63590604850447,1.1031316742416473,51.6,51.574349693666925,51.4,42.63125459053639,43.04555154213733,41.050406552111994,42.26056487293457,0.4026517666666667,0.3968633402426989,22.50995803844602,22.775691941370827,22.158612704620072,22.304356450432728,22.41074161135917,22.610328750845934,22.465766346761377,22.28018536022461,21.89609482170262,22.34600925120237,22.208999598391095,22.030125811418298,1.0,0.08333333333333333,0.0,0.0,0.0,22.030125811418298,22.304356450432728,22.50995803844602,16.274812326466257,20.641257658327,30.223810281974913,0.0,5.866771254595694e-16,1.3050209555609755e-16,1.3445215261974429e-15,5.335252967414037e-14,converged
2025-01-15T22:00:00+08:00,14.0,-5.958333333333333,0.4166666666666696,3.1958333333333333,51.6,51.6,44.3,44.3,35.0,55.00000000000001,85.0,36.97108792951823,10.937146089883608,13.758851553574303,12.275090286060312,81.63590604850447,1.1031316742416473,51.6,51.6,51.4,42.63042062824977,43.062858169112985,41.0488294162873,42.26623521349492,0.4035093833333333,0.3970293716279048,22.507481640481547,22.772670896583687,22.15521849940858,22.30270808103692,22.40772277476287,22.606720767567108,22.462853770997715,22.278041170320364,21.890861804671655,22.340988664064454,22.20470857420142,22.026634282297703,1.0,0.08333333333333333,0.0,0.0,0.0,22.026634282297703,22.30270808103692,22.507481640481547,16.274812326466257,20.641257658327,30.223810281974913,0.0,7.330397329900761e-16,1.3050209555609755e-16,3.3593655448841325e-15,4.233215322701625e-14,converged
2025-01-15T22:05:00+08:00,14.083333333333334,-6.0,0.0,3.2,51.8,51.8,44.4,44.4,35.0,55.00000000000001,85.0,37.054544109946036,10.961834907242263,13.789909909225717,12.302799293478056,82.0048814250161,1.1106189678341203,51.6,51.6,51.59106775180947,42.6462943040888,43.07809674610688,41.18955705306277,42.32332637839569,0.404367,0.39819812571938784,22.504942359834338,22.769584982905688,22.15173414700123,22.301006340837006,22.40462469298874,22.6030332356567,22.459866949915316,22.275828496604237,21.88601891933536,22.336214284854563,22.200652738599487,22.02336895260766,1.0,0.08333333333333333,0.0,0.0,0.0,22.02336895260766,22.301006340837006,22.504942359834338,16.23815734374899,20.59476833927671,30.155738637195682,2.3569643878887266e-16,1.3155987293380173e-15,1.1616645910061016e-16,4.6534942133723155e-15,3.3779968610927196e-14,converged
2025-01-15T22:10:00+08:00,14.166666666666666,-6.027777777777778,0.0,3.1972222222222224,51.8,51.8,44.4,44.4,35.0,55.00000000000001,85.0,37.054544109946036,10.961834907242263,13.789909909225717,12.302799293478056,82.0048814250161,1.1106189678341203,51.6,51.6,51.6,42.645419579191646,43.07722141290555,41.19384258961536,42.32416473009906,0.4048228611111111,0.39828946947443705,22.50236834251503,22.766467560357313,22.148192396123516,22.299272876947423,22.40147890598222,22.599302732644425,22.456836785979238,22.273571892433562,21.881141502461844,22.331415506236773,22.196571190530477,22.02007648058391,1.0,0.08333333333333333,0.0,0.0,0.0,22.02007648058391,22.299272876947423,22.50236834251503,16.23815734374899,20.59476833927671,30.155738637195682,2.3569643878887266e-16,2.9228822439255214e-16,1.1616645910061016e-16,1.0014168358257293e-15,3.0649755517037967e-14,converged
2025-01-15T22:15:00+08:00,14.25,-6.055555555555555,0.0,3.1944444444444446,51.8,51.8,44.4,44.4,35.0,55.00000000000001,85.0,37.054544109946036,10.961834907242263,13.789909909225717,12.302799293478056,82.0048814250161,1.1106189678341203,51.6,51.6,51.6,42.64453191407346,43.076333090064985,41.192331415443306,42.32306980358113,0.4052787222222222,0.398336483860663,22.499759682552273,22.763318709746628,22.14459353363922,22.297507762987685,22.398285604063652,22.595529420958044,22.453763434845513,22.271271508074793,21.876207661643,22.326577615024092,22.192449954547033,22.01674355888124,1.0,0.08333333333333333,0.0,0.0,0.0,22.01674355888124,22.297507762987685,22.499759682552273,16.23815734374899,20.59476833927671,30.155738637195682,2.3569643878887266e-16,1.753522359267346e-15,1.1616645910061016e-16,4.2912905834554924e-16,4.2722481952057106e-14,converged
2025-01-15T22:20:00+08:00,14.333333333333334,-6.083333333333333,0.0,3.191666666666667,51.8,51.8,44.4,44.4,35.0,55.00000000000001,85.0,37.054544109946036,10.961834907242263,13.789909909225717,12.302799293478056,82.0048814250161,1.1106189678341203,51.75047370625004,51.6,51.6,42.74803033387016,43.075431825644934,41.190804677550716,42.35284539824706,0.4057345833333333,0.39896935275037726,22.49729844689743,22.760310916565196,22.141284828562178,22.295867072130807,22.395044976794104,22.591713462411352,22.450647051611174,22.268927493280394,21.87121770553837,22.321700756288983,22.188289170508202,22.013370323266756,1.0,0.08333333333333333,0.0,0.0,0.0,22.013370323266756,22.295867072130807,22.49729844689743,16.23815734374899,20.59476833927671,30.155738637195682,2.3569643878887266e-16,4.376852044815041e-16,1.1616645910061016e-16,5.627649948808848e-16,7.683105725568852e-14,converged
2025-01-15T22:25:00+08:00,14.416666666666666,-6.111111111111112,0.0,3.188888888888889,51.8,51.8,44.4,44.4,35.0,55.00000000000001,85.0,37.054544109946036,10.961834907242263,13.789909909225717,12.302799293478056,82.0048814250161,1.1106189678341203,51.8,51.776209266428936,51.6,42.78156346625604,43.1992841247265,41.189262441080146,42.40834528176092,0.40619044444444447,0.4000311348825389,22.494862076082516,22.757328085979122,22.13803176611264,22.294245801397356,22.39207925288364,22.58816013690504,22.447777677746696,22.266816100907707,21.866171941119017,22.316785074565818,22.184088977780164,22.009956909051855,1.0,0.08333333333333333,0.0,0.0,0.0,22.009956909051855,22.294245801397356,22.494862076082516,16.23815734374899,20.59476833927671,30.155738637195682,2.3569643878887266e-16,5.820313054438517e-16,1.1616645910061016e-16,1.464844128609004e-15,3.5155456575445445e-14,converged
2025-01-15T22:30:00+08:00,14.5,-6.138888888888888,0.0,3.1861111111111113,51.8,51.8,44.4,44.4,35.0,55.00000000000001,85.0,37.054544109946036,10.961834907242263,13.789909909225717,12.302799293478056,82.0048814250161,1.1106189678341203,51.8,51.8,51.6,42.78073403259452,43.215295170745115,41.187704770888,42.413541272378815,0.4066463055555556,0.4001881936626866,22.492390690029012,22.75431348215442,22.13472014926104,22.292592620232934,22.389108688782184,22.584604450378976,22.444903607704912,22.264697645696604,21.86107067367676,22.311830713852874,22.17984951523798,22.006503451093778,1.0,0.08333333333333333,0.0,0.0,0.0,22.006503451093778,22.292592620232934,22.492390690029012,16.23815734374899,20.59476833927671,30.155738637195682,2.3569643878887266e-16,1.3090564802188265e-15,1.1616645910061016e-16,5.91226501839698e-16,3.536449184512605e-14,converged
2025-01-15T22:35:00+08:00,14.583333333333334,-6.166666666666667,0.0,3.1833333333333336,51.93333333333334,51.93333333333334,44.46666666666667,44.46666666666667,35.0,55.00000000000001,85.0,37.11018156356458,10.978294118814702,13.810615479659992,12.321271965089887,82.25132721075578,1.1156292714310332,51.8,51.8,51.79377979416058,42.79109663459569,43.22523411811154,41.32416281644657,42.46561224812431,0.4071021666666667,0.40131661568786,22.489893510864004,22.751275756951053,22.13136788215772,22.29091548087567,22.386103033070423,22.581017644880447,22.44199757993993,22.26254623612075,21.856416999205003,22.30717437790095,22.175890745178464,22.003314781464077,1.0,0.08333333333333333,0.0,0.0,0.0,22.003314781464077,22.29091548087567,22.489893510864004,16.213812280265106,20.563891625124867,30.110527634741118,2.3499023262754797e-16,5.801669668094753e-16,1.459174793582706e-16,1.0074740265974028e-15,6.09171857651551e-14,converged
2025-01-15T22:40:00+08:00,14.666666666666666,-6.194444444444445,0.0,3.180555555555556,51.93333333333334,51.93333333333334,44.46666666666667,44.46666666666667,35.0,55.00000000000001,85.0,37.11018156356458,10.978294118814702,13.810615479659992,12.321271965089887,82.25132721075578,1.1156292714310332,51.8,51.8,51.8,42.79024575149151,43.22438414693374,41.32673845371242,42.46589937302382,0.4075580277777778,0.4013930790571597,22.48736148184555,22.748206400193464,22.127957558460686,22.289206561190856,22.383049304743583,22.57738748906662,22.43904792034625,22.26035068736451,21.85172106131697,22.30248871516095,22.17190165443163,22.000094648174887,1.0,0.08333333333333333,0.0,0.0,0.0,22.000094648174887,22.289206561190856,22.48736148184555,16.213812280265106,20.563891625124867,30.110527634741118,2.3499023262754797e-16,5.800564479107866e-16,1.459174793582706e-16,2.8795419174835545e-15,4.537528679415365e-14,converged
2025-01-15T22:45:00+08:00,14.75,-6.222222222222222,0.0,3.177777777777778,51.93333333333334,51.93333333333334,44.46666666666667,44.46666666666667,35.0,55.00000000000001,85.0,37.11018156356458,10.978294118814702,13.810615479659992,12.321271965089887,82.25132721075578,1.1156292714310332,51.8,51.8,51.8,42.78938184817384,43.223521112349694,41.325269841154906,42.46483501826817,0.4080138888888889,0.4014388493621577,22.48479469731951,22.74510549301368,22.124489468357247,22.287465934937917,22.37994769560909,22.573714146816947,22.436054785635196,22.25811115042516,21.84696771027124,22.297763522632316,22.167872551867248,21.99683382387917,1.0,0.16666666666666666,0.0,0.0,0.0,21.99683382387917,22.287465934937917,22.48479469731951,16.213812280265106,20.563891625124867,30.110527634741118,2.3499023262754797e-16,5.7999031240701285e-16,1.459174793582706e-16,1.1659828665412393e-15,4.622713913981075e-14,converged
2025-01-15T22:50:00+08:00,14.833333333333334,-6.25,0.0,3.1750000000000003,51.93333333333334,51.93333333333334,44.46666666666667,44.46666666666667,35.0,55.00000000000001,85.0,37.11018156356458,10.978294118814702,13.810615479659992,12.321271965089887,82.25132721075578,1.1156292714310332,51.9009650058596,51.8,51.8,42.858593231208864,43.22264506270103,41.323785507010626,42.48449095146703,0.40846975,0.4018780167703,22.482315382563336,22.74208882581385,22.121196777077493,22.285798374925406,22.37679839670907,22.569997781391354,22.433018331955225,22.255827775783416,21.842157260181658,22.29299894695474,22.163803578504854,21.993532445172498,1.0,0.16666666666666666,0.0,0.0,0.0,21.993532445172498,22.285798374925406,22.482315382563336,16.213812280265106,20.563891625124867,30.110527634741118,2.3499023262754797e-16,8.690347590732282e-16,1.459174793582706e-16,2.050310525297579e-15,7.767079396172946e-14,converged
2025-01-15T22:55:00+08:00,14.916666666666666,-6.277777777777778,0.0,3.1722222222222225,51.93333333333334,51.93333333333334,44.46666666666667,44.46666666666667,35.0,55.00000000000001,85.0,37.11018156356458,10.978294118814702,13.810615479659992,12.321271965089887,82.25132721075578,1.1156292714310332,51.93333333333334,51.91829622333002,51.8,42.880229823195705,43.30556022867704,41.322285517158164,42.5212506897624,0.40892561111111114,0.40260218115553587,22.479840270534226,22.739077520690707,22.11792020234039,22.284132538852365,22.37381784648043,22.56644344122053,22.43013337273593,22.2536861159104,21.837290023443515,22.288195134223944,22.159694874866965,21.990190648191902,1.0,0.16666666666666666,0.0,0.0,0.0,21.990190648191902,22.284132538852365,22.479840270534226,16.213812280265106,20.563891625124867,30.110527634741118,2.3499023262754797e-16,2.891572059863245e-16,1.459174793582706e-16,1.2965606990305493e-15,4.406036271438145e-14,converged
2025-01-15T23:00:00+08:00,15.0,-6.305555555555555,0.0,3.1694444444444447,51.93333333333334,51.93333333333334,44.46666666666667,44.46666666666667,35.0,55.00000000000001,85.0,37.11018156356458,10.978294118814702,13.810615479659992,12.321271965089887,82.25132721075578,1.1156292714310332,51.93333333333334,51.93333333333334,51.8,42.87939159702519,43.3153730005697,41.320769937186405,42.52415135605959,0.40938147222222226,0.40271809190096475,22.477330248911308,22.736034516248278,22.11458519267247,22.282434896217815,22.37081655673514,22.56287162257668,22.42722940527386,22.251523810409534,21.832366310742948,22.283352229993692,22.155546580980833,21.986808568617413,1.0,0.16666666666666666,0.0,0.0,0.0,21.986808568617413,22.282434896217815,22.477330248911308,16.213812280265106,20.563891625124867,30.110527634741118,2.3499023262754797e-16,1.4453699022735156e-16,1.459174793582706e-16,7.8671774895034e-17,3.9567275818644324e-14,converged
2025-01-15T23:05:00+08:00,15.083333333333334,-6.333333333333333,0.0,3.166666666666667,52.06666666666666,52.06666666666666,44.53333333333333,44.53333333333333,35.0,55.00000000000001,85.0,37.165819017183104,10.994753330387134,13.83132105009426,12.339744636701713,82.49814275761432,1.1206546209734025,51.93333333333334,51.93333333333334,51.93039034202106,42.88977495866624,43.325332611743704,41.41631691528775,42.562652926268036,0.40983733333333333,0.4035281792383258,22.474794561533844,22.732968486147442,22.111209696010643,22.280713416432082,22.367780331872453,22.559268779977224,22.424293617758245,22.249328727214856,21.82773224985769,22.278701795890722,22.15157876284427,21.98359588903289,1.0,0.16666666666666666,0.0,0.0,0.0,21.98359588903289,22.278701795890722,22.474794561533844,16.189540106192858,20.533107356224985,30.065451994569354,2.3428719567624605e-16,1.4424683060136344e-16,1.4569904001791395e-16,9.22132193993161e-16,5.0353055937108834e-14,converged
2025-01-15T23:10:00+08:00,15.166666666666666,-6.361111111111112,0.0,3.163888888888889,52.06666666666666,52.06666666666666,44.53333333333333,44.53333333333333,35.0,55.00000000000001,85.0,37.165819017183104,10.994753330387134,13.83132105009426,12.339744636701713,82.49814275761432,1.1206546209734025,51.93333333333334,51.93333333333334,51.93333333333334,42.888915393530965,43.324474851094436,41.41677037743321,42.56222998220556,0.41029319444444445,0.4035884766139133,22.47222412934572,22.72987089799873,22.10777626088034,22.278960259691754,22.36469615772582,22.55562264921641,22.421314306485915,22.247089655090246,21.823047720038062,22.27401658390305,22.147575496902164,21.980346911894912,1.0,0.16666666666666666,0.0,0.0,0.0,21.980346911894912,22.27401658390305,22.47222412934572,16.189540106192858,20.533107356224985,30.065451994569354,2.3428719567624605e-16,0.0,1.4569904001791395e-16,1.4975649191828114e-15,2.413359325380134e-14,converged
2025-01-15T23:15:00+08:00,15.25,-6.388888888888888,0.0,3.1611111111111114,52.06666666666666,52.06666666666666,44.53333333333333,44.53333333333333,35.0,55.00000000000001,85.0,37.165819017183104,10.994753330387134,13.83132105009426,12.339744636701713,82.49814275761432,1.1206546209734025,51.93333333333334,51.93333333333334,51.93333333333334,42.88804285606599,43.32360407611454,41.41530082741937,42.561159881358556,0.4107490555555556,0.40363456300891765,22.469619046419194,22.7267418327549,22.104285176912644,22.277175499524766,22.36156422563188,22.551933393956944,22.41829162779743,22.244806744535733,21.81830571817209,22.269291842812475,22.143532271017808,21.97705734205886,1.0,0.16666666666666666,0.0,0.0,0.0,21.97705734205886,22.269291842812475,22.469619046419194,16.189540106192858,20.533107356224985,30.065451994569354,2.3428719567624605e-16,5.768352489891348e-16,1.4569904001791395e-16,9.286523220568911e-16,4.657595237240208e-14,converged
2025-01-15T23:20:00+08:00,15.333333333333334,-6.416666666666667,0.0,3.1583333333333337,52.06666666666666,52.06666666666666,44.53333333333333,44.53333333333333,35.0,55.00000000000001,85.0,37.165819017183104,10.994753330387134,13.83132105009426,12.339744636701713,82.49814275761432,1.1206546209734025,52.03494559716819,51.93333333333334,51.93333333333334,42.95773364236648,43.322720334970484,41.413815582441984,42.5809544714684,0.4112049166666667,0.404076663708554,22.46710235145474,22.72369785159176,22.100971158985086,22.275464606165368,22.35838472616376,22.548201177242753,22.41522573747176,22.242480145536433,21.813506558738684,22.264527719275918,22.139449226046892,21.97372731580867,1.0,0.16666666666666666,0.0,0.0,0.0,21.97372731580867,22.264527719275918,22.46710235145474,16.189540106192858,20.533107356224985,30.065451994569354,2.3428719567624605e-16,7.202551661762198e-16,1.4569904001791395e-16,2.7427922118070103e-15,4.4631389788991683e-14,converged
2025-01-15T23:25:00+08:00,15.416666666666666,-6.444444444444445,0.0,3.155555555555556,52.06666666666666,52.06666666666666,44.53333333333333,44.53333333333333,35.0,55.00000000000001,85.0,37.165819017183104,10.994753330387134,13.83132105009426,12.339744636701713,82.49814275761432,1.1206546209734025,52.06666666666666,52.05245047050066,51.93333333333334,42.9789245528057,43.40625315226724,41.412314708294296,42.617811930280986,0.41166077777777776,0.40480261604444306,22.46458918889242,22.7206585717246,22.097671894828473,22.273754875606773,22.35537564823253,22.544632516874913,22.412312844909874,22.240296740117756,21.808650554495966,22.259724359406196,22.135326502348608,21.970356968970727,1.0,0.16666666666666666,0.0,0.0,0.0,21.970356968970727,22.259724359406196,22.46458918889242,16.189540106192858,20.533107356224985,30.065451994569354,2.3428719567624605e-16,5.751707978791997e-16,1.4569904001791395e-16,3.881036782042426e-15,4.501007751703825e-14,converged
2025-01-15T23:30:00+08:00,15.5,-6.472222222222222,0.0,3.152777777777778,52.06666666666666,52.06666666666666,44.53333333333333,44.53333333333333,35.0,55.00000000000001,85.0,37.165819017183104,10.994753330387134,13.83132105009426,12.339744636701713,82.49814275761432,1.1206546209734025,52.06666666666666,52.06666666666666,51.93333333333334,42.97807777042628,43.41548213112173,41.41079827048014,42.62049252103252,0.4121166388888889,0.40491502137389246,22.46204122053305,22.717587665189818,22.09431431112145,22.272013440821507,22.35234445429124,22.541045020260544,22.409379702630872,22.238091553500748,21.803738016490687,22.254881908774024,22.13116423978739,21.966946436915396,1.0,0.16666666666666666,0.0,0.0,0.0,21.966946436915396,22.254881908774024,22.46204122053305,16.189540106192858,20.533107356224985,30.065451994569354,2.3428719567624605e-16,2.8750556457978047e-16,1.4569904001791395e-16,4.35552870761874e-15,4.132961501919942e-14,converged
2025-01-15T23:35:00+08:00,15.583333333333334,-6.5,0.0,3.1500000000000004,52.2,52.2,44.6,44.6,35.0,55.00000000000001,85.0,37.22145647080165,11.011212541959573,13.852026620528534,12.358217308313542,82.74532806559179,1.1256950390188694,52.06666666666666,52.06666666666666,52.06492388909328,42.98848201897321,43.425462533792754,41.50721561527523,42.659296985763056,0.4125725,0.4057319258728068,22.459467711855474,22.71449382735539,22.090916399391567,22.2702482883459,22.349278478331037,22.537426592822342,22.406414875266204,22.235853762496667,21.799118202815016,22.250234027858717,22.127184496356037,21.963707297280607,1.0,0.16666666666666666,0.0,0.0,0.0,21.963707297280607,22.250234027858717,22.459467711855474,16.16534049467388,20.502415118024352,30.020511109674633,1.1679365450009853e-16,4.303900472331697e-16,0.0,7.346544710584916e-15,4.496312162163327e-14,converged
2025-01-15T23:40:00+08:00,15.666666666666666,-6.527777777777778,0.0,3.147222222222222,52.2,52.2,44.6,44.6,35.0,55.00000000000001,85.0,37.22145647080165,11.011212541959573,13.852026620528534,12.358217308313542,82.74532806559179,1.1256950390188694,52.06666666666666,52.06666666666666,52.06666666666666,42.98761400595353,43.424597220374096,41.50689112103651,42.658610435770136,0.41302836111111113,0.4057864955761366,22.456859561571743,22.71136850371818,22.087460663268452,22.268451560760877,22.3461646731768,22.533764937676054,22.403406629651194,22.233572129539375,21.794444878262784,22.24554937247141,22.123167458733853,21.96043014979975,1.0,0.16666666666666666,0.0,0.0,0.0,21.96043014979975,22.24554937247141,22.456859561571743,16.16534049467388,20.502415118024352,30.020511109674633,1.1679365450009853e-16,7.172202814539704e-16,0.0,1.3569355835028e-15,4.5359343333485325e-14,converged
2025-01-15T23:45:00+08:00,15.75,-6.555555555555555,0.0,3.1444444444444444,52.2,52.2,44.6,44.6,35.0,55.00000000000001,85.0,37.22145647080165,11.011212541959573,13.852026620528534,12.358217308313542,82.74532806559179,1.1256950390188694,52.06666666666666,52.06666666666666,52.06666666666666,42.98673306760005,43.42371894078678,41.50542072057261,42.65753477447341,0.41348422222222225,0.40583289079501234,22.454216863485406,22.708211775054853,22.083947391846998,22.26662333136634,22.343003229707147,22.53006021827396,22.400355121764722,22.2312468046427,21.78971402385933,22.240825188267646,22.11911051163069,21.957112505690038,1.0,0.16666666666666666,0.0,0.0,0.0,21.957112505690038,22.240825188267646,22.454216863485406,16.16534049467388,20.502415118024352,30.020511109674633,1.1679365450009853e-16,0.0,0.0,5.082410483783639e-16,3.423441530510854e-14,converged
2025-01-15T23:50:00+08:00,15.833333333333334,-6.583333333333333,0.0,3.1416666666666666,52.2,52.2,44.6,44.6,35.0,55.00000000000001,85.0,37.22145647080165,11.011212541959573,13.852026620528534,12.358217308313542,82.74532806559179,1.1256950390188694,52.16892425347536,52.06666666666666,52.06666666666666,43.05690254204148,43.42282774302541,41.503934651451786,42.677467926132024,0.4139400833333333,0.40627791102029454,22.45166346769279,22.705140971393252,22.080612845783524,22.264869766084743,22.339794338038924,22.5263125974503,22.39726050702533,22.228877937307164,21.784925954442674,22.236061621923014,22.11501379574329,21.95375450093116,1.0,0.16666666666666666,0.0,0.0,0.0,21.95375450093116,22.236061621923014,22.45166346769279,16.16534049467388,20.502415118024352,30.020511109674633,1.1679365450009853e-16,4.2981165848241106e-16,0.0,9.743224745880665e-16,4.952691381552692e-14,converged
2025-01-15T23:55:00+08:00,15.916666666666666,-6.611111111111112,0.0,3.138888888888889,52.2,52.2,44.6,44.6,35.0,55.00000000000001,85.0,37.22145647080165,11.011212541959573,13.852026620528534,12.358217308313542,82.74532806559179,1.1256950390188694,52.2,52.186602263519354,52.06666666666666,43.077648824757205,43.506977198581744,41.50243297938286,42.71442306887969,0.41439594444444444,0.40700564028420483,22.449112934081654,22.70207420882106,22.07729169042755,22.263116802598976,22.336757533639393,22.522730058660255,22.394320387278963,22.22665373575726,21.78008098312785,22.23125881956884,22.11087745127238,21.950356271046207,1.0,0.16666666666666666,0.0,0.0,0.0,21.950356271046207,22.23125881956884,22.449112934081654,16.16534049467388,20.502415118024352,30.020511109674633,1.1679365450009853e-16,2.860287679198845e-16,0.0,3.833557098363038e-15,4.904370457790277e-14,converged
2025-01-16T00:00:00+08:00,16.0,-6.638888888888888,0.0,3.136111111111111,52.2,52.2,44.6,44.6,35.0,55.00000000000001,85.0,37.22145647080165,11.011212541959573,13.852026620528534,12.358217308313542,82.74532806559179,1.1256950390188694,52.2,52.2,52.06666666666666,43.076793716902145,43.51562374188518,41.50091576978543,42.71688418610762,0.41485180555555556,0.4071145426088217,22.446527696651806,22.698975890984638,22.073912326932415,22.261332235707712,22.333697237333652,22.519127327761094,22.39135877721709,22.224406617450573,21.775179421316338,22.226416926794222,22.106701617924426,21.946917951103206,1.0,0.16666666666666666,0.0,0.0,0.0,21.946917951103206,22.226416926794222,22.446527696651806,16.16534049467388,20.502415118024352,30.020511109674633,1.1679365450009853e-16,7.148806394935954e-16,0.0,1.098445167548082e-15,2.803147113160716e-14,converged
2025-01-16T00:05:00+08:00,16.083333333333332,-6.666666666666667,0.0,3.1333333333333333,52.333333333333336,52.333333333333336,44.666666666666664,44.666666666666664,35.0,55.00000000000001,85.0,37.277093924420186,11.027671753532008,13.872732190962807,12.376689979925372,82.9928831346881,1.1307505481250717,52.2,52.2,52.19945385343792,43.08721897302945,43.52562505698377,41.59820192973941,42.75599111092537,0.4153076666666667,0.4079382407229459,22.443917042448106,22.695854734864845,22.070492790218196,22.2595240690262,22.330602308788773,22.515493757323664,22.38836561438963,22.222127064763878,21.77057364947115,22.22177169767391,22.10271034074985,21.94365300914668,1.0,0.16666666666666666,0.0,0.0,0.0,21.94365300914668,22.222127064763878,22.443917042448106,16.141213120801236,20.47181449844521,29.975704376675118,1.1644527690291514e-16,7.134371714001624e-16,0.0,4.427598822645842e-15,3.546776065410426e-14,converged
2025-01-16T00:10:00+08:00,16.166666666666668,-6.694444444444444,0.0,3.1305555555555555,52.333333333333336,52.333333333333336,44.666666666666664,44.666666666666664,35.0,55.00000000000001,85.0,37.277093924420186,11.027671753532008,13.872732190962807,12.376689979925372,82.9928831346881,1.1307505481250717,52.2,52.2,52.2,43.08634274075723,43.52475242183529,41.59710087289853,42.75504157138147,0.41576352777777775,0.40798709011915385,22.44127184803392,22.69270216394542,22.067015539256516,22.257684427573526,22.327459667975365,22.511817017969552,22.385329136307394,22.219803813893098,21.765911333131413,22.217087701934542,22.098679926196592,21.94034835121454,1.0,0.16666666666666666,0.0,0.0,0.0,21.94034835121454,22.219803813893098,22.44127184803392,16.141213120801236,20.47181449844521,29.975704376675118,1.1644527690291514e-16,4.2801104978445045e-16,0.0,1.4024468782535688e-15,3.460633618264014e-14,converged
2025-01-16T00:15:00+08:00,16.25,-6.722222222222222,0.0,3.1277777777777778,52.333333333333336,52.333333333333336,44.666666666666664,44.666666666666664,35.0,55.00000000000001,85.0,37.277093924420186,11.027671753532008,13.872732190962807,12.376689979925372,82.9928831346881,1.1307505481250717,52.2,52.2,52.2,43.08545362928113,43.52386686778716,41.595629707014105,42.75396053089577,0.4162193888888889,0.40803378704909743,22.438592206948893,22.689518258830052,22.0634808626255,22.255813384425,22.324269505326487,22.508097272946806,22.382249498596483,22.217437014376674,21.76119143018845,22.21236417727615,22.0946096512399,21.937003290528256,1.0,0.16666666666666666,0.0,0.0,0.0,21.937003290528256,22.217437014376674,22.438592206948893,16.141213120801236,20.47181449844521,29.975704376675118,1.1644527690291514e-16,1.426540221936657e-16,0.0,2.1561835851191117e-15,3.7544692547485243e-14,converged
2025-01-16T00:20:00+08:00,16.333333333333332,-6.75,0.0,3.125,52.333333333333336,52.333333333333336,44.666666666666664,44.666666666666664,35.0,55.00000000000001,85.0,37.277093924420186,11.027671753532008,13.872732190962807,12.376689979925372,82.9928831346881,1.1307505481250717,52.3029009834453,52.2,52.2,43.156101073627944,43.522968442665395,41.59414289846857,42.77403214507427,0.41667525,0.40848171321100635,22.43600277866547,22.68642111648408,22.060126562905484,22.254017799460154,22.321032010515125,22.50433468488614,22.379126856323854,22.215026815241323,21.7564142558336,22.207601270394374,22.090499656422345,21.933617962770505,1.0,0.16666666666666666,0.0,0.0,0.0,21.933617962770505,22.215026815241323,22.43600277866547,16.141213120801236,20.47181449844521,29.975704376675118,1.1644527690291514e-16,9.974831509380116e-16,0.0,2.043975256578572e-15,4.4331299363787604e-14,converged
2025-01-16T00:25:00+08:00,16.416666666666668,-6.777777777777778,0.0,3.1222222222222222,52.333333333333336,52.333333333333336,44.666666666666664,44.666666666666664,35.0,55.00000000000001,85.0,37.277093924420186,11.027671753532008,13.872732190962807,12.376689979925372,82.9928831346881,1.1307505481250717,52.333333333333336,52.3207516133748,52.2,43.17640377508882,43.607733521083084,41.59264051288707,42.81108493147664,0.4171311111111111,0.40921120854712995,22.433415542469287,22.683327355607506,22.05678429064283,22.252222255434507,22.317968261661242,22.500738699194393,22.376160200267137,22.21276274756784,21.75158012353306,22.202799127440443,22.086350081790968,21.930192503168293,1.0,0.16666666666666666,0.0,0.0,0.0,21.930192503168293,22.21276274756784,22.433415542469287,16.141213120801236,20.47181449844521,29.975704376675118,1.1644527690291514e-16,9.957049510957967e-16,0.0,1.0679758384287234e-15,5.884139387456553e-14,converged
2025-01-16T00:30:00+08:00,16.5,-6.805555555555556,0.0,3.1194444444444445,52.333333333333336,52.333333333333336,44.666666666666664,44.666666666666664,35.0,55.00000000000001,85.0,37.277093924420186,11.027671753532008,13.872732190962807,12.376689979925372,82.9928831346881,1.1307505481250717,52.333333333333336,52.333333333333336,52.200647883288674,43.175540567063315,43.6157989779314,41.591543036003394,42.81346675923191,0.41758697222222224,0.4093198726601326,22.430793702643427,22.680202109640934,22.053383917801245,22.25039520733155,22.31487964566367,22.497121167466652,22.373170814213747,22.21047462764426,21.746690957194694,22.19795897297768,22.08216209190622,21.92672802269225,1.0,0.16666666666666666,0.0,0.0,0.0,21.92672802269225,22.21047462764426,22.430793702643427,16.141213120801236,20.47181449844521,29.975704376675118,1.1644527690291514e-16,8.532348141591238e-16,0.0,1.8777191344879423e-15,4.8458958179915287e-14,converged
2025-01-16T00:35:00+08:00,16.583333333333332,-6.833333333333333,0.0,3.1166666666666667,52.46666666666667,52.46666666666667,44.733333333333334,44.733333333333334,35.0,55.00000000000001,85.0,37.33273137803872,11.044130965104443,13.89343776139708,12.3951626515372,83.24080796490334,1.1358211708496502,52.333333333333336,52.333333333333336,52.333333333333336,43.18598694503857,43.62582131980899,41.6888559764427,42.85259664929062,0.4180428333333333,0.4101438203921993,22.428146567724287,22.677054117083532,22.049943522493166,22.248544675797504,22.311756543962034,22.493472885678063,22.370150005119953,22.208154240111337,21.742097417177945,22.193315413855778,22.07815864015114,21.923436947727048,1.0,0.16666666666666666,0.0,0.0,0.0,21.923436947727048,22.208154240111337,22.428146567724287,16.11715766160481,20.4413050878663,29.931031195785884,1.1609845571975586e-16,0.0,0.0,9.862235002682388e-16,3.172956212785436e-14,converged
2025-01-16T00:40:00+08:00,16.666666666666668,-6.861111111111111,0.0,3.113888888888889,52.46666666666667,52.46666666666667,44.733333333333334,44.733333333333334,35.0,55.00000000000001,85.0,37.33273137803872,11.044130965104443,13.89343776139708,12.3951626515372,83.24080796490334,1.1358211708496502,52.333333333333336,52.333333333333336,52.333333333333336,43.185102716768135,43.62494158843863,41.6873998110287,42.85152420075714,0.41849869444444443,0.4101902153247188,22.425464992210483,22.673874779506722,22.04644551927094,22.246662768344233,22.308585843828002,22.48978149214029,22.367085981309803,22.205790295020687,21.737445917553114,22.18863217806969,22.07411523482625,21.92010542588276,1.0,0.16666666666666666,0.0,0.0,0.0,21.92010542588276,22.205790295020687,22.425464992210483,16.11715766160481,20.4413050878663,29.931031195785884,1.1609845571975586e-16,8.514244183136619e-16,0.0,1.8257312017856647e-15,4.6490686889219766e-14,converged
2025-01-16T00:45:00+08:00,16.75,-6.888888888888889,0.0,3.111111111111111,52.46666666666667,52.46666666666667,44.733333333333334,44.733333333333334,35.0,55.00000000000001,85.0,37.33273137803872,11.044130965104443,13.89343776139708,12.3951626515372,83.24080796490334,1.1358211708496502,52.333333333333336,52.333333333333336,52.333333333333336,43.18420565457911,43.62404898456499,41.68592796281182,42.850437958063054,0.41895455555555555,0.4102372070030321,22.422749069382487,22.670664177344293,22.04289019621476,22.24474955782582,22.30536773526125,22.48604714990319,22.363978898065316,22.203382941445973,21.732736775596035,22.183909412883036,22.070032016821454,21.91673359300841,1.0,0.16666666666666666,0.0,0.0,0.0,21.91673359300841,22.203382941445973,22.422749069382487,16.11715766160481,20.4413050878663,29.931031195785884,1.1609845571975586e-16,2.8377562990300477e-16,0.0,7.061611554499929e-16,4.4336496459542454e-14,converged
2025-01-16T00:50:00+08:00,16.833333333333332,-6.916666666666667,0.0,3.1083333333333334,52.46666666666667,52.46666666666667,44.733333333333334,44.733333333333334,35.0,55.00000000000001,85.0,37.33273137803872,11.044130965104443,13.89343776139708,12.3951626515372,83.24080796490334,1.1358211708496502,52.43687579569054,52.333333333333336,52.333333333333336,43.255330347616066,43.623143555848635,41.684440497624394,42.87064793216482,0.4194104166666667,0.41068802568604773,22.42012426607651,22.667541172591562,22.039516893988008,22.242912596354117,22.302102407503025,22.482270021399973,22.360828910110552,22.200932327950664,21.727970306845748,22.179147265012865,22.06590912652983,21.91332158449674,1.0,0.16666666666666666,0.0,0.0,0.0,21.91332158449674,22.200932327950664,22.42012426607651,16.11715766160481,20.4413050878663,29.931031195785884,1.1609845571975586e-16,0.0,0.0,1.7614529501047029e-15,3.2887648683654085e-14,converged
2025-01-16T00:55:00+08:00,16.916666666666668,-6.944444444444444,0.0,3.1055555555555556,52.46666666666667,52.46666666666667,44.733333333333334,44.733333333333334,35.0,55.00000000000001,85.0,37.33273137803872,11.044130965104443,13.89343776139708,12.3951626515372,83.24080796490334,1.1358211708496502,52.46666666666667,52.45489853099023,52.333333333333336,43.27519050707361,43.708523239513916,41.682937481008736,42.907798318341094,0.41986627777777774,0.4114192764021253,22.417500984911637,22.66442089028698,22.036154255883456,22.241075115127742,22.29901247743689,22.478661010300478,22.35783639365453,22.198629305141417,21.72314682511401,22.174345880631666,22.06174670384939,21.909869535285754,1.0,0.16666666666666666,0.0,0.0,0.0,21.909869535285754,22.198629305141417,22.417500984911637,16.11715766160481,20.4413050878663,29.931031195785884,1.1609845571975586e-16,2.829602998794576e-16,0.0,1.76939849662488e-15,3.598783184967438e-14,converged
2025-01-16T01:00:00+08:00,17.0,-6.972222222222222,0.0,3.102777777777778,52.46666666666667,52.46666666666667,44.733333333333334,44.733333333333334,35.0,55.00000000000001,85.0,37.33273137803872,11.044130965104443,13.89343776139708,12.3951626515372,83.24080796490334,1.1358211708496502,52.46666666666667,52.46666666666667,52.33517250144571,43.274319418889746,43.71600895074679,41.682613214444345,42.91021878185891,0.42032213888888886,0.41153044381085924,22.41484319854551,22.6612691918563,22.032733621023905,22.239206227679666,22.295896305708002,22.475029101197837,22.35481990847812,22.196301094705802,21.71827122023703,22.169508469099164,22.05754779873182,21.906380351812988,1.0,0.16666666666666666,0.0,0.0,0.0,21.906380351812988,22.196301094705802,22.41484319854551,16.11715766160481,20.4413050878663,29.931031195785884,1.1609845571975586e-16,5.657677266785136e-16,0.0,1.7835962366033597e-15,2.9256125858240935e-14,converged
2025-01-16T01:05:00+08:00,17.083333333333332,-7.0,0.0,3.1,52.6,52.6,44.8,44.8,35.0,55.00000000000001,85.0,37.38836883165725,11.060590176676877,13.914143331831351,12.413635323149029,83.48910255623746,1.1409069297502428,52.46666666666667,52.46666666666667,52.46666666666667,43.28478702675308,43.7260524273511,41.77924489475112,42.94913662661088,0.420778,0.4123491435239324,22.412160236930667,22.658094837222084,22.029273110512026,22.23731397163829,22.29274579163776,22.47136652974088,22.351772127443397,22.19394078025717,21.713688365903547,22.1648657684297,22.05353168740914,21.903062956483343,1.0,0.16666666666666666,0.0,0.0,0.0,21.903062956483343,22.19394078025717,22.412160236930667,16.093173796036947,20.4108864791046,29.88649097079216,0.0,1.270449948662987e-15,0.0,2.6319554614486085e-16,4.9058209435027856e-14,converged
2025-01-16T01:10:00+08:00,17.166666666666668,-7.027777777777778,0.0,3.0972222222222223,52.6,52.6,44.8,44.8,35.0,55.00000000000001,85.0,37.38836883165725,11.060590176676877,13.914143331831351,12.413635323149029,83.48910255623746,1.1409069297502428,52.46666666666667,52.46666666666667,52.46666666666667,43.28389502049491,43.72516581986318,41.77778810271519,42.94805911010891,0.4212338611111111,0.4123958271703046,22.409442932585673,22.654889206144503,22.025755094720452,22.235390437063625,22.289547789955176,22.467660902115448,22.348681229826145,22.19153704579794,21.70904749688263,22.16018339022248,22.0494756690606,21.899705204174946,1.0,0.16666666666666666,0.0,0.0,0.0,21.899705204174946,22.19153704579794,22.409442932585673,16.093173796036947,20.4108864791046,29.88649097079216,0.0,1.411451258196891e-16,0.0,1.6551194262954852e-15,3.0966006263459284e-14,converged
2025-01-16T01:15:00+08:00,17.25,-7.055555555555556,0.0,3.0944444444444446,52.6,52.6,44.8,44.8,35.0,55.00000000000001,85.0,37.38836883165725,11.060590176676877,13.914143331831351,12.413635323149029,83.48910255623746,1.1409069297502428,52.46666666666667,52.46666666666667,52.46666666666667,43.28299022477952,43.724266385415476,41.7763156533495,42.94696783800592,0.42168972222222223,0.412443106781204,22.40669137853648,22.65165237889047,22.022179861249743,22.233435696591854,22.286302490238427,22.46391238117912,22.34554737057282,22.189090039947395,21.704348930794463,22.15546148176401,22.04537988443075,21.896307230452955,1.0,0.16666666666666666,0.0,0.0,0.0,21.896307230452955,22.189090039947395,22.40669137853648,16.093173796036947,20.4108864791046,29.88649097079216,0.0,4.233868377706639e-16,0.0,2.700953923735732e-15,3.092141292867847e-14,converged
2025-01-16T01:20:00+08:00,17.333333333333332,-7.083333333333333,0.0,3.091666666666667,52.6,52.6,44.8,44.8,35.0,55.00000000000001,85.0,37.38836883165725,11.060590176676877,13.914143331831351,12.413635323149029,83.48910255623746,1.1409069297502428,52.57084869877235,52.46666666666667,52.46666666666667,43.35459144243912,43.72335417150621,41.77482761240411,42.967316065963786,0.4221455833333333,0.4128968047400101,22.404031846978082,22.648503980584756,22.018788285019088,22.231557992848714,22.283010081308866,22.46012112917348,22.342370704073062,22.186599910816117,21.69959298352032,22.150700189794065,22.041244473767758,21.89286917042714,1.0,0.16666666666666666,0.0,0.0,0.0,21.89286917042714,22.186599910816117,22.404031846978082,16.093173796036947,20.4108864791046,29.88649097079216,0.0,1.2687648395609956e-15,0.0,9.240125692270218e-16,8.650757838215083e-14,converged
2025-01-16T01:25:00+08:00,17.416666666666668,-7.111111111111111,0.0,3.088888888888889,52.6,52.6,44.8,44.8,35.0,55.00000000000001,85.0,37.38836883165725,11.060590176676877,13.914143331831351,12.413635323149029,83.48910255623746,1.1409069297502428,52.6,52.58904302722387,52.46666666666667,43.37401009206268,43.80934744070821,41.77332404533933,43.004564004528966,0.4226014444444444,0.4136298003040898,22.401373167784033,22.645357646316647,22.01540600958883,22.229679208833954,22.27989471493891,22.4564995043564,22.339352988479952,22.18425882521848,21.69477996921207,22.145899660507705,22.037069576825164,21.889391158753423,1.0,0.16666666666666666,0.0,0.0,0.0,21.889391158753423,22.18425882521848,22.401373167784033,16.093173796036947,20.4108864791046,29.88649097079216,0.0,7.036202525866688e-16,0.0,6.136595334296103e-16,3.988989965708554e-14,converged
2025-01-16T01:30:00+08:00,17.5,-7.138888888888889,0.0,3.0861111111111112,52.6,52.6,44.8,44.8,35.0,55.00000000000001,85.0,37.38836883165725,11.060590176676877,13.914143331831351,12.413635323149029,83.48910255623746,1.1409069297502428,52.6,52.6,52.469693574112206,43.37313133857088,43.81625473904114,41.77377176625105,43.00702325733401,0.42305730555555554,0.41374345937520896,22.398680080084766,22.64217996369456,22.011965837602578,22.22776911500066,22.276751733163643,22.452853631552028,22.336310066439378,22.18189141678592,21.68991773642439,22.141065083271915,22.03286012440262,21.885877893014577,1.0,0.16666666666666666,0.0,0.0,0.0,21.885877893014577,22.18189141678592,22.398680080084766,16.093173796036947,20.4108864791046,29.88649097079216,0.0,8.441123540857861e-16,0.0,1.5815904779694074e-15,2.7975793291273335e-14,converged
2025-01-16T01:35:00+08:00,17.583333333333332,-7.166666666666667,0.0,3.0833333333333335,52.733333333333334,52.733333333333334,44.86666666666667,44.86666666666667,35.0,55.00000000000001,85.0,37.4440062852758,11.077049388249316,13.934848902265626,12.432107994760857,83.73776690869047,1.1460078473844906,52.6,52.6,52.6,43.383620278309444,43.826319452087326,41.869723243467156,43.045729475761156,0.42351316666666666,0.4145569168500438,22.395961935172725,22.638979713969217,22.008485932949284,22.22583576590981,22.27357454930805,22.449177182365446,22.33323597323026,22.17949206482318,21.68534538592035,22.136423336425963,22.028831724327205,21.882534800008706,1.0,0.16666666666666666,0.0,0.0,0.0,21.882534800008706,22.17949206482318,22.395961935172725,16.06926120495814,20.38055826739716,29.842083109022777,1.154094456343458e-16,2.808186695122622e-16,0.0,1.7287967981121843e-15,3.759249103947961e-14,converged
2025-01-16T01:40:00+08:00,17.666666666666668,-7.194444444444444,0.0,3.0805555555555557,52.733333333333334,52.733333333333334,44.86666666666667,44.86666666666667,35.0,55.00000000000001,85.0,37.4440062852758,11.077049388249316,13.934848902265626,12.432107994760857,83.73776690869047,1.1460078473844906,52.6,52.6,52.6,43.38272070696034,43.82542618330753,41.8682659044215,43.044647060652316,0.42396902777777773,0.4146038825152021,22.393209543671823,22.635748255190833,22.00494862206221,22.22387123422566,22.2703499857157,22.445457731040612,22.330118859219297,22.177049427380048,21.680714966620762,22.131741910807836,22.024763462468933,21.879151437852155,1.0,0.16666666666666666,0.0,0.0,0.0,21.879151437852155,22.177049427380048,22.393209543671823,16.06926120495814,20.38055826739716,29.842083109022777,1.154094456343458e-16,4.2118028823331003e-16,0.0,1.5901422884754362e-15,3.661403456020066e-14,converged
2025-01-16T01:45:00+08:00,17.75,-7.222222222222222,0.0,3.077777777777778,52.733333333333334,52.733333333333334,44.86666666666667,44.86666666666667,35.0,55.00000000000001,85.0,37.4440062852758,11.077049388249316,13.934848902265626,12.432107994760857,83.73776690869047,1.1460078473844906,52.6,52.6,52.6,43.381808389811624,43.82452013227793,41.86679293322413,43.04355092785618,0.42442488888888885,0.41465144338667537,22.390422998358073,22.632485667462426,22.001354192080008,22.221875592369777,22.267078231554873,22.4416954402486,22.32695887902572,22.174563652631598,21.676026796484816,22.127020953728223,22.020655479431497,21.87572794183305,1.0,0.16666666666666666,0.0,0.0,0.0,21.87572794183305,22.174563652631598,22.390422998358073,16.06926120495814,20.38055826739716,29.842083109022777,1.154094456343458e-16,4.211319784978075e-16,0.0,1.5899624075410682e-15,3.965494380622978e-14,converged
2025-01-16T01:50:00+08:00,17.833333333333332,-7.25,0.0,3.075,52.733333333333334,52.733333333333334,44.86666666666667,44.86666666666667,35.0,55.00000000000001,85.0,37.4440062852758,11.077049388249316,13.934848902265626,12.432107994760857,83.73776690869047,1.1460078473844906,52.70481970120112,52.6,52.6,43.453885405298145,43.82360134633747,41.86530439554364,43.064037300227916,0.42488075,0.4151080075429145,22.38772937478761,22.629312337144665,21.997945048364134,22.219957771769643,22.26375947523858,22.43789047204512,22.32375618671305,22.172034888245673,21.671281191730696,22.12226061195091,22.016507915322638,21.872264446785,1.0,0.25,0.0,0.0,0.0,21.872264446785,22.172034888245673,22.38772937478761,16.06926120495814,20.38055826739716,29.842083109022777,1.154094456343458e-16,4.2066878876661865e-16,0.0,1.430746263910095e-15,6.07657301539731e-14,converged
2025-01-16T01:55:00+08:00,17.916666666666668,-7.277777777777778,0.0,3.0722222222222224,52.733333333333334,52.733333333333334,44.86666666666667,44.86666666666667,35.0,55.00000000000001,85.0,37.4440062852758,11.077049388249316,13.934848902265626,12.432107994760857,83.73776690869047,1.1460078473844906,52.733333333333334,52.723185112869416,52.6,43.47286357030619,43.91020717938382,41.863800356759114,43.10138274038721,0.42533661111111115,0.41584273758016055,22.385035933994995,22.62614041307637,21.99454384223541,22.218038310571796,22.260619399567613,22.43425663561475,22.320713918904005,22.16965661393846,21.666478466845117,22.117461031694805,22.012320909755896,21.86876108708864,1.0,0.25,0.0,0.0,0.0,21.86876108708864,22.16965661393846,22.385035933994995,16.06926120495814,20.38055826739716,29.842083109022777,1.154094456343458e-16,2.799503545604036e-16,0.0,3.970481375219284e-15,5.2100031187269275e-14,converged
2025-01-16T02:00:00+08:00,18.0,-7.305555555555556,0.0,3.0694444444444446,52.733333333333334,52.733333333333334,44.86666666666667,44.86666666666667,35.0,55.00000000000001,85.0,37.4440062852758,11.077049388249316,13.934848902265626,12.432107994760857,83.73776690869047,1.1460078473844906,52.733333333333334,52.733333333333334,52.604211117092724,43.47197736132313,43.91653738953722,41.865018842745364,43.10388093168629,0.4257924722222223,0.4159588768379762,22.382308179688614,22.62293720725272,21.99108483623292,22.21608763452602,22.257450335581787,22.430597203218475,22.317645207955223,22.167250881805,21.66162942191728,22.112629377562,22.008101269851664,21.865224347165533,1.0,0.25,0.0,0.0,0.0,21.865224347165533,22.167250881805,22.382308179688614,16.06926120495814,20.38055826739716,29.842083109022777,1.154094456343458e-16,5.597443800786142e-16,0.0,7.504404336358386e-16,3.621314168336657e-14,converged
2025-01-16T02:05:00+08:00,18.083333333333332,-7.333333333333333,0.0,3.066666666666667,52.86666666666667,52.86666666666667,44.93333333333333,44.93333333333333,35.0,55.00000000000001,85.0,37.499643738894335,11.09350859982175,13.955554472699896,12.450580666372684,83.98680102226236,1.151123946310031,52.733333333333334,52.733333333333334,52.733333333333334,43.48248772904105,43.926623434674916,41.96029117071572,43.14237593771137,0.42624833333333334,0.41676709794603156,22.379555484423733,22.619711522157058,21.987586236826203,22.21411381507545,22.254247206744076,22.42690727871336,22.31454544808508,22.164813363570392,21.657067398482564,22.107988677344842,22.004060943746506,21.861856166548815,1.0,0.25,0.0,0.0,0.0,21.861856166548815,22.164813363570392,22.379555484423733,16.045419571122892,20.35032005038322,29.797807021323933,3.452017152681538e-16,5.5865888838475345e-16,0.0,7.533188229694749e-17,4.412838221780555e-14,converged
2025-01-16T02:10:00+08:00,18.166666666666668,-7.361111111111111,0.0,3.063888888888889,52.86666666666667,52.86666666666667,44.93333333333333,44.93333333333333,35.0,55.00000000000001,85.0,37.499643738894335,11.09350859982175,13.955554472699896,12.450580666372684,83.98680102226236,1.151123946310031,52.733333333333334,52.733333333333334,52.733333333333334,43.481580800510756,43.92572371427242,41.95883336243619,43.14128878935333,0.42670419444444446,0.41681433907614274,22.37676863701572,22.616454694231155,21.98403032675016,22.212108907545414,22.250996803170654,22.42317440458524,22.311402760891024,22.16233269142973,21.652447253088035,22.103308296769658,21.999980799828556,21.85844780257873,1.0,0.3333333333333333,0.0,0.0,0.0,21.85844780257873,22.16233269142973,22.37676863701572,16.045419571122892,20.35032005038322,29.797807021323933,3.452017152681538e-16,2.792977854000083e-16,0.0,2.001451972902272e-16,3.7243472917648747e-14,converged
2025-01-16T02:15:00+08:00,18.25,-7.388888888888889,0.0,3.0611111111111113,52.86666666666667,52.86666666666667,44.93333333333333,44.93333333333333,35.0,55.00000000000001,85.0,37.499643738894335,11.09350859982175,13.955554472699896,12.450580666372684,83.98680102226236,1.151123946310031,52.733333333333334,52.733333333333334,52.733333333333334,43.480661169054365,43.924811255515564,41.95735994689329,43.1401879605904,0.4271600555555556,0.4168621746769006,22.373947729995155,22.613166803417062,21.98041739269876,22.21007298414611,22.24769931363124,22.419398743324308,22.308217300673206,22.15980901312385,21.647769304026685,22.09858838317257,21.99586097856504,21.854999390273075,1.0,0.3333333333333333,0.0,0.0,0.0,21.854999390273075,22.15980901312385,22.373947729995155,16.045419571122892,20.35032005038322,29.797807021323933,3.452017152681538e-16,0.0,0.0,3.4236018207385145e-15,3.5089308539277454e-14,converged
2025-01-16T02:20:00+08:00,18.333333333333332,-7.416666666666667,0.0,3.0583333333333336,52.86666666666667,52.86666666666667,44.93333333333333,44.93333333333333,35.0,55.00000000000001,85.0,37.499643738894335,11.09350859982175,13.955554472699896,12.450580666372684,83.98680102226236,1.151123946310031,52.83878881143673,52.733333333333334,52.733333333333334,43.55321325296444,43.923886105586845,41.95587098967494,43.16081236465128,0.4276159166666667,0.4173215921160217,22.37122064028896,22.60996899542472,21.97699136667583,22.20811566340086,22.24435492614179,22.415580456806023,22.304989221177163,22.157242475887806,21.643033867848438,22.093829083342627,21.99170161992766,21.85151106419598,1.0,0.3333333333333333,0.0,0.0,0.0,21.85151106419598,22.157242475887806,22.37122064028896,16.045419571122892,20.35032005038322,29.797807021323933,3.452017152681538e-16,0.0,0.0,1.3887395661931971e-15,3.742930622863118e-14,converged
2025-01-16T02:25:00+08:00,18.416666666666668,-7.444444444444444,0.0,3.055555555555556,52.86666666666667,52.86666666666667,44.93333333333333,44.93333333333333,35.0,55.00000000000001,85.0,37.499643738894335,11.09350859982175,13.955554472699896,12.450580666372684,83.98680102226236,1.151123946310031,52.86666666666667,52.85732479865645,52.733333333333334,43.57175195175257,44.01110347891631,41.95436655607978,43.19825525229159,0.4280717777777778,0.41805804640561506,22.368493063984843,22.606771936527583,21.973571915227446,22.206156141936358,22.241190850685204,22.41193480149395,22.301923034033635,22.15482786904587,21.638241259369703,22.08903054352384,21.987502863394326,21.847982958459433,1.0,0.3333333333333333,0.0,0.0,0.0,21.847982958459433,22.15482786904587,22.368493063984843,16.045419571122892,20.35032005038322,29.797807021323933,3.452017152681538e-16,4.1770032712389582e-16,0.0,1.1062021216305135e-15,4.8314256904651545e-14,converged
2025-01-16T02:30:00+08:00,18.5,-7.472222222222222,0.0,3.0527777777777776,52.86666666666667,52.86666666666667,44.93333333333333,44.93333333333333,35.0,55.00000000000001,85.0,37.499643738894335,11.09350859982175,13.955554472699896,12.450580666372684,83.98680102226236,1.151123946310031,52.86666666666667,52.86666666666667,52.73872514609803,43.57085849218572,44.016857917741945,41.956354585218286,43.200792527070014,0.4285276388888889,0.41817665452902114,22.36573126748119,22.603543661318216,21.97009475717573,22.204165499181574,22.237996414892137,22.408262204264677,22.29882916813008,22.152384669651937,21.633405223056123,22.084201898798177,21.98327338789494,21.84442334003251,1.0,0.3333333333333333,0.0,0.0,0.0,21.84442334003251,22.152384669651937,22.36573126748119,16.045419571122892,20.35032005038322,29.797807021323933,3.452017152681538e-16,1.3919395136733498e-16,0.0,3.1018600841198113e-16,4.3978092540545215e-14,converged
2025-01-16T02:35:00+08:00,18.583333333333332,-7.5,0.0,3.0500000000000003,53.0,53.0,45.0,45.0,35.0,55.00000000000001,85.0,37.55528119251288,11.109967811394187,13.976260043134172,12.469053337984517,84.23620489695314,1.1562552490845048,52.86666666666667,52.86666666666667,52.86666666666667,43.58139037826932,44.02696538471827,42.05094881463147,43.23907672967973,0.4289835,0.4189796452299502,22.3629446445182,22.600292993416776,21.966578141363513,22.202151823410638,22.234768048510563,22.404559197536134,22.295704373158504,22.14990983859062,21.628853354866507,22.079562335507216,21.979221490558494,21.841030669494234,1.0,0.3333333333333333,0.0,0.0,0.0,21.841030669494234,22.14990983859062,22.3629446445182,16.02164857916567,20.320171428086358,29.753662122033074,1.147265510051437e-16,1.2503446269655646e-15,0.0,2.5200571919194835e-15,4.424703260241834e-14,converged
2025-01-16T02:40:00+08:00,18.666666666666668,-7.527777777777778,0.0,3.0472222222222225,53.0,53.0,45.0,45.0,35.0,55.00000000000001,85.0,37.55528119251288,11.109967811394187,13.976260043134172,12.469053337984517,84.23620489695314,1.1562552490845048,52.86666666666667,52.86666666666667,52.86666666666667,43.58047629560384,44.02605941732518,42.04949061309262,43.23798500951867,0.42943936111111114,0.4190271554094204,22.360123962189476,22.59701124775829,21.963004307068953,22.200107152667435,22.23149250958812,22.40081329221956,22.292536742087506,22.147391982301563,21.6242433124701,22.07488308993015,21.975129818133794,21.83759789940985,1.0,0.3333333333333333,0.0,0.0,0.0,21.83759789940985,22.147391982301563,22.360123962189476,16.02164857916567,20.320171428086358,29.753662122033074,1.147265510051437e-16,1.1112914313459084e-15,0.0,2.382761241632213e-15,2.943558081966571e-14,converged
2025-01-16T02:45:00+08:00,18.75,-7.555555555555556,0.0,3.0444444444444443,53.0,53.0,45.0,45.0,35.0,55.00000000000001,85.0,37.55528119251288,11.109967811394187,13.976260043134172,12.469053337984517,84.23620489695314,1.1562552490845048,52.86666666666667,52.86666666666667,52.86666666666667,43.57954955212083,44.02514075467699,42.04801682889435,43.2368796456181,0.42989522222222226,0.41907525934591305,22.3572693127846,22.59369850412674,21.95937354055804,22.198031558953993,22.228169986507016,22.397024650629795,22.289326428906158,22.14483124810116,21.61957541448864,22.070164309429753,21.970998510955916,21.834125164533393,1.0,0.3333333333333333,0.0,0.0,0.0,21.834125164533393,22.14483124810116,22.3572693127846,16.02164857916567,20.320171428086358,29.753662122033074,1.147265510051437e-16,5.555819353718673e-16,0.0,1.8344970254453485e-15,3.171840970353656e-14,converged
2025-01-16T02:50:00+08:00,18.833333333333332,-7.583333333333333,0.0,3.0416666666666665,53.0,53.0,45.0,45.0,35.0,55.00000000000001,85.0,37.55528119251288,11.109967811394187,13.976260043134172,12.469053337984517,84.23620489695314,1.1562552490845048,52.97275603788892,52.86666666666667,52.86666666666667,43.65257597256063,44.02420944380275,42.046527527544626,43.257641965451235,0.43035108333333333,0.41953751731408634,22.35450937261817,22.5904766657016,21.95593129669064,22.196035346189824,22.224800666897167,22.393193434467534,22.28607358704996,22.142227782801392,21.614849977798773,22.06540614082156,21.966827708864805,21.830612599166052,1.0,0.3333333333333333,0.0,0.0,0.0,21.830612599166052,22.142227782801392,22.35450937261817,16.02164857916567,20.320171428086358,29.753662122033074,1.147265510051437e-16,4.1622733494337507e-16,0.0,3.3185705956803137e-15,6.722239625195276e-14,converged
2025-01-16T02:55:00+08:00,18.916666666666668,-7.611111111111111,0.0,3.038888888888889,53.0,53.0,45.0,45.0,35.0,55.00000000000001,85.0,37.55528119251288,11.109967811394187,13.976260043134172,12.469053337984517,84.23620489695314,1.1562552490845048,53.0,52.99146209525103,52.86666666666667,43.67067621682627,44.11203733209521,42.045022774262435,43.29518224323058,0.43080694444444445,0.42027568578619195,22.351748276708868,22.587254919862513,21.952494264674925,22.19403637280289,22.22161328409147,22.389536343841087,22.28298409970886,22.139777682053033,21.610067317541596,22.06060873037589,21.96261755120702,21.827060337157704,1.0,0.3333333333333333,0.0,0.0,0.0,21.827060337157704,22.139777682053033,22.351748276708868,16.02164857916567,20.320171428086358,29.753662122033074,1.147265510051437e-16,6.924937949310676e-16,0.0,1.5343425092035092e-15,4.0615150141422626e-14,converged
2025-01-16T03:00:00+08:00,19.0,-7.638888888888889,0.0,3.036111111111111,53.0,53.0,45.0,45.0,35.0,55.00000000000001,85.0,37.55528119251288,11.109967811394187,13.976260043134172,12.469053337984517,84.23620489695314,1.1562552490845048,53.0,53.0,52.873235676745786,43.66977570679516,44.117217308699736,42.04777912514734,43.29775874234634,0.4312628055555556,0.4203967516056544,22.34895305226398,22.58400202201658,21.948999616016458,22.192006370289718,22.218394169869008,22.38585096739459,22.279865699095616,22.13729785433971,21.6052441154268,22.05578317891619,21.958378584226647,21.823478423748732,1.0,0.3333333333333333,0.0,0.0,0.0,21.823478423748732,22.13729785433971,22.34895305226398,16.02164857916567,20.320171428086358,29.753662122033074,1.147265510051437e-16,2.769177482516233e-16,0.0,3.2315910661506427e-15,4.383310145759344e-14,converged
2025-01-16T03:05:00+08:00,19.083333333333332,-7.666666666666667,0.0,3.033333333333333,53.13333333333333,53.13333333333333,45.06666666666667,45.06666666666667,35.0,55.00000000000001,85.0,37.61091864613142,11.126427022966624,13.996965613568447,12.487526009596348,84.48597853276286,1.1614017782655517,53.0,53.0,53.0,43.68032919607369,44.1273462815183,42.14169630357534,43.33583254571121,0.4317186666666667,0.4211945179448513,22.346133114129977,22.58072681682467,21.945465641722542,22.18995344370351,22.21514125642234,22.38213526242877,22.27671648692158,22.1347865464549,21.60070223544108,22.051144840397626,21.954315462696755,21.82006184884412,1.0,0.3333333333333333,0.0,0.0,0.0,21.82006184884412,22.1347865464549,22.346133114129977,15.997947915587023,20.290112002896876,29.709647828953145,1.1438737439541372e-16,5.527865006171687e-16,0.0,5.431337411242058e-16,3.459571076289602e-14,converged
2025-01-16T03:10:00+08:00,19.166666666666668,-7.694444444444444,0.0,3.0305555555555554,53.13333333333333,53.13333333333333,45.06666666666667,45.06666666666667,35.0,55.00000000000001,85.0,37.61091864613142,11.126427022966624,13.996965613568447,12.487526009596348,84.48597853276286,1.1614017782655517,53.0,53.0,53.0,43.679408157575395,44.12643426684616,42.14023778298494,43.334736411372205,0.43217452777777776,0.42124229089339627,22.343279207766102,22.577420597816968,21.94187453785675,22.187869613864873,22.21184126989016,22.37837670846359,22.273524527667497,22.132232339183325,21.596102129893143,22.04646681733164,21.950212607584493,21.816605256250522,1.0,0.3333333333333333,0.0,0.0,0.0,21.816605256250522,22.132232339183325,22.343279207766102,15.997947915587023,20.290112002896876,29.709647828953145,1.1438737439541372e-16,0.0,0.0,1.3417097219052231e-16,3.597513335072742e-14,converged
2025-01-16T03:15:00+08:00,19.25,-7.722222222222222,0.0,3.0277777777777777,53.13333333333333,53.13333333333333,45.06666666666667,45.06666666666667,35.0,55.00000000000001,85.0,37.61091864613142,11.126427022966624,13.996965613568447,12.487526009596348,84.48597853276286,1.1614017782655517,53.0,53.0,53.0,43.67847449962177,44.125509599240125,42.138763704059826,43.33362666935603,0.4326303888888889,0.4212906569068949,22.34039142522531,22.574083444622232,21.93822659027329,22.185754952570818,22.208494398277985,22.37457546764392,22.27028997501916,22.129635379426496,21.591444117728567,22.041749257108854,21.946070159097,21.813108780464642,1.0,0.3333333333333333,0.0,0.0,0.0,21.813108780464642,22.129635379426496,22.34039142522531,15.997947915587023,20.290112002896876,29.709647828953145,1.1438737439541372e-16,1.381650885420212e-16,0.0,1.384146919499948e-16,2.1972575430133767e-14,converged
2025-01-16T03:20:00+08:00,19.333333333333332,-7.75,0.0,3.025,53.13333333333333,53.13333333333333,45.06666666666667,45.06666666666667,35.0,55.00000000000001,85.0,37.61091864613142,11.126427022966624,13.996965613568447,12.487526009596348,84.48597853276286,1.1614017782655517,53.10672138891768,53.0,53.0,43.751974522321035,44.12457232557858,42.137274132228804,43.354526785940564,0.43308625,0.4217557428079906,22.33759924023401,22.57083801601661,21.934768772915284,22.1837204474436,22.20510082884044,22.370731701501047,22.267012982109822,22.126995813582887,21.58672851614582,22.03699230657247,21.941888256946665,21.809572555531144,1.0,0.3333333333333333,0.0,0.0,0.0,21.809572555531144,22.126995813582887,22.33759924023401,15.997947915587023,20.290112002896876,29.709647828953145,1.1438737439541372e-16,2.76025457417267e-16,0.0,9.282935059556862e-16,5.44389706193842e-14,converged
2025-01-16T03:25:00+08:00,19.416666666666668,-7.777777777777778,0.0,3.022222222222222,53.13333333333333,53.13333333333333,45.06666666666667,45.06666666666667,35.0,55.00000000000001,85.0,37.61091864613142,11.126427022966624,13.996965613568447,12.487526009596348,84.48597853276286,1.1614017782655517,53.13333333333333,53.12559701325608,53.0,43.769637317184966,44.213009701862255,42.13576913263196,43.392164393375275,0.43354211111111113,0.42249561554078907,22.334805230605394,22.56759202414398,21.931314805062016,22.181682622021366,22.20189081444237,22.367063550167256,22.263900800252532,22.124511040360222,21.58195564060583,22.0321961120203,21.937667040352874,21.805996715044184,1.0,0.3333333333333333,0.0,0.0,0.0,21.805996715044184,22.124511040360222,22.334805230605394,15.997947915587023,20.290112002896876,29.709647828953145,1.1438737439541372e-16,2.7554208267445487e-16,0.0,8.1512740715642225e-16,5.571584385785266e-14,converged
2025-01-16T03:30:00+08:00,19.5,-7.805555555555556,0.0,3.0194444444444444,53.13333333333333,53.13333333333333,45.06666666666667,45.06666666666667,35.0,55.00000000000001,85.0,37.61091864613142,11.126427022966624,13.996965613568447,12.487526009596348,84.48597853276286,1.1614017782655517,53.13333333333333,53.13333333333333,53.00774272456125,43.76872995213916,44.2176165177282,42.139292584410214,43.39478025365108,0.43399797222222225,0.42261912803540047,22.33197718248138,22.56431494344963,21.927803307315695,22.179613858262424,22.198647698540487,22.363365771179403,22.260758471754407,22.12199540611853,21.577145102955527,22.027373735295637,21.933418918394416,21.802393078254273,1.0,0.3333333333333333,0.0,0.0,0.0,21.802393078254273,22.12199540611853,22.33197718248138,15.997947915587023,20.290112002896876,29.709647828953145,1.1438737439541372e-16,4.1319233124198536e-16,0.0,1.850332666725247e-15,3.586226648864684e-14,converged
2025-01-16T03:35:00+08:00,19.583333333333332,-7.833333333333333,0.0,3.0166666666666666,53.266666666666666,53.266666666666666,45.13333333333333,45.13333333333333,35.0,55.00000000000001,85.0,37.66655609974995,11.14288623453906,14.017671184002717,12.505998681208174,84.73612192969141,1.1665635564108088,53.13333333333333,53.13333333333333,53.13333333333335,43.779305124041294,44.227767074804326,42.23253375634757,43.43264405724251,0.4344538333333333,0.42341167614160075,22.329124531735307,22.561015639538798,21.924252612637865,22.1775222779464,22.195370911944128,22.359637743056016,22.257585446903384,22.119448440319665,21.572613048767444,22.0227367069999,21.929344912108938,21.79895317264184,1.0,0.3333333333333333,0.0,0.0,0.0,21.79895317264184,22.119448440319665,22.329124531735307,15.974317268739776,20.26014137955434,29.665763563326927,0.0,5.4989188247138585e-16,1.1427896862777896e-16,1.5404341771907357e-15,4.434252290980382e-14,converged
2025-01-16T03:40:00+08:00,19.666666666666668,-7.861111111111111,0.0,3.013888888888889,53.266666666666666,53.266666666666666,45.13333333333333,45.13333333333333,35.0,55.00000000000001,85.0,37.66655609974995,11.14288623453906,14.017671184002717,12.505998681208174,84.73612192969141,1.1665635564108088,53.13333333333333,53.13333333333333,53.13333333333335,43.77837732338571,44.22684920775808,42.23107498918053,43.43154366261774,0.43490969444444444,0.42345970571137953,22.326238002280082,22.55768538463889,21.920644874120118,22.17539988472945,22.192047149043344,22.35586691410884,22.254369761833868,22.11685869819517,21.568022718528344,22.018059991570993,21.92523121255464,21.795473329286555,1.0,0.3333333333333333,0.0,0.0,0.0,21.795473329286555,22.11685869819517,22.326238002280082,15.974317268739776,20.26014137955434,29.665763563326927,0.0,2.7491475636711665e-16,1.1427896862777896e-16,1.3495829213046215e-15,4.569649694205624e-14,converged
2025-01-16T03:45:00+08:00,19.75,-7.888888888888889,0.0,3.011111111111111,53.266666666666666,53.266666666666666,45.13333333333333,45.13333333333333,35.0,55.00000000000001,85.0,37.66655609974995,11.14288623453906,14.017671184002717,12.505998681208174,84.73612192969141,1.1665635564108088,53.13333333333333,53.13333333333333,53.13333333333335,43.7774369439088,44.22591872933872,42.22960068772936,43.43042969578871,0.43536555555555556,0.4235083276751206,22.323317685936328,22.554324258226238,21.916980377220593,22.17324675020667,22.18867659747747,22.35205344631803,22.25111156993601,22.11422632624106,21.56337443150285,22.01334373642853,21.92107795981483,21.791953682434087,1.0,0.3333333333333333,0.0,0.0,0.0,21.791953682434087,22.11422632624106,22.323317685936328,15.974317268739776,20.26014137955434,29.665763563326927,0.0,5.497663881416693e-16,1.1427896862777896e-16,1.2138515469604463e-15,3.7207043487703595e-14,converged
2025-01-16T03:50:00+08:00,19.833333333333332,-7.916666666666667,0.0,3.0083333333333333,53.266666666666666,53.266666666666666,45.13333333333333,45.13333333333333,35.0,55.00000000000001,85.0,37.66655609974995,11.14288623453906,14.017671184002717,12.505998681208174,84.73612192969141,1.1665635564108088,53.24068487283361,53.13333333333333,53.13333333333335,43.851409832331655,44.224975686276736,42.22811091734447,43.45146748708595,0.4358214166666667,0.4239762290677525,22.32049385187358,22.55105567280763,21.91350761120638,22.171174544015773,22.185259444136364,22.34819750105072,22.24781102404844,22.111551470451648,21.558668505206505,22.008588088444544,21.916885293478458,21.78839436587887,1.0,0.3333333333333333,0.0,0.0,0.0,21.78839436587887,22.111551470451648,22.32049385187358,15.974317268739776,20.26014137955434,29.665763563326927,0.0,0.0,1.1427896862777896e-16,1.5943393205726266e-15,8.485356069436356e-14,converged
2025-01-16T03:55:00+08:00,19.916666666666668,-7.944444444444444,0.0,3.0055555555555555,53.266666666666666,53.266666666666666,45.13333333333333,45.13333333333333,35.0,55.00000000000001,85.0,37.66655609974995,11.14288623453906,14.017671184002717,12.505998681208174,84.73612192969141,1.1665635564108088,53.266666666666666,53.25972956321189,53.13333333333335,43.86863617645641,44.314021522032704,42.226605743087774,43.48920236063579,0.43627727777777775,0.4247177962845345,22.3176675245489,22.54778586893584,21.91003733280921,22.169098458101885,22.182027457612786,22.344518654855758,22.244676740183856,22.10903282933409,21.55390525541534,22.00379319394549,21.912653352641833,21.784795512965587,1.0,0.3333333333333333,0.0,0.0,0.0,21.784795512965587,22.10903282933409,22.3176675245489,15.974317268739776,20.26014137955434,29.665763563326927,0.0,1.0964016374669997e-15,1.1427896862777896e-16,3.766804846334558e-16,4.326051628363059e-14,converged
2025-01-16T04:00:00+08:00,20.0,-7.972222222222222,0.0,3.0027777777777778,53.266666666666666,53.266666666666666,45.13333333333333,45.13333333333333,35.0,55.00000000000001,85.0,37.66655609974995,11.14288623453906,14.017671184002717,12.505998681208174,84.73612192969141,1.1665635564108088,53.266666666666666,53.266666666666666,53.14224630497795,43.867722147290486,44.31805647113677,42.23089507549492,43.491857714948935,0.43673313888888887,0.42484374457913043,22.314807247171363,22.544485038324414,21.906509608153883,22.16699152328516,22.17876100054206,22.340808841261303,22.241511077487484,22.10648219354736,21.549107217032162,21.99897407108955,21.90839640475473,21.781170712708672,1.0,0.4166666666666667,0.0,0.0,0.0,21.781170712708672,22.10648219354736,22.314807247171363,15.974317268739776,20.26014137955434,29.665763563326927,0.0,1.3700957506419347e-16,1.1427896862777896e-16,2.4722708061888296e-15,4.384033992157022e-14,converged
2025-01-16T04:05:00+08:00,20.083333333333332,-8.0,0.0,3.0,53.4,53.4,45.2,45.2,35.0,55.00000000000001,85.0,37.72219355336849,11.159345446111494,14.03837675443699,12.524471352820004,84.98663508773885,1.1717406060779176,53.266666666666666,53.266666666666666,53.266666666666666,43.87831907599643,44.32822868544891,42.32346128239695,43.52951191365326,0.437189,0.42563108066206495,22.311922476561037,22.54116206742638,21.902942811944637,22.164861878018293,22.17546099853504,22.337068856351696,22.238314831392604,22.103900371991404,21.544584830727,21.99433843612556,21.90431184570891,21.777708038383057,1.0,0.4166666666666667,0.0,0.0,0.0,21.777708038383057,22.103900371991404,22.311922476561037,15.950756328815379,20.23025916513022,29.62200874981169,2.2742703597131336e-16,9.572929349061674e-16,0.0,1.2710937857921069e-15,3.01077134187804e-14,converged
2025-01-16T04:10:00+08:00,20.166666666666668,-8.0,0.41666666666666075,3.0,53.4,53.4,45.2,45.2,35.0,55.00000000000001,85.0,37.72219355336849,11.159345446111494,14.03837675443699,12.524471352820004,84.98663508773885,1.1717406060779176,53.266666666666666,53.266666666666666,53.266666666666666,43.877395837913774,44.32731615206504,42.32201672000218,43.52841956995354,0.437015175,0.4256788292540471,22.309066330429268,22.53787391222915,21.89941506348842,22.162752639827275,22.17219497097934,22.33336929294191,22.23515129081479,22.10134284302531,21.54010799975404,21.98974628957112,21.90026291603382,21.77427245508938,1.0,0.4166666666666667,0.0,0.0,0.0,21.77427245508938,22.10134284302531,22.309066330429268,15.950756328815379,20.23025916513022,29.62200874981169,2.2742703597131336e-16,1.3674079355900692e-16,0.0,4.145878625916531e-15,2.9494015574783164e-14,converged
2025-01-16T04:15:00+08:00,20.25,-8.0,0.8333333333333393,3.0,53.4,53.4,45.2,45.2,35.0,55.00000000000001,85.0,37.72219355336849,11.159345446111494,14.03837675443699,12.524471352820004,84.98663508773885,1.1717406060779176,53.266666666666666,53.266666666666666,53.266666666666666,43.87648227575927,44.32641298530321,42.32058532784406,43.52733794724873,0.43684134999999996,0.4257261092092693,22.306238731187197,22.534620483322566,21.895926167360443,22.1606637612901,22.168962782154754,22.32970999803981,22.232020338144533,22.098809523445272,21.535676474505824,21.98519746986539,21.896249489971726,21.770863871752606,1.0,0.4166666666666667,0.0,0.0,0.0,21.770863871752606,22.098809523445272,22.306238731187197,15.950756328815379,20.23025916513022,29.62200874981169,2.2742703597131336e-16,6.836280375378027e-16,0.0,1.1359348039556217e-15,4.077195019616577e-14,converged
2025-01-16T04:20:00+08:00,20.333333333333332,-8.0,1.25,3.0,53.4,53.4,45.2,45.2,35.0,55.00000000000001,85.0,37.72219355336849,11.159345446111494,14.03837675443699,12.524471352820004,84.98663508773885,1.1717406060779176,53.37464649789826,53.266666666666666,53.266666666666666,43.95098277223357,44.32551915026304,42.31916705098139,43.54857387070963,0.436667525,0.4261941656214428,22.30357057276317,22.53152577678135,21.892725646308573,22.15870747383664,22.165764296883236,22.326090819232316,22.228921856195235,22.09630033033246,21.53129000674255,21.980691816047745,21.89227144220877,21.76748219760388,1.0,0.4166666666666667,0.0,0.0,0.0,21.76748219760388,22.09630033033246,22.30357057276317,15.950756328815379,20.23025916513022,29.62200874981169,2.2742703597131336e-16,2.73150904487834e-16,0.0,2.2176300912587978e-16,3.9806356989218274e-14,converged
2025-01-16T04:25:00+08:00,20.416666666666668,-8.0,1.6666666666666607,3.0,53.4,53.4,45.2,45.2,35.0,55.00000000000001,85.0,37.72219355336849,11.159345446111494,14.03837675443699,12.524471352820004,84.98663508773885,1.1717406060779176,53.4,53.39385975559652,53.266666666666666,43.967851185743086,44.415248978733544,42.31776183471293,43.58649059468641,0.4364937,0.42693371742590613,22.300961161827928,22.528494397327208,21.88962082616627,22.156797522837035,22.162832475267223,22.322732453456627,22.22606555350034,22.094015031012447,21.526948349584583,21.976229167755523,21.888328647873397,21.764127342179492,1.0,0.4166666666666667,0.0,0.0,0.0,21.764127342179492,22.094015031012447,22.300961161827928,15.950756328815379,20.23025916513022,29.62200874981169,2.2742703597131336e-16,6.816943536858187e-16,0.0,1.883257844679038e-15,4.6313662108543806e-14,converged
2025-01-16T04:30:00+08:00,20.5,-8.0,2.0833333333333393,3.0,53.4,53.4,45.2,45.2,35.0,55.00000000000001,85.0,37.72219355336849,11.159345446111494,14.03837675443699,12.524471352820004,84.98663508773885,1.1717406060779176,53.4,53.4,53.276746433338346,43.96703017000123,44.41881160449924,42.32294421246562,43.58929419692145,0.436319875,0.42705734257177186,22.29837962898761,22.525497084738316,21.886552741695823,22.15490746838728,22.159944387445375,22.3194237060527,22.223250844960187,22.091762639886227,21.522676394053015,21.971826189194044,21.88443696542084,21.76081443721295,1.0,0.4166666666666667,0.0,0.0,0.0,21.76081443721295,22.091762639886227,22.29837962898761,15.950756328815379,20.23025916513022,29.62200874981169,2.2742703597131336e-16,2.725988063473464e-16,0.0,1.433127117722192e-15,2.6615995235807825e-14,converged
2025-01-16T04:35:00+08:00,20.583333333333332,-8.0,2.5,3.0,53.4,53.4,45.2,45.2,35.0,55.00000000000001,85.0,37.72219355336849,11.159345446111494,14.03837675443699,12.524471352820004,84.98663508773885,1.1717406060779176,53.4,53.4,53.4,43.966218436880226,44.418010309894555,42.40200334973844,43.61500496617247,0.43614605,0.42772227782782757,22.29582589867649,22.522533751527607,21.88352120904387,22.153037264251726,22.1570886285713,22.316153747949166,22.220467469922482,22.08953341302778,21.51875514397052,21.9676711728263,21.88077532227971,21.757713937284382,1.0,0.4166666666666667,0.0,0.0,0.0,21.757713937284382,22.08953341302778,22.29582589867649,15.950756328815379,20.23025916513022,29.62200874981169,2.2742703597131336e-16,4.0826253808246525e-16,0.0,2.721750253883101e-16,3.056427204450541e-14,converged
2025-01-16T04:40:00+08:00,20.666666666666668,-8.0,2.9166666666666607,3.0,53.4,53.4,45.2,45.2,35.0,55.00000000000001,85.0,37.72219355336849,11.159345446111494,14.03837675443699,12.524471352820004,84.98663508773885,1.1717406060779176,53.4,53.4,53.4,43.965415952120274,44.41721796839494,42.400721385908575,43.61404706025555,0.435972225,0.42776414986754874,22.293299895533668,22.519604310432694,21.880526045277186,22.151186864302172,22.154265069498205,22.312922432331632,22.217715315711494,22.08732727109788,21.514876155465696,21.96355785935462,21.877147815781676,21.754639310824473,1.0,0.4166666666666667,0.0,0.0,0.0,21.754639310824473,22.08732727109788,22.293299895533668,15.950756328815379,20.23025916513022,29.62200874981169,2.2742703597131336e-16,0.0,0.0,8.164451499475666e-16,3.1315990945697953e-14,converged
2025-01-16T04:45:00+08:00,20.75,-8.0,3.3333333333333393,3.0,53.4,53.4,45.2,45.2,35.0,55.00000000000001,85.0,37.72219355336849,11.159345446111494,14.03837675443699,12.524471352820004,84.98663508773885,1.1717406060779176,53.4,53.4,53.4,43.96462268160194,44.416434546642336,42.39945190821634,43.61309934531406,0.43579840000000003,0.4278055764387536,22.29080154440252,22.516708674415284,21.877567068378085,22.14935622251761,22.151473581595198,22.309729612941386,22.21499427005667,22.085144135029047,21.511039196978277,21.95948609385141,21.87355432543775,21.751590470851408,1.0,0.4166666666666667,0.0,0.0,0.0,21.751590470851408,22.085144135029047,22.29080154440252,15.950756328815379,20.23025916513022,29.62200874981169,2.2742703597131336e-16,8.163660894467183e-16,0.0,0.0,3.7316327756487295e-14,converged
2025-01-16T04:50:00+08:00,20.833333333333332,-8.0,3.75,3.0,53.4,53.4,45.2,45.2,35.0,55.00000000000001,85.0,37.72219355336849,11.159345446111494,14.03837675443699,12.524471352820004,84.98663508773885,1.1717406060779176,53.4,53.4,53.4,43.96383859134546,44.415660011403325,42.39819486473766,43.61216178168813,0.435624575,0.42784655927505577,22.28833077033013,22.513846756660605,21.874644097239834,22.147545292983978,22.148714036745247,22.306575144073285,22.21230422109119,22.082983926024607,21.507244038216765,21.95545572196464,21.869994731184214,21.748567330675794,1.0,0.4166666666666667,0.0,0.0,0.0,21.748567330675794,22.082983926024607,22.28833077033013,15.950756328815379,20.23025916513022,29.62200874981169,2.2742703597131336e-16,1.3604798180940055e-16,0.0,8.162878908564027e-16,3.602490894746484e-14,converged
2025-01-16T04:55:00+08:00,20.916666666666668,-8.0,4.166666666666661,3.0,53.4,53.4,45.2,45.2,35.0,55.00000000000001,85.0,37.72219355336849,11.159345446111494,14.03837675443699,12.524471352820004,84.98663508773885,1.1717406060779176,53.4,53.4,53.4,43.963063647510175,44.41489432956872,42.39695020377448,43.61123432988035,0.43545075,0.42788710010296943,22.28588749856676,22.511018470576843,21.871756951662103,22.1457540298939,22.145986307343115,22.303458880573675,22.209645057350507,22.080846565557774,21.50349045015148,21.951466589915693,21.86646891338114,21.745569803899667,1.0,0.4166666666666667,0.0,0.0,0.0,21.745569803899667,22.080846565557774,22.28588749856676,15.950756328815379,20.23025916513022,29.62200874981169,2.2742703597131336e-16,4.0810527519614366e-16,0.0,2.720701834640957e-16,3.5576671949952277e-14,converged
2025-01-16T05:00:00+08:00,21.0,-8.0,4.583333333333339,3.0,53.4,53.4,45.2,45.2,35.0,55.00000000000001,85.0,37.72219355336849,11.159345446111494,14.03837675443699,12.524471352820004,84.98663508773885,1.1717406060779176,53.4,53.4,53.4,43.9622978163939,44.41413746815306,42.39571787385373,43.610316950554974,0.435276925,0.42792720064193984,22.283471654565275,22.50822372979455,21.868905452346414,22.143982387546455,22.14329026629332,22.300380677838298,22.207016667770898,22.07873197537072,21.49977820500765,21.947518544497253,21.862976752810876,21.74259780441552,1.0,0.4166666666666667,0.0,0.0,0.0,21.74259780441552,22.07873197537072,22.283471654565275,15.950756328815379,20.23025916513022,29.62200874981169,2.2742703597131336e-16,0.0,0.0,6.801117202429433e-16,4.237021345581757e-14,converged
2025-01-16T05:05:00+08:00,21.083333333333332,-8.0,5.0,3.0,53.4,53.4,45.2,45.2,35.0,55.00000000000001,85.0,37.72219355336849,11.159345446111494,14.03837675443699,12.524471352820004,84.98663508773885,1.1717406060779176,53.4,53.4,53.4,43.961541064432296,44.41338939429415,42.394497823726326,43.60940960453732,0.43510309999999996,0.4279668626043737,22.281083163980618,22.50546244816609,21.866089420891644,22.142230320346922,22.140625787008098,22.297340391810206,22.204418941688033,22.076640077473655,21.49610707625852,21.943611433071172,21.85951813067656,21.739651246405327,1.0,0.4166666666666667,0.0,0.0,0.0,21.739651246405327,22.076640077473655,22.281083163980618,15.950756328815379,20.23025916513022,29.62200874981169,2.2742703597131336e-16,4.0802921440632497e-16,0.0,1.088077905083532e-15,3.269830107346238e-14,converged
2025-01-16T05:10:00+08:00,21.166666666666668,-8.0,5.416666666666661,3.0,53.4,53.4,45.2,45.2,35.0,55.00000000000001,85.0,37.72219355336849,11.159345446111494,14.03837675443699,12.524471352820004,84.98663508773885,1.1717406060779176,53.4,53.4,53.4,43.96079335819828,44.41265007525264,42.39329000236611,43.60851225281302,0.434929275,0.42800608769566945,22.27872195266924,22.502734539765058,21.86330867978952,22.140497782806527,22.13799274340537,22.294337878977696,22.201851768835528,22.074570794143913,21.492476838618533,21.93974510356636,21.85609292860064,21.736730044339556,1.0,0.4166666666666667,0.0,0.0,0.0,21.736730044339556,22.074570794143913,22.27872195266924,15.950756328815379,20.23025916513022,29.62200874981169,2.2742703597131336e-16,2.7199454674511797e-16,0.0,9.51980913607912e-16,4.509043951840959e-14,converged
2025-01-16T05:15:00+08:00,21.25,-8.0,5.833333333333339,3.0,53.4,53.4,45.2,45.2,35.0,55.00000000000001,85.0,37.72219355336849,11.159345446111494,14.03837675443699,12.524471352820004,84.98663508773885,1.1717406060779176,53.4,53.4,53.4,43.96005466440138,44.411919478411484,42.39209435896888,43.607624856527345,0.43475545,0.4280448776142472,22.27638794668857,22.50003991888572,21.86056305242015,22.138784729542213,22.13539100990673,22.291372996372253,22.19931503934352,22.07252404792503,21.48888726803651,21.935919404476667,21.852701028623386,21.73383411297622,1.0,0.4166666666666667,0.0,0.0,0.0,21.73383411297622,22.07252404792503,22.27638794668857,15.950756328815379,20.23025916513022,29.62200874981169,2.2742703597131336e-16,1.3598494914340263e-16,0.0,9.518946440038175e-16,4.098979150309979e-14,converged
2025-01-16T05:20:00+08:00,21.333333333333332,-8.0,6.25,3.0,53.4,53.4,45.2,45.2,35.0,55.00000000000001,85.0,37.72219355336849,11.159345446111494,14.03837675443699,12.524471352820004,84.98663508773885,1.1717406060779176,53.4,53.4,53.4,43.959324949887204,44.41119757127558,42.39091084295135,43.60674737698452,0.434581625,0.4280832340515789,22.274081072296454,22.49737850004244,21.8578523630476,22.137091115276373,22.13282046143543,22.28844560156648,22.196808643737242,22.070499761625836,21.485338141688906,21.932134184858803,21.849342313201426,21.73096336735989,1.0,0.4166666666666667,0.0,0.0,0.0,21.73096336735989,22.070499761625836,22.274081072296454,15.950756328815379,20.23025916513022,29.62200874981169,2.2742703597131336e-16,5.438910593396805e-16,0.0,2.7194552966984014e-16,3.19751630160301e-14,converged
2025-01-16T05:25:00+08:00,21.416666666666668,-8.0,6.666666666666661,3.0,53.4,53.4,45.2,45.2,35.0,55.00000000000001,85.0,37.72219355336849,11.159345446111494,14.03837675443699,12.524471352820004,84.98663508773885,1.1717406060779176,53.4,53.4,53.4,43.95860418163673,44.410484321471216,42.38973940395013,43.60587977564704,0.4344078,0.42812115869221806,22.271801255950635,22.494750197969122,21.855176436815434,22.135416894836624,22.130280973414372,22.285555552672054,22.194332472935596,22.068497858319546,21.481829237973074,21.92838929433023,21.846016665206264,21.728117722820752,1.0,0.4166666666666667,0.0,0.0,0.0,21.728117722820752,22.068497858319546,22.271801255950635,15.950756328815379,20.23025916513022,29.62200874981169,2.2742703597131336e-16,4.0788215951256215e-16,0.0,4.07882159512562e-16,3.215841540369419e-14,converged
2025-01-16T05:30:00+08:00,21.5,-8.0,7.083333333333339,3.0,53.4,53.4,45.2,45.2,35.0,55.00000000000001,85.0,37.72219355336849,11.159345446111494,14.03837675443699,12.524471352820004,84.98663508773885,1.1717406060779176,53.4,53.4,53.4,43.957892326765815,44.409779696745694,42.38857999182077,43.605022014135,0.434233975,0.4281586532138294,22.269548424308194,22.49215492761864,21.852535099742347,22.13376202315555,22.127772421764117,22.282702708337695,22.19188641824974,22.066518261342857,21.478360336500565,21.924684583067094,21.842723967922826,21.725297094973627,1.0,0.4166666666666667,0.0,0.0,0.0,21.725297094973627,22.066518261342857,22.269548424308194,15.950756328815379,20.23025916513022,29.62200874981169,2.2742703597131336e-16,5.437952541802074e-16,0.0,1.3594881354505183e-16,4.267905573266874e-14,converged
2025-01-16T05:35:00+08:00,21.583333333333332,-8.0,7.5,3.0,53.4,53.4,45.2,45.2,35.0,55.00000000000001,85.0,37.72219355336849,11.159345446111494,14.03837675443699,12.524471352820004,84.98663508773885,1.1717406060779176,53.4,53.4,53.4,43.95718935252451,44.40908366496682,42.387432556636725,43.60417405422541,0.43406015000000003,0.4281957192872185,22.267322504225007,22.48959260416227,21.84992817871776,22.13212645527047,22.125294682900897,22.279886927747118,22.189470371381685,22.06456089429504,21.474931218090497,21.921019901802133,21.839464105047995,21.72250139971703,1.0,0.4166666666666667,0.0,0.0,0.0,21.72250139971703,22.06456089429504,22.267322504225007,15.950756328815379,20.23025916513022,29.62200874981169,2.2742703597131336e-16,2.718740907095513e-16,0.0,4.078111360643268e-16,3.790140615736515e-14,converged
2025-01-16T05:40:00+08:00,21.666666666666668,-8.0,7.916666666666661,3.0,53.4,53.4,45.2,45.2,35.0,55.00000000000001,85.0,37.72219355336849,11.159345446111494,14.03837675443699,12.524471352820004,84.98663508773885,1.1717406060779176,53.4,53.4,53.4,43.956495226296546,44.408396194122496,42.38629704868837,43.60333585785152,0.433886325,0.4282323585763612,22.26512342275522,22.487063142989147,21.847355501497475,22.13051014632318,22.122847633734633,22.27710807061702,22.18708422442288,22.06262568103705,21.47154166476292,21.91739510182262,21.83623696068916,21.719730553232203,1.0,0.4166666666666667,0.0,0.0,0.0,21.719730553232203,22.06262568103705,22.26512342275522,15.950756328815379,20.23025916513022,29.62200874981169,2.2742703597131336e-16,6.796270733367289e-16,0.0,1.359254146673456e-15,2.8698666959740654e-14,converged
2025-01-16T05:45:00+08:00,21.75,-8.0,8.33333333333334,3.0,53.4,53.4,45.2,45.2,35.0,55.00000000000001,85.0,37.72219355336849,11.159345446111494,14.03837675443699,12.524471352820004,84.98663508773885,1.1717406060779176,53.4,53.4,53.4,43.95580991559867,44.40771725232024,42.38517341848203,43.60250738710217,0.4337125,0.42826857273843305,22.262951107150702,22.48456645970569,21.84481689669933,22.128913051559714,22.120431151666956,22.274365997195066,22.18472786985281,22.060712545690617,21.46819145973225,21.913810034968307,21.833042419362762,21.716984471982183,1.0,0.4166666666666667,0.0,0.0,0.0,21.716984471982183,22.060712545690617,22.262951107150702,15.950756328815379,20.23025916513022,29.62200874981169,2.2742703597131336e-16,0.0,0.0,8.15483525320705e-16,4.4642076939359995e-14,converged
2025-01-16T05:50:00+08:00,21.833333333333332,-8.0,8.75,3.0,53.4,53.4,45.2,45.2,35.0,55.00000000000001,85.0,37.72219355336849,11.159345446111494,14.03837675443699,12.524471352820004,84.98663508773885,1.1717406060779176,53.4,53.4,53.4,43.9551333880801,44.40704680778675,42.38406161673898,43.60168860422109,0.433538675,0.428304363423838,22.260805484860512,22.48210247013505,21.8423121937989,22.12733512633012,22.118045114589258,22.27166056825786,22.182401200537615,22.058821412637357,21.464880387400708,21.910264553629357,21.829880365992857,21.71426307271083,1.0,0.4166666666666667,0.0,0.0,0.0,21.71426307271083,22.058821412637357,22.260805484860512,15.950756328815379,20.23025916513022,29.62200874981169,2.2742703597131336e-16,2.718051268409177e-16,0.0,4.0770769026137643e-16,4.022689698846902e-14,converged
2025-01-16T05:55:00+08:00,21.916666666666668,-8.0,9.16666666666666,3.0,53.4,53.4,45.2,45.2,35.0,55.00000000000001,85.0,37.72219355336849,11.159345446111494,14.03837675443699,12.524471352820004,84.98663508773885,1.1717406060779176,53.4,53.4,53.4,43.95446561152191,44.40638482886745,42.382961594394466,43.600879471606234,0.43336484999999997,0.4283397322762381,22.25868648353036,22.47967109031655,21.839841223125187,22.12577632608819,22.115689400880722,22.268991645108965,22.180104109728685,22.056952206517895,21.461608233351832,21.906758510744314,21.826750685909673,21.711566272441896,1.0,0.4166666666666667,0.0,0.0,0.0,21.711566272441896,22.056952206517895,22.25868648353036,15.950756328815379,20.23025916513022,29.62200874981169,2.2742703597131336e-16,4.076740250371804e-16,0.0,1.2230220751115395e-15,2.892883568829338e-14,converged
2025-01-16T06:00:00+08:00,22.0,-8.0,9.58333333333334,3.0,53.4,53.4,45.2,45.2,35.0,55.00000000000001,85.0,37.72219355336849,11.159345446111494,14.03837675443699,12.524471352820004,84.98663508773885,1.1717406060779176,53.4,53.4,53.4,43.95380655383649,44.40573128402606,42.38187330259673,43.600079951809185,0.433191025,0.42837468093258196,22.256594031002088,22.477272236505137,21.83740381585636,22.12423660639124,22.113363889406383,22.266359089576895,22.177836491061274,22.055104852230954,21.458374784343984,21.90329175979806,21.823653264848176,21.708893988478096,1.0,0.4166666666666667,0.0,0.0,0.0,21.708893988478096,22.055104852230954,22.256594031002088,15.950756328815379,20.23025916513022,29.62200874981169,2.2742703597131336e-16,1.3588025507657907e-16,0.0,8.152815304594737e-16,2.958711833115764e-14,converged
2025-01-16T06:05:00+08:00,22.083333333333332,-8.0,10.0,3.0,53.4,53.4,45.2,45.2,35.0,55.00000000000001,85.0,37.72219355336849,11.159345446111494,14.03837675443699,12.524471352820004,84.98663508773885,1.1717406060779176,53.4,53.4,53.4,43.95315618306692,44.40508614184413,42.380796692706056,43.599290007534414,0.4330172,0.4284092110231336,22.254528055313116,22.47490582517082,21.834999804015492,22.122715922899857,22.111068459515177,22.26376276401313,22.175598238553135,22.053279274932496,21.455179828303933,21.899864154819777,21.820587988946645,21.706246138400147,1.0,0.4166666666666667,0.0,0.0,0.0,21.706246138400147,22.053279274932496,22.254528055313116,15.950756328815379,20.23025916513022,29.62200874981169,2.2742703597131336e-16,6.793465151514244e-16,0.0,0.0,3.394180031619295e-14,converged
2025-01-16T06:10:00+08:00,22.166666666666668,-8.0,10.41666666666666,3.0,53.4,53.4,45.2,45.2,35.0,55.00000000000001,85.0,37.72219355336849,11.159345446111494,14.03837675443699,12.524471352820004,84.98663508773885,1.1717406060779176,53.4,53.4,53.4,43.952514467386436,44.40444937102061,42.37973171629382,43.598509601638646,0.432843375,0.42844332417150116,22.25248848469593,22.47257177299812,21.83262902046636,22.121214231377667,22.10880299103802,22.261202531290145,22.17338924660313,22.05147540003482,21.452023154320436,21.89647555038095,21.817554744745244,21.70362264006585,1.0,0.4166666666666667,0.0,0.0,0.0,21.70362264006585,22.05147540003482,22.25248848469593,15.950756328815379,20.23025916513022,29.62200874981169,2.2742703597131336e-16,1.358584849607028e-16,0.0,8.151509097642162e-16,4.2543425479648247e-14,converged
2025-01-16T06:15:00+08:00,22.25,-8.0,10.83333333333334,3.0,53.4,53.4,45.2,45.2,35.0,55.00000000000001,85.0,37.72219355336849,11.159345446111494,14.03837675443699,12.524471352820004,84.98663508773885,1.1717406060779176,53.4,53.4,53.4,43.95188137509779,44.40382094037143,42.37867832514147,43.59773869713027,0.43266955,0.4284770219946655,22.250475247577548,22.470269996885527,21.830291298909202,22.119731487691094,22.10656736428587,22.258678254799424,22.17120940998986,22.049693153205702,21.448904552637877,21.893125801593317,21.814553419184612,21.701023411609146,1.0,0.4166666666666667,0.0,0.0,0.0,21.701023411609146,22.049693153205702,22.250475247577548,15.950756328815379,20.23025916513022,29.62200874981169,2.2742703597131336e-16,5.433912011663681e-16,0.0,2.71695600583184e-16,2.733928300465076e-14,converged
2025-01-16T06:20:00+08:00,22.333333333333332,-8.0,11.25,3.0,53.4,53.4,45.2,45.2,35.0,55.00000000000001,85.0,37.72219355336849,11.159345446111494,14.03837675443699,12.524471352820004,84.98663508773885,1.1717406060779176,53.4,53.4,53.4,43.95125687463276,44.40320081882902,42.377636471239626,43.596977257168575,0.432495725,0.42851030610300833,22.24848827257899,22.46800041394494,21.82798647387655,22.118267647809116,22.104361460047816,22.25618979844951,22.169058623870313,22.0479324603675,21.44582381464994,21.889814764106895,21.811583899604432,21.698448371439202,1.0,0.4166666666666667,0.0,0.0,0.0,21.698448371439202,22.0479324603675,22.24848827257899,15.950756328815379,20.23025916513022,29.62200874981169,2.2742703597131336e-16,5.433489937996968e-16,0.0,1.2225352360493162e-15,3.01322843287895e-14,converged
2025-01-16T06:25:00+08:00,22.416666666666668,-8.0,11.66666666666666,3.0,53.4,53.4,45.2,45.2,35.0,55.00000000000001,85.0,37.72219355336849,11.159345446111494,14.03837675443699,12.524471352820004,84.98663508773885,1.1717406060779176,53.4,53.4,53.4,43.950640934551515,44.40258897544191,42.37660610678712,43.59622524506324,0.43232190000000004,0.42854317810034076,22.246527488514754,22.465762941501115,21.825714380729067,22.11682266780303,22.102185159589176,22.253737026664034,22.166936783778485,22.046193247696305,21.442780732893308,21.886542294107954,21.808646073742047,21.695897438239477,1.0,0.4166666666666667,0.0,0.0,0.0,21.695897438239477,22.046193247696305,22.246527488514754,15.950756328815379,20.23025916513022,29.62200874981169,2.2742703597131336e-16,2.716536577317231e-16,0.0,1.0866146309268911e-15,2.901610157954459e-14,converged
2025-01-16T06:30:00+08:00,22.5,-8.0,12.08333333333334,3.0,53.4,53.4,45.2,45.2,35.0,55.00000000000001,85.0,37.72219355336849,11.159345446111494,14.03837675443699,12.524471352820004,84.98663508773885,1.1717406060779176,53.4,53.4,53.4,43.95003352354208,44.40198537937427,42.375587184190046,43.595482624273565,0.432148075,0.4285756395839313,22.244592824392296,22.46355749709114,21.823474855651394,22.115396503846224,22.100038344649576,22.251319804379783,22.16484378562404,22.044475441621046,21.439775101041395,21.883308248317046,21.80573982973103,21.693370530966796,1.0,0.4166666666666667,0.0,0.0,0.0,21.693370530966796,22.044475441621046,22.244592824392296,15.950756328815379,20.23025916513022,29.62200874981169,2.2742703597131336e-16,4.0744962291820703e-16,0.0,4.074496229182069e-16,3.681923838667172e-14,converged
2025-01-16T06:35:00+08:00,22.583333333333332,-8.0,12.5,3.0,53.4,53.4,45.2,45.2,35.0,55.00000000000001,85.0,37.72219355336849,11.159345446111494,14.03837675443699,12.524471352820004,84.98663508773885,1.1717406060779176,53.4,53.4,53.4,43.949434610419765,44.40138999990548,42.37457965606077,43.594749358407896,0.43197425,0.42860769214453387,22.2426842094115,22.46138399846387,21.82126773564803,22.113989112213915,22.09792089744107,22.248937997044738,22.16277952569095,22.04277896882265,21.43680671389813,21.88011248398701,21.80286505609981,21.690867568850443,1.0,0.4166666666666667,0.0,0.0,0.0,21.690867568850443,22.04277896882265,22.2426842094115,15.950756328815379,20.23025916513022,29.62200874981169,2.2742703597131336e-16,4.074191526210789e-16,0.0,4.074191526210787e-16,4.4224523244545946e-14,converged
2025-01-16T06:40:00+08:00,22.666666666666668,-8.0,12.91666666666666,3.0,53.4,53.4,45.2,45.2,35.0,55.00000000000001,85.0,37.72219355336849,11.159345446111494,14.03837675443699,12.524471352820004,84.98663508773885,1.1717406060779176,53.4,53.4,53.4,43.9488441641266,44.400802806429745,42.37358347521711,43.59402541122298,0.431800425,0.4286393373664157,22.24080157296416,22.459242363579385,21.81909285853922,22.11260044928294,22.09583270064625,22.246591470616153,22.16074390063615,22.041103756233163,21.43387536739175,21.876954858900987,21.800021641770265,21.68838847139123,1.0,0.4166666666666667,0.0,0.0,0.0,21.68838847139123,22.041103756233163,22.24080157296416,15.950756328815379,20.23025916513022,29.62200874981169,2.2742703597131336e-16,1.3579635800833997e-16,0.0,5.431854320333596e-16,3.630071617393712e-14,converged
2025-01-16T06:45:00+08:00,22.75,-8.0,13.33333333333334,3.0,53.4,53.4,45.2,45.2,35.0,55.00000000000001,85.0,37.72219355336849,11.159345446111494,14.03837675443699,12.524471352820004,84.98663508773885,1.1717406060779176,53.4,53.4,53.4,43.94826215373076,44.40022376845558,42.37259859468127,43.59331074662333,0.43162659999999997,0.4286705768273852,22.23894484463345,22.457132510608456,21.8169500629569,22.111230471531503,22.09377363741635,22.244280091558622,22.158736807488197,22.039449731034892,21.430980858568645,21.873835231370464,21.797209476056324,21.685933158360605,1.0,0.4166666666666667,0.0,0.0,0.0,21.685933158360605,22.039449731034892,22.23894484463345,15.950756328815379,20.23025916513022,29.62200874981169,2.2742703597131336e-16,4.073593854581685e-16,0.0,4.0735938545816833e-16,4.114232461278003e-14,converged
2025-01-16T06:50:00+08:00,22.833333333333332,-8.0,13.75,3.0,53.4,53.4,45.2,45.2,35.0,55.00000000000001,85.0,37.72219355336849,11.159345446111494,14.03837675443699,12.524471352820004,84.98663508773885,1.1717406060779176,53.4,53.4,53.4,43.94768854842608,44.399652855605446,42.37162496767901,43.592605328660575,0.431452775,0.4287014120988193,22.237113954193433,22.455054357932,21.81483918834059,22.109879135538947,22.091743591369415,22.24200372684216,22.15675814364594,22.037816820659554,21.428122985587237,21.87075346023331,21.794428448662607,21.683501549799715,1.0,0.4166666666666667,0.0,0.0,0.0,21.683501549799715,22.037816820659554,22.237113954193433,15.950756328815379,20.23025916513022,29.62200874981169,2.2742703597131336e-16,1.3577669508597293e-16,0.0,6.788834754298642e-16,3.8677409088436815e-14,converged
2025-01-16T06:55:00+08:00,22.916666666666668,-8.0,14.16666666666666,3.0,53.4,53.4,45.2,45.2,35.0,55.00000000000001,85.0,37.72219355336849,11.159345446111494,14.03837675443699,12.524471352820004,84.98663508773885,1.1717406060779176,53.4,53.4,53.4,43.94712331753138,44.3990900376153,42.37066254763867,43.59190912153285,0.43127895,0.4287318447456913,22.235308831608506,22.45300782414053,21.812760074933394,22.10854639798551,22.089742446588385,22.23976224394029,22.15480780687718,22.036204952787415,21.425301547711875,21.867709404851805,21.791678449683033,21.681093566018525,1.0,0.4166666666666667,0.0,0.0,0.0,21.681093566018525,22.036204952787415,22.235308831608506,15.950756328815379,20.23025916513022,29.62200874981169,2.2742703597131336e-16,1.357670572569531e-16,0.0,8.14602343541718e-16,4.0267598429086234e-14,converged
2025-01-16T07:00:00+08:00,23.0,-8.0,14.58333333333334,3.0,53.4,53.4,45.2,45.2,35.0,55.00000000000001,85.0,37.72219355336849,11.159345446111494,14.03837675443699,12.524471352820004,84.98663508773885,1.1717406060779176,53.4,53.4,53.4,43.94656643049002,44.39853528433418,42.369711288190274,43.59122208958417,0.431105125,0.42876187632659823,22.233529407032915,22.450992828033648,21.81071256377796,22.1072322156521,22.087770087619276,22.237555510828138,22.152885695317348,22.034614055346438,21.422516345306782,21.864702925110713,21.78895936959944,21.678709127594896,1.0,0.4166666666666667,0.0,0.0,0.0,21.678709127594896,22.034614055346438,22.233529407032915,15.950756328815379,20.23025916513022,29.62200874981169,2.2742703597131336e-16,4.0727264335271193e-16,0.0,2.7151509556847453e-16,3.7717998522128205e-14,converged
2025-01-16T07:05:00+08:00,23.083333333333332,-8.0,15.0,3.0,53.4,53.4,45.2,45.2,35.0,55.00000000000001,85.0,37.72219355336849,11.159345446111494,14.03837675443699,12.524471352820004,84.98663508773885,1.1717406060779176,53.4,53.4,53.4,43.946017856869325,44.397988565723765,42.368771143164594,43.59054419730377,0.43093129999999996,0.4287915083937878,22.23177561081022,22.449009288619465,21.80869649671248,22.10593654542006,22.085826399469312,22.23538339598053,22.150991707468176,22.033044056511443,21.419767179830036,21.861733881415322,21.786271099280224,21.676348155373695,1.0,0.4166666666666667,0.0,0.0,0.0,21.676348155373695,22.033044056511443,22.23177561081022,15.950756328815379,20.23025916513022,29.62200874981169,2.2742703597131336e-16,1.3574816612275686e-16,0.0,8.144889967365405e-16,2.860449277211291e-14,converged
2025-01-16T07:10:00+08:00,23.166666666666668,-8.0,15.41666666666666,3.0,53.4,53.4,45.2,45.2,35.0,55.00000000000001,85.0,37.72219355336849,11.159345446111494,14.03837675443699,12.524471352820004,84.98663508773885,1.1717406060779176,53.4,53.4,53.4,43.945477566360005,44.39744985185795,42.36784206659226,43.58987540932555,0.430757475,0.4288207424931859,22.2300473734728,22.447057125114096,21.806711716366696,22.104659344270928,22.083911267605085,22.23324576837011,22.149125742196393,22.031494884703253,21.417053853827557,21.858802134689526,21.78361352997898,21.674010570465896,1.0,0.4166666666666667,0.0,0.0,0.0,21.674010570465896,22.031494884703253,22.2300473734728,15.950756328815379,20.23025916513022,29.62200874981169,2.2742703597131336e-16,1.3573891173044724e-16,0.0,8.144334703826828e-16,4.029814372939457e-14,converged
2025-01-16T07:15:00+08:00,23.25,-8.0,15.83333333333334,3.0,53.4,53.4,45.2,45.2,35.0,55.00000000000001,85.0,37.72219355336849,11.159345446111494,14.03837675443699,12.524471352820004,84.98663508773885,1.1717406060779176,53.4,53.4,53.4,43.94494552877562,44.39691911292249,42.36692401270285,43.5892156904274,0.43058365000000004,0.4288495801644234,22.22834462574132,22.44513625694112,21.80475806615797,22.10340056928621,22.082024577950722,22.231142497465445,22.1472876987324,22.029966468587855,21.41437617092717,21.85590754637389,21.780986553333125,21.671696294247678,1.0,0.4166666666666667,0.0,0.0,0.0,21.671696294247678,22.029966468587855,22.22834462574132,15.950756328815379,20.23025916513022,29.62200874981169,2.2742703597131336e-16,9.501084884775957e-16,0.0,1.3572978406822795e-16,2.7982051576798614e-14,converged
2025-01-16T07:20:00+08:00,23.333333333333332,-8.0,16.25,3.0,53.4,53.4,45.2,45.2,35.0,55.00000000000001,85.0,37.72219355336849,11.159345446111494,14.03837675443699,12.524471352820004,84.98663508773885,1.1717406060779176,53.4,53.4,53.4,43.94442171405207,44.39639631921445,42.36601693592399,43.58856500553059,0.430409825,0.42887802294086325,22.226667298524244,22.443246603731037,21.80283539028731,22.10216017764715,22.080166216886063,22.22907345322915,22.145477476668965,22.02845873707556,21.411733935832657,21.853049978423723,21.77839006136256,21.669405248359542,1.0,0.4166666666666667,0.0,0.0,0.0,21.669405248359542,22.02845873707556,22.226667298524244,15.950756328815379,20.23025916513022,29.62200874981169,2.2742703597131336e-16,8.143246955998978e-16,0.0,1.3572078259998296e-16,3.2833276105534374e-14,converged
2025-01-16T07:25:00+08:00,23.416666666666668,-8.0,16.66666666666666,3.0,53.4,53.4,45.2,45.2,35.0,55.00000000000001,85.0,37.72219355336849,11.159345446111494,14.03837675443699,12.524471352820004,84.98663508773885,1.1717406060779176,53.4,53.4,53.4,43.94390609224706,44.39588144114193,42.36512079088041,43.587923319699186,0.430236,0.42890607234962713,22.225015322917304,22.441388085320753,21.800943533735467,22.10093812663449,22.07833607124483,22.227038506116035,22.14369497595993,22.026971619320165,21.409126954317877,21.850229293307187,21.77582394646831,21.667137354705417,1.0,0.4166666666666667,0.0,0.0,0.0,21.667137354705417,22.026971619320165,22.225015322917304,15.950756328815379,20.23025916513022,29.62200874981169,2.2742703597131336e-16,4.071357203776227e-16,0.0,2.7142381358508176e-16,3.553515133175551e-14,converged
2025-01-16T07:30:00+08:00,23.5,-8.0,17.08333333333334,3.0,53.4,53.4,45.2,45.2,35.0,55.00000000000001,85.0,37.72219355336849,11.159345446111494,14.03837675443699,12.524471352820004,84.98663508773885,1.1717406060779176,53.4,53.4,53.4,43.943398633539495,44.39537444922357,42.36423553239316,43.58729059813944,0.430062175,0.428933729911622,22.223388630203008,22.43956062175303,21.799082342259023,22.099734373628237,22.07653402831282,22.225037527071212,22.1419400969189,22.025505044718123,21.406555033220886,21.847445354003373,21.773288101431184,21.66489253545178,1.0,0.4166666666666667,0.0,0.0,0.0,21.66489253545178,22.025505044718123,22.223388630203008,15.950756328815379,20.23025916513022,29.62200874981169,2.2742703597131336e-16,8.142189366939352e-16,0.0,1.3570315611565587e-16,3.967874384578288e-14,converged
2025-01-16T07:35:00+08:00,23.583333333333332,-8.0,17.5,3.0,53.4,53.4,45.2,45.2,35.0,55.00000000000001,85.0,37.72219355336849,11.159345446111494,14.03837675443699,12.524471352820004,84.98663508773885,1.1717406060779176,53.4,53.4,53.4,43.94289930822902,44.394875314088125,42.363361115478575,43.586666806199126,0.42988835,0.42896099714156705,22.221787151850123,22.437764133275977,21.797251662386515,22.098548876107454,22.074759975826098,22.223070387528267,22.14021274021795,22.02405894290771,21.404017980438127,21.844698024000408,21.770782419410434,21.662670713026767,1.0,0.4166666666666667,0.0,0.0,0.0,21.662670713026767,22.02405894290771,22.221787151850123,15.950756328815379,20.23025916513022,29.62200874981169,2.2742703597131336e-16,1.3569453004198778e-16,0.0,5.427781201679508e-16,3.285322899982632e-14,converged
2025-01-16T07:40:00+08:00,23.666666666666668,-8.0,17.91666666666666,3.0,53.4,53.4,45.2,45.2,35.0,55.00000000000001,85.0,37.72219355336849,11.159345446111494,14.03837675443699,12.524471352820004,84.98663508773885,1.1717406060779176,53.4,53.4,53.4,43.94240808673548,44.394384006474105,42.36249749534753,43.58605190936702,0.429714525,0.42898787554801965,22.220210819513177,22.435998540342506,21.795451341414566,22.097381591650002,22.073013801969193,22.221136959407392,22.138512806886347,22.02263324376819,21.40151560491861,21.841987167293567,21.768306793942415,21.660471810119297,1.0,0.4166666666666667,0.0,0.0,0.0,21.660471810119297,22.02263324376819,22.220210819513177,15.950756328815379,20.23025916513022,29.62200874981169,2.2742703597131336e-16,0.0,0.0,8.14116168282501e-16,4.0157389692761446e-14,converged
2025-01-16T07:45:00+08:00,23.75,-8.0,18.33333333333334,3.0,53.4,53.4,45.2,45.2,35.0,55.00000000000001,85.0,37.72219355336849,11.159345446111494,14.03837675443699,12.524471352820004,84.98663508773885,1.1717406060779176,53.4,53.4,53.4,43.941924939598344,44.39390049722934,42.36164462740445,43.58544587327224,0.4295407,0.429014366633402,22.21865956503196,22.434263763609824,21.793681227404047,22.096232477932325,22.071295395373316,22.219237115113557,22.136840198309248,22.021227877419,21.39904771665816,21.839312648383387,21.76586111893926,21.658295749678192,1.0,0.4166666666666667,0.0,0.0,0.0,21.658295749678192,22.021227877419,22.21865956503196,15.950756328815379,20.23025916513022,29.62200874981169,2.2742703597131336e-16,2.7135529921871625e-16,0.0,4.070329488280742e-16,2.4526367341508404e-14,converged
2025-01-16T07:50:00+08:00,23.833333333333332,-8.0,18.75,3.0,53.4,53.4,45.2,45.2,35.0,55.00000000000001,85.0,37.72219355336849,11.159345446111494,14.03837675443699,12.524471352820004,84.98663508773885,1.1717406060779176,53.4,53.4,53.4,43.941449837476206,44.39342475731054,42.360802467246515,43.584848663683644,0.429366875,0.4290404718940271,22.217133320431007,22.432559723938887,21.791941169176244,22.09510149272922,22.069604645114573,22.217370727534664,22.135194816226438,22.019842774218926,21.396614126693674,21.83667433227379,21.763445288687546,21.65614245491131,1.0,0.4166666666666667,0.0,0.0,0.0,21.65614245491131,22.019842774218926,22.217133320431007,15.950756328815379,20.23025916513022,29.62200874981169,2.2742703597131336e-16,2.713387884201502e-16,0.0,9.496857594705249e-16,3.6491288226225314e-14,converged
2025-01-16T07:55:00+08:00,23.916666666666668,-8.0,19.16666666666666,3.0,53.4,53.4,45.2,45.2,35.0,55.00000000000001,85.0,37.72219355336849,11.159345446111494,14.03837675443699,12.524471352820004,84.98663508773885,1.1717406060779176,53.4,53.4,53.4,43.94098275114631,44.39295675778295,42.3599709706627,43.58426024650928,0.42919304999999996,0.42906619282012504,22.21563201791911,22.430886342393894,21.79023101630906,22.09398859391361,22.067941440712183,22.215537670039726,22.133576562731047,22.01847786476527,21.39421464709742,21.83407208447021,21.761059197846983,21.65401184928467,1.0,0.4166666666666667,0.0,0.0,0.0,21.65401184928467,22.01847786476527,22.215537670039726,15.950756328815379,20.23025916513022,29.62200874981169,2.2742703597131336e-16,2.713225226666575e-16,0.0,4.069837839999861e-16,3.175661868916462e-14,converged
2025-01-16T08:00:00+08:00,24.0,-8.0,19.58333333333334,3.0,53.4,53.4,45.2,45.2,35.0,55.00000000000001,85.0,37.72219355336849,11.159345446111494,14.03837675443699,12.524471352820004,84.98663508773885,1.1717406060779176,53.4,53.4,53.4,43.940523651503916,44.392496469819875,42.359150093633026,43.58368058779573,0.429019225,0.42909153089586877,22.21415558988881,22.42924354024176,21.788550619133225,22.092893739456308,22.06630567212671,22.213737816477042,22.13198534026828,22.01713307989305,21.391849090971363,21.83150577097774,21.75870274144909,21.651903856521585,1.0,0.4166666666666667,0.0,0.0,0.0,21.651903856521585,22.01713307989305,22.213737816477042,15.950756328815379,20.23025916513022,29.62200874981169,2.2742703597131336e-16,1.3565325046602503e-16,0.0,9.495727532621744e-16,3.703485497856361e-14,converged
