timestamp,elapsed_hours,outdoor_temperature_c,solar_radiation_w_m2,wind_m_s,raw_supply_target_c,applied_supply_setpoint_c,raw_pump_target_hz,applied_pump_frequency_hz,near_valve_pct,mid_valve_pct,far_valve_pct,total_flow_m3_h,near_flow_m3_h,mid_flow_m3_h,far_flow_m3_h,pump_pressure_kpa,pump_power_kw,delivered_supply_near_c,delivered_supply_mid_c,delivered_supply_far_c,return_near_c,return_mid_c,return_far_c,station_return_c,required_heat_load_mw,actual_heat_supply_mw,B01_indoor_c,B02_indoor_c,B03_indoor_c,B04_indoor_c,B05_indoor_c,B06_indoor_c,B07_indoor_c,B08_indoor_c,B09_indoor_c,B10_indoor_c,B11_indoor_c,B12_indoor_c,compliance_rate,comfort_rate,overheating_rate,severe_overheating_rate,underheating_rate,P10_c,P50_c,P90_c,near_transport_delay_min,mid_transport_delay_min,far_transport_delay_min,hydraulic_residual,heat_balance_residual,mass_residual,pipe_heat_balance_residual,building_heat_balance_residual,solver_status
2025-01-15T08:05:00+08:00,0.08333333333333333,-8.0,20.0,3.0,53.4,53.4,45.2,45.2,35.0,55.00000000000001,85.0,39.26635762512317,10.747246456719719,13.519959173303649,14.9991519950998,81.39554916081524,1.1681676690211493,53.4,53.4,53.4,43.595934111185464,44.07057597669783,43.95024608704384,43.89470177217538,0.42884540000000004,0.43250455665353504,22.047324776608505,22.239420846315898,21.699866600126928,21.90471373948357,21.962589482687704,22.100698953079732,22.014742665990788,21.897165455291073,21.747886245594863,22.071297097460803,21.985510479607758,21.86807977873516,1.0,0.5833333333333334,0.0,0.0,0.0,21.747886245594863,21.962589482687704,22.071297097460803,16.56238188235699,21.005980592070348,24.734731678244554,5.685675899282834e-17,1.211244922538147e-15,0.0,4.037483075127155e-16,3.4070124042369514e-14,converged
2025-01-15T08:10:00+08:00,0.16666666666666666,-7.916666666666667,22.5,2.995833333333333,53.4,53.4,45.2,45.2,35.0,55.00000000000001,85.0,39.26635762512317,10.747246456719719,13.519959173303649,14.9991519950998,81.39554916081524,1.1681676690211493,53.4,53.4,53.4,43.59555625458329,44.07018279980176,43.94984209302769,43.894308656485556,0.4264348666666667,0.43252244397522316,22.04632983075001,22.238341106873218,21.698538689521552,21.904062786327792,21.961348075717797,22.099356082189928,22.013572916103186,21.896196191640723,21.746615618434156,22.069953118708764,21.984338777438037,21.867107775368357,1.0,0.5833333333333334,0.0,0.0,0.0,21.746615618434156,21.961348075717797,22.069953118708764,16.56238188235699,21.005980592070348,24.734731678244554,5.685675899282834e-17,8.07463220338251e-16,0.0,0.0,4.0483509055724384e-14,converged
2025-01-15T08:15:00+08:00,0.25,-7.833333333333333,25.0,2.9916666666666667,53.4,53.4,45.2,45.2,35.0,55.00000000000001,85.0,39.26635762512317,10.747246456719719,13.519959173303649,14.9991519950998,81.39554916081524,1.1681676690211493,53.4,53.4,53.4,43.59526818234687,44.069877616710684,43.94953293526453,43.894006638390394,0.42402433333333334,0.4325361862270938,22.045587236000348,22.237540094175465,21.697569024846942,21.903613109698956,21.960416560552073,22.098346605930793,22.012696840603144,21.895477434428233,21.74572601500949,22.068942534557884,21.983460753173826,21.866386285056112,1.0,0.5833333333333334,0.0,0.0,0.0,21.74572601500949,21.960416560552073,22.068942534557884,16.56238188235699,21.005980592070348,24.734731678244554,5.685675899282834e-17,1.3457292769235897e-16,0.0,5.382917107694359e-16,4.08103996061674e-14,converged
2025-01-15T08:20:00+08:00,0.3333333333333333,-7.75,27.5,2.9875,53.4,53.4,45.2,45.2,35.0,55.00000000000001,85.0,39.26635762512317,10.747246456719719,13.519959173303649,14.9991519950998,81.39554916081524,1.1681676690211493,53.4,53.4,53.4,43.595069559823955,44.06966010130144,43.94931821235424,43.89379536067766,0.4216138,0.43254579966281004,22.04509631031319,22.237017094487424,21.69695581849398,21.903364243218135,21.95979370270831,22.097669265962793,22.01211338638985,21.895008328053965,21.745215315942904,22.0682640878592,21.982875354698095,21.865914452985795,1.0,0.5833333333333334,0.0,0.0,0.0,21.745215315942904,21.95979370270831,22.0682640878592,16.56238188235699,21.005980592070348,24.734731678244554,5.685675899282834e-17,4.0370981032882325e-16,0.0,4.0370981032882325e-16,3.6364924889448104e-14,converged
2025-01-15T08:25:00+08:00,0.4166666666666667,-7.666666666666667,30.0,2.9833333333333334,53.4,53.4,45.2,45.2,35.0,55.00000000000001,85.0,39.26635762512317,10.747246456719719,13.519959173303649,14.9991519950998,81.39554916081524,1.1681676690211493,53.4,53.4,53.4,43.59496005374458,44.069529928663506,43.949197524676855,43.893674467610964,0.4192032666666667,0.4325513004688823,22.044856373485626,22.23677139590155,21.696697291773532,21.903315721587052,21.95947827262197,22.097322808695775,22.011821504138847,21.894788019840554,21.745081413645103,22.06791652620414,21.982581533663073,21.86569142726161,1.0,0.5833333333333334,0.0,0.0,0.0,21.745081413645103,21.95947827262197,22.06791652620414,16.56238188235699,21.005980592070348,24.734731678244554,5.685675899282834e-17,9.419775780412525e-16,0.0,2.691364508689292e-16,3.9261008252722316e-14,converged
2025-01-15T08:30:00+08:00,0.5,-7.583333333333333,32.5,2.9791666666666665,53.4,53.4,45.2,45.2,35.0,55.00000000000001,85.0,39.26635762512317,10.747246456719719,13.519959173303649,14.9991519950998,81.39554916081524,1.1681676690211493,53.4,53.4,53.4,43.59493933221486,44.06948677509449,43.94917047438425,43.89364360492337,0.41679273333333333,0.4325527047649595,22.044866747153165,22.236802288333273,21.696791674871935,21.90346708058558,21.95946904562658,22.09730598527104,22.011820148288507,21.894815660022946,21.74532221224989,22.06789860190667,21.982578245476756,21.865716358894637,1.0,0.5833333333333334,0.0,0.0,0.0,21.74532221224989,21.95946904562658,22.06789860190667,16.56238188235699,21.005980592070348,24.734731678244554,5.685675899282834e-17,1.3456778855445207e-15,0.0,5.38271154217808e-16,3.9303008454401105e-14,converged
2025-01-15T08:35:00+08:00,0.5833333333333334,-7.5,35.0,2.975,53.0,53.0,45.0,45.0,35.0,55.00000000000001,85.0,39.09261267987926,10.699692268858126,13.46013634510319,14.932784065917943,80.67682818283092,1.1527295308452399,53.4,53.4,53.4,43.55907883600722,44.03496199974168,43.91430390223179,43.85862268007894,0.41438220000000003,0.43222520562349964,22.0450973901022,22.237081412687818,21.697180609254467,21.903792568987033,21.959722606127954,22.09757774765566,22.012070356470094,21.89505414919286,21.745874959964937,22.068168847118393,21.98282612797527,21.865951766412568,1.0,0.5833333333333334,0.0,0.0,0.0,21.745874959964937,21.959722606127954,22.068168847118393,16.6359924685008,21.099340505812886,24.84466381903675,1.7208982650771557e-16,2.6933950244526286e-16,0.0,1.0436905719753934e-15,4.358285519945361e-14,converged
2025-01-15T08:40:00+08:00,0.6666666666666666,-7.416666666666667,37.5,2.970833333333333,53.0,53.0,45.0,45.0,35.0,55.00000000000001,85.0,39.09261267987926,10.699692268858126,13.46013634510319,14.932784065917943,80.67682818283092,1.1527295308452399,53.4,53.4,53.4,43.559223167975915,44.03508078521487,43.91445021320519,43.85875897197967,0.4119716666666667,0.4322190315887826,22.04557707201143,22.23763578451643,21.69791922370076,21.904317071738713,21.960280103639,22.098176811074886,22.012609147621543,21.895539020161785,21.746798590627286,22.068766400647416,21.983362603118753,21.866433567416646,1.0,0.5833333333333334,0.0,0.0,0.0,21.746798590627286,21.960280103639,22.068766400647416,16.6359924685008,21.099340505812886,24.84466381903675,1.7208982650771557e-16,5.386866996532142e-16,0.0,1.8264845910116794e-15,4.094928969077042e-14,converged
2025-01-15T08:45:00+08:00,0.75,-7.333333333333333,40.0,2.966666666666667,53.0,53.0,45.0,45.0,35.0,55.00000000000001,85.0,39.09261267987926,10.699692268858126,13.46013634510319,14.932784065917943,80.67682818283092,1.1527295308452399,53.4,53.4,53.4,43.559455666410415,44.03528598780651,43.91468937790585,43.85898461848397,0.4095611333333333,0.4322088097829103,22.04630512001941,22.23846469923718,21.699005773967176,21.905040127863003,21.961140327806067,22.0991019406038,22.013435487247612,21.896269431700727,21.748091041974178,22.069690028714067,21.984186637359777,21.86716092143699,1.0,0.5833333333333334,0.0,0.0,0.0,21.748091041974178,21.961140327806067,22.069690028714067,16.6359924685008,21.099340505812886,24.84466381903675,1.7208982650771557e-16,1.3467485991945404e-16,0.0,1.1784050242952229e-15,3.3259381937869996e-14,converged
2025-01-15T08:50:00+08:00,0.8333333333333334,-7.25,42.5,2.9625,53.0,53.0,45.0,45.0,35.0,55.00000000000001,85.0,39.09261267987926,10.699692268858126,13.46013634510319,14.932784065917943,80.67682818283092,1.1527295308452399,53.13087939748006,53.4,53.4,43.37472966843049,44.0355772873678,43.91502100392002,43.80865187871334,0.4071506,0.4311521457361118,22.04695673635482,22.23926037194036,21.6998204273244,21.905683418426218,21.962302073095433,22.100351905976915,22.014548344561458,21.897244545452917,21.749750263209894,22.07093850218937,21.98529720085239,21.868132990870645,1.0,0.5833333333333334,0.0,0.0,0.0,21.749750263209894,21.962302073095433,22.07093850218937,16.6359924685008,21.099340505812886,24.84466381903675,1.7208982650771557e-16,8.100295195899631e-16,0.0,2.4005562325348385e-15,3.726115950458279e-14,converged
2025-01-15T08:55:00+08:00,0.9166666666666666,-7.166666666666667,45.0,2.9583333333333335,53.0,53.0,45.0,45.0,35.0,55.00000000000001,85.0,39.09261267987926,10.699692268858126,13.46013634510319,14.932784065917943,80.67682818283092,1.1527295308452399,53.0,53.087947240465034,53.38757310552295,43.2849802672332,43.81687160155277,43.90676104054448,43.70562874216567,0.40474006666666673,0.4291141066284581,22.04769883724422,22.24018082018753,21.700682793402727,21.906390014726437,21.963195984326994,22.10138718591711,22.015435273915013,21.897976428156493,21.751742206895226,22.072489174325487,21.986672916239744,21.86932955882594,1.0,0.5833333333333334,0.0,0.0,0.0,21.751742206895226,21.963195984326994,22.072489174325487,16.6359924685008,21.099340505812886,24.84466381903675,1.7208982650771557e-16,6.782305686802511e-16,0.0,9.24089149826842e-16,5.0025277256970084e-14,converged
2025-01-15T09:00:00+08:00,1.0,-7.083333333333333,47.5,2.9541666666666666,53.0,53.0,45.0,45.0,35.0,55.00000000000001,85.0,39.09261267987926,10.699692268858126,13.46013634510319,14.932784065917943,80.67682818283092,1.1527295308452399,53.0,53.0,53.0,43.28527864870692,43.75541045100138,43.636331132032886,43.581248354879015,0.4023295333333333,0.42667025210598986,22.048688595220362,22.24137487423983,21.701892478014056,21.90729474261535,21.964231476200734,22.102595462326125,22.01646462697257,21.898815961682715,21.753101534073068,22.073695465721123,21.987699604084703,21.87016577803148,1.0,0.5833333333333334,0.0,0.0,0.0,21.753101534073068,21.964231476200734,22.073695465721123,16.6359924685008,21.099340505812886,24.84466381903675,1.7208982650771557e-16,9.549614119642343e-16,0.0,2.728461177040669e-16,3.047226685265441e-14,converged
2025-01-15T09:05:00+08:00,1.0833333333333333,-7.0,50.0,2.95,52.6,52.6,44.8,44.8,35.0,55.00000000000001,85.0,38.918867734635356,10.652138080996535,13.400313516902731,14.866416136736085,79.96129443756487,1.137428012465578,53.0,52.999999999999986,53.0,43.249941435301864,43.72138513741821,43.60197676482458,43.5467382793469,0.399919,0.42633030119504306,22.049896127722747,22.242814328279106,21.703391436985697,21.908371983770593,21.965525810164273,22.10408790799376,22.017742043060345,21.899863754805136,21.7547669017304,22.07518552062801,21.98897397038363,21.871209890892736,1.0,0.5833333333333334,0.0,0.0,0.0,21.7547669017304,21.965525810164273,22.07518552062801,16.71026029202089,21.193533990213837,24.955577496800306,1.7362977253972222e-16,0.0,0.0,2.0735773358010726e-15,2.4482741982016157e-14,converged
2025-01-15T09:10:00+08:00,1.1666666666666667,-6.916666666666667,52.5,2.9458333333333333,52.6,52.6,44.8,44.8,35.0,55.00000000000001,85.0,38.918867734635356,10.652138080996535,13.400313516902731,14.866416136736085,79.96129443756487,1.137428012465578,53.0,52.999999999999986,53.0,43.25040442058147,43.72180842617209,43.60243726240495,43.54718664629109,0.39750846666666667,0.4263100804056468,22.051350061049966,22.244526060975076,21.705234542100225,21.90964649894015,21.96711993846954,22.10590305111023,22.01930436157268,21.901155167851694,21.756796969277318,22.07699828795032,21.990533254885438,21.87249764004039,1.0,0.5833333333333334,0.0,0.0,0.0,21.756796969277318,21.96711993846954,22.07699828795032,16.71026029202089,21.193533990213837,24.955577496800306,1.7362977253972222e-16,4.096149511037676e-16,0.0,1.6640607388590558e-15,2.977083663599945e-14,converged
2025-01-15T09:15:00+08:00,1.25,-6.833333333333333,55.0,2.9416666666666664,52.6,52.6,44.8,44.8,35.0,55.00000000000001,85.0,38.918867734635356,10.652138080996535,13.400313516902731,14.866416136736085,79.96129443756487,1.137428012465578,53.0,52.999999999999986,53.0,43.25095475770706,43.72231732641876,43.60298965318503,43.54772350058131,0.3950979333333333,0.42628586894742065,22.053049729700632,22.246509375588598,21.70742007733547,21.911117831336984,21.96901266766475,22.10803967453299,22.021150561554425,21.902689369305413,21.75918970953395,22.079132551649298,21.992376437551762,21.874028194694407,1.0,0.5833333333333334,0.0,0.0,0.0,21.75918970953395,21.96901266766475,22.079132551649298,16.71026029202089,21.193533990213837,24.955577496800306,1.7362977253972222e-16,2.730921438104105e-16,0.0,1.9287132656610244e-15,3.120510081186895e-14,converged
2025-01-15T09:20:00+08:00,1.3333333333333333,-6.75,57.5,2.9375,52.6,52.6,44.8,44.8,35.0,55.00000000000001,85.0,38.918867734635356,10.652138080996535,13.400313516902731,14.866416136736085,79.96129443756487,1.137428012465578,52.73682082336168,52.999999999999986,53.0,43.07093438810967,43.72291152111864,43.603633549110356,43.498902270034336,0.3926874,0.4252390724676437,22.054677741105593,22.248463504191186,21.70934233502195,21.912514008848312,21.97120280904913,22.110496565710292,22.023279625709055,21.90446553048742,21.761943106588475,22.081587100268436,21.994502501996074,21.875800726907652,1.0,0.5833333333333334,0.0,0.0,0.0,21.761943106588475,21.97120280904913,22.081587100268436,16.71026029202089,21.193533990213837,24.955577496800306,1.7362977253972222e-16,1.7794686350997376e-15,0.0,2.6178721266371137e-15,1.979596801461814e-14,converged
2025-01-15T09:25:00+08:00,1.4166666666666667,-6.666666666666667,60.0,2.933333333333333,52.6,52.6,44.8,44.8,35.0,55.00000000000001,85.0,38.918867734635356,10.652138080996535,13.400313516902731,14.866416136736085,79.96129443756487,1.137428012465578,52.6,52.695482719217104,52.99644619974402,42.977574568318495,43.51013713836277,43.60188923365786,43.39942206740573,0.3902768666666667,0.4232468400107415,22.056386580119476,22.250532793115823,21.711293406231402,21.91396573025893,21.973135135054175,22.112747591327643,22.025191825465917,21.90600782806298,21.765046008501738,22.084354605005185,21.996904619650266,21.877808872675484,1.0,0.5833333333333334,0.0,0.0,0.0,21.765046008501738,21.973135135054175,22.084354605005185,16.71026029202089,21.193533990213837,24.955577496800306,1.7362977253972222e-16,6.876325516333467e-16,0.0,2.690362358265469e-15,4.4010651186039556e-14,converged
2025-01-15T09:30:00+08:00,1.5,-6.583333333333333,62.5,2.9291666666666667,52.6,52.6,44.8,44.8,35.0,55.00000000000001,85.0,38.918867734635356,10.652138080996535,13.400313516902731,14.866416136736085,79.96129443756487,1.137428012465578,52.6,52.599999999999994,52.6,42.97818778503323,43.443794437890986,43.32601695634536,43.27136816239856,0.3878663333333333,0.42070964906994307,22.058340465984724,22.25287274900044,21.713586369208272,21.915613858576627,21.975191339025965,22.115154171323038,22.027230559130192,21.907643374633974,21.767488033725222,22.086758362768585,21.998939992965845,21.879440528566665,1.0,0.5833333333333334,0.0,0.0,0.0,21.767488033725222,21.975191339025965,22.086758362768585,16.71026029202089,21.193533990213837,24.955577496800306,1.7362977253972222e-16,2.767117941893953e-16,0.0,2.7671179418939526e-16,4.275663326357787e-14,converged
2025-01-15T09:35:00+08:00,1.5833333333333333,-6.5,65.0,2.925,52.2,52.2,44.6,44.6,35.0,55.00000000000001,85.0,38.745122789391445,10.604583893134944,13.340490688702275,14.800048207554228,79.24894792501725,1.1222625066830707,52.6,52.6,52.6,42.94338058299355,43.41027493691563,43.29218041541013,43.23737511173914,0.3854558,0.4203576811910478,22.060509683514955,22.255455328571326,21.716163511508633,21.917432914803285,21.977502551251526,22.117840622131,22.029513945536802,21.909484657173582,21.770230413938272,22.089441596039997,22.001219643147937,21.881277561608147,1.0,0.5,0.0,0.0,0.0,21.770230413938272,21.977502551251526,22.089441596039997,16.785194194675693,21.288572259228246,25.06748591606847,2.3358730900019705e-16,2.769434865495544e-16,1.2007991631280833e-16,1.7395512748893883e-15,3.0290534402681914e-14,converged
2025-01-15T09:40:00+08:00,1.6666666666666667,-6.416666666666667,67.5,2.9208333333333334,52.2,52.2,44.6,44.6,35.0,55.00000000000001,85.0,38.745122789391445,10.604583893134944,13.340490688702275,14.800048207554228,79.24894792501725,1.1222625066830707,52.6,52.6,52.6,42.944157992760154,43.410998476975585,43.29294988846354,43.23813094170428,0.38304526666666666,0.4203237463773272,22.062922706644724,22.258307264081953,21.719079428767877,21.919447528938385,21.980109513079537,22.120845270543843,22.032078632422824,21.911566853613976,21.77333151316904,22.09244304932219,22.003780615505764,21.883355529452764,1.0,0.5,0.0,0.0,0.0,21.77333151316904,21.980109513079537,22.09244304932219,16.785194194675693,21.288572259228246,25.06748591606847,2.3358730900019705e-16,5.539316911323305e-16,1.2007991631280833e-16,2.3195889566166336e-15,3.015957948137636e-14,converged
2025-01-15T09:45:00+08:00,1.75,-6.333333333333333,70.0,2.9166666666666665,52.2,52.2,44.6,44.6,35.0,55.00000000000001,85.0,38.745122789391445,10.604583893134944,13.340490688702275,14.800048207554228,79.24894792501725,1.1222625066830707,52.6,52.6,52.6,42.945021960767946,43.41180684189156,43.293810320761516,43.23897441419812,0.38063473333333336,0.42028587664037914,22.06557887711368,22.261427866514637,21.72233243235908,21.921657248327833,21.98301104756235,22.12416691680171,22.034923612085404,21.91388914195544,21.776789338178734,22.095761523918835,22.006621903223085,21.885673610816195,1.0,0.5,0.0,0.0,0.0,21.776789338178734,21.98301104756235,22.095761523918835,16.785194194675693,21.288572259228246,25.06748591606847,2.3358730900019705e-16,1.3849540074665236e-16,1.2007991631280833e-16,2.1553346741197774e-15,4.5592999164446886e-14,converged
2025-01-15T09:50:00+08:00,1.8333333333333333,-6.25,72.5,2.9125,52.2,52.2,44.6,44.6,35.0,55.00000000000001,85.0,38.745122789391445,10.604583893134944,13.340490688702275,14.800048207554228,79.24894792501725,1.1222625066830707,52.342815535574054,52.6,52.6,42.76972801848894,43.41269971766104,43.29476132848492,43.19166696428298,0.3782242,0.41924945438278577,22.068168262456876,22.264523436915926,21.725331044180894,21.923796494758133,21.986205982436033,22.127804365668414,22.038047880431584,21.916450703002937,21.78060190680408,22.09939582564896,22.009742503086933,21.88823098721366,1.0,0.5,0.0,0.0,0.0,21.78060190680408,21.986205982436033,22.09939582564896,16.785194194675693,21.288572259228246,25.06748591606847,2.3358730900019705e-16,9.718644166016158e-16,1.2007991631280833e-16,2.8331583216109604e-15,8.060923673921557e-14,converged
2025-01-15T09:55:00+08:00,1.9166666666666667,-6.166666666666667,75.0,2.908333333333333,52.2,52.2,44.6,44.6,35.0,55.00000000000001,85.0,38.745122789391445,10.604583893134944,13.340490688702275,14.800048207554228,79.24894792501725,1.1222625066830707,52.2,52.303085780738265,52.6,42.6727320123513,43.20588541863322,43.2958025295114,43.094307698963945,0.3758136666666667,0.41727570779022444,22.07082880883207,22.267724548732645,21.728339630447607,21.92598350261895,21.98915332391991,22.131244972320026,22.040964521528934,21.918787914410423,21.784767247895797,22.103344764829917,22.013141415474713,21.89102684295038,1.0,0.5,0.0,0.0,0.0,21.784767247895797,21.98915332391991,22.103344764829917,16.785194194675693,21.288572259228246,25.06748591606847,2.3358730900019705e-16,1.3949448728208721e-16,1.2007991631280833e-16,7.061908418655665e-16,5.4725552826394203e-14,converged
2025-01-15T10:00:00+08:00,2.0,-6.083333333333333,77.5,2.904166666666667,52.2,52.2,44.6,44.6,35.0,55.00000000000001,85.0,38.745122789391445,10.604583893134944,13.340490688702275,14.800048207554228,79.24894792501725,1.1222625066830707,52.2,52.2,52.205398873285475,42.673655915916996,43.13462733528575,43.0219715811164,42.965426150475125,0.3734031333333333,0.41470111159321604,22.073731834248676,22.271193434271698,21.731684841136754,21.928365216697713,21.992206834369586,22.134823696199454,22.04399179189038,21.921203940198396,21.788271255241458,22.106929168491664,22.01617349604509,21.893446838909895,1.0,0.5,0.0,0.0,0.0,21.788271255241458,21.992206834369586,22.106929168491664,16.785194194675693,21.288572259228246,25.06748591606847,2.3358730900019705e-16,4.2108154007479836e-16,1.2007991631280833e-16,5.689124127866051e-16,4.5206598109189707e-14,converged
2025-01-15T10:05:00+08:00,2.0833333333333335,-6.0,80.0,2.9,51.8,51.8,44.4,44.4,35.0,55.00000000000001,85.0,38.571377844147534,10.55702970527335,13.280667860501813,14.733680278372367,78.53978864518791,1.1072324062986225,52.2,52.2,52.2,42.63938565134825,43.10162017761619,42.98489824591029,42.93052006098284,0.37099259999999995,0.4143094546852177,22.076847799726256,22.27490222218972,21.735309312987113,21.930916303834216,21.995511628451133,22.13867810819025,22.047260393743407,21.923823242979097,21.792056261627845,22.110779581658846,22.019437711918435,21.896061351617472,1.0,0.5,0.0,0.0,0.0,21.792056261627845,21.995511628451133,22.110779581658846,16.860803177534592,21.384466728864414,25.18040251929401,5.892410969721817e-17,4.2147959880152033e-16,0.0,9.746715722285157e-16,3.8665315694225067e-14,converged
2025-01-15T10:10:00+08:00,2.1666666666666665,-5.916666666666666,82.5,2.895833333333333,51.8,51.8,44.4,44.4,35.0,55.00000000000001,85.0,38.571377844147534,10.55702970527335,13.280667860501813,14.733680278372367,78.53978864518791,1.1072324062986225,52.2,52.2,52.2,42.64047337556829,43.102639822986305,42.98597163096878,42.931578867355555,0.36858206666666665,0.41426213018656405,22.08020501774468,22.27887748867512,21.739267346302498,21.933661256638192,21.999108222877993,22.142846319227097,22.050806770953667,21.926680808277588,21.796194201406383,22.11494382347942,22.022979730582904,21.89891415215354,1.0,0.5,0.0,0.0,0.0,21.796194201406383,21.999108222877993,22.11494382347942,16.860803177534592,21.384466728864414,25.18040251929401,5.892410969721817e-17,1.4050924926990896e-16,0.0,3.284403701684122e-15,3.7059979995476153e-14,converged
2025-01-15T10:15:00+08:00,2.25,-5.833333333333334,85.0,2.8916666666666666,51.8,51.8,44.4,44.4,35.0,55.00000000000001,85.0,38.571377844147534,10.55702970527335,13.280667860501813,14.733680278372367,78.53978864518791,1.1072324062986225,52.2,52.2,52.2,42.6416468849368,43.103743525188115,42.987135067226006,42.93272449335934,0.3661715333333334,0.4142109251903804,22.08380283716771,22.283118552312356,21.743557279050837,21.936599626531724,22.00299545681897,22.14732714654267,22.054629928789378,21.929775823420957,21.80068311417707,22.11942071221054,22.02679855816404,21.90200442853961,1.0,0.4166666666666667,0.0,0.0,0.0,21.80068311417707,22.00299545681897,22.11942071221054,16.860803177534592,21.384466728864414,25.18040251929401,5.892410969721817e-17,5.621064764210543e-16,0.0,9.74903420042766e-16,3.814216721278052e-14,converged
2025-01-15T10:20:00+08:00,2.3333333333333335,-5.75,87.5,2.8874999999999997,51.8,51.8,44.4,44.4,35.0,55.00000000000001,85.0,38.571377844147534,10.55702970527335,13.280667860501813,14.733680278372367,78.53978864518791,1.1072324062986225,51.94886425420277,52.2,52.2,42.47110046526102,43.10493097318569,42.988388174977466,42.88693326872743,0.363761,0.4131853774387751,22.08733884114666,22.287338835694488,21.74760196840288,21.939472276800217,22.007172174060848,22.152119411827712,22.058728876080952,21.933107478508184,21.805521050429117,22.124209070559317,22.03089320434309,21.905331371564046,1.0,0.4166666666666667,0.0,0.0,0.0,21.805521050429117,22.007172174060848,22.124209070559317,16.860803177534592,21.384466728864414,25.18040251929401,5.892410969721817e-17,1.4087541353539911e-16,0.0,1.030151461477606e-15,2.513518644881015e-14,converged
2025-01-15T10:25:00+08:00,2.4166666666666665,-5.666666666666666,90.0,2.8833333333333333,51.8,51.8,44.4,44.4,35.0,55.00000000000001,85.0,38.571377844147534,10.55702970527335,13.280667860501813,14.733680278372367,78.53978864518791,1.1072324062986225,51.8,51.910757338309146,52.2,42.37044248040982,42.90410589260201,42.989730576195946,42.79074894173581,0.3613504666666666,0.41121203174148324,22.09093632863742,22.29165503660735,21.751637847164414,21.942384884545657,22.01111172199532,22.156724060420437,22.062629606178046,21.936224444272202,21.810706071480478,22.129307725666017,22.0352626823443,21.90889417477265,1.0,0.4166666666666667,0.0,0.0,0.0,21.810706071480478,22.01111172199532,22.129307725666017,16.860803177534592,21.384466728864414,25.18040251929401,5.892410969721817e-17,1.415514538009939e-16,0.0,4.056333847984732e-15,3.221021385441523e-14,converged
2025-01-15T10:30:00+08:00,2.5,-5.583333333333334,92.5,2.8791666666666664,51.8,51.8,44.4,44.4,35.0,55.00000000000001,85.0,38.571377844147534,10.55702970527335,13.280667860501813,14.733680278372367,78.53978864518791,1.1072324062986225,51.8,51.8,51.81443220154352,42.371673039211146,42.827898485306996,42.72293375077721,42.66293413138861,0.35893993333333335,0.4086374684858409,22.094773769049823,22.296236162864528,21.75600523747948,21.94549052145067,22.015139720011277,22.161449390523288,22.06662504326443,21.93940575483631,21.81524796739057,22.13405352028042,22.039277062412022,21.912092988537843,1.0,0.4166666666666667,0.0,0.0,0.0,21.81524796739057,22.015139720011277,22.13405352028042,16.860803177534592,21.384466728864414,25.18040251929401,5.892410969721817e-17,1.4244327895126502e-16,0.0,1.8821570174317296e-15,3.685452142717568e-14,converged
2025-01-15T10:35:00+08:00,2.5833333333333335,-5.5,95.0,2.875,51.4,51.4,44.2,44.2,35.0,55.00000000000001,85.0,38.39763289890362,10.50947551741176,13.220845032301357,14.667312349190514,77.83381659807692,1.0923371041131396,51.8,51.8,51.8,42.33794683729126,42.795410383421356,42.68011462184389,42.626160864763065,0.3565294,0.40818768219162266,22.098821808555282,22.301054524560314,21.76064714281916,21.948764006802875,22.019415383959846,22.166446339483898,22.070858577995843,21.942787946986048,21.82004239362547,22.13904573333657,22.043505597128863,21.915469878011535,1.0,0.4166666666666667,0.0,0.0,0.0,21.82004239362547,22.019415383959846,22.13904573333657,16.93709640458226,21.4812290217552,25.294340992231984,1.1891713201276387e-16,8.556014321785727e-16,0.0,1.1853644841640642e-15,3.7762266694783926e-14,converged
2025-01-15T10:40:00+08:00,2.6666666666666665,-5.416666666666666,97.5,2.870833333333333,51.4,51.4,44.2,44.2,35.0,55.00000000000001,85.0,38.39763289890362,10.50947551741176,13.220845032301357,14.667312349190514,77.83381659807692,1.0923371041131396,51.8,51.8,51.8,42.33934088214875,42.79672209220736,42.6814869996479,42.62751828366795,0.35411886666666664,0.40812728417631217,22.103108588978284,22.306136532051713,21.765617548926894,21.952229689086444,22.023978992091653,22.17175278781681,22.07536643804698,21.94640580372494,21.82518415616819,22.144347482342482,22.048008490161152,21.91908246166489,1.0,0.4166666666666667,0.0,0.0,0.0,21.82518415616819,22.023978992091653,22.144347482342482,16.93709640458226,21.4812290217552,25.294340992231984,1.1891713201276387e-16,0.0,0.0,3.422912204320348e-15,3.844303892719528e-14,converged
2025-01-15T10:45:00+08:00,2.75,-5.333333333333334,100.0,2.8666666666666667,51.4,51.4,44.2,44.2,35.0,55.00000000000001,85.0,38.39763289890362,10.50947551741176,13.220845032301357,14.667312349190514,77.83381659807692,1.0923371041131396,51.8,51.8,51.8,42.340819959084385,42.79811710804476,42.68294854586898,42.628961720718635,0.35170833333333335,0.40806305880507765,22.107633466191825,22.311481511407987,21.770914819590157,21.95588712374373,22.02882939931406,22.177367569366428,22.08014764138234,21.9502585215206,21.830671326393404,22.149957602129174,22.052784760302256,21.92292993663955,1.0,0.4166666666666667,0.0,0.0,0.0,21.830671326393404,22.02882939931406,22.149957602129174,16.93709640458226,21.4812290217552,25.294340992231984,1.1891713201276387e-16,2.8528757826751417e-16,0.0,3.708738517477684e-15,2.3690345618828515e-14,converged
2025-01-15T10:50:00+08:00,2.8333333333333335,-5.25,102.5,2.8625,51.4,51.4,44.2,44.2,35.0,55.00000000000001,85.0,38.39763289890362,10.50947551741176,13.220845032301357,14.667312349190514,77.83381659807692,1.0923371041131396,51.554967712366576,51.8,51.8,42.17504245201594,42.79959512279507,42.68449888479974,42.58468933687051,0.3492978,0.4070488797179448,22.112101595094376,22.316810059926166,21.775976254167734,21.959483663687465,22.03396546508821,22.18328952237108,22.085201209481927,21.95434529958039,21.836501986384693,22.155874931913644,22.0578334298547,21.927011502811986,1.0,0.4166666666666667,0.0,0.0,0.0,21.836501986384693,22.03396546508821,22.155874931913644,16.93709640458226,21.4812290217552,25.294340992231984,1.1891713201276387e-16,2.859983840456757e-16,0.0,5.371407150357846e-15,5.4252476808339306e-14,converged
2025-01-15T10:55:00+08:00,2.9166666666666665,-5.166666666666666,105.0,2.8583333333333334,51.4,51.4,44.2,44.2,35.0,55.00000000000001,85.0,38.39763289890362,10.50947551741176,13.220845032301357,14.667312349190514,77.83381659807692,1.0923371041131396,51.4,51.51849832174041,51.8,42.070696668538716,42.604788749171625,42.68613764239126,42.48968118431265,0.3468872666666666,0.40507635302507006,22.116621517737727,22.322224895822774,21.781010141219685,21.963112334813975,22.038874986588528,22.189033285162964,22.090066142720225,21.958227194850295,21.842674228875108,22.162098315282357,22.063153524617615,21.931326362784166,1.0,0.4166666666666667,0.0,0.0,0.0,21.842674228875108,22.038874986588528,22.162098315282357,16.93709640458226,21.4812290217552,25.294340992231984,1.1891713201276387e-16,8.621731751870239e-16,0.0,4.391694611108903e-15,5.331902034943115e-14,converged
2025-01-15T11:00:00+08:00,3.0,-5.083333333333334,107.5,2.8541666666666665,51.4,51.4,44.2,44.2,35.0,55.00000000000001,85.0,38.39763289890362,10.50947551741176,13.220845032301357,14.667312349190514,77.83381659807692,1.0923371041131396,51.4,51.4,51.42354727937855,42.07222996521473,42.523597965817984,42.426409507327776,42.36293351951376,0.3444767333333334,0.4025022341240344,22.121378908149996,22.327901852809106,21.786370576638202,21.966932381315804,22.043855225886272,22.194880291711485,22.095009840279783,21.96215892820703,21.848221921515808,22.167980731935454,22.068130444631283,21.935289266177485,1.0,0.4166666666666667,0.0,0.0,0.0,21.848221921515808,22.043855225886272,22.167980731935454,16.93709640458226,21.4812290217552,25.294340992231984,1.1891713201276387e-16,0.0,0.0,3.090852571030133e-15,3.0844339538246314e-14,converged
2025-01-15T11:05:00+08:00,3.0833333333333335,-5.0,110.0,2.8499999999999996,51.0,51.0,44.0,44.0,35.0,55.00000000000001,85.0,38.22388795365971,10.461921329550167,13.161022204100895,14.600944420008652,77.13103178368428,1.077575992927527,51.4,51.4,51.4,42.03905515183277,42.491635815983514,42.37781486679253,42.32428610356426,0.3420662,0.40199437701859897,22.1263446067178,22.333813432049404,21.792000948280336,21.970918781637028,22.049079618112362,22.200994959075814,22.100188487452076,21.96628921025682,21.853993701784578,22.174089969277887,22.073303512542836,21.939413760250396,1.0,0.4166666666666667,0.0,0.0,0.0,21.853993701784578,22.049079618112362,22.174089969277887,17.014083206421272,21.57887097185409,25.40931526946941,1.2000065381478102e-16,1.4479720175482537e-16,1.2171736971707392e-16,3.420833891457749e-15,3.317084422349549e-14,converged
2025-01-15T11:10:00+08:00,3.1666666666666665,-4.916666666666666,112.5,2.845833333333333,51.0,51.0,44.0,44.0,35.0,55.00000000000001,85.0,38.22388795365971,10.461921329550167,13.161022204100895,14.600944420008652,77.13103178368428,1.077575992927527,51.4,51.4,51.4,42.0407516372334,42.4932356485626,42.37948145893617,42.325937891269135,0.33965566666666663,0.401921213697568,22.131546575296046,22.339985868181767,21.79795490804595,21.975095733303327,22.05458818912558,22.207414922679057,22.10563808329097,21.970652611260117,21.860107403339452,22.180504546181883,22.078747567507353,21.9437714070217,1.0,0.4166666666666667,0.0,0.0,0.0,21.860107403339452,22.05458818912558,22.180504546181883,17.014083206421272,21.57887097185409,25.40931526946941,1.2000065381478102e-16,8.689413586006936e-16,1.2171736971707392e-16,1.2581546754739209e-15,3.273563952904556e-14,converged
2025-01-15T11:15:00+08:00,3.25,-4.833333333333334,115.0,2.8416666666666663,51.0,51.0,44.0,44.0,35.0,55.00000000000001,85.0,38.22388795365971,10.461921329550167,13.161022204100895,14.600944420008652,77.13103178368428,1.077575992927527,51.4,51.4,51.4,42.04253242118745,42.49491805629602,42.38123636135162,42.32767491655236,0.33724513333333334,0.40184427491296537,22.136984176654124,22.346418494644894,21.80423084479104,21.979462795722306,22.060379809203503,22.214139032605665,22.111357658188744,21.97524833664287,21.866561128302532,22.187223313681763,22.084461640718356,21.94836141257156,1.0,0.4166666666666667,0.0,0.0,0.0,21.866561128302532,22.060379809203503,22.187223313681763,17.014083206421272,21.57887097185409,25.40931526946941,1.2000065381478102e-16,0.0,1.2171736971707392e-16,3.892878372818057e-16,3.520921914031133e-14,converged
2025-01-15T11:20:00+08:00,3.3333333333333335,-4.75,117.5,2.8375,51.0,51.0,44.0,44.0,35.0,55.00000000000001,85.0,38.22388795365971,10.461921329550167,13.161022204100895,14.600944420008652,77.13103178368428,1.077575992927527,51.161126656513694,51.4,51.4,41.881545509875814,42.49668273387496,42.38307920221425,42.2849241575139,0.3348346,0.4008419527639928,22.142370194196335,22.35283913719171,21.810280608207027,21.98377386009889,22.06645335311479,22.22116614327131,22.11734624600749,21.98007559453929,21.873352989330343,22.194245127135304,22.090444766832952,21.953182985683565,1.0,0.4166666666666667,0.0,0.0,0.0,21.873352989330343,22.06645335311479,22.194245127135304,17.014083206421272,21.57887097185409,25.40931526946941,1.2000065381478102e-16,1.1617079601992427e-15,1.2171736971707392e-16,3.4488205068415013e-15,6.122564938550837e-14,converged
2025-01-15T11:25:00+08:00,3.4166666666666665,-4.666666666666666,120.0,2.833333333333333,51.0,51.0,44.0,44.0,35.0,55.00000000000001,85.0,38.22388795365971,10.461921329550167,13.161022204100895,14.600944420008652,77.13103178368428,1.077575992927527,51.0,51.12630967774833,51.4,41.77348607748879,42.30792490931025,42.38500961133962,42.19109358201505,0.33242406666666663,0.3988706565555998,22.147798302153433,22.359336429411066,21.816284129450224,21.988109206165447,22.072311177670674,22.228024690011196,22.12315595300425,21.984707922301638,21.880481109555344,22.20156884620747,22.096695983959446,21.958235337835507,1.0,0.4166666666666667,0.0,0.0,0.0,21.880481109555344,22.072311177670674,22.20156884620747,17.014083206421272,21.57887097185409,25.40931526946941,1.2000065381478102e-16,4.3779350491294163e-16,1.2171736971707392e-16,8.983887548734322e-16,3.700789802854323e-14,converged
2025-01-15T11:30:00+08:00,3.5,-4.583333333333334,122.5,2.8291666666666666,51.0,51.0,44.0,44.0,35.0,55.00000000000001,85.0,38.22388795365971,10.461921329550167,13.161022204100895,14.600944420008652,77.13103178368428,1.077575992927527,51.0,51.0,51.03274522155754,41.77531830648804,42.22171658389687,42.13238516619012,42.06541362664569,0.3300135333333334,0.3962973867376946,22.15346143298252,22.366093081864285,21.822609380906492,21.992634296745507,22.078221970863456,22.23496903728817,22.129028458521198,21.989375542146743,21.88700361765213,22.208563710163965,22.10261613845605,21.962947928904157,1.0,0.4166666666666667,0.0,0.0,0.0,21.88700361765213,22.078221970863456,22.208563710163965,17.014083206421272,21.57887097185409,25.40931526946941,1.2000065381478102e-16,7.343937010616032e-16,1.2171736971707392e-16,1.1360152563296674e-16,4.183812303094039e-14,converged
2025-01-15T11:35:00+08:00,3.5833333333333335,-4.5,125.0,2.8249999999999997,50.6,50.6,43.8,43.8,35.0,55.00000000000001,85.0,38.05014300841581,10.414367141688576,13.101199375900439,14.534576490826796,76.43143420200991,1.0629484655426902,51.0,51.0,51.0,41.74270240999264,42.19028746826882,42.07798524750746,42.024885190007325,0.327603,0.3957315065873191,22.159330630469622,22.37308179654639,21.829200152585152,21.997324276249536,22.084373506510182,22.242177196374772,22.135132849885068,21.994239439280797,21.89372178845465,22.215765786870545,22.10871440519813,21.96780557941203,1.0,0.4166666666666667,0.0,0.0,0.0,21.89372178845465,22.084373506510182,22.215765786870545,17.091773084076163,21.67740462925981,25.525339540106255,1.210990522431851e-16,4.4126631272375393e-16,0.0,4.614910187235927e-15,2.66491472265807e-14,converged
2025-01-15T11:40:00+08:00,3.6666666666666665,-4.416666666666666,127.5,2.8208333333333333,50.6,50.6,43.8,43.8,35.0,55.00000000000001,85.0,38.05014300841581,10.414367141688576,13.101199375900439,14.534576490826796,76.43143420200991,1.0629484655426902,51.0,51.0,51.0,41.744697567142865,42.19217158550533,42.079941413183924,42.02682722040305,0.3251924666666666,0.3956458784220411,22.165433667068903,22.3803286223643,21.836109743194754,22.002203184312098,22.090805544041302,22.24968654281657,22.14150488498366,21.999333960888393,21.900776641324235,22.2232691007814,22.11508035928518,21.97289389217032,1.0,0.3333333333333333,0.0,0.0,0.0,21.900776641324235,22.090805544041302,22.2232691007814,17.091773084076163,21.67740462925981,25.525339540106255,1.210990522431851e-16,2.942412095665835e-16,0.0,3.2642384186292858e-15,3.016006192259282e-14,converged
2025-01-15T11:45:00+08:00,3.75,-4.333333333333334,130.0,2.8166666666666664,50.6,50.6,43.8,43.8,35.0,55.00000000000001,85.0,38.05014300841581,10.414367141688576,13.101199375900439,14.534576490826796,76.43143420200991,1.0629484655426902,51.0,51.0,51.0,41.74677630840299,42.19413756352897,42.08198505501248,42.028853728245394,0.3227819333333333,0.3955565254701804,22.1717699123353,22.387832900012693,21.843336565932365,22.00727058425186,22.09751696874559,22.257495942575293,22.148143606374713,22.00465832117565,21.90816630813882,22.2310725187725,22.121713044049347,21.978212082020107,1.0,0.25,0.0,0.0,0.0,21.90816630813882,22.09751696874559,22.2310725187725,17.091773084076163,21.67740462925981,25.525339540106255,1.210990522431851e-16,5.886153524508647e-16,0.0,3.559283459351322e-15,3.8744393366368656e-14,converged
2025-01-15T11:50:00+08:00,3.8333333333333335,-4.25,132.5,2.8125,50.6,50.6,43.8,43.8,35.0,55.00000000000001,85.0,38.05014300841581,10.414367141688576,13.101199375900439,14.534576490826796,76.43143420200991,1.0629484655426902,50.7673418467261,51.0,51.0,41.590601967621275,42.19618509979433,42.08411580494,41.98762754431176,0.32037140000000003,0.3945665428834521,22.178059835574537,22.39532973805545,21.850347130212274,22.012286954775096,22.10450667034167,22.265604265882587,22.155048060041022,22.010211737026083,21.915888931141843,22.23917491198213,22.128611506241736,21.983759366475105,1.0,0.25,0.0,0.0,0.0,21.915888931141843,22.10450667034167,22.23917491198213,17.091773084076163,21.67740462925981,25.525339540106255,1.210990522431851e-16,4.425691582065607e-16,0.0,1.936240067153703e-15,4.455240912203481e-14,converged
2025-01-15T11:55:00+08:00,3.9166666666666665,-4.166666666666666,135.0,2.808333333333333,50.6,50.6,43.8,43.8,35.0,55.00000000000001,85.0,38.05014300841581,10.414367141688576,13.101199375900439,14.534576490826796,76.43143420200991,1.0629484655426902,50.6,50.73419237034078,51.0,41.4788030029485,42.01350601977932,42.08633329653567,41.89497611298204,0.3179608666666666,0.3925968822343123,22.184382131046867,22.402893579228476,21.85729279427307,22.01731973343641,22.111291676393577,22.273553850280088,22.1617835581113,22.015580321466288,21.923942662884727,22.24757515579486,22.135774796020204,21.98953496571256,1.0,0.25,0.0,0.0,0.0,21.923942662884727,22.111291676393577,22.24757515579486,17.091773084076163,21.67740462925981,25.525339540106255,1.210990522431851e-16,1.1861054134144147e-15,0.0,9.68343872670362e-16,3.626100524182492e-14,converged
2025-01-15T12:00:00+08:00,4.0,-4.083333333333334,137.5,2.8041666666666667,50.6,50.6,43.8,43.8,35.0,55.00000000000001,85.0,38.05014300841581,10.414367141688576,13.101199375900439,14.534576490826796,76.43143420200991,1.0629484655426902,50.6,50.6,50.6420271632085,41.48093046815753,41.92224586963682,41.84084797160133,41.77036458524327,0.3155503333333334,0.390024859764362,22.190937044050504,22.41071406246487,21.864555510919658,22.022540648325048,22.11811188160663,22.28157178313529,22.168565863048595,22.02096961054511,21.93141007863895,22.255658873062174,22.142619323914,21.99498316213574,1.0,0.25,0.0,0.0,0.0,21.93141007863895,22.11811188160663,22.255658873062174,17.091773084076163,21.67740462925981,25.525339540106255,1.210990522431851e-16,4.477226986143978e-16,0.0,2.226662561663662e-15,3.464807324194686e-14,converged
2025-01-15T12:05:00+08:00,4.083333333333333,-4.0,140.0,2.8,50.2,50.2,43.6,43.6,35.0,55.00000000000001,85.0,37.8763980631719,10.366812953826985,13.041376547699977,14.468208561644937,75.73502385305395,1.048453914759536,50.6,50.600000000000016,50.6,41.448881221215636,41.89135705844841,41.78061295964448,41.72794835867384,0.31313979999999997,0.3894009937160998,22.19769583107941,22.418764100483443,21.872079490201095,22.02792501673176,22.1251695192251,22.289849785712715,22.175577072827156,22.026552965998935,21.93904474189982,22.263930181494306,22.149623896718488,22.00055983833405,1.0,0.16666666666666666,0.0,0.0,0.0,21.93904474189982,22.1251695192251,22.263930181494306,17.1701757129022,21.776842265173855,25.642428253592982,1.8331890133307594e-16,1.3453200086159596e-15,0.0,1.5695400100519529e-15,4.050179405773403e-14,converged
2025-01-15T12:10:00+08:00,4.166666666666667,-3.916666666666667,141.66666666666666,2.7875,50.2,50.2,43.6,43.6,35.0,55.00000000000001,85.0,37.8763980631719,10.366812953826985,13.041376547699977,14.468208561644937,75.73502385305395,1.048453914759536,50.6,50.600000000000016,50.6,41.451164694209744,41.8935153646464,41.78284775025191,41.73017013904767,0.3110769166666667,0.38930347811087546,22.204644455141306,22.42701698196385,21.879875264024182,22.03346579675571,22.132462484251295,22.298372426306187,22.18281026753892,22.032333601849658,21.946969466757366,22.272446184008547,22.156850503053665,22.00633383656722,1.0,0.16666666666666666,0.0,0.0,0.0,21.946969466757366,22.132462484251295,22.272446184008547,17.1701757129022,21.776842265173855,25.642428253592982,1.8331890133307594e-16,5.980697752398666e-16,0.0,8.223459409548166e-16,2.3166632117768806e-14,converged
2025-01-15T12:15:00+08:00,4.25,-3.833333333333333,143.33333333333334,2.775,50.2,50.2,43.6,43.6,35.0,55.00000000000001,85.0,37.8763980631719,10.366812953826985,13.041376547699977,14.468208561644937,75.73502385305395,1.048453914759536,50.6,50.600000000000016,50.6,41.453517694652064,41.895742155215466,41.78515635725191,41.73246272603517,0.3090140333333333,0.38920285475032673,22.21178240461117,22.435472188963544,21.88794148014399,22.039162627006395,22.139989841830115,22.307138784126742,22.190264653359964,22.038310846154424,21.955182644355077,22.28120596050313,22.164298349696256,22.01230448540616,1.0,0.16666666666666666,0.0,0.0,0.0,21.955182644355077,22.139989841830115,22.28120596050313,17.1701757129022,21.776842265173855,25.642428253592982,1.8331890133307594e-16,2.9911219921964636e-16,0.0,3.710860721568738e-15,2.8699606911572045e-14,converged
2025-01-15T12:20:00+08:00,4.333333333333333,-3.75,145.0,2.7624999999999997,50.2,50.2,43.6,43.6,35.0,55.00000000000001,85.0,37.8763980631719,10.366812953826985,13.041376547699977,14.468208561644937,75.73502385305395,1.048453914759536,50.37361405703217,50.600000000000016,50.6,41.30214481835202,41.89803717725271,41.78753846918716,41.69273193765592,0.30695115,0.38822710633490387,22.21883800457912,22.44387230169995,21.89575962822308,22.0447826947209,22.147750660820233,22.31614794185116,22.197939439305106,22.044484029259035,21.96368267476013,22.29020859433606,22.171966646256813,22.01847111570645,1.0,0.16666666666666666,0.0,0.0,0.0,21.96368267476013,22.147750660820233,22.29020859433606,17.1701757129022,21.776842265173855,25.642428253592982,1.8331890133307594e-16,2.998639711841996e-16,0.0,5.1070582592309e-16,2.9617270129960496e-14,converged
2025-01-15T12:25:00+08:00,4.416666666666667,-3.666666666666667,146.66666666666666,2.75,50.2,50.2,43.6,43.6,35.0,55.00000000000001,85.0,37.8763980631719,10.366812953826985,13.041376547699977,14.468208561644937,75.73502385305395,1.048453914759536,50.2,50.34214738121391,50.6,41.18653376388067,41.72142313815753,41.789993775977635,41.601216253718896,0.3048882666666667,0.3862614607649942,22.225874967474567,22.45227759818055,21.903452484504594,22.050380569294642,22.155276915819936,22.324956441883362,22.205413395138073,22.0504520407526,21.97246796691389,22.29945317231212,22.179854605169574,22.02483306060058,1.0,0.16666666666666666,0.0,0.0,0.0,21.97246796691389,22.155276915819936,22.29945317231212,17.1701757129022,21.776842265173855,25.642428253592982,1.8331890133307594e-16,1.5069497432694068e-16,0.0,1.5634603586420096e-15,4.2091707928949844e-14,converged
2025-01-15T12:30:00+08:00,4.5,-3.583333333333333,148.33333333333334,2.7375,50.2,50.2,43.6,43.6,35.0,55.00000000000001,85.0,37.8763980631719,10.366812953826985,13.041376547699977,14.468208561644937,75.73502385305395,1.048453914759536,50.2,50.20000000000001,50.25139426028744,41.18889301686173,41.6250199699726,41.55162590909994,41.47761611394588,0.3028253833333333,0.38369361937762636,22.233101017698214,22.460884831002442,21.911416295123,22.056134362177627,22.16277964978972,22.33376408005826,22.212876317258797,22.056395645054998,21.980645957083752,22.308342021628157,22.187394470281678,22.03084964264586,1.0,0.16666666666666666,0.0,0.0,0.0,21.980645957083752,22.16277964978972,22.308342021628157,17.1701757129022,21.776842265173855,25.642428253592982,1.8331890133307594e-16,0.0,0.0,3.723846590941216e-15,4.2560133963865335e-14,converged
2025-01-15T12:35:00+08:00,4.583333333333333,-3.5,150.0,2.7249999999999996,49.8,49.8,43.4,43.4,35.0,55.00000000000001,85.0,37.702653117927994,10.319258765965392,12.981553719499521,14.401840632463081,75.0418007368163,1.0340917333789685,50.2,50.2,50.2,41.1573444202931,41.59460877257597,41.48545490326561,41.433233905626075,0.3007625,0.3830148866171721,22.240487744083374,22.469667265598847,21.919595913498764,22.06201964086221,22.170475839021478,22.342776598201894,22.220523572707542,22.062500786673116,21.988922368520683,22.31734726987363,22.195034605913996,22.036947695947397,1.0,0.16666666666666666,0.0,0.0,0.0,21.988922368520683,22.170475839021478,22.31734726987363,17.24930094660221,21.877196376994927,25.760596125729354,1.2334157966054493e-16,0.0,1.23400098330674e-16,1.899653999990823e-17,4.3744536632817506e-14,converged
2025-01-15T12:40:00+08:00,4.666666666666667,-3.416666666666667,151.66666666666666,2.7125,49.8,49.8,43.4,43.4,35.0,55.00000000000001,85.0,37.702653117927994,10.319258765965392,12.981553719499521,14.401840632463081,75.0418007368163,1.0340917333789685,50.2,50.2,50.2,41.15983955981932,41.59696829289126,41.48789376581241,41.43566085259956,0.2986996166666667,0.38290885472241554,22.248062622622335,22.47865068194581,21.92804408026372,22.06806017890699,22.178404830145368,22.352031002110593,22.228390548563166,22.06880143907742,21.997485299231588,22.326594464919452,22.20289451458006,22.043241304862295,1.0,0.16666666666666666,0.0,0.0,0.0,21.997485299231588,22.178404830145368,22.326594464919452,17.24930094660221,21.877196376994927,25.760596125729354,1.2334157966054493e-16,6.080576115761464e-16,1.23400098330674e-16,4.626938388087239e-15,3.706942407451728e-14,converged
2025-01-15T12:45:00+08:00,4.75,-3.333333333333333,153.33333333333334,2.6999999999999997,49.8,49.8,43.4,43.4,35.0,55.00000000000001,85.0,37.702653117927994,10.319258765965392,12.981553719499521,14.401840632463081,75.0418007368163,1.0340917333789685,50.2,50.2,50.2,41.16240377770589,41.5993958488869,41.49040592328778,41.438158129589,0.2966367333333333,0.38279975015036843,22.25582514641844,22.48783456704425,21.93675945983287,22.07425561771642,22.18656569867146,22.361526381681784,22.2364764593822,22.075296936591794,22.00633316059147,22.336082697324663,22.210973411417505,22.04972980421381,1.0,0.08333333333333333,0.0,0.0,0.0,22.00633316059147,22.18656569867146,22.336082697324663,17.24930094660221,21.877196376994927,25.760596125729354,1.2334157966054493e-16,3.0411545927395577e-16,1.23400098330674e-16,4.438184983779292e-15,2.2483299779548937e-14,converged
2025-01-15T12:50:00+08:00,4.833333333333333,-3.25,155.0,2.6875,49.8,49.8,43.4,43.4,35.0,55.00000000000001,85.0,37.702653117927994,10.319258765965392,12.981553719499521,14.401840632463081,75.0418007368163,1.0340917333789685,49.97994407572818,50.2,50.2,41.015808954441994,41.60189118941732,41.49299106661884,41.3998816271082,0.29457384999999997,0.3818406341101666,22.263511441366273,22.496968892391507,21.94523841791646,22.080379831104246,22.1949575237811,22.371261830237184,22.244780522528927,22.08198661580663,22.015464372783565,22.34581106106675,22.21927051436691,22.05641253108778,1.0,0.08333333333333333,0.0,0.0,0.0,22.015464372783565,22.1949575237811,22.34581106106675,17.24930094660221,21.877196376994927,25.760596125729354,1.2334157966054493e-16,6.097586868837395e-16,1.23400098330674e-16,1.8769134580640104e-15,3.3912663183642165e-14,converged
2025-01-15T12:55:00+08:00,4.916666666666667,-3.166666666666667,156.66666666666666,2.675,49.8,49.8,43.4,43.4,35.0,55.00000000000001,85.0,37.702653117927994,10.319258765965392,12.981553719499521,14.401840632463081,75.0418007368163,1.0340917333789685,49.8,49.9501757101596,50.2,40.89632738191262,41.43134235089017,41.495648888098636,41.30947226939563,0.29251096666666665,0.3798807463416085,22.271170010024317,22.506099527041727,21.95357471336951,22.086474350026275,22.20312717299453,22.380808001990843,22.252894913823877,22.088482133656182,22.02487736475051,22.355778653528798,22.227785044161774,22.06328882482492,1.0,0.08333333333333333,0.0,0.0,0.0,22.02487736475051,22.20312717299453,22.355778653528798,17.24930094660221,21.877196376994927,25.760596125729354,1.2334157966054493e-16,7.661307064654976e-16,1.23400098330674e-16,1.2210208134293867e-15,4.7739401293851685e-14,converged
2025-01-15T13:00:00+08:00,5.0,-3.083333333333333,158.33333333333334,2.6624999999999996,49.8,49.8,43.4,43.4,35.0,55.00000000000001,85.0,37.702653117927994,10.319258765965392,12.981553719499521,14.401840632463081,75.0418007368163,1.0340917333789685,49.8,49.8,49.860847690058336,40.89889591443892,41.32974366641094,41.26441672708692,41.1868662515607,0.29044808333333333,0.3773182476324663,22.279015998471763,22.51543025467372,21.962178778001885,22.092723645035758,22.211256446172946,22.39033698897834,22.26098310873586,22.094939184819093,22.03370438953639,22.365404433399902,22.235965045362004,22.06983305677826,1.0,0.08333333333333333,0.0,0.0,0.0,22.03370438953639,22.211256446172946,22.365404433399902,17.24930094660221,21.877196376994927,25.760596125729354,1.2334157966054493e-16,3.085335060188535e-16,1.23400098330674e-16,1.6044344917484326e-15,3.126208199838783e-14,converged
2025-01-15T13:05:00+08:00,5.083333333333333,-3.0,160.0,2.65,49.4,49.4,43.2,43.2,35.0,55.00000000000001,85.0,37.52890817268409,10.271704578103803,12.921730891299065,14.335472703281226,74.35176485329696,1.0198613142018942,49.8,49.8,49.8,40.8678486816027,41.29981074709601,41.19227292565503,41.140504427764185,0.2883852,0.37658485181497026,22.287021223192166,22.52493456688896,21.97099591096708,22.09910346822535,22.219577017530934,22.400068470247092,22.269253699730502,22.101556293544924,22.04260273733432,22.375128100642733,22.244228059847956,22.076442689334698,1.0,0.08333333333333333,0.0,0.0,0.0,22.04260273733432,22.219577017530934,22.375128100642733,17.329158821354994,21.978479693555084,25.879858144829946,2.48972549924357e-16,3.091343724153139e-16,0.0,1.1206121000055129e-15,2.3275380647229337e-14,converged
2025-01-15T13:10:00+08:00,5.166666666666667,-2.916666666666667,161.66666666666666,2.6375,49.4,49.4,43.2,43.2,35.0,55.00000000000001,85.0,37.52890817268409,10.271704578103803,12.921730891299065,14.335472703281226,74.35176485329696,1.0198613142018942,49.8,49.8,49.8,40.87055309726929,41.30236902375545,41.19491290544167,41.14313391218822,0.2863223166666667,0.3764705005812394,22.29521294192947,22.5346380274393,21.98007843889986,22.1056374141161,22.228127923436134,22.410039145621774,22.27774179374804,22.108367178211186,22.051784174656067,22.38509102783782,22.252708633889984,22.08324614575461,1.0,0.08333333333333333,0.0,0.0,0.0,22.051784174656067,22.228127923436134,22.38509102783782,17.329158821354994,21.978479693555084,25.879858144829946,2.48972549924357e-16,3.0922827060074875e-16,0.0,5.024959397262167e-16,3.292281463120447e-14,converged
2025-01-15T13:15:00+08:00,5.25,-2.833333333333333,163.33333333333334,2.625,49.4,49.4,43.2,43.2,35.0,55.00000000000001,85.0,37.52890817268409,10.271704578103803,12.921730891299065,14.335472703281226,74.35176485329696,1.0198613142018942,49.8,49.8,49.8,40.873326155011235,41.304994899296645,41.197625674727696,41.14583326375434,0.2842594333333333,0.3763531109595177,22.30359065244151,22.54454012819495,21.98942504240591,22.112325126870502,22.236908249528334,22.420248115453504,22.28644661355345,22.11537117928779,22.061247132474467,22.395292315973084,22.261405990815224,22.090242766993295,1.0,0.08333333333333333,0.0,0.0,0.0,22.061247132474467,22.236908249528334,22.395292315973084,17.329158821354994,21.978479693555084,25.879858144829946,2.48972549924357e-16,1.5466236153878504e-16,0.0,8.119773980786215e-16,2.755188249872398e-14,converged
2025-01-15T13:20:00+08:00,5.333333333333333,-2.75,165.0,2.6125,49.4,49.4,43.2,43.2,35.0,55.00000000000001,85.0,37.52890817268409,10.271704578103803,12.921730891299065,14.335472703281226,74.35176485329696,1.0198613142018942,49.586332705708394,49.8,49.8,40.73153327418314,41.30768812428665,41.200410926751076,41.10901563122735,0.28219655,0.3754110135363192,22.311898340821227,22.554398288184533,21.99854707666662,22.11894721778405,22.245917085077068,22.43069448347713,22.29536738468912,22.122567639489407,22.070990050458718,22.405731069414458,22.270319356723476,22.09743189624695,1.0,0.08333333333333333,0.0,0.0,0.0,22.070990050458718,22.245917085077068,22.405731069414458,17.329158821354994,21.978479693555084,25.879858144829946,2.48972549924357e-16,3.1010097634142047e-16,0.0,5.087594143101429e-16,5.373900235118709e-14,converged
2025-01-15T13:25:00+08:00,5.416666666666667,-2.666666666666667,166.66666666666666,2.6,49.4,49.4,43.2,43.2,35.0,55.00000000000001,85.0,37.52890817268409,10.271704578103803,12.921730891299065,14.335472703281226,74.35176485329696,1.0198613142018942,49.4,49.55827837548441,49.8,40.60815622916443,41.143236817443594,41.203268356104665,41.01971579138178,0.28013366666666667,0.37345719025223173,22.32016918383022,22.564243857712338,22.00750906053965,22.125532080113363,22.254716305635245,22.440963124713946,22.30410979258938,22.129581081730365,22.08101137692617,22.41640639589319,22.27944796047732,22.104812878945047,1.0,0.0,0.0,0.0,0.0,22.08101137692617,22.254716305635245,22.41640639589319,17.329158821354994,21.978479693555084,25.879858144829946,2.48972549924357e-16,1.558616688412242e-16,0.0,1.0228422017705339e-15,3.5444396919747447e-14,converged
2025-01-15T13:30:00+08:00,5.5,-2.583333333333333,168.33333333333334,2.5875,49.4,49.4,43.2,43.2,35.0,55.00000000000001,85.0,37.52890817268409,10.271704578103803,12.921730891299065,14.335472703281226,74.35176485329696,1.0198613142018942,49.4,49.4,49.4703886515864,40.61093169852557,41.036409039851264,40.97920988256708,40.898106201708735,0.27807078333333335,0.37090033422858687,22.328625805526435,22.57428770485238,22.01673571926313,22.132270591750782,22.26345824128767,22.451198212756488,22.312810788025136,22.13654193701006,22.090468374136208,22.426754014054772,22.288255769387263,22.111875251460987,1.0,0.0,0.0,0.0,0.0,22.090468374136208,22.26345824128767,22.426754014054772,17.329158821354994,21.978479693555084,25.879858144829946,2.48972549924357e-16,6.277444967476775e-16,0.0,2.0003225516481167e-15,5.593333293021397e-14,converged
2025-01-15T13:35:00+08:00,5.583333333333333,-2.5,170.0,2.575,49.0,49.0,43.0,43.0,35.0,55.00000000000001,85.0,37.35516322744017,10.224150390242208,12.861908063098603,14.269104774099363,73.66491620249597,1.0057620500292177,49.4,49.4,49.4,40.580393408596464,41.00696157764013,40.90106283996199,40.849757678955164,0.27600790000000003,0.3701121854645564,22.337240258268764,22.584503555911088,22.026172813358453,22.13913869568068,22.27238938702407,22.461633481166125,22.32169229937049,22.143661413500045,22.09996953535743,22.43718095510682,22.297129273048757,22.11898688466766,1.0,0.0,0.0,0.0,0.0,22.09996953535743,22.27238938702407,22.43718095510682,17.40975956005898,22.08070518050186,26.000229578061727,2.5129395974625856e-16,3.1454063497210436e-16,1.1226527738298692e-16,5.701049008869391e-16,3.236197261584299e-14,converged
2025-01-15T13:40:00+08:00,5.666666666666667,-2.416666666666667,171.66666666666666,2.5625,49.0,49.0,43.0,43.0,35.0,55.00000000000001,85.0,37.35516322744017,10.224150390242208,12.861908063098603,14.269104774099363,73.66491620249597,1.0057620500292177,49.4,49.4,49.4,40.583304783999786,41.00971622052755,40.903901072682885,40.85258714975562,0.27394501666666665,0.3699897068747874,22.346039573161196,22.59491674971318,22.03587223881996,22.146159801009656,22.28154845665989,22.472305311160607,22.33078914241492,22.150972965082,22.109750465019022,22.447844528247106,22.306218168728844,22.126290643894038,1.0,0.0,0.0,0.0,0.0,22.109750465019022,22.28154845665989,22.447844528247106,17.40975956005898,22.08070518050186,26.000229578061727,2.5129395974625856e-16,4.719671371817337e-16,1.1226527738298692e-16,3.883896233058017e-15,3.311151038238127e-14,converged
2025-01-15T13:45:00+08:00,5.75,-2.333333333333333,173.33333333333334,2.55,49.0,49.0,43.0,43.0,35.0,55.00000000000001,85.0,37.35516322744017,10.224150390242208,12.861908063098603,14.269104774099363,73.66491620249597,1.0057620500292177,49.4,49.4,49.4,40.58628437769885,41.01253803716041,40.9068116051195,40.85548603823888,0.2718821333333333,0.3698642234192698,22.355023252543507,22.605526782925214,22.045832691989666,22.15333355462193,22.29093454573524,22.483212813317692,22.340100547963853,22.158475938253847,22.11980961308021,22.458743844666145,22.315521687776716,22.133785876109858,1.0,0.0,0.0,0.0,0.0,22.11980961308021,22.29093454573524,22.458743844666145,17.40975956005898,22.08070518050186,26.000229578061727,2.5129395974625856e-16,1.573757536626745e-16,1.1226527738298692e-16,5.704871070271951e-16,3.821726395164431e-14,converged
2025-01-15T13:50:00+08:00,5.833333333333333,-2.25,175.0,2.5375,49.0,49.0,43.0,43.0,35.0,55.00000000000001,85.0,37.35516322744017,10.224150390242208,12.861908063098603,14.269104774099363,73.66491620249597,1.0057620500292177,49.192780764804716,49.4,49.4,40.44931758659794,41.015426779774664,40.909794132748985,40.820131987676056,0.26981925,0.36893952808487557,22.36394320277549,22.616098578997192,22.055580632254845,22.16044735677663,22.300546753379354,22.494355101559186,22.349625749570393,22.16616968173693,22.130145438088142,22.469878018892903,22.325039064284592,22.141471930504483,1.0,0.0,0.0,0.0,0.0,22.130145438088142,22.300546753379354,22.469878018892903,17.40975956005898,22.08070518050186,26.000229578061727,2.5129395974625856e-16,3.1554038796339856e-16,1.1226527738298692e-16,2.9779124114045742e-15,2.5124647998121426e-14,converged
2025-01-15T13:55:00+08:00,5.916666666666667,-2.166666666666667,176.66666666666666,2.525,49.0,49.0,43.0,43.0,35.0,55.00000000000001,85.0,37.35516322744017,10.224150390242208,12.861908063098603,14.269104774099363,73.66491620249597,1.0057620500292177,49.0,49.16645641444015,49.4,40.32202004374742,40.85710566273771,40.91284835239269,40.73194498460953,0.2677563666666667,0.3669920723870505,22.372817157588415,22.626648858449173,22.065151113357892,22.16751636265227,22.309962079624476,22.505331381975015,22.35898404703826,22.173691684200033,22.140756407130294,22.481246168782242,22.334769535077914,22.14934815847936,1.0,0.0,0.0,0.0,0.0,22.140756407130294,22.309962079624476,22.481246168782242,17.40975956005898,22.08070518050186,26.000229578061727,2.5129395974625856e-16,1.1102518475236935e-15,1.1226527738298692e-16,4.673962018816263e-15,3.2769614008320654e-14,converged
2025-01-15T14:00:00+08:00,6.0,-2.083333333333333,178.33333333333334,2.5124999999999997,49.0,49.0,43.0,43.0,35.0,55.00000000000001,85.0,37.35516322744017,10.224150390242208,12.861908063098603,14.269104774099363,73.66491620249597,1.0057620500292177,49.0,49.0,49.080018366244936,40.32500018002108,40.74501506242421,40.69600193907397,40.61133424604508,0.26569348333333326,0.36444115539658,22.38187527595598,22.63739562766665,22.074983262959243,22.17473790626033,22.319303155500744,22.51625769260945,22.368285660336323,22.181146916800245,22.15082498637924,22.492300902887976,22.344193113666137,22.156919378993866,1.0,0.0,0.0,0.0,0.0,22.15082498637924,22.319303155500744,22.492300902887976,17.40975956005898,22.08070518050186,26.000229578061727,2.5129395974625856e-16,4.791527525215417e-16,1.1226527738298692e-16,3.628583865449592e-15,5.310716470042807e-14,converged
2025-01-15T14:05:00+08:00,6.083333333333333,-2.0,180.0,2.5,48.6,48.6,42.8,42.8,35.0,55.00000000000001,85.0,37.18141828219627,10.176596202380615,12.802085234898144,14.202736844917506,72.98125478441332,0.9917933336618455,49.0,49.0,49.0,40.294978593601954,40.71606040658379,40.611821131106026,40.56099201909953,0.2636306,0.3635981558008963,22.39108985446317,22.648312856327895,22.08502331874654,22.182088127872806,22.328831421052104,22.527381940191862,22.377765965520716,22.18875937703398,22.160910504071236,22.50341633977431,22.353665004894953,22.164523649113853,1.0,0.0,0.0,0.0,0.0,22.160910504071236,22.328831421052104,22.50341633977431,17.49111357669477,22.183886045831308,26.12172597795921,1.2682399433652287e-16,1.1206152173593269e-15,0.0,9.605273291651374e-16,2.8300812035531077e-14,converged
2025-01-15T14:10:00+08:00,6.166666666666667,-2.0416666666666665,176.66666666666669,2.5104166666666665,48.6,48.6,42.8,42.8,35.0,55.00000000000001,85.0,37.18141828219627,10.176596202380615,12.802085234898144,14.202736844917506,72.98125478441332,0.9917933336618455,49.0,49.0,49.0,40.29801512839784,40.71893146208006,40.61477188509465,40.56393881008024,0.2657049916666667,0.3634711920904055,22.400050777988646,22.658932857724714,22.094731702158473,22.189244215897887,22.338065455483505,22.538168882405632,22.386961617086072,22.1961450985981,22.170649306349862,22.514194545235807,22.362852305610406,22.17190123370283,1.0,0.0,0.0,0.0,0.0,22.170649306349862,22.338065455483505,22.514194545235807,17.49111357669477,22.183886045831308,26.12172597795921,1.2682399433652287e-16,1.2811504665049664e-15,0.0,3.0827683100275755e-15,3.6817342572341805e-14,converged
2025-01-15T14:15:00+08:00,6.25,-2.0833333333333335,173.33333333333331,2.5208333333333335,48.6,48.6,42.8,42.8,35.0,55.00000000000001,85.0,37.18141828219627,10.176596202380615,12.802085234898144,14.202736844917506,72.98125478441332,0.9917933336618455,49.0,49.0,49.0,40.30096074726254,40.72171439965488,40.61762901748449,40.56679461499996,0.2677793833333333,0.36334814855205516,22.408758729128174,22.669256389663964,22.104110060799012,22.19620661821142,22.34700642594823,22.548619786980982,22.39587363147945,22.203304852646973,22.180043313447946,22.524636785469305,22.37175603102751,22.179052902970604,1.0,0.0,0.0,0.0,0.0,22.179052902970604,22.34700642594823,22.524636785469305,17.49111357669477,22.183886045831308,26.12172597795921,1.2682399433652287e-16,1.2815843129059626e-15,0.0,1.1213862737927172e-15,4.1739599042668594e-14,converged
2025-01-15T14:20:00+08:00,6.333333333333333,-2.125,170.0,2.53125,48.6,48.6,42.8,42.8,35.0,55.00000000000001,85.0,37.18141828219627,10.176596202380615,12.802085234898144,14.202736844917506,72.98125478441332,0.9917933336618455,48.79928908613559,49.0,49.0,40.168448032213966,40.724409544848136,40.620392920807646,40.53250948060817,0.269853775,0.3624584489824832,22.41697476784277,22.679057190767626,22.11270299570721,22.202770372567322,22.355655494969707,22.558735916883496,22.40450302151836,22.2102394077122,22.18909443496338,22.534744321917483,22.38037719273971,22.185979424510037,1.0,0.0,0.0,0.0,0.0,22.185979424510037,22.355655494969707,22.534744321917483,17.49111357669477,22.183886045831308,26.12172597795921,1.2682399433652287e-16,3.211825304493341e-16,0.0,5.068661808653554e-16,3.474357913389562e-14,converged
2025-01-15T14:25:00+08:00,6.416666666666667,-2.1666666666666665,166.66666666666669,2.5416666666666665,48.6,48.6,42.8,42.8,35.0,55.00000000000001,85.0,37.18141828219627,10.176596202380615,12.802085234898144,14.202736844917506,72.98125478441332,0.9917933336618455,48.6,48.77471088366651,49.0,40.03665091776583,40.57171105206872,40.62306398587317,40.44488052909185,0.2719281666666667,0.3605417121255149,22.424702235698863,22.68833848949799,22.12051877471422,22.208938089177682,22.363606950472445,22.568133051854325,22.41248457243986,22.216600728257728,22.19780456991803,22.5445184112867,22.388716798731824,22.19268156330595,1.0,0.0,0.0,0.0,0.0,22.19268156330595,22.363606950472445,22.5445184112867,17.49111357669477,22.183886045831308,26.12172597795921,1.2682399433652287e-16,9.686700698842357e-16,0.0,6.861412995013335e-16,4.998064416743655e-14,converged
2025-01-15T14:30:00+08:00,6.5,-2.2083333333333335,163.33333333333331,2.5520833333333335,48.6,48.6,42.8,42.8,35.0,55.00000000000001,85.0,37.18141828219627,10.176596202380615,12.802085234898144,14.202736844917506,72.98125478441332,0.9917933336618455,48.6,48.6,48.68973807823673,40.039122567590766,40.453630024374675,40.412727810449255,40.324554840773594,0.27400255833333337,0.3580278907789617,22.432180050447894,22.69732673191009,22.128013930584583,22.214914400298547,22.370955530008537,22.576900997813915,22.4199033237227,22.22246953149367,22.20538498022942,22.553430804454646,22.396272790660852,22.198680942773073,1.0,0.0,0.0,0.0,0.0,22.198680942773073,22.370955530008537,22.553430804454646,17.49111357669477,22.183886045831308,26.12172597795921,1.2682399433652287e-16,8.128928278021153e-16,0.0,2.532034144099245e-15,5.458023701891521e-14,converged
2025-01-15T14:35:00+08:00,6.583333333333333,-2.25,160.0,2.5625,48.8,48.8,42.9,42.9,35.0,55.00000000000001,85.0,37.26829075481823,10.200373296311414,12.831996648998375,14.235920809508439,73.32268708936483,0.9987614113198119,48.6,48.600000000000016,48.6,40.0577924072438,40.47153619759736,40.3692620954366,40.31922690154714,0.27607695,0.3576141397147762,22.439422285293823,22.706035233092084,22.135215899488493,22.220711332339558,22.378037787826653,22.58535860164531,22.427062090619845,22.2281341361857,22.21243218628706,22.56187967188948,22.403423271610265,22.204337524806846,1.0,0.0,0.0,0.0,0.0,22.204337524806846,22.378037787826653,22.56187967188948,17.450341750175664,22.132175355747783,26.060836173814774,3.7870028817287894e-16,1.627666650985678e-16,0.0,1.191961339514251e-15,3.522350163131976e-14,converged
2025-01-15T14:40:00+08:00,6.666666666666667,-2.2916666666666665,156.66666666666669,2.5729166666666665,48.8,48.8,42.9,42.9,35.0,55.00000000000001,85.0,37.26829075481823,10.200373296311414,12.831996648998375,14.235920809508439,73.32268708936483,0.9987614113198119,48.6,48.600000000000016,48.6,40.06008815356206,40.47367870175101,40.371425813595856,40.32141945168223,0.27815134166666666,0.35751945206653124,22.446416169168433,22.71445213419792,22.1421002875205,22.226317711805876,22.384835512228236,22.593488916663723,22.433944489053264,22.233578623505537,22.21914949696025,22.57000131419996,22.41029743849428,22.209774035446625,1.0,0.0,0.0,0.0,0.0,22.209774035446625,22.384835512228236,22.57000131419996,17.450341750175664,22.132175355747783,26.060836173814774,3.7870028817287894e-16,1.6280977322217274e-16,0.0,3.149578805050892e-15,2.677474537499059e-14,converged
2025-01-15T14:45:00+08:00,6.75,-2.3333333333333335,153.33333333333331,2.5833333333333335,48.8,48.8,42.9,42.9,35.0,55.00000000000001,85.0,37.26829075481823,10.200373296311414,12.831996648998375,14.235920809508439,73.32268708936483,0.9987614113198119,48.6,48.600000000000016,48.6,40.06229588758761,40.47573592539499,40.373499384591305,40.32352411462762,0.28022573333333334,0.35742855992160055,22.453162370521227,22.722578178828773,22.148668672593423,22.231733978395354,22.391349832106386,22.60129317318044,22.440551506067617,22.23880374222641,22.225538739671556,22.577796960241905,22.41689627718757,22.214991222569022,1.0,0.0,0.0,0.0,0.0,22.214991222569022,22.391349832106386,22.577796960241905,17.450341750175664,22.132175355747783,26.060836173814774,3.7870028817287894e-16,3.2570234972960665e-16,0.0,1.3515743616980864e-15,3.362516521606334e-14,converged
2025-01-15T14:50:00+08:00,6.833333333333333,-2.375,150.0,2.59375,48.8,48.8,42.9,42.9,35.0,55.00000000000001,85.0,37.26829075481823,10.200373296311414,12.831996648998375,14.235920809508439,73.32268708936483,0.9987614113198119,48.70198632999297,48.600000000000016,48.6,40.13326312470396,40.47770818361978,40.37548318570964,40.34438478575588,0.282300125,0.3577331557853868,22.459783364354987,22.730529510248868,22.155154952556497,22.2370649881983,22.397581871875296,22.608772596881895,22.44688412518236,22.24381023857446,22.231601731720726,22.585267834256307,22.423220770047262,22.219989831509114,1.0,0.0,0.0,0.0,0.0,22.219989831509114,22.397581871875296,22.585267834256307,17.450341750175664,22.132175355747783,26.060836173814774,3.7870028817287894e-16,4.88137540276426e-16,0.0,1.1805639198139415e-15,3.507867132495896e-14,converged
2025-01-15T14:55:00+08:00,6.916666666666667,-2.4166666666666665,146.66666666666669,2.6041666666666665,48.8,48.8,42.9,42.9,35.0,55.00000000000001,85.0,37.26829075481823,10.200373296311414,12.831996648998375,14.235920809508439,73.32268708936483,0.9987614113198119,48.8,48.71471298577009,48.6,40.20153803719482,40.55874368040477,40.37737759258466,40.391697002332386,0.2843745166666667,0.3585541892641853,22.46627458523946,22.738301937267398,22.16154993014125,22.242306754740753,22.403740002071956,22.616124763282883,22.453129873188796,22.24877652851971,22.23734028034075,22.592415155886663,22.42927189592548,22.22477060506908,1.0,0.0,0.0,0.0,0.0,22.22477060506908,22.403740002071956,22.592415155886663,17.450341750175664,22.132175355747783,26.060836173814774,3.7870028817287894e-16,9.740395620464429e-16,0.0,1.3324767965385575e-15,3.842553657657685e-14,converged
2025-01-15T15:00:00+08:00,7.0,-2.4583333333333335,143.33333333333331,2.6145833333333335,48.8,48.8,42.9,42.9,35.0,55.00000000000001,85.0,37.26829075481823,10.200373296311414,12.831996648998375,14.235920809508439,73.32268708936483,0.9987614113198119,48.8,48.800000000000004,48.75756655304741,40.20358510391559,40.619473469896526,40.48740728477147,40.4551970780456,0.2864489083333333,0.35967933661999785,22.472519476545585,22.745785151266237,22.167631336421625,22.247359249746452,22.409771046391672,22.623299507605978,22.45924095979119,22.253656947777277,22.24315785417217,22.599509151904883,22.435306210234895,22.229577709414077,1.0,0.0,0.0,0.0,0.0,22.229577709414077,22.409771046391672,22.599509151904883,17.450341750175664,22.132175355747783,26.060836173814774,3.7870028817287894e-16,1.6183209594540582e-16,0.0,4.692532390392125e-15,3.699528421812191e-14,converged
2025-01-15T15:05:00+08:00,7.083333333333333,-2.5,140.0,2.625,49.0,49.0,43.0,43.0,35.0,55.00000000000001,85.0,37.35516322744018,10.22415039024221,12.861908063098605,14.269104774099366,73.66491620249595,1.0057620500292175,48.8,48.8,48.8,40.22187037103275,40.63701242192021,40.534249357612744,40.484133644271004,0.2885233,0.359966812095441,22.47853212996239,22.752992480208732,22.17342662446485,22.252234521188416,22.41554103055532,22.630169925673346,22.46509676283913,22.258336565216396,22.2487879512866,22.606371649779067,22.44115442255699,22.23424989465659,1.0,0.0,0.0,0.0,0.0,22.23424989465659,22.41554103055532,22.606371649779067,17.409759560058976,22.080705180501855,26.000229578061717,1.884704698096939e-16,0.0,1.122652773829869e-16,2.1070471118972005e-15,4.235858092967627e-14,converged
2025-01-15T15:10:00+08:00,7.166666666666667,-2.5416666666666665,136.66666666666669,2.6354166666666665,49.0,49.0,43.0,43.0,35.0,55.00000000000001,85.0,37.35516322744018,10.22415039024221,12.861908063098605,14.269104774099366,73.66491620249595,1.0057620500292175,48.8,48.8,48.8,40.22374567244478,40.63875301077503,40.53599727912889,40.48591390507018,0.29059769166666666,0.35988975039469145,22.484299738885344,22.759912033758535,22.17891131530014,22.256921364685944,22.4210316836609,22.63671901666707,22.470680847167312,22.262799413047418,22.254095997238142,22.612912875266037,22.446730963445482,22.238705350927045,1.0,0.0,0.0,0.0,0.0,22.238705350927045,22.4210316836609,22.612912875266037,17.409759560058976,22.080705180501855,26.000229578061717,1.884704698096939e-16,6.469499156297839e-16,1.122652773829869e-16,1.5744463047218668e-15,2.8178502710499566e-14,converged
2025-01-15T15:15:00+08:00,7.25,-2.5833333333333335,133.33333333333331,2.6458333333333335,49.0,49.0,43.0,43.0,35.0,55.00000000000001,85.0,37.35516322744018,10.22415039024221,12.861908063098605,14.269104774099366,73.66491620249595,1.0057620500292175,48.8,48.8,48.8,40.22553461331711,40.6404099524894,40.53765693409937,40.487608011525865,0.29267208333333333,0.3598164180353058,22.48982296298923,22.76654454590251,22.184086952443003,22.261420215116633,22.426244114164952,22.64294798870995,22.47599418339253,22.267046228791212,22.259083776332524,22.619134035091154,22.452036802390637,22.242944814880367,1.0,0.0,0.0,0.0,0.0,22.242944814880367,22.426244114164952,22.619134035091154,17.409759560058976,22.080705180501855,26.000229578061717,1.884704698096939e-16,3.235408836055723e-16,1.122652773829869e-16,1.9499374920941882e-15,3.7341600376835924e-14,converged
2025-01-15T15:20:00+08:00,7.333333333333333,-2.625,130.0,2.65625,49.0,49.0,43.0,43.0,35.0,55.00000000000001,85.0,37.35516322744018,10.22415039024221,12.861908063098605,14.269104774099366,73.66491620249595,1.0057620500292175,48.90360961759764,48.8,48.8,40.29724468270889,40.641983556155516,40.539228691741975,40.50837733996905,0.29474647499999995,0.36014490995451914,22.495226258832798,22.7730080360056,22.189191193455063,22.265837630074454,22.43117942612539,22.648858045382504,22.481037738664398,22.271077747459373,22.263753062989633,22.625036331447223,22.45707290542299,22.246969020667613,1.0,0.0,0.0,0.0,0.0,22.246969020667613,22.43117942612539,22.625036331447223,17.409759560058976,22.080705180501855,26.000229578061717,1.884704698096939e-16,3.232457785996096e-16,1.122652773829869e-16,6.235267159007827e-16,5.518644412242105e-14,converged
2025-01-15T15:25:00+08:00,7.416666666666667,-2.6666666666666665,126.66666666666669,2.6666666666666665,49.0,49.0,43.0,43.0,35.0,55.00000000000001,85.0,37.35516322744018,10.22415039024221,12.861908063098605,14.269104774099366,73.66491620249595,1.0057620500292175,49.0,48.916771792779926,48.8,40.36406825085718,40.72411239911259,40.540712919657956,40.555512094292695,0.2968208666666667,0.36098699186001515,22.50050116818602,22.779294623670694,22.194207394311167,22.270166289098864,22.436049770554877,22.65465034132171,22.486002444921365,22.275075632696943,22.26810562179829,22.630620962011516,22.461840235125678,22.250778699944487,1.0,0.0,0.0,0.0,0.0,22.250778699944487,22.436049770554877,22.630620962011516,17.409759560058976,22.080705180501855,26.000229578061717,1.884704698096939e-16,0.0,1.122652773829869e-16,6.536299855966003e-15,4.9676725788564185e-14,converged
2025-01-15T15:30:00+08:00,7.5,-2.7083333333333335,123.33333333333331,2.6770833333333335,49.0,49.0,43.0,43.0,35.0,55.00000000000001,85.0,37.35516322744018,10.22415039024221,12.861908063098605,14.269104774099366,73.66491620249595,1.0057620500292175,49.0,49.0,48.95999081687753,40.365701288341505,40.783076477011356,40.65209599540738,40.61880786235897,0.2988952583333333,0.3621330057163948,22.50553301909758,22.785295784344033,22.198916869639827,22.274307781719415,22.440794480383687,22.660267612338643,22.49083377194088,22.278987805516753,22.272551212274667,22.636162376269958,22.46659936366649,22.254621849203126,1.0,0.0,0.0,0.0,0.0,22.254621849203126,22.440794480383687,22.636162376269958,17.409759560058976,22.080705180501855,26.000229578061717,1.884704698096939e-16,8.036779304100888e-16,1.122652773829869e-16,4.65502572048726e-15,4.042601918047378e-14,converged
2025-01-15T15:35:00+08:00,7.583333333333333,-2.75,120.0,2.6875,49.2,49.2,43.1,43.1,35.0,55.00000000000001,85.0,37.44203570006213,10.247927484173005,12.891819477198831,14.302288738690294,74.00794212380667,1.0127953256899493,49.0,49.0,49.0,40.38361677851335,40.80026271373903,40.6969331634218,40.646755932198445,0.30096965000000003,0.3624256665200405,22.510335925262062,22.791024863019523,22.203347097828484,22.278274179616936,22.445283274930464,22.66558644694494,22.495414422929336,22.282702509180687,22.276810861877237,22.64147405394586,22.471173077426823,22.25832967991989,1.0,0.0,0.0,0.0,0.0,22.25832967991989,22.445283274930464,22.64147405394586,17.369365686369743,22.029473845976334,25.939904219411925,1.2506460763315014e-16,1.6060579117469537e-16,1.2425903172972742e-16,9.16594264728796e-16,3.94060217835011e-14,converged
2025-01-15T15:40:00+08:00,7.666666666666667,-2.7916666666666665,116.66666666666669,2.6979166666666665,49.2,49.2,43.1,43.1,35.0,55.00000000000001,85.0,37.44203570006213,10.247927484173005,12.891819477198831,14.302288738690294,74.00794212380667,1.0127953256899493,49.0,49.0,49.0,40.385082085175966,40.801611698794446,40.69827705328527,40.6481348083233,0.3030440416666667,0.36236584064945143,22.514897041267712,22.79646993397113,22.2074735083427,22.2820542454952,22.44949781933466,22.670589784545633,22.499727907301036,22.286203723934218,22.2807560489345,22.646470280650913,22.47547966500658,22.26182405720453,1.0,0.0,0.0,0.0,0.0,22.26182405720453,22.44949781933466,22.646470280650913,17.369365686369743,22.029473845976334,25.939904219411925,1.2506460763315014e-16,0.0,1.2425903172972742e-16,3.211048369333953e-15,2.4495718630199612e-14,converged
2025-01-15T15:45:00+08:00,7.75,-2.8333333333333335,113.33333333333331,2.7083333333333335,49.2,49.2,43.1,43.1,35.0,55.00000000000001,85.0,37.44203570006213,10.247927484173005,12.891819477198831,14.302288738690294,74.00794212380667,1.0127953256899493,49.0,49.0,49.0,40.38646264216849,40.80287863183225,40.69953450651423,40.649429219222974,0.3051184333333333,0.3623096795066356,22.519217018151117,22.80163172171261,22.21129761130054,22.285648409475634,22.453439202089857,22.675278811561054,22.50377517958693,22.28949217626934,22.28438851603409,22.651152241464157,22.479520079852307,22.265105706712887,1.0,0.0,0.0,0.0,0.0,22.265105706712887,22.453439202089857,22.651152241464157,17.369365686369743,22.029473845976334,25.939904219411925,1.2506460763315014e-16,4.819716188046365e-16,1.2425903172972742e-16,2.740836285927308e-15,2.8897380969366537e-14,converged
2025-01-15T15:50:00+08:00,7.833333333333333,-2.875,110.0,2.71875,49.2,49.2,43.1,43.1,35.0,55.00000000000001,85.0,37.44203570006213,10.247927484173005,12.891819477198831,14.302288738690294,74.00794212380667,1.0127953256899493,49.10522537254521,49.0,49.0,40.45892258440624,40.804063816086185,40.70070588448348,40.67011711149337,0.307192825,0.36266165605367945,22.52342228656023,22.80663011464933,22.215060810408335,22.289164924207007,22.457108507369426,22.67965470995001,22.507557190907626,22.29256859020584,22.28770999610714,22.655521117012555,22.483295272007435,22.268175351633847,1.0,0.0,0.0,0.0,0.0,22.268175351633847,22.457108507369426,22.655521117012555,17.369365686369743,22.029473845976334,25.939904219411925,1.2506460763315014e-16,1.6050128250903863e-16,1.2425903172972742e-16,5.087022693363282e-15,5.693711831733984e-14,converged
2025-01-15T15:55:00+08:00,7.916666666666667,-2.9166666666666665,106.66666666666669,2.7291666666666665,49.2,49.2,43.1,43.1,35.0,55.00000000000001,85.0,37.44203570006213,10.247927484173005,12.891819477198831,14.302288738690294,74.00794212380667,1.0127953256899493,49.2,49.11882104616095,49.0,40.52430799754064,40.88729179304641,40.70179154698642,40.71708444252806,0.3092672166666667,0.36352438655031366,22.527500510412107,22.811453557345637,22.21873904427772,22.292593147990754,22.460721652378727,22.683922199983687,22.511268265421595,22.29561786465523,22.290722212481764,22.659578083487713,22.486806188124433,22.271033712697754,1.0,0.0,0.0,0.0,0.0,22.271033712697754,22.460721652378727,22.659578083487713,17.369365686369743,22.029473845976334,25.939904219411925,1.2506460763315014e-16,0.0,1.2425903172972742e-16,1.1292951274866522e-15,4.391711417251503e-14,converged
2025-01-15T16:00:00+08:00,8.0,-2.9583333333333335,103.33333333333331,2.7395833333333335,49.2,49.2,43.1,43.1,35.0,55.00000000000001,85.0,37.44203570006213,10.247927484173005,12.891819477198831,14.302288738690294,74.00794212380667,1.0127953256899493,49.2,49.2,49.16240383122352,40.525537293845666,40.944504269479985,40.814534384976135,40.78018601367367,0.31134160833333335,0.3646908693630011,22.531338895361984,22.81599530262748,22.22211719824139,22.295836282054985,22.464210508713048,22.68801694596517,22.514847159356968,22.2985815309375,22.293841192229607,22.663601797108512,22.490317401833256,22.273932602064203,1.0,0.0,0.0,0.0,0.0,22.273932602064203,22.464210508713048,22.663601797108512,17.369365686369743,22.029473845976334,25.939904219411925,1.2506460763315014e-16,4.788246633248949e-16,1.2425903172972742e-16,3.718877041764855e-16,3.474252425373199e-14,converged
2025-01-15T16:05:00+08:00,8.083333333333334,-3.0,100.0,2.75,49.4,49.4,43.2,43.2,35.0,55.00000000000001,85.0,37.52890817268408,10.271704578103801,12.921730891299063,14.335472703281223,74.35176485329698,1.0198613142018942,49.2,49.2,49.2,40.54309738966093,40.96135190020446,40.857386989959636,40.80716215194293,0.313416,0.36498841889258,22.534951580526954,22.820268716557973,22.22522278407289,22.298906423873,22.467448480529995,22.691819021979242,22.518179893313153,22.301350997857096,22.296775549839065,22.667397428641742,22.493643811927615,22.27669572519367,1.0,0.0,0.0,0.0,0.0,22.27669572519367,22.467448480529995,22.667397428641742,17.329158821354998,21.978479693555087,25.87985814482995,1.8672941244326772e-16,0.0,0.0,8.761849835156011e-16,3.53080838905527e-14,converged
2025-01-15T16:10:00+08:00,8.166666666666666,-3.041666666666667,96.66666666666664,2.760416666666667,49.4,49.4,43.2,43.2,35.0,55.00000000000001,85.0,37.52890817268408,10.271704578103801,12.921730891299063,14.335472703281223,74.35176485329698,1.0198613142018942,49.2,49.2,49.2,40.54416288867981,40.96231934527987,40.85833828964287,40.80815026719898,0.3154903916666667,0.3649454476554944,22.538325678517182,22.824261834235415,22.228031133479323,22.301792301261866,22.47041716444443,22.695311302221715,22.521249917110705,22.30391019080192,22.29940278610059,22.67088330212541,22.49670754570351,22.279248604847798,1.0,0.0,0.0,0.0,0.0,22.279248604847798,22.47041716444443,22.67088330212541,17.329158821354998,21.978479693555087,25.87985814482995,1.8672941244326772e-16,0.0,0.0,8.762857501463335e-16,3.510772455808755e-14,converged
2025-01-15T16:15:00+08:00,8.25,-3.083333333333333,93.33333333333336,2.770833333333333,49.4,49.4,43.2,43.2,35.0,55.00000000000001,85.0,37.52890817268408,10.271704578103801,12.921730891299063,14.335472703281223,74.35176485329698,1.0198613142018942,49.2,49.2,49.2,40.54514520910732,40.96320629611403,40.85920493332325,40.80905556377442,0.3175647833333333,0.364906078043966,22.541461831865565,22.827975370839667,22.230543724152803,22.30449433965011,22.47311762944989,22.698494951886094,22.524058169529845,22.306259825454287,22.30172460323802,22.67406058146608,22.49950954089759,22.281591955901668,1.0,0.0,0.0,0.0,0.0,22.281591955901668,22.47311762944989,22.67406058146608,17.329158821354998,21.978479693555087,25.87985814482995,1.8672941244326772e-16,1.5951408983232723e-16,0.0,3.5347249686040813e-15,3.7183093738709266e-14,converged
2025-01-15T16:20:00+08:00,8.333333333333334,-3.125,90.0,2.78125,49.4,49.4,43.2,43.2,35.0,55.00000000000001,85.0,37.52890817268408,10.271704578103801,12.921730891299063,14.335472703281223,74.35176485329698,1.0198613142018942,49.3068336471458,49.2,49.2,40.61836181547954,40.964013050218725,40.859987274751774,40.829671651003395,0.319639175,0.36528113677525764,22.544488437883338,22.831531076794832,22.233005692430975,22.30712248032831,22.47555094029633,22.701371131783404,22.526605585996116,22.308400615060638,22.303742694040597,22.676930426196964,22.502050731898848,22.28372649079962,1.0,0.0,0.0,0.0,0.0,22.28372649079962,22.47555094029633,22.676930426196964,17.329158821354998,21.978479693555087,25.87985814482995,1.8672941244326772e-16,1.1154521418524854e-15,0.0,1.9204685203702228e-15,4.24400751432094e-14,converged
2025-01-15T16:25:00+08:00,8.416666666666666,-3.166666666666667,86.66666666666664,2.791666666666667,49.4,49.4,43.2,43.2,35.0,55.00000000000001,85.0,37.52890817268408,10.271704578103801,12.921730891299063,14.335472703281223,74.35176485329698,1.0198613142018942,49.4,49.3208608122578,49.2,40.68232199412803,41.04834572038885,40.86068566613234,40.87648132347274,0.32171356666666673,0.3661641249218834,22.547389297496146,22.834913735713645,22.23538558876696,22.30966277303636,22.477936766172927,22.70414811440094,22.529089870030134,22.31052068145855,22.305458741915256,22.679493991494372,22.504332049760567,22.285652919563518,1.0,0.0,0.0,0.0,0.0,22.285652919563518,22.477936766172927,22.679493991494372,17.329158821354998,21.978479693555087,25.87985814482995,1.8672941244326772e-16,7.948301997893061e-16,0.0,5.152645913995283e-16,3.941507940493136e-14,converged
2025-01-15T16:30:00+08:00,8.5,-3.208333333333333,83.33333333333336,2.802083333333333,49.4,49.4,43.2,43.2,35.0,55.00000000000001,85.0,37.52890817268408,10.271704578103801,12.921730891299063,14.335472703281223,74.35176485329698,1.0198613142018942,49.4,49.4,49.3648056742068,40.683157578599804,41.10382044759742,40.974794346210224,40.93939853467166,0.3237879583333333,0.36735068799813664,22.550053486933034,22.83801837115343,22.23747185639737,22.312020024627476,22.480199546593447,22.70675452026996,22.531443090532285,22.3125551911385,22.30729501826772,22.682034124413285,22.50662205436473,22.287626855441882,1.0,0.0,0.0,0.0,0.0,22.287626855441882,22.480199546593447,22.682034124413285,17.329158821354998,21.978479693555087,25.87985814482995,1.8672941244326772e-16,3.169051416817418e-16,0.0,8.500202786778738e-16,4.183607876979197e-14,converged
2025-01-15T16:35:00+08:00,8.583333333333334,-3.25,80.0,2.8125,49.6,49.6,43.3,43.3,35.0,55.00000000000001,85.0,37.61578064530604,10.295481672034597,12.951642305399291,14.36865666787215,74.69638439096684,1.026960091464938,49.4,49.4,49.4,40.700376261018285,41.12034319509234,41.01568223785655,40.96541887520058,0.32586234999999997,0.3676528366899797,22.55249517404944,22.840858374171077,22.23929204820302,22.3142063603936,22.4822163616744,22.709073901784876,22.533554577436647,22.31439870955152,22.308947781565987,22.684347725140885,22.50872779218486,22.289464530215835,1.0,0.0,0.0,0.0,0.0,22.289464530215835,22.4822163616744,22.684347725140885,17.28913766934263,21.927721079944106,25.82008941932226,1.858679168794564e-16,1.583223495227661e-16,0.0,1.2517403657853927e-15,3.759661291218818e-14,converged
2025-01-15T16:40:00+08:00,8.666666666666666,-3.291666666666667,76.66666666666664,2.822916666666667,49.6,49.6,43.3,43.3,35.0,55.00000000000001,85.0,37.61578064530604,10.295481672034597,12.951642305399291,14.36865666787215,74.69638439096684,1.026960091464938,49.4,49.4,49.4,40.70105188347027,41.120938922202356,41.01625207443991,40.96602657996818,0.3279367416666667,0.367626347599606,22.55470142640428,22.84342173701402,22.24082139223016,22.316210471351106,22.483968735123202,22.711089062705565,22.535407716951845,22.31603510444296,22.31030052521829,22.686357135011345,22.510575210105973,22.29109510716238,1.0,0.0,0.0,0.0,0.0,22.29109510716238,22.483968735123202,22.686357135011345,17.28913766934263,21.927721079944106,25.82008941932226,1.858679168794564e-16,1.583337573422874e-16,0.0,1.2518284699005066e-15,5.010951029374229e-14,converged
2025-01-15T16:45:00+08:00,8.75,-3.333333333333333,73.33333333333336,2.833333333333333,49.6,49.6,43.3,43.3,35.0,55.00000000000001,85.0,37.61578064530604,10.295481672034597,12.951642305399291,14.36865666787215,74.69638439096684,1.026960091464938,49.4,49.4,49.4,40.70164585968066,41.1214556763798,41.01673898775848,40.966553071148624,0.3300111333333333,0.36760339850787055,22.556672878159247,22.845709165665493,22.242061334688863,22.318032778298086,22.485457716885833,22.712801147464255,22.537003432435736,22.317465080900448,22.311354912395892,22.688063497222515,22.512165230481912,22.292519290589986,1.0,0.0,0.0,0.0,0.0,22.292519290589986,22.485457716885833,22.688063497222515,17.28913766934263,21.927721079944106,25.82008941932226,1.858679168794564e-16,1.5834364195145261e-16,0.0,5.476479341802162e-15,3.3184523697173644e-14,converged
2025-01-15T16:50:00+08:00,8.833333333333334,-3.375,70.0,2.84375,49.6,49.6,43.3,43.3,35.0,55.00000000000001,85.0,37.61578064530604,10.295481672034597,12.951642305399291,14.36865666787215,74.69638439096684,1.026960091464938,49.50843449322629,49.4,49.4,40.77562567913233,41.12189374954785,41.01714332415238,40.98710671644856,0.33208552500000005,0.36800114575383397,22.558539885903492,22.847844265584996,22.243260731089173,22.319784904789582,22.486684352739534,22.714211296187987,22.538342643946,22.31868934161136,22.312112597050188,22.689467950675922,22.513498772373183,22.293737782411878,1.0,0.0,0.0,0.0,0.0,22.293737782411878,22.486684352739534,22.689467950675922,17.28913766934263,21.927721079944106,25.82008941932226,1.858679168794564e-16,3.163449982973917e-16,0.0,3.563603513472358e-15,3.041703840155285e-14,converged
2025-01-15T16:55:00+08:00,8.916666666666666,-3.416666666666667,66.66666666666664,2.854166666666667,49.6,49.6,43.3,43.3,35.0,55.00000000000001,85.0,37.61578064530604,10.295481672034597,12.951642305399291,14.36865666787215,74.69638439096684,1.026960091464938,49.6,49.52289115680224,49.4,40.838173281957296,41.20733644927756,41.01746542844782,41.03376822815833,0.33415991666666667,0.36890400929496675,22.560282402348072,22.849808173440326,22.24438077274359,22.321449604608848,22.48787204972216,22.715531320231587,22.539626421576305,22.31989921906658,22.312575223963837,22.690571629992917,22.5145767515587,22.294751282154174,1.0,0.0,0.0,0.0,0.0,22.294751282154174,22.48787204972216,22.690571629992917,17.28913766934263,21.927721079944106,25.82008941932226,1.858679168794564e-16,4.733561532013004e-16,0.0,1.6685011976621748e-15,3.2043371364216695e-14,converged
2025-01-15T17:00:00+08:00,9.0,-3.458333333333333,63.33333333333336,2.864583333333333,49.6,49.6,43.3,43.3,35.0,55.00000000000001,85.0,37.61578064530604,10.295481672034597,12.951642305399291,14.36865666787215,74.69638439096684,1.026960091464938,49.6,49.6,49.56719642322712,40.83862493213144,41.26108702743129,41.13294574054361,41.09651064992815,0.3362343083333333,0.3701102725857728,22.56179136730125,22.851497676907933,22.245213448042684,22.32293328419431,22.488937844344306,22.716682823924682,22.540780172966166,22.321023539645463,22.313171285754336,22.691661557251464,22.51567169904456,22.29581918965625,1.0,0.0,0.0,0.0,0.0,22.29581918965625,22.488937844344306,22.691661557251464,17.28913766934263,21.927721079944106,25.82008941932226,1.858679168794564e-16,1.5727113032232258e-16,0.0,3.791028798559166e-16,6.124619261073515e-14,converged
2025-01-15T17:05:00+08:00,9.083333333333334,-3.5,60.0,2.875,49.8,49.8,43.4,43.4,35.0,55.00000000000001,85.0,37.702653117928,10.319258765965394,12.981553719499523,14.401840632463085,75.04180073681627,1.0340917333789685,49.6,49.6,49.6,40.855515791533556,41.277298237789836,41.17188829041455,41.12159090730905,0.3383087,0.37041673775407546,22.563080980573904,22.852926195851545,22.245786358363144,22.32424809862553,22.489762483685556,22.7175528305665,22.541696529235608,22.321960016506377,22.31358474114356,22.69252640003262,22.516582843912794,22.296750295077096,1.0,0.0,0.0,0.0,0.0,22.296750295077096,22.489762483685556,22.69252640003262,17.249300946602208,21.877196376994924,25.76059612572935,3.700247389816348e-16,3.142820233577687e-16,1.1123057436563213e-16,1.0314597271118184e-15,4.256904282856753e-14,converged
2025-01-15T17:10:00+08:00,9.166666666666666,-3.541666666666667,56.66666666666664,2.885416666666667,49.8,49.8,43.4,43.4,35.0,55.00000000000001,85.0,37.702653117928,10.319258765965394,12.981553719499523,14.401840632463085,75.04180073681627,1.0340917333789685,49.6,49.6,49.6,40.85581121929237,41.27753183288094,41.1720874854466,41.1218282857713,0.3403830916666667,0.37040636682780376,22.564138261695877,22.854081676100783,22.246074622469695,22.32538270026011,22.49032741434054,22.71812406845365,22.54235880911387,22.322692457071835,22.31370504676728,22.69309249612813,22.517239933768174,22.29747738525978,1.0,0.0,0.0,0.0,0.0,22.29747738525978,22.49032741434054,22.69309249612813,17.249300946602208,21.877196376994924,25.76059612572935,3.700247389816348e-16,0.0,1.1123057436563213e-16,1.185011727747155e-15,3.653299966790659e-14,converged
2025-01-15T17:15:00+08:00,9.25,-3.583333333333333,53.33333333333336,2.895833333333333,49.8,49.8,43.4,43.4,35.0,55.00000000000001,85.0,37.702653117928,10.319258765965394,12.981553719499523,14.401840632463085,75.04180073681627,1.0340917333789685,49.6,49.6,49.6,40.856026495462615,41.27768794073871,41.172205443403975,41.12198601538077,0.34245748333333326,0.37039947571335696,22.564963836588205,22.854964814577617,22.24607965600745,22.326337505327412,22.490633667649956,22.71839766171269,22.542767920858157,22.32322155604564,22.313533828013682,22.693360968481027,22.517643875902255,22.298001154156207,1.0,0.0,0.0,0.0,0.0,22.298001154156207,22.490633667649956,22.693360968481027,17.249300946602208,21.877196376994924,25.76059612572935,3.700247389816348e-16,7.857416752732242e-16,1.1123057436563213e-16,3.622267676192138e-15,4.744329967520657e-14,converged
2025-01-15T17:20:00+08:00,9.333333333333334,-3.625,50.0,2.90625,49.8,49.8,43.4,43.4,35.0,55.00000000000001,85.0,37.702653117928,10.319258765965394,12.981553719499523,14.401840632463085,75.04180073681627,1.0340917333789685,49.71002796213591,49.6,49.6,40.93077584133851,41.27776684782792,41.17224250342259,41.14248632100546,0.344531875,0.3708195263735086,22.565690013772837,22.855701064831646,22.246054020254558,22.32722581330494,22.490682270858898,22.718374730240612,22.54292476947889,22.323548005766273,22.313072701258896,22.693332935813373,22.517795574366428,22.298322293357838,1.0,0.0,0.0,0.0,0.0,22.298322293357838,22.490682270858898,22.693332935813373,17.249300946602208,21.877196376994924,25.76059612572935,3.700247389816348e-16,4.709109696788538e-16,1.1123057436563213e-16,8.704409672666214e-16,3.5234166022460397e-14,converged
2025-01-15T17:25:00+08:00,9.416666666666666,-3.666666666666667,46.66666666666664,2.916666666666667,49.8,49.8,43.4,43.4,35.0,55.00000000000001,85.0,37.702653117928,10.319258765965394,12.981553719499523,14.401840632463085,75.04180073681627,1.0340917333789685,49.8,49.7249121449202,49.6,40.9919232718785,41.3643246962394,41.172199003156734,41.18900890996574,0.3466062666666667,0.37174189153564297,22.566292912438993,22.856267930512775,22.245951576215955,22.328027094553182,22.49070035479203,22.718270610980305,22.54303377892205,22.32386633717239,22.312323273916945,22.693009512642124,22.517695929983496,22.2984414921037,1.0,0.0,0.0,0.0,0.0,22.2984414921037,22.49070035479203,22.693009512642124,17.249300946602208,21.877196376994924,25.76059612572935,3.700247389816348e-16,1.4092276392556571e-15,1.1123057436563213e-16,2.9614669318317845e-15,4.858134703291943e-14,converged
2025-01-15T17:30:00+08:00,9.5,-3.708333333333333,43.33333333333336,2.927083333333333,49.8,49.8,43.4,43.4,35.0,55.00000000000001,85.0,37.702653117928,10.319258765965394,12.981553719499523,14.401840632463085,75.04180073681627,1.0340917333789685,49.8,49.8,49.76957615497083,40.99200052018785,41.41636447911996,41.289056455932254,41.251585853464064,0.34868065833333334,0.37296748343297265,22.566665329017475,22.856563956840137,22.245567844736716,22.32864934908922,22.490597581861483,22.717999919465377,22.543013721479728,22.32409906110674,22.31172023679412,22.69268188033833,22.517621429837483,22.29862192240584,1.0,0.0,0.0,0.0,0.0,22.29862192240584,22.490597581861483,22.69268188033833,17.249300946602208,21.877196376994924,25.76059612572935,3.700247389816348e-16,1.4045968388430652e-15,1.1123057436563213e-16,3.405961004070008e-15,4.847106353391784e-14,converged
2025-01-15T17:35:00+08:00,9.583333333333334,-3.75,40.0,2.9375,50.0,50.0,43.5,43.5,35.0,55.00000000000001,85.0,37.78952559054994,10.343035859896188,13.01146513359975,14.435024597054008,75.38801389084534,1.0412563158438723,49.8,49.8,49.8,41.00857676711026,41.43227713134755,41.32607257101392,41.27574133447129,0.35075505,0.37327798911275445,22.566821498395267,22.856602596188402,22.24493048275717,22.329104763693213,22.490258357003643,22.71745314235949,22.54276052122279,22.324147029455123,22.31093530448236,22.692130511454668,22.517363520214673,22.298664964583377,1.0,0.0,0.0,0.0,0.0,22.298664964583377,22.490258357003643,22.692130511454668,17.209647381207724,21.82690397153057,25.701376364520783,2.455502875258724e-16,1.5593649401032557e-16,0.0,3.428138582228797e-16,3.409951507744463e-14,converged
2025-01-15T17:40:00+08:00,9.666666666666666,-3.791666666666667,36.66666666666664,2.947916666666667,50.0,50.0,43.5,43.5,35.0,55.00000000000001,85.0,37.78952559054994,10.343035859896188,13.01146513359975,14.435024597054008,75.38801389084534,1.0412563158438723,49.8,49.8,49.8,41.00850143948139,41.432157949899405,41.32591164911389,41.275618211644634,0.3528294416666667,0.3732833806714755,22.56674838918841,22.856371744508202,22.244014494411214,22.329381950260633,22.489664045667016,22.716612927662084,22.542257425680006,22.323993986738664,22.30986386789489,22.691285719686782,22.516855730803208,22.298507012279813,1.0,0.0,0.0,0.0,0.0,22.298507012279813,22.489664045667016,22.691285719686782,17.209647381207724,21.82690397153057,25.701376364520783,2.455502875258724e-16,3.1186848344955183e-16,0.0,3.4280902026275076e-16,4.622578094505673e-14,converged
2025-01-15T17:45:00+08:00,9.75,-3.833333333333333,33.33333333333336,2.958333333333333,50.0,50.0,43.5,43.5,35.0,55.00000000000001,85.0,37.78952559054994,10.343035859896188,13.01146513359975,14.435024597054008,75.38801389084534,1.0412563158438723,49.8,49.8,49.8,41.00834741822356,41.43196273214585,41.325671131087915,41.27541696540274,0.3549038333333333,0.3732921932609846,22.566446619205863,22.855872089793678,22.242821265670006,22.329481320513036,22.488815661019313,22.71548037963995,22.54150532832316,22.323640617484163,22.308507515865955,22.69014860816713,22.516098954146376,22.298148749296526,1.0,0.0,0.0,0.0,0.0,22.298148749296526,22.488815661019313,22.69014860816713,17.209647381207724,21.82690397153057,25.701376364520783,2.455502875258724e-16,7.796528023393719e-16,0.0,7.998692632771166e-16,4.233882620465066e-14,converged
2025-01-15T17:50:00+08:00,9.833333333333334,-3.875,30.0,2.96875,50.0,50.0,43.5,43.5,35.0,55.00000000000001,85.0,37.78952559054994,10.343035859896188,13.01146513359975,14.435024597054008,75.38801389084534,1.0412563158438723,49.9116141047517,49.8,49.8,41.08387237482175,41.431691759220435,41.32535134906839,41.29587277971222,0.356978225,0.3737341706039854,22.56605044159724,22.85523092677706,22.241607050230307,22.32951784354348,22.487714212204086,22.714056598404287,22.540505119429525,22.323087603887323,22.306867828418778,22.688720275880915,22.51509407959939,22.297590857108535,1.0,0.0,0.0,0.0,0.0,22.297590857108535,22.487714212204086,22.688720275880915,17.209647381207724,21.82690397153057,25.701376364520783,2.455502875258724e-16,1.4017154154638605e-15,0.0,1.632132012029079e-15,6.291384241357661e-14,converged
2025-01-15T17:55:00+08:00,9.916666666666666,-3.916666666666667,26.666666666666643,2.979166666666667,50.0,50.0,43.5,43.5,35.0,55.00000000000001,85.0,37.78952559054994,10.343035859896188,13.01146513359975,14.435024597054008,75.38801389084534,1.0412563158438723,50.0,49.92692384113878,49.8,41.14363178804571,41.51936966370375,41.324952633737404,41.342265431064845,0.3590526166666667,0.3746756718968538,22.565532156639257,22.854422139938343,22.240318407439574,22.32946771875308,22.48659053984386,22.712560433275293,22.53946456414458,22.322532663195787,22.30494637681443,22.687001817681654,22.51384199334079,22.296834014872424,1.0,0.0,0.0,0.0,0.0,22.296834014872424,22.48659053984386,22.687001817681654,17.209647381207724,21.82690397153057,25.701376364520783,2.455502875258724e-16,6.214191662755373e-16,0.0,7.292790335439987e-16,4.706296749466665e-14,converged
2025-01-15T18:00:00+08:00,10.0,-3.958333333333333,23.333333333333357,2.989583333333333,50.0,50.0,43.5,43.5,35.0,55.00000000000001,85.0,37.78952559054994,10.343035859896188,13.01146513359975,14.435024597054008,75.38801389084534,1.0412563158438723,50.0,50.0,49.97194494541916,41.14334392834047,41.56971176425309,41.44319246298338,41.404685954991805,0.3611270083333333,0.3759202290358362,22.56478641046621,22.85334602549849,22.23875437794862,22.329240533764054,22.485346960984824,22.71089953823297,22.538295825174217,22.321892015147522,22.30318402712459,22.685288558586326,22.51262312356751,22.296145152434075,1.0,0.0,0.0,0.0,0.0,22.296145152434075,22.485346960984824,22.685288558586326,17.209647381207724,21.82690397153057,25.701376364520783,2.455502875258724e-16,4.645213778153862e-16,0.0,2.6001605157397026e-15,4.521841446492197e-14,converged
2025-01-15T18:05:00+08:00,10.083333333333334,-4.0,20.0,3.0,50.2,50.2,43.6,43.6,35.0,55.00000000000001,85.0,37.8763980631719,10.366812953826983,13.04137654769998,14.468208561644937,75.73502385305395,1.048453914759536,50.0,50.0,50.0,41.159618403907096,41.585338479620106,41.4783005988412,41.427931569681945,0.3632014,0.3762345058295121,22.56382747606769,22.852016071940696,22.23694268101969,22.32884850891542,22.48387152920857,22.708967855634995,22.536898111222595,22.321069641337623,22.301240304786106,22.68335281330875,22.511221168038677,22.295318271784282,1.0,0.0,0.0,0.0,0.0,22.295318271784282,22.48387152920857,22.68335281330875,17.170175712902203,21.77684226517385,25.642428253592982,2.444252017774346e-16,3.0942223539615357e-16,0.0,1.1338781996290406e-16,4.4985132535760026e-14,converged
2025-01-15T18:10:00+08:00,10.166666666666666,-4.041666666666667,19.58333333333333,3.004166666666667,50.2,50.2,43.6,43.6,35.0,55.00000000000001,85.0,37.8763980631719,10.366812953826983,13.04137654769998,14.468208561644937,75.73502385305395,1.048453914759536,50.0,50.0,50.0,41.15920496030492,41.584897895693196,41.477812343880544,41.427480204482016,0.3640590166666667,0.37625431658631187,22.562787905081137,22.850604097222345,22.235006580726374,22.32838842202315,22.482291068425248,22.70693181217241,22.535403078913344,22.320157369641333,22.29916193498509,22.681312715146756,22.509721904251336,22.294401505696882,1.0,0.0,0.0,0.0,0.0,22.294401505696882,22.482291068425248,22.681312715146756,17.170175712902203,21.77684226517385,25.642428253592982,2.444252017774346e-16,3.0940594352019725e-16,0.0,2.645579671309303e-16,3.7973185392406856e-14,converged
2025-01-15T18:15:00+08:00,10.25,-4.083333333333333,19.16666666666667,3.0083333333333333,50.2,50.2,43.6,43.6,35.0,55.00000000000001,85.0,37.8763980631719,10.366812953826983,13.04137654769998,14.468208561644937,75.73502385305395,1.048453914759536,50.0,50.0,50.0,41.15876100828003,41.58442706975066,41.47729106151846,41.42699746037548,0.3649166333333333,0.3762755045868324,22.561667914828192,22.849110310777093,22.23294669600611,22.32786043034523,22.480605995870164,22.704791800647335,22.533811076259457,22.31915550625351,22.29694966455756,22.67916865648937,22.50812567984296,22.293395160025696,1.0,0.0,0.0,0.0,0.0,22.293395160025696,22.480605995870164,22.67916865648937,17.170175712902203,21.77684226517385,25.642428253592982,2.444252017774346e-16,4.640827813974928e-16,0.0,2.6454340953803184e-16,4.224480384586117e-14,converged
2025-01-15T18:20:00+08:00,10.333333333333334,-4.125,18.75,3.0125,50.2,50.2,43.6,43.6,35.0,55.00000000000001,85.0,37.8763980631719,10.366812953826983,13.04137654769998,14.468208561644937,75.73502385305395,1.048453914759536,50.113192971483926,50.0,50.0,41.23518423562445,41.583926113414606,41.47673689181414,41.44753041334628,0.36577425,0.37673407913948537,22.560603304376667,22.84766337308511,22.231022225127106,22.327380916880003,22.478816727121128,22.702548212383437,22.532122450029416,22.318064356326097,22.294604236197124,22.67692102825016,22.506432841209072,22.29229953958381,1.0,0.0,0.0,0.0,0.0,22.29229953958381,22.478816727121128,22.67692102825016,17.170175712902203,21.77684226517385,25.642428253592982,2.444252017774346e-16,4.635178827975057e-16,0.0,3.480277737296978e-16,7.81026556584866e-14,converged
2025-01-15T18:25:00+08:00,10.416666666666666,-4.166666666666667,18.33333333333333,3.0166666666666666,50.2,50.2,43.6,43.6,35.0,55.00000000000001,85.0,37.8763980631719,10.366812953826983,13.04137654769998,14.468208561644937,75.73502385305395,1.048453914759536,50.2,50.12892630939305,50.0,41.293730778803045,41.67288365821111,41.47614997420397,41.49395980854248,0.3666318666666667,0.37768742695013174,22.55956217922818,22.846233095857695,22.229171723350373,22.326922573600676,22.477157225084746,22.700422709094255,22.530547766791493,22.317084445490465,22.292126388477968,22.674570219872766,22.504643733507688,22.291114948147115,1.0,0.0,0.0,0.0,0.0,22.291114948147115,22.477157225084746,22.674570219872766,17.170175712902203,21.77684226517385,25.642428253592982,2.444252017774346e-16,3.08231922801883e-16,0.0,5.617182242283265e-16,5.1555573103187246e-14,converged
2025-01-15T18:30:00+08:00,10.5,-4.208333333333333,17.91666666666667,3.0208333333333335,50.2,50.2,43.6,43.6,35.0,55.00000000000001,85.0,37.8763980631719,10.366812953826983,13.04137654769998,14.468208561644937,75.73502385305395,1.048453914759536,50.2,50.2,50.17430286985628,41.29329638080792,41.72173972339956,41.59597847741152,41.556435411214316,0.36748948333333326,0.3789416980037403,22.558440639001887,22.844721053637194,22.227197011272946,22.326396321507065,22.475521918684326,22.69831532603034,22.528992079969463,22.31612536206332,22.289962346627174,22.672415000857317,22.503042186364084,22.29011169488002,1.0,0.0,0.0,0.0,0.0,22.289962346627174,22.475521918684326,22.672415000857317,17.170175712902203,21.77684226517385,25.642428253592982,2.444252017774346e-16,1.536058481294209e-16,0.0,2.076418414669362e-15,4.2855161956036315e-14,converged
2025-01-15T18:35:00+08:00,10.583333333333334,-4.25,17.5,3.025,50.4,50.4,43.7,43.7,35.0,55.00000000000001,85.0,37.96327053579386,10.390590047757783,13.071287961800211,14.501392526235868,76.08283062344216,1.0556846060258467,50.2,50.2,50.2,41.30953561373678,41.737333758206795,41.62944068736247,41.579031408890295,0.3683471,0.37924861632791973,22.557252608142033,22.843140307974203,22.225125150789093,22.32581416776322,22.473801929933988,22.696122769550417,22.5273573493754,22.3150938437496,22.287758709754065,22.67021888162189,22.501403658314207,22.289076070482192,1.0,0.0,0.0,0.0,0.0,22.287758709754065,22.473801929933988,22.67021888162189,17.130884692964205,21.727009674178024,25.58374992806988,1.8248087316691398e-16,3.069630759740876e-16,0.0,1.4578281779002566e-15,2.75951773769968e-14,converged
2025-01-15T18:40:00+08:00,10.666666666666666,-4.291666666666667,17.08333333333333,3.029166666666667,50.4,50.4,43.7,43.7,35.0,55.00000000000001,85.0,37.96327053579386,10.390590047757783,13.071287961800211,14.501392526235868,76.08283062344216,1.0556846060258467,50.2,50.2,50.2,41.30904715940944,41.73682170742279,41.62887902587064,41.578506865946544,0.36920471666666665,0.3792716917148114,22.555984558735265,22.841478182287563,22.222930183335585,22.325164391532205,22.47197788495668,22.69382683561654,22.525626149078533,22.313973140557835,22.285421869365997,22.6679193900921,22.499668668260032,22.287951271605362,1.0,0.0,0.0,0.0,0.0,22.285421869365997,22.47197788495668,22.6679193900921,17.130884692964205,21.727009674178024,25.58374992806988,1.8248087316691398e-16,0.0,0.0,1.0077634113062426e-15,4.394463486513755e-14,converged
2025-01-15T18:45:00+08:00,10.75,-4.333333333333333,16.66666666666667,3.033333333333333,50.4,50.4,43.7,43.7,35.0,55.00000000000001,85.0,37.96327053579386,10.390590047757783,13.071287961800211,14.501392526235868,76.08283062344216,1.0556846060258467,50.2,50.2,50.2,41.30852852508406,41.736279739215945,41.62828470827888,41.5779512875798,0.3700623333333333,0.37929613239390986,22.554636706477183,22.83973488441203,22.220612721516062,22.324447149085124,22.470050197197104,22.691427913398897,22.523798824118668,22.31276355630862,22.282952564424832,22.665516915039916,22.49783756087797,22.28673760173895,1.0,0.0,0.0,0.0,0.0,22.282952564424832,22.470050197197104,22.665516915039916,17.130884692964205,21.727009674178024,25.58374992806988,1.8248087316691398e-16,1.2276984855309222e-15,0.0,1.7388682793953639e-15,3.6238337265219197e-14,converged
2025-01-15T18:50:00+08:00,10.833333333333334,-4.375,16.25,3.0375,50.4,50.4,43.7,43.7,35.0,55.00000000000001,85.0,37.96327053579386,10.390590047757783,13.071287961800211,14.501392526235868,76.08283062344216,1.0556846060258467,50.31476461228144,50.2,50.2,41.38601432402087,41.73570796402663,41.62765787306566,41.59872292654875,0.37091995,0.37976418192948985,22.55334678678986,22.838040909357574,22.218435651009685,22.323780483920032,22.468019278457227,22.68892639060262,22.521875718301516,22.311465393787547,22.280351529792956,22.663011843775177,22.49591067961283,22.285435363339495,1.0,0.0,0.0,0.0,0.0,22.280351529792956,22.468019278457227,22.663011843775177,17.130884692964205,21.727009674178024,25.58374992806988,1.8248087316691398e-16,1.0729122065280055e-15,0.0,3.464803092649071e-15,7.668486044496595e-14,converged
2025-01-15T18:55:00+08:00,10.916666666666666,-4.416666666666667,15.83333333333333,3.0416666666666665,50.4,50.4,43.7,43.7,35.0,55.00000000000001,85.0,37.96327053579386,10.390590047757783,13.071287961800211,14.501392526235868,76.08283062344216,1.0556846060258467,50.4,50.33091961303288,50.2,41.44347084261429,41.82605486819365,41.62699865809362,41.64530474026166,0.3717775666666667,0.38072428016746296,22.552079121434655,22.83636248415877,22.21633030359889,22.323133845153954,22.466122787120955,22.68654743035153,22.52007072541276,22.310282348206933,22.27761949625602,22.66040456215109,22.493888366682246,22.284044857834193,1.0,0.0,0.0,0.0,0.0,22.27761949625602,22.466122787120955,22.66040456215109,17.130884692964205,21.727009674178024,25.58374992806988,1.8248087316691398e-16,1.2230932240594596e-15,0.0,6.409158932237997e-15,4.043735714161337e-14,converged
2025-01-15T19:00:00+08:00,11.0,-4.458333333333333,15.41666666666667,3.0458333333333334,50.4,50.4,43.7,43.7,35.0,55.00000000000001,85.0,37.96327053579386,10.390590047757783,13.071287961800211,14.501392526235868,76.08283062344216,1.0556846060258467,50.4,50.4,50.3766500028772,41.44296259003619,41.87349783079166,41.74848104029562,41.70790533440153,0.3726351833333333,0.38198517848679564,22.5507316521929,22.834602928398063,22.21410201585574,22.322419732921336,22.464247877087043,22.68418417553598,22.5182823514427,22.309117772544862,22.275208844663368,22.657997967427875,22.492058374195462,22.282840131090833,1.0,0.0,0.0,0.0,0.0,22.275208844663368,22.464247877087043,22.657997967427875,17.130884692964205,21.727009674178024,25.58374992806988,1.8248087316691398e-16,0.0,0.0,1.1772213885215048e-15,5.0241656035578113e-14,converged
2025-01-15T19:05:00+08:00,11.083333333333334,-4.5,15.0,3.05,50.6,50.6,43.8,43.8,35.0,55.00000000000001,85.0,38.05014300841581,10.414367141688574,13.101199375900437,14.534576490826796,76.43143420200991,1.0629484655426902,50.4,50.4,50.4,41.459192326964,41.889083683553174,41.78032702880323,41.729878543783585,0.3734928,0.3822837143368377,22.549318349723283,22.832775349022704,22.21177793845691,22.321650192425206,22.4622893081633,22.681736781086496,22.516415829983362,22.307881519884745,22.27275411107138,22.65554749392261,22.49018848568314,22.281600161470603,1.0,0.0,0.0,0.0,0.0,22.27275411107138,22.4622893081633,22.65554749392261,17.091773084076166,21.677404629259815,25.525339540106255,6.054952612159255e-17,1.5226298879731897e-16,0.0,2.4091827595243107e-15,4.2589549910515365e-14,converged
2025-01-15T19:10:00+08:00,11.166666666666666,-4.541666666666667,14.58333333333333,3.0541666666666667,50.6,50.6,43.8,43.8,35.0,55.00000000000001,85.0,38.05014300841581,10.414367141688574,13.101199375900437,14.534576490826796,76.43143420200991,1.0629484655426902,50.4,50.4,50.4,41.458630809523505,41.88850207811596,41.77969413039905,41.729282843319744,0.3743504166666667,0.38230998001109595,22.547825636659848,22.83086702088134,22.209332011413295,22.32081346282041,22.46022763238222,22.67918697021114,22.514453669079742,22.30655678057982,22.270167569501186,22.65299460641618,22.488222963093897,22.280271713610976,1.0,0.0,0.0,0.0,0.0,22.270167569501186,22.46022763238222,22.65299460641618,17.091773084076166,21.677404629259815,25.525339540106255,6.054952612159255e-17,0.0,0.0,1.9486096297615344e-15,3.241125610568036e-14,converged
2025-01-15T19:15:00+08:00,11.25,-4.583333333333333,14.16666666666667,3.0583333333333336,50.6,50.6,43.8,43.8,35.0,55.00000000000001,85.0,38.05014300841581,10.414367141688574,13.101199375900437,14.534576490826796,76.43143420200991,1.0629484655426902,50.4,50.4,50.4,41.45803943274987,41.88789087263513,41.77902893769543,41.728656442679664,0.3752080333333333,0.3823375993200714,22.546253727098588,22.828878150234313,22.206764841186295,22.31990969940496,22.45806325948926,22.676535128530837,22.512396210862942,22.305143856125696,22.26744995130565,22.650339690145746,22.486162148207224,22.278855088685976,1.0,0.0,0.0,0.0,0.0,22.26744995130565,22.45806325948926,22.650339690145746,17.091773084076166,21.677404629259815,25.525339540106255,6.054952612159255e-17,3.0448305903986833e-16,0.0,2.5576601950715353e-15,4.5972170960767365e-14,converged
2025-01-15T19:20:00+08:00,11.333333333333334,-4.625,13.75,3.0625,50.6,50.6,43.8,43.8,35.0,55.00000000000001,85.0,38.05014300841581,10.414367141688574,13.101199375900437,14.534576490826796,76.43143420200991,1.0629484655426902,50.51632907663695,50.4,50.4,41.53658648804169,41.88725017639565,41.77833158763229,41.749667882624166,0.37606565000000003,0.3828150266213646,22.544742285532745,22.826941059722554,22.204342987059118,22.319058599928777,22.455796597601545,22.673781640214557,22.51024379624016,22.303643046990693,22.26460198377963,22.64758312889938,22.484006381581167,22.277350586844452,1.0,0.0,0.0,0.0,0.0,22.26460198377963,22.455796597601545,22.64758312889938,17.091773084076166,21.677404629259815,25.525339540106255,6.054952612159255e-17,0.0,0.0,4.5681048210895e-16,4.5079037340240686e-14,converged
2025-01-15T19:25:00+08:00,11.416666666666666,-4.666666666666667,13.33333333333333,3.066666666666667,50.6,50.6,43.8,43.8,35.0,55.00000000000001,85.0,38.05014300841581,10.414367141688574,13.101199375900437,14.534576490826796,76.43143420200991,1.0629484655426902,50.6,50.53290381482961,50.4,41.59295770480882,41.97898403482689,41.77760221654067,41.79640339728834,0.37692326666666665,0.38378178805446905,22.54325186425021,22.825018405215356,22.20199058482861,22.318226382863,22.453668986497767,22.671155156456713,22.508213633532513,22.302261205881972,22.261624390182504,22.644725305021506,22.481756002556676,22.27575850721357,1.0,0.0,0.0,0.0,0.0,22.261624390182504,22.453668986497767,22.644725305021506,17.091773084076166,21.677404629259815,25.525339540106255,6.054952612159255e-17,6.066745502285915e-16,0.0,3.0787525804350317e-15,3.7936890150371276e-14,converged
2025-01-15T19:30:00+08:00,11.5,-4.708333333333333,12.91666666666667,3.0708333333333333,50.6,50.6,43.8,43.8,35.0,55.00000000000001,85.0,38.05014300841581,10.414367141688574,13.101199375900437,14.534576490826796,76.43143420200991,1.0629484655426902,50.6,50.6,50.57898641839575,41.592377514811815,42.02501963317623,41.900735556836594,41.85913036767836,0.3777808833333333,0.38504922741660186,22.54168224029106,22.823015244797,22.199516473929663,22.317327121556477,22.451560332967926,22.668541954216657,22.506197706379073,22.300895474304866,22.25897568352592,22.642073227800037,22.479702670773534,22.274356618116503,1.0,0.0,0.0,0.0,0.0,22.25897568352592,22.451560332967926,22.642073227800037,17.091773084076166,21.677404629259815,25.525339540106255,6.054952612159255e-17,4.535082018265417e-16,0.0,1.4639936839916664e-15,6.257032162969304e-14,converged
2025-01-15T19:35:00+08:00,11.583333333333334,-4.75,12.5,3.075,50.8,50.8,43.9,43.9,35.0,55.00000000000001,85.0,38.137015481037764,10.438144235619372,13.131110790000665,14.567760455417725,76.78083458875732,1.0702455692099553,50.6,50.6,50.6,41.608599894402154,42.04059939221216,41.9309722732637,41.88048474771013,0.3786385,0.38533935587647683,22.540047430720275,22.820944731040527,22.1969478944308,22.316372899327554,22.449369021321957,22.66584562445507,22.504104510164332,22.299458809223196,22.256278384243814,22.639374286967296,22.477606524602503,22.272916613899472,1.0,0.0,0.0,0.0,0.0,22.256278384243814,22.449369021321957,22.639374286967296,17.05283966019444,21.628025575434624,25.46719525869371,6.027398824866414e-17,0.0,0.0,9.229281380906457e-17,4.756080224218881e-14,converged
2025-01-15T19:40:00+08:00,11.666666666666666,-4.791666666666667,12.08333333333333,3.0791666666666666,50.8,50.8,43.9,43.9,35.0,55.00000000000001,85.0,38.137015481037764,10.438144235619372,13.131110790000665,14.567760455417725,76.78083458875732,1.0702455692099553,50.6,50.6,50.6,41.60796721178107,42.039950097896,41.930270247257866,41.879819857329444,0.3794961166666667,0.3853687392107115,22.53833380857649,22.818794090040406,22.194258684671027,22.315351915271897,22.447075529317015,22.663047817400784,22.50191648674819,22.297934341246048,22.253450625671327,22.636573868614892,22.475415554333793,22.271388813253335,1.0,0.0,0.0,0.0,0.0,22.253450625671327,22.447075529317015,22.636573868614892,17.05283966019444,21.628025575434624,25.46719525869371,6.027398824866414e-17,3.0208813009941983e-16,0.0,2.0302905591775877e-16,3.227120895859929e-14,converged
2025-01-15T19:45:00+08:00,11.75,-4.833333333333333,11.66666666666667,3.0833333333333335,50.8,50.8,43.9,43.9,35.0,55.00000000000001,85.0,38.137015481037764,10.438144235619372,13.131110790000665,14.567760455417725,76.78083458875732,1.0702455692099553,50.6,50.6,50.6,41.60730498293948,42.039271513871284,41.92953627951925,41.87912459399963,0.38035373333333333,0.38539946480908754,22.536541586382114,22.816563526506688,22.191449445155552,22.31426432372804,22.444680263088575,22.660148915206353,22.499633975416202,22.296322369592318,22.250493131808973,22.633672354525675,22.473130098912847,22.269773515084783,1.0,0.0,0.0,0.0,0.0,22.250493131808973,22.444680263088575,22.633672354525675,17.05283966019444,21.628025575434624,25.46719525869371,6.027398824866414e-17,1.5103202320818296e-16,0.0,2.0301323250906372e-16,4.821358019781629e-14,converged
2025-01-15T19:50:00+08:00,11.833333333333334,-4.875,11.25,3.0875,50.8,50.8,43.9,43.9,35.0,55.00000000000001,85.0,38.137015481037764,10.438144235619372,13.131110790000665,14.567760455417725,76.78083458875732,1.0702455692099553,50.71788641359223,50.6,50.6,41.686911941503915,42.03856374829323,41.92877050549028,41.900376900835795,0.38121135,0.3858861744903096,22.534812350458804,22.814387183850634,22.18879039503764,22.313231470484595,22.442183627157853,22.65714929858519,22.497257314239985,22.29462319246121,22.247406622639332,22.63067012504614,22.470750496073556,22.268071017282864,1.0,0.0,0.0,0.0,0.0,22.247406622639332,22.442183627157853,22.63067012504614,17.05283966019444,21.628025575434624,25.46719525869371,6.027398824866414e-17,9.050491791837303e-16,0.0,4.056085699739114e-15,5.014360772739121e-14,converged
2025-01-15T19:55:00+08:00,11.916666666666666,-4.916666666666667,10.83333333333333,3.091666666666667,50.8,50.8,43.9,43.9,35.0,55.00000000000001,85.0,38.137015481037764,10.438144235619372,13.131110790000665,14.567760455417725,76.78083458875732,1.0702455692099553,50.8,50.73487897698261,50.6,41.74220252117391,42.131682126000634,41.92797306001121,41.947267349982276,0.3820689666666667,0.3868595136602323,22.533102897808178,22.812224160212427,22.18619850146354,22.312216355509207,22.439830628694107,22.654281093536888,22.495007013464974,22.29304680803634,22.24419181414935,22.627567559091823,22.468277082342595,22.26628161672246,1.0,0.0,0.0,0.0,0.0,22.24419181414935,22.439830628694107,22.627567559091823,17.05283966019444,21.628025575434624,25.46719525869371,6.027398824866414e-17,0.0,0.0,5.439859170042323e-16,5.1464266000658974e-14,converged
2025-01-15T20:00:00+08:00,12.0,-4.958333333333333,10.41666666666667,3.095833333333333,50.8,50.8,43.9,43.9,35.0,55.00000000000001,85.0,38.137015481037764,10.438144235619372,13.131110790000665,14.567760455417725,76.78083458875732,1.0702455692099553,50.8,50.8,50.78131218965225,41.74155226206601,42.17631603909513,42.05275439691459,42.010122032095076,0.3829265833333333,0.3881334096031581,22.531314833863693,22.80998124567594,22.183486093687502,22.31113461947761,22.43749395513478,22.651423737368155,22.492768559318513,22.29148417008061,22.24131332817984,22.624675762333744,22.466005410020554,22.264686790014036,1.0,0.0,0.0,0.0,0.0,22.24131332817984,22.43749395513478,22.624675762333744,17.05283966019444,21.628025575434624,25.46719525869371,6.027398824866414e-17,2.999363593717998e-16,0.0,2.944979043736838e-15,6.179734430656602e-14,converged
2025-01-15T20:05:00+08:00,12.083333333333334,-5.0,10.0,3.1,51.0,51.0,44.0,44.0,35.0,55.00000000000001,85.0,38.22388795365972,10.461921329550169,13.161022204100897,14.600944420008652,77.13103178368426,1.0775759929275268,50.8,50.8,50.8,41.75776935244182,42.19189172546243,42.08138869109347,42.030861461234345,0.3837842,0.38841510696643905,22.529462222273963,22.807671638654448,22.18068050172405,22.30999838389116,22.435075602046236,22.648484244570817,22.490453697034663,22.28985132798671,22.238381716640287,22.621734111229074,22.463688001971757,22.263050975633856,1.0,0.0,0.0,0.0,0.0,22.238381716640287,22.435075602046236,22.621734111229074,17.01408320642127,21.578870971854087,25.40931526946941,1.800009807221715e-16,0.0,0.0,1.2362434949224912e-16,4.4307497828761394e-14,converged
2025-01-15T20:10:00+08:00,12.166666666666666,-5.041666666666667,9.58333333333333,3.104166666666667,51.0,51.0,44.0,44.0,35.0,55.00000000000001,85.0,38.22388795365972,10.461921329550169,13.161022204100897,14.600944420008652,77.13103178368426,1.0775759929275268,50.8,50.8,50.8,41.75706735422689,42.191176562717494,42.08061958819659,42.03012929731767,0.3846418166666667,0.3884475370078568,22.527531386353207,22.805282516318343,22.177755462039393,22.308795807743724,22.432555972752873,22.64544419219636,22.488044802149634,22.288131352548344,22.23532094916151,22.618691897749436,22.461276562227514,22.261328032489715,1.0,0.0,0.0,0.0,0.0,22.23532094916151,22.432555972752873,22.618691897749436,17.01408320642127,21.578870971854087,25.40931526946941,1.800009807221715e-16,4.495407129763067e-16,0.0,3.159031055136294e-16,3.662974428254766e-14,converged
2025-01-15T20:15:00+08:00,12.25,-5.083333333333333,9.16666666666667,3.1083333333333334,51.0,51.0,44.0,44.0,35.0,55.00000000000001,85.0,38.22388795365972,10.461921329550169,13.161022204100897,14.600944420008652,77.13103178368426,1.0775759929275268,50.8,50.8,50.8,41.75633611555352,42.19043241372028,42.07981888715918,42.02936707987059,0.3854994333333333,0.3884812982228192,22.525522537075886,22.802814081851185,22.174711569363268,22.307527044427804,22.42993546986743,22.642303959008125,22.485542211165303,22.28632454075507,22.232131742640085,22.615549500302127,22.45877142696077,22.25951825726809,1.0,0.0,0.0,0.0,0.0,22.232131742640085,22.42993546986743,22.615549500302127,17.01408320642127,21.578870971854087,25.40931526946941,1.800009807221715e-16,1.4983388178465556e-16,0.0,2.700970951620536e-16,4.532766143117085e-14,converged
2025-01-15T20:20:00+08:00,12.333333333333334,-5.125,8.75,3.1125000000000003,51.0,51.0,44.0,44.0,35.0,55.00000000000001,85.0,38.22388795365972,10.461921329550169,13.161022204100897,14.600944420008652,77.13103178368426,1.0775759929275268,50.91943667174315,50.8,50.8,41.83700158775925,42.18965938552131,42.078986721966054,42.05086127183241,0.38635705,0.388977196688282,22.52357917538932,22.800402292611846,22.171822689057482,22.30631508159193,22.4272144944021,22.639063922342803,22.482946259379357,22.284431188584175,22.228814809993374,22.61230729587053,22.456172931142618,22.25762194564521,1.0,0.0,0.0,0.0,0.0,22.228814809993374,22.4272144944021,22.61230729587053,17.01408320642127,21.578870971854087,25.40931526946941,1.800009807221715e-16,5.985714474683078e-16,0.0,1.0898666439151752e-15,5.858102552286582e-14,converged
2025-01-15T20:25:00+08:00,12.416666666666666,-5.166666666666667,8.33333333333333,3.1166666666666667,51.0,51.0,44.0,44.0,35.0,55.00000000000001,85.0,38.22388795365972,10.461921329550169,13.161022204100897,14.600944420008652,77.13103178368426,1.0775759929275268,51.0,50.93684516112583,50.8,41.891216138356306,42.28415981868092,42.07812322600629,42.09790784145502,0.3872146666666667,0.38995702986977104,22.52165435711713,22.798002702372834,22.168998646795956,22.305119712775248,22.424641706990236,22.63595966981353,22.480480746420813,22.28266442774461,22.22537086018159,22.608965660019468,22.453481408546594,22.25563939229046,1.0,0.0,0.0,0.0,0.0,22.22537086018159,22.424641706990236,22.608965660019468,17.01408320642127,21.578870971854087,25.40931526946941,1.800009807221715e-16,1.492668587944325e-16,0.0,6.405378320627405e-15,4.1644009562419844e-14,converged
2025-01-15T20:30:00+08:00,12.5,-5.208333333333333,7.91666666666667,3.1208333333333336,51.0,51.0,44.0,44.0,35.0,55.00000000000001,85.0,38.22388795365972,10.461921329550169,13.161022204100897,14.600944420008652,77.13103178368426,1.0775759929275268,51.0,51.0,50.98362738922121,41.890497630899894,42.32739766728627,42.2045495590688,42.16089152281833,0.3880722833333333,0.39123729965181203,22.51965150925851,22.795523826751147,22.16605524867719,22.303858140125307,22.422082603314532,22.63286382520303,22.47802468590304,22.28090904785257,22.222270600667613,22.605839779245674,22.450996289347437,22.253855768012876,1.0,0.0,0.0,0.0,0.0,22.222270600667613,22.422082603314532,22.605839779245674,17.01408320642127,21.578870971854087,25.40931526946941,1.800009807221715e-16,7.438920185430972e-16,0.0,4.299615476017433e-15,3.708005217594297e-14,converged
2025-01-15T20:35:00+08:00,12.583333333333334,-5.25,7.5,3.125,51.2,51.2,44.1,44.1,35.0,55.00000000000001,85.0,38.31076042628167,10.485698423480963,13.190933618201127,14.634128384599583,77.48202578679083,1.084939812595293,51.0,51.0,51.0,41.906711431676946,42.34297123656693,42.231588183878095,42.18101980119361,0.38892990000000005,0.3915105433911503,22.517584742208932,22.792978910200404,22.163019915162707,22.302542523385767,22.419442776998437,22.629686814078376,22.475493061011672,22.27908417932472,22.219112661606832,22.60266104783641,22.448462510366603,22.25202828338705,1.0,0.0,0.0,0.0,0.0,22.219112661606832,22.419442776998437,22.60266104783641,16.975502518878365,21.5299392916458,25.3516977745273,1.7918557528916655e-16,4.460237040562658e-16,0.0,1.649127622508663e-15,3.781313261499458e-14,converged
2025-01-15T20:40:00+08:00,12.666666666666666,-5.291666666666667,7.08333333333333,3.129166666666667,51.2,51.2,44.1,44.1,35.0,55.00000000000001,85.0,38.31076042628167,10.485698423480963,13.190933618201127,14.634128384599583,77.48202578679083,1.084939812595293,51.0,51.0,51.0,41.90594192040526,42.34219198159867,42.23075399785883,42.180222230259254,0.38978751666666667,0.39154595082181265,22.51544032944264,22.790355080810777,22.159866280688252,22.3011609814142,22.41670255680268,22.626410140141765,22.472868180842173,22.277172833085274,22.215826826085483,22.599382648324884,22.445835474879196,22.25011432379601,1.0,0.0,0.0,0.0,0.0,22.215826826085483,22.41670255680268,22.599382648324884,16.975502518878365,21.5299392916458,25.3516977745273,1.7918557528916655e-16,7.4330561702012e-16,0.0,1.794346585614269e-15,4.255546255992601e-14,converged
2025-01-15T20:45:00+08:00,12.75,-5.333333333333333,6.66666666666667,3.1333333333333333,51.2,51.2,44.1,44.1,35.0,55.00000000000001,85.0,38.31076042628167,10.485698423480963,13.190933618201127,14.634128384599583,77.48202578679083,1.084939812595293,51.0,51.0,51.0,41.905143467282656,42.341384037117116,42.229888548568816,42.179394917610274,0.3906451333333333,0.3915826786086378,22.51321848041139,22.787652540262776,22.15659493438363,22.29971366667033,22.4138623419025,22.62303417884475,22.470150379173347,22.275175303940884,22.212413804136666,22.59600495581989,22.443115516345966,22.248114183752218,1.0,0.0,0.0,0.0,0.0,22.212413804136666,22.4138623419025,22.59600495581989,16.975502518878365,21.5299392916458,25.3516977745273,1.7918557528916655e-16,8.918830800221726e-16,0.0,2.0303781334971076e-15,3.2463780871490926e-14,converged
2025-01-15T20:50:00+08:00,12.833333333333334,-5.375,6.25,3.1375,51.2,51.2,44.1,44.1,35.0,55.00000000000001,85.0,38.31076042628167,10.485698423480963,13.190933618201127,14.634128384599583,77.48202578679083,1.084939812595293,51.12097989924487,51.0,51.0,41.98686602820816,42.34054750909262,42.228991968573894,42.20113196659076,0.39150275,0.39208767401241196,22.511064603525146,22.785009053077825,22.153483374229758,22.298325202518008,22.41092252988599,22.61955930422448,22.467339988589334,22.27309188569319,22.208874301851644,22.592528344018476,22.440302967035294,22.24602815676512,1.0,0.0,0.0,0.0,0.0,22.208874301851644,22.41092252988599,22.592528344018476,16.975502518878365,21.5299392916458,25.3516977745273,1.7918557528916655e-16,7.422786378082467e-16,0.0,2.1172402634017189e-16,4.539133324183267e-14,converged
2025-01-15T20:55:00+08:00,12.916666666666666,-5.416666666666667,5.83333333333333,3.1416666666666666,51.2,51.2,44.1,44.1,35.0,55.00000000000001,85.0,38.31076042628167,10.485698423480963,13.190933618201127,14.634128384599583,77.48202578679083,1.084939812595293,51.2,51.138802428334174,51.0,42.04000910233963,42.43642750606409,42.228064389850466,42.24833579647447,0.3923603666666667,0.39307391917344287,22.5089280274594,22.782376641948,22.150434311450987,22.296952188075952,22.4081354210013,22.616224552389202,22.464664085631846,22.271138831692102,22.20520902140172,22.58895318521125,22.437398158027456,22.24385653534453,1.0,0.0,0.0,0.0,0.0,22.20520902140172,22.4081354210013,22.58895318521125,16.975502518878365,21.5299392916458,25.3516977745273,1.7918557528916655e-16,4.442497307061226e-16,0.0,2.1238276596828882e-15,4.5474836923151507e-14,converged
2025-01-15T21:00:00+08:00,13.0,-5.458333333333333,5.41666666666667,3.1458333333333335,51.2,51.2,44.1,44.1,35.0,55.00000000000001,85.0,38.31076042628167,10.485698423480963,13.190933618201127,14.634128384599583,77.48202578679083,1.084939812595293,51.2,51.2,51.18593208901891,42.039224121025164,42.478274853812465,42.35613268123664,42.311449717998144,0.39321798333333335,0.39436048173364513,22.50671399398895,22.77966554159248,22.14726701608294,22.295513381140694,22.40535934661702,22.612895759577743,22.4619952359574,22.269194790869328,22.201894732790052,22.5855987312498,22.434704382667203,22.241888170488078,1.0,0.0,0.0,0.0,0.0,22.201894732790052,22.40535934661702,22.5855987312498,16.975502518878365,21.5299392916458,25.3516977745273,1.7918557528916655e-16,1.4760013644770173e-16,0.0,3.965075764929981e-15,3.590338079165961e-14,converged
2025-01-15T21:05:00+08:00,13.083333333333334,-5.5,5.0,3.1500000000000004,51.4,51.4,44.2,44.2,35.0,55.00000000000001,85.0,38.39763289890362,10.50947551741176,13.220845032301357,14.66731234919051,77.83381659807692,1.0923371041131396,51.2,51.2,51.2,42.055436565286676,42.49384819785633,42.381582295102035,42.33097056950443,0.39407559999999997,0.39462525047097174,22.504436660405627,22.776889042691383,22.144008999484083,22.294020979749302,22.402503485261153,22.609486750020054,22.45925164885034,22.267181963307348,22.19851819086525,22.582188425154676,22.431959021008776,22.23987307266203,1.0,0.0,0.0,0.0,0.0,22.19851819086525,22.402503485261153,22.582188425154676,16.93709640458226,21.4812290217552,25.29434099223199,2.9729283003190965e-16,1.3275099543072497e-15,0.0,4.444649291121409e-15,4.381354231778805e-14,converged
2025-01-15T21:10:00+08:00,13.166666666666666,-5.541666666666667,4.58333333333333,3.154166666666667,51.4,51.4,44.2,44.2,35.0,55.00000000000001,85.0,38.39763289890362,10.50947551741176,13.220845032301357,14.66731234919051,77.83381659807692,1.0923371041131396,51.2,51.2,51.2,42.054601297705496,42.49300658367934,42.38068496439701,42.330109409530735,0.3949332166666667,0.39466356756902354,22.502082250241173,22.774034224111883,22.14063379394347,22.29246306259644,22.39954809102539,22.60597895392239,22.45641556686915,22.26508330002329,22.195014969503678,22.57867932481295,22.429121161175622,22.237772140076512,1.0,0.0,0.0,0.0,0.0,22.195014969503678,22.39954809102539,22.57867932481295,16.93709640458226,21.4812290217552,25.29434099223199,2.9729283003190965e-16,5.899471417846275e-16,0.0,2.7134126016804465e-15,3.43429020504182e-14,converged
2025-01-15T21:15:00+08:00,13.25,-5.583333333333333,4.16666666666667,3.1583333333333337,51.4,51.4,44.2,44.2,35.0,55.00000000000001,85.0,38.39763289890362,10.50947551741176,13.220845032301357,14.66731234919051,77.83381659807692,1.0923371041131396,51.2,51.2,51.2,42.053737379916846,42.49213657016852,42.379756696813075,42.32921881225515,0.3957908333333333,0.3947031944724746,22.499650971449498,22.77110128605455,22.13714198316145,22.29083978122216,22.39649355973078,22.602372743500286,22.453487321128907,22.26289909368642,22.19138577210767,22.57507180211031,22.426191133975365,22.235585665115305,1.0,0.0,0.0,0.0,0.0,22.19138577210767,22.39649355973078,22.57507180211031,16.93709640458226,21.4812290217552,25.29434099223199,2.9729283003190965e-16,5.898879130305761e-16,0.0,1.2258733618033237e-15,3.5386404356615836e-14,converged
2025-01-15T21:20:00+08:00,13.333333333333334,-5.625,3.75,3.1625,51.4,51.4,44.2,44.2,35.0,55.00000000000001,85.0,38.39763289890362,10.50947551741176,13.220845032301357,14.66731234919051,77.83381659807692,1.0923371041131396,51.322516143816706,51.2,51.2,42.13651557057263,42.49123826223793,42.37879762353462,42.351199645110455,0.39664845,0.3952171966790218,22.497290132779643,22.768229793455664,22.13381468422026,22.289277388594947,22.393340285624266,22.59866848956683,22.450467241559362,22.260629635968115,22.187631298173834,22.571366227532582,22.42316926903254,22.233313939166216,1.0,0.0,0.0,0.0,0.0,22.187631298173834,22.393340285624266,22.571366227532582,16.93709640458226,21.4812290217552,25.29434099223199,2.9729283003190965e-16,2.9456036530081025e-16,0.0,1.086539373982459e-15,3.474814705756105e-14,converged
2025-01-15T21:25:00+08:00,13.416666666666666,-5.666666666666667,3.3333333333333304,3.166666666666667,51.4,51.4,44.2,44.2,35.0,55.00000000000001,85.0,38.39763289890362,10.50947551741176,13.220845032301357,14.66731234919051,77.83381659807692,1.0923371041131396,51.4,51.34075083912978,51.2,42.18859166668201,42.58849530455856,42.37780787516277,42.398561830123164,0.3975060666666667,0.39620977344192826,22.49494534971103,22.765368251140472,22.130547520763226,22.287729301354727,22.39034419479617,22.595108663679675,22.447585669213396,22.25849429004115,22.183752243314753,22.567562970171,22.420055894792824,22.230957252624485,1.0,0.0,0.0,0.0,0.0,22.183752243314753,22.39034419479617,22.567562970171,16.93709640458226,21.4812290217552,25.29434099223199,2.9729283003190965e-16,4.407336578889223e-16,0.0,3.878531853737478e-15,4.316766736810474e-14,converged
2025-01-15T21:30:00+08:00,13.5,-5.708333333333333,2.9166666666666696,3.1708333333333334,51.4,51.4,44.2,44.2,35.0,55.00000000000001,85.0,38.39763289890362,10.50947551741176,13.220845032301357,14.66731234919051,77.83381659807692,1.0923371041131396,51.4,51.4,51.38822636031072,42.187741940965935,42.62895765901851,42.50751505117683,42.46180718738962,0.3983636833333333,0.39750254936141644,22.492523672041134,22.762428606534645,22.12716321392355,22.286115827156184,22.38735648158562,22.591552340366402,22.444708746308194,22.25636558748238,22.180231417116634,22.563985331847118,22.41715815314872,22.22880812274456,1.0,0.0,0.0,0.0,0.0,22.180231417116634,22.38735648158562,22.563985331847118,16.93709640458226,21.4812290217552,25.29434099223199,2.9729283003190965e-16,5.857337117155841e-16,0.0,4.3576328189818055e-15,4.3041201124910947e-14,converged
2025-01-15T21:35:00+08:00,13.583333333333334,-5.75,2.5,3.1750000000000003,51.6,51.6,44.3,44.3,35.0,55.00000000000001,85.0,38.48450537152558,10.533252611342554,13.250756446401583,14.70049631378144,78.18640421754262,1.0997679433809535,51.4,51.4,51.4,42.203954897180246,42.64453260764184,42.53138222049823,42.480724261725285,0.3992213,0.39775882283885,22.490039304094292,22.759424196717386,22.12368936635753,22.28444920237291,22.384289896319924,22.58791673015141,22.441757896419347,22.254168786728822,22.17664374525017,22.5603488350181,22.414205896476982,22.226609387504546,1.0,0.0,0.0,0.0,0.0,22.17664374525017,22.384289896319924,22.5603488350181,16.898863681321355,21.432738662789614,25.237243157035078,1.1838086603519818e-16,5.853563272138901e-16,0.0,2.8625927307206327e-16,4.2858500067985035e-14,converged
2025-01-15T21:40:00+08:00,13.666666666666666,-5.791666666666667,2.0833333333333304,3.1791666666666667,51.6,51.6,44.3,44.3,35.0,55.00000000000001,85.0,38.48450537152558,10.533252611342554,13.250756446401583,14.70049631378144,78.18640421754262,1.0997679433809535,51.4,51.4,51.4,42.20305558547148,42.64363032510887,42.530423629774965,42.47980128343712,0.4000789166666667,0.3977999834406946,22.487478419369914,22.75634205120309,22.12009940813097,22.28271746551776,22.381124618340973,22.58418318962275,22.43871529549222,22.25188677886888,22.172930569888383,22.556614397826365,22.411161883454508,22.22432544438602,1.0,0.0,0.0,0.0,0.0,22.172930569888383,22.381124618340973,22.556614397826365,16.898863681321355,21.432738662789614,25.237243157035078,1.1838086603519818e-16,1.4632394001128762e-16,0.0,5.724606063772327e-16,4.197445246569812e-14,converged
2025-01-15T21:45:00+08:00,13.75,-5.833333333333333,1.6666666666666696,3.1833333333333336,51.6,51.6,44.3,44.3,35.0,55.00000000000001,85.0,38.48450537152558,10.533252611342554,13.250756446401583,14.70049631378144,78.18640421754262,1.0997679433809535,51.4,51.4,51.4,42.20212790841985,42.642699927016004,42.529434420324094,42.47884916505114,0.40093653333333334,0.3978424435573593,22.48484122434855,22.753182368735168,22.11639391768036,22.280920767224025,22.37786104019701,22.580352087834083,22.435581272036313,22.249519854479082,22.169092588028086,22.552782389008275,22.408026442293654,22.22195658368849,1.0,0.0,0.0,0.0,0.0,22.169092588028086,22.37786104019701,22.552782389008275,16.898863681321355,21.432738662789614,25.237243157035078,1.1838086603519818e-16,2.9261664689667664e-16,0.0,3.4746520325437903e-15,3.2663949193945586e-14,converged
2025-01-15T21:50:00+08:00,13.833333333333334,-5.875,1.25,3.1875,51.6,51.6,44.3,44.3,35.0,55.00000000000001,85.0,38.48450537152558,10.533252611342554,13.250756446401583,14.70049631378144,78.18640421754262,1.0997679433809535,51.524045452747146,51.4,51.4,42.28596023693528,42.641741517244355,42.52841472198505,42.50107466486876,0.40179415,0.398365364103112,22.4822769210339,22.750086507954176,22.112857617742694,22.279186983987813,22.374499552874926,22.57642379244828,22.432356153384916,22.247068303145024,22.165130492795253,22.548853175911937,22.404799900032764,22.2195030947224,1.0,0.0,0.0,0.0,0.0,22.165130492795253,22.374499552874926,22.548853175911937,16.898863681321355,21.432738662789614,25.237243157035078,1.1838086603519818e-16,1.4611626953190907e-15,0.0,2.1248495151524642e-15,4.826186710227926e-14,converged
2025-01-15T21:55:00+08:00,13.916666666666666,-5.916666666666667,0.8333333333333304,3.191666666666667,51.6,51.6,44.3,44.3,35.0,55.00000000000001,85.0,38.48450537152558,10.533252611342554,13.250756446401583,14.70049631378144,78.18640421754262,1.0997679433809535,51.6,51.54269045348842,51.4,42.33697380052077,42.740373060598294,42.52736466401992,42.548596256217415,0.4026517666666667,0.3993641937066561,22.479727425584123,22.746999468959014,22.109379071095802,22.277466361845953,22.371299694610677,22.572644197498903,22.42927353276941,22.244754586110044,22.16104497346651,22.544827124502426,22.40148258254036,22.216965265812544,1.0,0.0,0.0,0.0,0.0,22.16104497346651,22.371299694610677,22.544827124502426,16.898863681321355,21.432738662789614,25.237243157035078,1.1838086603519818e-16,2.915016510279463e-16,0.0,4.3936819510523045e-16,3.8568725276319966e-14,converged
2025-01-15T22:00:00+08:00,14.0,-5.958333333333333,0.4166666666666696,3.1958333333333333,51.6,51.6,44.3,44.3,35.0,55.00000000000001,85.0,38.48450537152558,10.533252611342554,13.250756446401583,14.70049631378144,78.18640421754262,1.0997679433809535,51.6,51.6,51.59051027371859,42.33606101602885,42.77945587432044,42.658707616586184,42.61197420073649,0.4035093833333333,0.4006631051709218,22.4771015891034,22.74383490552117,22.1057844371981,22.275680752552216,22.36810554984376,22.56886564148858,22.426193153346624,22.242445140794235,22.157324856377713,22.541031571271684,22.398385465715773,22.214639266616057,1.0,0.0,0.0,0.0,0.0,22.157324856377713,22.36810554984376,22.541031571271684,16.898863681321355,21.432738662789614,25.237243157035078,1.1838086603519818e-16,1.4527831527845865e-16,0.0,2.188222982893153e-16,5.759566818512606e-14,converged
2025-01-15T22:05:00+08:00,14.083333333333334,-6.0,0.0,3.2,51.8,51.8,44.4,44.4,35.0,55.00000000000001,85.0,38.571377844147534,10.557029705273349,13.280667860501813,14.733680278372367,78.53978864518791,1.1072324062986225,51.6,51.6,51.6,42.35227628991175,42.795034196961424,42.68099881809338,42.630291075382814,0.404367,0.4009108642223686,22.474413663071743,22.740606201278293,22.102101410357538,22.273842430852074,22.36483342764322,22.56500870891206,22.423039641221543,22.240068272724805,22.153533283836495,22.537174148619176,22.395230903164002,22.21226079007153,1.0,0.0,0.0,0.0,0.0,22.153533283836495,22.36483342764322,22.537174148619176,16.860803177534596,21.384466728864414,25.18040251929401,1.1784821939443633e-16,2.9037706935864946e-16,0.0,6.346600787504776e-16,3.7883483933879524e-14,converged
2025-01-15T22:10:00+08:00,14.166666666666666,-6.027777777777778,0.0,3.1972222222222224,51.8,51.8,44.4,44.4,35.0,55.00000000000001,85.0,38.571377844147534,10.557029705273349,13.280667860501813,14.733680278372367,78.53978864518791,1.1072324062986225,51.6,51.6,51.6,42.35132208122954,42.79408021965434,42.67998868402353,42.62931558371797,0.4048228611111111,0.4009544648798348,22.47169138129127,22.737346330000456,22.09836192188983,22.271972689819243,22.36151425710677,22.561109403814864,22.419843352408886,22.237648012474224,22.14967967024583,22.53327434122561,22.39203355674216,22.209838918954397,1.0,0.0,0.0,0.0,0.0,22.14967967024583,22.36151425710677,22.53327434122561,16.860803177534596,21.384466728864414,25.18040251929401,1.1784821939443633e-16,5.806909862536347e-16,0.0,4.925858406959214e-16,3.6965655913162474e-14,converged
2025-01-15T22:15:00+08:00,14.25,-6.055555555555555,0.0,3.1944444444444446,51.8,51.8,44.4,44.4,35.0,55.00000000000001,85.0,38.571377844147534,10.557029705273349,13.280667860501813,14.733680278372367,78.53978864518791,1.1072324062986225,51.6,51.6,51.6,42.35035470510122,42.79311301592738,42.67896396545314,42.628326363008256,0.4052787222222222,0.40099867917184445,22.46893483648752,22.734055371385253,22.094566253125535,22.27007160215365,22.35814822540066,22.557167885906953,22.41660444009478,22.235184508045844,22.145764360218262,22.52933230869357,22.388793579514928,22.207373801133983,1.0,0.0,0.0,0.0,0.0,22.145764360218262,22.35814822540066,22.52933230869357,16.860803177534596,21.384466728864414,25.18040251929401,1.1784821939443633e-16,1.4515673975206046e-15,0.0,4.237556218618284e-15,3.029700942446013e-14,converged
2025-01-15T22:20:00+08:00,14.333333333333334,-6.083333333333333,0.0,3.191666666666667,51.8,51.8,44.4,44.4,35.0,55.00000000000001,85.0,38.571377844147534,10.557029705273349,13.280667860501813,14.733680278372367,78.53978864518791,1.1072324062986225,51.72556787289861,51.6,51.6,42.4352769100629,42.7921326345755,42.67792472449462,42.650835133133086,0.4057345833333333,0.40152874337874545,22.466295004870698,22.730876353793413,22.091002428532725,22.268268584974305,22.354735518946562,22.553184314296306,22.41332305691678,22.232677906938193,22.14178769645215,22.525348210024646,22.385511123999382,22.204865583975735,1.0,0.0,0.0,0.0,0.0,22.14178769645215,22.354735518946562,22.525348210024646,16.860803177534596,21.384466728864414,25.18040251929401,1.1784821939443633e-16,1.3046860451707756e-15,0.0,3.009172201325138e-15,5.457520921390854e-14,converged
2025-01-15T22:25:00+08:00,14.416666666666666,-6.111111111111112,0.0,3.188888888888889,51.8,51.8,44.4,44.4,35.0,55.00000000000001,85.0,38.571377844147534,10.557029705273349,13.280667860501813,14.733680278372367,78.53978864518791,1.1072324062986225,51.8,51.74462133084542,51.6,42.4852844060605,42.89218710646085,42.67687102298273,42.69856990517195,0.40619044444444447,0.4025313902259988,22.46371000537546,22.727750668655002,22.08755168748721,22.266510648841876,22.35153907392188,22.5494077878881,22.41023586448094,22.23035361721095,22.137750019742302,22.521322203621697,22.382186342166943,22.202314414342947,1.0,0.0,0.0,0.0,0.0,22.137750019742302,22.35153907392188,22.521322203621697,16.860803177534596,21.384466728864414,25.18040251929401,1.1784821939443633e-16,4.338120876544838e-16,0.0,2.215617133381228e-15,4.2083576166335155e-14,converged
2025-01-15T22:30:00+08:00,14.5,-6.138888888888888,0.0,3.1861111111111113,51.8,51.8,44.4,44.4,35.0,55.00000000000001,85.0,38.571377844147534,10.557029705273349,13.280667860501813,14.733680278372367,78.53978864518791,1.1072324062986225,51.8,51.8,51.79278389922824,42.48437703099897,42.9299612247174,42.80991699434925,42.76214925530974,0.4066463055555556,0.4038333346292818,22.461090372334542,22.72459355305024,22.084043327407347,22.264721107375852,22.348395692057412,22.54568373077021,22.40719606019997,22.22807186610375,22.134145810004117,22.517585441694596,22.37913385870044,22.20001996155918,1.0,0.0,0.0,0.0,0.0,22.134145810004117,22.348395692057412,22.517585441694596,16.860803177534596,21.384466728864414,25.18040251929401,1.1784821939443633e-16,1.4413783093686887e-16,0.0,1.519704861800632e-15,4.6848049083516125e-14,converged
2025-01-15T22:35:00+08:00,14.583333333333334,-6.166666666666667,0.0,3.1833333333333336,51.93333333333334,51.93333333333334,44.46666666666667,44.46666666666667,35.0,55.00000000000001,85.0,38.62929282589551,10.572881101227217,13.300608803235303,14.755802921432991,78.77582093482899,1.112227432197302,51.8,51.8,51.8,42.49494400689923,42.94010362931094,42.825145085984076,42.774350520726976,0.4071021666666667,0.40401691046090343,22.45844560128196,22.721413915277406,22.080495788652502,22.26290814800215,22.345218277889842,22.541929532086055,22.4041252254929,22.225758044487627,22.130516421968398,22.51383107295621,22.376062257813597,22.197704789108666,1.0,0.0,0.0,0.0,0.0,22.130516421968398,22.345218277889842,22.51383107295621,16.835524612051028,21.35240605910599,25.14265079137902,1.7624267447066096e-16,5.762893523151195e-16,1.5151262840601024e-16,3.6980046183824254e-15,4.0238468627476516e-14,converged
2025-01-15T22:40:00+08:00,14.666666666666666,-6.194444444444445,0.0,3.180555555555556,51.93333333333334,51.93333333333334,44.46666666666667,44.46666666666667,35.0,55.00000000000001,85.0,38.62929282589551,10.572881101227217,13.300608803235303,14.755802921432991,78.77582093482899,1.112227432197302,51.8,51.8,51.8,42.4940150377683,42.939176476363954,42.824167713472384,42.77340368757771,0.4075580277777778,0.4040592937380918,22.45576635885909,22.718202985971256,22.07689111536043,22.26106371111329,22.341993440092097,22.538132575301034,22.40101131930359,22.223400616569425,22.12682409441609,22.510033933079253,22.372947577542053,22.195346007302625,1.0,0.0,0.0,0.0,0.0,22.12682409441609,22.341993440092097,22.510033933079253,16.835524612051028,21.35240605910599,25.14265079137902,1.7624267447066096e-16,2.881144515943107e-16,1.5151262840601024e-16,4.9065031052107195e-15,2.120844473507619e-14,converged
2025-01-15T22:45:00+08:00,14.75,-6.222222222222222,0.0,3.177777777777778,51.93333333333334,51.93333333333334,44.46666666666667,44.46666666666667,35.0,55.00000000000001,85.0,38.62929282589551,10.572881101227217,13.300608803235303,14.755802921432991,78.77582093482899,1.112227432197302,51.8,51.8,51.8,42.49307281614619,42.93823601862089,42.82317563590524,42.77244302907048,0.4080138888888889,0.4041022958824797,22.453052738114575,22.714960845157236,22.0732295922494,22.25918786955246,22.338721367345144,22.534293021597005,22.39785449589161,22.220999731099965,22.12306917699152,22.506194183140067,22.36978997202568,22.192943764759566,1.0,0.0,0.0,0.0,0.0,22.12306917699152,22.338721367345144,22.506194183140067,16.835524612051028,21.35240605910599,25.14265079137902,1.7624267447066096e-16,4.321256882717285e-16,1.5151262840601024e-16,3.697234615389161e-15,2.3512174111785748e-14,converged
2025-01-15T22:50:00+08:00,14.833333333333334,-6.25,0.0,3.1750000000000003,51.93333333333334,51.93333333333334,44.46666666666667,44.46666666666667,35.0,55.00000000000001,85.0,38.62929282589551,10.572881101227217,13.300608803235303,14.755802921432991,78.77582093482899,1.112227432197302,51.88438601034531,51.8,51.8,42.549879988478494,42.937282305175145,42.82216891596725,42.787278287662836,0.40846975,0.4044720975219533,22.450406257354558,22.711783664304697,22.069704926148574,22.257367642765285,22.335402247579268,22.530411031548226,22.39465490896407,22.218555536322647,22.119252017396654,22.502311983608383,22.366589594852826,22.19049820959152,1.0,0.0,0.0,0.0,0.0,22.119252017396654,22.335402247579268,22.502311983608383,16.835524612051028,21.35240605910599,25.14265079137902,1.7624267447066096e-16,4.3173060344644495e-16,1.5151262840601024e-16,1.3773267175239664e-15,3.261005056070724e-14,converged
2025-01-15T22:55:00+08:00,14.916666666666666,-6.277777777777778,0.0,3.1722222222222225,51.93333333333334,51.93333333333334,44.46666666666667,44.46666666666667,35.0,55.00000000000001,85.0,38.62929282589551,10.572881101227217,13.300608803235303,14.755802921432991,78.77582093482899,1.112227432197302,51.93333333333334,51.89726917175718,51.8,42.58247020041124,43.00431476529176,42.821147616062646,42.818888363217305,0.40892561111111114,0.4051559898837867,22.447784061305676,22.70863085138431,22.066234925127766,22.255566329558427,22.332213030679082,22.526654237336288,22.39157182123378,22.21621972232567,22.115372961401885,22.498387494349604,22.363346599062304,22.18800948940576,1.0,0.0,0.0,0.0,0.0,22.115372961401885,22.332213030679082,22.498387494349604,16.835524612051028,21.35240605910599,25.14265079137902,1.7624267447066096e-16,1.4366728461836009e-16,1.5151262840601024e-16,2.1756983577369637e-15,4.5064335949393135e-14,converged
2025-01-15T23:00:00+08:00,15.0,-6.305555555555555,0.0,3.1694444444444447,51.93333333333334,51.93333333333334,44.46666666666667,44.46666666666667,35.0,55.00000000000001,85.0,38.62929282589551,10.572881101227217,13.300608803235303,14.755802921432991,78.77582093482899,1.112227432197302,51.93333333333334,51.93333333333334,51.9295293122299,42.58155459430413,43.02860489637075,42.91027083555763,42.86104491023684,0.40938147222222226,0.40603957418635167,22.44512733294976,22.70544667832832,22.062707403176294,22.25373351188562,22.329041844291236,22.522916670751894,22.38850459266732,22.213896467964556,22.11176443847388,22.494643319706633,22.360272479325186,22.185679046252133,1.0,0.0,0.0,0.0,0.0,22.11176443847388,22.329041844291236,22.494643319706633,16.835524612051028,21.35240605910599,25.14265079137902,1.7624267447066096e-16,5.734185987177006e-16,1.5151262840601024e-16,6.612293935881783e-16,5.687900716616809e-14,converged
2025-01-15T23:05:00+08:00,15.083333333333334,-6.333333333333333,0.0,3.166666666666667,52.06666666666666,52.06666666666666,44.53333333333333,44.53333333333333,35.0,55.00000000000001,85.0,38.687207807643475,10.58873249718108,13.320549745968787,14.777925564493607,79.01220736143875,1.1172374581624995,51.93333333333334,51.93333333333334,51.93333333333334,42.592144186974906,43.03876982158058,42.92315206444241,42.87236365414265,0.40983733333333333,0.4062060483550459,22.442445590568575,22.702240076237832,22.059140846721643,22.25187739517092,22.325836771806618,22.519149049197257,22.385406463672627,22.211541312683384,22.10812209482722,22.490875756635326,22.357173797371683,22.183322743677234,1.0,0.0,0.0,0.0,0.0,22.10812209482722,22.325836771806618,22.490875756635326,16.810321730895264,21.320441379376792,25.10501209258953,1.7571539675718453e-16,2.8659179817327973e-16,0.0,1.1871126366821179e-15,4.723295312807581e-14,converged
2025-01-15T23:10:00+08:00,15.166666666666666,-6.361111111111112,0.0,3.163888888888889,52.06666666666666,52.06666666666666,44.53333333333333,44.53333333333333,35.0,55.00000000000001,85.0,38.687207807643475,10.58873249718108,13.320549745968787,14.777925564493607,79.01220736143875,1.1172374581624995,51.93333333333334,51.93333333333334,51.93333333333334,42.59120709262006,43.03783546049215,42.922168736555776,42.87140984038321,0.41029319444444445,0.4062488081182732,22.439729477476487,22.699002252548695,22.05551725269091,22.249989901325804,22.32258438721305,22.515338721785437,22.382265362236026,22.209142693032046,22.104416886038802,22.48706547377567,22.35403213422969,22.180922972859197,1.0,0.0,0.0,0.0,0.0,22.104416886038802,22.32258438721305,22.48706547377567,16.810321730895264,21.320441379376792,25.10501209258953,1.7571539675718453e-16,0.0,0.0,2.385010498536623e-15,4.3092820369133734e-14,converged
2025-01-15T23:15:00+08:00,15.25,-6.388888888888888,0.0,3.1611111111111114,52.06666666666666,52.06666666666666,44.53333333333333,44.53333333333333,35.0,55.00000000000001,85.0,38.687207807643475,10.58873249718108,13.320549745968787,14.777925564493607,79.01220736143875,1.1172374581624995,51.93333333333334,51.93333333333334,51.93333333333334,42.59025679153653,43.03688784198056,42.92117074974456,42.87044224772349,0.4107490555555556,0.40629218559382324,22.43697908646139,22.695733287116948,22.051836905353845,22.248071102969753,22.31928487876943,22.51148584951985,22.37908144228008,22.206700757294247,22.10064916138079,22.483212632029304,22.3508476437056,22.17847988195284,1.0,0.0,0.0,0.0,0.0,22.10064916138079,22.31928487876943,22.483212632029304,16.810321730895264,21.320441379376792,25.10501209258953,1.7571539675718453e-16,8.595931151625722e-16,0.0,4.4783181312070054e-15,3.024581634660687e-14,converged
2025-01-15T23:20:00+08:00,15.333333333333334,-6.416666666666667,0.0,3.1583333333333337,52.06666666666666,52.06666666666666,44.53333333333333,44.53333333333333,35.0,55.00000000000001,85.0,38.687207807643475,10.58873249718108,13.320549745968787,14.777925564493607,79.01220736143875,1.1172374581624995,52.01839142050946,51.93333333333334,51.93333333333334,42.64754912383445,43.03592701497124,42.92015816651236,42.88540560615743,0.4112049166666667,0.40666504535703873,22.43429676984594,22.69253014168103,22.048295100956356,22.24620873459328,22.315938433985565,22.507590592796927,22.37585485717601,22.2042156532478,22.09681926818483,22.479317391691847,22.347620479055397,22.175993618608018,1.0,0.0,0.0,0.0,0.0,22.09681926818483,22.315938433985565,22.479317391691847,16.810321730895264,21.320441379376792,25.10501209258953,1.7571539675718453e-16,2.862683261226102e-16,0.0,2.4880810243803243e-15,3.9081648905622993e-14,converged
2025-01-15T23:25:00+08:00,15.416666666666666,-6.444444444444445,0.0,3.155555555555556,52.06666666666666,52.06666666666666,44.53333333333333,44.53333333333333,35.0,55.00000000000001,85.0,38.687207807643475,10.58873249718108,13.320549745968787,14.777925564493607,79.01220736143875,1.1172374581624995,52.06666666666666,52.031454896549945,51.93333333333334,42.67969023863979,43.1035852306762,42.91913104908305,42.91710599756427,0.41166077777777776,0.4073508249668873,22.43163804384828,22.689350681467353,22.04480654049637,22.244364699079632,22.31272359400963,22.503822091760785,22.372746302231416,22.2018404353812,22.092927551852824,22.475379912455175,22.344350792986663,22.173464329971345,1.0,0.0,0.0,0.0,0.0,22.092927551852824,22.31272359400963,22.475379912455175,16.810321730895264,21.320441379376792,25.10501209258953,1.7571539675718453e-16,5.71572780471958e-16,0.0,8.780584153820584e-16,4.212445296527443e-14,converged
2025-01-15T23:30:00+08:00,15.5,-6.472222222222222,0.0,3.152777777777778,52.06666666666666,52.06666666666666,44.53333333333333,44.53333333333333,35.0,55.00000000000001,85.0,38.687207807643475,10.58873249718108,13.320549745968787,14.777925564493607,79.01220736143875,1.1172374581624995,52.06666666666666,52.06666666666666,52.0638663441976,42.67876662424692,43.12728585687768,43.008996697501914,42.95934097445518,0.4121166388888889,0.4082362485184211,22.428944885004203,22.686139930233775,22.04126055373582,22.24248925847475,22.309525357315575,22.50007141380846,22.369652320959467,22.19947659997072,22.08930909303067,22.471624576146088,22.341251768922408,22.171095066548567,1.0,0.0,0.0,0.0,0.0,22.08930909303067,22.309525357315575,22.471624576146088,16.810321730895264,21.320441379376792,25.10501209258953,1.7571539675718453e-16,5.703330963354262e-16,0.0,7.698627279578356e-16,3.770557921765368e-14,converged
2025-01-15T23:35:00+08:00,15.583333333333334,-6.5,0.0,3.1500000000000004,52.2,52.2,44.6,44.6,35.0,55.00000000000001,85.0,38.745122789391445,10.604583893134945,13.340490688702275,14.800048207554228,79.24894792501725,1.1222625066830707,52.06666666666666,52.06666666666666,52.06666666666666,42.68937893801506,43.137473409430974,43.02120512273937,42.970416727292964,0.4125725,0.4083981338228748,22.426226834264078,22.68290684178397,22.037675672946854,22.240590636150184,22.30629337759722,22.49629076579704,22.366527566732373,22.19708103002391,22.08565435676688,22.467844210087957,22.338126670187822,22.16869854822445,1.0,0.0,0.0,0.0,0.0,22.08565435676688,22.30629337759722,22.467844210087957,16.78519419467569,21.288572259228246,25.06748591606847,2.9198413625024633e-16,4.2758026611389333e-16,1.2007991631280833e-16,1.740483475488895e-15,3.0885088646760414e-14,converged
2025-01-15T23:40:00+08:00,15.666666666666666,-6.527777777777778,0.0,3.147222222222222,52.2,52.2,44.6,44.6,35.0,55.00000000000001,85.0,38.745122789391445,10.604583893134945,13.340490688702275,14.800048207554228,79.24894792501725,1.1222625066830707,52.06666666666666,52.06666666666666,52.06666666666666,42.68843393919212,43.13653206572957,43.020216047363036,42.96945615040608,0.41302836111111113,0.4084412612446816,22.42347451170376,22.679642600461293,22.034033848104198,22.238660735593655,22.303014194323524,22.492467462684708,22.363359936725992,22.194642134533122,22.081936826618396,22.46402117412468,22.334958686102624,22.166258699682754,1.0,0.0,0.0,0.0,0.0,22.081936826618396,22.303014194323524,22.46402117412468,16.78519419467569,21.288572259228246,25.06748591606847,2.9198413625024633e-16,7.125585296657554e-16,1.2007991631280833e-16,2.2362775494324207e-15,3.621980685986766e-14,converged
2025-01-15T23:45:00+08:00,15.75,-6.555555555555555,0.0,3.1444444444444444,52.2,52.2,44.6,44.6,35.0,55.00000000000001,85.0,38.745122789391445,10.604583893134945,13.340490688702275,14.800048207554228,79.24894792501725,1.1222625066830707,52.06666666666666,52.06666666666666,52.06666666666666,42.687475778582055,43.13557751110735,43.0192123583098,42.96848184021482,0.41348422222222225,0.408485005256393,22.42068800985508,22.676347285955387,22.030335363046017,22.236699629204278,22.29968799534296,22.48860166530196,22.36014958453425,22.19216006132538,22.07815685150234,22.460155628988637,22.33174797014802,22.163775668624957,1.0,0.0,0.0,0.0,0.0,22.07815685150234,22.29968799534296,22.460155628988637,16.78519419467569,21.288572259228246,25.06748591606847,2.9198413625024633e-16,0.0,1.2007991631280833e-16,2.1614336662882677e-15,3.8274431348350697e-14,converged
2025-01-15T23:50:00+08:00,15.833333333333334,-6.583333333333333,0.0,3.1416666666666666,52.2,52.2,44.6,44.6,35.0,55.00000000000001,85.0,38.745122789391445,10.604583893134945,13.340490688702275,14.800048207554228,79.24894792501725,1.1222625066830707,52.15239482147532,52.06666666666666,52.06666666666666,42.74525255573883,43.13460979432488,43.0181941179058,42.98357325855463,0.4139400833333333,0.40886090774248246,22.417970512994003,22.673118648318148,22.026777099492815,22.234795764749308,22.296314967756462,22.484693533872882,22.356896663200853,22.18963495772332,22.074314778397056,22.456247734806745,22.328494675255925,22.161249602249075,1.0,0.0,0.0,0.0,0.0,22.074314778397056,22.296314967756462,22.456247734806745,16.78519419467569,21.288572259228246,25.06748591606847,2.9198413625024633e-16,1.1389234785953956e-15,1.2007991631280833e-16,5.428916818342845e-16,2.881903276447971e-14,converged
2025-01-15T23:55:00+08:00,15.916666666666666,-6.611111111111112,0.0,3.138888888888889,52.2,52.2,44.6,44.6,35.0,55.00000000000001,85.0,38.745122789391445,10.604583893134945,13.340490688702275,14.800048207554228,79.24894792501725,1.1222625066830707,52.2,52.16563807308725,52.06666666666666,42.77694559879172,43.202892754900304,43.01716138819824,43.01536397685677,0.41439594444444444,0.4095485619821313,22.415275912863923,22.66991301385073,22.023270659110484,22.232909652642856,22.293075239980986,22.48091371271556,22.353763297033407,22.18722123919561,22.07041095235289,22.452297651102736,22.325198953810936,22.15868064725136,1.0,0.0,0.0,0.0,0.0,22.07041095235289,22.293075239980986,22.452297651102736,16.78519419467569,21.288572259228246,25.06748591606847,2.9198413625024633e-16,1.4212639554087123e-16,1.2007991631280833e-16,1.992714202330482e-15,4.00353320697262e-14,converged
2025-01-16T00:00:00+08:00,16.0,-6.638888888888888,0.0,3.136111111111111,52.2,52.2,44.6,44.6,35.0,55.00000000000001,85.0,38.745122789391445,10.604583893134945,13.340490688702275,14.800048207554228,79.24894792501725,1.1222625066830707,52.2,52.2,52.1982003755715,42.77601419371843,43.226005207182894,43.10776821838704,43.05767742505179,0.41485180555555556,0.41043581239535937,22.412546977598417,22.666676156282623,22.01970688368753,22.23099223334728,22.289850689195287,22.477150312287165,22.3506432201728,22.18481772618297,22.066783098508207,22.448531532722377,22.322075673751034,22.15627345856207,1.0,0.0,0.0,0.0,0.0,22.066783098508207,22.289850689195287,22.448531532722377,16.78519419467569,21.288572259228246,25.06748591606847,2.9198413625024633e-16,5.672766279702501e-16,1.2007991631280833e-16,7.260587934337419e-16,4.5513027038272026e-14,converged
2025-01-16T00:05:00+08:00,16.083333333333332,-6.666666666666667,0.0,3.1333333333333333,52.333333333333336,52.333333333333336,44.666666666666664,44.666666666666664,35.0,55.00000000000001,85.0,38.803037771139415,10.620435289088807,13.360431631435759,14.822170850614844,79.48604262556444,1.1273026002478708,52.2,52.2,52.2,42.786649326881275,43.236215487453904,43.119305236196894,43.06851078162065,0.4153076666666667,0.41059311199519494,22.409793270736408,22.663417052019515,22.01610435111571,22.229051748130146,22.286592535393268,22.473357025060245,22.347492495355418,22.182382641873705,22.063116513686342,22.444738745969996,22.318924808221134,22.153837620278548,1.0,0.0,0.0,0.0,0.0,22.063116513686342,22.286592535393268,22.444738745969996,16.760141666026925,21.256798270781637,25.03007175798479,5.822263845145757e-17,2.835296511946776e-16,0.0,1.8229698854419555e-15,3.5906496419170647e-14,converged
2025-01-16T00:10:00+08:00,16.166666666666668,-6.694444444444444,0.0,3.1305555555555555,52.333333333333336,52.333333333333336,44.666666666666664,44.666666666666664,35.0,55.00000000000001,85.0,38.803037771139415,10.620435289088807,13.360431631435759,14.822170850614844,79.48604262556444,1.1273026002478708,52.2,52.2,52.2,42.78569663923885,43.23526738127127,43.11831061578124,43.06754365375703,0.41576352777777775,0.41063659844408934,22.407005389204503,22.660126862418878,22.01244496467628,22.227080082113435,22.28328728369215,22.469521132035332,22.344298989094394,22.179904367803523,22.059387203223167,22.44090333776224,22.315731150870434,22.151358586778322,1.0,0.0,0.0,0.0,0.0,22.059387203223167,22.28328728369215,22.44090333776224,16.760141666026925,21.256798270781637,25.03007175798479,5.822263845145757e-17,2.8349962538174847e-16,0.0,1.432028053501415e-15,4.5312530463671965e-14,converged
2025-01-16T00:15:00+08:00,16.25,-6.722222222222222,0.0,3.1277777777777778,52.333333333333336,52.333333333333336,44.666666666666664,44.666666666666664,35.0,55.00000000000001,85.0,38.803037771139415,10.620435289088807,13.360431631435759,14.822170850614844,79.48604262556444,1.1273026002478708,52.2,52.2,52.2,42.78473083394972,43.23430610981925,43.11730142607568,43.06656283734389,0.4162193888888889,0.41068070039216537,22.40418342528309,22.656805667006953,22.00872900779224,22.225077307479225,22.27993512154137,22.465642793875382,22.34106285466323,22.177383051352997,22.055595515697306,22.43702546866752,22.312494854863097,22.148836505319704,1.0,0.0,0.0,0.0,0.0,22.055595515697306,22.27993512154137,22.43702546866752,16.760141666026925,21.256798270781637,25.03007175798479,5.822263845145757e-17,2.834691810834257e-16,0.0,1.8509622846366085e-15,3.204381481230647e-14,converged
2025-01-16T00:20:00+08:00,16.333333333333332,-6.75,0.0,3.125,52.333333333333336,52.333333333333336,44.666666666666664,44.666666666666664,35.0,55.00000000000001,85.0,38.803037771139415,10.620435289088807,13.360431631435759,14.822170850614844,79.48604262556444,1.1273026002478708,52.28639622223928,52.2,52.2,42.84299133800302,43.23333172169664,43.11627772923248,43.08178227096883,0.41667525,0.4110596304189619,22.401431393145735,22.653552002200588,22.005154943730638,22.223132583509795,22.276536235644315,22.461722170637504,22.3377842447863,22.174818839399784,22.051741797750264,22.43310529864934,22.30921607281507,22.146271522658985,1.0,0.0,0.0,0.0,0.0,22.051741797750264,22.276536235644315,22.43310529864934,16.760141666026925,21.256798270781637,25.03007175798479,5.822263845145757e-17,2.832078686692768e-16,0.0,4.962967504749094e-16,7.127558210137537e-14,converged
2025-01-16T00:25:00+08:00,16.416666666666668,-6.777777777777778,0.0,3.1222222222222222,52.333333333333336,52.333333333333336,44.666666666666664,44.666666666666664,35.0,55.00000000000001,85.0,38.803037771139415,10.620435289088807,13.360431631435759,14.822170850614844,79.48604262556444,1.1273026002478708,52.333333333333336,52.29981871277915,52.2,42.87423732787519,43.30223841417639,43.11523958712566,43.11366332252275,0.4171311111111111,0.4117491468786943,22.39870156408001,22.650320659180675,22.00163128253626,22.221205031591758,22.27327233770661,22.457931407039194,22.33462670918966,22.172367504985175,22.047826394097193,22.42914298706857,22.305894956796045,22.14366378505214,1.0,0.0,0.0,0.0,0.0,22.047826394097193,22.27327233770661,22.42914298706857,16.760141666026925,21.256798270781637,25.03007175798479,5.822263845145757e-17,1.4136680392592533e-16,0.0,8.775557957671103e-16,4.5215724204352223e-14,converged
2025-01-16T00:30:00+08:00,16.5,-6.805555555555556,0.0,3.1194444444444445,52.333333333333336,52.333333333333336,44.666666666666664,44.666666666666664,35.0,55.00000000000001,85.0,38.803037771139415,10.620435289088807,13.360431631435759,14.822170850614844,79.48604262556444,1.1273026002478708,52.333333333333336,52.333333333333336,52.332531419787074,42.87329834469823,43.32476401554678,43.2065863501834,43.15605527867299,0.41758697222222224,0.412638211973005,22.395937495868203,22.647058159801084,21.998050374291477,22.219246268934167,22.270022191459752,22.454155664023723,22.331481179696585,22.169925199432814,22.044189667706718,22.42536645734152,22.30274805503764,22.141219547837387,1.0,0.08333333333333333,0.0,0.0,0.0,22.044189667706718,22.270022191459752,22.42536645734152,16.760141666026925,21.256798270781637,25.03007175798479,5.822263845145757e-17,1.4106221679071104e-16,0.0,4.3690204239780055e-15,3.871408312099992e-14,converged
2025-01-16T00:35:00+08:00,16.583333333333332,-6.833333333333333,0.0,3.1166666666666667,52.46666666666667,52.46666666666667,44.733333333333334,44.733333333333334,35.0,55.00000000000001,85.0,38.86095275288738,10.63628668504267,13.380372574169245,14.844293493675465,79.72349146308031,1.1323577613457547,52.333333333333336,52.333333333333336,52.333333333333336,42.88395638969107,43.33499711772677,43.217453347633494,43.16664682654278,0.4180428333333333,0.4127909291654062,22.393148774556852,22.64377350296865,21.99443084228114,22.217264554648263,22.26673857920785,22.45035011585332,22.328305124819433,22.1674514827394,22.04051176006754,22.42156162333425,22.299572058697176,22.13874526716764,1.0,0.08333333333333333,0.0,0.0,0.0,22.04051176006754,22.26673857920785,22.42156162333425,16.735163809594695,21.22511898870894,24.99276911751089,1.1609845571975586e-16,5.64040116202684e-16,1.5060942346767341e-16,6.558514379509386e-16,3.943123779204039e-14,converged
2025-01-16T00:40:00+08:00,16.666666666666668,-6.861111111111111,0.0,3.113888888888889,52.46666666666667,52.46666666666667,44.733333333333334,44.733333333333334,35.0,55.00000000000001,85.0,38.86095275288738,10.63628668504267,13.380372574169245,14.844293493675465,79.72349146308031,1.1323577613457547,52.333333333333336,52.333333333333336,52.333333333333336,42.88299622389521,43.33404246392225,43.216453379335256,43.16567335465192,0.41849869444444443,0.4128347662014008,22.390325974013326,22.640457827161814,21.990754543352413,22.215251755549094,22.263407971884384,22.446502009767773,22.32508638055699,22.164934709086374,22.03677119211747,22.417714214920757,22.296353361806904,22.136227923318327,1.0,0.08333333333333333,0.0,0.0,0.0,22.03677119211747,22.263407971884384,22.417714214920757,16.735163809594695,21.22511898870894,24.99276911751089,1.1609845571975586e-16,7.049752792025138e-16,1.5060942346767341e-16,1.7502017626148702e-15,4.501268739535814e-14,converged
2025-01-16T00:45:00+08:00,16.75,-6.888888888888889,0.0,3.111111111111111,52.46666666666667,52.46666666666667,44.733333333333334,44.733333333333334,35.0,55.00000000000001,85.0,38.86095275288738,10.63628668504267,13.380372574169245,14.844293493675465,79.72349146308031,1.1323577613457547,52.333333333333336,52.333333333333336,52.333333333333336,42.88202298381125,43.33307468966813,43.21543888529543,43.16468623814572,0.41895455555555555,0.41287921767680424,22.387469186271097,22.637111211746355,21.98702176052908,22.213207943604974,22.26003055655085,22.44261150626777,22.321825099870374,22.162375025417894,22.03296831211263,22.413824392510683,22.29309211722191,22.133667663114544,1.0,0.08333333333333333,0.0,0.0,0.0,22.03296831211263,22.26003055655085,22.413824392510683,16.735163809594695,21.22511898870894,24.99276911751089,1.1609845571975586e-16,1.4097987600584804e-16,1.5060942346767341e-16,1.4894677402633586e-15,3.0228066696415326e-14,converged
2025-01-16T00:50:00+08:00,16.833333333333332,-6.916666666666667,0.0,3.1083333333333334,52.46666666666667,52.46666666666667,44.733333333333334,44.733333333333334,35.0,55.00000000000001,85.0,38.86095275288738,10.63628668504267,13.380372574169245,14.844293493675465,79.72349146308031,1.1323577613457547,52.42039563174414,52.333333333333336,52.333333333333336,42.940766494063006,43.33209384340444,43.214409927495836,43.180033637878815,0.4194104166666667,0.41326116027629944,22.384683253353106,22.63383297756266,21.98343253471069,22.211222987857894,22.256606519524155,22.438678765248696,22.31852143517263,22.15977257817662,22.029103466373588,22.409892315909282,22.289788477250102,22.13106463288078,1.0,0.08333333333333333,0.0,0.0,0.0,22.029103466373588,22.256606519524155,22.409892315909282,16.735163809594695,21.22511898870894,24.99276911751089,1.1609845571975586e-16,4.2254874042276857e-16,1.5060942346767341e-16,8.28607955313177e-16,3.8519660904579455e-14,converged
2025-01-16T00:55:00+08:00,16.916666666666668,-6.944444444444444,0.0,3.1055555555555556,52.46666666666667,52.46666666666667,44.733333333333334,44.733333333333334,35.0,55.00000000000001,85.0,38.86095275288738,10.63628668504267,13.380372574169245,14.844293493675465,79.72349146308031,1.1323577613457547,52.46666666666667,52.433996826967764,52.33352615686638,42.971566442647735,43.40162325269069,43.21350101957166,43.21205638307685,0.41986627777777774,0.4139535308238297,22.381918830095305,22.63057638446242,21.979892292003143,22.20925462409602,22.25331915183309,22.434877428066834,22.315340358039915,22.15728449458143,22.025177495495512,22.40591847640573,22.286442909135946,22.128419278901486,1.0,0.08333333333333333,0.0,0.0,0.0,22.025177495495512,22.25331915183309,22.40591847640573,16.735163809594695,21.22511898870894,24.99276911751089,1.1609845571975586e-16,7.030699894940553e-16,1.5060942346767341e-16,9.591425359559024e-16,4.498277763657316e-14,converged
2025-01-16T01:00:00+08:00,17.0,-6.972222222222222,0.0,3.102777777777778,52.46666666666667,52.46666666666667,44.733333333333334,44.733333333333334,35.0,55.00000000000001,85.0,38.86095275288738,10.63628668504267,13.380372574169245,14.844293493675465,79.72349146308031,1.1323577613457547,52.46666666666667,52.46666666666667,52.46666666666667,42.97062008903779,43.42356331833055,43.305317561120006,43.254424161989775,0.42032213888888886,0.41484239047398586,22.379120261986646,22.627288700583353,21.9762948870632,22.20725514461142,22.250044111580397,22.431089713549827,22.312170005006188,22.154804263532228,22.02153190504138,22.402131565296852,22.283272690753613,22.125938551544458,1.0,0.08333333333333333,0.0,0.0,0.0,22.02153190504138,22.250044111580397,22.402131565296852,16.735163809594695,21.22511898870894,24.99276911751089,1.1609845571975586e-16,4.209381363868902e-16,1.5060942346767341e-16,4.2093813638689003e-16,2.867638913132436e-14,converged
2025-01-16T01:05:00+08:00,17.083333333333332,-7.0,0.0,3.1,52.6,52.6,44.8,44.8,35.0,55.00000000000001,85.0,38.91886773463535,10.652138080996535,13.400313516902731,14.866416136736085,79.96129443756489,1.137428012465578,52.46666666666667,52.46666666666666,52.46666666666667,42.98130113259693,43.433819330593685,43.31565036824327,43.26482584026869,0.420778,0.41499153276336687,22.376297157499497,22.623978947232256,21.9726589883409,22.205232826305856,22.246735739403512,22.427272273937376,22.308969246783466,22.152292778472184,22.017843182603947,22.39831504881677,22.280072185878968,22.123426688206536,1.0,0.08333333333333333,0.0,0.0,0.0,22.017843182603947,22.246735739403512,22.39831504881677,16.71026029202089,21.193533990213837,24.955577496800306,1.1575318169314814e-16,4.2078685696937903e-16,0.0,5.4007396032184665e-17,3.5037877293764246e-14,converged
2025-01-16T01:10:00+08:00,17.166666666666668,-7.027777777777778,0.0,3.0972222222222223,52.6,52.6,44.8,44.8,35.0,55.00000000000001,85.0,38.91886773463535,10.652138080996535,13.400313516902731,14.866416136736085,79.96129443756489,1.137428012465578,52.46666666666667,52.46666666666666,52.46666666666667,42.98033369445248,43.432858338875775,43.314645244063016,43.2638462262265,0.4212338611111111,0.41503571213362117,22.373440067532716,22.620638240115614,21.968966406509164,22.20317951774698,22.243380472220938,22.42341232290514,22.305725889005174,22.149738366332254,22.01409186237052,22.394456003611122,22.27682906951491,22.120871890822194,1.0,0.08333333333333333,0.0,0.0,0.0,22.01409186237052,22.243380472220938,22.394456003611122,16.71026029202089,21.193533990213837,24.955577496800306,1.1575318169314814e-16,5.609894205415017e-16,0.0,1.0217127164906504e-15,3.722528361446538e-14,converged
2025-01-16T01:15:00+08:00,17.25,-7.055555555555556,0.0,3.0944444444444446,52.6,52.6,44.8,44.8,35.0,55.00000000000001,85.0,38.91886773463535,10.652138080996535,13.400313516902731,14.866416136736085,79.96129443756489,1.137428012465578,52.46666666666667,52.46666666666666,52.46666666666667,42.97935322461553,43.43188427071521,43.313625636872196,43.26285301070224,0.42168972222222223,0.4150805049137345,22.370549083877325,22.617266658441622,21.965217424208014,22.201095290692578,22.239978496717082,22.419510020796682,22.302440084327912,22.147141173629993,22.010278292290185,22.390554589935842,22.27354349421524,22.11827430579306,1.0,0.08333333333333333,0.0,0.0,0.0,22.010278292290185,22.239978496717082,22.390554589935842,16.71026029202089,21.193533990213837,24.955577496800306,1.1575318169314814e-16,0.0,0.0,3.304554276082028e-16,2.374890878101111e-14,converged
2025-01-16T01:20:00+08:00,17.333333333333332,-7.083333333333333,0.0,3.091666666666667,52.6,52.6,44.8,44.8,35.0,55.00000000000001,85.0,38.91886773463535,10.652138080996535,13.400313516902731,14.866416136736085,79.96129443756489,1.137428012465578,52.55439305887944,52.46666666666666,52.46666666666667,43.03857901774855,43.43089717439616,43.312591608485555,43.27832832293579,0.4221455833333333,0.41546544532764124,22.367729874364834,22.613964305539863,21.961613656069453,22.199070722195422,22.236529998833177,22.41556552735078,22.299111984861234,22.144501346382867,22.00640281837795,22.386610967442987,22.2702156119876,22.115634079021547,1.0,0.08333333333333333,0.0,0.0,0.0,22.00640281837795,22.236529998833177,22.386610967442987,16.71026029202089,21.193533990213837,24.955577496800306,1.1575318169314814e-16,1.4010229146148153e-16,0.0,1.5749734286624668e-15,4.8592173983691864e-14,converged
2025-01-16T01:25:00+08:00,17.416666666666668,-7.111111111111111,0.0,3.088888888888889,52.6,52.6,44.8,44.8,35.0,55.00000000000001,85.0,38.91886773463535,10.652138080996535,13.400313516902731,14.866416136736085,79.96129443756489,1.137428012465578,52.6,52.56817242692763,52.46785126675199,43.068933930382144,43.50104828337293,43.312369663836094,43.310705730771254,0.4226014444444444,0.4161648197889279,22.364931481369105,22.610682913710047,21.958057451914094,22.197062165861738,22.23321984497019,22.411753976815785,22.295907980476144,22.141977362604724,22.002468833803096,22.38262733582003,22.266847512902206,22.112953202206118,1.0,0.08333333333333333,0.0,0.0,0.0,22.002468833803096,22.23321984497019,22.38262733582003,16.71026029202089,21.193533990213837,24.955577496800306,1.1575318169314814e-16,1.3986684636868007e-16,0.0,2.5725941860180653e-16,3.9587457835750654e-14,converged
2025-01-16T01:30:00+08:00,17.5,-7.138888888888889,0.0,3.0861111111111112,52.6,52.6,44.8,44.8,35.0,55.00000000000001,85.0,38.91886773463535,10.652138080996535,13.400313516902731,14.866416136736085,79.96129443756489,1.137428012465578,52.6,52.599999999999994,52.6,43.067980409223274,43.52240412076319,43.403539652803914,43.35262341665304,0.42305730555555554,0.4170451385503301,22.362099036150738,22.60737049553984,21.954444167266836,22.195022587408964,22.22992059539137,22.407954653274405,22.292713419419382,22.13946005544011,21.998812810073105,22.378829020433837,22.26365327735574,22.110435580629495,1.0,0.16666666666666666,0.0,0.0,0.0,21.998812810073105,22.22992059539137,22.378829020433837,16.71026029202089,21.193533990213837,24.955577496800306,1.1575318169314814e-16,1.395716087611048e-16,0.0,9.770012613277334e-16,4.2542168851558657e-14,converged
2025-01-16T01:35:00+08:00,17.583333333333332,-7.166666666666667,0.0,3.0833333333333335,52.733333333333334,52.733333333333334,44.86666666666667,44.86666666666667,35.0,55.00000000000001,85.0,38.97678271638331,10.667989476950398,13.420254459636217,14.888538779796702,80.1994515490182,1.1425133760961967,52.6,52.6,52.6,43.07868453254467,43.532683125428456,43.41389717845097,43.3630487705969,0.42351316666666666,0.41719487132987076,22.359242169525334,22.604036094634562,21.950792515513715,22.192960281475425,22.226588145103545,22.404125683145143,22.289488571038184,22.136911648427144,21.995113763712105,22.375001177797433,22.260428872801548,22.10788697684077,1.0,0.16666666666666666,0.0,0.0,0.0,21.995113763712105,22.226588145103545,22.375001177797433,16.685430781928734,21.162042855012928,24.91849640096554,1.7311416845151868e-16,4.185645479863294e-16,1.1936621695879463e-16,3.74786176124215e-15,3.423131514609692e-14,converged
2025-01-16T01:40:00+08:00,17.666666666666668,-7.194444444444444,0.0,3.0805555555555557,52.733333333333334,52.733333333333334,44.86666666666667,44.86666666666667,35.0,55.00000000000001,85.0,38.97678271638331,10.667989476950398,13.420254459636217,14.888538779796702,80.1994515490182,1.1425133760961967,52.6,52.6,52.6,43.07771002311352,43.531716000473544,43.41288708536691,43.362063211330025,0.42396902777777773,0.4172393849644372,22.356351409514637,22.600670804036,21.94708426141363,22.190867078441634,22.223208897179767,22.400254246735816,22.286221210750156,22.134320441351402,21.991352179348794,22.371130850779032,22.257161943654967,22.105295565293343,1.0,0.16666666666666666,0.0,0.0,0.0,21.991352179348794,22.223208897179767,22.371130850779032,16.685430781928734,21.162042855012928,24.91849640096554,1.7311416845151868e-16,1.3950663099177145e-16,1.1936621695879463e-16,5.565333198541327e-16,3.537677333003625e-14,converged
2025-01-16T01:45:00+08:00,17.75,-7.222222222222222,0.0,3.077777777777778,52.733333333333334,52.733333333333334,44.86666666666667,44.86666666666667,35.0,55.00000000000001,85.0,38.97678271638331,10.667989476950398,13.420254459636217,14.888538779796702,80.1994515490182,1.1425133760961967,52.6,52.6,52.6,43.076722523840786,43.53073584228846,43.41186255120682,43.36106409293276,0.42442488888888885,0.4172845110088256,22.353426847671606,22.59727470279761,21.94331968723784,22.188743049858022,22.219783037937933,22.396340504237887,22.282911490915073,22.131686580313474,21.987528404640155,22.367218199485805,22.25385264217614,22.10266149197493,1.0,0.16666666666666666,0.0,0.0,0.0,21.987528404640155,22.219783037937933,22.367218199485805,16.685430781928734,21.162042855012928,24.91849640096554,1.7311416845151868e-16,2.789830888893756e-16,1.1936621695879463e-16,4.312136295934815e-15,4.341766532358115e-14,converged
2025-01-16T01:50:00+08:00,17.833333333333332,-7.25,0.0,3.075,52.733333333333334,52.733333333333334,44.86666666666667,44.86666666666667,35.0,55.00000000000001,85.0,38.97678271638331,10.667989476950398,13.420254459636217,14.888538779796702,80.1994515490182,1.1425133760961967,52.6883885124819,52.6,52.6,43.136429874032096,43.52974269900438,43.41082363762161,43.37666725975063,0.42488075,0.417672434684243,22.350574975602928,22.59394867481085,21.939701977464647,22.186679479045576,22.21631075295415,22.392384615238537,22.27955956334667,22.129010210915222,21.9836427853105,22.363263383421547,22.25050112008003,22.09998490237539,1.0,0.16666666666666666,0.0,0.0,0.0,21.9836427853105,22.21631075295415,22.363263383421547,16.685430781928734,21.162042855012928,24.91849640096554,1.7311416845151868e-16,8.361719291933441e-16,1.1936621695879463e-16,1.9993298346384163e-15,5.845588830952578e-14,converged
2025-01-16T01:55:00+08:00,17.916666666666668,-7.277777777777778,0.0,3.0722222222222224,52.733333333333334,52.733333333333334,44.86666666666667,44.86666666666667,35.0,55.00000000000001,85.0,38.97678271638331,10.667989476950398,13.420254459636217,14.888538779796702,80.1994515490182,1.1425133760961967,52.733333333333334,52.70234552386631,52.60217342930758,43.16634074961242,43.60051448864832,43.411287528028,43.40939882179646,0.42533661111111115,0.41837878841913606,22.34774322719531,22.59064292858686,21.936130413254556,22.18463134083262,22.212978480065054,22.38856320314527,22.276333232668616,22.126451158595263,21.97970126070824,22.35927030640988,22.24711108621876,22.097269329760145,1.0,0.16666666666666666,0.0,0.0,0.0,21.97970126070824,22.212978480065054,22.35927030640988,16.685430781928734,21.162042855012928,24.91849640096554,1.7311416845151868e-16,4.173801052396164e-16,1.1936621695879463e-16,1.3454844882645789e-15,4.514599021248197e-14,converged
2025-01-16T02:00:00+08:00,18.0,-7.305555555555556,0.0,3.0694444444444446,52.733333333333334,52.733333333333334,44.86666666666667,44.86666666666667,35.0,55.00000000000001,85.0,38.97678271638331,10.667989476950398,13.420254459636217,14.888538779796702,80.1994515490182,1.1425133760961967,52.733333333333334,52.733333333333334,52.733333333333334,43.165380259118265,43.62128739769072,43.50181233668185,43.450867440657824,0.4257924722222223,0.41925058036372503,22.344877517552952,22.58730621933601,21.93250184730749,22.182552272710293,22.209655689454536,22.384752624639116,22.273115065816427,22.123897607386276,21.976035280925473,22.3554609362896,22.24389343149094,22.09471564192404,1.0,0.16666666666666666,0.0,0.0,0.0,21.976035280925473,22.209655689454536,22.3554609362896,16.685430781928734,21.162042855012928,24.91849640096554,1.7311416845151868e-16,5.553496036949432e-16,1.1936621695879463e-16,5.553496036949432e-16,3.9372060330844826e-14,converged
2025-01-16T02:05:00+08:00,18.083333333333332,-7.333333333333333,0.0,3.066666666666667,52.86666666666667,52.86666666666667,44.93333333333333,44.93333333333333,35.0,55.00000000000001,85.0,39.03469769813128,10.68384087290426,13.440195402369703,14.910661422857318,80.43796279744019,1.147613874726465,52.733333333333334,52.73333333333335,52.733333333333334,43.1761075380119,43.631589471379904,43.51219462874406,43.46131653569164,0.42624833333333334,0.4194008944917258,22.341987499751315,22.58394761286044,21.928835037715125,22.18045058699877,22.206299826547856,22.380912476532227,22.269866727219977,22.121313107580225,21.97232638492995,22.35162211553529,22.240645722970804,22.092131122748704,1.0,0.16666666666666666,0.0,0.0,0.0,21.97232638492995,22.206299826547856,22.35162211553529,16.66067494990807,21.13064516531706,24.8815253380561,2.3013447684543585e-16,1.1103011305497494e-15,0.0,3.0143187560903074e-15,4.3363581094360414e-14,converged
2025-01-16T02:10:00+08:00,18.166666666666668,-7.361111111111111,0.0,3.063888888888889,52.86666666666667,52.86666666666667,44.93333333333333,44.93333333333333,35.0,55.00000000000001,85.0,39.03469769813128,10.68384087290426,13.440195402369703,14.910661422857318,80.43796279744019,1.147613874726465,52.733333333333334,52.73333333333335,52.733333333333334,43.1751261537281,43.630616412948314,43.511179748842224,43.460325223298696,0.42670419444444446,0.41944573449939543,22.339063679027078,22.58055817964466,21.925111703582836,22.178318095952356,22.20289726074281,22.37702990596051,22.26657596223111,22.11868593192373,21.96855500809582,22.347740853436168,22.23735557463818,22.089503919314364,1.0,0.16666666666666666,0.0,0.0,0.0,21.96855500809582,22.20289726074281,22.347740853436168,16.66067494990807,21.13064516531706,24.8815253380561,2.3013447684543585e-16,1.2489552405305525e-15,0.0,9.961166703363008e-16,4.38963575185479e-14,converged
2025-01-16T02:15:00+08:00,18.25,-7.388888888888889,0.0,3.0611111111111113,52.86666666666667,52.86666666666667,44.93333333333333,44.93333333333333,35.0,55.00000000000001,85.0,39.03469769813128,10.68384087290426,13.440195402369703,14.910661422857318,80.43796279744019,1.147613874726465,52.733333333333334,52.73333333333335,52.733333333333334,43.17413182072677,43.62963036372252,43.51015046902268,43.459320393364216,0.4271600555555556,0.41949118594566986,22.33610614669946,22.577137998590192,21.921332126827682,22.17615487091728,22.19944817800113,22.37310507296823,22.263242922920313,22.116016226109835,21.964721497802397,22.343817309955494,22.234023138467006,22.0868341772042,1.0,0.16666666666666666,0.0,0.0,0.0,21.964721497802397,22.19944817800113,22.343817309955494,16.66067494990807,21.13064516531706,24.8815253380561,2.3013447684543585e-16,1.1100621488815956e-15,0.0,7.224280512216982e-16,3.9832923044622955e-14,converged
2025-01-16T02:20:00+08:00,18.333333333333332,-7.416666666666667,0.0,3.0583333333333336,52.86666666666667,52.86666666666667,44.93333333333333,44.93333333333333,35.0,55.00000000000001,85.0,39.03469769813128,10.68384087290426,13.440195402369703,14.910661422857318,80.43796279744019,1.147613874726465,52.822382001335775,52.73333333333335,52.733333333333334,43.23431999975799,43.628631371683525,43.509106850775645,43.475051352661055,0.4276159166666667,0.4198820785308501,22.333222216124284,22.573788732230057,21.917701057901965,22.174052899746485,22.19595276354409,22.36913813699587,22.25986776081301,22.113304135334207,21.960826199497653,22.339851644453613,22.23064856588702,22.08412204150485,1.0,0.16666666666666666,0.0,0.0,0.0,21.960826199497653,22.19595276354409,22.339851644453613,16.66067494990807,21.13064516531706,24.8815253380561,2.3013447684543585e-16,1.386285909537592e-16,0.0,2.0831357671265408e-15,4.4226486970685285e-14,converged
2025-01-16T02:25:00+08:00,18.416666666666668,-7.444444444444444,0.0,3.055555555555556,52.86666666666667,52.86666666666667,44.93333333333333,44.93333333333333,35.0,55.00000000000001,85.0,39.03469769813128,10.68384087290426,13.440195402369703,14.910661422857318,80.43796279744019,1.147613874726465,52.86666666666667,52.836516128924885,52.73649265765184,43.263787830859876,43.70002282117209,43.51025544630334,43.508136557484704,0.4280717777777778,0.42059538713751,22.33035771666152,22.570459069036495,21.91411471690297,22.171965781882008,22.192599022721875,22.36530720689092,22.256619691756352,22.110710829102352,21.956877592337506,22.33584946064383,22.227237180503185,22.081372583215675,1.0,0.16666666666666666,0.0,0.0,0.0,21.956877592337506,22.192599022721875,22.33584946064383,16.66067494990807,21.13064516531706,24.8815253380561,2.3013447684543585e-16,9.687543868878867e-16,0.0,2.1485100467821937e-18,4.698619047352642e-14,converged
2025-01-16T02:30:00+08:00,18.5,-7.472222222222222,0.0,3.0527777777777776,52.86666666666667,52.86666666666667,44.93333333333333,44.93333333333333,35.0,55.00000000000001,85.0,39.03469769813128,10.68384087290426,13.440195402369703,14.910661422857318,80.43796279744019,1.147613874726465,52.86666666666667,52.86666666666668,52.86666666666667,43.26282056468692,43.72021409430804,43.600136439434564,43.54915712866496,0.4285276388888889,0.4214586664324234,22.327459345337886,22.567098505021942,21.910471450025632,22.169847824943005,22.189253343370197,22.3614857192487,22.25337850832466,22.108121848953836,21.953202117591378,22.332029377207608,22.223996691665878,22.078783640212674,1.0,0.16666666666666666,0.0,0.0,0.0,21.953202117591378,22.189253343370197,22.332029377207608,16.66067494990807,21.13064516531706,24.8815253380561,2.3013447684543585e-16,1.3811001065937368e-15,0.0,6.905500532968679e-16,2.896336250130033e-14,converged
2025-01-16T02:35:00+08:00,18.583333333333332,-7.5,0.0,3.0500000000000003,53.0,53.0,45.0,45.0,35.0,55.00000000000001,85.0,39.09261267987926,10.699692268858126,13.46013634510319,14.932784065917943,80.67682818283092,1.1527295308452399,52.86666666666667,52.86666666666667,52.86666666666667,43.273571069727154,43.730539308099885,43.610543540482226,43.55963002483963,0.4289835,0.421609552937418,22.324536777404546,22.563716128083414,21.906790059835807,22.167707358876015,22.18587471739474,22.357634737503318,22.2501072664897,22.10550206860379,21.949483830205427,22.32817991827915,22.220726262027316,22.076164013902446,1.0,0.16666666666666666,0.0,0.0,0.0,21.949483830205427,22.18587471739474,22.32817991827915,16.6359924685008,21.099340505812886,24.84466381903675,1.7208982650771557e-16,1.104484668488667e-15,0.0,1.999125197445597e-15,4.188429771986424e-14,converged
2025-01-16T02:40:00+08:00,18.666666666666668,-7.527777777777778,0.0,3.0472222222222225,53.0,53.0,45.0,45.0,35.0,55.00000000000001,85.0,39.09261267987926,10.699692268858126,13.46013634510319,14.932784065917943,80.67682818283092,1.1527295308452399,52.86666666666667,52.86666666666667,52.86666666666667,43.27258300250905,43.72956051114925,43.609524051083255,43.55863314670933,0.42943936111111114,0.4216547116016653,22.321580495405797,22.56030298625573,21.90305222004609,22.16553617787076,22.182449480688877,22.353741375814323,22.246793681688104,22.10283973386752,21.94570311660286,22.324288059766747,22.217413475284317,22.073501824101182,1.0,0.16666666666666666,0.0,0.0,0.0,21.94570311660286,22.182449480688877,22.324288059766747,16.6359924685008,21.099340505812886,24.84466381903675,1.7208982650771557e-16,8.28274784726549e-16,0.0,1.852185315161083e-15,3.5370237022824706e-14,converged
2025-01-16T02:45:00+08:00,18.75,-7.555555555555556,0.0,3.0444444444444443,53.0,53.0,45.0,45.0,35.0,55.00000000000001,85.0,39.09261267987926,10.699692268858126,13.46013634510319,14.932784065917943,80.67682818283092,1.1527295308452399,52.86666666666667,52.86666666666667,52.86666666666667,43.27158202698799,43.72856876508144,43.60849020216833,43.557622791881855,0.42989522222222226,0.4217004807614434,22.31859059043138,22.556859158291243,21.899258212233455,22.163334353072358,22.17897781886827,22.349805794083586,22.243437905708447,22.100134990039777,21.94186032389929,22.320353961494458,22.214058483131936,22.0707972159967,1.0,0.16666666666666666,0.0,0.0,0.0,21.94186032389929,22.17897781886827,22.320353961494458,16.6359924685008,21.099340505812886,24.84466381903675,1.7208982650771557e-16,5.521232587486242e-16,0.0,1.4543733583069568e-15,2.9389978215634844e-14,converged
2025-01-16T02:50:00+08:00,18.833333333333332,-7.583333333333333,0.0,3.0416666666666665,53.0,53.0,45.0,45.0,35.0,55.00000000000001,85.0,39.09261267987926,10.699692268858126,13.46013634510319,14.932784065917943,80.67682818283092,1.1527295308452399,52.95637353417331,52.86666666666667,52.86666666666667,43.33225030435267,43.72756411773,43.60744205507011,43.57348147747916,0.43035108333333333,0.4220943281016547,22.31567519556754,22.553487083451163,21.89561434896573,22.161194575135745,22.175459916809405,22.345828151609663,22.240040089795183,22.097387981919237,21.937955797280228,22.31637778268389,22.21066143672195,22.068050334281565,1.0,0.16666666666666666,0.0,0.0,0.0,21.937955797280228,22.175459916809405,22.31637778268389,16.6359924685008,21.099340505812886,24.84466381903675,1.7208982650771557e-16,2.758040420739746e-16,0.0,2.002062738800527e-15,8.348881124367018e-14,converged
2025-01-16T02:55:00+08:00,18.916666666666668,-7.611111111111111,0.0,3.038888888888889,53.0,53.0,45.0,45.0,35.0,55.00000000000001,85.0,39.09261267987926,10.699692268858126,13.46013634510319,14.932784065917943,80.67682818283092,1.1527295308452399,53.0,52.97068425317833,52.87080896482569,43.361276077340456,43.799574204546865,43.609274224188624,43.60691981075548,0.43080694444444445,0.4228145674122464,22.312778539593467,22.55013393390487,21.8920137968457,22.159069071495942,22.172085343468257,22.341988038974566,22.236770857502695,22.094761219732693,21.934000549360718,22.312366822707155,22.207229270397857,22.06526778387007,1.0,0.16666666666666666,0.0,0.0,0.0,21.934000549360718,22.172085343468257,22.312778539593467,16.6359924685008,21.099340505812886,24.84466381903675,1.7208982650771557e-16,1.3766711319743777e-16,0.0,1.997433964016151e-15,4.344877935910403e-14,converged
2025-01-16T03:00:00+08:00,19.0,-7.638888888888889,0.0,3.036111111111111,53.0,53.0,45.0,45.0,35.0,55.00000000000001,85.0,39.09261267987926,10.699692268858126,13.46013634510319,14.932784065917943,80.67682818283092,1.1527295308452399,53.0,53.0,53.0,43.36030222469829,43.81918512687385,43.69851275924116,43.6474933470416,0.4312628055555556,0.42366934831621705,22.309848099544222,22.546749944652777,21.888356391896355,22.156912818260356,22.16871741203468,22.338155979976694,22.23350723396831,22.09213760912074,21.930316025133035,22.308536359428153,22.203966519882208,22.06264438026033,1.0,0.16666666666666666,0.0,0.0,0.0,21.930316025133035,22.16871741203468,22.309848099544222,16.6359924685008,21.099340505812886,24.84466381903675,1.7208982650771557e-16,6.869468035013775e-16,0.0,1.373893607002755e-16,2.7597998624205254e-14,converged
2025-01-16T03:05:00+08:00,19.083333333333332,-7.666666666666667,0.0,3.033333333333333,53.13333333333333,53.13333333333333,45.06666666666667,45.06666666666667,35.0,55.00000000000001,85.0,39.15052766162723,10.715543664811992,13.480077287836679,14.954906708978562,80.91604770519032,1.1578603669413752,53.0,53.0,53.0,43.371076021370065,43.829533546454485,43.70894470668513,43.657990099187465,0.4317186666666667,0.42382079839334713,22.30689357276182,22.543344225584615,21.88466098092526,22.15473416294569,22.165316656969736,22.33429450091385,22.230213663176784,22.08948334390142,21.92658878907904,22.30467659435412,22.200673939375914,22.059990438588486,1.0,0.16666666666666666,0.0,0.0,0.0,21.92658878907904,22.165316656969736,22.30689357276182,16.611383012186444,21.06812846364452,24.807911357765985,1.1438737439541372e-16,1.3734026535301132e-16,1.1883648522672894e-16,2.837213766745202e-15,4.8901339482709116e-14,converged
2025-01-16T03:10:00+08:00,19.166666666666668,-7.694444444444444,0.0,3.0305555555555554,53.13333333333333,53.13333333333333,45.06666666666667,45.06666666666667,35.0,55.00000000000001,85.0,39.15052766162723,10.715543664811992,13.480077287836679,14.954906708978562,80.91604770519032,1.1578603669413752,53.0,53.0,53.0,43.37008145872954,43.828549201250574,43.70792078046754,43.65698783811377,0.43217452777777776,0.42386626816836953,22.30390541919144,22.539907802393245,21.88090919251315,22.15252488173935,22.161869380833796,22.33039068316438,22.22687783080051,22.086786643067548,21.922799178974135,22.30077447021005,22.19733908244574,22.05729405151702,1.0,0.16666666666666666,0.0,0.0,0.0,21.922799178974135,22.161869380833796,22.30390541919144,16.611383012186444,21.06812846364452,24.807911357765985,1.1438737439541372e-16,1.2359297909809462e-15,1.1883648522672894e-16,3.57523052681286e-16,3.425083608068068e-14,converged
2025-01-16T03:15:00+08:00,19.25,-7.722222222222222,0.0,3.0277777777777777,53.13333333333333,53.13333333333333,45.06666666666667,45.06666666666667,35.0,55.00000000000001,85.0,39.15052766162723,10.715543664811992,13.480077287836679,14.954906708978562,80.91604770519032,1.1578603669413752,53.0,53.0,53.0,43.36907402750806,43.827551947864706,43.70688253439843,43.655972140460655,0.4326303888888889,0.42391234752333135,22.30088372969753,22.536440753684555,21.877101307910618,22.1502850455884,22.1583757689063,22.326444686492458,22.22349988835337,22.084047651524642,21.918947541683707,22.29683014668543,22.193962100514995,22.05455536384738,1.0,0.16666666666666666,0.0,0.0,0.0,21.918947541683707,22.1583757689063,22.30088372969753,16.611383012186444,21.06812846364452,24.807911357765985,1.1438737439541372e-16,4.1193181505710045e-16,1.1883648522672894e-16,1.267061285351658e-15,3.1398765324338216e-14,converged
2025-01-16T03:20:00+08:00,19.333333333333332,-7.75,0.0,3.025,53.13333333333333,53.13333333333333,45.06666666666667,45.06666666666667,35.0,55.00000000000001,85.0,39.15052766162723,10.715543664811992,13.480077287836679,14.954906708978562,80.91604770519032,1.1578603669413752,53.09036311967503,53.0,53.0,43.430221670516026,43.82654183398564,43.705830029655864,43.671958482219985,0.43308625,0.4243091356568181,22.297937455085354,22.533046293541528,21.87344519795626,22.148108046226056,22.154836005728768,22.322456670059378,22.220079986806034,22.081266513683413,21.915034222144214,22.29284378286773,22.190543144464634,22.051774519887033,1.0,0.16666666666666666,0.0,0.0,0.0,21.915034222144214,22.154836005728768,22.297937455085354,16.611383012186444,21.06812846364452,24.807911357765985,1.1438737439541372e-16,1.3718220048070296e-16,1.1883648522672894e-16,1.9366457091215675e-15,5.718069718984452e-14,converged
2025-01-16T03:25:00+08:00,19.416666666666668,-7.777777777777778,0.0,3.022222222222222,53.13333333333333,53.13333333333333,45.06666666666667,45.06666666666667,35.0,55.00000000000001,85.0,39.15052766162723,10.715543664811992,13.480077287836679,14.954906708978562,80.91604770519032,1.1578603669413752,53.13333333333333,53.104849907636144,53.00512236379291,43.45880636565328,43.89916953402363,43.70834463935516,43.70574942684109,0.43354211111111113,0.42503628173330116,22.29500922748489,22.529670081553096,21.869830983299106,22.14594474244731,22.151441219969453,22.318607702489818,22.21679015391675,22.07860707715856,21.911072760104616,22.288824369572513,22.187090755377064,22.048959654660095,1.0,0.16666666666666666,0.0,0.0,0.0,21.911072760104616,22.151441219969453,22.29500922748489,16.611383012186444,21.06812846364452,24.807911357765985,1.1438737439541372e-16,2.7389502221361493e-16,1.1883648522672894e-16,3.92332418573431e-16,4.4594012488770675e-14,converged
2025-01-16T03:30:00+08:00,19.5,-7.805555555555556,0.0,3.0194444444444444,53.13333333333333,53.13333333333333,45.06666666666667,45.06666666666667,35.0,55.00000000000001,85.0,39.15052766162723,10.715543664811992,13.480077287836679,14.954906708978562,80.91604770519032,1.1578603669413752,53.13333333333333,53.13333333333333,53.13333333333333,43.45782611141205,43.918201383408935,43.79694206655001,43.745876934583826,0.43399797222222225,0.4258825785931468,22.29204730203226,22.526263089900127,21.866159986136232,22.143750777213956,22.148051657846008,22.31476540204703,22.213504654284346,22.075949618261347,21.907379616778645,22.28498385215505,22.18380630323808,22.046302568799874,1.0,0.16666666666666666,0.0,0.0,0.0,21.907379616778645,22.148051657846008,22.29204730203226,16.611383012186444,21.06812846364452,24.807911357765985,1.1438737439541372e-16,4.100261234381758e-16,1.1883648522672894e-16,4.1002612343817565e-16,2.873727295228383e-14,converged
2025-01-16T03:35:00+08:00,19.583333333333332,-7.833333333333333,0.0,3.0166666666666666,53.266666666666666,53.266666666666666,45.13333333333333,45.13333333333333,35.0,55.00000000000001,85.0,39.20844264337519,10.731395060765854,13.500018230570161,14.97702935203918,81.15562136451842,1.1630064055037261,53.13333333333333,53.13333333333333,53.13333333333333,43.46862326025332,43.928573069218764,43.80739889279886,43.756397592460246,0.4344538333333333,0.42603458360061963,22.289061398074747,22.52283445036269,21.862451097283518,22.141534515555968,22.144629392462768,22.310893754147628,22.210189316389446,22.073261647602887,21.903643859763637,22.281114105224336,22.180492129781637,22.04361508738874,1.0,0.16666666666666666,0.0,0.0,0.0,21.903643859763637,22.144629392462768,22.289061398074747,16.586846257367856,21.03700862839542,24.771267470974603,1.140496996736375e-16,5.465064401253715e-16,0.0,1.3050139182309393e-16,2.988849526662367e-14,converged
2025-01-16T03:40:00+08:00,19.666666666666668,-7.861111111111111,0.0,3.013888888888889,53.266666666666666,53.266666666666666,45.13333333333333,45.13333333333333,35.0,55.00000000000001,85.0,39.20844264337519,10.731395060765854,13.500018230570161,14.97702935203918,81.15562136451842,1.1630064055037261,53.13333333333333,53.13333333333333,53.13333333333333,43.46762238540215,43.927583361443716,43.80637069791915,43.75539012675464,0.43490969444444444,0.4260803571074709,22.286041953052287,22.51937516639954,21.85868590045087,22.13928771572131,22.141160693219053,22.306979807583513,22.206831796291617,22.070531357463462,21.899845778489773,22.277202038519285,22.177135758597803,22.040885276046936,1.0,0.16666666666666666,0.0,0.0,0.0,21.899845778489773,22.141160693219053,22.286041953052287,16.586846257367856,21.03700862839542,24.771267470974603,1.140496996736375e-16,2.73223864665442e-16,0.0,4.0787888405488574e-15,2.7662695456850952e-14,converged
2025-01-16T03:45:00+08:00,19.75,-7.888888888888889,0.0,3.011111111111111,53.266666666666666,53.266666666666666,45.13333333333333,45.13333333333333,35.0,55.00000000000001,85.0,39.20844264337519,10.731395060765854,13.500018230570161,14.97702935203918,81.15562136451842,1.1630064055037261,53.13333333333333,53.13333333333333,53.13333333333333,43.46660868101595,43.92658078569687,43.80532822213367,43.75436926387812,0.43536555555555556,0.42612673930550804,22.28298905760814,22.515885316472794,21.85486467657578,22.137010448462014,22.137645745067697,22.303023721985728,22.203432245237092,22.06775889236824,21.89598571958525,22.27324781159932,22.17373734084514,22.038113279198356,1.0,0.16666666666666666,0.0,0.0,0.0,21.89598571958525,22.137645745067697,22.28298905760814,16.586846257367856,21.03700862839542,24.771267470974603,1.140496996736375e-16,8.195823760085974e-16,0.0,1.3889121405425012e-16,3.755250384589648e-14,converged
2025-01-16T03:50:00+08:00,19.833333333333332,-7.916666666666667,0.0,3.0083333333333333,53.266666666666666,53.266666666666666,45.13333333333333,45.13333333333333,35.0,55.00000000000001,85.0,39.20844264337519,10.731395060765854,13.500018230570161,14.97702935203918,81.15562136451842,1.1630064055037261,53.22435076647019,53.13333333333333,53.13333333333333,43.52823495489497,43.92556538952486,43.80427152646883,43.77048318781137,0.4358214166666667,0.4265264544595425,22.28001247826244,22.512468887587655,21.851196850936578,22.1347968048721,22.134084732224842,22.29902565638288,22.199990813929805,22.064944396348814,21.892064027750433,22.269251583422268,22.170297027140744,22.035299240774137,1.0,0.16666666666666666,0.0,0.0,0.0,21.892064027750433,22.1347968048721,22.28001247826244,16.586846257367856,21.03700862839542,24.771267470974603,1.140496996736375e-16,1.3646905204795122e-16,0.0,1.6779546894837157e-15,5.270534668691257e-14,converged
2025-01-16T03:55:00+08:00,19.916666666666668,-7.944444444444444,0.0,3.0055555555555555,53.266666666666666,53.266666666666666,45.13333333333333,45.13333333333333,35.0,55.00000000000001,85.0,39.20844264337519,10.731395060765854,13.500018230570161,14.97702935203918,81.15562136451842,1.1630064055037261,53.266666666666666,53.23901310324278,53.13943286744067,43.55637954645139,43.998809677186316,43.80746744237243,43.80462622399371,0.43627727777777775,0.42726048358955615,22.277053254413204,22.50907003046151,21.8475695057414,22.132596278461268,22.13067033919171,22.295168153764006,22.196680930841303,22.062253051086554,21.88809676356602,22.26522403204723,22.16682496132091,22.03245282211701,1.0,0.16666666666666666,0.0,0.0,0.0,21.88809676356602,22.132596278461268,22.277053254413204,16.586846257367856,21.03700862839542,24.771267470974603,1.140496996736375e-16,1.2261113965420135e-15,0.0,3.3130135825899494e-15,5.1916175374138466e-14,converged
2025-01-16T04:00:00+08:00,20.0,-7.972222222222222,0.0,3.0027777777777778,53.266666666666666,53.266666666666666,45.13333333333333,45.13333333333333,35.0,55.00000000000001,85.0,39.20844264337519,10.731395060765854,13.500018230570161,14.97702935203918,81.15562136451842,1.1630064055037261,53.266666666666666,53.266666666666666,53.266666666666666,43.5553930712464,44.017263724378395,43.89542510482896,43.844308703220904,0.43673313888888887,0.4280983108367586,22.27406041739719,22.50564045265464,21.84388544572038,22.130365177417737,22.127259752858883,22.291315934092093,22.19337410690484,22.059562510108684,21.884395416919137,22.261373778599125,22.16351935549662,22.029762816480748,1.0,0.16666666666666666,0.0,0.0,0.0,21.884395416919137,22.130365177417737,22.27406041739719,16.586846257367856,21.03700862839542,24.771267470974603,1.140496996736375e-16,9.517758329806658e-16,0.0,2.7193595228019015e-16,2.976003610627582e-14,converged
2025-01-16T04:05:00+08:00,20.083333333333332,-8.0,0.0,3.0,53.4,53.4,45.2,45.2,35.0,55.00000000000001,85.0,39.26635762512317,10.747246456719719,13.519959173303649,14.9991519950998,81.39554916081524,1.1681676690211493,53.266666666666666,53.266666666666666,53.266666666666666,43.56621362798671,44.027658731755274,43.90590683744171,43.854853311661856,0.437189,0.4282508622923856,22.27104370848072,22.50218930773491,21.840163605463502,22.128111884227145,22.123816581074784,22.287434438171022,22.190037551591598,22.056841597519945,21.880651552124796,22.25749436653267,22.160184134932802,22.027042555122787,1.0,0.16666666666666666,0.0,0.0,0.0,21.880651552124796,22.128111884227145,22.27104370848072,16.56238188235699,21.005980592070348,24.734731678244554,5.685675899282834e-17,0.0,0.0,4.3703384948015914e-15,4.2977186002778544e-14,converged
2025-01-16T04:10:00+08:00,20.166666666666668,-8.0,0.41666666666666075,3.0,53.4,53.4,45.2,45.2,35.0,55.00000000000001,85.0,39.26635762512317,10.747246456719719,13.519959173303649,14.9991519950998,81.39554916081524,1.1681676690211493,53.266666666666666,53.266666666666666,53.266666666666666,43.56521810797038,44.026675190300985,43.90488694767057,43.853852607156846,0.437015175,0.4282963957672866,22.268055958193283,22.49877328223911,21.836481533732066,22.12587927040792,22.120407917288965,22.283593858371265,22.186734172865677,22.05414542789891,21.876949287262864,22.253655848917134,22.156882074890238,22.02434702574192,1.0,0.16666666666666666,0.0,0.0,0.0,21.876949287262864,22.12587927040792,22.268055958193283,16.56238188235699,21.005980592070348,24.734731678244554,5.685675899282834e-17,5.436203665378902e-16,0.0,3.4841786870617594e-15,2.9359477947196636e-14,converged
2025-01-16T04:15:00+08:00,20.25,-8.0,0.8333333333333393,3.0,53.4,53.4,45.2,45.2,35.0,55.00000000000001,85.0,39.26635762512317,10.747246456719719,13.519959173303649,14.9991519950998,81.39554916081524,1.1681676690211493,53.266666666666666,53.266666666666666,53.266666666666666,43.56423271494469,44.02570145968968,43.90387756484181,43.85286206592418,0.43684134999999996,0.4283414667988748,22.265097088266447,22.495392286236978,21.832839032085353,22.12366728804378,22.11703362403567,22.279794040262107,22.183463851757594,22.051473916736473,21.873288390940985,22.249858071549614,22.15361305656956,22.02167614394651,1.0,0.16666666666666666,0.0,0.0,0.0,21.873288390940985,22.12366728804378,22.265097088266447,16.56238188235699,21.005980592070348,24.734731678244554,5.685675899282834e-17,5.435631656068309e-16,0.0,3.967448066659879e-15,2.904891840736659e-14,converged
2025-01-16T04:20:00+08:00,20.333333333333332,-8.0,1.25,3.0,53.4,53.4,45.2,45.2,35.0,55.00000000000001,85.0,39.26635762512317,10.747246456719719,13.519959173303649,14.9991519950998,81.39554916081524,1.1681676690211493,53.35833648313715,53.266666666666666,53.266666666666666,43.62639412064054,44.02473750347011,43.90287864453291,43.86916223684765,0.436667525,0.42874142251667957,22.26227751069965,22.492150909942893,21.82944659973655,22.121570607676535,22.11369356439676,22.276034829995695,22.180226469724477,22.048826979812173,21.869668633053884,22.24610088080866,22.15037696159701,22.01902982563289,1.0,0.16666666666666666,0.0,0.0,0.0,21.869668633053884,22.121570607676535,22.26227751069965,16.56238188235699,21.005980592070348,24.734731678244554,5.685675899282834e-17,1.2218762188783527e-15,0.0,1.9944569817419755e-15,8.53570212605445e-14,converged
2025-01-16T04:25:00+08:00,20.416666666666668,-8.0,1.6666666666666607,3.0,53.4,53.4,45.2,45.2,35.0,55.00000000000001,85.0,39.26635762512317,10.747246456719719,13.519959173303649,14.9991519950998,81.39554916081524,1.1681676690211493,53.4,53.37317385087812,53.27374048858014,43.65417955998225,44.098676366129,43.90684107440511,43.90373892129257,0.4364937,0.42947857649598803,22.259536508278057,22.488991631507464,21.82618781362923,22.119537242945324,22.110581655301015,22.27249992969281,22.177196584451,22.046370902461646,21.866108017348733,22.24239632653655,22.147185264821218,22.01641902779472,1.0,0.16666666666666666,0.0,0.0,0.0,21.866108017348733,22.119537242945324,22.259536508278057,16.56238188235699,21.005980592070348,24.734731678244554,5.685675899282834e-17,2.7106199982485577e-16,0.0,1.17871989655354e-15,6.504167171154127e-14,converged
2025-01-16T04:30:00+08:00,20.5,-8.0,2.0833333333333393,3.0,53.4,53.4,45.2,45.2,35.0,55.00000000000001,85.0,39.26635762512317,10.747246456719719,13.519959173303649,14.9991519950998,81.39554916081524,1.1681676690211493,53.4,53.4,53.4,43.653289682700205,44.116655277902815,43.994271086765984,43.94308268935426,0.436319875,0.4303031562730937,22.256823719315,22.48586672511384,21.822966485456362,22.11752404798806,22.107551713661348,22.269050857832447,22.174242692991037,22.043980495621458,21.862912506583715,22.238949403773486,22.14423276149951,22.01402931764789,1.0,0.16666666666666666,0.0,0.0,0.0,21.862912506583715,22.11752404798806,22.256823719315,16.56238188235699,21.005980592070348,24.734731678244554,5.685675899282834e-17,6.763564252887524e-16,0.0,0.0,3.1153376258768783e-14,converged
2025-01-16T04:35:00+08:00,20.583333333333332,-8.0,2.5,3.0,53.4,53.4,45.2,45.2,35.0,55.00000000000001,85.0,39.26635762512317,10.747246456719719,13.519959173303649,14.9991519950998,81.39554916081524,1.1681676690211493,53.4,53.4,53.4,43.65240952705751,44.11578688370187,43.99337856513712,43.94220185972255,0.43614605,0.43034323527116614,22.254139067556068,22.482776102745582,21.81978242830684,22.115530976069252,22.104554633880056,22.265641069984657,22.171320605906065,22.04161370291331,21.85975554562762,22.23554174465065,22.141312047593765,22.011663211555497,1.0,0.16666666666666666,0.0,0.0,0.0,21.85975554562762,22.115530976069252,22.254139067556068,16.56238188235699,21.005980592070348,24.734731678244554,5.685675899282834e-17,5.410347475478715e-16,0.0,1.3525868688696788e-16,3.137484401872879e-14,converged
2025-01-16T04:40:00+08:00,20.666666666666668,-8.0,2.9166666666666607,3.0,53.4,53.4,45.2,45.2,35.0,55.00000000000001,85.0,39.26635762512317,10.747246456719719,13.519959173303649,14.9991519950998,81.39554916081524,1.1681676690211493,53.4,53.4,53.4,43.651539057231496,44.114927873496725,43.99249600614228,43.941330717726366,0.435972225,0.43038287346807624,22.251482476952944,22.47971967661163,21.816635456202217,22.113557980561698,22.101590285048935,22.262270417878824,22.168430209147278,22.039270443683616,21.856636920053873,22.23217320111452,22.13842300921668,22.009320628974656,1.0,0.16666666666666666,0.0,0.0,0.0,21.856636920053873,22.113557980561698,22.251482476952944,16.56238188235699,21.005980592070348,24.734731678244554,5.685675899282834e-17,2.7049245916512975e-16,0.0,5.409849183302595e-16,3.513318918873111e-14,converged
2025-01-16T04:45:00+08:00,20.75,-8.0,3.3333333333333393,3.0,53.4,53.4,45.2,45.2,35.0,55.00000000000001,85.0,39.26635762512317,10.747246456719719,13.519959173303649,14.9991519950998,81.39554916081524,1.1681676690211493,53.4,53.4,53.4,43.65067823754596,44.114078212423664,43.99162336779759,43.94046922555981,0.43579840000000003,0.4304220725840453,22.248853871662853,22.47669735914573,21.813525384092063,22.111605014946235,22.098658536781265,22.25893875380396,22.165571389074845,22.03695063755426,21.853556416628606,22.22884362566985,22.13556553288895,22.007001489637315,1.0,0.16666666666666666,0.0,0.0,0.0,21.853556416628606,22.111605014946235,22.248853871662853,16.56238188235699,21.005980592070348,24.734731678244554,5.685675899282834e-17,1.217105212741883e-15,0.0,5.409356501075033e-16,3.1833696425257646e-14,converged
2025-01-16T04:50:00+08:00,20.833333333333332,-8.0,3.75,3.0,53.4,53.4,45.2,45.2,35.0,55.00000000000001,85.0,39.26635762512317,10.747246456719719,13.519959173303649,14.9991519950998,81.39554916081524,1.1681676690211493,53.4,53.4,53.4,43.649827032470526,44.11323786574892,43.990760608304335,43.9396173455724,0.435624575,0.43046083433222493,22.246253176048004,22.473709063005867,21.810452027849326,22.109672032811496,22.095759259209732,22.255645930606583,22.162744032456438,22.034654204421653,21.85051382330403,22.22555287137756,22.132739505537824,22.004705713549317,1.0,0.16666666666666666,0.0,0.0,0.0,21.85051382330403,22.109672032811496,22.246253176048004,16.56238188235699,21.005980592070348,24.734731678244554,5.685675899282834e-17,5.408869404229549e-16,0.0,2.7044347021147747e-16,2.878267670429578e-14,converged
2025-01-16T04:55:00+08:00,20.916666666666668,-8.0,4.166666666666661,3.0,53.4,53.4,45.2,45.2,35.0,55.00000000000001,85.0,39.26635762512317,10.747246456719719,13.519959173303649,14.9991519950998,81.39554916081524,1.1681676690211493,53.4,53.4,53.4,43.64898540661994,44.112406798868136,43.98990768604812,43.938775040268304,0.43545075,0.4304991604187275,22.243680314675043,22.47075470107367,21.80741520426573,22.107758987853646,22.092892322984362,22.252391801688617,22.159948026465774,22.032381064455798,21.84750892921183,22.222300791852636,22.129944814495637,22.002433220989467,1.0,0.16666666666666666,0.0,0.0,0.0,21.84750892921183,22.107758987853646,22.243680314675043,16.56238188235699,21.005980592070348,24.734731678244554,5.685675899282834e-17,1.216887270376236e-15,0.0,5.4083878683388245e-16,2.936534973406957e-14,converged
2025-01-16T05:00:00+08:00,21.0,-8.0,4.583333333333339,3.0,53.4,53.4,45.2,45.2,35.0,55.00000000000001,85.0,39.26635762512317,10.747246456719719,13.519959173303649,14.9991519950998,81.39554916081524,1.1681676690211493,53.4,53.4,53.4,43.64815332475354,44.111584977305945,43.98906455959798,43.93794227230577,0.435276925,0.4305370525426567,22.24113521231449,22.46783418645386,21.80441473104719,22.10586583387615,22.09005759927046,22.24917622100529,22.15718325868116,22.03013113809936,21.844541524656616,22.219087241262056,22.12718134749836,22.00018393250859,1.0,0.16666666666666666,0.0,0.0,0.0,21.844541524656616,22.10586583387615,22.24113521231449,16.56238188235699,21.005980592070348,24.734731678244554,5.685675899282834e-17,1.0815823738227561e-15,0.0,2.7039559345568893e-16,2.8241254012991163e-14,converged
2025-01-16T05:05:00+08:00,21.083333333333332,-8.0,5.0,3.0,53.4,53.4,45.2,45.2,35.0,55.00000000000001,85.0,39.26635762512317,10.747246456719719,13.519959173303649,14.9991519950998,81.39554916081524,1.1681676690211493,53.4,53.4,53.4,43.647330751774504,44.11077236671541,43.988231187705594,43.93711900449639,0.43510309999999996,0.43057451239613737,22.238617793940193,22.464947432473668,21.801450426809247,22.103992524789504,22.08725495974655,22.245999043063055,22.154449617084047,22.02790434606673,21.841611401109386,22.215912074322695,22.124448992684158,21.997957768928625,1.0,0.25,0.0,0.0,0.0,21.841611401109386,22.103992524789504,22.238617793940193,16.56238188235699,21.005980592070348,24.734731678244554,5.685675899282834e-17,6.759301728003255e-16,0.0,0.0,4.30275428123144e-14,converged
2025-01-16T05:10:00+08:00,21.166666666666668,-8.0,5.416666666666661,3.0,53.4,53.4,45.2,45.2,35.0,55.00000000000001,85.0,39.26635762512317,10.747246456719719,13.519959173303649,14.9991519950998,81.39554916081524,1.1681676690211493,53.4,53.4,53.4,43.64651765272929,44.109968932877635,43.987407529304356,43.93630519980447,0.434929275,0.430611541664346,22.23612798472878,22.46209435268227,21.798522111072533,22.10213901461101,22.084484276602343,22.242860122917506,22.15174699005757,22.025700609343094,21.83871835120105,22.21277514629925,22.121747638591945,21.995754651341674,1.0,0.25,0.0,0.0,0.0,21.83871835120105,22.10213901461101,22.23612798472878,16.56238188235699,21.005980592070348,24.734731678244554,5.685675899282834e-17,2.7034881920949177e-16,0.0,4.0552322881423767e-16,2.340121027500122e-14,converged
2025-01-16T05:15:00+08:00,21.25,-8.0,5.833333333333339,3.0,53.4,53.4,45.2,45.2,35.0,55.00000000000001,85.0,39.26635762512317,10.747246456719719,13.519959173303649,14.9991519950998,81.39554916081524,1.1681676690211493,53.4,53.4,53.4,43.645713992806954,44.109174641701216,43.98659354350863,43.93550082134637,0.43475545,0.43064814202554064,22.233665710059103,22.459274860850215,21.795629604258252,22.100305257464505,22.08174542253669,22.239759316171302,22.149075266385122,22.02351984918351,21.835862168715963,22.209676313002188,22.119077174159955,21.993574501109098,1.0,0.25,0.0,0.0,0.0,21.835862168715963,22.100305257464505,22.233665710059103,16.56238188235699,21.005980592070348,24.734731678244554,5.685675899282834e-17,4.054887637946567e-16,0.0,2.703258425297711e-16,4.3046121449099777e-14,converged
2025-01-16T05:20:00+08:00,21.333333333333332,-8.0,6.25,3.0,53.4,53.4,45.2,45.2,35.0,55.00000000000001,85.0,39.26635762512317,10.747246456719719,13.519959173303649,14.9991519950998,81.39554916081524,1.1681676690211493,53.4,53.4,53.4,43.64491973733854,44.108389459221804,43.985789189612824,43.93470583238985,0.434581625,0.43068431515109057,22.23123089551171,22.456488870968858,21.79277272768369,22.09849120758014,22.07903827075556,22.236696478972103,22.146434335248905,22.021361987111998,21.83304264858553,22.206615430785668,22.1164374887243,21.991417239860592,1.0,0.25,0.0,0.0,0.0,21.83304264858553,22.09849120758014,22.23123089551171,16.56238188235699,21.005980592070348,24.734731678244554,5.685675899282834e-17,4.054547068405355e-16,0.0,2.703031378936903e-16,2.2895965547758822e-14,converged
2025-01-16T05:25:00+08:00,21.416666666666668,-8.0,6.666666666666661,3.0,53.4,53.4,45.2,45.2,35.0,55.00000000000001,85.0,39.26635762512317,10.747246456719719,13.519959173303649,14.9991519950998,81.39554916081524,1.1681676690211493,53.4,53.4,53.4,43.64413485179647,44.10761335160161,43.984994427090655,43.933920196353405,0.4344078,0.430720062705506,22.228823466868278,22.4537362972498,21.789951303557736,22.096696819294106,22.076362694970015,22.233671468010517,22.143824086228516,22.019226944920597,21.8302595868818,22.20359235654551,22.113828472017563,21.98928278949327,1.0,0.25,0.0,0.0,0.0,21.8302595868818,22.096696819294106,22.228823466868278,16.56238188235699,21.005980592070348,24.734731678244554,5.685675899282834e-17,5.405614082413007e-16,0.0,1.3514035206032517e-16,4.2490122088291535e-14,converged
2025-01-16T05:30:00+08:00,21.5,-8.0,7.083333333333339,3.0,53.4,53.4,45.2,45.2,35.0,55.00000000000001,85.0,39.26635762512317,10.747246456719719,13.519959173303649,14.9991519950998,81.39554916081524,1.1681676690211493,53.4,53.4,53.4,43.64335930179389,44.10684628512892,43.98420921559422,43.93314387680562,0.434233975,0.43075538634646776,22.22644335011108,22.451017054124318,21.78716515497644,22.094922047048406,22.073718569394202,22.230684140518047,22.141244409299514,22.017114644668474,21.827512780811155,22.200606947717144,22.11125001416735,21.98717107217075,1.0,0.25,0.0,0.0,0.0,21.827512780811155,22.094922047048406,22.22644335011108,16.56238188235699,21.005980592070348,24.734731678244554,5.685675899282834e-17,8.107756201100567e-16,0.0,0.0,4.790893046694374e-14,converged
2025-01-16T05:35:00+08:00,21.583333333333332,-8.0,7.5,3.0,53.4,53.4,45.2,45.2,35.0,55.00000000000001,85.0,39.26635762512317,10.747246456719719,13.519959173303649,14.9991519950998,81.39554916081524,1.1681676690211493,53.4,53.4,53.4,43.64259305308407,44.10608822621765,43.983433514953255,43.932376837464545,0.43406015000000003,0.4307902877248568,22.224090471422443,22.448331056242804,21.784414105918582,22.093166845390613,22.071105768743347,22.22773435426505,22.138695194831993,22.015025008680997,21.824802028707964,22.197659062273576,22.1087020056949,21.98508201032225,1.0,0.25,0.0,0.0,0.0,21.824802028707964,22.093166845390613,22.224090471422443,16.56238188235699,21.005980592070348,24.734731678244554,5.685675899282834e-17,5.404732889488382e-16,0.0,1.3511832223720955e-16,3.266329565668077e-14,converged
2025-01-16T05:40:00+08:00,21.666666666666668,-8.0,7.916666666666661,3.0,53.4,53.4,45.2,45.2,35.0,55.00000000000001,85.0,39.26635762512317,10.747246456719719,13.519959173303649,14.9991519950998,81.39554916081524,1.1681676690211493,53.4,53.4,53.4,43.64183607155973,44.10533914140691,43.98266728517429,43.931619042197006,0.433886325,0.43082476848478307,22.221764757184207,22.445678218474203,21.781697981241276,22.091431168973607,22.068524168231757,22.224821967558704,22.136176333589177,22.01295795954883,21.82212713002833,22.194748558723354,22.10618433751367,21.98301552664168,1.0,0.25,0.0,0.0,0.0,21.82212713002833,22.091431168973607,22.221764757184207,16.56238188235699,21.005980592070348,24.734731678244554,5.685675899282834e-17,4.053225244095268e-16,0.0,2.7021501627301787e-16,3.340897965554189e-14,converged
2025-01-16T05:45:00+08:00,21.75,-8.0,8.33333333333334,3.0,53.4,53.4,45.2,45.2,35.0,55.00000000000001,85.0,39.26635762512317,10.747246456719719,13.519959173303649,14.9991519950998,81.39554916081524,1.1681676690211493,53.4,53.4,53.4,43.64108832325254,44.10459899736041,43.98191048643979,43.930870455018,0.4337125,0.4308588302636154,22.219466133977186,22.44305845590546,21.779016606675572,22.08971497255535,22.06597364357084,22.221946839240985,22.133687716726012,22.010913420127032,21.819487885343854,22.191875296108567,22.10369690092792,21.98097154408673,1.0,0.25,0.0,0.0,0.0,21.819487885343854,22.08971497255535,22.219466133977186,16.56238188235699,21.005980592070348,24.734731678244554,5.685675899282834e-17,5.403873085562973e-16,0.0,1.3509682713907431e-16,3.5645698157963555e-14,converged
2025-01-16T05:50:00+08:00,21.833333333333332,-8.0,8.75,3.0,53.4,53.4,45.2,45.2,35.0,55.00000000000001,85.0,39.26635762512317,10.747246456719719,13.519959173303649,14.9991519950998,81.39554916081524,1.1681676690211493,53.4,53.4,53.4,43.64034977433239,44.103867760866166,43.981163079107425,43.93013104009006,0.433538675,0.43089247469200975,22.21719452858062,22.440471683840958,21.776369808822107,22.08801821099863,22.063454070967115,22.21910882868664,22.13122923578775,22.008891313534143,21.816884096335414,22.18903913400281,22.101239587631312,21.97894998587799,1.0,0.25,0.0,0.0,0.0,21.816884096335414,22.08801821099863,22.21719452858062,16.56238188235699,21.005980592070348,24.734731678244554,5.685675899282834e-17,4.0525883601290087e-16,0.0,4.0525883601290087e-16,3.242202772501772e-14,converged
2025-01-16T05:55:00+08:00,21.916666666666668,-8.0,9.16666666666666,3.0,53.4,53.4,45.2,45.2,35.0,55.00000000000001,85.0,39.26635762512317,10.747246456719719,13.519959173303649,14.9991519950998,81.39554916081524,1.1681676690211493,53.4,53.4,53.4,43.63962039110683,44.10314539883588,43.980425023709195,43.92940076172258,0.43336484999999997,0.4309257033939386,22.21494986797166,22.43791781780195,21.77375741514676,22.08634083927083,22.060965327120243,22.216307795801185,22.12880078270856,22.00689156315129,21.81431556578701,22.186239932509203,22.098812289705535,21.976950775498022,1.0,0.25,0.0,0.0,0.0,21.81431556578701,22.08634083927083,22.21494986797166,16.56238188235699,21.005980592070348,24.734731678244554,5.685675899282834e-17,9.455310351301804e-16,0.0,1.3507586216145433e-16,2.9830015998183324e-14,converged
2025-01-16T06:00:00+08:00,22.0,-8.0,9.58333333333334,3.0,53.4,53.4,45.2,45.2,35.0,55.00000000000001,85.0,39.26635762512317,10.747246456719719,13.519959173303649,14.9991519950998,81.39554916081524,1.1681676690211493,53.4,53.4,53.4,43.638900140020475,44.102431878304564,43.97969628095067,43.928679584371245,0.433191025,0.4309585179867198,22.212732079324816,22.435396773526023,21.771179253976346,22.084682812443663,22.058507289221065,22.213543601018895,22.126402249810127,22.00491409262129,21.81178209757961,22.18347755225837,22.09641489961889,21.974973836690502,1.0,0.25,0.0,0.0,0.0,21.81178209757961,22.084682812443663,22.212732079324816,16.56238188235699,21.005980592070348,24.734731678244554,5.685675899282834e-17,6.753278852149421e-16,0.0,1.350655770429884e-16,3.9232919235169576e-14,converged
2025-01-16T06:05:00+08:00,22.083333333333332,-8.0,10.0,3.0,53.4,53.4,45.2,45.2,35.0,55.00000000000001,85.0,39.26635762512317,10.747246456719719,13.519959173303649,14.9991519950998,81.39554916081524,1.1681676690211493,53.4,53.4,53.4,43.63818898765436,44.1017271664301,43.978976811710154,43.92796747263733,0.4330172,0.4309909200810447,22.21054109001142,22.432908466966527,21.768635154494298,22.083044085692965,22.056079834949642,22.210816105300815,22.12403352980027,22.002958825847767,21.809283496685076,22.180751854406473,22.09404731022492,21.973019093459307,1.0,0.25,0.0,0.0,0.0,21.809283496685076,22.083044085692965,22.21054109001142,16.56238188235699,21.005980592070348,24.734731678244554,5.685675899282834e-17,1.0804433820094749e-15,0.0,2.701108455023686e-16,4.345519089973141e-14,converged
2025-01-16T06:10:00+08:00,22.166666666666668,-8.0,10.41666666666666,3.0,53.4,53.4,45.2,45.2,35.0,55.00000000000001,85.0,39.26635762512317,10.747246456719719,13.519959173303649,14.9991519950998,81.39554916081524,1.1681676690211493,53.4,53.4,53.4,43.63748690072537,44.10103123049269,43.978266577037914,43.92726439126712,0.432843375,0.4310229112810073,22.208376827599118,22.43045281429204,21.766124946736415,22.08142461429842,22.053682842473307,22.208125170132767,22.12169451577154,22.001025686994236,21.80681956916007,22.178062700633216,22.091709414761027,21.971086470067625,1.0,0.25,0.0,0.0,0.0,21.80681956916007,22.08142461429842,22.208125170132767,16.56238188235699,21.005980592070348,24.734731678244554,5.685675899282834e-17,1.3504539872479926e-15,0.0,6.752269936239958e-16,3.155996825320406e-14,converged
2025-01-16T06:15:00+08:00,22.25,-8.0,10.83333333333334,3.0,53.4,53.4,45.2,45.2,35.0,55.00000000000001,85.0,39.26635762512317,10.747246456719719,13.519959173303649,14.9991519950998,81.39554916081524,1.1681676690211493,53.4,53.4,53.4,43.63679384608567,44.100344037894466,43.9775655381554,43.92657030515131,0.43266955,0.431054493184132,22.20623921985131,22.4280297318858,21.763648461586595,22.07982435364334,22.05131619044473,22.205470657523367,22.119385101199867,21.99911460048324,21.804390122140028,22.175409953139873,22.0894011068471,21.969175891037086,1.0,0.3333333333333333,0.0,0.0,0.0,21.804390122140028,22.07982435364334,22.205470657523367,16.56238188235699,21.005980592070348,24.734731678244554,5.685675899282834e-17,5.401420176228442e-16,0.0,1.3503550440571106e-16,4.010840486879134e-14,converged
2025-01-16T06:20:00+08:00,22.333333333333332,-8.0,11.25,3.0,53.4,53.4,45.2,45.2,35.0,55.00000000000001,85.0,39.26635762512317,10.747246456719719,13.519959173303649,14.9991519950998,81.39554916081524,1.1681676690211493,53.4,53.4,53.4,43.63610979072202,44.09966555615902,43.9768736564544,43.92588517932428,0.432495725,0.4310856673814025,22.20412819472664,22.425639136345165,21.761205530772607,22.078243259214414,22.048979757999973,22.20285243000206,22.117105179943163,21.997225490995447,21.801994963833167,22.172793474647325,22.087122280484127,21.96728728114686,1.0,0.3333333333333333,0.0,0.0,0.0,21.801994963833167,22.078243259214414,22.20285243000206,16.56238188235699,21.005980592070348,24.734731678244554,5.685675899282834e-17,8.101544354333857e-16,0.0,0.0,3.1331349190232716e-14,converged
2025-01-16T06:25:00+08:00,22.416666666666668,-8.0,11.66666666666666,3.0,53.4,53.4,45.2,45.2,35.0,55.00000000000001,85.0,39.26635762512317,10.747246456719719,13.519959173303649,14.9991519950998,81.39554916081524,1.1681676690211493,53.4,53.4,53.4,43.63543470175525,44.09899575293095,43.97619089349633,43.92520897896362,0.43232190000000004,0.4311164354572894,22.202043680378466,22.423280944481057,21.758795986861884,22.076681286601477,22.04667342475657,22.20027035061715,22.11485464623996,21.99535828346879,21.79963390351451,22.1702131283941,22.08487283005286,21.9654205654328,1.0,0.3333333333333333,0.0,0.0,0.0,21.79963390351451,22.076681286601477,22.20027035061715,16.56238188235699,21.005980592070348,24.734731678244554,5.685675899282834e-17,1.3501610267241604e-16,0.0,6.750805133620802e-16,4.604930752219146e-14,converged
2025-01-16T06:30:00+08:00,22.5,-8.0,12.08333333333334,3.0,53.4,53.4,45.2,45.2,35.0,55.00000000000001,85.0,39.26635762512317,10.747246456719719,13.519959173303649,14.9991519950998,81.39554916081524,1.1681676690211493,53.4,53.4,53.4,43.63476854643968,44.0983345959754,43.9755172110114,43.92454166938936,0.432148075,0.4311467989897784,22.19998560515433,22.420955073317426,21.756419663257326,22.07513839149727,22.044397070811613,22.197724282933834,22.11263339470804,21.993512903097557,21.797306751519958,22.16766877813442,22.082652650312426,21.96357566918655,1.0,0.3333333333333333,0.0,0.0,0.0,21.797306751519958,22.07513839149727,22.197724282933834,16.56238188235699,21.005980592070348,24.734731678244554,5.685675899282834e-17,1.3500659415738207e-15,0.0,5.400263766295281e-16,3.3583866597753386e-14,converged
2025-01-16T06:35:00+08:00,22.583333333333332,-8.0,12.5,3.0,53.4,53.4,45.2,45.2,35.0,55.00000000000001,85.0,39.26635762512317,10.747246456719719,13.519959173303649,14.9991519950998,81.39554916081524,1.1681676690211493,53.4,53.4,53.4,43.63411129216246,44.09768205317764,43.974852570897866,43.92388321606354,0.43197425,0.4311767595503985,22.197953897595426,22.4186614400907,21.754076394193138,22.073614529697192,22.04215057673984,22.195214091032266,22.110441320343096,21.991689275331545,21.79501331924038,22.165160288136253,22.080461636398987,21.961752517954675,1.0,0.3333333333333333,0.0,0.0,0.0,21.79501331924038,22.073614529697192,22.195214091032266,16.56238188235699,21.005980592070348,24.734731678244554,5.685675899282834e-17,5.399888525917988e-16,0.0,1.349972131479497e-16,4.498937011403644e-14,converged
2025-01-16T06:40:00+08:00,22.666666666666668,-8.0,12.91666666666666,3.0,53.4,53.4,45.2,45.2,35.0,55.00000000000001,85.0,39.26635762512317,10.747246456719719,13.519959173303649,14.9991519950998,81.39554916081524,1.1681676690211493,53.4,53.4,53.4,43.63346290644308,44.09703809254255,43.97419693522124,43.9232335845894,0.431800425,0.431206318704249,22.195948486436095,22.41639996224923,21.751766014730677,22.07210965709907,22.039933823591724,22.192739639505604,22.108278318517346,21.989887325875177,21.79275341911575,22.16268752317938,22.078299683824383,21.9599510375378,1.0,0.3333333333333333,0.0,0.0,0.0,21.79275341911575,22.07210965709907,22.192739639505604,16.56238188235699,21.005980592070348,24.734731678244554,5.685675899282834e-17,4.049638773038729e-16,0.0,2.6997591820258195e-16,2.632832402120666e-14,converged
2025-01-16T06:45:00+08:00,22.75,-8.0,13.33333333333334,3.0,53.4,53.4,45.2,45.2,35.0,55.00000000000001,85.0,39.26635762512317,10.747246456719719,13.519959173303649,14.9991519950998,81.39554916081524,1.1681676690211493,53.4,53.4,53.4,43.63282335693269,44.09640268219424,43.973550266213515,43.92259274071092,0.43162659999999997,0.431235478010028,22.193969300603285,22.41417055745277,21.749488360754324,22.070623729702923,22.03774669289159,22.190300793458068,22.106144284978203,21.988106980686624,21.79052686462932,22.160250348553465,22.076166688474792,21.95817115398973,1.0,0.3333333333333333,0.0,0.0,0.0,21.79052686462932,22.070623729702923,22.190300793458068,16.56238188235699,21.005980592070348,24.734731678244554,5.685675899282834e-17,6.74894157387879e-16,0.0,1.3497883147757579e-16,2.6792357905048142e-14,converged
2025-01-16T06:50:00+08:00,22.833333333333332,-8.0,13.75,3.0,53.4,53.4,45.2,45.2,35.0,55.00000000000001,85.0,39.26635762512317,10.747246456719719,13.519959173303649,14.9991519950998,81.39554916081524,1.1681676690211493,53.4,53.4,53.4,43.63219261141361,44.095775790375576,43.97291252627243,43.92196065031216,0.431452775,0.43126423902005917,22.192016269216044,22.411973143571913,21.747243268967384,22.069156703610723,22.03558906663572,22.18789741850303,22.104039115846923,21.98634816597695,21.7883334703018,22.157848630056133,22.074062546609387,21.9564127936166,1.0,0.3333333333333333,0.0,0.0,0.0,21.7883334703018,22.069156703610723,22.18789741850303,16.56238188235699,21.005980592070348,24.734731678244554,5.685675899282834e-17,6.748491486997607e-16,0.0,0.0,3.842544314268516e-14,converged
2025-01-16T06:55:00+08:00,22.916666666666668,-8.0,14.16666666666666,3.0,53.4,53.4,45.2,45.2,35.0,55.00000000000001,85.0,39.26635762512317,10.747246456719719,13.519959173303649,14.9991519950998,81.39554916081524,1.1681676690211493,53.4,53.4,53.4,43.63157063779868,44.09515738544775,43.97228367796069,43.92133727941666,0.43127895,0.43129260328031965,22.19008932158499,22.409807638687564,21.74503057688799,22.067708535026153,22.03346082729047,22.185529380761075,22.101962707617268,21.98461080820924,21.7861730516856,22.15548223399105,22.071987154858988,21.954675882976,1.0,0.3333333333333333,0.0,0.0,0.0,21.7861730516856,22.067708535026153,22.185529380761075,16.56238188235699,21.005980592070348,24.734731678244554,5.685675899282834e-17,6.748047667726312e-16,0.0,0.0,3.5978997473255567e-14,converged
2025-01-16T07:00:00+08:00,23.0,-8.0,14.58333333333334,3.0,53.4,53.4,45.2,45.2,35.0,55.00000000000001,85.0,39.26635762512317,10.747246456719719,13.519959173303649,14.9991519950998,81.39554916081524,1.1681676690211493,53.4,53.4,53.4,43.63095740413073,44.094547435889815,43.97166368400519,43.92072259418685,0.431105125,0.43132057233046706,22.1881883872118,22.407673961090396,21.742850122845052,22.066279180254384,22.031361857790408,22.18319654685809,22.099914957154166,21.98289483409775,21.78404542535909,22.153151027166025,22.069940410224753,21.95296034887613,1.0,0.3333333333333333,0.0,0.0,0.0,21.78404542535909,22.066279180254384,22.18319654685809,16.56238188235699,21.005980592070348,24.734731678244554,5.685675899282834e-17,1.2145698161130866e-15,0.0,4.048566053710287e-16,3.6970593580717595e-14,converged
2025-01-16T07:05:00+08:00,23.083333333333332,-8.0,15.0,3.0,53.4,53.4,45.2,45.2,35.0,55.00000000000001,85.0,39.26635762512317,10.747246456719719,13.519959173303649,14.9991519950998,81.39554916081524,1.1681676690211493,53.4,53.4,53.4,43.630352878582,44.09394591029827,43.97105250729631,43.920116560923454,0.43093129999999996,0.43134814770386654,22.18631339578869,22.405572029280318,21.74070174597419,22.064868595701824,22.029292041536443,22.180898783923357,22.097895761692385,21.981200170607032,21.781950408920885,22.150854876891092,22.067922210076834,21.951266118374928,1.0,0.3333333333333333,0.0,0.0,0.0,21.781950408920885,22.064868595701824,22.180898783923357,16.56238188235699,21.005980592070348,24.734731678244554,5.685675899282834e-17,2.6988714903873296e-16,0.0,5.397742980774659e-16,3.0397833657298584e-14,converged
2025-01-16T07:10:00+08:00,23.166666666666668,-8.0,15.41666666666666,3.0,53.4,53.4,45.2,45.2,35.0,55.00000000000001,85.0,39.26635762512317,10.747246456719719,13.519959173303649,14.9991519950998,81.39554916081524,1.1681676690211493,53.4,53.4,53.4,43.62975702945357,44.09335277738659,43.97045011088707,43.919519146064864,0.430757475,0.4313753309276182,22.184464277197904,22.403501761965934,21.738585286213723,22.063476737875902,22.027251262393964,22.17863595958767,22.095905018835197,21.979526744951098,21.77988782098418,22.14859365097663,22.065932452153056,21.94959311877924,1.0,0.3333333333333333,0.0,0.0,0.0,21.77988782098418,22.063476737875902,22.17863595958767,16.56238188235699,21.005980592070348,24.734731678244554,5.685675899282834e-17,0.0,0.0,6.746753550823036e-16,3.6139705121994935e-14,converged
2025-01-16T07:15:00+08:00,23.25,-8.0,15.83333333333334,3.0,53.4,53.4,45.2,45.2,35.0,55.00000000000001,85.0,39.26635762512317,10.747246456719719,13.519959173303649,14.9991519950998,81.39554916081524,1.1681676690211493,53.4,53.4,53.4,43.62916982517478,44.09276800598481,43.96985645799252,43.918930316186604,0.43058365000000004,0.43140212352258334,22.182640961511197,22.401463078064012,21.736500584300668,22.062103563384817,22.025239404690993,22.17640794198141,22.09394262655307,21.97787448459255,21.777857481171097,22.146367217731473,22.063971034557614,21.947941277643956,1.0,0.3333333333333333,0.0,0.0,0.0,21.777857481171097,22.062103563384817,22.17640794198141,16.56238188235699,21.005980592070348,24.734731678244554,5.685675899282834e-17,1.349266907593706e-16,0.0,5.397067630374824e-16,2.7806073333607712e-14,converged
2025-01-16T07:20:00+08:00,23.333333333333332,-8.0,16.25,3.0,53.4,53.4,45.2,45.2,35.0,55.00000000000001,85.0,39.26635762512317,10.747246456719719,13.519959173303649,14.9991519950998,81.39554916081524,1.1681676690211493,53.4,53.4,53.4,43.62859123430266,44.09219156503911,43.96927151198887,43.9183500380007,0.430409825,0.43142852700341194,22.180843378989323,22.39945589669895,21.73444748176674,22.060749028937312,22.023256353216343,22.174214599732686,22.09200848318234,21.976243317241753,21.775859210107086,22.144175445961036,22.062037855759737,21.94631052277116,1.0,0.3333333333333333,0.0,0.0,0.0,21.775859210107086,22.060749028937312,22.174214599732686,16.56238188235699,21.005980592070348,24.734731678244554,5.685675899282834e-17,1.3491843322870273e-16,0.0,6.745921661435136e-16,4.123732340458543e-14,converged
2025-01-16T07:25:00+08:00,23.416666666666668,-8.0,16.66666666666666,3.0,53.4,53.4,45.2,45.2,35.0,55.00000000000001,85.0,39.26635762512317,10.747246456719719,13.519959173303649,14.9991519950998,81.39554916081524,1.1681676690211493,53.4,53.4,53.4,43.628021225521415,44.09162342361134,43.96869523641282,43.91777827835512,0.430236,0.43145454287856877,22.179071460081524,22.39748013720224,21.732425820934395,22.059413091342442,22.02130199321778,22.172055801965445,22.090102487423906,21.974633170855963,21.77389282941533,22.142018204965424,22.060132814592404,21.944700782209303,1.0,0.3333333333333333,0.0,0.0,0.0,21.77389282941533,22.059413091342442,22.172055801965445,16.56238188235699,21.005980592070348,24.734731678244554,5.685675899282834e-17,4.0473089372372004e-16,0.0,2.698205958158134e-16,3.7432698776545037e-14,converged
2025-01-16T07:30:00+08:00,23.5,-8.0,17.08333333333334,3.0,53.4,53.4,45.2,45.2,35.0,55.00000000000001,85.0,39.26635762512317,10.747246456719719,13.519959173303649,14.9991519950998,81.39554916081524,1.1681676690211493,53.4,53.4,53.4,43.62745976764183,44.091063550878594,43.96812759496079,43.91721500423317,0.430062175,0.4314801726503602,22.177325135425026,22.395535719111948,21.730435444912885,22.05809570750934,22.019376210400196,22.169931418297605,22.08822453834192,21.9730439736385,21.771958161711208,22.13989536453759,22.058255810251026,21.943111984252344,1.0,0.3333333333333333,0.0,0.0,0.0,21.771958161711208,22.05809570750934,22.169931418297605,16.56238188235699,21.005980592070348,24.734731678244554,5.685675899282834e-17,4.0470685284976894e-16,0.0,2.698045685665126e-16,3.5292074176365525e-14,converged
2025-01-16T07:35:00+08:00,23.583333333333332,-8.0,17.5,3.0,53.4,53.4,45.2,45.2,35.0,55.00000000000001,85.0,39.26635762512317,10.747246456719719,13.519959173303649,14.9991519950998,81.39554916081524,1.1681676690211493,53.4,53.4,53.4,43.62690682960073,44.090511916132826,43.96756855148822,43.91666018275293,0.42988835,0.43150541781496055,22.175604335844522,22.393622562172173,21.72847619759433,22.056796834446985,22.01747889092379,22.167841318839184,22.08637453536248,21.97147565403791,21.770055030596765,22.13780679496146,22.056406742292154,21.941544057438925,1.0,0.3333333333333333,0.0,0.0,0.0,21.770055030596765,22.056406742292154,22.167841318839184,16.56238188235699,21.005980592070348,24.734731678244554,5.685675899282834e-17,0.0,0.0,8.093663510629875e-16,3.402539980259565e-14,converged
2025-01-16T07:40:00+08:00,23.666666666666668,-8.0,17.91666666666666,3.0,53.4,53.4,45.2,45.2,35.0,55.00000000000001,85.0,39.26635762512317,10.747246456719719,13.519959173303649,14.9991519950998,81.39554916081524,1.1681676690211493,53.4,53.4,53.4,43.626362380460364,44.08996848878035,43.967018070008805,43.916113781166636,0.429714525,0.4315302798624382,22.17390899235167,22.39174058633253,21.72654792364981,22.055516429263967,22.015609921402252,22.16578537419045,22.08455237827235,21.969928140747115,21.76818326065523,22.135752367010088,22.05458551063218,21.939996930551533,1.0,0.3333333333333333,0.0,0.0,0.0,21.76818326065523,22.05458551063218,22.16578537419045,16.56238188235699,21.005980592070348,24.734731678244554,5.685675899282834e-17,9.442063405704891e-16,0.0,1.3488662008149843e-16,3.124545484877547e-14,converged
2025-01-16T07:45:00+08:00,23.75,-8.0,18.33333333333334,3.0,53.4,53.4,45.2,45.2,35.0,55.00000000000001,85.0,39.26635762512317,10.747246456719719,13.519959173303649,14.9991519950998,81.39554916081524,1.1681676690211493,53.4,53.4,53.4,43.625826389408,44.08943323834148,43.966476114693776,43.9155757668602,0.4295407,0.43155476027678213,22.17223903614459,22.38988971174762,21.724650468525482,22.05425444916827,22.013769188900955,22.163763455440066,22.082757967217635,21.968401362702586,21.76634267744556,22.133731951943815,22.05279201554605,21.938470532615668,1.0,0.3333333333333333,0.0,0.0,0.0,21.76634267744556,22.05279201554605,22.163763455440066,16.56238188235699,21.005980592070348,24.734731678244554,5.685675899282834e-17,5.395158739635759e-16,0.0,2.6975793698178795e-16,3.170975482197984e-14,converged
2025-01-16T07:50:00+08:00,23.833333333333332,-8.0,18.75,3.0,53.4,53.4,45.2,45.2,35.0,55.00000000000001,85.0,39.26635762512317,10.747246456719719,13.519959173303649,14.9991519950998,81.39554916081524,1.1681676690211493,53.4,53.4,53.4,43.62529882575519,44.08890613445003,43.96594264987123,43.915046107352524,0.429366875,0.43157886053592776,22.170594398607353,22.388069858776497,21.72278367843871,22.05301085146702,22.011956580935156,22.16177543416325,22.080991202702524,21.966895249083514,21.76453310749701,22.131745421508423,22.051026157665987,21.936964792899005,1.0,0.3333333333333333,0.0,0.0,0.0,21.76453310749701,22.051026157665987,22.16177543416325,16.56238188235699,21.005980592070348,24.734731678244554,5.685675899282834e-17,1.3487143656940487e-16,0.0,6.743571828470243e-16,2.812212387247093e-14,converged
2025-01-16T07:55:00+08:00,23.916666666666668,-8.0,19.16666666666666,3.0,53.4,53.4,45.2,45.2,35.0,55.00000000000001,85.0,39.26635762512317,10.747246456719719,13.519959173303649,14.9991519950998,81.39554916081524,1.1681676690211493,53.4,53.4,53.4,43.62477965893739,44.08838714685297,43.96541764002532,43.91452477029499,0.42919304999999996,0.4316025821117829,22.16897501130949,22.386280947982154,21.720947400374214,22.05178559356627,22.010171985468208,22.159821182419932,22.07925198558799,21.965409729310974,21.762754378303725,22.12979264793331,22.0492878379802,21.935479640910582,1.0,0.3333333333333333,0.0,0.0,0.0,21.762754378303725,22.0492878379802,22.159821182419932,16.56238188235699,21.005980592070348,24.734731678244554,5.685675899282834e-17,0.0,0.0,8.091841429029068e-16,3.915318459902479e-14,converged
2025-01-16T08:00:00+08:00,24.0,-8.0,19.58333333333334,3.0,53.4,53.4,45.2,45.2,35.0,55.00000000000001,85.0,39.26635762512317,10.747246456719719,13.519959173303649,14.9991519950998,81.39554916081524,1.1681676690211493,53.4,53.4,53.4,43.62426885851331,44.08787624540997,43.96490104979561,43.914011723470885,0.429019225,0.4316259264702534,22.16738080600548,22.384522900131003,21.719141482080246,22.05057863297077,22.008415290909774,22.15790057275294,22.07754021709051,21.9639447330471,21.7610063183194,22.12787350392967,22.04757695783161,21.934015006399967,1.0,0.3333333333333333,0.0,0.0,0.0,21.7610063183194,22.04757695783161,22.15790057275294,16.56238188235699,21.005980592070348,24.734731678244554,5.685675899282834e-17,4.0457018921090416e-16,0.0,2.697134594739361e-16,4.718065372437335e-14,converged
