timestamp,elapsed_hours,outdoor_temperature_c,solar_radiation_w_m2,wind_m_s,raw_supply_target_c,applied_supply_setpoint_c,raw_pump_target_hz,applied_pump_frequency_hz,near_valve_pct,mid_valve_pct,far_valve_pct,total_flow_m3_h,near_flow_m3_h,mid_flow_m3_h,far_flow_m3_h,pump_pressure_kpa,pump_power_kw,delivered_supply_near_c,delivered_supply_mid_c,delivered_supply_far_c,return_near_c,return_mid_c,return_far_c,station_return_c,required_heat_load_mw,actual_heat_supply_mw,B01_indoor_c,B02_indoor_c,B03_indoor_c,B04_indoor_c,B05_indoor_c,B06_indoor_c,B07_indoor_c,B08_indoor_c,B09_indoor_c,B10_indoor_c,B11_indoor_c,B12_indoor_c,compliance_rate,comfort_rate,overheating_rate,severe_overheating_rate,underheating_rate,P10_c,P50_c,P90_c,near_transport_delay_min,mid_transport_delay_min,far_transport_delay_min,hydraulic_residual,heat_balance_residual,mass_residual,pipe_heat_balance_residual,building_heat_balance_residual,solver_status
2025-01-15T08:05:00+08:00,0.08333333333333333,-8.0,20.0,3.0,53.4,53.4,45.2,45.2,35.0,55.00000000000001,85.0,39.26635762512317,10.747246456719719,13.519959173303649,14.9991519950998,81.39554916081524,1.1681676690211493,53.4,53.4,53.4,43.595934111185464,44.07057597669783,43.95024608704384,43.89470177217538,0.42884540000000004,0.43250455665353504,22.047324776608505,22.239420846315898,21.699866600126928,21.90471373948357,21.962589482687704,22.100698953079732,22.014742665990788,21.897165455291073,21.747886245594863,22.071297097460803,21.985510479607758,21.86807977873516,1.0,0.5833333333333334,0.0,0.0,0.0,21.747886245594863,21.962589482687704,22.071297097460803,16.56238188235699,21.005980592070348,24.734731678244554,5.685675899282834e-17,1.211244922538147e-15,0.0,4.037483075127155e-16,3.4070124042369514e-14,converged
2025-01-15T08:10:00+08:00,0.16666666666666666,-7.833333333333333,28.333333333333332,3.0166666666666666,53.4,53.4,45.2,45.2,35.0,55.00000000000001,85.0,39.26635762512317,10.747246456719719,13.519959173303649,14.9991519950998,81.39554916081524,1.1681676690211493,53.4,53.4,53.4,43.5956264718387,44.07025076527352,43.9499137119243,43.89437863382582,0.42263373333333326,0.4325192599069484,22.046745934086168,22.238827325384147,21.699059884824965,21.90438622055616,21.96181935674419,22.099894537158118,22.01403209084154,21.896566985547093,21.747155777237253,22.070491574641323,21.984797952957678,21.867478569875605,1.0,0.5833333333333334,0.0,0.0,0.0,21.747155777237253,21.96181935674419,22.070491574641323,16.56238188235699,21.005980592070348,24.734731678244554,5.685675899282834e-17,1.211203746935827e-15,0.0,4.037345823119422e-16,3.0633241568728034e-14,converged
2025-01-15T08:15:00+08:00,0.25,-7.666666666666667,36.666666666666664,3.033333333333333,53.4,53.4,45.2,45.2,35.0,55.00000000000001,85.0,39.26635762512317,10.747246456719719,13.519959173303649,14.9991519950998,81.39554916081524,1.1681676690211493,53.4,53.4,53.4,43.59554871008818,44.07014914243322,43.94981901003051,43.89428618548917,0.4164220666666667,0.4325234664374432,22.04683442137833,22.238997504649145,21.699130010048012,21.904582662952862,21.96182852624037,22.09995993853157,22.014072718241888,21.896588549708298,21.74734348687981,22.070555871970804,21.984836634711527,21.867497403335097,1.0,0.5833333333333334,0.0,0.0,0.0,21.74734348687981,21.96182852624037,22.070555871970804,16.56238188235699,21.005980592070348,24.734731678244554,5.685675899282834e-17,9.420381967950466e-16,0.0,2.691537705128704e-16,2.9068497857650645e-14,converged
2025-01-15T08:20:00+08:00,0.3333333333333333,-7.5,45.0,3.05,53.4,53.4,45.2,45.2,35.0,55.00000000000001,85.0,39.26635762512317,10.747246456719719,13.519959173303649,14.9991519950998,81.39554916081524,1.1681676690211493,53.4,53.4,53.4,43.59569998091737,44.070270279214185,43.949960980712596,43.894423528226866,0.41021040000000003,0.43251721714799934,22.04758843484778,22.2399294285048,21.70007260045506,21.90530185260007,21.962613886781913,22.100891874227322,22.014861854419237,21.8972280300615,21.748444267317822,22.07148670957159,21.985623833624437,21.868134163375576,1.0,0.5833333333333334,0.0,0.0,0.0,21.748444267317822,21.962613886781913,22.07148670957159,16.56238188235699,21.005980592070348,24.734731678244554,5.685675899282834e-17,9.42051807974268e-16,0.0,1.345788297106097e-16,3.2001514665915035e-14,converged
2025-01-15T08:25:00+08:00,0.4166666666666667,-7.333333333333333,53.33333333333333,3.0666666666666664,53.4,53.4,45.2,45.2,35.0,55.00000000000001,85.0,39.26635762512317,10.747246456719719,13.519959173303649,14.9991519950998,81.39554916081524,1.1681676690211493,53.4,53.4,53.4,43.59607944275952,44.070613349737044,43.950338627732386,43.894789766791405,0.40399873333333336,0.43250055277364846,22.049006175732128,22.241621146352745,21.70188330253757,21.906542578237307,21.964172346341115,22.102687073663617,22.016396815260713,21.898483316126512,21.75045303975451,22.07328081993365,21.987156868093063,21.86938674147839,1.0,0.5833333333333334,0.0,0.0,0.0,21.75045303975451,21.964172346341115,22.07328081993365,16.56238188235699,21.005980592070348,24.734731678244554,5.685675899282834e-17,9.42088105509347e-16,0.0,1.3458401507276384e-16,2.5657745982636518e-14,converged
2025-01-15T08:30:00+08:00,0.5,-7.166666666666667,61.66666666666667,3.0833333333333335,53.4,53.4,45.2,45.2,35.0,55.00000000000001,85.0,39.26635762512317,10.747246456719719,13.519959173303649,14.9991519950998,81.39554916081524,1.1681676690211493,53.4,53.4,53.4,43.59668625748239,44.07117753119426,43.950950959242974,43.8953840096104,0.39778706666666663,0.43247351388219935,22.05108585013062,22.2440707125895,21.70455778451057,21.90830363141072,21.966500825207653,22.105342278602937,22.01867492627853,21.90035230463145,21.753364753643023,22.075934947867918,21.989433066121055,21.871253036319686,1.0,0.5833333333333334,0.0,0.0,0.0,21.753364753643023,21.966500825207653,22.075934947867918,16.56238188235699,21.005980592070348,24.734731678244554,5.685675899282834e-17,5.383697178673696e-16,0.0,2.691848589336848e-16,2.856304191170608e-14,converged
2025-01-15T08:35:00+08:00,0.5833333333333334,-7.0,70.0,3.1,52.6,52.6,44.8,44.8,35.0,55.00000000000001,85.0,38.91886773463537,10.65213808099654,13.400313516902738,14.866416136736092,79.96129443756482,1.1374280124655778,53.4,53.4,53.4,43.52542110963094,44.00258959023369,43.88169460710552,43.82580799118465,0.3915754,0.43178410620957874,22.05376672327313,22.24722068353679,21.707978130396864,21.91053304126119,21.9695115535332,22.108774345327724,22.02161740168366,21.902760123203503,21.757052609667358,22.079365108132258,21.99237284037724,21.873657409368082,1.0,0.5833333333333334,0.0,0.0,0.0,21.757052609667358,21.9695115535332,22.079365108132258,16.710260292020884,21.193533990213826,24.9555774968003,1.2732849986246296e-15,9.436512843678008e-16,1.5038530230179882e-16,1.3480732633825724e-16,2.9741248388679414e-14,converged
2025-01-15T08:40:00+08:00,0.6666666666666666,-6.833333333333333,78.33333333333334,3.1166666666666667,52.6,52.6,44.8,44.8,35.0,55.00000000000001,85.0,38.91886773463537,10.65213808099654,13.400313516902738,14.866416136736092,79.96129443756482,1.1374280124655778,53.4,53.4,53.4,43.52646354793065,44.00357760304159,43.88275452685479,43.826838367670206,0.38536373333333335,0.43173763751650635,22.05710612163801,22.25112477501025,21.712254238018645,21.91328049177417,21.97328652506559,22.113060249341373,22.025297988026523,21.90577771403258,21.761634083448804,22.08364912677153,21.996050746576017,21.87667157526587,1.0,0.5833333333333334,0.0,0.0,0.0,21.761634083448804,21.97328652506559,22.08364912677153,16.710260292020884,21.193533990213826,24.9555774968003,1.2732849986246296e-15,2.6964367178315323e-16,1.5038530230179882e-16,8.089310153494596e-16,3.5590317454739465e-14,converged
2025-01-15T08:45:00+08:00,0.75,-6.666666666666667,86.66666666666666,3.1333333333333333,52.6,52.6,44.8,44.8,35.0,55.00000000000001,85.0,38.91886773463537,10.65213808099654,13.400313516902738,14.866416136736092,79.96129443756482,1.1374280124655778,53.4,53.4,53.4,43.52773259743304,44.004785991927065,43.88404801977088,43.828095867881686,0.37915206666666673,0.4316809258269584,22.061102266621425,22.25578105727623,21.71738184027562,21.916544783429007,21.977822697427793,22.118196770160772,22.029714040267635,21.909402995860397,21.767104207823994,22.08878378629291,22.000464142124184,21.88029345466875,1.0,0.5,0.0,0.0,0.0,21.767104207823994,21.977822697427793,22.08878378629291,16.710260292020884,21.193533990213826,24.9555774968003,1.2732849986246296e-15,1.3483954798781232e-15,1.5038530230179882e-16,2.6967909597562465e-16,4.2125275729751505e-14,converged
2025-01-15T08:50:00+08:00,0.8333333333333334,-6.5,95.0,3.15,52.6,52.6,44.8,44.8,35.0,55.00000000000001,85.0,38.91886773463537,10.65213808099654,13.400313516902738,14.866416136736092,79.96129443756482,1.1374280124655778,52.873641646723335,53.4,53.4,43.1679119591176,44.006213940447964,43.88557410427669,43.73068715639533,0.3729404,0.4295767910519375,22.065119926692947,22.26058745959462,21.722148690936717,21.919781686715627,21.983117040354184,22.124180699449745,22.034862922846084,21.91363389453236,21.773458043239483,22.09476588132768,22.005610393889313,21.884520975322815,1.0,0.5,0.0,0.0,0.0,21.773458043239483,21.983117040354184,22.09476588132768,16.710260292020884,21.193533990213826,24.9555774968003,1.2732849986246296e-15,5.420000533169389e-16,1.5038530230179882e-16,3.5568753498924114e-16,4.82862514409694e-14,converged
2025-01-15T08:55:00+08:00,0.9166666666666666,-6.333333333333333,103.33333333333334,3.1666666666666665,52.6,52.6,44.8,44.8,35.0,55.00000000000001,85.0,38.91886773463537,10.65213808099654,13.400313516902738,14.866416136736092,79.96129443756482,1.1374280124655778,52.6,52.79096543843421,53.39289239948805,42.98146396487171,43.580953523102146,43.88237314274345,43.532010268431684,0.36672873333333333,0.42557953986216535,22.069463626375356,22.265832141116963,21.7271381453964,21.92325231457971,21.98805844844264,22.129958990300807,22.039744579806285,21.917518348004734,21.78067238313274,22.101579974763467,22.011475246525166,21.889340994278914,1.0,0.5,0.0,0.0,0.0,21.78067238313274,21.98805844844264,22.101579974763467,16.710260292020884,21.193533990213826,24.9555774968003,1.2732849986246296e-15,8.20636174365705e-16,1.5038530230179882e-16,3.350931045326629e-15,4.9581248195436696e-14,converged
2025-01-15T09:00:00+08:00,1.0,-6.166666666666667,111.66666666666666,3.183333333333333,52.6,52.6,44.8,44.8,35.0,55.00000000000001,85.0,38.91886773463537,10.65213808099654,13.400313516902738,14.866416136736092,79.96129443756482,1.1374280124655778,52.6,52.6,52.6,42.983013407631965,43.4486050783611,43.330965430505714,43.27623555386962,0.3605170666666667,0.4204901357915415,22.074461360169465,22.27182558296992,21.73297553751698,21.927238109071972,21.99340966070888,22.13625370525449,22.045045211090205,21.921710167524786,21.786725566740095,22.107871883848393,22.016772508866374,21.89352889114962,1.0,0.5,0.0,0.0,0.0,21.786725566740095,21.99340966070888,22.107871883848393,16.710260292020884,21.193533990213826,24.9555774968003,1.2732849986246296e-15,5.537124984289661e-16,1.5038530230179882e-16,1.384281246072415e-16,3.7699194760974975e-14,converged
2025-01-15T09:05:00+08:00,1.0833333333333333,-6.0,120.0,3.2,51.8,51.8,44.4,44.4,35.0,55.00000000000001,85.0,38.571377844147555,10.55702970527336,13.280667860501824,14.733680278372379,78.53978864518785,1.1072324062986225,52.6,52.6,52.6,42.91355767418632,43.381742552689666,43.26346853341364,43.208420944055845,0.35430540000000005,0.4197668070808622,22.08005305929471,22.278510989607113,21.739544258983695,21.93168765224542,21.99943201503146,22.14331244953556,22.051000209414397,21.926433665136173,21.7935387705649,22.114927024472486,22.022723376804553,21.898247736363743,1.0,0.5,0.0,0.0,0.0,21.7935387705649,21.99943201503146,22.114927024472486,16.86080317753458,21.3844667288644,25.180402519293988,1.414178632733236e-15,9.706666166097826e-16,0.0,1.7853332412644213e-15,2.4308817606903787e-14,converged
2025-01-15T09:10:00+08:00,1.1666666666666667,-5.833333333333334,128.33333333333331,3.216666666666667,51.8,51.8,44.4,44.4,35.0,55.00000000000001,85.0,38.571377844147555,10.55702970527336,13.280667860501824,14.733680278372379,78.53978864518785,1.1072324062986225,52.6,52.6,52.6,42.915546520992756,43.38363185558652,43.26545097038162,43.21037306803333,0.3480937333333334,0.41967955478344016,22.08629543312597,22.285941482648955,21.746953068833403,21.936650103080073,22.00620664109265,22.151211371490323,22.05768253879617,21.93175904298568,21.80122824829132,22.122822383467266,22.02940161235237,21.903568494161128,1.0,0.4166666666666667,0.0,0.0,0.0,21.80122824829132,22.00620664109265,22.122822383467266,16.86080317753458,21.3844667288644,25.180402519293988,1.414178632733236e-15,6.934774430875395e-16,0.0,2.2884755621888804e-15,3.121122612727498e-14,converged
2025-01-15T09:15:00+08:00,1.25,-5.666666666666666,136.66666666666669,3.2333333333333334,51.8,51.8,44.4,44.4,35.0,55.00000000000001,85.0,38.571377844147555,10.55702970527336,13.280667860501824,14.733680278372379,78.53978864518785,1.1072324062986225,52.6,52.6,52.6,42.91776033228588,43.38573987600942,43.26766493965136,43.212550514386656,0.3418820666666666,0.41958223145816326,22.09318672550398,22.294115156826056,21.75519778116941,21.942124274779665,22.013730546228064,22.159947304331894,22.065089594615262,21.93768424816221,21.80978913257782,22.131554796934125,22.036804613260628,21.909489113492533,1.0,0.4166666666666667,0.0,0.0,0.0,21.80978913257782,22.013730546228064,22.131554796934125,16.86080317753458,21.3844667288644,25.180402519293988,1.414178632733236e-15,2.7745531888316547e-16,0.0,4.872809037885593e-15,2.8764464911877193e-14,converged
2025-01-15T09:20:00+08:00,1.3333333333333333,-5.5,145.0,3.25,51.8,51.8,44.4,44.4,35.0,55.00000000000001,85.0,38.571377844147555,10.55702970527336,13.280667860501824,14.733680278372379,78.53978864518785,1.1072324062986225,52.097728508405524,52.6,52.6,42.57658749213566,43.38806580426496,43.27010946939825,43.12090574551087,0.33567040000000004,0.4175339213975683,22.10012165006965,22.302458316273313,21.763123252794898,21.947591604944765,22.02200074967864,22.169517093209606,22.07321878157874,21.944207234756814,21.819216583118948,22.14112111288833,22.044929786590004,21.91600755029777,1.0,0.4166666666666667,0.0,0.0,0.0,21.819216583118948,22.02200074967864,22.14112111288833,16.86080317753458,21.3844667288644,25.180402519293988,1.414178632733236e-15,1.3940822033964306e-16,0.0,4.731166477776636e-15,2.640410413602934e-14,converged
2025-01-15T09:25:00+08:00,1.4166666666666667,-5.333333333333334,153.33333333333331,3.2666666666666666,51.8,51.8,44.4,44.4,35.0,55.00000000000001,85.0,38.571377844147555,10.55702970527336,13.280667860501824,14.733680278372379,78.53978864518785,1.1072324062986225,51.8,52.021514676618295,52.6,42.37524454147054,42.98641690467539,43.27278359206871,42.92852606167807,0.3294587333333334,0.4135877229940682,22.10734635329473,22.31120381689469,21.77120149605597,21.953263159477732,22.029963280553858,22.178921833576414,22.08112147562717,21.95042491958182,21.829505786495165,22.15151819121416,22.05377454867774,21.923121767481902,1.0,0.4166666666666667,0.0,0.0,0.0,21.829505786495165,22.029963280553858,22.15151819121416,16.86080317753458,21.3844667288644,25.180402519293988,1.414178632733236e-15,0.0,0.0,8.88410944252165e-16,3.7419748465098665e-14,converged
2025-01-15T09:30:00+08:00,1.5,-5.166666666666666,161.66666666666669,3.283333333333333,51.8,51.8,44.4,44.4,35.0,55.00000000000001,85.0,38.571377844147555,10.55702970527336,13.280667860501824,14.733680278372379,78.53978864518785,1.1072324062986225,51.8,51.8,51.82886440308703,42.37773151186897,42.834053394751855,42.73923005686724,42.672936505404756,0.3232470666666666,0.4084368057600506,22.1152173237773,22.320689136029653,21.7801123062268,21.9594447941093,22.038268714605774,22.188777329611085,22.089382916556527,21.956894947678716,21.838675391969282,22.161418926006252,22.06207843208406,21.929631643048648,1.0,0.4166666666666667,0.0,0.0,0.0,21.838675391969282,22.038268714605774,22.161418926006252,16.86080317753458,21.3844667288644,25.180402519293988,1.414178632733236e-15,1.4251326054014677e-16,0.0,2.768570597583144e-15,2.5298217340395174e-14,converged
2025-01-15T09:35:00+08:00,1.5833333333333333,-5.0,170.0,3.3,51.0,51.0,44.0,44.0,35.0,55.00000000000001,85.0,38.22388795365975,10.461921329550174,13.161022204100906,14.600944420008663,77.13103178368421,1.0775759929275268,51.8,51.8,51.8,42.31015560946432,42.76898371434661,42.65348694345733,42.59928393191281,0.3170354,0.4075311502898159,22.123675220082642,22.330858191606406,21.789740502904234,21.966085689387587,22.04723456280063,22.199384433922976,22.098289044489345,21.963889732173353,21.84851541250717,22.172020851944506,22.070979099489474,21.9366206453478,1.0,0.4166666666666667,0.0,0.0,0.0,21.84851541250717,22.04723456280063,22.172020851944506,17.014083206421258,21.578870971854077,25.409315269469392,1.440007845777372e-15,5.713198696303142e-16,0.0,1.5532758955574168e-15,3.629887205535975e-14,converged
2025-01-15T09:40:00+08:00,1.6666666666666667,-4.833333333333334,178.33333333333331,3.3166666666666664,51.0,51.0,44.0,44.0,35.0,55.00000000000001,85.0,38.22388795365975,10.461921329550174,13.161022204100906,14.600944420008663,77.13103178368421,1.0775759929275268,51.8,51.8,51.8,42.31308596668217,42.77176892985485,42.656384087091205,42.602151627714335,0.3108237333333334,0.4074041302448509,22.132776072317213,22.341763444881092,21.800193580705066,21.973234433317174,22.056940998988456,22.210818370522095,22.10791195849044,21.971478667324696,21.85921493501945,22.183449669906384,22.08059660463339,21.94420384209311,1.0,0.4166666666666667,0.0,0.0,0.0,21.85921493501945,22.056940998988456,22.183449669906384,17.014083206421258,21.578870971854077,25.409315269469392,1.440007845777372e-15,2.8574899757881425e-16,0.0,2.625318915255356e-15,3.5749838751677565e-14,converged
2025-01-15T09:45:00+08:00,1.75,-4.666666666666666,186.66666666666669,3.3333333333333335,51.0,51.0,44.0,44.0,35.0,55.00000000000001,85.0,38.22388795365975,10.461921329550174,13.161022204100906,14.600944420008663,77.13103178368421,1.0775759929275268,51.8,51.8,51.8,42.31623969681371,42.7747712541898,42.6595107904519,42.60524290288492,0.30461206666666657,0.4072672071057379,22.142518146400608,22.353403014665556,21.811467432549406,21.98088985165154,22.067385079040765,22.22307602509787,22.118249093493482,21.979659728000563,21.87076918873032,22.195702268370567,22.09092838474745,21.95237920996356,1.0,0.4166666666666667,0.0,0.0,0.0,21.87076918873032,22.067385079040765,22.195702268370567,17.014083206421258,21.578870971854077,25.409315269469392,1.440007845777372e-15,1.429225331622516e-16,0.0,5.18094182713162e-15,3.1282232607253155e-14,converged
2025-01-15T09:50:00+08:00,1.8333333333333333,-4.5,195.0,3.35,51.0,51.0,44.0,44.0,35.0,55.00000000000001,85.0,38.22388795365975,10.461921329550174,13.161022204100906,14.600944420008663,77.13103178368421,1.0775759929275268,51.3222533130274,51.8,51.8,41.99391261948971,42.77798988422154,42.66286609115381,42.51941151103516,0.2984004,0.4052771740442562,22.15232655076184,22.365232005800564,21.822464877433575,21.98855943441642,22.078563870533134,22.23615429506996,22.129297893611394,21.988430895971327,21.883173429344794,22.20877554752411,22.101971886225467,21.961144732527842,1.0,0.4166666666666667,0.0,0.0,0.0,21.883173429344794,22.078563870533134,22.20877554752411,17.014083206421258,21.578870971854077,25.409315269469392,1.440007845777372e-15,0.0,0.0,4.3625888983658896e-15,4.7901585067318217e-14,converged
2025-01-15T09:55:00+08:00,1.9166666666666667,-4.333333333333334,203.33333333333331,3.3666666666666667,51.0,51.0,44.0,44.0,35.0,55.00000000000001,85.0,38.22388795365975,10.461921329550174,13.161022204100906,14.600944420008663,77.13103178368421,1.0775759929275268,51.0,51.25261935549665,51.8,41.77749489111641,42.400215084174796,42.66644903103571,42.331473186112284,0.2921887333333334,0.40134685860762226,22.1623881767191,22.377427140195586,21.83354490166714,21.996403449368497,22.089481407837326,22.249109242753295,22.14016194997864,21.99693881292443,21.896422938901686,22.22266641921839,22.113724564590648,21.9704984002209,1.0,0.4166666666666667,0.0,0.0,0.0,21.896422938901686,22.089481407837326,22.22266641921839,17.014083206421258,21.578870971854077,25.409315269469392,1.440007845777372e-15,1.0152156860223986e-15,0.0,2.365815125462911e-15,4.0371683924954705e-14,converged
2025-01-15T10:00:00+08:00,2.0,-4.166666666666666,211.66666666666669,3.3833333333333333,51.0,51.0,44.0,44.0,35.0,55.00000000000001,85.0,38.22388795365975,10.461921329550174,13.161022204100906,14.600944420008663,77.13103178368421,1.0775759929275268,51.0,51.0,51.065490443115095,41.780914685396176,42.227590665555454,42.16097454817004,42.07988860033142,0.28597706666666667,0.3962102705970639,22.173088433276224,22.390353295098375,21.845442578380368,22.004752531121245,22.100674390387564,22.26244879176285,22.151324002123598,22.00564349175236,21.90863301587615,22.23611255754474,22.124987494085055,21.979298701748437,1.0,0.25,0.0,0.0,0.0,21.90863301587615,22.100674390387564,22.23611255754474,17.014083206421258,21.578870971854077,25.409315269469392,1.440007845777372e-15,5.876441398225456e-16,0.0,1.153481172893864e-15,4.113441261987796e-14,converged
2025-01-15T10:05:00+08:00,2.0833333333333335,-4.0,220.0,3.4,50.2,50.2,43.6,43.6,35.0,55.00000000000001,85.0,37.87639806317193,10.366812953826992,13.041376547699988,14.468208561644948,75.73502385305386,1.0484539147595355,51.0,51.0,51.0,41.71529163505468,42.164383753779866,42.05180760445648,41.998464354821756,0.2797654,0.39508414365804573,22.184368769909554,22.40395516961153,21.858044278875298,22.013556506010044,22.112517434063406,22.27652793476288,22.163121375731418,22.014866234202007,21.921404883203962,22.25018506744938,22.136778174355783,21.988514608105273,1.0,0.25,0.0,0.0,0.0,21.921404883203962,22.112517434063406,22.25018506744938,17.170175712902186,21.776842265173837,25.642428253592964,1.5276575111089662e-15,5.893191295862024e-16,1.2283404283374422e-16,2.3572765183448094e-15,3.6599974729137964e-14,converged
2025-01-15T10:10:00+08:00,2.1666666666666665,-3.8124999999999996,225.41666666666669,3.3874999999999997,50.2,50.2,43.6,43.6,35.0,55.00000000000001,85.0,37.87639806317193,10.366812953826992,13.041376547699988,14.468208561644948,75.73502385305386,1.0484539147595355,51.0,51.0,51.0,41.719141932828556,42.16804400612482,42.055596722546206,42.00222584757188,0.2744286125,0.3949190489230319,22.196170044236794,22.418130088319458,21.87136383461638,22.022781890015327,22.12498916795377,22.291279690212697,22.17551728825687,22.024606032304185,21.934936930160973,22.264930267763297,22.14916745972531,21.99824762493111,1.0,0.25,0.0,0.0,0.0,21.934936930160973,22.12498916795377,22.264930267763297,17.170175712902186,21.776842265173837,25.642428253592964,1.5276575111089662e-15,4.42174119523e-16,1.2283404283374422e-16,2.3582619707893333e-15,2.78167900446469e-14,converged
2025-01-15T10:15:00+08:00,2.25,-3.6250000000000004,230.83333333333331,3.375,50.2,50.2,43.6,43.6,35.0,55.00000000000001,85.0,37.87639806317193,10.366812953826992,13.041376547699988,14.468208561644948,75.73502385305386,1.0484539147595355,51.0,51.0,51.0,41.72317999844497,42.1718881717682,42.05958283014669,42.00617730352793,0.269091825,0.39474561656058427,22.208490852291856,22.43287658800533,21.885397674096577,22.032427709467395,22.13808709454143,22.306701526477482,22.18850959930915,22.034861124952084,21.949224940332595,22.280345629027543,22.162153211654047,22.008495992650474,1.0,0.16666666666666666,0.0,0.0,0.0,21.949224940332595,22.13808709454143,22.280345629027543,17.170175712902186,21.776842265173837,25.642428253592964,1.5276575111089662e-15,1.179649039209207e-15,1.2283404283374422e-16,1.0874889580209876e-15,3.0562764081830623e-14,converged
2025-01-15T10:20:00+08:00,2.3333333333333335,-3.4375,236.25,3.3625,50.2,50.2,43.6,43.6,35.0,55.00000000000001,85.0,37.87639806317193,10.366812953826992,13.041376547699988,14.468208561644948,75.73502385305386,1.0484539147595355,50.54722811406435,51.0,51.0,41.419814847059364,42.175915571241916,42.063765097975974,41.92613017180734,0.26375503749999996,0.39281982017573897,22.220787464564967,22.447679402863386,21.899107913937463,22.042028088531417,22.151808726230712,22.322790921451187,22.20209617615154,22.045629757037275,21.96426472069102,22.296428631294475,22.17573329924242,22.01925795767521,1.0,0.16666666666666666,0.0,0.0,0.0,21.96426472069102,22.151808726230712,22.296428631294475,17.170175712902186,21.776842265173837,25.642428253592964,1.5276575111089662e-15,2.9635806506620047e-16,1.2283404283374422e-16,3.3340282319947553e-15,5.790188415767902e-14,converged
2025-01-15T10:25:00+08:00,2.4166666666666665,-3.2499999999999996,241.66666666666669,3.35,50.2,50.2,43.6,43.6,35.0,55.00000000000001,85.0,37.87639806317193,10.366812953826992,13.041376547699988,14.468208561644948,75.73502385305386,1.0484539147595355,50.2,50.484294762427815,51.0,41.18802170006146,41.82217144632703,42.068142700409716,41.7425612258677,0.25841825,0.3889121237399856,22.23318692724826,22.462658663756383,21.91273924821394,22.051691916267544,22.16521738938928,22.338660275069575,22.215434009514706,22.05610929335417,21.9800521014655,22.31317676409199,22.189905599203577,22.030531772384116,1.0,0.16666666666666666,0.0,0.0,0.0,21.9800521014655,22.16521738938928,22.31317676409199,17.170175712902186,21.776842265173837,25.642428253592964,1.5276575111089662e-15,1.4966790017681016e-16,1.2283404283374422e-16,5.369335918843064e-15,3.488284034543733e-14,converged
2025-01-15T10:30:00+08:00,2.5,-3.0625000000000004,247.08333333333331,3.3375,50.2,50.2,43.6,43.6,35.0,55.00000000000001,85.0,37.87639806317193,10.366812953826992,13.041376547699988,14.468208561644948,75.73502385305386,1.0484539147595355,50.2,50.2,50.30278852057487,41.19221735365432,41.62889548873319,41.590922695835715,41.49487115975051,0.2530814625,0.3837979380648193,22.24610431149696,22.47820745181188,21.92708331505436,22.061775166422123,22.178734549583442,22.354708496708152,22.228902145364252,22.066660849770116,21.994800973015458,22.32939400030441,22.203534053034744,22.04123566941396,1.0,0.16666666666666666,0.0,0.0,0.0,21.994800973015458,22.178734549583442,22.32939400030441,17.170175712902186,21.776842265173837,25.642428253592964,1.5276575111089662e-15,7.583112771131767e-16,1.2283404283374422e-16,5.337800474054471e-16,2.85121636518771e-14,converged
2025-01-15T10:35:00+08:00,2.5833333333333335,-2.875,252.5,3.3249999999999997,49.3,49.3,43.15,43.15,35.0,55.00000000000001,85.0,37.485471936373195,10.259816031138426,12.906775184248977,14.31888072098579,74.17975388752917,1.0163242260957768,50.2,50.2,50.2,41.11983951343905,41.559175220195414,41.449583778165454,41.39706627505494,0.247744675,0.3823796201026685,22.259475161118488,22.49426506622785,21.94201499067934,22.072222448361803,22.19278311690925,22.37133659139048,22.242881405934277,22.077646913621795,22.00990681656447,22.346014015874662,22.217505381295307,22.052213822877086,1.0,0.08333333333333333,0.0,0.0,0.0,22.00990681656447,22.19278311690925,22.346014015874662,17.349238959039035,22.003947225065534,25.909846392969904,4.367122854194823e-15,4.566743977974457e-16,0.0,2.5307372877941783e-15,2.6102058282788603e-14,converged
2025-01-15T10:40:00+08:00,2.6666666666666665,-2.6874999999999996,257.9166666666667,3.3125,49.3,49.3,43.15,43.15,35.0,55.00000000000001,85.0,37.485471936373195,10.259816031138426,12.906775184248977,14.31888072098579,74.17975388752917,1.0163242260957768,50.2,50.2,50.2,41.12441968991739,41.56353336026818,41.4540906774723,41.401542010509985,0.24240788749999997,0.3821852042321808,22.27336134509694,22.510889489261967,21.957652995096105,22.083087363155563,22.207451659302354,22.388627756552953,22.257451444510068,22.089144058384537,22.025759965614828,22.36329719514845,22.232067566151752,22.063703121856403,1.0,0.08333333333333333,0.0,0.0,0.0,22.025759965614828,22.207451659302354,22.36329719514845,17.349238959039035,22.003947225065534,25.909846392969904,4.367122854194823e-15,3.0460447065400133e-16,0.0,1.9418535004192586e-15,3.058123248740851e-14,converged
2025-01-15T10:45:00+08:00,2.75,-2.5000000000000004,263.3333333333333,3.3,49.3,49.3,43.15,43.15,35.0,55.00000000000001,85.0,37.485471936373195,10.259816031138426,12.906775184248977,14.31888072098579,74.17975388752917,1.0163242260957768,50.2,50.2,50.2,41.12918676790013,41.568074549564464,41.45879343600302,41.40620674278768,0.2370711,0.3819825787652673,22.287761475728882,22.52807927482956,21.973993817175135,22.09436894666575,22.222737715868845,22.406579498504268,22.27261015017148,22.10115054471693,22.04235627860226,22.38124104653754,22.247218498480326,22.075701828502318,1.0,0.08333333333333333,0.0,0.0,0.0,22.04235627860226,22.222737715868845,22.38124104653754,17.349238959039035,22.003947225065534,25.909846392969904,4.367122854194823e-15,6.0953210066929965e-16,0.0,1.638117520548743e-15,2.7579100266423617e-14,converged
2025-01-15T10:50:00+08:00,2.8333333333333335,-2.3125,268.75,3.2875,49.3,49.3,43.15,43.15,35.0,55.00000000000001,85.0,37.485471936373195,10.259816031138426,12.906775184248977,14.31888072098579,74.17975388752917,1.0163242260957768,49.72286301262702,50.2,50.2,40.811305968287215,41.57279811239305,41.46369123026954,41.32269968080437,0.2317343125,0.3799372745630641,22.302103704592795,22.545292520198807,21.989945929174965,22.10557721752784,22.238638835482956,22.425189332931463,22.28835541954094,22.11366463919698,22.059691636915023,22.399843087814887,22.262956076686013,22.088208210873777,1.0,0.08333333333333333,0.0,0.0,0.0,22.059691636915023,22.238638835482956,22.399843087814887,17.349238959039035,22.003947225065534,25.909846392969904,4.367122854194823e-15,1.838440126109999e-15,0.0,9.00069645074687e-16,4.748229186029739e-14,converged
2025-01-15T10:55:00+08:00,2.9166666666666665,-2.1249999999999996,274.1666666666667,3.275,49.3,49.3,43.15,43.15,35.0,55.00000000000001,85.0,37.485471936373195,10.259816031138426,12.906775184248977,14.31888072098579,74.17975388752917,1.0163242260957768,49.3,49.660710500511804,50.2,40.52998370961452,41.204808283632296,41.468783240411206,41.12094245773032,0.226397525,0.3756080157257964,22.316453758691157,22.562591253882776,22.00563742613636,22.11676847114245,22.254177315018826,22.44353079477523,22.303807316642022,22.125848533416168,22.07776194476671,22.41910084607949,22.27927820667566,22.101220542918174,1.0,0.0,0.0,0.0,0.0,22.07776194476671,22.254177315018826,22.41910084607949,17.349238959039035,22.003947225065534,25.909846392969904,4.367122854194823e-15,3.0993833185903313e-16,0.0,2.479506654872265e-15,2.9996031185614736e-14,converged
2025-01-15T11:00:00+08:00,3.0,-1.9375000000000004,279.5833333333333,3.2624999999999997,49.3,49.3,43.15,43.15,35.0,55.00000000000001,85.0,37.485471936373195,10.259816031138426,12.906775184248977,14.31888072098579,74.17975388752917,1.0163242260957768,49.3,49.3,49.46377235073459,40.534852549501416,40.96010772044281,40.96728380291131,40.84645605404603,0.2210607375,0.3699203173345711,22.33131651032357,22.580453629748312,22.02203147485092,22.128375640095143,22.26967883569618,22.461912024447688,22.319258625532935,22.137981161356514,22.094684566397888,22.43775369204555,22.294987452469847,22.113598597232436,1.0,0.0,0.0,0.0,0.0,22.094684566397888,22.26967883569618,22.43775369204555,17.349238959039035,22.003947225065534,25.909846392969904,4.367122854194823e-15,7.86759447722116e-16,0.0,2.807747779058301e-15,3.907753393967339e-14,converged
2025-01-15T11:05:00+08:00,3.0833333333333335,-1.75,285.0,3.25,48.4,48.4,42.7,42.7,35.0,55.00000000000001,85.0,37.094545809574406,10.152819108449847,12.772173820797947,14.169552880326613,72.6406192876412,0.9848577411554313,49.3,49.3,49.3,40.46459949847197,40.89241825576355,40.78632230898267,40.73479673878102,0.21572395000000003,0.3681730996625175,22.34662862442646,22.59882005765924,22.039005130883393,22.14034424706747,22.285705519633616,22.480865969310724,22.335215443575713,22.15054424560537,22.111799739555487,22.456698081250757,22.31093508249229,22.126152689951923,1.0,0.0,0.0,0.0,0.0,22.111799739555487,22.285705519633616,22.456698081250757,17.5320763719563,22.235838940552167,26.182900980249443,4.650783035703417e-15,3.1619725051516763e-16,0.0,3.9524656314395954e-17,2.725017411545876e-14,converged
2025-01-15T11:10:00+08:00,3.1666666666666665,-1.5624999999999996,290.4166666666667,3.2375,48.4,48.4,42.7,42.7,35.0,55.00000000000001,85.0,37.094545809574406,10.152819108449847,12.772173820797947,14.169552880326613,72.6406192876412,0.9848577411554313,49.3,49.3,49.3,40.46985792491125,40.89742116612959,40.79148527856787,40.73993072437482,0.21038716249999997,0.3679524165879838,22.36245088118032,22.61774744436755,22.05667504099183,22.15272699878448,22.302344380635834,22.500474297740265,22.35175602177539,22.16361307996373,22.129651164780828,22.476296961940022,22.32746656312627,22.13921260666082,1.0,0.0,0.0,0.0,0.0,22.129651164780828,22.302344380635834,22.476296961940022,17.5320763719563,22.235838940552167,26.182900980249443,4.650783035703417e-15,1.5819344646034945e-16,0.0,1.977418080754368e-16,2.844041915191166e-14,converged
2025-01-15T11:15:00+08:00,3.25,-1.3750000000000004,295.8333333333333,3.225,48.4,48.4,42.7,42.7,35.0,55.00000000000001,85.0,37.094545809574406,10.152819108449847,12.772173820797947,14.169552880326613,72.6406192876412,0.9848577411554313,49.3,49.3,49.3,40.475302626778664,40.90260649123457,40.796843280674594,40.7452530011838,0.205050375,0.367723639863105,22.378781908032735,22.63723435993281,22.075037747169997,22.16552293997602,22.319592990775135,22.520734550754185,22.368878276015945,22.17718594465874,22.148234765222245,22.496547877166616,22.3445798120018,22.152776629042457,1.0,0.0,0.0,0.0,0.0,22.148234765222245,22.319592990775135,22.496547877166616,17.5320763719563,22.235838940552167,26.182900980249443,4.650783035703417e-15,1.5829186542137125e-16,0.0,1.9786483177671406e-16,2.441746819811681e-14,converged
2025-01-15T11:20:00+08:00,3.3333333333333335,-1.1875,301.25,3.2125,48.4,48.4,42.7,42.7,35.0,55.00000000000001,85.0,37.094545809574406,10.152819108449847,12.772173820797947,14.169552880326613,72.6406192876412,0.9848577411554313,48.85577374695213,49.3,49.3,40.181605499388716,40.90797355831974,40.80239549624568,40.66883658417856,0.19971358749999998,0.3657820699490767,22.39509021472309,22.656777140213435,22.09307867715141,22.178276684649543,22.337448931753112,22.541644278610494,22.386580129621972,22.191261125765514,22.167546486602834,22.51744837920713,22.362272754175912,22.166843044617394,1.0,0.0,0.0,0.0,0.0,22.166843044617394,22.337448931753112,22.51744837920713,17.5320763719563,22.235838940552167,26.182900980249443,4.650783035703417e-15,1.591320780747152e-16,0.0,2.585896268714122e-15,2.7053255012218048e-14,converged
2025-01-15T11:25:00+08:00,3.4166666666666665,-0.9999999999999997,306.6666666666667,3.1999999999999997,48.4,48.4,42.7,42.7,35.0,55.00000000000001,85.0,37.094545809574406,10.152819108449847,12.772173820797947,14.169552880326613,72.6406192876412,0.9848577411554313,48.4,48.80245100929939,49.3,39.87996929633216,40.570829427670496,40.808141109827574,40.4723896858276,0.1943768,0.3615002730082119,22.411362814256442,22.676363244505822,22.110775724484967,22.190977055355923,22.355011574705788,22.562350046180807,22.404051026417736,22.20506689141195,22.187582297095453,22.53899602952686,22.380543322106153,22.181410146723596,1.0,0.0,0.0,0.0,0.0,22.181410146723596,22.355011574705788,22.53899602952686,17.5320763719563,22.235838940552167,26.182900980249443,4.650783035703417e-15,1.610169210360324e-16,0.0,1.9322030524323887e-15,3.627726584304383e-14,converged
2025-01-15T11:30:00+08:00,3.5,-0.8125000000000003,312.0833333333333,3.1875,48.4,48.4,42.7,42.7,35.0,55.00000000000001,85.0,37.094545809574406,10.152819108449847,12.772173820797947,14.169552880326613,72.6406192876412,0.9848577411554313,48.4,48.4,48.61292217644489,39.885510807594265,40.29900239456552,40.34299562721354,40.20263402635977,0.18904001250000002,0.3558577867544713,22.428142972229093,22.696507198517736,22.129165433108867,22.204089882913895,22.3724552045243,22.583016567505542,22.421447487852074,22.218752394516514,22.206588001370573,22.560016271367257,22.398275854719433,22.195415593355854,1.0,0.0,0.0,0.0,0.0,22.195415593355854,22.3724552045243,22.560016271367257,17.5320763719563,22.235838940552167,26.182900980249443,4.650783035703417e-15,4.907100230488581e-16,0.0,1.3762882677698443e-15,2.75007234939149e-14,converged
2025-01-15T11:35:00+08:00,3.5833333333333335,-0.625,317.5,3.175,47.5,47.5,42.25,42.25,35.0,55.00000000000001,85.0,36.70361968277562,10.045822185761265,12.637572457346915,14.020225039667435,71.1176200533897,0.9540475435613128,48.4,48.4,48.4,39.81747647921929,40.233434309684235,40.13094882129718,40.08043828202684,0.183703225,0.35384549139762494,22.445368553629923,22.71715060403891,22.148127190733973,22.217561664500476,22.39041805020699,22.604248958697585,22.439344094655183,22.232864497682918,22.22565312003621,22.581237729487675,22.41616210053171,22.209517691340665,1.0,0.0,0.0,0.0,0.0,22.209517691340665,22.39041805020699,22.581237729487675,17.71880854633217,22.472670361220768,26.461772114950325,5.140822799495219e-15,6.580008769766465e-16,1.1425815212943017e-16,6.518321187549904e-15,2.57174424397481e-14,converged
2025-01-15T11:40:00+08:00,3.6666666666666665,-0.43749999999999967,322.9166666666667,3.1624999999999996,47.5,47.5,42.25,42.25,35.0,55.00000000000001,85.0,36.70361968277562,10.045822185761265,12.637572457346915,14.020225039667435,71.1176200533897,0.9540475435613128,48.4,48.4,48.4,39.823412858038196,40.2390812147434,40.136765639016666,40.08622932043574,0.1783664375,0.35359918841905863,22.463099170356593,22.738349210506527,22.16777541449312,22.231444151040073,22.408985455346578,22.62612724028002,22.457817591215434,22.247477124950983,22.245443786449044,22.603105200197618,22.434625338101444,22.224120396341128,1.0,0.0,0.0,0.0,0.0,22.224120396341128,22.408985455346578,22.603105200197618,17.71880854633217,22.472670361220768,26.461772114950325,5.140822799495219e-15,3.292296069666549e-16,1.1425815212943017e-16,1.0288425217707964e-15,3.016277538923744e-14,converged
2025-01-15T11:45:00+08:00,3.75,-0.25000000000000033,328.3333333333333,3.15,47.5,47.5,42.25,42.25,35.0,55.00000000000001,85.0,36.70361968277562,10.045822185761265,12.637572457346915,14.020225039667435,71.1176200533897,0.9540475435613128,48.4,48.4,48.4,39.82953492642987,40.24490993731049,40.142776711282046,40.09220798690064,0.17302965,0.353344905291547,22.481333464778583,22.760101603887122,22.18810669804798,22.245736396019964,22.428155024252636,22.64864898723602,22.476865919685345,22.262588575756713,22.265955986498394,22.625616260450148,22.45366351127844,22.23922200921494,1.0,0.0,0.0,0.0,0.0,22.23922200921494,22.428155024252636,22.625616260450148,17.71880854633217,22.472670361220768,26.461772114950325,5.140822799495219e-15,3.294665356243918e-16,1.1425815212943017e-16,2.6357322849951342e-15,2.5088538906041202e-14,converged
2025-01-15T11:50:00+08:00,3.8333333333333335,-0.0625,333.75,3.1374999999999997,47.5,47.5,42.25,42.25,35.0,55.00000000000001,85.0,36.70361968277562,10.045822185761265,12.637572457346915,14.020225039667435,71.1176200533897,0.9540475435613128,47.989385538339796,48.4,48.4,39.56032770024098,40.2509198074276,40.14898122325476,40.022964976968694,0.16769286249999998,0.3515099737856596,22.49958100932542,22.781943025902805,22.208184773181983,22.26001821240674,22.44792437072814,22.67181178365356,22.49648702955807,22.278197155313883,22.287185728281738,22.648768496286625,22.47327457123973,22.254820836586976,1.0,0.0,0.0,0.0,0.0,22.254820836586976,22.44792437072814,22.648768496286625,17.71880854633217,22.472670361220768,26.461772114950325,5.140822799495219e-15,1.6559319864124456e-16,1.1425815212943017e-16,2.4838979796186683e-16,3.6870468085160964e-14,converged
2025-01-15T11:55:00+08:00,3.9166666666666665,0.12500000000000033,339.1666666666667,3.125,47.5,47.5,42.25,42.25,35.0,55.00000000000001,85.0,36.70361968277562,10.045822185761265,12.637572457346915,14.020225039667435,71.1176200533897,0.9540475435613128,47.5,47.94508066501974,48.4,39.23811417310765,39.94502701703208,40.15537836367708,39.8318951910862,0.162356075,0.3472776093049806,22.51774872991138,22.803785066188237,22.227834697494412,22.274209774033405,22.467471307411095,22.69483651899029,22.515940974061472,22.29359837906482,22.309129041981855,22.672559502802624,22.493456476463486,22.270915190829694,1.0,0.0,0.0,0.0,0.0,22.270915190829694,22.467471307411095,22.672559502802624,17.71880854633217,22.472670361220768,26.461772114950325,5.140822799495219e-15,6.704453077750741e-16,1.1425815212943017e-16,8.380566347188425e-16,2.949447038639377e-14,converged
2025-01-15T12:00:00+08:00,4.0,0.31249999999999967,344.5833333333333,3.1125,47.5,47.5,42.25,42.25,35.0,55.00000000000001,85.0,36.70361968277562,10.045822185761265,12.637572457346915,14.020225039667435,71.1176200533897,0.9540475435613128,47.5,47.5,47.763118980691054,39.244328180953666,39.64570908572744,39.72706250786112,39.56692644965373,0.1570192875,0.34168223208041143,22.53641895317477,22.826179254634116,22.248167673164172,22.28881038180435,22.48681603671037,22.717741937485112,22.535245597142975,22.308809320147724,22.330162460914064,22.69590232124706,22.513176789509856,22.286521994665566,1.0,0.0,0.0,0.0,0.0,22.286521994665566,22.48681603671037,22.69590232124706,17.71880854633217,22.472670361220768,26.461772114950325,5.140822799495219e-15,5.110683739015919e-16,1.1425815212943017e-16,1.2537146047273426e-15,3.241052776139625e-14,converged
2025-01-15T12:05:00+08:00,4.083333333333333,0.5,350.0,3.0999999999999996,46.6,46.6,41.6,41.6,35.0,55.00000000000001,85.0,36.13894861073472,9.891271075211588,12.443148265696049,13.804529269827091,68.94621816299828,0.9106885362197004,47.5,47.5,47.5,39.14615912369006,39.55110797374277,39.45203090352052,39.40242708041645,0.1516825,0.3391053982137776,22.55550402196085,22.849043370984223,22.26901389406359,22.303744361608697,22.506635801837092,22.741170527838044,22.55501063852481,22.32440992909217,22.351065093958393,22.71931832670925,22.532930022433856,22.30211130919062,1.0,0.0,0.0,0.0,0.0,22.30211130919062,22.506635801837092,22.71931832670925,17.995664929867704,22.823805835613697,26.875237304245072,1.0504772471170488e-13,3.43301293462585e-16,1.287395256622829e-16,1.4375741663745746e-15,3.6954472029722524e-14,converged
2025-01-15T12:10:00+08:00,4.166666666666667,0.6874999999999993,355.41666666666663,3.0875,46.6,46.6,41.6,41.6,35.0,55.00000000000001,85.0,36.13894861073472,9.891271075211588,12.443148265696049,13.804529269827091,68.94621816299828,0.9106885362197004,47.5,47.5,47.5,39.15278752126153,39.55741192441963,39.458512221378356,39.40888758414321,0.14634571250000003,0.3388348490367981,22.57508919429229,22.872457108206344,22.290537369809552,22.319085721461715,22.527052867812433,22.765236874508936,22.57534599423905,22.340506072256307,22.37268325925811,22.743372226132575,22.553253684313415,22.31819625087668,1.0,0.0,0.0,0.0,0.0,22.31819625087668,22.527052867812433,22.743372226132575,17.995664929867704,22.823805835613697,26.875237304245072,1.0504772471170488e-13,1.0307262268730678e-15,1.287395256622829e-16,9.233589115737898e-16,2.830832734624453e-14,converged
2025-01-15T12:15:00+08:00,4.25,0.8750000000000007,360.83333333333337,3.0749999999999997,46.6,46.6,41.6,41.6,35.0,55.00000000000001,85.0,36.13894861073472,9.891271075211588,12.443148265696049,13.804529269827091,68.94621816299828,0.9106885362197004,47.5,47.5,47.5,39.15960183979326,39.563897898360054,39.46518789178322,39.41553588753648,0.14100892499999998,0.33855643529579066,22.595173127523466,22.896419068277538,22.312734744225452,22.33483352371981,22.548064870667165,22.789938586012838,22.596249632436184,22.357096068133874,22.395013003167886,22.768061629942295,22.57414574495229,22.33477513960839,1.0,0.0,0.0,0.0,0.0,22.33477513960839,22.548064870667165,22.768061629942295,17.995664929867704,22.823805835613697,26.875237304245072,1.0504772471170488e-13,1.3754318003168346e-15,1.287395256622829e-16,4.0833131571906025e-16,2.020052712294246e-14,converged
2025-01-15T12:20:00+08:00,4.333333333333333,1.0625,366.25,3.0625,46.6,46.6,41.6,41.6,35.0,55.00000000000001,85.0,36.13894861073472,9.891271075211588,12.443148265696049,13.804529269827091,68.94621816299828,0.9106885362197004,47.13921968737618,47.5,47.5,38.9260345693568,39.57056522571684,39.47205710074111,39.35652784969349,0.13567213749999998,0.33689231314592705,22.615325981839522,22.920521897118594,22.33478528588599,22.35061951825114,22.569669455788073,22.81527327983248,22.617719528505532,22.374178240924493,22.4180503938881,22.793384157515113,22.59560418137985,22.351846300965768,1.0,0.0,0.0,0.0,0.0,22.35061951825114,22.569669455788073,22.793384157515113,17.995664929867704,22.823805835613697,26.875237304245072,1.0504772471170488e-13,5.183347198093034e-16,1.287395256622829e-16,1.3606286394994216e-15,3.241734647330335e-14,converged
2025-01-15T12:25:00+08:00,4.416666666666667,1.2499999999999993,371.66666666666663,3.05,46.6,46.6,41.6,41.6,35.0,55.00000000000001,85.0,36.13894861073472,9.891271075211588,12.443148265696049,13.804529269827091,68.94621816299828,0.9106885362197004,46.6,47.108285050410466,47.5,38.57334205142874,39.3102744173685,39.479119037829555,39.17307127557796,0.13042518333333336,0.3327463894660245,22.635336499010457,22.944565223799373,22.356288476758756,22.366262578065744,22.591160214372547,22.840571544562273,22.63911995322036,22.391147363122226,22.441791521344143,22.819337437145627,22.61762697782536,22.369408066204922,1.0,0.0,0.0,0.0,0.0,22.366262578065744,22.591160214372547,22.819337437145627,17.995664929867704,22.823805835613697,26.875237304245072,1.0504772471170488e-13,1.7493100678530662e-16,1.287395256622829e-16,2.175704396892251e-15,3.589109964139261e-14,converged
2025-01-15T12:30:00+08:00,4.5,1.4375000000000007,377.08333333333337,3.0374999999999996,46.6,46.6,41.6,41.6,35.0,55.00000000000001,85.0,36.13894861073472,9.891271075211588,12.443148265696049,13.804529269827091,68.94621816299828,0.9106885362197004,46.6,46.6,46.93754271476412,38.580244416164824,38.970324644801806,39.10458583776909,38.914844981129065,0.12546610416666665,0.3272339177216659,22.65584463514284,22.96915517189712,22.378465666824354,22.3823113858797,22.612329884876477,22.8656366378968,22.660264034393357,22.407825536093306,22.464805886853032,22.84496380194021,22.639304533626355,22.386594353000607,1.0,0.0,0.0,0.0,0.0,22.3823113858797,22.612329884876477,22.84496380194021,17.995664929867704,22.823805835613697,26.875237304245072,1.0504772471170488e-13,0.0,1.287395256622829e-16,4.891640470111244e-16,3.24003829031632e-14,converged
2025-01-15T12:35:00+08:00,4.583333333333333,1.625,382.5,3.025,45.7,45.7,40.7,40.7,35.0,55.00000000000001,85.0,35.35709635713524,9.677277229833907,12.17394553879333,13.505873588508006,65.99523906991486,0.8528508870274693,46.6,46.6,46.6,38.44426043973606,38.839270144452996,38.74333778907343,38.69451083972598,0.12050702499999999,0.3238990408143239,22.676730654711,22.99417965326414,22.401085208084485,22.398662333288403,22.633921322721037,22.891173817437686,22.681820620795815,22.424848409025127,22.487425879003602,22.870486389813724,22.66084751185896,22.403604291096563,1.0,0.0,0.0,0.0,0.0,22.401085208084485,22.633921322721037,22.870486389813724,18.393603466401373,23.328509158761175,27.469530021048005,7.012456030082162e-17,1.7970927226930295e-16,0.0,2.066656631096984e-15,2.2741840537706733e-14,converged
2025-01-15T12:40:00+08:00,4.666666666666667,1.8124999999999993,387.91666666666663,3.0124999999999997,45.7,45.7,40.7,40.7,35.0,55.00000000000001,85.0,35.35709635713524,9.677277229833907,12.17394553879333,13.505873588508006,65.99523906991486,0.8528508870274693,46.6,46.6,46.6,38.45160905787249,38.84625775467297,38.750507772019695,38.70166692183111,0.11554794583333335,0.32360584603752396,22.69811204729757,23.019748378934896,22.424373432862563,22.415417469595123,22.656103204928367,22.917341020286823,22.703941278364496,22.442362095073165,22.510752147021346,22.89663915570548,22.682954689980033,22.421105146611815,1.0,0.0,0.08333333333333333,0.0,0.0,22.421105146611815,22.656103204928367,22.89663915570548,18.393603466401373,23.328509158761175,27.469530021048005,7.012456030082162e-17,1.7987209324617053e-16,0.0,2.2484011655771316e-15,2.4829337164198465e-14,converged
2025-01-15T12:45:00+08:00,4.75,2.000000000000001,393.33333333333337,3.0,45.7,45.7,40.7,40.7,35.0,55.00000000000001,85.0,35.35709635713524,9.677277229833907,12.17394553879333,13.505873588508006,65.99523906991486,0.8528508870274693,46.6,46.6,46.6,38.45914487758973,38.85342862622255,38.75787332665779,38.70901204608838,0.11058886666666666,0.32330490593712574,22.719987485404456,23.04585996710996,22.44832703374793,22.43257586621338,22.678873198848287,22.94413588818594,22.72662400109007,22.460364931733313,22.534780795544233,22.92341974321472,22.705624063595288,22.439095258406947,1.0,0.0,0.08333333333333333,0.0,0.0,22.439095258406947,22.678873198848287,22.92341974321472,18.393603466401373,23.328509158761175,27.469530021048005,7.012456030082162e-17,7.201580903295945e-16,0.0,3.555780571002373e-15,2.604258118603504e-14,converged
2025-01-15T12:50:00+08:00,4.833333333333333,2.1875,398.75,2.9875,45.7,45.7,40.7,40.7,35.0,55.00000000000001,85.0,35.35709635713524,9.677277229833907,12.17394553879333,13.505873588508006,65.99523906991486,0.8528508870274693,46.310848623952246,46.6,46.6,38.27578846389563,38.86078208593534,38.76543363556388,38.66424701117834,0.1056297875,0.32189647177102165,22.742013613124946,23.07218900186414,22.47229021280677,22.449843408381895,22.70222898104614,22.971556071704022,22.749866790097194,22.47885526213278,22.55950795069454,22.950825804751883,22.728853635431314,22.457572970963422,1.0,0.0,0.08333333333333333,0.0,0.0,22.457572970963422,22.70222898104614,22.950825804751883,18.393603466401373,23.328509158761175,27.469530021048005,7.012456030082162e-17,1.8082727217610803e-16,0.0,3.639148852544174e-15,5.6455996676955724e-14,converged
2025-01-15T12:55:00+08:00,4.916666666666667,2.374999999999999,404.16666666666663,2.975,45.7,45.7,40.7,40.7,35.0,55.00000000000001,85.0,35.35709635713524,9.677277229833907,12.17394553879333,13.505873588508006,65.99523906991486,0.8528508870274693,45.7,46.29913164857702,46.6,37.879719131393934,38.66487102435288,38.7731878848934,38.49134945890085,0.10067070833333334,0.3178859602208711,22.763810465479747,23.098375290430454,22.495540384632974,22.466894368626683,22.725629489852505,22.99908882014698,22.773182748870287,22.497369607871263,22.584929759960357,22.97885500150566,22.752641415310283,22.476536634364557,1.0,0.0,0.08333333333333333,0.0,0.0,22.476536634364557,22.725629489852505,22.97885500150566,18.393603466401373,23.328509158761175,27.469530021048005,7.012456030082162e-17,3.662172489343285e-16,0.0,3.742282512547669e-15,6.157032048952398e-14,converged
2025-01-15T13:00:00+08:00,5.0,2.562500000000001,409.58333333333337,2.9625,45.7,45.7,40.7,40.7,35.0,55.00000000000001,85.0,35.35709635713524,9.677277229833907,12.17394553879333,13.505873588508006,65.99523906991486,0.8528508870274693,45.7,45.7,46.144515403788645,37.88734033307931,38.267134392195814,38.4746135426127,38.24243821200859,0.09571162916666665,0.3125036934932798,22.786100250007888,23.125102873550702,22.519456120782177,22.484347909554966,22.748542586936072,23.02622962531946,22.796092629335188,22.515451617895902,22.60989134503749,23.006734307767278,22.77625322457007,22.495287245280096,1.0,0.0,0.25,0.0,0.0,22.495287245280096,22.748542586936072,23.006734307767278,18.393603466401373,23.328509158761175,27.469530021048005,7.012456030082162e-17,3.7252462691113204e-16,0.0,2.1885821831029005e-15,2.9262988927707674e-14,converged
2025-01-15T13:05:00+08:00,5.083333333333333,2.75,415.0,2.9499999999999997,44.8,44.8,39.8,39.8,35.0,55.00000000000001,85.0,34.57524410353765,9.46328338445674,11.904742811891264,13.207217907189644,63.10880143937356,0.7975154294035193,45.7,45.7,45.7,37.75334466040264,38.137940253814776,38.04527688334012,37.99728000568516,0.09075254999999999,0.3086126246569439,22.808763918971867,23.152260500345665,22.543807106336338,22.502100837660375,22.771871659607022,23.053836051030572,22.81940973125314,22.53387425332188,22.63418299719143,23.034324242081976,22.799555009058825,22.513695379964734,1.0,0.0,0.25,0.0,0.0,22.513695379964734,22.771871659607022,23.034324242081976,18.809539223179296,23.856038260341204,28.09070029790588,2.1999564321489617e-16,1.8861075750926094e-16,0.0,1.6503441282060331e-16,2.776580840936054e-14,converged
2025-01-15T13:10:00+08:00,5.166666666666667,2.937499999999999,420.41666666666663,2.9375,44.8,44.8,39.8,39.8,35.0,55.00000000000001,85.0,34.57524410353765,9.46328338445674,11.904742811891264,13.207217907189644,63.10880143937356,0.7975154294035193,45.7,45.7,45.7,37.76142941845113,38.145626244403374,38.053149213966876,38.005146318441476,0.08579347083333334,0.3082974576214173,22.831918314979635,23.179957089107354,22.568818453273057,22.52025481286201,22.79578448609666,23.082064949751356,22.843284800120255,22.552783078601593,22.659171964946072,23.062536820918492,22.823414903113374,22.532589820008333,1.0,0.0,0.25,0.0,0.0,22.532589820008333,22.79578448609666,23.062536820918492,18.809539223179296,23.856038260341204,28.09070029790588,2.1999564321489617e-16,3.776071418982973e-16,0.0,4.436883917304993e-15,3.5772843550562763e-14,converged
2025-01-15T13:15:00+08:00,5.25,3.125000000000001,425.83333333333337,2.925,44.8,44.8,39.8,39.8,35.0,55.00000000000001,85.0,34.57524410353765,9.46328338445674,11.904742811891264,13.207217907189644,63.10880143937356,0.7975154294035193,45.7,45.7,45.7,37.76970275237861,38.153496825906686,38.061218438109236,38.01320301220835,0.08083439166666666,0.30797466289289444,22.85556212550248,23.208191274069325,22.594486901799,22.538808915556707,22.820278764485302,23.110913995828415,22.867715855334776,22.572176449961344,22.684854409682682,23.091369720430503,22.84783092771055,22.55196892297708,1.0,0.0,0.25,0.0,0.0,22.55196892297708,22.820278764485302,23.091369720430503,18.809539223179296,23.856038260341204,28.09070029790588,2.1999564321489617e-16,5.670043798412454e-16,0.0,9.213821172420238e-16,2.5579346666592862e-14,converged
2025-01-15T13:20:00+08:00,5.333333333333333,3.3125,431.25,2.9124999999999996,44.8,44.8,39.8,39.8,35.0,55.00000000000001,85.0,34.57524410353765,9.46328338445674,11.904742811891264,13.207217907189644,63.10880143937356,0.7975154294035193,45.48571706017228,45.7,45.7,37.63788530342157,38.161551321567565,38.06948373455382,37.98305492125513,0.0758978125,0.30683274298045876,22.87944164425276,23.236722575711266,22.620327654899437,22.557545877880166,22.845352201930428,23.140380872297353,22.892700923325442,22.592052729184918,22.71122651391355,23.12082062544479,22.872801110844687,22.571831051984258,1.0,0.0,0.25,0.0,0.0,22.571831051984258,22.845352201930428,23.12082062544479,18.809539223179296,23.856038260341204,28.09070029790588,2.1999564321489617e-16,3.7940970932932327e-16,0.0,1.8733354398135336e-15,5.5548525182733224e-14,converged
2025-01-15T13:25:00+08:00,5.416666666666667,3.499999999999999,436.66666666666663,2.9,44.8,44.8,39.8,39.8,35.0,55.00000000000001,85.0,34.57524410353765,9.46328338445674,11.904742811891264,13.207217907189644,63.10880143937356,0.7975154294035193,44.8,45.49408688686142,45.7,37.19733711306824,38.031783537793096,38.0779442856754,37.821027312661144,0.07133623333333333,0.30296431933280776,22.903002033811376,23.265025140270488,22.6452842258935,22.575990092093168,22.870635242250835,23.170115320319415,22.917907477445926,22.612095458372792,22.73828448116568,23.150887229428868,22.898323487502726,22.59217457567154,1.0,0.0,0.25,0.0,0.0,22.59217457567154,22.870635242250835,23.150887229428868,18.809539223179296,23.856038260341204,28.09070029790588,2.1999564321489617e-16,3.842542319283876e-16,0.0,2.233477723083753e-15,2.7765942935020517e-14,converged
2025-01-15T13:30:00+08:00,5.5,3.687500000000001,442.08333333333337,2.8874999999999997,44.8,44.8,39.8,39.8,35.0,55.00000000000001,85.0,34.57524410353765,9.46328338445674,11.904742811891264,13.207217907189644,63.10880143937356,0.7975154294035193,44.8,44.8,45.35632605362305,37.205693287271075,37.574717467068005,37.857396625879595,37.58169427563047,0.06677465416666666,0.29771859281460245,22.92705075198976,23.293863765445916,22.670898168871545,22.594833768279614,22.895258781407048,23.199293620272822,22.942553026778295,22.63155949000523,22.765159369439747,23.180988017731202,22.92384582411038,22.612473779335563,1.0,0.0,0.25,0.0,0.0,22.612473779335563,22.895258781407048,23.180988017731202,18.809539223179296,23.856038260341204,28.09070029790588,2.1999564321489617e-16,1.9551234729137298e-16,0.0,8.73695801958323e-16,3.840515334358415e-14,converged
2025-01-15T13:35:00+08:00,5.583333333333333,3.875,447.5,2.875,43.9,43.9,38.9,38.9,35.0,55.00000000000001,85.0,33.79339184994007,9.24928953907958,11.635540084989202,12.908562225871286,60.28690527137855,0.7446268323303775,44.8,44.8,44.8,37.07396053010225,37.447647494816444,37.358376412625596,37.311268753270824,0.062213075,0.2932542747561991,22.951469643199864,23.32312825541715,22.696940890510266,22.613974280144255,22.920292959361134,23.228931563527503,22.967600914918176,22.65136038856236,22.791079462622548,23.2106076783847,22.948876777541916,22.632258687230298,1.0,0.0,0.25,0.0,0.0,22.632258687230298,22.920292959361134,23.2106076783847,19.244721364589612,24.407977448883802,28.740613672407555,7.676438359031991e-17,7.939548156542187e-16,0.0,3.2998747025628462e-15,2.8028967078387958e-14,converged
2025-01-15T13:40:00+08:00,5.666666666666667,4.062499999999999,452.91666666666663,2.8625,43.9,43.9,38.9,38.9,35.0,55.00000000000001,85.0,33.79339184994007,9.24928953907958,11.635540084989202,12.908562225871286,60.28690527137855,0.7446268323303775,44.8,44.8,44.8,37.082798664933264,37.45604783855312,37.36696605814422,37.31986123132919,0.057651495833333344,0.29291779841082777,22.97637469865224,23.35292651797408,22.723635891169994,22.63351274599113,22.94590436172402,23.25918460747971,22.993200801226212,22.671642949037917,22.81768819481708,23.240842627794223,22.974459885454166,22.652525383595208,1.0,0.0,0.25,0.0,0.0,22.652525383595208,22.94590436172402,23.240842627794223,19.244721364589612,24.407977448883802,28.740613672407555,7.676438359031991e-17,1.9871670901960374e-16,0.0,4.396607187058733e-15,4.054867826586863e-14,converged
2025-01-15T13:45:00+08:00,5.75,4.250000000000001,458.33333333333337,2.8499999999999996,43.9,43.9,38.9,38.9,35.0,55.00000000000001,85.0,33.79339184994007,9.24928953907958,11.635540084989202,12.908562225871286,60.28690527137855,0.7446268323303775,44.8,44.8,44.8,37.09182684709906,37.46463419797963,37.37575402524561,37.3286455292073,0.05308991666666666,0.29257381051506615,23.001764620617283,23.383257203200216,22.7509799575849,22.653448255131128,22.972090716744617,23.29005045848435,23.019350730094523,22.692405546130797,22.844981782691306,23.271690574073556,23.000593193783182,22.673272244445663,1.0,0.0,0.5,0.0,0.0,22.673272244445663,22.972090716744617,23.271690574073556,19.244721364589612,24.407977448883802,28.740613672407555,7.676438359031991e-17,0.0,0.0,6.6648366002696085e-15,3.9187532495712365e-14,converged
2025-01-15T13:50:00+08:00,5.833333333333333,4.4375,463.75,2.8375,43.9,43.9,38.9,38.9,35.0,55.00000000000001,85.0,33.79339184994007,9.24928953907958,11.635540084989202,12.908562225871286,60.28690527137855,0.7446268323303775,44.66404984562613,44.8,44.8,37.01291697363089,37.47340589246887,37.38473948855979,37.313500335901175,0.048734087499999995,0.29170977709093143,23.027478692109764,23.413967930938146,22.778665696671766,22.673643246973032,22.99884976161266,23.321526831449084,23.046048752843518,22.71364656002424,22.87295646369854,23.303149233873523,23.0272747553804,22.694497651271075,1.0,0.0,0.5,0.0,0.0,22.694497651271075,22.99884976161266,23.303149233873523,19.244721364589612,24.407977448883802,28.740613672407555,7.676438359031991e-17,5.986188892323926e-16,0.0,2.893324631289898e-15,3.875858221956458e-14,converged
2025-01-15T13:55:00+08:00,5.916666666666667,4.624999999999999,469.16666666666663,2.8249999999999997,43.9,43.9,38.9,38.9,35.0,55.00000000000001,85.0,33.79339184994007,9.24928953907958,11.635540084989202,12.908562225871286,60.28690527137855,0.7446268323303775,43.9,44.693435940799084,44.8,36.52676042003644,37.411603111671106,37.39392162631529,37.16266660826285,0.045479925000000004,0.2879904525293031,23.052780699630485,23.444361027344765,22.8052902339857,22.69346666463974,23.025989949500143,23.353432117461193,23.073122560089292,22.735202119879208,22.90160849596325,23.335216332350182,23.05450262998819,22.716199991016428,1.0,0.0,0.5833333333333334,0.0,0.0,22.716199991016428,23.025989949500143,23.335216332350182,19.244721364589612,24.407977448883802,28.740613672407555,7.676438359031991e-17,2.021166340837107e-16,0.0,1.7432559689720048e-15,4.4227805872447965e-14,converged
2025-01-15T14:00:00+08:00,6.0,4.812500000000001,474.58333333333337,2.8125,43.9,43.9,38.9,38.9,35.0,55.00000000000001,85.0,33.79339184994007,9.24928953907958,11.635540084989202,12.908562225871286,60.28690527137855,0.7446268323303775,43.9,43.9,44.57331046103336,36.535869030169664,36.89361980789875,37.253535555174295,36.933185362598536,0.04222576249999999,0.2828879086799093,23.078566514070424,23.475285042079527,22.83256418417231,22.71368647350779,23.052292444806795,23.384611299486192,23.099474943410783,22.75602735952166,22.930365771893154,23.367509120725884,23.08191341743576,22.738033394669753,1.0,0.0,0.5833333333333334,0.0,0.0,22.738033394669753,23.052292444806795,23.367509120725884,19.244721364589612,24.407977448883802,28.740613672407555,7.676438359031991e-17,4.1152455886214634e-16,0.0,6.880176218476509e-16,4.479382613712141e-14,converged
2025-01-15T14:05:00+08:00,6.083333333333333,5.0,480.0,2.8,43.0,43.0,38.0,38.0,35.0,55.00000000000001,85.0,33.01153959634248,9.035295693702418,11.366337358087138,12.609906544552928,57.52955056592981,0.6941297647905624,43.9,43.9,43.9,36.40670007054984,36.76896346532289,36.683207387687,36.63705404611248,0.038971599999999995,0.27783241516875656,23.104719098933735,23.50663107593881,22.860261106038106,22.734200784009545,23.079000724577224,23.416244665002274,23.12622520983118,22.77718604606127,22.957873558016352,23.399122522781095,23.10864522567589,22.759174678340177,1.0,0.0,0.5833333333333334,0.0,0.0,22.759174678340177,23.079000724577224,23.399122522781095,19.70051739690884,24.986061125304733,29.42131241728037,2.413309547632438e-16,2.095063705151605e-16,0.0,1.0213435562614074e-15,3.2077933053629794e-14,converged
2025-01-15T14:10:00+08:00,6.166666666666667,4.958333333333334,471.25000000000006,2.7937499999999997,43.0,43.0,38.0,38.0,35.0,55.00000000000001,85.0,33.01153959634248,9.035295693702418,11.366337358087138,12.609906544552928,57.52955056592981,0.6941297647905624,43.9,43.9,43.9,36.41610482765822,36.77789600176534,36.69231992768299,36.64618458850731,0.041425716666666626,0.2774831408300158,23.130302685605905,23.537286930622244,22.887264504344408,22.754290107701095,23.105077362334203,23.44712334230648,23.15235433105489,22.797871777187524,22.984669574592917,23.429981438202248,23.134756056273012,22.779843142289735,1.0,0.0,0.5833333333333334,0.0,0.0,22.779843142289735,23.105077362334203,23.429981438202248,19.70051739690884,24.986061125304733,29.42131241728037,2.413309547632438e-16,8.390803237898335e-16,0.0,3.644755156462089e-15,3.5195422484078217e-14,converged
2025-01-15T14:15:00+08:00,6.25,4.916666666666666,462.49999999999994,2.7874999999999996,43.0,43.0,38.0,38.0,35.0,55.00000000000001,85.0,33.01153959634248,9.035295693702418,11.366337358087138,12.609906544552928,57.52955056592981,0.6941297647905624,43.9,43.9,43.9,36.42529137183341,36.78661808292188,36.7012119501259,36.65509870870623,0.04387983333333337,0.2771421453772484,23.155318789766337,23.567254347967545,22.91357778820077,22.773955415109914,23.130524838960905,23.477250139848977,23.177864503203338,22.818086145588467,23.010757723937957,23.460088671620525,23.160248102356185,22.800040377008894,1.0,0.0,0.6666666666666666,0.0,0.0,22.800040377008894,23.130524838960905,23.460088671620525,19.70051739690884,24.986061125304733,29.42131241728037,2.413309547632438e-16,0.0,0.0,1.3389296594289029e-15,2.604304712061977e-14,converged
2025-01-15T14:20:00+08:00,6.333333333333333,4.875,453.75,2.78125,43.0,43.0,38.0,38.0,35.0,55.00000000000001,85.0,33.01153959634248,9.035295693702418,11.366337358087138,12.609906544552928,57.52955056592981,0.6941297647905624,43.84609313144358,43.9,43.9,36.39967455037533,36.795130479076185,36.709884365663264,36.654331024403724,0.04633395,0.2766071069883294,23.179706001380183,23.59647545515622,22.93908427623655,22.7931437410658,23.155345625596404,23.506627855628743,23.202757914633334,22.837830738588732,23.03614188697192,23.489447017241538,23.18512354930891,22.819767967637965,1.0,0.0,0.6666666666666666,0.0,0.0,22.819767967637965,23.155345625596404,23.489447017241538,19.70051739690884,24.986061125304733,29.42131241728037,2.413309547632438e-16,8.417377492173157e-16,0.0,5.5239039792386346e-15,5.1046744315498615e-14,converged
2025-01-15T14:25:00+08:00,6.416666666666667,4.833333333333334,445.00000000000006,2.775,43.0,43.0,38.0,38.0,35.0,55.00000000000001,85.0,33.01153959634248,9.035295693702418,11.366337358087138,12.609906544552928,57.52955056592981,0.6941297647905624,43.0,43.89749100255485,43.9,35.86532314969456,36.80178412899163,36.71833808100835,36.51359857822747,0.049243066666666606,0.2730989605144167,23.20254264861696,23.62407731660477,22.96202803177885,22.811064564448884,23.179537745934844,23.535255073057357,23.227032751997147,22.857103334388253,23.0608259233379,23.518059258884076,23.209384574796484,22.83902749398509,1.0,0.0,0.6666666666666666,0.0,0.0,22.83902749398509,23.179537745934844,23.518059258884076,19.70051739690884,24.986061125304733,29.42131241728037,2.413309547632438e-16,4.2627522861182526e-16,0.0,2.544330270776832e-15,3.224265717375933e-14,converged
2025-01-15T14:30:00+08:00,6.5,4.791666666666666,436.24999999999994,2.76875,43.0,43.0,38.0,38.0,35.0,55.00000000000001,85.0,33.01153959634248,9.035295693702418,11.366337358087138,12.609906544552928,57.52955056592981,0.6941297647905624,43.0,43.0,43.795836235110464,35.8733671777778,36.21946816485917,36.65843425141869,36.292418308930856,0.052815433333333384,0.26821677476804184,23.22481913055248,23.650998448221863,22.98430162859836,22.828566323677347,23.20152380711284,23.561637717787566,23.24926904526997,22.874550972358975,23.08455359083569,23.5457540909815,23.232867971925995,22.857663027230362,1.0,0.0,0.6666666666666666,0.0,0.0,22.857663027230362,23.20152380711284,23.5457540909815,19.70051739690884,24.986061125304733,29.42131241728037,2.413309547632438e-16,4.3403445562870795e-16,0.0,4.455634958563455e-15,2.797248822294965e-14,converged
2025-01-15T14:35:00+08:00,6.583333333333333,4.75,427.5,2.7624999999999997,43.2,43.2,38.2,38.2,35.0,55.00000000000001,85.0,33.18528454158639,9.082849881564009,11.426160186287596,12.676274473734784,58.13671839877244,0.7051474935589709,43.0,43.0,43.0,35.91084817426361,36.25543668351354,36.17437840109301,36.130159386838514,0.0564098,0.2641779277603871,23.246561754304444,23.677263568911236,23.005956240956582,22.845671678796464,23.222932461698655,23.587318408269805,23.27093220083282,22.891569259352938,23.10565982768939,23.571414995127565,23.254512944527292,22.87466424910239,1.0,0.0,0.75,0.0,0.0,22.87466424910239,23.222932461698655,23.571414995127565,19.597373326767958,24.855244051350258,29.267274132373142,7.960351476981718e-17,2.2033506510908255e-16,0.0,3.445703524885728e-16,3.222366096520846e-14,converged
2025-01-15T14:40:00+08:00,6.666666666666667,4.708333333333334,418.75000000000006,2.75625,43.2,43.2,38.2,38.2,35.0,55.00000000000001,85.0,33.18528454158639,9.082849881564009,11.426160186287596,12.676274473734784,58.13671839877244,0.7051474935589709,43.0,43.0,43.0,35.918446490364424,36.26259799831706,36.181596587311454,36.13746203340735,0.06000416666666661,0.26389710639256303,23.267747100031663,23.702851302524444,23.026946980518183,22.862359813829983,23.243730251404987,23.612266519201544,23.29199216251182,22.90812850786207,23.126089338376673,23.596343496069768,23.27555486987913,22.891206551593335,1.0,0.0,0.75,0.0,0.0,22.891206551593335,23.243730251404987,23.596343496069768,19.597373326767958,24.855244051350258,29.267274132373142,7.960351476981718e-17,2.2056953071277699e-16,0.0,5.0767842937183405e-15,4.380106693278195e-14,converged
2025-01-15T14:45:00+08:00,6.75,4.666666666666666,409.99999999999994,2.75,43.2,43.2,38.2,38.2,35.0,55.00000000000001,85.0,33.18528454158639,9.082849881564009,11.426160186287596,12.676274473734784,58.13671839877244,0.7051474935589709,43.0,43.0,43.0,35.92583393520299,36.26955607325082,36.18860289590454,36.14455605189428,0.06359853333333339,0.26362430776317713,23.28837665289248,23.727763359419946,23.047277112225363,22.878631682017357,23.263919576608775,23.636484778008644,23.31245106393727,22.924230264417478,23.145845834822705,23.620542317609786,23.29599587877138,22.90729147915003,1.0,0.0,0.75,0.0,0.0,22.90729147915003,23.263919576608775,23.620542317609786,19.597373326767958,24.855244051350258,29.267274132373142,7.960351476981718e-17,0.0,0.0,5.598122924589988e-16,3.4450566898122306e-14,converged
2025-01-15T14:50:00+08:00,6.833333333333333,4.625,401.25,2.74375,43.2,43.2,38.2,38.2,35.0,55.00000000000001,85.0,33.18528454158639,9.082849881564009,11.426160186287596,12.676274473734784,58.13671839877244,0.7051474935589709,43.01610506692928,43.0,43.0,35.94336818529424,36.27631165247627,36.19539820047432,36.15427693999457,0.0671929,0.2634200010772916,23.30847071212072,23.752019273349102,23.066985794663303,22.894504364410665,23.283502828254747,23.659975901962635,23.332311031192347,22.9398760703399,23.164933008592286,23.644014173419507,23.31583809446504,22.922920571021624,1.0,0.0,0.75,0.0,0.0,22.922920571021624,23.283502828254747,23.644014173419507,19.597373326767958,24.855244051350258,29.267274132373142,7.960351476981718e-17,8.838761016691115e-16,0.0,3.6891169998688085e-15,4.175244464632592e-14,converged
2025-01-15T14:55:00+08:00,6.916666666666667,4.583333333333334,392.50000000000006,2.7375,43.2,43.2,38.2,38.2,35.0,55.00000000000001,85.0,33.18528454158639,9.082849881564009,11.426160186287596,12.676274473734784,58.13671839877244,0.7051474935589709,43.2,43.00579023794599,43.0,36.06865530111395,36.28668134296001,36.20198337085532,36.19465403048359,0.0707872666666666,0.2638794898652243,23.328226473138333,23.77580618107462,23.086449198447465,22.910146612089317,23.30249263919558,23.682752310008503,23.35158340906518,22.955076248660035,23.183354531001537,23.666761767078686,23.33508363271884,22.938095361277085,1.0,0.0,0.75,0.0,0.0,22.938095361277085,23.30249263919558,23.666761767078686,19.597373326767958,24.855244051350258,29.267274132373142,7.960351476981718e-17,1.1029212793915285e-15,0.0,1.4618695271887797e-15,3.7488363709388064e-14,converged
2025-01-15T15:00:00+08:00,7.0,4.541666666666666,383.74999999999994,2.7312499999999997,43.2,43.2,38.2,38.2,35.0,55.00000000000001,85.0,33.18528454158639,9.082849881564009,11.426160186287596,12.676274473734784,58.13671839877244,0.7051474935589709,43.2,43.2,43.02930903470507,36.075523731231286,36.421079128415684,36.22757499958614,36.25258458860761,0.07474163333333339,0.26465374528100194,23.347430251164646,23.79892195905107,23.105259505850878,22.925374982502593,23.3212242519099,23.70513208663714,23.370569957979843,22.970117737652142,23.201187302735967,23.688836821331407,23.353781180209463,22.95286173974542,1.0,0.0,0.75,0.0,0.0,22.95286173974542,23.3212242519099,23.688836821331407,19.597373326767958,24.855244051350258,29.267274132373142,7.960351476981718e-17,4.39877855132291e-16,0.0,1.1761835182223805e-15,4.5751028694499805e-14,converged
2025-01-15T15:05:00+08:00,7.083333333333333,4.5,375.0,2.7249999999999996,43.4,43.4,38.4,38.4,35.0,55.00000000000001,85.0,33.3590294868303,9.130404069425602,11.485983014488056,12.742642402916642,58.7470734643334,0.7162811973544165,43.2,43.2,43.2,36.111711941712485,36.45580846278198,36.37445328492099,36.33055241428075,0.078696,0.26554586537483654,23.36610820835229,23.821391160552764,23.123467571906072,22.940212041370778,23.339391031440936,23.726824566822824,23.388994668553334,22.98473783657,23.21883772133155,23.710511137771284,23.372189086448923,22.967465933858545,1.0,0.0,0.75,0.0,0.0,22.967465933858545,23.339391031440936,23.710511137771284,19.495303674024374,24.725789655249475,29.114840412933695,1.5755294174900718e-16,2.1920002720171607e-16,1.2571372206949052e-16,1.5642091534433862e-16,2.8395986647979827e-14,converged
2025-01-15T15:10:00+08:00,7.166666666666667,4.458333333333334,366.25000000000006,2.71875,43.4,43.4,38.4,38.4,35.0,55.00000000000001,85.0,33.3590294868303,9.130404069425602,11.485983014488056,12.742642402916642,58.7470734643334,0.7162811973544165,43.2,43.2,43.2,36.118149303866915,36.46185804206534,36.3805261112327,36.336717010185765,0.08265036666666661,0.26530756630728325,23.384237032020646,23.84319253333318,23.14102867294035,22.954637047013193,23.35695965301884,23.747799279615265,23.40682761117377,22.998906954600265,23.23583032515644,23.731467840671172,23.39000535379114,22.98161925331099,1.0,0.0,0.75,0.0,0.0,22.98161925331099,23.35695965301884,23.731467840671172,19.495303674024374,24.725789655249475,29.114840412933695,1.5755294174900718e-16,0.0,1.2571372206949052e-16,3.6974202559256904e-16,2.7239395535027814e-14,converged
2025-01-15T15:15:00+08:00,7.25,4.416666666666666,357.49999999999994,2.7125,43.4,43.4,38.4,38.4,35.0,55.00000000000001,85.0,33.3590294868303,9.130404069425602,11.485983014488056,12.742642402916642,58.7470734643334,0.7162811973544165,43.2,43.2,43.2,36.12438063949145,36.467709187281194,36.386392514883,36.34267804243624,0.08660473333333339,0.2650771362111615,23.401818186305153,23.864327764402862,23.15794599227389,22.96865094130342,23.373932468155996,23.768058898507185,23.424070880005793,23.01262661181736,23.252168724078015,23.75170960005411,23.40723207367489,22.99532321617193,1.0,0.0,0.8333333333333334,0.0,0.0,22.99532321617193,23.373932468155996,23.75170960005411,19.495303674024374,24.725789655249475,29.114840412933695,1.5755294174900718e-16,4.391752660787685e-16,1.2571372206949052e-16,7.967836509515651e-16,3.68787066730897e-14,converged
2025-01-15T15:20:00+08:00,7.333333333333333,4.375,348.75,2.70625,43.4,43.4,38.4,38.4,35.0,55.00000000000001,85.0,33.3590294868303,9.130404069425602,11.485983014488056,12.742642402916642,58.7470734643334,0.7162811973544165,43.22018785303903,43.2,43.2,36.14341918327485,36.473362625275364,36.39205334660316,36.351997823302355,0.0905591,0.26493046182481167,23.418876744525715,23.88482090696353,23.17426775643227,22.982274904141605,23.390311819120384,23.787606087033264,23.440726561803142,23.025898323172157,23.267856508153915,23.77123907600879,23.423871330145744,23.0085793353993,1.0,0.0,0.9166666666666666,0.0,0.0,23.0085793353993,23.390311819120384,23.77123907600879,19.495303674024374,24.725789655249475,29.114840412933695,1.5755294174900718e-16,6.591276123463436e-16,1.2571372206949052e-16,4.5934061579210736e-15,3.119073098844642e-14,converged
2025-01-15T15:25:00+08:00,7.416666666666667,4.333333333333334,340.00000000000006,2.6999999999999997,43.4,43.4,38.4,38.4,35.0,55.00000000000001,85.0,33.3590294868303,9.130404069425602,11.485983014488056,12.742642402916642,58.7470734643334,0.7162811973544165,43.4,43.21096841379003,43.2,36.265202367220915,36.4860632474201,36.39750945345746,36.39178717111888,0.0945134666666666,0.26544080003663184,23.435600526988164,23.90485021321449,23.190352185626114,22.995669658744806,23.406119476604566,23.806461913511235,23.456814229993228,23.03874025959428,23.282897247740745,23.790058918726523,23.439925199882172,23.021389118856987,1.0,0.0,0.9166666666666666,0.0,0.0,23.021389118856987,23.406119476604566,23.790058918726523,19.495303674024374,24.725789655249475,29.114840412933695,1.5755294174900718e-16,2.1928678976794273e-16,1.2571372206949052e-16,5.8885009670247724e-15,4.7729651648372075e-14,converged
2025-01-15T15:30:00+08:00,7.5,4.291666666666666,331.24999999999994,2.6937499999999996,43.4,43.4,38.4,38.4,35.0,55.00000000000001,85.0,33.3590294868303,9.130404069425602,11.485983014488056,12.742642402916642,58.7470734643334,0.7162811973544165,43.4,43.4,43.23540638348266,36.27092876699031,36.61622938614038,36.426026414071735,36.44906557109273,0.0984678333333334,0.2662654320307758,23.451780386278852,23.92421785419429,23.20580009892048,23.008655656949433,23.42167258312866,23.824927309215116,23.472619362516674,23.05142386448353,23.29738306477083,23.80823105484785,23.45545207514502,23.03380771101202,1.0,0.0,1.0,0.0,0.0,23.03380771101202,23.42167258312866,23.80823105484785,19.495303674024374,24.725789655249475,29.114840412933695,1.5755294174900718e-16,8.744306081269998e-16,1.2571372206949052e-16,2.4523228347156968e-15,3.851924907402184e-14,converged
2025-01-15T15:35:00+08:00,7.583333333333333,4.25,322.5,2.6875,43.6,43.6,38.6,38.6,35.0,55.00000000000001,85.0,33.532774432074206,9.177958257287193,11.545805842688514,12.809010332098502,59.36061576261272,0.7275314833759945,43.4,43.4,43.4,36.305886299071034,36.649780392895714,36.5679408532099,36.52439473010252,0.10242219999999999,0.2671681883937504,23.467442363573866,23.942948245864415,23.220662084550828,23.02125538516842,23.43667317901202,23.84271979255539,23.487873757221937,23.063693907596004,23.311689848056396,23.826006862888406,23.470690939343786,23.04606293294737,1.0,0.0,1.0,0.0,0.0,23.04606293294737,23.43667317901202,23.826006862888406,19.39429173788953,24.597676755481345,28.96398631752989,7.796224925011946e-17,8.71475923288912e-16,0.0,1.9550156926268626e-15,3.743584016170569e-14,converged
2025-01-15T15:40:00+08:00,7.666666666666667,4.208333333333334,313.75000000000006,2.68125,43.6,43.6,38.6,38.6,35.0,55.00000000000001,85.0,33.532774432074206,9.177958257287193,11.545805842688514,12.809010332098502,59.36061576261272,0.7275314833759945,43.4,43.4,43.4,36.31119585068288,36.654750995779445,36.572904941551116,36.52945561517993,0.1063765666666666,0.266971535525425,23.48256322977024,23.961020231968256,23.234893534984558,23.033448161158844,23.451088037972873,23.859809005686227,23.502547579316627,23.075520872613403,23.32535712996287,23.843079533052776,23.485349343132064,23.057875170635686,1.0,0.0,1.0,0.0,0.0,23.057875170635686,23.451088037972873,23.843079533052776,19.39429173788953,24.597676755481345,28.96398631752989,7.796224925011946e-17,2.1802946444799543e-16,0.0,2.5920016448655363e-15,3.3591435371637016e-14,converged
2025-01-15T15:45:00+08:00,7.75,4.166666666666666,304.99999999999994,2.675,43.6,43.6,38.6,38.6,35.0,55.00000000000001,85.0,33.532774432074206,9.177958257287193,11.545805842688514,12.809010332098502,59.36061576261272,0.7275314833759945,43.4,43.4,43.4,36.31630409195842,36.65952784769719,36.57766790487001,36.53431786350566,0.11033093333333338,0.26678260116609,23.49714442827993,23.978435476480712,23.248497554179348,23.045234915564155,23.46491946372876,23.87619756928019,23.516642884271008,23.086906253644756,23.3383884214722,23.85945168269299,23.49942933936507,23.069245916257312,1.0,0.0,1.0,0.0,0.0,23.069245916257312,23.46491946372876,23.85945168269299,19.39429173788953,24.597676755481345,28.96398631752989,7.796224925011946e-17,8.727354881322152e-16,0.0,1.745753345042835e-15,3.598279876523167e-14,converged
2025-01-15T15:50:00+08:00,7.833333333333333,4.125,296.25,2.6687499999999997,43.6,43.6,38.6,38.6,35.0,55.00000000000001,85.0,33.532774432074206,9.177958257287193,11.545805842688514,12.809010332098502,59.36061576261272,0.7275314833759945,43.42422833048442,43.4,43.4,36.33686432355092,36.664111658612256,36.5822305717003,36.5432663620959,0.11461605,0.2666925616715667,23.51121576691819,23.995222514587788,23.26153136232249,23.056640893107453,23.47816975093664,23.891888094244152,23.53016172027813,23.097851539760786,23.350787214290385,23.875125919418267,23.512932973637895,23.080176656966213,1.0,0.0,1.0,0.0,0.0,23.080176656966213,23.47816975093664,23.875125919418267,19.39429173788953,24.597676755481345,28.96398631752989,7.796224925011946e-17,2.1825753425080694e-16,0.0,5.681722277845751e-15,3.704744838256239e-14,converged
2025-01-15T15:55:00+08:00,7.916666666666667,4.083333333333334,287.50000000000006,2.6625,43.6,43.6,38.6,38.6,35.0,55.00000000000001,85.0,33.532774432074206,9.177958257287193,11.545805842688514,12.809010332098502,59.36061576261272,0.7275314833759945,43.6,43.416092929780746,43.4,36.455189394585005,36.679154809943626,36.58659376700618,36.58249831063909,0.11895016666666659,0.26725280690630815,23.52495576883023,24.011550787776848,23.27433538062478,23.067818855769346,23.490869731366935,23.906910225691387,23.543131820211453,23.108382683683708,23.36255698095331,23.890104841131304,23.525862284311188,23.09066887490692,1.0,0.0,1.0,0.0,0.0,23.09066887490692,23.490869731366935,23.890104841131304,19.39429173788953,24.597676755481345,28.96398631752989,7.796224925011946e-17,4.355999967766362e-16,0.0,2.211349391306055e-15,3.9657571793213127e-14,converged
2025-01-15T16:00:00+08:00,8.0,4.041666666666666,278.74999999999994,2.65625,43.6,43.6,38.6,38.6,35.0,55.00000000000001,85.0,33.532774432074206,9.177958257287193,11.545805842688514,12.809010332098502,59.36061576261272,0.7275314833759945,43.6,43.6,43.44144054729881,36.45980639814927,36.80513996398805,36.61804766595442,36.63915536161189,0.12328428333333338,0.26812688091803194,23.538159786506238,24.02722672622445,23.28651899455825,23.07859311758382,23.503318601350188,23.921547887348904,23.55582251754214,23.118755765062723,23.37380493728656,23.90446049266539,23.538285287582227,23.100786891230143,1.0,0.0,1.0,0.0,0.0,23.100786891230143,23.503318601350188,23.90446049266539,19.39429173788953,24.597676755481345,28.96398631752989,7.796224925011946e-17,2.1708998633099323e-16,0.0,6.977221718195694e-16,5.273174623025674e-14,converged
2025-01-15T16:05:00+08:00,8.083333333333334,4.0,270.0,2.65,43.8,43.8,38.8,38.8,35.0,55.00000000000001,85.0,33.70651937731811,9.225512445148782,11.60562867088897,12.875378261280357,59.97734529361034,0.7388989588227982,43.6,43.6,43.6,36.493593172798874,36.83757135227845,36.755083219707174,36.71191492251904,0.1276184,0.2690399250866942,23.550853763161058,24.042274635770536,23.29813257524366,23.088986100093475,23.515227036658025,23.93552675124992,23.56797338154478,23.128722982065703,23.384876774243693,23.918424041666455,23.550421794642766,23.110740297119047,1.0,0.0,1.0,0.0,0.0,23.110740297119047,23.515227036658025,23.918424041666455,19.294321161921037,24.47088460725722,28.81468741898593,1.5432117240502186e-16,8.654129812846302e-16,1.2441770431619683e-16,5.134663637321361e-15,4.027175147413471e-14,converged
2025-01-15T16:10:00+08:00,8.166666666666666,3.958333333333333,261.24999999999994,2.64375,43.8,43.8,38.8,38.8,35.0,55.00000000000001,85.0,33.70651937731811,9.225512445148782,11.60562867088897,12.875378261280357,59.97734529361034,0.7388989588227982,43.6,43.6,43.6,36.497807136259986,36.84149485064841,36.758974087108015,36.7159054569783,0.1319525166666667,0.2688840598382402,23.56301453065909,24.056673429362142,23.309131585426588,23.09897716621696,23.526561876186598,23.948816533372973,23.5795546419864,23.138254871688716,23.395326843319697,23.931698620641505,23.56198879418492,23.120258457578995,1.0,0.0,1.0,0.0,0.0,23.120258457578995,23.526561876186598,23.931698620641505,19.294321161921037,24.47088460725722,28.81468741898593,1.5432117240502186e-16,6.494359793788254e-16,1.2441770431619683e-16,6.350453147009157e-15,4.4659704663305045e-14,converged
2025-01-15T16:15:00+08:00,8.25,3.916666666666667,252.50000000000006,2.6375,43.8,43.8,38.8,38.8,35.0,55.00000000000001,85.0,33.70651937731811,9.225512445148782,11.60562867088897,12.875378261280357,59.97734529361034,0.7388989588227982,43.6,43.6,43.6,36.50182438064794,36.845229161583376,36.7626689744688,36.719702147912756,0.13628663333333327,0.26873576587364845,23.57464351198475,24.07042474824747,23.319519051903175,23.10856723550213,23.537325376906907,23.961419802662626,23.5905683164007,23.147352902558577,23.405158559689923,23.944286795358526,23.57298830123446,23.129342839382264,1.0,0.0,1.0,0.0,0.0,23.129342839382264,23.537325376906907,23.944286795358526,19.294321161921037,24.47088460725722,28.81468741898593,1.5432117240502186e-16,2.1659811720347976e-16,1.2441770431619683e-16,5.771750319122283e-15,2.8163762843370072e-14,converged
2025-01-15T16:20:00+08:00,8.333333333333334,3.875,243.75,2.63125,43.8,43.8,38.8,38.8,35.0,55.00000000000001,85.0,33.70651937731811,9.225512445148782,11.60562867088897,12.875378261280357,59.97734529361034,0.7388989588227982,43.62822715352316,43.6,43.6,36.52392287455112,36.84877497858659,36.766168688778656,36.72830824302141,0.14062075,0.2687013828049074,23.58577521034092,24.083561572587985,23.329361115124758,23.117785583884896,23.54751978690928,23.973339118486233,23.601016415175263,23.156018538347517,23.41437531977124,23.956191122030425,23.58342232368762,23.13799490435813,1.0,0.0,1.0,0.0,0.0,23.13799490435813,23.54751978690928,23.956191122030425,19.294321161921037,24.47088460725722,28.81468741898593,1.5432117240502186e-16,2.1662583313063746e-16,1.2441770431619683e-16,2.719810635766627e-15,3.4196614186193716e-14,converged
2025-01-15T16:25:00+08:00,8.416666666666666,3.833333333333333,234.99999999999994,2.625,43.8,43.8,38.8,38.8,35.0,55.00000000000001,85.0,33.70651937731811,9.225512445148782,11.60562867088897,12.875378261280357,59.97734529361034,0.7388989588227982,43.8,43.621164615709716,43.6,36.638834676124524,36.866171519310136,36.769474033551724,36.767012198091315,0.1449548666666667,0.26931061095559705,23.59657892871949,24.09624460611296,23.338980546822924,23.126777077926114,23.557184923228274,23.984612631072036,23.610934762293326,23.164285448283973,23.42298050132506,23.967414147350613,23.593292862336316,23.146216109409515,1.0,0.0,1.0,0.0,0.0,23.146216109409515,23.557184923228274,23.967414147350613,19.294321161921037,24.47088460725722,28.81468741898593,1.5432117240502186e-16,2.1613578724926092e-16,1.2441770431619683e-16,3.178434832824825e-16,6.679872813279332e-14,converged
2025-01-15T16:30:00+08:00,8.5,3.791666666666667,226.25000000000006,2.61875,43.8,43.8,38.8,38.8,35.0,55.00000000000001,85.0,33.70651937731811,9.225512445148782,11.60562867088897,12.875378261280357,59.97734529361034,0.7388989588227982,43.8,43.8,43.64741250324056,36.64237401095094,36.988025364592886,36.80387555248802,36.82307776825218,0.1492889833333333,0.27023321056806543,23.606854482505955,24.10828450312131,23.34799522932055,23.13536986205831,23.566602187853384,23.995507400452652,23.620576683052604,23.172394477760925,23.43109628825971,23.978037949700948,23.602677476677812,23.15407987538305,1.0,0.0,1.0,0.0,0.0,23.15407987538305,23.566602187853384,23.978037949700948,19.294321161921037,24.47088460725722,28.81468741898593,1.5432117240502186e-16,1.0769894046536197e-15,1.2441770431619683e-16,6.508076839273509e-15,5.897751942832186e-14,converged
2025-01-15T16:35:00+08:00,8.583333333333334,3.75,217.5,2.6125,44.0,44.0,39.0,39.0,35.0,55.00000000000001,85.0,33.88026432256202,9.273066633010377,11.66545149908943,12.941746190462217,60.59726205732633,0.7503842308939235,43.8,43.8,43.8,36.67504783610725,37.019393766640576,36.936114668105674,36.89333454602209,0.1536231,0.27115619577767824,23.61662773902969,24.119705485435688,23.356455363679103,23.143586306829423,23.575490851437742,24.005757221435452,23.629689481742872,23.180105211072597,23.439038478303296,23.98827369401619,23.611776996108205,23.161777737101723,1.0,0.0,1.0,0.0,0.0,23.161777737101723,23.575490851437742,23.98827369401619,19.19537592519323,24.34539289132256,28.666919791196253,1.5274244956306116e-16,6.439940722710837e-16,0.0,2.4708842173168534e-15,3.619873090095588e-14,converged
2025-01-15T16:40:00+08:00,8.666666666666666,3.708333333333333,208.74999999999994,2.6062499999999997,44.0,44.0,39.0,39.0,35.0,55.00000000000001,85.0,33.88026432256202,9.273066633010377,11.66545149908943,12.941746190462217,60.59726205732633,0.7503842308939235,43.8,43.8,43.8,36.678197539222026,37.02230116876093,36.93896676027267,36.896287138636644,0.1579572166666667,0.271040276773583,23.625875569450926,24.130486509507776,23.36431643960003,23.151405806605762,23.583817786394206,24.01533184643257,23.63824342385516,23.187388218328692,23.446376071660676,23.997834334421498,23.6203177395202,23.169047943284966,1.0,0.0,1.0,0.0,0.0,23.169047943284966,23.583817786394206,23.997834334421498,19.19537592519323,24.34539289132256,28.666919791196253,1.5274244956306116e-16,8.5902599578721535e-16,0.0,3.228485627092881e-15,4.0284499095487533e-14,converged
2025-01-15T16:45:00+08:00,8.75,3.666666666666667,200.00000000000006,2.6,44.0,44.0,39.0,39.0,35.0,55.00000000000001,85.0,33.88026432256202,9.273066633010377,11.66545149908943,12.941746190462217,60.59726205732633,0.7503842308939235,43.8,43.8,43.8,36.68115499310037,37.02502383045819,36.941627869252244,36.89905055101628,0.1622913333333333,0.27093178499948134,23.634599376619015,24.140629194164703,23.371581408861708,23.15882926997289,23.591585203974514,24.024233793732236,23.64624048973103,23.194244943149002,23.45311239068851,24.00672238616748,23.62830168485103,23.17589193576987,1.0,0.0,1.0,0.0,0.0,23.17589193576987,23.591585203974514,24.00672238616748,19.19537592519323,24.34539289132256,28.666919791196253,1.5274244956306116e-16,2.148424959204356e-16,0.0,1.637707573638288e-15,3.219493040641674e-14,converged
2025-01-15T16:50:00+08:00,8.833333333333334,3.625,191.25,2.59375,44.0,44.0,39.0,39.0,35.0,55.00000000000001,85.0,33.88026432256202,9.273066633010377,11.66545149908943,12.941746190462217,60.59726205732633,0.7503842308939235,43.83218496299227,43.8,43.8,36.704807530760064,37.02756242918753,36.94409878112219,36.90734220333978,0.16662545,0.2709520984922439,23.642838320492125,24.150170927984576,23.37832525964927,23.16588997087783,23.598795306725787,24.032465572230176,23.653682652694584,23.20067682428095,23.45925073948656,24.014940355133614,23.635730803036495,23.182311151532375,1.0,0.0,1.0,0.0,0.0,23.182311151532375,23.598795306725787,24.014940355133614,19.19537592519323,24.34539289132256,28.666919791196253,1.5274244956306116e-16,4.2965277801776184e-16,0.0,2.3091889378036513e-15,4.325135022110359e-14,converged
2025-01-15T16:55:00+08:00,8.916666666666666,3.583333333333333,182.49999999999994,2.5875,44.0,44.0,39.0,39.0,35.0,55.00000000000001,85.0,33.88026432256202,9.273066633010377,11.66545149908943,12.941746190462217,60.59726205732633,0.7503842308939235,44.0,43.8261842843471,43.8,36.81634995614292,37.04732250557215,36.94638027857716,36.94554666078849,0.1709595666666667,0.27160940341539674,23.650752559982806,24.1592637490089,23.384853261881727,23.172724945481864,23.605496822065902,24.040073766471053,23.66061376034558,23.206725182979532,23.464794403998027,24.02249073786317,23.642607058035733,23.188307022703675,1.0,0.0,1.0,0.0,0.0,23.188307022703675,23.605496822065902,24.02249073786317,19.19537592519323,24.34539289132256,28.666919791196253,1.5274244956306116e-16,1.2858390066365673e-15,0.0,2.301991491041551e-15,6.929184869239349e-14,converged
2025-01-15T17:00:00+08:00,9.0,3.541666666666667,173.75000000000006,2.58125,44.0,44.0,39.0,39.0,35.0,55.00000000000001,85.0,33.88026432256202,9.273066633010377,11.66545149908943,12.941746190462217,60.59726205732633,0.7503842308939235,44.0,44.0,43.853323208352144,36.818842469033235,37.165093754698006,36.983739207503646,37.0010497050089,0.17529368333333328,0.2725796300282717,23.6581463368108,24.167722501066834,23.39079172599289,23.179166137201403,23.611953507602564,24.047308714857877,23.667271264414055,23.21261575827263,23.469880411922315,24.029465562684756,23.649017473004427,23.193961993789493,1.0,0.0,1.0,0.0,0.0,23.193961993789493,23.611953507602564,24.029465562684756,19.19537592519323,24.34539289132256,28.666919791196253,1.5274244956306116e-16,8.541747731836038e-16,0.0,6.189531229520936e-16,6.095976951356954e-14,converged
2025-01-15T17:05:00+08:00,9.083333333333334,3.5,165.0,2.575,44.2,44.2,39.2,39.2,35.0,55.00000000000001,85.0,34.05400926780593,9.320620820871968,11.725274327289892,13.008114119644073,61.22036605376064,0.7619879067884636,44.0,44.0,44.0,36.850459110700875,37.19545379410158,37.11126190284417,37.06886833613922,0.17962779999999998,0.27351221145108673,23.66504546358882,24.175571347017936,23.396190727530662,23.185235878922676,23.61789318760528,24.053912303149637,23.67341016723051,23.21811547812528,23.474794966359063,24.036056196040782,23.655144082590798,23.199449713951342,1.0,0.0,1.0,0.0,0.0,23.199449713951342,23.61789318760528,24.036056196040782,19.097440333738163,24.221181703101525,28.520659996343213,1.5118782915023427e-16,2.1281558364306126e-16,0.0,9.308112722445227e-16,4.2042247184300705e-14,converged
2025-01-15T17:10:00+08:00,9.166666666666666,3.458333333333333,156.24999999999994,2.56875,44.2,44.2,39.2,39.2,35.0,55.00000000000001,85.0,34.05400926780593,9.320620820871968,11.725274327289892,13.008114119644073,61.22036605376064,0.7619879067884636,44.0,44.0,44.0,36.85257501233255,37.19737526760499,37.11310862670701,37.07081447161411,0.18396191666666672,0.27343541420594186,23.67142683000747,24.18278926216963,23.401005742253947,23.19091358328928,23.623282737923937,24.05985428461532,23.679000742543593,23.223194926502444,23.479121550085907,24.041985295842853,23.660722430401602,23.20451722217796,1.0,0.0,1.0,0.0,0.0,23.20451722217796,23.623282737923937,24.041985295842853,19.097440333738163,24.221181703101525,28.520659996343213,1.5118782915023427e-16,6.38626065491584e-16,0.0,5.1305581131231996e-15,4.4857840065683754e-14,converged
2025-01-15T17:15:00+08:00,9.25,3.416666666666667,147.50000000000006,2.5625,44.2,44.2,39.2,39.2,35.0,55.00000000000001,85.0,34.05400926780593,9.320620820871968,11.725274327289892,13.008114119644073,61.22036605376064,0.7619879067884636,44.0,44.0,44.0,36.85450301654095,37.19911633415268,37.11476922049593,37.072575963839654,0.1882960333333333,0.27336590324331284,23.677291819070025,24.189377843230293,23.405239649011275,23.196200148056594,23.628124325097595,24.06513712793831,23.68404493423404,23.227855522484198,23.482863395540278,24.047255327870836,23.665754458013392,23.20916593583628,1.0,0.0,1.0,0.0,0.0,23.20916593583628,23.628124325097595,24.047255327870836,19.097440333738163,24.221181703101525,28.520659996343213,1.5118782915023427e-16,2.129294847048241e-16,0.0,4.304007896202129e-15,5.585849900213508e-14,converged
2025-01-15T17:20:00+08:00,9.333333333333334,3.375,138.75,2.55625,44.2,44.2,39.2,39.2,35.0,55.00000000000001,85.0,34.05400926780593,9.320620820871968,11.725274327289892,13.008114119644073,61.22036605376064,0.7619879067884636,44.03610238665048,44.0,44.0,36.87972461208303,37.20067765555351,37.11624444999176,37.08058024321169,0.19263015,0.27343997169970513,23.68268420932544,24.195378851078697,23.408976212045435,23.20113281238298,23.632420107132976,24.06976329259049,23.688544679291322,23.232098680358984,23.486023717388903,24.051868748713726,23.67024210012696,23.21339726751249,1.0,0.0,1.0,0.0,0.0,23.21339726751249,23.632420107132976,24.051868748713726,19.097440333738163,24.221181703101525,28.520659996343213,1.5118782915023427e-16,8.51487228464048e-16,0.0,7.248315610639778e-15,3.633974192942871e-14,converged
2025-01-15T17:25:00+08:00,9.416666666666666,3.333333333333333,129.99999999999994,2.55,44.2,44.2,39.2,39.2,35.0,55.00000000000001,85.0,34.05400926780593,9.320620820871968,11.725274327289892,13.008114119644073,61.22036605376064,0.7619879067884636,44.2,44.03115273187594,44.0,36.9879406289837,37.22281072264191,37.11753507768113,37.11831281577771,0.19696426666666672,0.27414446488921296,23.68775509076223,24.20093572926924,23.41250334530529,23.205840846266312,23.636227647868317,24.073787727502214,23.692551782267866,23.235973309722304,23.488605712625507,24.055828005803903,23.674187284591678,23.21721262502815,1.0,0.0,1.0,0.0,0.0,23.21721262502815,23.636227647868317,24.055828005803903,19.097440333738163,24.221181703101525,28.520659996343213,1.5118782915023427e-16,1.0616238583731799e-15,0.0,4.250441460676377e-15,5.058777407778157e-14,converged
2025-01-15T17:30:00+08:00,9.5,3.291666666666667,121.25000000000006,2.54375,44.2,44.2,39.2,39.2,35.0,55.00000000000001,85.0,34.05400926780593,9.320620820871968,11.725274327289892,13.008114119644073,61.22036605376064,0.7619879067884636,44.2,44.2,44.05917360014627,36.989416311318,37.33654714719143,37.1578603470044,37.173281402438974,0.2012983833333333,0.2751614373955321,23.692313095313764,24.20586747698605,23.415455719399482,23.210159961070605,23.639793208630024,24.077444189752594,23.69628795426876,23.23969016955067,23.490761129944058,24.05923499484046,23.677686419558896,23.220703401446826,1.0,0.0,1.0,0.0,0.0,23.220703401446826,23.639793208630024,24.05923499484046,19.097440333738163,24.221181703101525,28.520659996343213,1.5118782915023427e-16,8.461601518645439e-16,0.0,2.3091263594215476e-15,3.6629381569938513e-14,converged
2025-01-15T17:35:00+08:00,9.583333333333334,3.25,112.5,2.5375,44.4,44.4,39.4,39.4,35.0,55.00000000000001,85.0,34.227754213049835,9.368175008733559,11.785097155490346,13.074482048825928,61.846657282913256,0.7737105937055129,44.2,44.2,44.2,37.02002956224893,37.36595150499551,37.28074429176119,37.23872441753403,0.2056325,0.276103272362287,23.696384001169378,24.210198222165513,23.41788332651061,23.214112464828602,23.642853125394748,24.080482623314296,23.699515858167555,23.243023488877785,23.4927468705645,24.062261484159034,23.680902928688035,23.224025528192936,1.0,0.0,1.0,0.0,0.0,23.224025528192936,23.642853125394748,24.062261484159034,19.000499012247108,24.09823154217208,28.375885072503912,7.48284115106728e-17,2.1081843911321207e-16,1.2252301846366592e-16,2.552027683474405e-15,4.0072975086482e-14,converged
2025-01-15T17:40:00+08:00,9.666666666666666,3.208333333333333,103.74999999999994,2.53125,44.4,44.4,39.4,39.4,35.0,55.00000000000001,85.0,34.227754213049835,9.368175008733559,11.785097155490346,13.074482048825928,61.846657282913256,0.7737105937055129,44.2,44.2,44.2,37.02114127721066,37.36691639926669,37.281618047015755,37.23969468307457,0.2099666166666667,0.27606478897118586,23.699944696659013,24.213906935336038,23.419741589869847,23.21767777581626,23.64537424888645,24.082872748478053,23.702205749819655,23.245943847171713,23.49416073782435,24.06463972038923,23.683581477095345,23.22693474290241,1.0,0.0,1.0,0.0,0.0,23.22693474290241,23.64537424888645,24.06463972038923,19.000499012247108,24.09823154217208,28.375885072503912,7.48284115106728e-17,2.1084782717271055e-16,1.2252301846366592e-16,2.5523734989683224e-15,3.8999406277596035e-14,converged
2025-01-15T17:45:00+08:00,9.75,3.166666666666667,95.00000000000006,2.525,44.4,44.4,39.4,39.4,35.0,55.00000000000001,85.0,34.227754213049835,9.368175008733559,11.785097155490346,13.074482048825928,61.846657282913256,0.7737105937055129,44.2,44.2,44.2,37.022069331843284,37.367705109404525,37.28231038582898,37.24048471957638,0.21430073333333327,0.2760334539578181,23.70299654522547,24.21699519138627,23.4210333174293,23.22085678108964,23.647358701917774,24.084616985354053,23.704359537363327,23.248452639432333,23.495005877055306,24.066372120867108,23.68572397071171,23.229432438929358,1.0,0.0,1.0,0.0,0.0,23.229432438929358,23.647358701917774,24.066372120867108,19.000499012247108,24.09823154217208,28.375885072503912,7.48284115106728e-17,1.0543588119279625e-15,1.2252301846366592e-16,3.9875227840117135e-15,4.5115485271133626e-14,converged
2025-01-15T17:50:00+08:00,9.833333333333334,3.125,86.25,2.51875,44.4,44.4,39.4,39.4,35.0,55.00000000000001,85.0,34.227754213049835,9.368175008733559,11.785097155490346,13.074482048825928,61.846657282913256,0.7737105937055129,44.23998003951012,44.2,44.2,37.04887425701108,37.368318281963404,37.28282205428049,37.24822783139674,0.21863485000000002,0.27616035371557446,23.705587906304423,24.21950908781555,23.42185097865425,23.22369065261434,23.648808598937606,24.085717745018307,23.705979122169346,23.250551255947165,23.49528541628958,24.067461093914485,23.68733230871553,23.23152000492607,1.0,0.0,1.0,0.0,0.0,23.23152000492607,23.648808598937606,24.067461093914485,19.000499012247108,24.09823154217208,28.375885072503912,7.48284115106728e-17,6.3232459109699525e-16,1.2252301846366592e-16,4.232312302447413e-15,7.117364033162808e-14,converged
2025-01-15T17:55:00+08:00,9.916666666666666,3.083333333333333,77.49999999999994,2.5124999999999997,44.4,44.4,39.4,39.4,35.0,55.00000000000001,85.0,34.227754213049835,9.368175008733559,11.785097155490346,13.074482048825928,61.846657282913256,0.7737105937055129,44.4,44.23607073831312,44.2,37.15380593150618,37.392833125628535,37.28315379524204,37.28551527474687,0.2229689666666667,0.276911163981017,23.707860875211317,24.22158354403571,23.422465275570886,23.226300957689215,23.649790267144667,24.086238271709963,23.707124199894988,23.252296131747045,23.495002466355057,24.067909038872546,23.688408383556638,23.2331988248589,1.0,0.0,1.0,0.0,0.0,23.2331988248589,23.649790267144667,24.067909038872546,19.000499012247108,24.09823154217208,28.375885072503912,7.48284115106728e-17,2.102033738064013e-16,1.2252301846366592e-16,2.9652534680791725e-16,5.752538890524439e-14,converged
2025-01-15T18:00:00+08:00,10.0,3.041666666666667,68.75000000000006,2.50625,44.4,44.4,39.4,39.4,35.0,55.00000000000001,85.0,34.227754213049835,9.368175008733559,11.785097155490346,13.074482048825928,61.846657282913256,0.7737105937055129,44.4,44.4,44.264964597099834,37.15429394374315,37.50258157790558,37.32645350677663,37.339976611776684,0.2273030833333333,0.277974018448432,23.70962843840606,24.223041680820902,23.422519171818177,23.228527144962015,23.650532617855657,24.08639587975912,23.708000872326757,23.253883170518634,23.494323375615664,24.067827637243585,23.689057910682337,23.234569166168523,1.0,0.0,1.0,0.0,0.0,23.234569166168523,23.650532617855657,24.067827637243585,19.000499012247108,24.09823154217208,28.375885072503912,7.48284115106728e-17,1.465797518302453e-15,1.2252301846366592e-16,2.1257929262508656e-15,6.075565836141609e-14,converged
2025-01-15T18:05:00+08:00,10.083333333333334,3.0,60.0,2.5,44.6,44.6,39.6,39.6,35.0,55.00000000000001,85.0,34.401499158293745,9.415729196595152,11.844919983690806,13.140849978007788,62.476135744784266,0.7855528988441673,44.4,44.4,44.4,37.183955689783176,37.53108105651378,37.44477410087111,37.40310450565752,0.23163720000000002,0.2789247666539339,23.71091635910272,24.223907614244474,23.4220626160716,23.230391509912916,23.65078045624904,24.085948537754813,23.70837942489883,23.25509385963809,23.49347603049295,24.067369255911903,23.68942588331667,23.235769407757008,1.0,0.0,1.0,0.0,0.0,23.235769407757008,23.65078045624904,24.067369255911903,18.904536896023632,23.9765233020601,28.232572521632672,7.407447766344506e-17,4.173717638038684e-16,0.0,6.1278078693084254e-15,4.1328803987298304e-14,converged
2025-01-15T18:10:00+08:00,10.166666666666666,2.874999999999999,57.499999999999986,2.5208333333333335,44.6,44.6,39.6,39.6,35.0,55.00000000000001,85.0,34.401499158293745,9.415729196595152,11.844919983690806,13.140849978007788,62.476135744784266,0.7855528988441673,44.4,44.4,44.4,37.184118786494274,37.531141861132845,37.44472753876055,37.4031522952784,0.234731525,0.2789228615649035,23.711888754471698,24.224436253093458,23.421144461177683,23.231998321008227,23.650632265049634,24.085089167115104,23.708386043321863,23.255976006720246,23.492134724733877,24.066498884544274,23.68942196002423,23.236641146321226,1.0,0.0,1.0,0.0,0.0,23.236641146321226,23.650632265049634,24.066498884544274,18.904536896023632,23.9765233020601,28.232572521632672,7.407447766344506e-17,8.347492290433551e-16,0.0,5.357508570415128e-15,5.609433096133073e-14,converged
2025-01-15T18:15:00+08:00,10.25,2.750000000000001,55.000000000000014,2.5416666666666665,44.6,44.6,39.6,39.6,35.0,55.00000000000001,85.0,34.401499158293745,9.415729196595152,11.844919983690806,13.140849978007788,62.476135744784266,0.7855528988441673,44.4,44.4,44.4,37.18415578491495,37.5310783522105,37.444546485940776,37.40307139534658,0.23782585,0.2789260865658518,23.712546468067856,24.224628451722033,23.419766984737546,23.23334816856235,23.650089605259435,24.083819306587042,23.708022047280284,23.256530722070412,23.49030217633753,24.06521806011785,23.68904745895941,23.237185490861382,1.0,0.0,1.0,0.0,0.0,23.237185490861382,23.650089605259435,24.06521806011785,18.904536896023632,23.9765233020601,28.232572521632672,7.407447766344506e-17,0.0,0.0,6.5335509133776765e-15,3.608864207048882e-14,converged
2025-01-15T18:20:00+08:00,10.333333333333334,2.625,52.5,2.5625,44.6,44.6,39.6,39.6,35.0,55.00000000000001,85.0,34.401499158293745,9.415729196595152,11.844919983690806,13.140849978007788,62.476135744784266,0.7855528988441673,44.443818524159056,44.4,44.4,37.21269107425477,37.53089098534848,37.444231506399014,37.41069670584164,0.240920175,0.2791002076266393,23.712941903691497,24.224533911759096,23.41803083227405,23.23448583981732,23.64915403172756,24.08214048917113,23.707288751776062,23.25675911224163,23.4879810883473,24.06352831387591,23.688303693604514,23.237403546633782,1.0,0.0,1.0,0.0,0.0,23.237403546633782,23.64915403172756,24.06352831387591,18.904536896023632,23.9765233020601,28.232572521632672,7.407447766344506e-17,2.0855470301667973e-16,0.0,6.569041753404917e-15,6.272357261336071e-14,converged
2025-01-15T18:25:00+08:00,10.416666666666666,2.499999999999999,49.999999999999986,2.5833333333333335,44.6,44.6,39.6,39.6,35.0,55.00000000000001,85.0,34.401499158293745,9.415729196595152,11.844919983690806,13.140849978007788,62.476135744784266,0.7855528988441673,44.6,44.4409390679176,44.4,37.31456618132438,37.557962419539585,37.44378316164364,37.447729852416096,0.2440145,0.27988990684834614,23.713207737409277,24.224278402501835,23.416189179279463,23.23552497721587,23.64790004787521,24.080123358592637,23.70625312902973,23.256724816258576,23.4851741489332,24.06143117134924,23.687191972786312,23.23729641516348,1.0,0.0,1.0,0.0,0.0,23.23729641516348,23.64790004787521,24.06143117134924,18.904536896023632,23.9765233020601,28.232572521632672,7.407447766344506e-17,2.0796627348554694e-16,0.0,2.918741725015429e-15,6.49118840234836e-14,converged
2025-01-15T18:30:00+08:00,10.5,2.375000000000001,47.500000000000014,2.6041666666666665,44.6,44.6,39.6,39.6,35.0,55.00000000000001,85.0,34.401499158293745,9.415729196595152,11.844919983690806,13.140849978007788,62.476135744784266,0.7855528988441673,44.6,44.6,44.47069709913469,37.31433440605788,37.66398275891611,37.49025426137419,37.50192196319327,0.247108825,0.2809893589479376,23.713160778342104,24.22368843924114,23.41389276142018,23.236308452183486,23.646538846544512,24.077968098809222,23.7051052536584,23.256608747323895,23.482061848927035,24.05904719563349,23.685826695520383,23.23697290683488,1.0,0.0,1.0,0.0,0.0,23.23697290683488,23.646538846544512,24.05904719563349,18.904536896023632,23.9765233020601,28.232572521632672,7.407447766344506e-17,6.214576359553772e-16,0.0,2.3624631972162905e-16,5.777364020764815e-14,converged
2025-01-15T18:35:00+08:00,10.583333333333334,2.25,45.0,2.625,45.2,45.2,40.2,40.2,35.0,55.00000000000001,85.0,34.92273399402549,9.558391760179932,12.02438846829219,13.339953765553368,64.38369452670716,0.8218035955806978,44.6,44.6,44.6,37.40149997774113,37.747902259339924,37.66089298151096,37.619855341297395,0.25020315,0.2824730253902439,23.712874526020137,24.222832031116482,23.411284330841113,23.236900566302385,23.644892600476588,24.075504294750022,23.70368479331657,23.256260005846542,23.478942937797868,24.056573829801753,23.684397036882384,23.236615027183866,1.0,0.0,1.0,0.0,0.0,23.236900566302385,23.644892600476588,24.056573829801753,18.622379628918793,23.618664745312916,27.811190842205303,1.0063172078029702e-15,4.121289870638232e-16,0.0,9.013297481153573e-16,3.813316199790128e-14,converged
2025-01-15T18:40:00+08:00,10.666666666666666,2.124999999999999,42.499999999999986,2.6458333333333335,45.2,45.2,40.2,40.2,35.0,55.00000000000001,85.0,34.92273399402549,9.558391760179932,12.02438846829219,13.339953765553368,64.38369452670716,0.8218035955806978,44.6,44.6,44.6,37.40105800423782,37.747370955074416,37.660215650948956,37.61929270713593,0.253297475,0.2824957941123188,23.712276958449394,24.221642694413966,23.408224937591843,23.23723804118345,23.64285779978801,24.072636005276376,23.701898789231805,23.255587994601747,23.47534258918921,24.053696003848184,23.682601861189692,23.235933906848263,1.0,0.0,1.0,0.0,0.0,23.23723804118345,23.64285779978801,24.053696003848184,18.622379628918793,23.618664745312916,27.811190842205303,1.0063172078029702e-15,0.0,0.0,3.901519451970699e-15,5.798023238525578e-14,converged
2025-01-15T18:45:00+08:00,10.75,2.000000000000001,40.000000000000014,2.6666666666666665,45.2,45.2,40.2,40.2,35.0,55.00000000000001,85.0,34.92273399402549,9.558391760179932,12.02438846829219,13.339953765553368,64.38369452670716,0.8218035955806978,44.6,44.6,44.6,37.40049365797409,37.74671901950533,37.65940810033313,37.618605302275284,0.2563918,0.2825236120645462,23.711368909010698,24.22012127352481,23.404716809774715,23.23732146121935,23.640435977953764,24.069364742874942,23.69974854005464,23.254593807459006,23.47126345561463,24.050415228586537,23.680442465642717,23.2349306384575,1.0,0.0,1.0,0.0,0.0,23.23732146121935,23.640435977953764,24.050415228586537,18.622379628918793,23.618664745312916,27.811190842205303,1.0063172078029702e-15,4.1205519417024234e-16,0.0,6.8418620354161785e-15,3.447005564255904e-14,converged
2025-01-15T18:50:00+08:00,10.833333333333334,1.875,37.5,2.6875,45.2,45.2,40.2,40.2,35.0,55.00000000000001,85.0,34.92273399402549,9.558391760179932,12.02438846829219,13.339953765553368,64.38369452670716,0.8218035955806978,44.76531444452975,44.6,44.6,37.50848803650144,37.745946895270315,37.6584708759671,37.64753962702133,0.259486125,0.28318374454314515,23.710346299932777,24.21845343741775,23.401134366361042,23.23731863920713,23.637628662396796,24.06569201437676,23.69723533982194,23.253278534586425,23.466708174973483,24.046733009187086,23.67792014283818,23.233606310947653,1.0,0.0,1.0,0.0,0.0,23.23731863920713,23.637628662396796,24.046733009187086,18.622379628918793,23.618664745312916,27.811190842205303,1.0063172078029702e-15,1.233283944473e-15,0.0,7.022813946354155e-15,5.111495361020347e-14,converged
2025-01-15T18:55:00+08:00,10.916666666666666,1.7499999999999991,34.999999999999986,2.7083333333333335,45.2,45.2,40.2,40.2,35.0,55.00000000000001,85.0,34.92273399402549,9.558391760179932,12.02438846829219,13.339953765553368,64.38369452670716,0.8218035955806978,45.2,44.76576023056245,44.6,37.793653180828336,37.856594936542805,37.657404521752504,37.76327999494648,0.26258045,0.2856242584139106,23.70952664143493,24.21694010613314,23.398082037452333,23.23750176023969,23.634733551454364,24.061899917726162,23.694627051779893,23.251897148221516,23.461679370631437,24.042650845197723,23.67503618078544,23.23196200957395,1.0,0.0,1.0,0.0,0.0,23.23750176023969,23.634733551454364,24.042650845197723,18.622379628918793,23.618664745312916,27.811190842205303,1.0063172078029702e-15,4.0758205368618336e-16,0.0,1.1483910028990697e-16,7.465162934134858e-14,converged
2025-01-15T19:00:00+08:00,11.0,1.6250000000000009,32.500000000000014,2.7291666666666665,45.2,45.2,40.2,40.2,35.0,55.00000000000001,85.0,34.92273399402549,9.558391760179932,12.02438846829219,13.339953765553368,64.38369452670716,0.8218035955806978,45.2,45.2,44.862657098935365,37.793041624819246,38.14799022896796,37.83209253011872,37.930172273713445,0.26567477500000003,0.2889812310925674,23.708397095599334,24.21509551239424,23.394580939072494,23.237431180666523,23.63222917293519,24.058442002498882,23.692354538208896,23.250859961222147,23.456842007852583,24.038613691018636,23.672213167604113,23.23040007334184,1.0,0.0,1.0,0.0,0.0,23.237431180666523,23.63222917293519,24.038613691018636,18.622379628918793,23.618664745312916,27.811190842205303,1.0063172078029702e-15,8.056946908752306e-16,0.0,1.3787907286575656e-15,6.611258379023548e-14,converged
2025-01-15T19:05:00+08:00,11.083333333333334,1.5,30.0,2.75,45.8,45.8,40.8,40.8,35.0,55.00000000000001,85.0,35.4439688297572,9.701054323764705,12.203856952893565,13.539057553098939,66.3199384030951,0.8591527154790645,45.2,45.2,45.2,37.880273505014905,38.23196737169257,38.14257481059232,38.10156176283622,0.2687691,0.2915476036882644,23.707031354550182,24.212987902620487,23.390774220025296,23.237171315523653,23.62944457055368,24.05468078760197,23.689813712375813,23.24959339916539,23.452532066909466,24.034844878898433,23.669664893485457,23.229125952488076,1.0,0.0,1.0,0.0,0.0,23.237171315523653,23.62944457055368,24.034844878898433,18.34852110496411,23.271331440234793,27.40220274158464,1.1164997394531722e-15,5.989518710883209e-16,0.0,7.01844177977796e-16,5.2916394452742693e-14,converged
2025-01-15T19:10:00+08:00,11.166666666666666,1.3749999999999991,27.499999999999982,2.7708333333333335,45.8,45.8,40.8,40.8,35.0,55.00000000000001,85.0,35.4439688297572,9.701054323764705,12.203856952893565,13.539057553098939,66.3199384030951,0.8591527154790645,45.2,45.2,45.2,37.879461524993644,38.231083499088854,38.14153799424879,38.1006391451288,0.271863425,0.29158549751402285,23.705357193161916,24.210550544932843,23.386522484815888,23.236658767543464,23.626275920688027,24.050519956941777,23.68691133499198,23.24800667898408,23.44774728213809,24.03067646411166,23.666755084283288,23.22753169409947,1.0,0.0,1.0,0.0,0.0,23.236658767543464,23.626275920688027,24.03067646411166,18.34852110496411,23.271331440234793,27.40220274158464,1.1164997394531722e-15,0.0,0.0,1.4955542596661093e-16,5.6817646807732275e-14,converged
2025-01-15T19:15:00+08:00,11.25,1.2500000000000009,25.000000000000018,2.7916666666666665,45.8,45.8,40.8,40.8,35.0,55.00000000000001,85.0,35.4439688297572,9.701054323764705,12.203856952893565,13.539057553098939,66.3199384030951,0.8591527154790645,45.2,45.2,45.2,37.87852995612357,38.230081767458685,38.140374037570155,38.099594649621714,0.27495775,0.29162839711418576,23.703375438109973,24.207784276713355,23.38182793503512,23.23589411736228,23.62272474089016,24.045961006634663,23.683648692105745,23.246100885351936,23.442490273012975,24.026109941183396,23.66348502466156,23.2256183816617,1.0,0.0,1.0,0.0,0.0,23.23589411736228,23.62272474089016,24.026109941183396,18.34852110496411,23.271331440234793,27.40220274158464,1.1164997394531722e-15,1.9959531201166417e-16,0.0,3.3357838928735985e-16,4.280306525339901e-14,converged
2025-01-15T19:20:00+08:00,11.333333333333334,1.125,22.5,2.8125,45.8,45.8,40.8,40.8,35.0,55.00000000000001,85.0,35.4439688297572,9.701054323764705,12.203856952893565,13.539057553098939,66.3199384030951,0.8591527154790645,45.39817746740431,45.2,45.2,38.00857357445768,38.2289626097801,38.13908347444,38.13430941768609,0.278052075,0.29243039631771056,23.701321442444485,24.204912123380662,23.37714017552112,23.235078981516107,23.618792542715447,24.0410054271957,23.68002706519095,23.243877099267888,23.436763644558326,24.021146799049152,23.65985599471936,23.223387094993466,1.0,0.0,1.0,0.0,0.0,23.235078981516107,23.618792542715447,24.021146799049152,18.34852110496411,23.271331440234793,27.40220274158464,1.1164997394531722e-15,3.9809583166742887e-16,0.0,1.3056917335864396e-15,7.069074762288698e-14,converged
2025-01-15T19:25:00+08:00,11.416666666666666,0.9999999999999991,19.999999999999982,2.8333333333333335,45.8,45.8,40.8,40.8,35.0,55.00000000000001,85.0,35.4439688297572,9.701054323764705,12.203856952893565,13.539057553098939,66.3199384030951,0.8591527154790645,45.8,45.407440227171826,45.2,38.27341930028684,38.36813224637202,38.13766683639237,38.25417492110042,0.2811464,0.29495790482044815,23.69943576121951,24.20216210173335,23.372916684252903,23.23441959117407,23.61485244103371,24.036006767142652,23.6763822024083,23.24165495145351,23.43056998742773,24.015788521075777,23.655869270007127,23.22083891025888,1.0,0.0,1.0,0.0,0.0,23.23441959117407,23.61485244103371,24.015788521075777,18.34852110496411,23.271331440234793,27.40220274158464,1.1164997394531722e-15,1.9734226464925758e-16,0.0,4.859673636504718e-15,7.920968288104653e-14,converged
2025-01-15T19:30:00+08:00,11.5,0.8750000000000009,17.500000000000018,2.8541666666666665,45.8,45.8,40.8,40.8,35.0,55.00000000000001,85.0,35.4439688297572,9.701054323764705,12.203856952893565,13.539057553098939,66.3199384030951,0.8591527154790645,45.8,45.8,45.511735671009845,38.27244587947678,38.63269947223181,38.346114492198424,38.42462654880733,0.28424072499999997,0.2983993552366737,23.697243053278726,24.199083963552198,23.368250238684464,23.23350843605803,23.611234700364744,24.03127812089187,23.673011541749926,23.239717691274567,23.424699987601745,24.0105642785464,23.6520274547254,23.21845238117283,1.0,0.0,1.0,0.0,0.0,23.23350843605803,23.611234700364744,24.0105642785464,18.34852110496411,23.271331440234793,27.40220274158464,1.1164997394531722e-15,0.0,0.0,6.3861185947303295e-15,4.7934873001794075e-14,converged
2025-01-15T19:35:00+08:00,11.583333333333334,0.75,15.0,2.875,46.4,46.4,41.4,41.4,35.0,55.00000000000001,85.0,35.965203665488936,9.843716887349482,12.38332543749494,13.738161340644512,68.28486737394803,0.8976166529148177,45.8,45.8,45.8,38.35974224543072,38.716732489056305,38.62496539107437,38.58397021883409,0.28733505,0.3007358228547127,23.69481719073361,24.195746181563834,23.36328436190028,23.232410032253327,23.607341431454618,24.026251295428164,23.669376740179832,23.237554272366665,23.41924200571644,24.005531749255308,23.648386896119845,23.216282934745802,1.0,0.0,1.0,0.0,0.0,23.232410032253327,23.607341431454618,24.005531749255308,18.082600509239988,22.93406576718791,27.0050693685182,1.016598691562592e-15,1.9355080602282585e-16,1.1660403206445493e-16,2.870253375275703e-15,5.756454593165175e-14,converged
2025-01-15T19:40:00+08:00,11.666666666666666,0.6249999999999991,12.499999999999982,2.8958333333333335,46.4,46.4,41.4,41.4,35.0,55.00000000000001,85.0,35.965203665488936,9.843716887349482,12.38332543749494,13.738161340644512,68.28486737394803,0.8976166529148177,45.8,45.8,45.8,38.3585776718039,38.71551306107973,38.62358748529952,38.58270526844402,0.290429375,0.3007885410263341,23.692085757871762,24.192081786598862,23.35787923622702,23.23106087594498,23.60306851528533,24.020829615977263,23.665384294639093,23.235073743264703,23.413315551706063,24.00010436735329,23.644388700166566,23.21379639051211,1.0,0.0,1.0,0.0,0.0,23.23106087594498,23.60306851528533,24.00010436735329,18.082600509239988,22.93406576718791,27.0050693685182,1.016598691562592e-15,7.740675321586977e-16,1.1660403206445493e-16,2.9032884087587587e-15,4.074799363811809e-14,converged
2025-01-15T19:45:00+08:00,11.75,0.5000000000000009,10.000000000000018,2.9166666666666665,46.4,46.4,41.4,41.4,35.0,55.00000000000001,85.0,35.965203665488936,9.843716887349482,12.38332543749494,13.738161340644512,68.28486737394803,0.8976166529148177,45.8,45.8,45.8,38.35729619732418,38.714178452204685,38.62208540751455,38.58132123193398,0.2935237,0.3008462222404272,23.689049574738046,24.18809160909963,23.352037037483914,23.22946154404325,23.598417453818158,24.01501456259866,23.661035478800606,23.232277179603308,23.406923213058406,23.99428361138734,23.640034139217615,23.210993822968735,1.0,0.0,1.0,0.0,0.0,23.22946154404325,23.598417453818158,23.99428361138734,18.082600509239988,22.93406576718791,27.0050693685182,1.016598691562592e-15,5.804393402050063e-16,1.1660403206445493e-16,2.724142202713417e-15,5.549799667872066e-14,converged
2025-01-15T19:50:00+08:00,11.833333333333334,0.375,7.5,2.9375,46.4,46.4,41.4,41.4,35.0,55.00000000000001,85.0,35.965203665488936,9.843716887349482,12.38332543749494,13.738161340644512,68.28486737394803,0.8976166529148177,46.0300879388912,45.8,45.8,38.509018826680965,38.71272908605881,38.62045967961911,38.62172784654745,0.296618025,0.30178679774611383,23.68598249290467,24.1840351479424,23.346280769946894,23.227846658265122,23.59338974307231,24.00880760980404,23.656331561801355,23.22916565336856,23.40006756296992,23.98807095436794,23.63532448109845,23.20787630297169,1.0,0.0,1.0,0.0,0.0,23.227846658265122,23.59338974307231,23.98807095436794,18.082600509239988,22.93406576718791,27.0050693685182,1.016598691562592e-15,1.1572605829318513e-15,1.1660403206445493e-16,3.703429859235464e-15,3.721129521251009e-14,converged
2025-01-15T19:55:00+08:00,11.916666666666666,0.2499999999999991,4.999999999999982,2.9583333333333335,46.4,46.4,41.4,41.4,35.0,55.00000000000001,85.0,35.965203665488936,9.843716887349482,12.38332543749494,13.738161340644512,68.28486737394803,0.8976166529148177,46.4,46.04791210793744,45.8,38.75389263893594,38.879920836996725,38.618710821213874,38.74564851959055,0.29971234999999996,0.3043992336104629,23.683049928144136,24.180069236395703,23.34092444495086,23.22635805082601,23.58843210116095,24.00263203971323,23.651674546278254,23.226121901559473,23.39275116042466,23.981467863789817,23.63026098912404,23.204444897748356,1.0,0.0,1.0,0.0,0.0,23.226121901559473,23.58843210116095,23.981467863789817,18.082600509239988,22.93406576718791,27.0050693685182,1.016598691562592e-15,5.736643311128232e-16,1.1660403206445493e-16,3.3927502238530046e-15,6.567534520418565e-14,converged
2025-01-15T20:00:00+08:00,12.0,0.1250000000000009,2.5000000000000178,2.9791666666666665,46.4,46.4,41.4,41.4,35.0,55.00000000000001,85.0,35.965203665488936,9.843716887349482,12.38332543749494,13.738161340644512,68.28486737394803,0.8976166529148177,46.4,46.4,46.159391675777805,38.75257443095419,39.11813663261785,38.860329728601464,38.91960352471684,0.30280667499999997,0.30792319473612906,23.679813152880065,24.175778308947287,23.335130805150843,23.224619588630944,23.58373008932765,23.996663862123018,23.647231646080094,23.22330515619911,23.385887375092846,23.97508570496343,23.625424362799606,23.2012525472214,1.0,0.0,1.0,0.0,0.0,23.22330515619911,23.58373008932765,23.97508570496343,18.082600509239988,22.93406576718791,27.0050693685182,1.016598691562592e-15,1.8903305080134587e-16,1.1660403206445493e-16,2.0188070128757442e-15,5.688473863919144e-14,converged
2025-01-15T20:05:00+08:00,12.083333333333334,0.0,0.0,3.0,47.0,47.0,42.0,42.0,35.0,55.00000000000001,85.0,36.486438501220654,9.986379450934255,12.562793922096315,13.937265128190083,70.27848143926599,0.9372118022635072,46.4,46.4,46.4,38.839933019081904,39.20222333374789,39.108097264781236,39.06710933701865,0.305901,0.31003520041815547,23.676346206995287,24.171231053872553,23.32904372543556,23.22269587700994,23.578757121931396,23.990402503529015,23.642528676692102,23.22026538894129,23.37932290728824,23.968820467310977,23.620717270788283,23.198208237017607,1.0,0.0,1.0,0.0,0.0,23.22026538894129,23.578757121931396,23.968820467310977,17.82427764482228,22.606436256228086,26.619282663253657,9.219097848627621e-16,3.754906593506845e-16,0.0,2.820111299158594e-16,6.268320260170639e-14,converged
2025-01-15T20:10:00+08:00,12.166666666666666,-0.08333333333333393,0.0,3.0069444444444446,47.0,47.0,42.0,42.0,35.0,55.00000000000001,85.0,36.486438501220654,9.986379450934255,12.562793922096315,13.937265128190083,70.27848143926599,0.9372118022635072,46.4,46.4,46.4,38.83846628733419,39.200717410139745,39.106430494292695,39.06555269920261,0.30726858333333334,0.31010101518881755,23.672763744354416,24.166577104201455,23.322762393788853,23.220669577202123,23.573623653798354,23.98399391073637,23.637680265330182,23.217081445597955,23.372545431744324,23.962407986033618,23.61586473431991,23.19501975548579,1.0,0.0,1.0,0.0,0.0,23.217081445597955,23.573623653798354,23.962407986033618,17.82427764482228,22.606436256228086,26.619282663253657,9.219097848627621e-16,0.0,0.0,6.506672374912851e-17,4.0770980886459824e-14,converged
2025-01-15T20:15:00+08:00,12.25,-0.16666666666666607,0.0,3.013888888888889,47.0,47.0,42.0,42.0,35.0,55.00000000000001,85.0,36.486438501220654,9.986379450934255,12.562793922096315,13.937265128190083,70.27848143926599,0.9372118022635072,46.4,46.4,46.4,38.83695275255233,39.19916440520264,39.104711675490485,39.06394715891452,0.3086361666666666,0.310168897559887,23.669066075336165,24.161816731539773,23.31628777362795,23.21854092551686,23.568330320642403,23.97743863627728,23.63268693055916,23.213753815783456,23.365556126357745,23.955848813142882,23.610867271446274,23.19168759173138,1.0,0.0,1.0,0.0,0.0,23.213753815783456,23.568330320642403,23.955848813142882,17.82427764482228,22.606436256228086,26.619282663253657,9.219097848627621e-16,3.753288055081586e-16,0.0,4.456168868305893e-15,4.956811254641789e-14,converged
2025-01-15T20:20:00+08:00,12.333333333333334,-0.25,0.0,3.0208333333333335,47.0,47.0,42.0,42.0,35.0,55.00000000000001,85.0,36.486438501220654,9.986379450934255,12.562793922096315,13.937265128190083,70.27848143926599,0.9372118022635072,46.66108668262133,46.4,46.4,39.01015966755016,39.197564491984934,39.10294102939451,39.11012685476241,0.31000375,0.31123773899521506,23.665564148149954,24.157244505128375,23.31021336277915,23.216576441694794,23.56287775565948,23.970737230610435,23.627549189094953,23.21028298744944,23.35835616251159,23.949143498580817,23.605725398373945,23.188212233200495,1.0,0.0,1.0,0.0,0.0,23.21028298744944,23.56287775565948,23.949143498580817,17.82427764482228,22.606436256228086,26.619282663253657,9.219097848627621e-16,0.0,0.0,3.3153389216007587e-15,7.282835174569573e-14,converged
2025-01-15T20:25:00+08:00,12.416666666666666,-0.3333333333333339,0.0,3.0277777777777777,47.0,47.0,42.0,42.0,35.0,55.00000000000001,85.0,36.486438501220654,9.986379450934255,12.562793922096315,13.937265128190083,70.27848143926599,0.9372118022635072,47.0,46.68722764925263,46.4,39.23563808648129,39.392517842853024,39.1011187760398,39.23826966027436,0.3113713333333334,0.31392314436489255,23.66234949224537,24.152947186075455,23.30471189512277,23.214854725132206,23.55778368644783,23.96438014789752,23.6227329872277,23.207112732947593,23.350946705111397,23.94229259022776,23.600439629470834,23.184594165685578,1.0,0.0,1.0,0.0,0.0,23.207112732947593,23.55778368644783,23.94229259022776,17.82427764482228,22.606436256228086,26.619282663253657,9.219097848627621e-16,7.416804011851893e-16,0.0,2.0342385843281255e-15,6.259573684313675e-14,converged
2025-01-15T20:30:00+08:00,12.5,-0.4166666666666661,0.0,3.0347222222222223,47.0,47.0,42.0,42.0,35.0,55.00000000000001,85.0,36.486438501220654,9.986379450934255,12.562793922096315,13.937265128190083,70.27848143926599,0.9372118022635072,47.0,47.0,46.805686080409565,39.23429374562625,39.60514234474766,39.375642551636055,39.41597523015235,0.31273891666666664,0.31751493301204653,23.659018641713853,24.148542536179626,23.29901327111728,23.21302995509215,23.55309156505538,23.958408664014446,23.618277667526634,23.204280635045407,23.344359522012308,23.935986794984704,23.595666171905272,23.18145838026829,1.0,0.0,1.0,0.0,0.0,23.204280635045407,23.55309156505538,23.935986794984704,17.82427764482228,22.606436256228086,26.619282663253657,9.219097848627621e-16,1.833225932440129e-16,0.0,6.881061377149233e-15,5.2475588361181474e-14,converged
2025-01-15T20:35:00+08:00,12.583333333333334,-0.5,0.0,3.0416666666666665,47.4,47.4,42.2,42.2,35.0,55.00000000000001,85.0,36.66018344646455,10.033933638795842,12.622616750296771,14.003633057371939,70.94939392647537,0.9506643994006087,47.0,47.0,47.0,39.26284919493424,39.63257305730952,39.53556676762448,39.49432428961963,0.3141065,0.3188517115160491,23.655596569236135,24.14405370343945,23.293166205310637,23.211123913818817,23.54827336465881,23.95232194449329,23.61370792082474,23.201334574236988,23.338102914726676,23.929897289364785,23.591093238283545,23.178508589733966,1.0,0.0,1.0,0.0,0.0,23.201334574236988,23.54827336465881,23.929897289364785,17.739802395320755,22.499296747904733,26.493124925513122,1.30456001541641e-16,3.6510803493389803e-16,1.1439352908692974e-16,5.459498479990831e-15,4.758044059122373e-14,converged
2025-01-15T20:40:00+08:00,12.666666666666666,-0.5833333333333339,0.0,3.048611111111111,47.4,47.4,42.2,42.2,35.0,55.00000000000001,85.0,36.66018344646455,10.033933638795842,12.622616750296771,14.003633057371939,70.94939392647537,0.9506643994006087,47.0,47.0,47.0,39.261426726413234,39.63111633715459,39.53396356716011,39.492820990923036,0.3154740833333334,0.3189155737692055,23.65205886310963,24.1394580319273,23.287123709165353,23.20911524542828,23.543294057945385,23.94608734424314,23.608992263484442,23.19824402304254,23.331631611054668,23.923659890239097,23.586374388749594,23.175414311174393,1.0,0.0,1.0,0.0,0.0,23.19824402304254,23.543294057945385,23.923659890239097,17.739802395320755,22.499296747904733,26.493124925513122,1.30456001541641e-16,3.650349227259214e-16,1.1439352908692974e-16,4.527056550614918e-15,4.199557315959414e-14,converged
2025-01-15T20:45:00+08:00,12.75,-0.6666666666666661,0.0,3.0555555555555554,47.4,47.4,42.2,42.2,35.0,55.00000000000001,85.0,36.66018344646455,10.033933638795842,12.622616750296771,14.003633057371939,70.94939392647537,0.9506643994006087,47.0,47.0,47.0,39.259957465199285,39.62961256081039,39.53230826797513,39.49126878198607,0.31684166666666663,0.3189815137984953,23.648405834149123,24.13475579372278,23.28088675233571,23.207004186412426,23.538154283271215,23.939705418434375,23.60413121594024,23.195009472331176,23.324946798694096,23.917275152269486,23.581510143235025,23.172176034958568,1.0,0.0,1.0,0.0,0.0,23.195009472331176,23.538154283271215,23.917275152269486,17.739802395320755,22.499296747904733,26.493124925513122,1.30456001541641e-16,1.8247973125564236e-16,1.1439352908692974e-16,7.254862658791478e-16,4.896540377853386e-14,converged
2025-01-15T20:50:00+08:00,12.833333333333334,-0.75,0.0,3.0625,47.4,47.4,42.2,42.2,35.0,55.00000000000001,85.0,36.66018344646455,10.033933638795842,12.622616750296771,14.003633057371939,70.94939392647537,0.9506643994006087,47.18081580837434,47.0,47.0,39.37970793458411,39.628061901305706,39.530601091501424,39.52285859143625,0.31820925,0.31974191757119247,23.64485311163485,24.130151253448773,23.274867010413008,23.204975548155947,23.532854676463042,23.933176720153174,23.599125296770346,23.1916314113044,23.31804965877244,23.910743628037586,23.57650101981881,23.168794249791265,1.0,0.0,1.0,0.0,0.0,23.1916314113044,23.532854676463042,23.910743628037586,17.739802395320755,22.499296747904733,26.493124925513122,1.30456001541641e-16,7.281830465723296e-16,1.1439352908692974e-16,9.94749342634813e-16,1.0318592960834482e-13,converged
2025-01-15T20:55:00+08:00,12.916666666666666,-0.8333333333333339,0.0,3.0694444444444446,47.4,47.4,42.2,42.2,35.0,55.00000000000001,85.0,36.66018344646455,10.033933638795842,12.622616750296771,14.003633057371939,70.94939392647537,0.9506643994006087,47.4,47.20005626016762,47.0,39.525293552938976,39.763645308997106,39.528842258183325,39.60871696621837,0.31957683333333337,0.3215692457968864,23.64144576481995,24.125687133783536,23.269149320223914,23.203068048954723,23.52775632080319,23.926843297171356,23.594299459880087,23.188419328433014,23.310941365883203,23.90406586805262,23.571347534733885,23.165269442718664,1.0,0.0,1.0,0.0,0.0,23.188419328433014,23.52775632080319,23.90406586805262,17.739802395320755,22.499296747904733,26.493124925513122,1.30456001541641e-16,5.430338411487888e-16,1.1439352908692974e-16,3.594181298151988e-15,7.514355644307529e-14,converged
2025-01-15T21:00:00+08:00,13.0,-0.9166666666666661,0.0,3.076388888888889,47.4,47.4,42.2,42.2,35.0,55.00000000000001,85.0,36.66018344646455,10.033933638795842,12.622616750296771,14.003633057371939,70.94939392647537,0.9506643994006087,47.4,47.4,47.28055000595895,39.523890048220885,39.89926212710933,39.71852314864885,39.727482821308946,0.3209444166666666,0.3240010274370196,23.63792274477476,24.121116112411087,23.263235557781407,23.20105792599592,23.52285750171842,23.9207035830568,23.589652301680946,23.185371961026252,23.304336357577668,23.897720081880387,23.56650401032414,23.162034322935625,1.0,0.0,1.0,0.0,0.0,23.185371961026252,23.52285750171842,23.897720081880387,17.739802395320755,22.499296747904733,26.493124925513122,1.30456001541641e-16,5.389581141817399e-16,1.1439352908692974e-16,2.4213522303134103e-15,4.925318266555015e-14,converged
2025-01-15T21:05:00+08:00,13.083333333333334,-1.0,0.0,3.0833333333333335,47.8,47.8,42.4,42.4,35.0,55.00000000000001,85.0,36.833928391708454,10.081487826657433,12.682439578497227,14.070000986553792,71.623493646403,0.9642451155466352,47.4,47.4,47.4,39.552699782659595,39.92693958801054,39.827866290097525,39.78666523588804,0.322312,0.3249580412160375,23.63430926136315,24.116461572569886,23.257174910560682,23.198967153548114,23.517833781973707,23.9144496225891,23.584891722422697,23.18221164937117,23.297873136579586,23.89146413993793,23.561740957036402,23.158870926149056,1.0,0.0,1.0,0.0,0.0,23.18221164937117,23.517833781973707,23.89146413993793,17.656124082135285,22.393167989659904,26.368157355109766,1.938422807705834e-16,3.5824724137089437e-16,0.0,1.3827315399555302e-16,4.627215193141691e-14,converged
2025-01-15T21:10:00+08:00,13.166666666666666,-1.083333333333334,0.0,3.0902777777777777,47.8,47.8,42.4,42.4,35.0,55.00000000000001,85.0,36.833928391708454,10.081487826657433,12.682439578497227,14.070000986553792,71.623493646403,0.9642451155466352,47.4,47.4,47.4,39.55121924392027,39.925427471895574,39.826207739919134,39.78510582694918,0.32367958333333335,0.32502460107317316,23.630580662647777,24.111700620625964,23.250919905014037,23.19677418159793,23.512649777917474,23.90804841825412,23.579985919726553,23.17890757935718,23.291196376277163,23.88506093779238,23.556832671879587,23.15556377049037,1.0,0.0,1.0,0.0,0.0,23.17890757935718,23.512649777917474,23.88506093779238,17.656124082135285,22.393167989659904,26.368157355109766,1.938422807705834e-16,8.95434695116556e-16,0.0,2.0205221304922626e-16,4.942241809915912e-14,converged
2025-01-15T21:15:00+08:00,13.25,-1.166666666666666,0.0,3.0972222222222223,47.8,47.8,42.4,42.4,35.0,55.00000000000001,85.0,36.833928391708454,10.081487826657433,12.682439578497227,14.070000986553792,71.623493646403,0.9642451155466352,47.4,47.4,47.4,39.54969232075283,39.923868708229605,39.82449754875641,39.78349793506069,0.3250471666666666,0.3250932303157797,23.6267372581706,24.10683352767785,23.244471505864045,23.194479245743562,23.507306124889187,23.901500523040603,23.574935411772014,23.175460239551434,23.284307258424164,23.87851102794169,23.551779672545866,23.152113344040604,1.0,0.0,1.0,0.0,0.0,23.175460239551434,23.507306124889187,23.87851102794169,17.656124082135285,22.393167989659904,26.368157355109766,1.938422807705834e-16,8.952456631737198e-16,0.0,4.848280485134589e-15,4.0585364315635083e-14,converged
2025-01-15T21:20:00+08:00,13.333333333333334,-1.25,0.0,3.1041666666666665,47.8,47.8,42.4,42.4,35.0,55.00000000000001,85.0,36.833928391708454,10.081487826657433,12.682439578497227,14.070000986553792,71.623493646403,0.9642451155466352,47.587510073429186,47.4,47.4,39.67411312493031,39.9222634686039,39.82273593616517,39.816326433948454,0.32641475,0.3258825717502802,23.623002839138845,24.102072291425557,23.238256946448534,23.192274154734484,23.501803455709926,23.894806487860503,23.569740714889637,23.17187011686067,23.277206958234377,23.87181496081093,23.546582474882054,23.148520133223688,1.0,0.0,1.0,0.0,0.0,23.17187011686067,23.501803455709926,23.87181496081093,17.656124082135285,22.393167989659904,26.368157355109766,1.938422807705834e-16,3.572308921022707e-16,0.0,5.177817872784705e-15,6.37105296899779e-14,converged
2025-01-15T21:25:00+08:00,13.416666666666666,-1.333333333333334,0.0,3.111111111111111,47.8,47.8,42.4,42.4,35.0,55.00000000000001,85.0,36.833928391708454,10.081487826657433,12.682439578497227,14.070000986553792,71.623493646403,0.9642451155466352,47.8,47.608546560827214,47.4,39.81542327391351,40.063870478486294,39.82092312072172,39.90306799853064,0.3277823333333334,0.3277274345637445,23.619406543825463,24.097444542404332,23.23233065334568,23.19018397228362,23.496518445733784,23.88832313416099,23.56474081913588,23.168460068520684,23.269896644417802,23.864973284760055,23.54124159289618,23.144784622812082,1.0,0.0,1.0,0.0,0.0,23.168460068520684,23.496518445733784,23.864973284760055,17.656124082135285,22.393167989659904,26.368157355109766,1.938422807705834e-16,1.776099733333303e-16,0.0,1.4300962994586817e-15,5.168297786120383e-14,converged
2025-01-15T21:30:00+08:00,13.5,-1.416666666666666,0.0,3.1180555555555554,47.8,47.8,42.4,42.4,35.0,55.00000000000001,85.0,36.833928391708454,10.081487826657433,12.682439578497227,14.070000986553792,71.623493646403,0.9642451155466352,47.8,47.8,47.69054741159122,39.813962701371636,40.19384827283007,40.01773398807416,40.022600181739605,0.32914991666666665,0.3301762558038478,23.615695086989977,24.092710313027325,23.226209335032948,23.18799158897027,23.491418725489694,23.882019854741436,23.55990673205109,23.165202556607095,23.263116738187573,23.858481623018086,23.53622789393467,23.141355280891815,1.0,0.0,1.0,0.0,0.0,23.165202556607095,23.491418725489694,23.858481623018086,17.656124082135285,22.393167989659904,26.368157355109766,1.938422807705834e-16,1.7629269182835365e-16,0.0,1.0274120470740307e-16,5.103637834922127e-14,converged
2025-01-15T21:35:00+08:00,13.583333333333334,-1.5,0.0,3.125,48.2,48.2,42.6,42.6,35.0,55.00000000000001,85.0,37.007673336952365,10.129042014519026,12.742262406697687,14.136368915735652,72.30078059904899,0.9779545579006828,47.8,47.8,47.8,39.843024618960165,40.221770399729465,40.120642912275265,40.079478087849644,0.3305175,0.3310874844680591,23.611893912126508,24.087893218100422,23.2199426450902,23.185719168176956,23.48619525525697,23.875603295606968,23.554960207980045,23.161833098060466,23.256454982096667,23.852063868396158,23.531279592513393,23.137983367275346,1.0,0.0,1.0,0.0,0.0,23.161833098060466,23.48619525525697,23.852063868396158,17.573231480810705,22.288035745576995,26.24436318912333,6.400881267644647e-17,7.032299756904023e-16,1.581516794159763e-16,9.297584296396243e-16,3.704185387982904e-14,converged
2025-01-15T21:40:00+08:00,13.666666666666666,-1.583333333333334,0.0,3.1319444444444446,48.2,48.2,42.6,42.6,35.0,55.00000000000001,85.0,37.007673336952365,10.129042014519026,12.742262406697687,14.136368915735652,72.30078059904899,0.9779545579006828,47.8,47.8,47.8,39.84148807556121,40.220204910200586,40.11893124139991,40.07786468185598,0.3318850833333334,0.33115667390083914,23.60797813066626,24.082970129995726,23.213482632146878,23.183344968700936,23.48081230039332,23.869040112424845,23.549869130684126,23.158320596344105,23.24958079982252,23.845499469920593,23.52618672635632,23.134468407171784,1.0,0.0,1.0,0.0,0.0,23.158320596344105,23.48081230039332,23.845499469920593,17.573231480810705,22.288035745576995,26.24436318912333,6.400881267644647e-17,1.2303953340112328e-15,1.581516794159763e-16,1.2638024998504971e-15,5.5871349810861443e-14,converged
2025-01-15T21:45:00+08:00,13.75,-1.666666666666666,0.0,3.138888888888889,48.2,48.2,42.6,42.6,35.0,55.00000000000001,85.0,37.007673336952365,10.129042014519026,12.742262406697687,14.136368915735652,72.30078059904899,0.9779545579006828,47.8,47.8,47.8,39.83990554663307,40.21859317290303,40.11716837618284,40.076203210353135,0.33325266666666664,0.331227924578792,23.60394805090224,24.077941318848723,23.206830256168594,23.180869225260864,23.475270493305633,23.86233085606268,23.544634016144993,23.154665537777046,23.242495367409532,23.838788977985537,23.520949810973,23.130810886427728,1.0,0.0,1.0,0.0,0.0,23.154665537777046,23.475270493305633,23.838788977985537,17.573231480810705,22.288035745576995,26.24436318912333,6.400881267644647e-17,1.4058636146088838e-15,1.581516794159763e-16,6.161082451149053e-15,5.73895536394243e-14,converged
2025-01-15T21:50:00+08:00,13.833333333333334,-1.75,0.0,3.1458333333333335,48.2,48.2,42.6,42.6,35.0,55.00000000000001,85.0,37.007673336952365,10.129042014519026,12.742262406697687,14.136368915735652,72.30078059904899,0.9779545579006828,47.994141481535145,47.8,47.8,39.968971548656626,40.21693535802153,40.11535453435095,40.11026505196456,0.33462025,0.33204593418412237,23.600035563056583,24.073026455845294,23.20042818784325,23.178490690074995,23.4695704638931,23.855476075318478,23.53925537850252,23.150868407024927,23.235199854391222,23.831932940919355,23.51556936003471,23.127011289239633,1.0,0.0,1.0,0.0,0.0,23.150868407024927,23.4695704638931,23.831932940919355,17.573231480810705,22.288035745576995,26.24436318912333,6.400881267644647e-17,3.506000521071928e-16,1.581516794159763e-16,6.2132399005273014e-15,6.126096941400945e-14,converged
2025-01-15T21:55:00+08:00,13.916666666666666,-1.833333333333334,0.0,3.1527777777777777,48.2,48.2,42.6,42.6,35.0,55.00000000000001,85.0,37.007673336952365,10.129042014519026,12.742262406697687,14.136368915735652,72.30078059904899,0.9779545579006828,48.2,48.016957140353846,47.8,40.106031589300784,40.36453189838307,40.11348993265949,40.19788585511229,0.3359878333333334,0.3339081453986546,23.59625399704006,24.068238195501113,23.19430067881941,23.176220877278695,23.464104357465022,23.84884724965875,23.534086134135578,23.147265325527744,23.22769542382628,23.824931904992393,23.510045885380997,23.123070098159413,1.0,0.0,1.0,0.0,0.0,23.147265325527744,23.464104357465022,23.824931904992393,17.573231480810705,22.288035745576995,26.24436318912333,6.400881267644647e-17,3.4864474985462237e-16,1.581516794159763e-16,3.3341103390649908e-15,5.100069655738756e-14,converged
2025-01-15T22:00:00+08:00,14.0,-1.916666666666666,0.0,3.1597222222222223,48.2,48.2,42.6,42.6,35.0,55.00000000000001,85.0,37.007673336952365,10.129042014519026,12.742262406697687,14.136368915735652,72.30078059904899,0.9779545579006828,48.2,48.2,48.10045094487013,40.10451598054104,40.488904928432966,40.317390562181636,40.31818135710045,0.33735541666666663,0.33637382671610405,23.592357771678746,24.063343868490975,23.18797915567756,23.173849279785212,23.458809389618963,23.842384958304493,23.529069917434636,23.14380268548176,23.22074827622299,23.81829877082249,23.504866669959256,23.119451416975302,1.0,0.0,1.0,0.0,0.0,23.14380268548176,23.458809389618963,23.81829877082249,17.573231480810705,22.288035745576995,26.24436318912333,6.400881267644647e-17,6.921782408783434e-16,1.581516794159763e-16,2.3651925726506046e-15,7.28126403864009e-14,converged
2025-01-15T22:05:00+08:00,14.083333333333334,-2.0,0.0,3.1666666666666665,48.6,48.6,42.8,42.8,35.0,55.00000000000001,85.0,37.18141828219627,10.176596202380617,12.802085234898144,14.202736844917508,72.98125478441332,0.9917933336618455,48.2,48.2,48.2,40.13382794486554,40.51706960850327,40.41390182345509,40.37276740572121,0.338723,0.33723955976171033,23.58837256058428,24.05836731756351,23.181513731309938,23.171398247216146,23.453391795359845,23.835810331683298,23.52394222636764,23.140229075753382,23.213895789577183,23.811723716537124,23.49973788242164,23.11587596807622,1.0,0.0,1.0,0.0,0.0,23.140229075753382,23.453391795359845,23.811723716537124,17.491113576694765,22.183886045831308,26.121725977959205,1.2682399433652287e-16,1.7260033477269476e-16,0.0,8.210433767581458e-16,4.8340198358097786e-14,converged
2025-01-15T22:10:00+08:00,14.166666666666666,-2.083333333333334,0.0,3.173611111111111,48.6,48.6,42.8,42.8,35.0,55.00000000000001,85.0,37.18141828219627,10.176596202380617,12.802085234898144,14.202736844917508,72.98125478441332,0.9917933336618455,48.2,48.2,48.2,40.13223739886017,40.515452708109144,40.412139187209256,40.37110204967205,0.34009058333333336,0.3373113123171765,23.584273242118933,24.053285184761037,23.17485598367074,23.168845850083606,23.44781549435818,23.829089684185156,23.518670635668677,23.13651312154893,23.20683194736584,23.80500261818522,23.49446518073703,23.112158168647618,1.0,0.0,1.0,0.0,0.0,23.13651312154893,23.44781549435818,23.80500261818522,17.491113576694765,22.183886045831308,26.121725977959205,1.2682399433652287e-16,1.7256361938651582e-16,0.0,8.208772148294932e-16,4.135758359531189e-14,converged
2025-01-15T22:15:00+08:00,14.25,-2.166666666666666,0.0,3.1805555555555554,48.6,48.6,42.8,42.8,35.0,55.00000000000001,85.0,37.18141828219627,10.176596202380617,12.802085234898144,14.202736844917508,72.98125478441332,0.9917933336618455,48.2,48.2,48.2,40.1306012571274,40.513789951101465,40.410325792503436,40.3693890359833,0.3414581666666666,0.33738511822179185,23.580060123350236,24.04809773927377,23.168006868138246,23.166192322240686,23.442081116170407,23.822223564615683,23.513255659177542,23.1326553069921,23.199557920150976,23.79813602411584,23.48904907828797,23.10829850235412,1.0,0.0,1.0,0.0,0.0,23.1326553069921,23.442081116170407,23.79813602411584,17.491113576694765,22.183886045831308,26.121725977959205,1.2682399433652287e-16,5.175776088191528e-16,0.0,1.6414127359713785e-16,4.411754506872313e-14,converged
2025-01-15T22:20:00+08:00,14.333333333333334,-2.25,0.0,3.1875,48.6,48.6,42.8,42.8,35.0,55.00000000000001,85.0,37.18141828219627,10.176596202380617,12.802085234898144,14.202736844917508,72.98125478441332,0.9917933336618455,48.40071091386442,48.2,48.2,40.264287444344035,40.512081506288695,40.408461855281345,40.40467885922803,0.34282575,0.3382315303558143,23.57597313131726,24.04303226685837,23.161424373725186,23.16364330608963,23.436189287855637,23.815212519717853,23.507697808899202,23.12865611456005,23.19207487201163,23.791124480619175,23.483490086625622,23.104297451217015,1.0,0.0,1.0,0.0,0.0,23.12865611456005,23.436189287855637,23.791124480619175,17.491113576694765,22.183886045831308,26.121725977959205,1.2682399433652287e-16,6.883765195070235e-16,0.0,2.8281748956879726e-15,3.466655806539815e-14,converged
2025-01-15T22:25:00+08:00,14.416666666666666,-2.333333333333334,0.0,3.1944444444444446,48.6,48.6,42.8,42.8,35.0,55.00000000000001,85.0,37.18141828219627,10.176596202380617,12.802085234898144,14.202736844917508,72.98125478441332,0.9917933336618455,48.6,48.4252891163335,48.2,40.397122530607014,40.665633711780124,40.40654759052266,40.493174936314766,0.34419333333333335,0.34011090674826305,23.572009908797597,24.03808656081944,23.15510280978592,23.16119687000535,23.430547503973013,23.808442572657455,23.502363818974214,23.12486482654284,23.18438396057975,23.78396853193426,23.477788715476308,23.100155495619823,1.0,0.0,1.0,0.0,0.0,23.12486482654284,23.430547503973013,23.78396853193426,17.491113576694765,22.183886045831308,26.121725977959205,1.2682399433652287e-16,3.4228635282520047e-16,0.0,2.041433138733737e-15,5.4052106396889e-14,converged
2025-01-15T22:30:00+08:00,14.5,-2.416666666666666,0.0,3.201388888888889,48.6,48.6,42.8,42.8,35.0,55.00000000000001,85.0,37.18141828219627,10.176596202380617,12.802085234898144,14.202736844917508,72.98125478441332,0.9917933336618455,48.6,48.6,48.51026192176326,40.3955538547796,40.784435955212636,40.61749800357334,40.614230723799146,0.3455609166666666,0.3425932714697055,23.567932519734914,24.033035194263775,23.148588207939095,23.15864905875328,23.425062802383348,23.80182571364493,23.497170163876007,23.121201968244048,23.1772769636628,23.77719822136683,23.472448535480044,23.09635225328475,1.0,0.0,1.0,0.0,0.0,23.121201968244048,23.425062802383348,23.77719822136683,17.491113576694765,22.183886045831308,26.121725977959205,1.2682399433652287e-16,0.0,0.0,2.831017875883006e-15,4.9311811997345574e-14,converged
2025-01-15T22:35:00+08:00,14.583333333333334,-2.5,0.0,3.2083333333333335,49.0,49.0,43.0,43.0,35.0,55.00000000000001,85.0,37.35516322744018,10.224150390242208,12.861908063098603,14.269104774099366,73.66491620249595,1.0057620500292175,48.6,48.6,48.6,40.42511369772546,40.81284104753569,40.70764784700329,40.66653742943839,0.3469285,0.34341379577801295,23.563766864385627,24.02790223430532,23.14193113363032,23.15602240535452,23.41945657142686,23.795097442071423,23.491865975988574,23.117429096921136,23.170241285667483,23.770470272248243,23.46714391660219,23.092578144887973,1.0,0.0,1.0,0.0,0.0,23.117429096921136,23.41945657142686,23.770470272248243,17.40975956005898,22.08070518050186,26.000229578061717,1.884704698096939e-16,8.474857683220971e-16,1.122652773829869e-16,7.462965511337087e-16,5.390194064982666e-14,converged
2025-01-15T22:40:00+08:00,14.666666666666666,-2.583333333333334,0.0,3.2152777777777777,49.0,49.0,43.0,43.0,35.0,55.00000000000001,85.0,37.35516322744018,10.224150390242208,12.861908063098603,14.269104774099366,73.66491620249595,1.0057620500292175,48.6,48.6,48.6,40.42347108960993,40.81117464052729,40.70583632939429,40.66482210616927,0.3482960833333334,0.3434880465442575,23.559487591565,24.022664096273033,23.135082701243597,23.15329479490468,23.41369239034493,23.788223736527716,23.486418525802183,23.11351456365646,23.162995281633265,23.763596862670568,23.461696017979925,23.08866236582622,1.0,0.0,1.0,0.0,0.0,23.11351456365646,23.41369239034493,23.763596862670568,17.40975956005898,22.08070518050186,26.000229578061717,1.884704698096939e-16,1.016763083881596e-15,1.122652773829869e-16,9.074711777206114e-16,5.084224580075214e-14,converged
2025-01-15T22:45:00+08:00,14.75,-2.666666666666666,0.0,3.2222222222222223,49.0,49.0,43.0,43.0,35.0,55.00000000000001,85.0,37.35516322744018,10.224150390242208,12.861908063098603,14.269104774099366,73.66491620249595,1.0057620500292175,48.6,48.6,48.6,40.42178326673224,40.809462759655986,40.703974478768544,40.66305952383046,0.34966366666666665,0.3435643430019462,23.555095007138217,24.01732104842934,23.128043861734543,23.150466460405084,23.407770885923753,23.78120514381521,23.48082832506955,23.109458850430123,23.155540116859324,23.756578538995186,23.45610535092324,23.0846053976336,1.0,0.0,1.0,0.0,0.0,23.109458850430123,23.407770885923753,23.756578538995186,17.40975956005898,22.08070518050186,26.000229578061717,1.884704698096939e-16,6.776915253180121e-16,1.122652773829869e-16,5.846911183943363e-16,4.489776491863623e-14,converged
2025-01-15T22:50:00+08:00,14.833333333333334,-2.75,0.0,3.2291666666666665,49.0,49.0,43.0,43.0,35.0,55.00000000000001,85.0,37.35516322744018,10.224150390242208,12.861908063098603,14.269104774099366,73.66491620249595,1.0057620500292175,48.807219235195284,48.6,48.6,40.56006475207518,40.80770557238337,40.70206250933085,40.699571955074475,0.35103125,0.34443889580360043,23.55083701346678,24.012107932852768,23.12128780476628,23.14774988175936,23.401692682462276,23.774042208679457,23.47509588371534,23.105262437582383,23.14787695018857,23.749415845531303,23.45037242491746,23.0804077202075,1.0,0.0,1.0,0.0,0.0,23.105262437582383,23.401692682462276,23.749415845531303,17.40975956005898,22.08070518050186,26.000229578061717,1.884704698096939e-16,1.01395623356064e-15,1.122652773829869e-16,2.338927148231506e-15,9.521538376023153e-14,converged
2025-01-15T22:55:00+08:00,14.916666666666666,-2.833333333333334,0.0,3.236111111111111,49.0,49.0,43.0,43.0,35.0,55.00000000000001,85.0,37.35516322744018,10.224150390242208,12.861908063098603,14.269104774099366,73.66491620249595,1.0057620500292175,49.0,48.83354358555985,48.6,40.68869983278699,40.96717978433768,40.70010063432942,40.78893932961853,0.3523988333333334,0.34633525705862533,23.54669568605563,24.007007795149832,23.114779127390847,23.14512978422831,23.395880504453938,23.76713538498122,23.469601646329934,23.10128766608764,23.140006934043413,23.74210932454365,23.444497747629747,23.07606981181416,1.0,0.0,1.0,0.0,0.0,23.10128766608764,23.395880504453938,23.74210932454365,17.40975956005898,22.08070518050186,26.000229578061717,1.884704698096939e-16,8.403369239363118e-16,1.122652773829869e-16,6.294787282303543e-16,6.538317485372161e-14,converged
2025-01-15T23:00:00+08:00,15.0,-2.916666666666666,0.0,3.2430555555555554,49.0,49.0,43.0,43.0,35.0,55.00000000000001,85.0,37.35516322744018,10.224150390242208,12.861908063098603,14.269104774099366,73.66491620249595,1.0057620500292175,49.0,49.0,48.919981633755064,40.68707999850253,41.080444939436774,40.918061089196435,40.9107523470509,0.35376641666666664,0.34883413130660484,23.542440675680847,24.00180239565811,23.108078354477627,23.142408714515728,23.390211446487452,23.760368295905433,23.464235138251624,23.09742939501161,23.132747223869234,23.735206028874636,23.43900105095506,23.07208668374084,1.0,0.0,1.0,0.0,0.0,23.09742939501161,23.390211446487452,23.735206028874636,17.40975956005898,22.08070518050186,26.000229578061717,1.884704698096939e-16,5.005903008582576e-16,1.122652773829869e-16,5.961008910242376e-16,4.956495405324321e-14,converged
2025-01-15T23:05:00+08:00,15.083333333333334,-3.0,0.0,3.25,49.4,49.4,43.2,43.2,35.0,55.00000000000001,85.0,37.52890817268408,10.271704578103801,12.921730891299063,14.335472703281223,74.35176485329698,1.0198613142018942,49.0,49.0,49.0,40.716885522865255,41.10908827729789,41.00188545476109,40.960792090826565,0.355134,0.34960973118254685,23.538098105810644,23.996516022326215,23.101236497302747,23.139609386237588,23.38442193022689,23.753490695672742,23.45875901832003,23.093462047643925,23.125535636880883,23.728329483959012,23.433525150503133,23.06811868794425,1.0,0.0,1.0,0.0,0.0,23.093462047643925,23.38442193022689,23.728329483959012,17.329158821354998,21.978479693555087,25.87985814482995,1.8672941244326772e-16,4.994797546102165e-16,0.0,5.7988796105429644e-15,5.333245322555768e-14,converged
2025-01-15T23:10:00+08:00,15.166666666666666,-3.083333333333334,0.0,3.2569444444444446,49.4,49.4,43.2,43.2,35.0,55.00000000000001,85.0,37.52890817268408,10.271704578103801,12.921730891299063,14.335472703281223,74.35176485329698,1.0198613142018942,49.0,49.0,49.0,40.71519273346665,41.107374211280714,41.00002707077187,40.9590287209714,0.35650158333333337,0.34968641675505635,23.533642399194818,23.99112486733892,23.094204213739882,23.13670950190642,23.378475199696283,23.746468232489516,23.453140257515745,23.08935370503944,23.11811471365765,23.72130804638681,23.427906588874443,23.064009685582523,1.0,0.0,1.0,0.0,0.0,23.08935370503944,23.378475199696283,23.72130804638681,17.329158821354998,21.978479693555087,25.87985814482995,1.8672941244326772e-16,4.993702196408727e-16,0.0,3.022715893716124e-15,3.6339719973457834e-14,converged
2025-01-15T23:15:00+08:00,15.25,-3.166666666666666,0.0,3.263888888888889,49.4,49.4,43.2,43.2,35.0,55.00000000000001,85.0,37.52890817268408,10.271704578103801,12.921730891299063,14.335472703281223,74.35176485329698,1.0198613142018942,49.0,49.0,49.0,40.71345510168726,41.105615045963575,40.99811876908288,40.95721848157982,0.3578691666666666,0.3497651405937995,23.529073860518984,23.985629198048112,23.08698245048179,23.133709293685392,23.37237187898991,23.739301451209446,23.44737936555804,23.085104847085393,23.11048561444818,23.71414226058783,23.422145875359714,23.05976015610968,1.0,0.0,1.0,0.0,0.0,23.085104847085393,23.37237187898991,23.71414226058783,17.329158821354998,21.978479693555087,25.87985814482995,1.8672941244326772e-16,4.992578232466026e-16,0.0,3.9732760059941774e-15,5.1098768323293045e-14,converged
2025-01-15T23:20:00+08:00,15.333333333333334,-3.25,0.0,3.2708333333333335,49.4,49.4,43.2,43.2,35.0,55.00000000000001,85.0,37.52890817268408,10.271704578103801,12.921730891299063,14.335472703281223,74.35176485329698,1.0198613142018942,49.213667294291604,49.0,49.0,40.85630712487262,41.10381094748991,40.99616076220289,40.99494813640671,0.35923675,0.35066757591661385,23.524648306665682,23.980271355261586,23.080059481498388,23.130828026890217,23.36611258972458,23.73199089463694,23.441476850344724,23.080715952035696,23.10264949307043,23.706832668946202,23.416243517431543,23.05537057734948,1.0,0.0,1.0,0.0,0.0,23.080059481498388,23.36611258972458,23.706832668946202,17.329158821354998,21.978479693555087,25.87985814482995,1.8672941244326772e-16,1.1619369864157652e-15,0.0,4.075711373052958e-15,7.104767512353446e-14,converged
2025-01-15T23:25:00+08:00,15.416666666666666,-3.333333333333334,0.0,3.2777777777777777,49.4,49.4,43.2,43.2,35.0,55.00000000000001,85.0,37.52890817268408,10.271704578103801,12.921730891299063,14.335472703281223,74.35176485329698,1.0198613142018942,49.4,49.24172162451559,49.0,40.980766945668776,41.26917371416135,40.9941532616914,41.08518282154769,0.36060433333333336,0.3525807445720226,23.520332364379392,23.975019749124264,23.073370418926963,23.12803718516037,23.360135168381415,23.724951335619373,23.435826760834203,23.07656231855394,23.094607496947308,23.69937981180805,23.41020002075088,23.05084142550098,1.0,0.0,1.0,0.0,0.0,23.073370418926963,23.360135168381415,23.69937981180805,17.329158821354998,21.978479693555087,25.87985814482995,1.8672941244326772e-16,8.254515002531169e-16,0.0,2.515227176399138e-16,4.91841483273479e-14,converged
2025-01-15T23:30:00+08:00,15.5,-3.416666666666666,0.0,3.2847222222222223,49.4,49.4,43.2,43.2,35.0,55.00000000000001,85.0,37.52890817268408,10.271704578103801,12.921730891299063,14.335472703281223,74.35176485329698,1.0198613142018942,49.4,49.4,49.3296113484136,40.97909780285466,41.37693520222193,41.21908425432595,41.20774999273073,0.3619719166666666,0.35509595721262766,23.515903213637426,23.969663272622558,23.066490170358833,23.125145767783806,23.354286998052793,23.71803824975732,23.430291881597444,23.072513337825924,23.087201961800293,23.692347619927613,23.40455115347849,23.04668298642583,1.0,0.0,1.0,0.0,0.0,23.066490170358833,23.354286998052793,23.692347619927613,17.329158821354998,21.978479693555087,25.87985814482995,1.8672941244326772e-16,8.196046692614594e-16,0.0,1.919111291929478e-15,4.659445365523307e-14,converged
2025-01-15T23:35:00+08:00,15.583333333333334,-3.5,0.0,3.2916666666666665,49.8,49.8,43.4,43.4,35.0,55.00000000000001,85.0,37.702653117927994,10.319258765965392,12.981553719499521,14.401840632463081,75.0418007368163,1.0340917333789685,49.4,49.4,49.4,41.00914678483455,41.40581459530717,41.29661878093467,41.25553502535228,0.3633395,0.3558269144221988,23.511387197726396,23.96422643105533,23.05947018621659,23.122176666201348,23.34831941507475,23.711015533272708,23.424648291198178,23.06835619797381,23.07982149955208,23.68532667480035,23.39890841839758,23.042525773678804,1.0,0.0,1.0,0.0,0.0,23.05947018621659,23.34831941507475,23.68532667480035,17.24930094660221,21.877196376994927,25.760596125729354,1.2334157966054493e-16,1.1450893956571718e-15,1.23400098330674e-16,1.2279186662210213e-15,4.699835861740061e-14,converged
2025-01-15T23:40:00+08:00,15.666666666666666,-3.583333333333334,0.0,3.298611111111111,49.8,49.8,43.4,43.4,35.0,55.00000000000001,85.0,37.702653117927994,10.319258765965392,12.981553719499521,14.401840632463081,75.0418007368163,1.0340917333789685,49.4,49.4,49.4,41.00740563713973,41.40405466284719,41.294715478744465,41.25372546924518,0.36470708333333335,0.355905972870859,23.506758516772006,23.958685196985638,23.05226067487581,23.11910740314098,23.342195333418772,23.703848509339128,23.41886266579197,23.06405871408446,23.07223265247623,23.678161389380932,23.393123625216976,23.03822820302408,1.0,0.0,1.0,0.0,0.0,23.05226067487581,23.342195333418772,23.678161389380932,17.24930094660221,21.877196376994927,25.760596125729354,1.2334157966054493e-16,1.3083828954921897e-15,1.23400098330674e-16,1.3835518359425133e-15,3.496193798710432e-14,converged
2025-01-15T23:45:00+08:00,15.75,-3.666666666666666,0.0,3.3055555555555554,49.8,49.8,43.4,43.4,35.0,55.00000000000001,85.0,37.702653117927994,10.319258765965392,12.981553719499521,14.401840632463081,75.0418007368163,1.0340917333789685,49.4,49.4,49.4,41.00562001110676,41.402249997673565,41.292762664347556,41.25186942435357,0.3660746666666666,0.3559870623873423,23.50201747430272,23.95303983687179,23.044862578921496,23.11593820994115,23.335915374563704,23.696537720917764,23.412935513117134,23.059621364001963,23.064436575976163,23.670852306222407,23.387197281260324,23.033790751885004,1.0,0.0,1.0,0.0,0.0,23.044862578921496,23.335915374563704,23.670852306222407,17.24930094660221,21.877196376994927,25.760596125729354,1.2334157966054493e-16,6.540424309030966e-16,1.23400098330674e-16,3.4970933965920416e-15,4.750317109514633e-14,converged
2025-01-15T23:50:00+08:00,15.833333333333334,-3.75,0.0,3.3125,49.8,49.8,43.4,43.4,35.0,55.00000000000001,85.0,37.702653117927994,10.319258765965392,12.981553719499521,14.401840632463081,75.0418007368163,1.0340917333789685,49.620055924271824,49.4,49.4,41.15301793973797,41.400400764639535,41.29076054859837,41.29081090925655,0.36744225,0.3569171257341912,23.497427741603648,23.94754013330497,23.037779141597927,23.112895085824945,23.32948015752042,23.689083708926887,23.40686733909695,23.055044623943438,23.056434419049076,23.663399965838455,23.381129892039482,23.029213896060988,1.0,0.0,1.0,0.0,0.0,23.037779141597927,23.32948015752042,23.663399965838455,17.24930094660221,21.877196376994927,25.760596125729354,1.2334157966054493e-16,1.63084527798245e-16,1.23400098330674e-16,1.8788710905986065e-15,6.710812053503176e-14,converged
2025-01-15T23:55:00+08:00,15.916666666666666,-3.833333333333334,0.0,3.3194444444444446,49.8,49.8,43.4,43.4,35.0,55.00000000000001,85.0,37.702653117927994,10.319258765965392,12.981553719499521,14.401840632463081,75.0418007368163,1.0340917333789685,49.8,49.64982428984041,49.4,41.27332704497922,41.571618841365556,41.2887093414091,41.381908909173625,0.3688098333333334,0.35884692712733607,23.492940613842414,23.942139971947235,23.03091621494941,23.109936373166615,23.32334251415941,23.68191545476862,23.401065692187636,23.050716650419496,23.04822732432148,23.655804906711037,23.37492196126101,23.02449810973302,1.0,0.0,1.0,0.0,0.0,23.03091621494941,23.32334251415941,23.655804906711037,17.24930094660221,21.877196376994927,25.760596125729354,1.2334157966054493e-16,8.110374718746377e-16,1.23400098330674e-16,1.2611899286641781e-15,4.339254127271276e-14,converged
2025-01-16T00:00:00+08:00,16.0,-3.916666666666666,0.0,3.326388888888889,49.8,49.8,43.4,43.4,35.0,55.00000000000001,85.0,37.702653117927994,10.319258765965392,12.981553719499521,14.401840632463081,75.0418007368163,1.0340917333789685,49.8,49.8,49.739152309941645,41.27161038667814,41.67390980909357,41.52057160604698,41.50522713881686,0.37017741666666665,0.36137830971885,23.48834074321088,23.93663532446205,23.023862980000548,23.106877475035546,23.31732034520399,23.674860503394562,23.39536682218276,23.04648156283153,23.040682612693892,23.64864780738484,23.369125169789143,23.020168835704084,1.0,0.0,1.0,0.0,0.0,23.023862980000548,23.31732034520399,23.64864780738484,17.24930094660221,21.877196376994927,25.760596125729354,1.2334157966054493e-16,0.0,1.23400098330674e-16,5.461704819919433e-16,4.972509225980363e-14,converged
2025-01-16T00:05:00+08:00,16.083333333333332,-4.0,0.0,3.3333333333333335,50.2,50.2,43.6,43.6,35.0,55.00000000000001,85.0,37.8763980631719,10.366812953826985,13.04137654769998,14.468208561644937,75.73502385305395,1.048453914759536,49.8,49.8,49.8,41.30190057826307,41.70302304559362,41.5918516354873,41.550769583469645,0.371545,0.36206490352549847,23.48365468945994,23.93105091005987,23.01667131967761,23.103741457961657,23.311179784350873,23.667696781486814,23.389560121850028,23.042139214077423,23.033140068270672,23.64148655647607,23.36331994635044,23.015826976809738,1.0,0.0,1.0,0.0,0.0,23.01667131967761,23.311179784350873,23.64148655647607,17.1701757129022,21.77684226517385,25.642428253592982,6.110630044435865e-17,1.125360736229373e-15,0.0,7.666545021764537e-17,5.5010234846378287e-14,converged
2025-01-16T00:10:00+08:00,16.166666666666668,-4.083333333333332,0.0,3.3402777777777777,50.2,50.2,43.6,43.6,35.0,55.00000000000001,85.0,37.8763980631719,10.366812953826985,13.04137654769998,14.468208561644937,75.73502385305395,1.048453914759536,49.8,49.8,49.8,41.300112839190795,41.70121898577835,41.58990529862038,41.54891564298822,0.3729125833333333,0.36214627436225016,23.478856433492666,23.92536248515828,23.009290999820415,23.10050566765236,23.304883420636102,23.66038929247478,23.38361197715499,23.037657157298217,23.025390053314794,23.634181502560622,23.35737325273617,23.011345393539088,1.0,0.0,1.0,0.0,0.0,23.011345393539088,23.304883420636102,23.634181502560622,17.1701757129022,21.77684226517385,25.642428253592982,6.110630044435865e-17,6.429187876194253e-16,0.0,3.8324510347769637e-16,3.981521856771091e-14,converged
2025-01-16T00:15:00+08:00,16.25,-4.166666666666668,0.0,3.3472222222222223,50.2,50.2,43.6,43.6,35.0,55.00000000000001,85.0,37.8763980631719,10.366812953826985,13.04137654769998,14.468208561644937,75.73502385305395,1.048453914759536,49.8,49.8,49.8,41.29828097772187,41.69937055206461,41.587909845508946,41.54701558594053,0.3742801666666667,0.36222966928964684,23.47394627770244,23.91957031533874,23.001722959056714,23.097170334634644,23.29843187299778,23.652938577481073,23.377522893906388,23.033035868343568,23.017433718582932,23.62673318636837,23.35128559435394,23.006724561333264,1.0,0.0,1.0,0.0,0.0,23.006724561333264,23.29843187299778,23.62673318636837,17.1701757129022,21.77684226517385,25.642428253592982,6.110630044435865e-17,8.034634632168034e-16,0.0,2.2989656938779776e-16,5.107022468669442e-14,converged
2025-01-16T00:20:00+08:00,16.333333333333332,-4.25,0.0,3.3541666666666665,50.2,50.2,43.6,43.6,35.0,55.00000000000001,85.0,37.8763980631719,10.366812953826985,13.04137654769998,14.468208561644937,75.73502385305395,1.048453914759536,50.02638594296783,49.8,49.8,41.45020030830573,41.697477908042664,41.585865485393384,41.5871634999478,0.37564775,0.36318710974873397,23.469195688331393,23.913931568667127,22.994485296164612,23.093968141110267,23.291825757915245,23.64534517559159,23.371293376104166,23.028275821442374,23.009272208448966,23.619142146595934,23.34505747480577,23.00196495401561,1.0,0.0,0.9166666666666666,0.0,0.0,23.00196495401561,23.291825757915245,23.619142146595934,17.1701757129022,21.77684226517385,25.642428253592982,6.110630044435865e-17,1.6026907164667154e-16,0.0,3.9938253025717017e-16,7.949412601091141e-14,converged
2025-01-16T00:25:00+08:00,16.416666666666668,-4.333333333333332,0.0,3.361111111111111,50.2,50.2,43.6,43.6,35.0,55.00000000000001,85.0,37.8763980631719,10.366812953826985,13.04137654769998,14.468208561644937,75.73502385305395,1.048453914759536,50.2,50.05785261878609,49.8,41.56638304298363,41.87451825733227,41.58377242657872,41.67912081122171,0.3770153333333333,0.36513337196394907,23.46454074484474,23.908385716061993,22.98745482538924,23.090844387424333,23.28553278737823,23.638052167588707,23.36534436802563,23.023777932245853,23.00090666093939,23.611408919914314,23.338689395894544,22.997067043797184,1.0,0.0,0.8333333333333334,0.0,0.0,22.997067043797184,23.28553278737823,23.611408919914314,17.1701757129022,21.77684226517385,25.642428253592982,6.110630044435865e-17,1.594147930121667e-16,0.0,2.169240107417237e-15,6.71154247422459e-14,converged
2025-01-16T00:30:00+08:00,16.5,-4.416666666666668,0.0,3.368055555555556,50.2,50.2,43.6,43.6,35.0,55.00000000000001,85.0,37.8763980631719,10.366812953826985,13.04137654769998,14.468208561644937,75.73502385305395,1.048453914759536,50.2,50.2,50.14860573971256,41.56462060709616,41.97137157924053,41.82252693625327,41.80318698643932,0.3783829166666667,0.36768075870648764,23.459773515297265,23.902735754493364,22.980234893121825,23.087620832168316,23.279341606259315,23.630859382242125,23.35948578833447,23.01936124223781,22.99322918926746,23.604130804018254,23.332748829031154,22.992571314126586,1.0,0.0,0.75,0.0,0.0,22.992571314126586,23.279341606259315,23.604130804018254,17.1701757129022,21.77684226517385,25.642428253592982,6.110630044435865e-17,1.1081722846409107e-15,0.0,4.274873491062268e-15,6.334149841463755e-14,converged
2025-01-16T00:35:00+08:00,16.583333333333332,-4.5,0.0,3.375,50.6,50.6,43.8,43.8,35.0,55.00000000000001,85.0,38.05014300841581,10.414367141688576,13.101199375900439,14.534576490826796,76.43143420200991,1.0629484655426902,50.2,50.2,50.2,41.59514973833717,42.000716427864575,41.887587517050974,41.84649884157524,0.3797505,0.36832326590650516,23.45492077258912,23.897006613689864,22.972877808193054,23.084320714259434,23.273033029626486,23.623558666421737,23.35352023967644,23.01483817016175,22.985531122837322,23.59683324285152,23.32678536493816,22.988049282208273,1.0,0.0,0.75,0.0,0.0,22.985531122837322,23.273033029626486,23.59683324285152,17.091773084076163,21.67740462925981,25.525339540106255,1.210990522431851e-16,0.0,0.0,1.0651142596841433e-15,5.1094548578167613e-14,converged
2025-01-16T00:40:00+08:00,16.666666666666668,-4.583333333333332,0.0,3.381944444444444,50.6,50.6,43.8,43.8,35.0,55.00000000000001,85.0,38.05014300841581,10.414367141688576,13.101199375900439,14.534576490826796,76.43143420200991,1.0629484655426902,50.2,50.2,50.2,41.59331712045496,41.99886992782041,41.885599966456176,41.84460226192729,0.3811180833333333,0.3684068900536425,23.449956281762535,23.891173837354152,22.965332900817383,23.080921205114258,23.266569326649208,23.616114709038435,23.34741382241233,23.01017601119737,22.977626464301572,23.589392401236207,23.32068100377173,22.983388144629533,1.0,0.0,0.75,0.0,0.0,22.977626464301572,23.266569326649208,23.589392401236207,17.091773084076163,21.67740462925981,25.525339540106255,1.210990522431851e-16,0.0,0.0,1.0648835364105594e-15,3.877548856331681e-14,converged
2025-01-16T00:45:00+08:00,16.75,-4.666666666666668,0.0,3.388888888888889,50.6,50.6,43.8,43.8,35.0,55.00000000000001,85.0,38.05014300841581,10.414367141688576,13.101199375900439,14.534576490826796,76.43143420200991,1.0629484655426902,50.2,50.2,50.2,41.59144072824695,41.996979405121856,41.88356368633194,41.84265992963802,0.38248566666666667,0.36849253153003625,23.444880344097523,23.8852376902073,22.95760110581135,23.07742253446141,23.25995111379777,23.608528049428983,23.341167040471593,23.005375239247655,22.969516359962046,23.581808818131375,23.31443624907341,22.97858837489676,1.0,0.0,0.75,0.0,0.0,22.969516359962046,23.25995111379777,23.581808818131375,17.091773084076163,21.67740462925981,25.525339540106255,1.210990522431851e-16,9.477694541886176e-16,0.0,1.969126516088662e-15,3.6981108487510416e-14,converged
2025-01-16T00:50:00+08:00,16.833333333333332,-4.75,0.0,3.3958333333333335,50.6,50.6,43.8,43.8,35.0,55.00000000000001,85.0,38.05014300841581,10.414367141688576,13.101199375900439,14.534576490826796,76.43143420200991,1.0629484655426902,50.43265815327391,50.2,50.2,41.74785708712495,41.995045022122746,41.88147888434366,41.88400886587371,0.38385325,0.36947710171208104,23.439972162010754,23.879462670109096,22.950215265019295,23.074064017120246,23.253179005092612,23.600799224899422,23.33478039598095,23.00043632660088,22.961201949760188,23.57408303046875,23.308051602585188,22.973650444904553,1.0,0.0,0.75,0.0,0.0,22.961201949760188,23.253179005092612,23.57408303046875,17.091773084076163,21.67740462925981,25.525339540106255,1.210990522431851e-16,1.1027845149434575e-15,0.0,7.857074329318623e-16,4.8382127052174434e-14,converged
2025-01-16T00:55:00+08:00,16.916666666666668,-4.833333333333332,0.0,3.4027777777777777,50.6,50.6,43.8,43.8,35.0,55.00000000000001,85.0,38.05014300841581,10.414367141688576,13.101199375900439,14.534576490826796,76.43143420200991,1.0629484655426902,50.6,50.46580762965921,50.2,41.8599375987531,42.17787481367456,41.8793457672281,41.97682147879444,0.3852208333333333,0.37143965552914165,23.435152713849426,23.87377394175262,22.943023374690114,23.070778009539037,23.246735478680908,23.593385307676552,23.328688126537767,22.99577285046131,22.95268436731233,23.566215573160356,23.301527564255906,22.96857482494123,1.0,0.0,0.6666666666666666,0.0,0.0,22.95268436731233,23.246735478680908,23.566215573160356,17.091773084076163,21.67740462925981,25.525339540106255,1.210990522431851e-16,6.268330270826527e-16,0.0,2.105013341664219e-15,4.503353485014129e-14,converged
2025-01-16T01:00:00+08:00,17.0,-4.916666666666668,0.0,3.4097222222222223,50.6,50.6,43.8,43.8,35.0,55.00000000000001,85.0,38.05014300841581,10.414367141688576,13.101199375900439,14.534576490826796,76.43143420200991,1.0629484655426902,50.6,50.6,50.5579728367915,41.85813106972595,42.26932309447295,42.12495373417993,42.10163247054682,0.3865884166666667,0.3740028832152608,23.430221427805453,23.867981474636533,22.935642839719204,23.06739257810753,23.24038014753283,23.586058622383664,23.322674021015835,22.991178966066418,22.94488032747554,23.558820235869522,23.29544727527085,22.9639169241227,1.0,0.0,0.6666666666666666,0.0,0.0,22.94488032747554,23.24038014753283,23.558820235869522,17.091773084076163,21.67740462925981,25.525339540106255,1.210990522431851e-16,7.781712859144652e-16,0.0,3.011537895946192e-15,5.025951403575247e-14,converged
2025-01-16T01:05:00+08:00,17.083333333333332,-5.0,0.0,3.4166666666666665,51.0,51.0,44.0,44.0,35.0,55.00000000000001,85.0,38.22388795365971,10.461921329550167,13.161022204100895,14.600944420008652,77.13103178368428,1.077575992927527,50.6,50.6,50.6,41.88889685090986,42.29889730637611,42.18382962537453,42.14272561258483,0.387956,0.37460157817221296,23.425205286652034,23.862110405658928,22.928126388288064,23.063931131462045,23.23390839340169,23.57862482705668,23.316553788790266,22.98647956018605,22.937033073784885,23.5513902632644,23.289329721725267,22.959219096555262,1.0,0.0,0.6666666666666666,0.0,0.0,22.937033073784885,23.23390839340169,23.5513902632644,17.014083206421272,21.57887097185409,25.40931526946941,1.2000065381478102e-16,1.0876986380632813e-15,1.2171736971707392e-16,9.922124268685582e-16,4.121181836098361e-14,converged
2025-01-16T01:10:00+08:00,17.166666666666668,-5.083333333333332,0.0,3.423611111111111,51.0,51.0,44.0,44.0,35.0,55.00000000000001,85.0,38.22388795365971,10.461921329550167,13.161022204100895,14.600944420008652,77.13103178368428,1.077575992927527,50.6,50.6,50.6,41.88702101409752,42.297010002743264,42.18180262143762,42.14078808404019,0.38932358333333333,0.3746873979313139,23.420077842892926,23.856136069192882,22.92042292184229,23.060370669424167,23.22728217061047,23.571048301250944,23.31029324915256,22.98164167398509,22.928980071753113,23.543817518385563,23.2830718297108,22.954382767532532,1.0,0.0,0.6666666666666666,0.0,0.0,22.928980071753113,23.22728217061047,23.543817518385563,17.014083206421272,21.57887097185409,25.40931526946941,1.2000065381478102e-16,6.213997186437296e-16,1.2171736971707392e-16,1.2886669577317143e-15,3.443678097765492e-14,converged
2025-01-16T01:15:00+08:00,17.25,-5.166666666666668,0.0,3.430555555555556,51.0,51.0,44.0,44.0,35.0,55.00000000000001,85.0,38.22388795365971,10.461921329550167,13.161022204100895,14.600944420008652,77.13103178368428,1.077575992927527,50.6,50.6,50.6,41.88510174338301,42.295079020323726,42.179727265714035,42.13880515871904,0.3906911666666667,0.3747752284687514,23.41483939671615,23.85005872911531,22.912533371528916,23.056711420937063,23.220502093232824,23.56332958256888,23.303892904202073,22.976665779466643,22.92072246341274,23.536102538472417,23.276674100951844,22.9494084086727,1.0,0.0,0.6666666666666666,0.0,0.0,22.92072246341274,23.220502093232824,23.536102538472417,17.014083206421272,21.57887097185409,25.40931526946941,1.2000065381478102e-16,0.0,1.2171736971707392e-16,2.1689250992862308e-15,3.4040687479853154e-14,converged
2025-01-16T01:20:00+08:00,17.333333333333332,-5.25,0.0,3.4375,51.0,51.0,44.0,44.0,35.0,55.00000000000001,85.0,38.22388795365971,10.461921329550167,13.161022204100895,14.600944420008652,77.13103178368428,1.077575992927527,50.838873343486306,50.6,50.6,42.045990887581425,42.293104520260826,42.17760376433212,42.18134970590196,0.39205875,0.3757866844453589,23.40977682858384,23.844150158017865,22.905005211045243,23.053199283635962,23.21356877290124,23.555469206587997,23.297353254241354,22.971552347025014,22.912261384457295,23.528245858742775,23.270137035379094,22.944296489988012,1.0,0.0,0.6666666666666666,0.0,0.0,22.912261384457295,23.21356877290124,23.528245858742775,17.014083206421272,21.57887097185409,25.40931526946941,1.2000065381478102e-16,4.646864563552496e-16,1.2171736971707392e-16,2.1887024522727452e-16,6.004620401206673e-14,converged
2025-01-16T01:25:00+08:00,17.416666666666668,-5.333333333333332,0.0,3.444444444444444,51.0,51.0,44.0,44.0,35.0,55.00000000000001,85.0,38.22388795365971,10.461921329550167,13.161022204100895,14.600944420008652,77.13103178368428,1.077575992927527,51.0,50.873690322251676,50.6,42.153993128072045,42.48169113091424,42.175432322498125,42.275013605724105,0.3934263333333333,0.3777653632889461,23.404796129038246,23.83832132168262,22.89765783599253,23.049753767116876,23.20697934124739,23.547938130263905,23.29112172884503,22.966727518932174,22.903597964276482,23.520248012400472,23.26346113113593,22.939047479890263,1.0,0.0,0.6666666666666666,0.0,0.0,22.903597964276482,23.20697934124739,23.520248012400472,17.014083206421272,21.57887097185409,25.40931526946941,1.2000065381478102e-16,7.704208295685566e-16,1.2171736971707392e-16,1.3790939378250604e-15,5.613854111980446e-14,converged
2025-01-16T01:30:00+08:00,17.5,-5.416666666666668,0.0,3.451388888888889,51.0,51.0,44.0,44.0,35.0,55.00000000000001,85.0,38.22388795365971,10.461921329550167,13.161022204100895,14.600944420008652,77.13103178368428,1.077575992927527,51.0,51.0,50.96725477844244,42.15214413853392,42.56776670789343,42.42785519848617,42.400566270205154,0.3947939166666667,0.380344271255203,23.39970403129939,23.832389109942888,22.890122604094557,23.046209198371795,23.200464600755517,23.540481383713526,23.284956186163654,22.96196075368752,22.895673330866856,23.512739155333186,23.25724507977378,22.934231599482285,1.0,0.0,0.6666666666666666,0.0,0.0,22.895673330866856,23.200464600755517,23.512739155333186,17.014083206421272,21.57887097185409,25.40931526946941,1.2000065381478102e-16,6.121576194259153e-16,1.2171736971707392e-16,4.930729681560363e-16,3.877564408311398e-14,converged
2025-01-16T01:35:00+08:00,17.583333333333332,-5.5,0.0,3.4583333333333335,51.4,51.4,44.2,44.2,35.0,55.00000000000001,85.0,38.39763289890362,10.50947551741176,13.220845032301357,14.667312349190514,77.83381659807692,1.0923371041131396,51.0,51.0,51.0,42.18314426225695,42.59756801852081,42.48058087332481,42.43945245614478,0.3961615,0.3808994259334379,23.39452772477588,23.826378863561775,22.882452656377616,23.042589153121217,23.193834386463685,23.53291832834984,23.278685340313622,22.957089309363184,22.887683006505835,23.505180575562704,23.25097749350173,22.9293622597886,1.0,0.0,0.6666666666666666,0.0,0.0,22.887683006505835,23.193834386463685,23.505180575562704,16.93709640458226,21.4812290217552,25.294340992231984,1.1891713201276387e-16,6.112654097162036e-16,0.0,2.189919160706643e-15,4.829282277135728e-14,converged
2025-01-16T01:40:00+08:00,17.666666666666668,-5.583333333333332,0.0,3.4652777777777777,51.4,51.4,44.2,44.2,35.0,55.00000000000001,85.0,38.39763289890362,10.50947551741176,13.220845032301357,14.667312349190514,77.83381659807692,1.0923371041131396,51.0,51.0,51.0,42.1812268153183,42.59564149888692,42.478516117815744,42.437475615713886,0.3975290833333333,0.3809873849549179,23.3892405527162,23.820265710923447,22.87459647231934,23.03887046225403,23.187050342819212,23.525213039473126,23.272274734002742,22.952079977017515,22.879487744073202,23.497479717647003,23.24457011318575,22.924355008633135,1.0,0.0,0.6666666666666666,0.0,0.0,22.879487744073202,23.187050342819212,23.497479717647003,16.93709640458226,21.4812290217552,25.294340992231984,1.1891713201276387e-16,1.069467500721804e-15,0.0,6.221647686458496e-15,4.296416742921568e-14,converged
2025-01-16T01:45:00+08:00,17.75,-5.666666666666668,0.0,3.4722222222222223,51.4,51.4,44.2,44.2,35.0,55.00000000000001,85.0,38.39763289890362,10.50947551741176,13.220845032301357,14.667312349190514,77.83381659807692,1.0923371041131396,51.0,51.0,51.0,42.17926626747063,42.59367163714728,42.476403379556814,42.43545372653752,0.3988966666666667,0.3810773484090818,23.383842814237422,23.814049915076623,22.866554979534715,23.035053353940704,23.180113081568642,23.517366053001776,23.26572486754843,22.946933226799604,22.87108868151148,23.489637117155805,23.238023438780957,22.919210315791467,1.0,0.0,0.6666666666666666,0.0,0.0,22.87108868151148,23.180113081568642,23.489637117155805,16.93709640458226,21.4812290217552,25.294340992231984,1.1891713201276387e-16,1.069215024444002e-15,0.0,1.8970833477830802e-15,3.2155110949882185e-14,converged
2025-01-16T01:50:00+08:00,17.833333333333332,-5.75,0.0,3.4791666666666665,51.4,51.4,44.2,44.2,35.0,55.00000000000001,85.0,38.39763289890362,10.50947551741176,13.220845032301357,14.667312349190514,77.83381659807692,1.0923371041131396,51.245032287633414,51.0,51.0,42.34460408547272,42.59165859325991,42.474242863175995,42.47918847041991,0.40026425,0.38211544965227423,23.378629010361998,23.808010468892554,22.858890173596826,23.031390259381837,23.173023212025736,23.509377902834917,23.25903623947705,22.941649527255496,22.862486950444637,23.481653307642812,23.231337968454444,22.91392864943895,1.0,0.0,0.6666666666666666,0.0,0.0,22.862486950444637,23.173023212025736,23.481653307642812,16.93709640458226,21.4812290217552,25.294340992231984,1.1891713201276387e-16,0.0,0.0,2.057611466678354e-15,4.073724550657106e-14,converged
2025-01-16T01:55:00+08:00,17.916666666666668,-5.833333333333332,0.0,3.486111111111111,51.4,51.4,44.2,44.2,35.0,55.00000000000001,85.0,38.39763289890362,10.50947551741176,13.220845032301357,14.667312349190514,77.83381659807692,1.0923371041131396,51.4,51.28150167825958,51.0,42.448551812998424,42.78596960688207,42.47203477238557,42.57369963856734,0.4016318333333333,0.3841100895424255,23.373490255887383,23.802044245370613,22.851393064389327,23.027787937293784,23.16629240790355,23.501733325143515,23.252669371138786,22.936667490325465,22.85368367621317,23.473528820653303,23.22451419859167,22.90851047615617,1.0,0.0,0.6666666666666666,0.0,0.0,22.85368367621317,23.16629240790355,23.473528820653303,16.93709640458226,21.4812290217552,25.294340992231984,1.1891713201276387e-16,3.0307801069640113e-16,0.0,1.1116138106094471e-16,4.1751670993067176e-14,converged
2025-01-16T02:00:00+08:00,18.0,-5.916666666666668,0.0,3.493055555555556,51.4,51.4,44.2,44.2,35.0,55.00000000000001,85.0,38.39763289890362,10.50947551741176,13.220845032301357,14.667312349190514,77.83381659807692,1.0923371041131396,51.4,51.4,51.37645272062144,42.446661945344864,42.86670455228988,42.73123424890404,42.69999081853936,0.40299941666666667,0.3867045196218773,23.368240534560538,23.79597500306033,22.84370885795808,23.024086928594883,23.15962288012248,23.49415026281812,23.246356386787898,22.931732065148037,22.845644213581185,23.465910053971044,23.218166253045794,22.903540716631166,1.0,0.0,0.6666666666666666,0.0,0.0,22.845644213581185,23.15962288012248,23.465910053971044,16.93709640458226,21.4812290217552,25.294340992231984,1.1891713201276387e-16,1.0536562303245983e-15,0.0,1.6035198620339096e-16,5.5689891441936686e-14,converged
2025-01-16T02:05:00+08:00,18.083333333333332,-6.0,0.0,3.5,51.8,51.8,44.4,44.4,35.0,55.00000000000001,85.0,38.571377844147534,10.557029705273349,13.280667860501813,14.733680278372367,78.53978864518791,1.1072324062986225,51.4,51.4,51.4,42.47789408849145,42.89673068314046,42.77784389845599,42.73668168849023,0.404367,0.3872164036191489,23.362907239226143,23.78982828332909,22.83589110171756,23.02031097348782,23.15283880487227,23.4864616740751,23.239938904438198,22.926692785453387,22.837516724026127,23.458226578874722,23.211752598285003,22.898504056344496,1.0,0.0,0.6666666666666666,0.0,0.0,22.837516724026127,23.15283880487227,23.458226578874722,16.860803177534596,21.384466728864414,25.18040251929401,1.1784821939443633e-16,9.01940006199503e-16,0.0,4.220863566033534e-16,3.4670063509649186e-14,converged
2025-01-16T02:10:00+08:00,18.166666666666668,-6.027777777777778,0.27777777777777385,3.493055555555556,51.8,51.8,44.4,44.4,35.0,55.00000000000001,85.0,38.571377844147534,10.557029705273349,13.280667860501813,14.733680278372367,78.53978864518791,1.1072324062986225,51.4,51.4,51.4,42.475955509283004,42.894785349442124,42.77576399680749,42.734686800591085,0.40470697777777775,0.3873055672964091,23.357560598084333,23.783675379674605,22.828051617251774,23.016518387978692,23.146035513674565,23.478762665816337,23.23350447517815,22.921629494465407,22.829365127938896,23.45053263710192,23.205321960776846,22.89344335925983,1.0,0.0,0.6666666666666666,0.0,0.0,22.829365127938896,23.146035513674565,23.45053263710192,16.860803177534596,21.384466728864414,25.18040251929401,1.1784821939443633e-16,9.017323657873545e-16,0.0,4.2199347344017305e-16,4.8089595716574126e-14,converged
2025-01-16T02:15:00+08:00,18.25,-6.055555555555556,0.5555555555555596,3.486111111111111,51.8,51.8,44.4,44.4,35.0,55.00000000000001,85.0,38.571377844147534,10.557029705273349,13.280667860501813,14.733680278372367,78.53978864518791,1.1072324062986225,51.4,51.4,51.4,42.47401189525996,42.89283463432214,42.77367827428847,42.73268645827425,0.4050469555555556,0.3873949747647811,23.352200647155204,23.777516307909856,22.820190512825647,23.012709210547918,23.139213082973658,23.47105327731493,23.227053159695757,22.91654227408253,22.821189559221377,23.442828268065604,23.198874401279237,22.888358707283842,1.0,0.0,0.6666666666666666,0.0,0.0,22.821189559221377,23.139213082973658,23.442828268065604,16.860803177534596,21.384466728864414,25.18040251929401,1.1784821939443633e-16,4.507621268098018e-16,0.0,7.091516981057501e-16,3.782758111843155e-14,converged
2025-01-16T02:20:00+08:00,18.333333333333332,-6.083333333333333,0.8333333333333334,3.4791666666666665,51.8,51.8,44.4,44.4,35.0,55.00000000000001,85.0,38.571377844147534,10.557029705273349,13.280667860501813,14.733680278372367,78.53978864518791,1.1072324062986225,51.651135745797234,51.4,51.4,42.64386866215536,42.89087855745016,42.771586755419115,42.7777040141212,0.4053869333333333,0.3884551024814452,23.347129189831467,23.771636981541242,22.81288338524322,23.009142168761485,23.132371588909734,23.463333547695957,23.220585018461687,22.911431205923858,22.81299015103168,23.43511351103034,23.19240998033273,22.8832501820441,1.0,0.0,0.6666666666666666,0.0,0.0,22.81299015103168,23.132371588909734,23.43511351103034,16.860803177534596,21.384466728864414,25.18040251929401,1.1784821939443633e-16,1.4984398593721067e-16,0.0,7.668184342350256e-16,4.659753338917994e-14,converged
2025-01-16T02:25:00+08:00,18.416666666666668,-6.111111111111111,1.1111111111111072,3.4722222222222223,51.8,51.8,44.4,44.4,35.0,55.00000000000001,85.0,38.571377844147534,10.557029705273349,13.280667860501813,14.733680278372367,78.53978864518791,1.1072324062986225,51.8,51.68924266169084,51.4,42.74391714886427,43.09101310291937,42.76948946461097,42.87319540347751,0.4057269111111111,0.39045941977754345,23.34222231535698,23.76592004058006,22.80589226337686,23.00571117731553,23.126036608314788,23.456101396730826,23.214573130760257,22.906746893458568,22.80476703578828,23.427388405112836,23.185928758261277,22.87811786489003,1.0,0.0,0.6666666666666666,0.0,0.0,22.80589226337686,23.126036608314788,23.427388405112836,16.860803177534596,21.384466728864414,25.18040251929401,1.1784821939443633e-16,8.944488153974628e-16,0.0,3.8751060395069494e-16,3.855338139840483e-14,converged
2025-01-16T02:30:00+08:00,18.5,-6.138888888888889,1.3888888888888928,3.4652777777777777,51.8,51.8,44.4,44.4,35.0,55.00000000000001,85.0,38.571377844147534,10.557029705273349,13.280667860501813,14.733680278372367,78.53978864518791,1.1072324062986225,51.8,51.8,51.78556779845648,42.74215695054104,43.16660777965461,43.035614569914074,43.00039769226185,0.40606688888888887,0.3930613603484568,23.337300944172895,23.760195816703177,22.79887529442565,23.002262757270064,23.119881450303236,23.449047395604328,23.20872364836264,22.902209579241052,22.797508627201235,23.420314978089472,23.180059741683216,22.873560882815266,1.0,0.0,0.6666666666666666,0.0,0.0,22.79887529442565,23.119881450303236,23.420314978089472,16.860803177534596,21.384466728864414,25.18040251929401,1.1784821939443633e-16,5.923519000887307e-16,0.0,2.9737062680198963e-15,3.94924334195752e-14,converged
2025-01-16T02:35:00+08:00,18.583333333333332,-6.166666666666667,1.6666666666666667,3.4583333333333335,51.93333333333334,51.93333333333334,44.46666666666667,44.46666666666667,35.0,55.00000000000001,85.0,38.62929282589551,10.572881101227217,13.300608803235303,14.755802921432991,78.77582093482899,1.112227432197302,51.8,51.8,51.8,42.7515619141798,43.17560465671572,43.05466273268277,43.01334570150031,0.4064068666666667,0.393318722505252,23.33237423704911,23.754472842433092,22.791850324843622,22.998804860853856,23.113717748923204,23.44199292246036,23.202867007641327,22.8976579226721,22.79027719900624,23.413265989712595,23.174207241728876,22.86901211562236,1.0,0.0,0.5833333333333334,0.0,0.0,22.791850324843622,23.113717748923204,23.413265989712595,16.835524612051028,21.35240605910599,25.14265079137902,1.7624267447066096e-16,1.4799107589568193e-16,1.5151262840601024e-16,3.359749218068133e-15,5.133331181860872e-14,converged
2025-01-16T02:40:00+08:00,18.666666666666668,-6.194444444444444,1.9444444444444406,3.451388888888889,51.93333333333334,51.93333333333334,44.46666666666667,44.46666666666667,35.0,55.00000000000001,85.0,38.62929282589551,10.572881101227217,13.300608803235303,14.755802921432991,78.77582093482899,1.112227432197302,51.8,51.8,51.8,42.74979626334845,43.173834267152884,43.05278243798636,43.011534626842526,0.4067468444444445,0.39339979199388364,23.327433088324756,23.74874260241378,22.784799681128383,22.995329599044812,23.10753236647939,23.434925642773063,23.19699141402441,22.893080593407834,22.783016691778915,23.40620414855679,23.168335753872153,22.864437650923335,1.0,0.0,0.5833333333333334,0.0,0.0,22.784799681128383,23.10753236647939,23.40620414855679,16.835524612051028,21.35240605910599,25.14265079137902,1.7624267447066096e-16,0.0,1.5151262840601024e-16,4.7459634314871705e-15,4.0564793550792833e-14,converged
2025-01-16T02:45:00+08:00,18.75,-6.222222222222222,2.2222222222222263,3.444444444444444,51.93333333333334,51.93333333333334,44.46666666666667,44.46666666666667,35.0,55.00000000000001,85.0,38.62929282589551,10.572881101227217,13.300608803235303,14.755802921432991,78.77582093482899,1.112227432197302,51.8,51.8,51.8,42.748024914732646,43.172057864744986,43.05089548041109,43.00971737726909,0.4070868222222222,0.39348113789147077,23.322477536982085,23.743005115226783,22.77772349122172,22.99183701202878,23.101325389232677,23.427845604818252,23.191096935391272,22.88847767902355,22.775727267060354,23.399129503025687,23.16244534605257,22.859837576294012,1.0,0.0,0.5833333333333334,0.0,0.0,22.77772349122172,23.101325389232677,23.399129503025687,16.835524612051028,21.35240605910599,25.14265079137902,1.7624267447066096e-16,7.396499515247683e-16,1.5151262840601024e-16,3.941261853605564e-15,4.503383546094531e-14,converged
2025-01-16T02:50:00+08:00,18.833333333333332,-6.25,2.5,3.4375,51.93333333333334,51.93333333333334,44.46666666666667,44.46666666666667,35.0,55.00000000000001,85.0,38.62929282589551,10.572881101227217,13.300608803235303,14.755802921432991,78.77582093482899,1.112227432197302,51.88438601034531,51.8,51.8,42.80401048615913,43.17027547151071,43.04900188829343,43.02370366496188,0.4074268,0.3938889421811361,23.31760904740678,23.73735649105468,22.770815305957566,22.98841408666961,23.095096903100746,23.42075285668977,23.18518363937819,22.88384926679579,22.76840908549426,23.39204210134064,23.156536085966565,22.85521197901176,1.0,0.0,0.5833333333333334,0.0,0.0,22.770815305957566,23.095096903100746,23.39204210134064,16.835524612051028,21.35240605910599,25.14265079137902,1.7624267447066096e-16,2.955536684586575e-16,1.5151262840601024e-16,1.2679269477710343e-15,4.023447885986486e-14,converged
2025-01-16T02:55:00+08:00,18.916666666666668,-6.277777777777778,2.777777777777774,3.430555555555556,51.93333333333334,51.93333333333334,44.46666666666667,44.46666666666667,35.0,55.00000000000001,85.0,38.62929282589551,10.572881101227217,13.300608803235303,14.755802921432991,78.77582093482899,1.112227432197302,51.93333333333334,51.89726917175718,51.8,42.83578659477476,43.23648648974121,43.04710168984308,43.054472359633884,0.4077667777777778,0.3946104974397429,23.312784710550574,23.731756076738115,22.76399277818788,22.985024089267604,23.089023756361485,23.413814918512788,23.17941070293541,22.879346986053882,22.76106230683191,23.384941991541393,23.15060804106834,22.850560946056508,1.0,0.0,0.5833333333333334,0.0,0.0,22.76399277818788,23.089023756361485,23.384941991541393,16.835524612051028,21.35240605910599,25.14265079137902,1.7624267447066096e-16,8.850397233391754e-16,1.5151262840601024e-16,2.9656974185041045e-15,4.1201512596395786e-14,converged
2025-01-16T03:00:00+08:00,19.0,-6.305555555555556,3.05555555555556,3.423611111111111,51.93333333333334,51.93333333333334,44.46666666666667,44.46666666666667,35.0,55.00000000000001,85.0,38.62929282589551,10.572881101227217,13.300608803235303,14.755802921432991,78.77582093482899,1.112227432197302,51.93333333333334,51.93333333333334,51.9295293122299,42.83406435455918,43.25996238996311,43.13535395038472,43.09579508576419,0.4081067555555556,0.3955314062296288,23.307945655765547,23.726148083235632,22.757143567457625,22.98161656934535,23.082993975459072,23.40692571044401,23.173677400574103,22.87487495510174,22.754019175554248,23.37805166656633,23.14487262075061,22.84608585905738,1.0,0.0,0.5833333333333334,0.0,0.0,22.757143567457625,23.082993975459072,23.37805166656633,16.835524612051028,21.35240605910599,25.14265079137902,1.7624267447066096e-16,4.414895504884978e-16,1.5151262840601024e-16,3.5117937854483605e-16,4.0929700285020846e-14,converged
2025-01-16T03:05:00+08:00,19.083333333333332,-6.333333333333333,3.3333333333333335,3.4166666666666665,52.06666666666666,52.06666666666666,44.53333333333333,44.53333333333333,35.0,55.00000000000001,85.0,38.687207807643475,10.58873249718108,13.320549745968787,14.777925564493607,79.01220736143875,1.1172374581624995,51.93333333333334,51.93333333333334,51.93333333333334,42.84354475698603,43.26903314578608,43.14709354333033,43.1059974175558,0.4084467333333333,0.3957321751208901,23.30310107243156,23.720541072118582,22.750285584438277,22.97819950074354,23.076955198252822,23.40003545566437,23.16793656431857,22.870388393848486,22.7469747348979,23.37116692596714,23.13913597567363,22.841602259896508,1.0,0.0,0.5833333333333334,0.0,0.0,22.750285584438277,23.076955198252822,23.37116692596714,16.810321730895264,21.320441379376792,25.10501209258953,1.7571539675718453e-16,7.354426121111566e-16,0.0,7.83364914626103e-16,4.244360113938802e-14,converged
2025-01-16T03:10:00+08:00,19.166666666666668,-6.361111111111111,3.611111111111107,3.4097222222222223,52.06666666666666,52.06666666666666,44.53333333333333,44.53333333333333,35.0,55.00000000000001,85.0,38.687207807643475,10.58873249718108,13.320549745968787,14.777925564493607,79.01220736143875,1.1172374581624995,51.93333333333334,51.93333333333334,51.93333333333334,42.84181675586296,43.2672997940545,43.14525599099549,43.10422572724461,0.4087867111111111,0.39581160054065184,23.298241827370813,23.714926500385364,22.74340109932866,22.97476497320654,23.070894245727423,23.393131778293814,23.162176362787573,22.865875939612536,22.73990018106599,23.364268717050773,23.133379930552913,22.837092742923133,1.0,0.0,0.5833333333333334,0.0,0.0,22.74340109932866,23.070894245727423,23.364268717050773,16.810321730895264,21.320441379376792,25.10501209258953,1.7571539675718453e-16,2.9411801389327494e-16,0.0,2.591836757554237e-15,3.7052092442534294e-14,converged
2025-01-16T03:15:00+08:00,19.25,-6.388888888888889,3.888888888888893,3.4027777777777777,52.06666666666666,52.06666666666666,44.53333333333333,44.53333333333333,35.0,55.00000000000001,85.0,38.687207807643475,10.58873249718108,13.320549745968787,14.777925564493607,79.01220736143875,1.1172374581624995,51.93333333333334,51.93333333333334,51.93333333333334,42.84008292443946,43.2655603077297,43.14341160924362,43.10244772021334,0.40912668888888887,0.39589130914091114,23.293367960164417,23.709304387373898,22.73649024421263,22.971313027141445,23.064811206120353,23.38621472893625,23.156396865345403,22.86133768073078,22.732795681364177,23.357357090544873,23.127604554810713,22.832557396474133,1.0,0.0,0.5833333333333334,0.0,0.0,22.73649024421263,23.064811206120353,23.357357090544873,16.810321730895264,21.320441379376792,25.10501209258953,1.7571539675718453e-16,0.0,0.0,5.608120175525935e-15,3.242253796238163e-14,converged
2025-01-16T03:20:00+08:00,19.333333333333332,-6.416666666666667,4.166666666666667,3.3958333333333335,52.06666666666666,52.06666666666666,44.53333333333333,44.53333333333333,35.0,55.00000000000001,85.0,38.687207807643475,10.58873249718108,13.320549745968787,14.777925564493607,79.01220736143875,1.1172374581624995,52.01839142050946,51.93333333333334,51.93333333333334,42.89659907494463,43.26381470928909,43.14156042717521,43.11660809695894,0.4094666666666667,0.3963001668193681,23.288581770071872,23.7037716344593,22.729748163908653,22.967931364900945,23.058706167317986,23.379284358004792,23.15059814110789,22.85677370523874,22.725661402168583,23.350432096986026,23.121809917620848,22.8279963085853,1.0,0.0,0.5833333333333334,0.0,0.0,22.729748163908653,23.058706167317986,23.350432096986026,16.810321730895264,21.320441379376792,25.10501209258953,1.7571539675718453e-16,1.4687770984461435e-16,0.0,2.842497713276823e-15,6.3228669671367e-14,converged
2025-01-16T03:25:00+08:00,19.416666666666668,-6.444444444444444,4.444444444444441,3.388888888888889,52.06666666666666,52.06666666666666,44.53333333333333,44.53333333333333,35.0,55.00000000000001,85.0,38.687207807643475,10.58873249718108,13.320549745968787,14.777925564493607,79.01220736143875,1.1172374581624995,52.06666666666666,52.031454896549945,51.93333333333334,42.927971328739844,43.33069522359524,43.139702473760295,43.147512909986524,0.4098066444444444,0.3970216124518433,23.283838720391422,23.698286046659053,22.72308940874195,22.964581857304843,23.052757571241482,23.37250969607491,23.14494080142903,22.852337008086426,22.71849750893097,23.343493786720476,23.1159960879096,22.823409566992368,1.0,0.0,0.5833333333333334,0.0,0.0,22.72308940874195,23.052757571241482,23.343493786720476,16.810321730895264,21.320441379376792,25.10501209258953,1.7571539675718453e-16,5.864432472983087e-16,0.0,9.007411422341469e-16,5.975180128916852e-14,converged
2025-01-16T03:30:00+08:00,19.5,-6.472222222222222,4.722222222222227,3.381944444444444,52.06666666666666,52.06666666666666,44.53333333333333,44.53333333333333,35.0,55.00000000000001,85.0,38.687207807643475,10.58873249718108,13.320549745968787,14.777925564493607,79.01220736143875,1.1172374581624995,52.06666666666666,52.06666666666666,52.0638663441976,42.926286146470666,43.353625192179024,43.22874501593889,43.188959682555314,0.4101466222222222,0.3979423714447613,23.279080734881823,23.692792587676077,22.71640315855266,22.961214734409843,23.04685031753261,23.36578170138805,23.139321306169105,22.84792902621476,22.71163890334687,23.336766432641234,23.1103761656185,22.819000162992705,1.0,0.0,0.5833333333333334,0.0,0.0,22.71640315855266,23.04685031753261,23.336766432641234,16.810321730895264,21.320441379376792,25.10501209258953,1.7571539675718453e-16,1.4627158375254158e-16,0.0,1.228536829572709e-15,4.194515517325681e-14,converged
2025-01-16T03:35:00+08:00,19.583333333333332,-6.5,5.0,3.375,52.2,52.2,44.6,44.6,35.0,55.00000000000001,85.0,38.745122789391445,10.604583893134945,13.340490688702275,14.800048207554228,79.24894792501725,1.1222625066830707,52.06666666666666,52.06666666666666,52.06666666666666,42.935840614509495,43.36276851792171,43.239866346816434,43.198971106316556,0.4104866,0.39813663238080854,23.274317031189007,23.687299847732714,22.709707387133864,22.957837991459286,23.0409336251888,23.35905209794563,23.133693909315145,22.843506329880277,22.704775467531636,23.330042376094443,23.104753012051123,22.814580501628793,1.0,0.0,0.5833333333333334,0.0,0.0,22.709707387133864,23.0409336251888,23.330042376094443,16.78519419467569,21.288572259228246,25.06748591606847,2.9198413625024633e-16,1.4620021414606512e-16,1.2007991631280833e-16,2.5048505440465614e-15,3.219969776301678e-14,converged
2025-01-16T03:40:00+08:00,19.666666666666668,-6.527777777777778,5.277777777777774,3.368055555555556,52.2,52.2,44.6,44.6,35.0,55.00000000000001,85.0,38.745122789391445,10.604583893134945,13.340490688702275,14.800048207554228,79.24894792501725,1.1222625066830707,52.06666666666666,52.06666666666666,52.06666666666666,42.93414937151036,43.361071371553955,43.2380704255232,43.19723784518673,0.4108265777777778,0.3982144513298883,23.269538448945937,23.681799256559845,22.7029843092549,22.95444369716875,23.034994274448223,23.352308469164125,23.128046743176757,22.83905752441818,22.69788091738491,23.32330424896489,23.09911005465438,22.810134706283314,1.0,0.0,0.5833333333333334,0.0,0.0,22.7029843092549,23.034994274448223,23.32330424896489,16.78519419467569,21.288572259228246,25.06748591606847,2.9198413625024633e-16,0.0,1.2007991631280833e-16,1.57282429401975e-15,4.976036878141947e-14,converged
2025-01-16T03:45:00+08:00,19.75,-6.555555555555556,5.55555555555556,3.361111111111111,52.2,52.2,44.6,44.6,35.0,55.00000000000001,85.0,38.745122789391445,10.604583893134945,13.340490688702275,14.800048207554228,79.24894792501725,1.1222625066830707,52.06666666666666,52.06666666666666,52.06666666666666,42.932452169445114,43.359367971888275,43.23626751322785,43.195498129498766,0.41116655555555554,0.3982925600719612,23.264745028323798,23.67629083424107,22.696234061025073,22.95103189216398,23.029032355480897,23.3455508679259,23.122379878573458,22.834582698912975,22.690955425794915,23.31655210425476,23.093447364303646,22.805662866040244,1.0,0.0,0.5833333333333334,0.0,0.0,22.696234061025073,23.029032355480897,23.31655210425476,16.78519419467569,21.288572259228246,25.06748591606847,2.9198413625024633e-16,1.4614297817401055e-16,1.2007991631280833e-16,2.071947501363268e-15,4.714052683315274e-14,converged
2025-01-16T03:50:00+08:00,19.833333333333332,-6.583333333333333,5.833333333333334,3.3541666666666665,52.2,52.2,44.6,44.6,35.0,55.00000000000001,85.0,38.745122789391445,10.604583893134945,13.340490688702275,14.800048207554228,79.24894792501725,1.1222625066830707,52.15239482147532,52.06666666666666,52.06666666666666,42.98949708070437,43.35765834184952,43.23445763977154,43.20983139234911,0.4115065333333333,0.39870250178180905,23.260039901379265,23.670872271374698,22.68965337717238,22.947690992512406,23.023047958098005,23.338779346913917,23.11669338607107,22.83008194214521,22.683999164689208,23.309785994766585,23.087765011620657,22.80116506967989,1.0,0.0,0.5833333333333334,0.0,0.0,22.68965337717238,23.023047958098005,23.309785994766585,16.78519419467569,21.288572259228246,25.06748591606847,2.9198413625024633e-16,1.459927155042576e-16,1.2007991631280833e-16,4.529049112278267e-16,6.243074332190158e-14,converged
2025-01-16T03:55:00+08:00,19.916666666666668,-6.611111111111111,6.111111111111107,3.3472222222222223,52.2,52.2,44.6,44.6,35.0,55.00000000000001,85.0,38.745122789391445,10.604583893134945,13.340490688702275,14.800048207554228,79.24894792501725,1.1222625066830707,52.2,52.16563807308725,52.06666666666666,43.02046540636719,43.425206295216334,43.232640834861414,43.24087117654945,0.41184651111111115,0.3994238710235565,23.25537690777744,23.665499834960393,22.683153713102893,22.944381477001695,23.017221113813925,23.33216444331062,23.11114930779477,22.82570961124121,22.677012305040027,23.303005973103993,23.082063066974396,22.79664140567993,1.0,0.0,0.5833333333333334,0.0,0.0,22.683153713102893,23.017221113813925,23.303005973103993,16.78519419467569,21.288572259228246,25.06748591606847,2.9198413625024633e-16,5.829161964136545e-16,1.2007991631280833e-16,2.3322884443486085e-15,5.06646135160776e-14,converged
2025-01-16T04:00:00+08:00,20.0,-6.638888888888889,6.388888888888893,3.3402777777777777,52.2,52.2,44.6,44.6,35.0,55.00000000000001,85.0,38.745122789391445,10.604583893134945,13.340490688702275,14.800048207554228,79.24894792501725,1.1222625066830707,52.2,52.2,52.1982003755715,43.01881640547377,43.447590620694406,43.32247111550168,43.282440883529816,0.41218648888888887,0.40034451349682476,23.25069876371421,23.66011923957784,22.676625765074334,22.941054254540955,23.011433603290463,23.325594160841497,23.105641295997426,22.821364468498423,22.670332398874894,23.296438087595394,23.076556316580753,22.79229647095051,1.0,0.0,0.5833333333333334,0.0,0.0,22.676625765074334,23.011433603290463,23.296438087595394,16.78519419467569,21.288572259228246,25.06748591606847,2.9198413625024633e-16,0.0,1.2007991631280833e-16,1.4712724049390724e-15,3.740289286015957e-14,converged
2025-01-16T04:05:00+08:00,20.083333333333332,-6.666666666666667,6.666666666666667,3.3333333333333335,52.333333333333336,52.333333333333336,44.666666666666664,44.666666666666664,35.0,55.00000000000001,85.0,38.803037771139415,10.620435289088807,13.360431631435759,14.822170850614844,79.48604262556444,1.1273026002478708,52.2,52.2,52.2,43.02844359837917,43.45680523537671,43.33297391654554,43.29226048895528,0.41252646666666665,0.400532311785561,23.24601471476253,23.654739103708444,22.67008756893314,22.937717341569133,23.00563622215941,23.31902171994421,23.100125022613234,22.817004430843465,22.6636441791188,23.289871229446188,23.07104434019293,22.7879395412722,1.0,0.0,0.5833333333333334,0.0,0.0,22.67008756893314,23.00563622215941,23.289871229446188,16.760141666026925,21.256798270781637,25.03007175798479,5.822263845145757e-17,1.1626060460186976e-15,0.0,1.0089896192444715e-15,4.424934403502029e-14,converged
2025-01-16T04:10:00+08:00,20.166666666666668,-6.694444444444444,6.944444444444441,3.326388888888889,52.333333333333336,52.333333333333336,44.666666666666664,44.666666666666664,35.0,55.00000000000001,85.0,38.803037771139415,10.620435289088807,13.360431631435759,14.822170850614844,79.48604262556444,1.1273026002478708,52.2,52.2,52.2,43.02678824527039,43.455143481071886,43.33121854573506,43.29056472658231,0.4128664444444444,0.4006085609419991,23.24131557368923,23.649350830187988,22.6635212848674,22.93436278597559,22.999815710474746,23.312434663969285,23.094588584133813,22.81261807197767,22.656923875797627,23.283289711432435,23.065512164373626,22.783556265500014,1.0,0.0,0.5,0.0,0.0,22.6635212848674,22.999815710474746,23.283289711432435,16.760141666026925,21.256798270781637,25.03007175798479,5.822263845145757e-17,1.452980954191212e-16,0.0,1.896813181269983e-15,3.719415481864311e-14,converged
2025-01-16T04:15:00+08:00,20.25,-6.722222222222222,7.222222222222227,3.319444444444444,52.333333333333336,52.333333333333336,44.666666666666664,44.666666666666664,35.0,55.00000000000001,85.0,38.803037771139415,10.620435289088807,13.360431631435759,14.822170850614844,79.48604262556444,1.1273026002478708,52.2,52.2,52.2,43.02512680797534,43.453475357737304,43.3294560271469,43.28886237567169,0.4132064222222222,0.4006851063489292,23.23660138124692,23.643954439835184,22.65692705289861,22.930990628602164,22.993972160295975,23.305833048028976,23.089032052804853,22.80820548171944,22.650171667206003,23.27669358878245,23.05995986142238,22.779146733451338,1.0,0.0,0.5,0.0,0.0,22.65692705289861,22.993972160295975,23.27669358878245,16.760141666026925,21.256798270781637,25.03007175798479,5.822263845145757e-17,2.905406764122565e-16,0.0,2.0395849299865012e-15,4.445412011320697e-14,converged
2025-01-16T04:20:00+08:00,20.333333333333332,-6.75,7.5,3.3125,52.333333333333336,52.333333333333336,44.666666666666664,44.666666666666664,35.0,55.00000000000001,85.0,38.803037771139415,10.620435289088807,13.360431631435759,14.822170850614844,79.48604262556444,1.1273026002478708,52.28639622223928,52.2,52.2,43.08269868701779,43.45180088873419,43.32768639134019,43.303367346809665,0.41354640000000004,0.4010961618449579,23.231976100220514,23.63864841050955,22.65050319360719,22.92768999746344,22.988105663316205,23.299216927027718,23.08345550061321,22.803766749580674,22.643387730647742,23.270082916516486,23.05438750337996,22.774711034637352,1.0,0.0,0.5,0.0,0.0,22.65050319360719,22.988105663316205,23.270082916516486,16.760141666026925,21.256798270781637,25.03007175798479,5.822263845145757e-17,7.256073038161774e-16,0.0,7.951926610571439e-16,5.765443366403239e-14,converged
2025-01-16T04:25:00+08:00,20.416666666666668,-6.777777777777778,7.777777777777774,3.305555555555556,52.333333333333336,52.333333333333336,44.666666666666664,44.666666666666664,35.0,55.00000000000001,85.0,38.803037771139415,10.620435289088807,13.360431631435759,14.822170850614844,79.48604262556444,1.1273026002478708,52.333333333333336,52.29981871277915,52.2,43.1132630325189,43.520014246191884,43.325909668736664,43.33454098000207,0.4138863777777778,0.401817487038139,23.227391950647707,23.633387474984442,22.64415807506261,22.92441998275072,22.98239783660892,23.29275834092684,23.07802239683668,22.799457591432674,22.636572242441343,23.26345774944752,23.04879516202927,22.770249258264087,1.0,0.0,0.5,0.0,0.0,22.64415807506261,22.98239783660892,23.26345774944752,16.760141666026925,21.256798270781637,25.03007175798479,5.822263845145757e-17,1.448609450587265e-16,0.0,1.186806227623258e-15,3.5670429500558794e-14,converged
2025-01-16T04:30:00+08:00,20.5,-6.805555555555556,8.05555555555556,3.298611111111111,52.333333333333336,52.333333333333336,44.666666666666664,44.666666666666664,35.0,55.00000000000001,85.0,38.803037771139415,10.620435289088807,13.360431631435759,14.822170850614844,79.48604262556444,1.1273026002478708,52.333333333333336,52.333333333333336,52.332531419787074,43.11164935936494,43.54185323334879,43.4165251784524,43.37623253414698,0.41422635555555554,0.402738045378747,23.222792439199292,23.628118096855633,22.637783906079687,22.921132170549967,22.976727349650115,23.28634234630849,23.072623593138502,22.79517410162417,22.630065398094594,23.257045906837835,23.043399305602506,22.765967602814303,1.0,0.0,0.5,0.0,0.0,22.637783906079687,22.976727349650115,23.257045906837835,16.760141666026925,21.256798270781637,25.03007175798479,5.822263845145757e-17,7.2264914603147515e-16,0.0,4.042842002086551e-15,4.307757109785462e-14,converged
2025-01-16T04:35:00+08:00,20.583333333333332,-6.833333333333333,8.333333333333334,3.2916666666666665,52.46666666666667,52.46666666666667,44.733333333333334,44.733333333333334,35.0,55.00000000000001,85.0,38.86095275288738,10.63628668504267,13.380372574169245,14.844293493675465,79.72349146308031,1.1323577613457547,52.333333333333336,52.333333333333336,52.333333333333336,43.12134796794504,43.5511378832129,43.4264092193556,43.38585944324918,0.4145663333333333,0.40291942546906173,23.21818683904091,23.622848922477523,22.63139878351668,22.917834598290927,22.971046570229305,23.27992365569085,23.06721617540727,22.79087554009237,22.623546793259525,23.250632837799152,23.037996240087743,22.761672222360446,1.0,0.0,0.5,0.0,0.0,22.63139878351668,22.971046570229305,23.250632837799152,16.735163809594695,21.22511898870894,24.99276911751089,1.1609845571975586e-16,4.3339430095015534e-16,1.5060942346767341e-16,9.563710177618971e-16,4.4155889513227074e-14,converged
2025-01-16T04:40:00+08:00,20.666666666666668,-6.861111111111111,8.611111111111107,3.2847222222222223,52.46666666666667,52.46666666666667,44.733333333333334,44.733333333333334,35.0,55.00000000000001,85.0,38.86095275288738,10.63628668504267,13.380372574169245,14.844293493675465,79.72349146308031,1.1323577613457547,52.333333333333336,52.333333333333336,52.333333333333336,43.11972765919444,43.54951072639298,43.42469334834177,43.38420027327943,0.41490631111111115,0.4029941406142723,23.213565936391877,23.617571328157634,22.624984813808272,22.914519293237138,22.96534219876772,23.273489772983087,23.061788204799008,22.786550449249003,22.61699516651744,23.244204532315326,23.032572587554256,22.757350287678157,1.0,0.0,0.5,0.0,0.0,22.624984813808272,22.96534219876772,23.244204532315326,16.735163809594695,21.22511898870894,24.99276911751089,1.1609845571975586e-16,5.777519328171188e-16,1.5060942346767341e-16,3.073170464431098e-15,4.043029502069297e-14,converged
2025-01-16T04:45:00+08:00,20.75,-6.888888888888889,8.888888888888893,3.2777777777777777,52.46666666666667,52.46666666666667,44.733333333333334,44.733333333333334,35.0,55.00000000000001,85.0,38.86095275288738,10.63628668504267,13.380372574169245,14.844293493675465,79.72349146308031,1.1323577613457547,52.333333333333336,52.333333333333336,52.333333333333336,43.11810114468114,43.54787708771543,43.4229701774449,43.382534384546275,0.4152462888888889,0.40306915831641993,23.20892977257769,23.612285335439395,22.618542140778157,22.911186296443997,22.95961432917228,23.26704075547985,23.056339754957108,22.782198919632908,22.61041070139889,23.23776104779344,23.027128421697363,22.753001889304812,1.0,0.0,0.5,0.0,0.0,22.618542140778157,22.95961432917228,23.23776104779344,16.735163809594695,21.22511898870894,24.99276911751089,1.1609845571975586e-16,4.3323330286491077e-16,1.5060942346767341e-16,9.560209579348208e-16,4.3790899985800154e-14,converged
2025-01-16T04:50:00+08:00,20.833333333333332,-6.916666666666667,9.166666666666668,3.2708333333333335,52.46666666666667,52.46666666666667,44.733333333333334,44.733333333333334,35.0,55.00000000000001,85.0,38.86095275288738,10.63628668504267,13.380372574169245,14.844293493675465,79.72349146308031,1.1323577613457547,52.42039563174414,52.333333333333336,52.333333333333336,43.17619822324255,43.546236990966975,43.42123973792016,43.397209910620965,0.4155862666666667,0.40348135648880196,23.204383139050258,23.607090207488802,22.61227066681982,22.907925446112145,22.953863054976114,23.260576660259716,23.050870899261085,22.77782104147394,22.603793580414393,23.23130244142429,23.02166381594857,22.74862711746909,1.0,0.0,0.5,0.0,0.0,22.61227066681982,22.953863054976114,23.23130244142429,16.735163809594695,21.22511898870894,24.99276911751089,1.1609845571975586e-16,2.885271399898393e-16,1.5060942346767341e-16,7.059279786343277e-16,3.280765897287846e-14,converged
2025-01-16T04:55:00+08:00,20.916666666666668,-6.944444444444444,9.444444444444441,3.263888888888889,52.46666666666667,52.46666666666667,44.733333333333334,44.733333333333334,35.0,55.00000000000001,85.0,38.86095275288738,10.63628668504267,13.380372574169245,14.844293493675465,79.72349146308031,1.1323577613457547,52.46666666666667,52.433996826967764,52.33352615686638,43.20635855719653,43.61511373914572,43.41963651281287,43.42856765355897,0.4159262444444444,0.40420367317887895,23.199876640211073,23.60193914663072,22.606075680223643,22.904694447259804,22.94827157479355,23.254271026249917,23.04554653053676,22.773573885969995,22.59714448125949,23.224829102269215,23.0161791589583,22.7442263625509,1.0,0.0,0.5,0.0,0.0,22.606075680223643,22.94827157479355,23.224829102269215,16.735163809594695,21.22511898870894,24.99276911751089,1.1609845571975586e-16,5.760230772342121e-16,1.5060942346767341e-16,6.96086744161572e-16,3.7654249683239386e-14,converged
2025-01-16T05:00:00+08:00,21.0,-6.972222222222222,9.722222222222227,3.256944444444444,52.46666666666667,52.46666666666667,44.733333333333334,44.733333333333334,35.0,55.00000000000001,85.0,38.86095275288738,10.63628668504267,13.380372574169245,14.844293493675465,79.72349146308031,1.1323577613457547,52.46666666666667,52.46666666666667,52.46666666666667,43.20477938044265,43.63640770858537,43.51076587126653,43.47027727455278,0.4162662222222222,0.4051221707596844,23.195354571250828,23.596779363623224,22.599850898517982,22.90144556148034,22.94271545468073,23.24800597023534,23.040254706849932,22.76935088619121,22.590804747502897,23.218569619782365,23.010891650288006,22.740006519204094,1.0,0.0,0.5,0.0,0.0,22.599850898517982,22.94271545468073,23.218569619782365,16.735163809594695,21.22511898870894,24.99276911751089,1.1609845571975586e-16,4.310378333848022e-16,1.5060942346767341e-16,4.3103783338480206e-16,4.537592891453923e-14,converged
2025-01-16T05:05:00+08:00,21.083333333333332,-7.0,10.0,3.25,52.6,52.6,44.8,44.8,35.0,55.00000000000001,85.0,38.91886773463535,10.652138080996535,13.400313516902731,14.866416136736085,79.96129443756489,1.137428012465578,52.46666666666667,52.46666666666666,52.46666666666667,43.21454812620723,43.645761166471004,43.52016540996659,43.47976199937115,0.41660620000000004,0.40529818033584925,23.190826232598223,23.591619532313356,22.593614478557335,22.898186846991685,22.93714863013502,23.241737692487032,23.03495392407335,22.765112641443547,22.584450338024787,23.212307005269047,23.005595276370013,22.73577152869946,1.0,0.0,0.5,0.0,0.0,22.593614478557335,22.93714863013502,23.212307005269047,16.71026029202089,21.193533990213837,24.955577496800306,1.1575318169314814e-16,5.744675277370729e-16,0.0,1.0459011084051584e-15,4.679809514354945e-14,converged
2025-01-16T05:10:00+08:00,21.166666666666668,-7.027777777777778,10.277777777777775,3.243055555555556,52.6,52.6,44.8,44.8,35.0,55.00000000000001,85.0,38.91886773463535,10.652138080996535,13.400313516902731,14.866416136736085,79.96129443756489,1.137428012465578,52.46666666666667,52.46666666666666,52.46666666666667,43.21296203835332,43.644167830847536,43.51848801707426,43.47813853887087,0.41694617777777776,0.40537139637751946,23.186282384239217,23.586451002841756,22.587348473831035,22.89491031062981,22.931557762485706,23.235453658084804,23.02963220850123,22.760847663188418,22.578061998191895,23.206028590154677,23.00027793569574,22.73150977973214,1.0,0.0,0.5,0.0,0.0,22.587348473831035,22.931557762485706,23.206028590154677,16.71026029202089,21.193533990213837,24.955577496800306,1.1575318169314814e-16,1.4359094261120248e-16,0.0,4.797466116093421e-16,4.664565948796665e-14,converged
2025-01-16T05:15:00+08:00,21.25,-7.055555555555556,10.55555555555556,3.236111111111111,52.6,52.6,44.8,44.8,35.0,55.00000000000001,85.0,38.91886773463535,10.652138080996535,13.400313516902731,14.866416136736085,79.96129443756489,1.137428012465578,52.46666666666667,52.46666666666666,52.46666666666667,43.21136962660519,43.64256790337509,43.51680317672866,43.4765082330333,0.41728615555555554,0.40544492113535596,23.181723068063814,23.58127379746632,22.581053031858136,22.891615993661187,22.92594294744602,23.229153926459226,23.02428963514679,22.756556042671914,22.571639916605683,23.199734433978776,22.994939703328466,22.727221363546327,1.0,0.0,0.4166666666666667,0.0,0.0,22.581053031858136,22.92594294744602,23.199734433978776,16.71026029202089,21.193533990213837,24.955577496800306,1.1575318169314814e-16,1.0049543233968525e-15,0.0,1.4699285159664054e-15,2.856353561926089e-14,converged
2025-01-16T05:20:00+08:00,21.333333333333332,-7.083333333333333,10.833333333333334,3.2291666666666665,52.6,52.6,44.8,44.8,35.0,55.00000000000001,85.0,38.91886773463535,10.652138080996535,13.400313516902731,14.866416136736085,79.96129443756489,1.137428012465578,52.55439305887944,52.46666666666666,52.46666666666667,43.26999016049931,43.64096140825536,43.51511092085961,43.491353184513756,0.4176261333333333,0.4058582900322209,23.17725390213728,23.57618796271207,22.574929632823437,22.888394442717864,22.920304280348173,23.22283855681671,23.018926278754424,22.752237870828683,22.565184280819274,23.193424596056513,22.989580654062745,22.72290637107508,1.0,0.0,0.4166666666666667,0.0,0.0,22.574929632823437,22.920304280348173,23.193424596056513,16.71026029202089,21.193533990213837,24.955577496800306,1.1575318169314814e-16,4.30256045100222e-16,0.0,1.3284127702047342e-15,7.279504222163432e-14,converged
2025-01-16T05:25:00+08:00,21.416666666666668,-7.111111111111111,11.111111111111107,3.2222222222222223,52.6,52.6,44.8,44.8,35.0,55.00000000000001,85.0,38.91886773463535,10.652138080996535,13.400313516902731,14.866416136736085,79.96129443756489,1.137428012465578,52.6,52.56817242692763,52.46785126675199,43.299746471544374,43.71049955494993,43.51423772464823,43.52310693468202,0.41796611111111115,0.4065857906756609,23.172823879201648,23.571145174219502,22.568880492770734,22.885201981055793,22.914826537344805,23.21668258325243,23.013708452107227,22.748051570777765,22.558698326420867,23.187101176116556,22.98420280103214,22.718566739234962,1.0,0.0,0.4166666666666667,0.0,0.0,22.568880492770734,22.914826537344805,23.187101176116556,16.71026029202089,21.193533990213837,24.955577496800306,1.1575318169314814e-16,5.726482552844594e-16,0.0,6.898585317173212e-16,4.3327933427867745e-14,converged
2025-01-16T05:30:00+08:00,21.5,-7.138888888888889,11.388888888888893,3.2152777777777777,52.6,52.6,44.8,44.8,35.0,55.00000000000001,85.0,38.91886773463535,10.652138080996535,13.400313516902731,14.866416136736085,79.96129443756489,1.137428012465578,52.6,52.599999999999994,52.6,43.298200981529085,43.7312488426731,43.604763408355005,43.56440763961785,0.41830608888888887,0.4074939345074243,23.168378081019732,23.566093388062068,22.562800834115173,22.881991544112406,22.909382188810117,23.210565190073666,23.00852142664027,22.74388792095627,22.55251836821277,23.180989399943638,22.97902014797211,22.714406318713582,1.0,0.0,0.4166666666666667,0.0,0.0,22.562800834115173,22.909382188810117,23.180989399943638,16.71026029202089,21.193533990213837,24.955577496800306,1.1575318169314814e-16,5.713720473786036e-16,0.0,1.428430118446509e-16,4.2203545247722164e-14,converged
2025-01-16T05:35:00+08:00,21.583333333333332,-7.166666666666667,11.666666666666668,3.2083333333333335,52.733333333333334,52.733333333333334,44.86666666666667,44.86666666666667,35.0,55.00000000000001,85.0,38.97678271638331,10.667989476950398,13.420254459636217,14.888538779796702,80.1994515490182,1.1425133760961967,52.6,52.6,52.6,43.30803861586194,43.74066990740732,43.6142358255948,43.57396233579885,0.4186460666666667,0.4076687781947186,23.163925834958242,23.56104130520476,22.556708872717053,22.878771210693355,22.903926733525825,23.204444061004345,23.00332510426248,22.739708856414598,22.546322910227286,23.174873978442594,22.973828292431858,22.710230581613626,1.0,0.0,0.4166666666666667,0.0,0.0,22.556708872717053,22.903926733525825,23.174873978442594,16.685430781928734,21.162042855012928,24.91849640096554,1.7311416845151868e-16,0.0,1.1936621695879463e-16,3.4120542662747376e-15,3.525648999571034e-14,converged
2025-01-16T05:40:00+08:00,21.666666666666668,-7.194444444444444,11.944444444444441,3.201388888888889,52.733333333333334,52.733333333333334,44.86666666666667,44.86666666666667,35.0,55.00000000000001,85.0,38.97678271638331,10.667989476950398,13.420254459636217,14.888538779796702,80.1994515490182,1.1425133760961967,52.6,52.6,52.6,43.3064859469014,43.73910963455807,43.61259591732373,43.57237372462139,0.4189860444444444,0.4077405291891012,23.159457875079596,23.555980249977342,22.550586609909246,22.875532967403217,22.89844679425973,23.198306622894624,22.99810747687166,22.735502857998256,22.54009264236806,23.168742204338773,22.968615098085643,22.70602788564107,1.0,0.0,0.3333333333333333,0.0,0.0,22.550586609909246,22.89844679425973,23.168742204338773,16.685430781928734,21.162042855012928,24.91849640096554,1.7311416845151868e-16,1.427566227699478e-16,1.1936621695879463e-16,2.8795206042990696e-16,3.3492427268108745e-14,converged
2025-01-16T05:45:00+08:00,21.75,-7.222222222222222,12.222222222222227,3.194444444444444,52.733333333333334,52.733333333333334,44.86666666666667,44.86666666666667,35.0,55.00000000000001,85.0,38.97678271638331,10.667989476950398,13.420254459636217,14.888538779796702,80.1994515490182,1.1425133760961967,52.6,52.6,52.6,43.30492683926405,43.737542662639214,43.61094841843312,43.5707781450856,0.4193260222222222,0.40781259491540006,23.154974243830026,23.55091024534206,22.544434196802396,22.87227685571705,22.8929424684912,23.192152937265522,22.992868620823526,22.73127001764764,22.533827758147755,23.162594139258797,22.963380641337483,22.701798322734017,1.0,0.0,0.3333333333333333,0.0,0.0,22.544434196802396,22.8929424684912,23.162594139258797,16.685430781928734,21.162042855012928,24.91849640096554,1.7311416845151868e-16,2.854627916802936e-16,1.1936621695879463e-16,4.5514875434526515e-15,4.453225282869138e-14,converged
2025-01-16T05:50:00+08:00,21.833333333333332,-7.25,12.5,3.1875,52.733333333333334,52.733333333333334,44.86666666666667,44.86666666666667,35.0,55.00000000000001,85.0,38.97678271638331,10.667989476950398,13.420254459636217,14.888538779796702,80.1994515490182,1.1425133760961967,52.6883885124819,52.6,52.6,43.364069107771904,43.73596901625711,43.60929336150684,43.58579141563273,0.419666,0.4082271617648108,23.150581383842127,23.545932119242725,22.538454687368272,22.869094128950117,22.887413853311507,23.185983065405996,22.98760861220014,22.7270104269893,22.527528450003278,23.156429844597046,22.958124998317825,22.69754198451704,1.0,0.0,0.3333333333333333,0.0,0.0,22.538454687368272,22.887413853311507,23.156429844597046,16.685430781928734,21.162042855012928,24.91849640096554,1.7311416845151868e-16,1.140691582830095e-15,1.1936621695879463e-16,1.904151776692714e-15,2.898098380053985e-14,converged
2025-01-16T05:55:00+08:00,21.916666666666668,-7.277777777777778,12.777777777777775,3.180555555555556,52.733333333333334,52.733333333333334,44.86666666666667,44.86666666666667,35.0,55.00000000000001,85.0,38.97678271638331,10.667989476950398,13.420254459636217,14.888538779796702,80.1994515490182,1.1425133760961967,52.733333333333334,52.70234552386631,52.60217342930758,43.393421403967544,43.80616659000161,43.60914790102382,43.617939620478545,0.42000597777777776,0.4089598633309255,23.14622668016082,23.540996024385997,22.53254723291168,22.865939731994494,22.88204729842474,23.179973532796122,22.982495180164925,22.722883857670798,22.52120050484778,23.150253126437462,22.952851802564894,22.693262350573974,1.0,0.0,0.3333333333333333,0.0,0.0,22.53254723291168,22.88204729842474,23.150253126437462,16.685430781928734,21.162042855012928,24.91849640096554,1.7311416845151868e-16,1.4233098680974092e-16,1.1936621695879463e-16,1.0935021230521633e-15,4.4708309903251607e-14,converged
2025-01-16T06:00:00+08:00,22.0,-7.305555555555556,13.05555555555556,3.173611111111111,52.733333333333334,52.733333333333334,44.86666666666667,44.86666666666667,35.0,55.00000000000001,85.0,38.97678271638331,10.667989476950398,13.420254459636217,14.888538779796702,80.1994515490182,1.1425133760961967,52.733333333333334,52.733333333333334,52.733333333333334,43.39190881210599,43.8263715469933,43.6990701224306,43.65883139552038,0.4203459555555556,0.4098577089242877,23.14185599918044,23.53605066032059,22.526608556924412,22.86276727247441,22.876712186233142,23.174000598558898,22.977410816463586,22.718778440117372,22.515175221185505,23.144285855247503,22.94777186993308,22.689160235201147,1.0,0.0,0.3333333333333333,0.0,0.0,22.526608556924412,22.876712186233142,23.144285855247503,16.685430781928734,21.162042855012928,24.91849640096554,1.7311416845151868e-16,4.2605757788164485e-16,1.1936621695879463e-16,4.2605757788164485e-16,2.682119831055629e-14,converged
2025-01-16T06:05:00+08:00,22.083333333333332,-7.333333333333333,13.333333333333334,3.1666666666666665,52.86666666666667,52.86666666666667,44.93333333333333,44.93333333333333,35.0,55.00000000000001,85.0,39.03469769813128,10.68384087290426,13.440195402369703,14.910661422857318,80.43796279744019,1.147613874726465,52.733333333333334,52.73333333333335,52.733333333333334,43.40181411546103,43.835859042794766,43.70861398072763,43.66845477533835,0.4206859333333333,0.41003141588882164,23.13747869488518,23.53110475476031,22.520656933306554,22.85958484958492,22.871365574405303,23.168023425598424,22.972316825115215,22.71465744151688,22.50913364084291,23.138314436723178,22.94268240465578,22.685042637245633,1.0,0.0,0.3333333333333333,0.0,0.0,22.520656933306554,22.871365574405303,23.138314436723178,16.66067494990807,21.13064516531706,24.8815253380561,2.3013447684543585e-16,1.1356722174527267e-15,0.0,3.0821994146625726e-15,2.914866743294139e-14,converged
2025-01-16T06:10:00+08:00,22.166666666666668,-7.361111111111111,13.611111111111107,3.1597222222222223,52.86666666666667,52.86666666666667,44.93333333333333,44.93333333333333,35.0,55.00000000000001,85.0,39.03469769813128,10.68384087290426,13.440195402369703,14.910661422857318,80.43796279744019,1.147613874726465,52.733333333333334,52.73333333333335,52.733333333333334,43.40029408425378,43.83433109175017,43.707010590941316,43.66690017550908,0.4210259111111111,0.41010173506243863,23.13308547571943,23.526149606574755,22.514674312004793,22.85638442989327,22.865994047667854,23.162029403122904,22.96720116407837,22.710509312428538,22.50305639910215,23.132326125483882,22.93757123605224,22.680897883757474,1.0,0.0,0.3333333333333333,0.0,0.0,22.514674312004793,22.865994047667854,23.13308547571943,16.66067494990807,21.13064516531706,24.8815253380561,2.3013447684543585e-16,8.51608114819683e-16,0.0,5.988510142157031e-16,3.693957197655191e-14,converged
2025-01-16T06:15:00+08:00,22.25,-7.388888888888889,13.888888888888893,3.1527777777777777,52.86666666666667,52.86666666666667,44.93333333333333,44.93333333333333,35.0,55.00000000000001,85.0,39.03469769813128,10.68384087290426,13.440195402369703,14.910661422857318,80.43796279744019,1.147613874726465,52.733333333333334,52.73333333333335,52.733333333333334,43.39876750284278,43.83279633712178,43.70539947164602,43.665338487757055,0.4213658888888889,0.41017237484388086,23.12867638467751,23.52118523942057,22.50866084762058,22.853166055080685,22.86059770522705,23.156018594699322,22.962063911024522,22.70633414547436,22.49694369423252,23.126320985198983,22.932438441840524,22.676726067356025,1.0,0.0,0.3333333333333333,0.0,0.0,22.50866084762058,22.86059770522705,23.12867638467751,16.66067494990807,21.13064516531706,24.8815253380561,2.3013447684543585e-16,1.1352819347840734e-15,0.0,8.784571118253152e-16,3.957481233474346e-14,converged
2025-01-16T06:20:00+08:00,22.333333333333332,-7.416666666666667,14.166666666666668,3.1458333333333335,52.86666666666667,52.86666666666667,44.93333333333333,44.93333333333333,35.0,55.00000000000001,85.0,39.03469769813128,10.68384087290426,13.440195402369703,14.910661422857318,80.43796279744019,1.147613874726465,52.822382001335775,52.73333333333335,52.733333333333334,43.458429808119384,43.83125480391053,43.70378065605961,43.68051899361303,0.4217058666666667,0.4105881660752256,23.12435868692089,23.516313260727298,22.5028211639256,22.8500216834038,22.855176645894133,23.149991063654856,22.956905143346734,22.70213203296017,22.490795723400993,23.120299079297883,22.927284099460394,22.672527280344752,1.0,0.0,0.3333333333333333,0.0,0.0,22.5028211639256,22.855176645894133,23.12435868692089,16.66067494990807,21.13064516531706,24.8815253380561,2.3013447684543585e-16,0.0,0.0,2.269814491930488e-15,4.406248856063456e-14,converged
2025-01-16T06:25:00+08:00,22.416666666666668,-7.444444444444444,14.444444444444441,3.138888888888889,52.86666666666667,52.86666666666667,44.93333333333333,44.93333333333333,35.0,55.00000000000001,85.0,39.03469769813128,10.68384087290426,13.440195402369703,14.910661422857318,80.43796279744019,1.147613874726465,52.86666666666667,52.836516128924885,52.73649265765184,43.487378116361484,43.902109853562784,43.704360668237435,43.71306012423474,0.4220458444444445,0.41132608477610194,23.12007816374537,23.511482304004737,22.497051354968335,22.8469048847769,22.849918788953328,23.144124823086294,22.951894003025526,22.69806409168218,22.484620818306894,23.1142659159245,22.922113458791788,22.668306541119872,1.0,0.0,0.3333333333333333,0.0,0.0,22.497051354968335,22.849918788953328,23.12007816374537,16.66067494990807,21.13064516531706,24.8815253380561,2.3013447684543585e-16,1.415122042287975e-16,0.0,7.051115398181691e-16,3.6612758019990016e-14,converged
2025-01-16T06:30:00+08:00,22.5,-7.472222222222222,14.722222222222227,3.131944444444444,52.86666666666667,52.86666666666667,44.93333333333333,44.93333333333333,35.0,55.00000000000001,85.0,39.03469769813128,10.68384087290426,13.440195402369703,14.910661422857318,80.43796279744019,1.147613874726465,52.86666666666667,52.86666666666668,52.86666666666667,43.48589765456143,43.92177084538919,43.793679663986296,43.75354297541813,0.4223858222222222,0.41221368674563874,23.11578146424336,23.50664181044356,22.491249641523595,22.843769937359774,22.844690436517077,23.13829321419947,22.94691020903334,22.69401581065063,22.478745273582874,23.108440018551125,22.917134155724074,22.664261635133645,1.0,0.0,0.3333333333333333,0.0,0.0,22.491249641523595,22.844690436517077,23.11578146424336,16.66067494990807,21.13064516531706,24.8815253380561,2.3013447684543585e-16,4.236224762914177e-16,0.0,4.236224762914177e-16,3.10080354397267e-14,converged
2025-01-16T06:35:00+08:00,22.583333333333332,-7.5,15.0,3.125,53.0,53.0,45.0,45.0,35.0,55.00000000000001,85.0,39.09261267987926,10.699692268858126,13.46013634510319,14.932784065917943,80.67682818283092,1.1527295308452399,52.86666666666667,52.86666666666667,52.86666666666667,43.49586943568176,43.931323621286204,43.80329356205414,43.76323378125883,0.4227258,0.41238628542233163,23.11147796870044,23.501800534142696,22.4854343545889,22.840624960540655,22.83945020076903,23.132456874832837,22.941916463595163,22.68995178560101,22.47285266154603,23.10260948288547,22.912144996765754,22.660201083908976,1.0,0.0,0.3333333333333333,0.0,0.0,22.4854343545889,22.840624960540655,23.11147796870044,16.6359924685008,21.099340505812886,24.84466381903675,1.7208982650771557e-16,7.057419580995034e-16,0.0,1.7649696099793368e-15,3.0363536281579707e-14,converged
2025-01-16T06:40:00+08:00,22.666666666666668,-7.527777777777778,15.277777777777775,3.118055555555556,53.0,53.0,45.0,45.0,35.0,55.00000000000001,85.0,39.09261267987926,10.699692268858126,13.46013634510319,14.932784065917943,80.67682818283092,1.1527295308452399,52.86666666666667,52.86666666666667,52.86666666666667,43.4943812813731,43.929827268125464,43.80172575119292,43.761712376377325,0.4230657777777778,0.4124552051931045,23.10715836024429,23.4969497488571,22.47958739347699,22.837461901041493,22.83418462890511,23.126603157128613,22.93690069117943,22.68586043713119,22.46692356367696,23.09676152602327,22.907133777335087,22.65611318416846,1.0,0.0,0.3333333333333333,0.0,0.0,22.47958739347699,22.837461901041493,23.10715836024429,16.6359924685008,21.099340505812886,24.84466381903675,1.7208982650771557e-16,7.056240311746772e-16,0.0,2.1710766841050704e-15,4.751971813222957e-14,converged
2025-01-16T06:45:00+08:00,22.75,-7.555555555555556,15.55555555555556,3.111111111111111,53.0,53.0,45.0,45.0,35.0,55.00000000000001,85.0,39.09261267987926,10.699692268858126,13.46013634510319,14.932784065917943,80.67682818283092,1.1527295308452399,52.86666666666667,52.86666666666667,52.86666666666667,43.49288646849886,43.92832400951034,43.800150076086695,43.76018376737173,0.4234057555555556,0.4125244513113123,23.102822682409297,23.492089478927994,22.47370891618224,22.834280800747266,22.82889382182011,23.120732126656232,22.93186297074716,22.681741858532366,22.460958182852007,23.09089621363324,22.902100576438052,22.651998029200293,1.0,0.0,0.3333333333333333,0.0,0.0,22.47370891618224,22.834280800747266,23.102822682409297,16.6359924685008,21.099340505812886,24.84466381903675,1.7208982650771557e-16,4.233033513172839e-16,0.0,1.3471920465929051e-15,3.62988804850216e-14,converged
2025-01-16T06:50:00+08:00,22.833333333333332,-7.583333333333333,15.833333333333334,3.1041666666666665,53.0,53.0,45.0,45.0,35.0,55.00000000000001,85.0,39.09261267987926,10.699692268858126,13.46013634510319,14.932784065917943,80.67682818283092,1.1527295308452399,52.95637353417331,52.86666666666667,52.86666666666667,43.553067134996894,43.92681387082655,43.79856657056784,43.77553044676644,0.42374573333333326,0.41294149257612983,23.09857902085483,23.48732210934474,22.468005112306308,22.831174321120532,22.823577880007026,23.114843848737724,22.926803380976306,22.677596142777208,22.454956720819425,23.085013611136567,22.89704547279768,22.647855711974454,1.0,0.0,0.3333333333333333,0.0,0.0,22.468005112306308,22.831174321120532,23.09857902085483,16.6359924685008,21.099340505812886,24.84466381903675,1.7208982650771557e-16,7.04793075531593e-16,0.0,2.46380413414343e-15,3.272672876683826e-14,converged
2025-01-16T06:55:00+08:00,22.916666666666668,-7.611111111111111,16.111111111111107,3.0972222222222223,53.0,53.0,45.0,45.0,35.0,55.00000000000001,85.0,39.09261267987926,10.699692268858126,13.46013634510319,14.932784065917943,80.67682818283092,1.1527295308452399,53.0,52.97068425317833,52.87080896482569,43.58161150044958,43.99832446516178,43.799869821658056,43.808462997319694,0.4240857111111111,0.4136846438871746,23.09437155706135,23.482594758143794,22.46236902609919,22.82809466047157,22.81842628837438,23.109117820333164,22.92189247311489,22.673585748443458,22.448930047554587,23.079120924458508,22.89197532858811,22.643692785859077,1.0,0.0,0.3333333333333333,0.0,0.0,22.46236902609919,22.82809466047157,23.09437155706135,16.6359924685008,21.099340505812886,24.84466381903675,1.7208982650771557e-16,2.814107885007332e-16,0.0,1.901436341020311e-15,4.0319917955695225e-14,converged
2025-01-16T07:00:00+08:00,23.0,-7.638888888888889,16.388888888888893,3.0902777777777777,53.0,53.0,45.0,45.0,35.0,55.00000000000001,85.0,39.09261267987926,10.699692268858126,13.46013634510319,14.932784065917943,80.67682818283092,1.1527295308452399,53.0,53.0,53.0,43.58016242054428,44.017441871576935,43.88858585181758,43.84853694996745,0.4244256888888889,0.41456205597253326,23.09014772089298,23.47785760633122,22.456700371841393,22.8249967658505,22.813302276399273,23.103424471972243,22.91700720025308,22.669593529699014,22.443199466203225,23.073433338368364,22.887094607620995,22.639704014981955,1.0,0.0,0.3333333333333333,0.0,0.0,22.456700371841393,22.8249967658505,23.09014772089298,16.6359924685008,21.099340505812886,24.84466381903675,1.7208982650771557e-16,4.212227825114121e-16,0.0,4.212227825114119e-16,3.102551916265567e-14,converged
2025-01-16T07:05:00+08:00,23.083333333333332,-7.666666666666667,16.666666666666668,3.0833333333333335,53.13333333333333,53.13333333333333,45.06666666666667,45.06666666666667,35.0,55.00000000000001,85.0,39.15052766162723,10.715543664811992,13.480077287836679,14.954906708978562,80.91604770519032,1.1578603669413752,53.0,53.0,53.0,43.590199515703524,44.027058800839235,43.89826842354646,43.85829395353543,0.4247656666666667,0.41473357408376504,23.085916918624978,23.47311943403276,22.451017536708516,22.8218887766446,22.808166006433943,23.09772591220842,22.912111658938937,22.665585407254223,22.437451072322858,23.06774063383461,22.882203714294214,22.635699439492033,1.0,0.0,0.3333333333333333,0.0,0.0,22.451017536708516,22.8218887766446,23.085916918624978,16.611383012186444,21.06812846364452,24.807911357765985,1.1438737439541372e-16,4.210485807091496e-16,1.1883648522672894e-16,3.3134820636576597e-15,4.056247571724084e-14,converged
2025-01-16T07:10:00+08:00,23.166666666666668,-7.694444444444444,16.944444444444443,3.076388888888889,53.13333333333333,53.13333333333333,45.06666666666667,45.06666666666667,35.0,55.00000000000001,85.0,39.15052766162723,10.715543664811992,13.480077287836679,14.954906708978562,80.91604770519032,1.1578603669413752,53.0,53.0,53.0,43.58874249716292,44.02559333829567,43.89673527786396,43.85680494819433,0.42510564444444443,0.4148011260815874,23.08166980836546,23.468371490229135,22.445302370114085,22.818762619920513,22.803003988644413,23.092009456682487,22.907193740592035,22.661549772065932,22.431665394391562,23.062029991000042,22.877290410571106,22.631667326108307,1.0,0.0,0.3333333333333333,0.0,0.0,22.445302370114085,22.818762619920513,23.08166980836546,16.611383012186444,21.06812846364452,24.807911357765985,1.1438737439541372e-16,5.61306681718299e-16,1.1883648522672894e-16,3.2632451474802996e-16,3.99585839694852e-14,converged
2025-01-16T07:15:00+08:00,23.25,-7.722222222222222,17.22222222222223,3.069444444444444,53.13333333333333,53.13333333333333,45.06666666666667,45.06666666666667,35.0,55.00000000000001,85.0,39.15052766162723,10.715543664811992,13.480077287836679,14.954906708978562,80.91604770519032,1.1578603669413752,53.0,53.0,53.0,43.587278714772026,44.02412087100944,43.89519413723416,43.85530862579996,0.4254456222222222,0.4148690100336033,23.077406434180983,23.463613799936457,22.439555033350324,22.815618337764597,22.797816325576523,23.086275172923727,22.902253525437263,22.65748671808231,22.42584263974791,23.05630147749027,22.87235477671997,22.627607768775633,1.0,0.0,0.3333333333333333,0.0,0.0,22.439555033350324,22.815618337764597,23.077406434180983,16.611383012186444,21.06812846364452,24.807911357765985,1.1438737439541372e-16,0.0,1.1883648522672894e-16,8.794215747274317e-16,2.618356817292485e-14,converged
2025-01-16T07:20:00+08:00,23.333333333333332,-7.75,17.5,3.0625,53.13333333333333,53.13333333333333,45.06666666666667,45.06666666666667,35.0,55.00000000000001,85.0,39.15052766162723,10.715543664811992,13.480077287836679,14.954906708978562,80.91604770519032,1.1578603669413752,53.09036311967503,53.0,53.0,43.64797608868182,44.02264142474133,43.89364503608504,43.87082043837407,0.4257856,0.4152873262258567,23.073235700205366,23.458949523785126,22.4339832778959,22.81254929311621,22.79260311936771,23.080523128206618,22.89729109341189,22.65339633893073,22.419983014577458,23.050555160675962,22.867396892721597,22.623520861118376,1.0,0.0,0.3333333333333333,0.0,0.0,22.4339832778959,22.81254929311621,23.073235700205366,16.611383012186444,21.06812846364452,24.807911357765985,1.1438737439541372e-16,0.0,1.1883648522672894e-16,1.839705604983804e-15,3.272123841810057e-14,converged
2025-01-16T07:25:00+08:00,23.416666666666668,-7.777777777777778,17.777777777777775,3.055555555555556,53.13333333333333,53.13333333333333,45.06666666666667,45.06666666666667,35.0,55.00000000000001,85.0,39.15052766162723,10.715543664811992,13.480077287836679,14.954906708978562,80.91604770519032,1.1578603669413752,53.13333333333333,53.104849907636144,53.00512236379291,43.676116574225915,44.09480565205531,43.895669320900296,43.9041429254947,0.4261255777777778,0.41603572490579116,23.069100192023267,23.45432426804834,22.42847710563536,22.809506316043194,22.787555416610317,23.074934299615737,22.892478401495424,22.64944243161594,22.41409992064987,23.044799940001635,22.86242522901218,22.619414687650465,1.0,0.0,0.3333333333333333,0.0,0.0,22.42847710563536,22.809506316043194,23.069100192023267,16.611383012186444,21.06812846364452,24.807911357765985,1.1438737439541372e-16,1.3991024671414502e-16,1.1883648522672894e-16,4.0076611619114497e-16,3.923953303674151e-14,converged
2025-01-16T07:30:00+08:00,23.5,-7.805555555555556,18.05555555555556,3.048611111111111,53.13333333333333,53.13333333333333,45.06666666666667,45.06666666666667,35.0,55.00000000000001,85.0,39.15052766162723,10.715543664811992,13.480077287836679,14.954906708978562,80.91604770519032,1.1578603669413752,53.13333333333333,53.13333333333333,53.13333333333333,43.67469814742311,44.113379866616754,43.98378266821986,43.943808023648934,0.42646555555555554,0.4169029999922783,23.064948118351253,23.449688951727715,22.42293772059377,22.80644502084674,22.782533381772986,23.069376214219666,22.887689643761707,22.645505222012112,22.408509681966898,23.03924766979599,22.857641085184348,22.615480998667326,1.0,0.0,0.3333333333333333,0.0,0.0,22.42293772059377,22.80644502084674,23.064948118351253,16.611383012186444,21.06812846364452,24.807911357765985,1.1438737439541372e-16,5.584767767518632e-16,1.1883648522672894e-16,1.3961919418796577e-16,2.6353517493795032e-14,converged
2025-01-16T07:35:00+08:00,23.583333333333332,-7.833333333333333,18.333333333333336,3.0416666666666665,53.266666666666666,53.266666666666666,45.13333333333333,45.13333333333333,35.0,55.00000000000001,85.0,39.20844264337519,10.731395060765854,13.500018230570161,14.97702935203918,81.15562136451842,1.1630064055037261,53.13333333333333,53.13333333333333,53.13333333333333,43.68479941968843,44.12305984620058,43.99353258168748,43.953630025196816,0.4268055333333333,0.4170734645660515,23.060788911146837,23.445052380622776,22.41738356522774,22.803373566721096,22.777498723055043,23.063812447093692,22.88289030722027,22.641551952248516,22.402900910128466,23.03368981156546,22.852846459162688,22.611531348912777,1.0,0.0,0.3333333333333333,0.0,0.0,22.41738356522774,22.803373566721096,23.060788911146837,16.586846257367856,21.03700862839542,24.771267470974603,1.140496996736375e-16,9.769349071828659e-16,0.0,2.794269557458655e-16,3.2574498050778823e-14,converged
2025-01-16T07:40:00+08:00,23.666666666666668,-7.861111111111111,18.611111111111107,3.0347222222222223,53.266666666666666,53.266666666666666,45.13333333333333,45.13333333333333,35.0,55.00000000000001,85.0,39.20844264337519,10.731395060765854,13.500018230570161,14.97702935203918,81.15562136451842,1.1630064055037261,53.13333333333333,53.13333333333333,53.13333333333333,43.683372814964336,44.121624583276244,43.99203321250989,43.95217264441696,0.42714551111111115,0.4171396796528189,23.056613203791663,23.44040577927539,22.41179643976936,22.800283861265594,22.772437914084033,23.058230277930512,22.87806825067539,22.637570983956792,22.39725408138891,23.028113509059335,22.84802907989394,22.60755397542151,1.0,0.0,0.3333333333333333,0.0,0.0,22.41179643976936,22.800283861265594,23.056613203791663,16.586846257367856,21.03700862839542,24.771267470974603,1.140496996736375e-16,1.2558597845623736e-15,0.0,3.202161699800286e-15,3.410129294080131e-14,converged
2025-01-16T07:45:00+08:00,23.75,-7.888888888888889,18.888888888888893,3.0277777777777777,53.266666666666666,53.266666666666666,45.13333333333333,45.13333333333333,35.0,55.00000000000001,85.0,39.20844264337519,10.731395060765854,13.500018230570161,14.97702935203918,81.15562136451842,1.1630064055037261,53.13333333333333,53.13333333333333,53.13333333333333,43.68193934409698,44.120182218843226,43.990525721600214,43.95070783683837,0.4274854888888889,0.41720623217104486,23.05242104087667,23.43574917336703,22.406176508716364,22.797175946765627,22.76735105902022,23.05262977617762,22.873223555590695,22.633562411730125,22.391569407408905,23.022518831818577,22.84318902888364,22.6035489727831,1.0,0.0,0.3333333333333333,0.0,0.0,22.406176508716364,22.797175946765627,23.05242104087667,16.586846257367856,21.03700862839542,24.771267470974603,1.140496996736375e-16,6.975885835953144e-16,0.0,1.3322336148827093e-16,4.141221451010821e-14,converged
2025-01-16T07:50:00+08:00,23.833333333333332,-7.916666666666667,19.166666666666668,3.0208333333333335,53.266666666666666,53.266666666666666,45.13333333333333,45.13333333333333,35.0,55.00000000000001,85.0,39.20844264337519,10.731395060765854,13.500018230570161,14.97702935203918,81.15562136451842,1.1630064055037261,53.22435076647019,53.13333333333333,53.13333333333333,43.743151792802514,44.118732779028065,43.98901014396377,43.9663837630824,0.42782546666666665,0.4176258474468573,23.04832214299411,23.431186497257407,22.400733081488266,22.794143885914522,22.762238261608992,23.047011011020427,22.868356303137713,22.62952632983865,22.38584709867195,23.01690584912196,22.83832638734535,22.599516435264384,1.0,0.0,0.3333333333333333,0.0,0.0,22.400733081488266,22.794143885914522,23.047011011020427,16.586846257367856,21.03700862839542,24.771267470974603,1.140496996736375e-16,1.3937753438710306e-16,0.0,1.5755463365677421e-15,7.64236541080416e-14,converged
2025-01-16T07:55:00+08:00,23.916666666666668,-7.944444444444444,19.444444444444443,3.013888888888889,53.266666666666666,53.266666666666666,45.13333333333333,45.13333333333333,35.0,55.00000000000001,85.0,39.20844264337519,10.731395060765854,13.500018230570161,14.97702935203918,81.15562136451842,1.1630064055037261,53.266666666666666,53.23901310324278,53.13943286744067,43.77088847849973,44.191548746749106,43.99175328514227,44.000094725325226,0.42816544444444443,0.4183795075571811,23.044257503738258,23.4266618491532,22.395353125012452,22.79113714388709,22.757292126201342,23.04155643594382,22.863639852504893,22.625627870372213,22.380103082288343,23.01128514968765,22.833451229960456,22.59546597471325,1.0,0.0,0.3333333333333333,0.0,0.0,22.395353125012452,22.79113714388709,23.04155643594382,16.586846257367856,21.03700862839542,24.771267470974603,1.140496996736375e-16,2.782529252129396e-16,0.0,2.415121368285691e-15,5.3337725677618766e-14,converged
2025-01-16T08:00:00+08:00,24.0,-7.972222222222222,19.72222222222223,3.006944444444444,53.266666666666666,53.266666666666666,45.13333333333333,45.13333333333333,35.0,55.00000000000001,85.0,39.20844264337519,10.731395060765854,13.500018230570161,14.97702935203918,81.15562136451842,1.1630064055037261,53.266666666666666,53.266666666666666,53.266666666666666,43.769499994846605,44.209580176442735,44.07926425432873,44.039351031195395,0.4285054222222222,0.4192366976958147,23.040176108765895,23.422126884238434,22.389939329313474,22.78811200060231,22.752369759856872,23.03613068174444,22.85894564559081,22.621744637435878,22.37464871541714,23.00586526563647,22.82876169993275,22.5915863350575,1.0,0.0,0.3333333333333333,0.0,0.0,22.389939329313474,22.78811200060231,23.03613068174444,16.586846257367856,21.03700862839542,24.771267470974603,1.140496996736375e-16,9.718939888461475e-16,0.0,1.388419984065925e-16,3.82393797221939e-14,converged
