timestamp,elapsed_hours,outdoor_temperature_c,solar_radiation_w_m2,wind_m_s,raw_supply_target_c,applied_supply_setpoint_c,raw_pump_target_hz,applied_pump_frequency_hz,near_valve_pct,mid_valve_pct,far_valve_pct,total_flow_m3_h,near_flow_m3_h,mid_flow_m3_h,far_flow_m3_h,pump_pressure_kpa,pump_power_kw,delivered_supply_near_c,delivered_supply_mid_c,delivered_supply_far_c,return_near_c,return_mid_c,return_far_c,station_return_c,required_heat_load_mw,actual_heat_supply_mw,B01_indoor_c,B02_indoor_c,B03_indoor_c,B04_indoor_c,B05_indoor_c,B06_indoor_c,B07_indoor_c,B08_indoor_c,B09_indoor_c,B10_indoor_c,B11_indoor_c,B12_indoor_c,compliance_rate,comfort_rate,overheating_rate,severe_overheating_rate,underheating_rate,P10_c,P50_c,P90_c,near_transport_delay_min,mid_transport_delay_min,far_transport_delay_min,hydraulic_residual,heat_balance_residual,mass_residual,pipe_heat_balance_residual,building_heat_balance_residual,solver_status
2025-01-15T08:05:00+08:00,0.08333333333333333,-6.0,20.0,3.0,51.8,51.8,44.4,44.4,35.0,55.00000000000001,85.0,38.57137784415214,10.557029705274612,13.280667860503398,14.733680278374129,78.5397886451772,1.1072324062986034,51.8,51.8,51.8,42.416770708106384,42.87049903151153,42.755144738209076,42.70224948930461,0.3960234,0.4066338217188564,22.24041385016481,22.4288902435906,21.896144857208522,22.08674818297047,22.157188450363638,22.29256169372791,22.203759224868126,22.083391941102022,21.94844518655663,22.26471633376753,22.176032385087897,22.05576312626004,1.0,0.16666666666666666,0.0,0.0,0.0,21.94844518655663,22.157188450363638,22.26471633376753,16.86080317753258,21.38446672886186,25.180402519291,2.38760492493128e-13,7.157257685479954e-16,0.0,7.157257685479954e-16,3.786413575507024e-14,converged
2025-01-15T08:10:00+08:00,0.16666666666666666,-5.916666666666667,28.333333333333332,2.9895833333333335,51.8,51.8,44.4,44.4,35.0,55.00000000000001,85.0,38.57137784415214,10.557029705274612,13.280667860503398,14.733680278374129,78.5397886451772,1.1072324062986034,51.8,51.8,51.8,42.41657788921251,42.870280976589015,42.754921641852754,42.70203641576054,0.3911793166666667,0.40664334527189633,22.240144526734042,22.42859991788024,21.89563011823931,22.08671113315445,22.156712598259386,22.292047116906023,22.20333379509103,22.083074030642102,21.947988474074346,22.264199587925837,22.175604164674866,22.05544182891838,1.0,0.16666666666666666,0.0,0.0,0.0,21.947988474074346,22.156712598259386,22.264199587925837,16.86080317753258,21.38446672886186,25.180402519291,2.38760492493128e-13,2.8628360252421037e-16,0.0,2.8628360252421037e-16,3.8332581188672066e-14,converged
2025-01-15T08:15:00+08:00,0.25,-5.833333333333333,36.666666666666664,2.9791666666666665,51.8,51.8,44.4,44.4,35.0,55.00000000000001,85.0,38.57137784415214,10.557029705274612,13.280667860503398,14.733680278374129,78.5397886451772,1.1072324062986034,51.8,51.8,51.8,42.41656780209693,42.87023915068734,42.75488280177669,42.702004417340504,0.38633523333333336,0.4066447754759687,22.240416865565486,22.428954246723418,21.895766323331657,22.08709035349298,22.156834672682848,22.29223053295831,22.20349633623889,22.08322069798428,21.948199111860358,22.264380842526954,22.175763924718904,22.05558512063965,1.0,0.16666666666666666,0.0,0.0,0.0,21.948199111860358,22.156834672682848,22.264380842526954,16.86080317753258,21.38446672886186,25.180402519291,2.38760492493128e-13,1.0019890847419751e-15,0.0,1.0019890847419751e-15,4.062321564836542e-14,converged
2025-01-15T08:20:00+08:00,0.3333333333333333,-5.75,45.0,2.96875,51.8,51.8,44.4,44.4,35.0,55.00000000000001,85.0,38.57137784415214,10.557029705274612,13.280667860503398,14.733680278374129,78.5397886451772,1.1072324062986034,51.8,51.8,51.8,42.416739786607216,42.87037290098738,42.7550274482392,42.7021527945556,0.38149115,0.4066381435954876,22.24122940472249,22.42995158166623,21.896550229035643,22.087884880795407,22.157552294981027,22.293109311019013,22.20424474274923,22.083830358532722,21.949073393058086,22.265257469203416,22.176509561645904,22.056191418311826,1.0,0.16666666666666666,0.0,0.0,0.0,21.949073393058086,22.157552294981027,22.265257469203416,16.86080317753258,21.38446672886186,25.180402519291,2.38760492493128e-13,2.8628726463679105e-16,0.0,2.8628726463679105e-16,3.0218851659569596e-14,converged
2025-01-15T08:25:00+08:00,0.4166666666666667,-5.666666666666667,53.33333333333333,2.9583333333333335,51.8,51.8,44.4,44.4,35.0,55.00000000000001,85.0,38.57137784415214,10.557029705274612,13.280667860503398,14.733680278374129,78.5397886451772,1.1072324062986034,51.8,51.8,51.8,42.41709318524529,42.870681577096015,42.75535481486317,42.70248085076396,0.3766470666666667,0.4066234807676177,22.24258068621415,22.431590278470058,21.89797860806245,22.089093754099764,22.158863095963607,22.294680830138592,22.205576916599732,22.084901433096373,21.950607631401013,22.266826849485057,22.177838979407554,22.05725914421743,1.0,0.16666666666666666,0.0,0.0,0.0,21.950607631401013,22.158863095963607,22.266826849485057,16.86080317753258,21.38446672886186,25.180402519291,2.38760492493128e-13,8.58892764435303e-16,0.0,8.58892764435303e-16,3.9853590213327476e-14,converged
2025-01-15T08:30:00+08:00,0.5,-5.583333333333333,61.66666666666667,2.9479166666666665,51.8,51.8,44.4,44.4,35.0,55.00000000000001,85.0,38.57137784415214,10.557029705274612,13.280667860503398,14.733680278374129,78.5397886451772,1.1072324062986034,51.8,51.8,51.8,42.41762734315574,42.87116453103698,42.75586413862065,42.70298789215848,0.3718029833333333,0.4066008180028186,22.244469255984654,22.433868697100785,21.90004824920382,22.09071601466761,22.160764715865312,22.296942479246358,22.207490767281236,22.08643234787053,21.952798161098322,22.269086374761727,22.179750089454423,22.05878672601513,1.0,0.16666666666666666,0.0,0.0,0.0,21.952798161098322,22.160764715865312,22.269086374761727,16.86080317753258,21.38446672886186,25.180402519291,2.38760492493128e-13,5.726270911050051e-16,0.0,5.726270911050051e-16,3.341285042646565e-14,converged
2025-01-15T08:35:00+08:00,0.5833333333333334,-5.5,70.0,2.9375,51.4,51.4,44.2,44.2,35.0,55.00000000000001,85.0,38.39763289890362,10.509475517411762,13.220845032301355,14.667312349190514,77.83381659807692,1.0923371041131396,51.8,51.79999999999999,51.8,42.38346813358519,42.83825846542374,42.7226390745307,42.669616987056756,0.36695890000000003,0.40625411287842667,22.24686510157447,22.436758314393476,21.902700876070952,22.0927260917091,22.16321374738787,22.299852936042985,22.20994731145354,22.088386244176515,21.955582297458502,22.27199431741468,22.18220352205938,22.06073693534411,1.0,0.16666666666666666,0.0,0.0,0.0,21.955582297458502,22.16321374738787,22.27199431741468,16.93709640458226,21.4812290217552,25.294340992231984,1.1891713201276387e-16,8.59673673224615e-16,0.0,5.283411116692947e-16,2.993251966525679e-14,converged
2025-01-15T08:40:00+08:00,0.6666666666666666,-5.416666666666667,78.33333333333334,2.9270833333333335,51.4,51.4,44.2,44.2,35.0,55.00000000000001,85.0,38.39763289890362,10.509475517411762,13.220845032301355,14.667312349190514,77.83381659807692,1.0923371041131396,51.8,51.79999999999999,51.8,42.38435323282524,42.83907968769637,42.72350015201605,42.67047091661324,0.36211481666666673,0.4062161174959828,22.249795418757454,22.44028445770676,21.905988670482866,22.095147703977222,22.16624907355491,22.303448480391282,22.21298150943683,22.090796972130534,21.95901578865393,22.275587368924047,22.18523462909773,22.06314399606854,1.0,0.16666666666666666,0.0,0.0,0.0,21.95901578865393,22.16624907355491,22.275587368924047,16.93709640458226,21.4812290217552,25.294340992231984,1.1891713201276387e-16,5.731693884750208e-16,0.0,2.8658469423751036e-15,3.94976759524312e-14,converged
2025-01-15T08:45:00+08:00,0.75,-5.333333333333333,86.66666666666666,2.9166666666666665,51.4,51.4,44.2,44.2,35.0,55.00000000000001,85.0,38.39763289890362,10.509475517411762,13.220845032301355,14.667312349190514,77.83381659807692,1.0923371041131396,51.8,51.79999999999999,51.8,42.38541785517362,42.84007394962495,42.724541649241154,42.67150247943381,0.3572707333333333,0.40617021836579803,22.253258765520275,22.44444549995438,21.90990846876631,22.09797989957785,22.169868362797594,22.30772653096555,22.216591293333934,22.093662974099217,21.963095029066206,22.27986295037261,22.18884134459243,22.06600635198978,1.0,0.16666666666666666,0.0,0.0,0.0,21.963095029066206,22.169868362797594,22.27986295037261,16.93709640458226,21.4812290217552,25.294340992231984,1.1891713201276387e-16,1.4330853982269431e-16,0.0,3.4394049557446635e-15,2.2226592717295392e-14,converged
2025-01-15T08:50:00+08:00,0.8333333333333334,-5.25,95.0,2.90625,51.4,51.4,44.2,44.2,35.0,55.00000000000001,85.0,38.39763289890362,10.509475517411762,13.220845032301355,14.667312349190514,77.83381659807692,1.0923371041131396,51.554967712366576,51.79999999999999,51.8,42.21932005225238,42.84124061047288,42.72576281361461,42.626909487041964,0.35242665,0.4051703046757826,22.256959501027797,22.44896108771431,21.91389605042739,22.10096952526072,22.174069292819247,22.312684516166208,22.220774602650387,22.096982697760183,21.96781643309755,22.284818492550826,22.19302160995511,22.06932245221017,1.0,0.16666666666666666,0.0,0.0,0.0,21.96781643309755,22.174069292819247,22.284818492550826,16.93709640458226,21.4812290217552,25.294340992231984,1.1891713201276387e-16,7.183110440441236e-16,0.0,1.3333648755069044e-15,4.641582159913555e-14,converged
2025-01-15T08:55:00+08:00,0.9166666666666666,-5.166666666666667,103.33333333333334,2.8958333333333335,51.4,51.4,44.2,44.2,35.0,55.00000000000001,85.0,38.39763289890362,10.509475517411762,13.220845032301355,14.667312349190514,77.83381659807692,1.0923371041131396,51.4,51.51849832174041,51.8,42.11474780066502,42.64621195159198,42.727162895829366,42.53167164359859,0.3475825666666667,0.40320799802151874,22.261005373745093,22.453932990914232,21.918158191743643,22.10420910192993,22.178338483736063,22.317835669799628,22.22506935965948,22.1003164510921,21.973176435059628,22.290451435920286,22.197773373959684,22.07309075111495,1.0,0.16666666666666666,0.0,0.0,0.0,21.973176435059628,22.178338483736063,22.290451435920286,16.93709640458226,21.4812290217552,25.294340992231984,1.1891713201276387e-16,2.887227495440749e-16,0.0,6.857165301671779e-16,4.447084421499019e-14,converged
2025-01-15T09:00:00+08:00,1.0,-5.083333333333333,111.66666666666666,2.8854166666666665,51.4,51.4,44.2,44.2,35.0,55.00000000000001,85.0,38.39763289890362,10.509475517411762,13.220845032301355,14.667312349190514,77.83381659807692,1.0923371041131396,51.4,51.399999999999984,51.42354727937855,42.11614812728014,42.56488762149623,42.467286210930155,42.4047848589421,0.34273848333333334,0.4006400692238181,22.265581266254678,22.45953609740062,21.923047483857193,22.107857369953862,22.182972025241973,22.32346002660148,22.229741889301962,22.103918208558092,21.978207253390806,22.29611336233795,22.202480963473054,22.076725252657486,1.0,0.16666666666666666,0.0,0.0,0.0,21.978207253390806,22.182972025241973,22.29611336233795,16.93709640458226,21.4812290217552,25.294340992231984,1.1891713201276387e-16,1.0170066792960923e-15,0.0,2.8146454385987556e-15,3.9085462815030296e-14,converged
2025-01-15T09:05:00+08:00,1.0833333333333333,-5.0,120.0,2.875,51.0,51.0,44.0,44.0,35.0,55.00000000000001,85.0,38.22388795365971,10.461921329550167,13.161022204100895,14.600944420008652,77.13103178368428,1.077575992927527,51.4,51.4,51.4,42.08309720842946,42.53303594997014,42.41878641391605,42.36624562108518,0.33789440000000004,0.400135846626577,22.27065737015936,22.465742086515974,21.928506071011736,22.11188892282795,22.188142378977993,22.329720779882905,22.234947475849804,22.107936106550586,21.983756144481614,22.30237083787325,22.207682802320704,22.08073893185582,1.0,0.16666666666666666,0.0,0.0,0.0,21.983756144481614,22.188142378977993,22.30237083787325,17.014083206421272,21.57887097185409,25.40931526946941,1.2000065381478102e-16,4.364092450416408e-16,1.2171736971707392e-16,3.2912530563557074e-15,2.6710873694201586e-14,converged
2025-01-15T09:10:00+08:00,1.1666666666666667,-4.916666666666667,128.33333333333331,2.8645833333333335,51.0,51.0,44.0,44.0,35.0,55.00000000000001,85.0,38.22388795365971,10.461921329550167,13.161022204100895,14.600944420008652,77.13103178368428,1.077575992927527,51.4,51.4,51.4,42.08484698982427,42.53467894276477,42.420483767463686,42.36793860702205,0.33305031666666673,0.40006085849509126,22.27626071947715,22.472576130368175,21.934585860362255,22.116327338727416,22.193888212862323,22.336654005939256,22.240720882030146,22.11240380375982,21.989939050482597,22.309300822612173,22.213452493248347,22.08520243865952,1.0,0.16666666666666666,0.0,0.0,0.0,21.989939050482597,22.193888212862323,22.309300822612173,17.014083206421272,21.57887097185409,25.40931526946941,1.2000065381478102e-16,1.4549701546016558e-16,1.2171736971707392e-16,5.365202445093606e-16,3.856293330298811e-14,converged
2025-01-15T09:15:00+08:00,1.25,-4.833333333333333,136.66666666666669,2.8541666666666665,51.0,51.0,44.0,44.0,35.0,55.00000000000001,85.0,38.22388795365971,10.461921329550167,13.161022204100895,14.600944420008652,77.13103178368428,1.077575992927527,51.4,51.4,51.4,42.086773931452306,42.53649259714736,42.422358780378644,42.36980670627881,0.32820623333333326,0.3999781139963662,22.282389892203994,22.48003662410416,21.94128375894544,22.121171676904478,22.200207239135082,22.34425717186379,22.24706007586289,22.117319767068125,21.996752452212792,22.316900785962247,22.21978800612662,22.090114241338263,1.0,0.16666666666666666,0.0,0.0,0.0,21.996752452212792,22.200207239135082,22.316900785962247,17.014083206421272,21.57887097185409,25.40931526946941,1.2000065381478102e-16,8.731626888064615e-16,1.2171736971707392e-16,1.1187396950332789e-15,3.1370441873410063e-14,converged
2025-01-15T09:20:00+08:00,1.3333333333333333,-4.75,145.0,2.84375,51.0,51.0,44.0,44.0,35.0,55.00000000000001,85.0,38.22388795365971,10.461921329550167,13.161022204100895,14.600944420008652,77.13103178368428,1.077575992927527,51.161126656513694,51.4,51.4,41.926025713848325,42.53847628144929,42.42441071234825,42.327276554698635,0.32336215,0.39896602038932766,22.28875688908731,22.487850457582685,21.948050142011372,22.12617532956513,22.207097179131132,22.352527754290115,22.253963032639522,22.122682468583385,22.004192850024896,22.325168206853398,22.226687318084082,22.095472813377505,1.0,0.08333333333333333,0.0,0.0,0.0,22.004192850024896,22.207097179131132,22.325168206853398,17.014083206421272,21.57887097185409,25.40931526946941,1.2000065381478102e-16,1.1671702939847549e-15,1.2171736971707392e-16,3.465036810267241e-15,3.952133471636929e-14,converged
2025-01-15T09:25:00+08:00,1.4166666666666667,-4.666666666666667,153.33333333333331,2.8333333333333335,51.0,51.0,44.0,44.0,35.0,55.00000000000001,85.0,38.22388795365971,10.461921329550167,13.161022204100895,14.600944420008652,77.13103178368428,1.077575992927527,51.0,51.12630967774833,51.4,41.81829718683105,42.35002489853446,42.42663882628712,42.23375577925869,0.3185180666666667,0.396981002077847,22.295454603811823,22.49610533088989,21.955063473616278,22.131418078596607,22.214059240813242,22.36099281596084,22.260980803834634,22.128064712140244,22.012256763696847,22.334100573702123,22.234148413481268,22.10127663346071,1.0,0.08333333333333333,0.0,0.0,0.0,22.012256763696847,22.214059240813242,22.334100573702123,17.014083206421272,21.57887097185409,25.40931526946941,1.2000065381478102e-16,4.398774294648969e-16,1.2171736971707392e-16,9.02665141714424e-16,4.1829175135062555e-14,converged
2025-01-15T09:30:00+08:00,1.5,-4.583333333333333,161.66666666666669,2.8229166666666665,51.0,51.0,44.0,44.0,35.0,55.00000000000001,85.0,38.22388795365971,10.461921329550167,13.161022204100895,14.600944420008652,77.13103178368428,1.077575992927527,51.0,51.0,51.03274522155754,41.820552209759576,42.264210125759185,42.17440033433684,42.10847447703169,0.3136739833333333,0.3943900745502082,22.30267519039378,22.504983023469762,21.96269026635061,22.137064890128404,22.2213609678924,22.3699053539162,22.268354017782567,22.13369598893806,22.02000072744834,22.34306575968554,22.24157108869587,22.106954431165594,1.0,0.08333333333333333,0.0,0.0,0.0,22.02000072744834,22.2213609678924,22.34306575968554,17.014083206421272,21.57887097185409,25.40931526946941,1.2000065381478102e-16,4.427671840868594e-16,1.2171736971707392e-16,3.2861626943946594e-16,3.4680629653630605e-14,converged
2025-01-15T09:35:00+08:00,1.5833333333333333,-4.5,170.0,2.8125,50.6,50.6,43.8,43.8,35.0,55.00000000000001,85.0,38.05014300841581,10.414367141688576,13.101199375900439,14.534576490826796,76.43143420200991,1.0629484655426902,51.0,51.0,51.0,41.78862196472365,42.23342408919888,42.120634771224694,42.068597439329395,0.30882990000000005,0.39380414246476947,22.310389063701532,22.514455438946772,21.970873121392675,22.143090535171893,22.229189197125628,22.37944219867731,22.276250892245876,22.13973673054949,22.028224699355345,22.352598654392555,22.24946365128326,22.112990475383558,1.0,0.08333333333333333,0.0,0.0,0.0,22.028224699355345,22.229189197125628,22.352598654392555,17.091773084076163,21.67740462925981,25.525339540106255,1.210990522431851e-16,4.434259671507248e-16,0.0,4.637496573117997e-15,3.6598647077965654e-14,converged
2025-01-15T09:40:00+08:00,1.6666666666666667,-4.416666666666667,178.33333333333331,2.8020833333333335,50.6,50.6,43.8,43.8,35.0,55.00000000000001,85.0,38.05014300841581,10.414367141688576,13.101199375900439,14.534576490826796,76.43143420200991,1.0629484655426902,51.0,51.0,51.0,41.791225054920844,42.23587721658467,42.1231544803532,42.07111704492021,0.3039858166666667,0.39369304780608644,22.31862307607243,22.524547571641243,21.97966363039787,22.14951843774721,22.237582351824518,22.38963918978967,22.284705965750508,22.146220384176637,22.037067854947843,22.362791746472023,22.257914456791646,22.119469468376007,1.0,0.08333333333333333,0.0,0.0,0.0,22.037067854947843,22.237582351824518,22.362791746472023,17.091773084076163,21.67740462925981,25.525339540106255,1.210990522431851e-16,5.914014609893502e-16,0.0,3.576130709419977e-15,2.7356137341885038e-14,converged
2025-01-15T09:45:00+08:00,1.75,-4.333333333333333,186.66666666666669,2.7916666666666665,50.6,50.6,43.8,43.8,35.0,55.00000000000001,85.0,38.05014300841581,10.414367141688576,13.101199375900439,14.534576490826796,76.43143420200991,1.0629484655426902,51.0,51.0,51.0,41.79400299702615,42.238498677902754,42.12584915730949,42.073809302467936,0.29914173333333327,0.3935743405629991,22.32737582517861,22.535257838580563,21.989058768994052,22.156347668093623,22.24653818698184,22.400493841653493,22.29371724145034,22.153145440710144,22.04652675860861,22.37364255254705,22.266921510158245,22.126389902374854,1.0,0.08333333333333333,0.0,0.0,0.0,22.04652675860861,22.24653818698184,22.37364255254705,17.091773084076163,21.67740462925981,25.525339540106255,1.210990522431851e-16,0.0,0.0,2.9856294823735626e-15,3.141298922616176e-14,converged
2025-01-15T09:50:00+08:00,1.8333333333333333,-4.25,195.0,2.78125,50.6,50.6,43.8,43.8,35.0,55.00000000000001,85.0,38.05014300841581,10.414367141688576,13.101199375900439,14.534576490826796,76.43143420200991,1.0629484655426902,50.7673418467261,51.0,51.0,41.63861880573252,42.241287850360166,42.1287180737392,42.033336707501505,0.29429765,0.3925511306690277,22.33636701052403,22.546320427020685,21.998523616181277,22.16333821297768,22.256054466512,22.412003678027844,22.30328272964258,22.16051039618256,22.05659799378337,22.385148598582138,22.276482823450284,22.133750274744354,1.0,0.08333333333333333,0.0,0.0,0.0,22.05659799378337,22.256054466512,22.385148598582138,17.091773084076163,21.67740462925981,25.525339540106255,1.210990522431851e-16,1.4828045664844648e-16,0.0,1.5013396235655207e-15,6.799175335816633e-14,converged
2025-01-15T09:55:00+08:00,1.9166666666666667,-4.166666666666667,203.33333333333331,2.7708333333333335,50.6,50.6,43.8,43.8,35.0,55.00000000000001,85.0,38.05014300841581,10.414367141688576,13.101199375900439,14.534576490826796,76.43143420200991,1.0629484655426902,50.6,50.73419237034078,51.0,41.52770062128123,42.0594362403769,42.13176050445977,41.941526370494735,0.2894535666666667,0.39054438441924066,22.34567455864262,22.55780886074293,22.00820810690326,22.17055701915132,22.265647096648742,22.423709695051553,22.312966710475294,22.167900645225632,22.06727816287502,22.397307419848037,22.286596415839515,22.14154908796364,1.0,0.0,0.0,0.0,0.0,22.06727816287502,22.265647096648742,22.397307419848037,17.091773084076163,21.67740462925981,25.525339540106255,1.210990522431851e-16,5.961694827595605e-16,0.0,1.5696024663279052e-15,3.0612500045284913e-14,converged
2025-01-15T10:00:00+08:00,2.0,-4.083333333333333,211.66666666666669,2.7604166666666665,50.6,50.6,43.8,43.8,35.0,55.00000000000001,85.0,38.05014300841581,10.414367141688576,13.101199375900439,14.534576490826796,76.43143420200991,1.0629484655426902,50.6,50.6,50.6420271632085,41.53079918077614,41.96908907623313,41.88718653406375,41.81784310986548,0.2846094833333333,0.3879314327189086,22.355497949176105,22.569911862073145,22.01849277775394,22.17817532503554,22.275554855223255,22.43583764373999,22.322983918122603,22.175521007941104,22.07764829960769,22.409503304123334,22.296677670553656,22.149229909180857,1.0,0.0,0.0,0.0,0.0,22.07764829960769,22.275554855223255,22.409503304123334,17.091773084076163,21.67740462925981,25.525339540106255,1.210990522431851e-16,1.500462607670261e-16,0.0,2.5387710098139592e-15,4.758620806206371e-14,converged
2025-01-15T10:05:00+08:00,2.0833333333333335,-4.0,220.0,2.75,50.2,50.2,43.6,43.6,35.0,55.00000000000001,85.0,37.8763980631719,10.366812953826985,13.041376547699977,14.468208561644937,75.73502385305395,1.048453914759536,50.6,50.600000000000016,50.6,41.50000241329229,41.93938029164946,41.82812842488839,41.77662554707559,0.2797654,0.38726451544689605,22.365807839670037,22.582601580934988,22.029320723196548,22.186168092560052,22.285979088855335,22.448578124451874,22.33351562545296,22.183544322082323,22.08846073402925,22.422239250918462,22.307204571702822,22.157248099124136,1.0,0.0,0.0,0.0,0.0,22.08846073402925,22.285979088855335,22.422239250918462,17.1701757129022,21.776842265173855,25.642428253592982,1.8331890133307594e-16,1.653351248330267e-15,0.0,1.8788082367389395e-15,3.423341738023431e-14,converged
2025-01-15T10:10:00+08:00,2.1666666666666665,-3.9166666666666665,228.33333333333334,2.7395833333333335,50.2,50.2,43.6,43.6,35.0,55.00000000000001,85.0,37.8763980631719,10.366812953826985,13.041376547699977,14.468208561644937,75.73502385305395,1.048453914759536,50.6,50.600000000000016,50.6,41.50344775001797,41.94263220185078,41.83145695469475,41.77995966586018,0.27492131666666664,0.3871181784754298,22.37663088065938,22.595902811093314,22.040743178638603,22.19455857784556,22.29695794664833,22.46196670666954,22.344596120037885,22.192003803158087,22.099878012255097,22.435623364317138,22.318280315036308,22.16570250086682,1.0,0.0,0.0,0.0,0.0,22.099878012255097,22.29695794664833,22.435623364317138,17.1701757129022,21.776842265173855,25.642428253592982,1.8331890133307594e-16,4.510844296388047e-16,0.0,5.262651679119388e-16,2.898136246801337e-14,converged
2025-01-15T10:15:00+08:00,2.25,-3.8333333333333335,236.66666666666666,2.7291666666666665,50.2,50.2,43.6,43.6,35.0,55.00000000000001,85.0,37.8763980631719,10.366812953826985,13.041376547699977,14.468208561644937,75.73502385305395,1.048453914759536,50.6,50.600000000000016,50.6,41.50706568356063,41.94605016771743,41.83495782788851,41.78346403244499,0.27007723333333333,0.38696436920045735,22.38796568916513,22.609813991109014,22.052757186246115,22.203345861961463,22.308489225317754,22.476000951014495,22.356223439399816,22.200897965570945,22.11189677945679,22.44965320707513,22.32990293979444,22.174591630107923,1.0,0.0,0.0,0.0,0.0,22.11189677945679,22.308489225317754,22.44965320707513,17.1701757129022,21.776842265173855,25.642428253592982,1.8331890133307594e-16,7.521062085604368e-16,0.0,3.1306420931328182e-15,3.0620746721349676e-14,converged
2025-01-15T10:20:00+08:00,2.3333333333333335,-3.75,245.0,2.71875,50.2,50.2,43.6,43.6,35.0,55.00000000000001,85.0,37.8763980631719,10.366812953826985,13.041376547699977,14.468208561644937,75.73502385305395,1.048453914759536,50.37361405703217,50.600000000000016,50.6,41.35706045012353,41.94963357514368,41.83863032776174,41.745044087258215,0.26523315000000003,0.38593108689519806,22.39953972127178,22.62407666036741,22.06484263808079,22.212296575892953,22.32057073033182,22.490678427289783,22.368395628079064,22.21022532878344,22.124513699413793,22.464326351112774,22.34207049222243,22.183914007597085,1.0,0.0,0.0,0.0,0.0,22.124513699413793,22.32057073033182,22.464326351112774,17.1701757129022,21.776842265173855,25.642428253592982,1.8331890133307594e-16,3.016479516161602e-16,0.0,6.645681434043529e-16,4.830680243107773e-14,converged
2025-01-15T10:25:00+08:00,2.4166666666666665,-3.6666666666666665,253.33333333333334,2.7083333333333335,50.2,50.2,43.6,43.6,35.0,55.00000000000001,85.0,37.8763980631719,10.366812953826985,13.041376547699977,14.468208561644937,75.73502385305395,1.048453914759536,50.2,50.34214738121391,50.6,41.2429193900723,41.7744047716674,41.84247374072429,41.65493793402746,0.26038906666666667,0.38390357596653185,22.41141582274515,22.638750058701568,22.077120720733376,22.221464734068775,22.332733177917266,22.50555417071988,22.380690295529043,22.219583974263305,22.137725454410266,22.4796403774805,22.354781025545353,22.19366815911741,1.0,0.0,0.0,0.0,0.0,22.137725454410266,22.332733177917266,22.4796403774805,17.1701757129022,21.776842265173855,25.642428253592982,1.8331890133307594e-16,9.097231371224612e-16,0.0,8.1496031033887145e-16,3.6884634182705223e-14,converged
2025-01-15T10:30:00+08:00,2.5,-3.5833333333333335,261.66666666666663,2.6979166666666665,50.2,50.2,43.6,43.6,35.0,55.00000000000001,85.0,37.8763980631719,10.366812953826985,13.041376547699977,14.468208561644937,75.73502385305395,1.048453914759536,50.2,50.20000000000001,50.25139426028744,41.24685063222003,41.67948333080591,41.60559129647527,41.532845637896834,0.25554498333333336,0.38126955419198283,22.423800853658072,22.654029903185045,22.089986098594856,22.23102789425452,22.345186357662005,22.520826475633083,22.39329608198868,22.229153861061533,22.150637763633462,22.49499611328276,22.3674656285425,22.203312602624003,1.0,0.0,0.0,0.0,0.0,22.150637763633462,22.345186357662005,22.49499611328276,17.1701757129022,21.776842265173855,25.642428253592982,1.8331890133307594e-16,1.5266800161063416e-16,0.0,3.9001903536466696e-15,3.3124945455008055e-14,converged
2025-01-15T10:35:00+08:00,2.5833333333333335,-3.5,270.0,2.6875,49.8,49.8,43.4,43.4,35.0,55.00000000000001,85.0,37.702653117927994,10.319258765965392,12.981553719499521,14.401840632463081,75.0418007368163,1.0340917333789685,50.2,50.2,50.2,41.21720056884562,41.650863794351345,41.54121403501464,41.49028513741452,0.2507009,0.38052235164594206,22.43666573386039,22.66988861230841,22.103382395829946,22.240961222877264,22.358146262181894,22.536699846205476,22.406407438334746,22.239120345328278,22.16395499518315,22.51086445176473,22.380571752251136,22.213273586302936,1.0,0.0,0.0,0.0,0.0,22.16395499518315,22.358146262181894,22.51086445176473,17.24930094660221,21.877196376994927,25.760596125729354,1.2334157966054493e-16,1.529677840518206e-16,1.23400098330674e-16,1.3384681104534303e-16,2.9035699030565634e-14,converged
2025-01-15T10:40:00+08:00,2.6666666666666665,-3.4166666666666665,278.33333333333337,2.6770833333333335,49.8,49.8,43.4,43.4,35.0,55.00000000000001,85.0,37.702653117927994,10.319258765965392,12.981553719499521,14.401840632463081,75.0418007368163,1.0340917333789685,50.2,50.2,50.2,41.22147739415658,41.65490341461153,41.54533822711669,41.49442198612376,0.24585681666666667,0.3803416151437623,22.450036891758884,22.686350756274027,22.117360450914994,22.251287794241943,22.371650736657386,22.55320954839855,22.420058374275463,22.249516390523013,22.177863205230146,22.527369200540797,22.39421752116268,22.223664183623608,1.0,0.0,0.0,0.0,0.0,22.177863205230146,22.371650736657386,22.527369200540797,17.24930094660221,21.877196376994927,25.760596125729354,1.2334157966054493e-16,6.121618944218445e-16,1.23400098330674e-16,3.433845626522534e-15,2.56355025492106e-14,converged
2025-01-15T10:45:00+08:00,2.75,-3.3333333333333335,286.66666666666663,2.6666666666666665,49.8,49.8,43.4,43.4,35.0,55.00000000000001,85.0,37.702653117927994,10.319258765965392,12.981553719499521,14.401840632463081,75.0418007368163,1.0340917333789685,50.2,50.2,50.2,41.22592461314561,41.659106860656415,41.54963220357755,41.49872673434232,0.24101273333333334,0.3801535432101559,22.463912963401736,22.703414794835016,22.13191737056488,22.26200670009353,22.385697618522553,22.57035318799516,22.43424696095372,22.260340534074526,22.19235911705522,22.54450796744215,22.408401008074335,22.23448293326768,1.0,0.0,0.0,0.0,0.0,22.19235911705522,22.385697618522553,22.54450796744215,17.24930094660221,21.877196376994927,25.760596125729354,1.2334157966054493e-16,0.0,1.23400098330674e-16,4.162846327095914e-15,2.240197042275034e-14,converged
2025-01-15T10:50:00+08:00,2.8333333333333335,-3.25,295.0,2.65625,49.8,49.8,43.4,43.4,35.0,55.00000000000001,85.0,37.702653117927994,10.319258765965392,12.981553719499521,14.401840632463081,75.0418007368163,1.0340917333789685,49.97994407572818,50.2,50.2,41.081313753811,41.66347352688302,41.55409525903218,41.46235490268458,0.23616865,0.37911121321494673,22.478029219937337,22.720829674862912,22.14654797053672,22.272891265855804,22.400284753799315,22.588128379786486,22.448971276407566,22.271591318391376,22.207439472107122,22.56227836929177,22.423120292665807,22.245728378887453,1.0,0.0,0.0,0.0,0.0,22.207439472107122,22.400284753799315,22.56227836929177,17.24930094660221,21.877196376994927,25.760596125729354,1.2334157966054493e-16,3.070743300882799e-16,1.23400098330674e-16,2.197500674694253e-15,4.0874413747576186e-14,converged
2025-01-15T10:55:00+08:00,2.9166666666666665,-3.1666666666666665,303.33333333333337,2.6458333333333335,49.8,49.8,43.4,43.4,35.0,55.00000000000001,85.0,37.702653117927994,10.319258765965392,12.981553719499521,14.401840632463081,75.0418007368163,1.0340917333789685,49.8,49.9501757101596,50.2,40.96391675691634,41.49489109655725,41.5587266911807,41.37394704696652,0.23132456666666668,0.3770638809940967,22.492433311480745,22.738640243401395,22.161344467440856,22.28398247536121,22.414957781745542,22.606104305019052,22.46382236120409,22.282879608930017,22.223101029901866,22.580678031870637,22.438373461474725,22.257399069088944,1.0,0.0,0.0,0.0,0.0,22.223101029901866,22.414957781745542,22.580678031870637,17.24930094660221,21.877196376994927,25.760596125729354,1.2334157966054493e-16,9.262249265563366e-16,1.23400098330674e-16,1.2301424805826346e-15,4.640323364021994e-14,converged
2025-01-15T11:00:00+08:00,3.0,-3.0833333333333335,311.66666666666663,2.6354166666666665,49.8,49.8,43.4,43.4,35.0,55.00000000000001,85.0,37.702653117927994,10.319258765965392,12.981553719499521,14.401840632463081,75.0418007368163,1.0340917333789685,49.8,49.8,49.860847690058336,40.96867012702492,41.39535355095358,41.32956344648167,41.25343899534579,0.22648048333333334,0.37440972336728695,22.507339533964263,22.75704926472745,22.176715758512607,22.29546425330329,22.429897278837675,22.624451588302993,22.478962559616903,22.29436031158613,22.238474383313157,22.599124447797262,22.45360742891562,22.268968587180144,1.0,0.0,0.0,0.0,0.0,22.238474383313157,22.429897278837675,22.599124447797262,17.24930094660221,21.877196376994927,25.760596125729354,1.2334157966054493e-16,0.0,1.23400098330674e-16,1.3059679237042825e-15,5.124828837346094e-14,converged
2025-01-15T11:05:00+08:00,3.0833333333333335,-3.0,320.0,2.625,49.4,49.4,43.2,43.2,35.0,55.00000000000001,85.0,37.52890817268409,10.271704578103803,12.921730891299065,14.335472703281226,74.35176485329696,1.0198613142018942,49.8,49.8,49.8,40.940180419557315,41.36783564112108,41.25984059986215,41.20953345881651,0.22163639999999998,0.37358291166581004,22.52271908939163,22.77602944842477,22.19260603411908,22.30731198436715,22.445334021237098,22.643388772993397,22.494599624746904,22.306231414361488,22.254215600323967,22.618056185246548,22.469238900843138,22.28083386205397,1.0,0.0,0.0,0.0,0.0,22.254215600323967,22.445334021237098,22.618056185246548,17.329158821354994,21.978479693555084,25.879858144829946,2.48972549924357e-16,1.558092168989177e-16,0.0,9.738076056182356e-16,3.630406118893601e-14,converged
2025-01-15T11:10:00+08:00,3.1666666666666665,-2.9166666666666665,328.33333333333337,2.6145833333333335,49.4,49.4,43.2,43.2,35.0,55.00000000000001,85.0,37.52890817268409,10.271704578103803,12.921730891299065,14.335472703281226,74.35176485329696,1.0198613142018942,49.8,49.8,49.8,40.94527827329101,41.37265217269074,41.264747663605206,41.214461570495075,0.21679231666666668,0.3733685975420001,22.538598163504236,22.79560511787891,22.209065695164977,22.31954854694855,22.46130552036102,22.66295078791521,22.510767261363863,22.318525608151432,22.270534388897666,22.63761284469004,22.485401020183026,22.293122288254462,1.0,0.0,0.0,0.0,0.0,22.270534388897666,22.46130552036102,22.63761284469004,17.329158821354994,21.978479693555084,25.879858144829946,2.48972549924357e-16,0.0,0.0,8.184679209968326e-16,3.1396509050351604e-14,converged
2025-01-15T11:15:00+08:00,3.25,-2.8333333333333335,336.66666666666663,2.6041666666666665,49.4,49.4,43.2,43.2,35.0,55.00000000000001,85.0,37.52890817268409,10.271704578103803,12.921730891299065,14.335472703281226,74.35176485329696,1.0198613142018942,49.8,49.8,49.8,40.950544368267536,41.37763034756911,41.26982201644803,41.21955528795077,0.21194823333333335,0.37314708154060744,22.55497541106135,22.81577475369953,22.226091910986547,22.332173043315784,22.477809653382984,22.683135282977833,22.527463573499915,22.331241452935835,22.28742754783678,22.657792078002128,22.502091892560003,22.305832426971996,1.0,0.0,0.0,0.0,0.0,22.28742754783678,22.477809653382984,22.657792078002128,17.329158821354994,21.978479693555084,25.879858144829946,2.48972549924357e-16,3.1198239939675373e-16,0.0,5.069713990197247e-16,2.9304932339945484e-14,converged
2025-01-15T11:20:00+08:00,3.3333333333333335,-2.75,345.0,2.59375,49.4,49.4,43.2,43.2,35.0,55.00000000000001,85.0,37.52890817268409,10.271704578103803,12.921730891299065,14.335472703281226,74.35176485329696,1.0198613142018942,49.586332705708394,49.8,49.8,40.811343778297015,41.38276956847529,41.275062964072916,41.18522739756315,0.20710415,0.3720967100075841,22.571593977427607,22.836294766234957,22.243194533008932,22.344965544121266,22.49484430590353,22.70393991692975,22.544686671962335,22.344377513595774,22.304891893686523,22.678591545880217,22.519309630361573,22.318962844289217,1.0,0.0,0.0,0.0,0.0,22.304891893686523,22.49484430590353,22.678591545880217,17.329158821354994,21.978479693555084,25.879858144829946,2.48972549924357e-16,4.692946162755458e-16,0.0,1.2954486803439546e-15,4.702074621015674e-14,converged
2025-01-15T11:25:00+08:00,3.4166666666666665,-2.6666666666666665,353.33333333333337,2.5833333333333335,49.4,49.4,43.2,43.2,35.0,55.00000000000001,85.0,37.52890817268409,10.271704578103803,12.921730891299065,14.335472703281226,74.35176485329696,1.0198613142018942,49.4,49.55827837548441,49.8,40.69065793355333,41.22085760756998,41.28046981517628,41.098512315166154,0.20226006666666668,0.3700304805801331,22.588486200900437,22.85719549968285,22.260436583809376,22.357953903226758,22.511970154584787,22.724948125240736,22.56204113143379,22.35755753785941,22.322924260636434,22.700008917811566,22.53705235271389,22.33251211116442,1.0,0.0,0.0,0.0,0.0,22.322924260636434,22.511970154584787,22.700008917811566,17.329158821354994,21.978479693555084,25.879858144829946,2.48972549924357e-16,6.292201747511129e-16,0.0,5.603992181377099e-16,3.09190148885469e-14,converged
2025-01-15T11:30:00+08:00,3.5,-2.5833333333333335,361.66666666666663,2.5729166666666665,49.4,49.4,43.2,43.2,35.0,55.00000000000001,85.0,37.52890817268409,10.271704578103803,12.921730891299065,14.335472703281226,74.35176485329696,1.0198613142018942,49.4,49.4,49.4703886515864,40.69622316973459,41.1166621806653,41.05905410529202,40.97958213874878,0.1974159833333333,0.3673571020136426,22.605873869331667,22.878686818577677,22.278241299784245,22.371328460375114,22.529338335380018,22.746302647366182,22.579662795902728,22.37091118417836,22.340680305764423,22.721478479601835,22.554782921152718,22.345968992133187,1.0,0.0,0.0,0.0,0.0,22.340680305764423,22.529338335380018,22.721478479601835,17.329158821354994,21.978479693555084,25.879858144829946,2.48972549924357e-16,1.1091486299321368e-15,0.0,1.5442666471432374e-15,3.4879548915956234e-14,converged
2025-01-15T11:35:00+08:00,3.5833333333333335,-2.5,370.0,2.5625,49.0,49.0,43.0,43.0,35.0,55.00000000000001,85.0,37.35516322744017,10.224150390242208,12.861908063098603,14.269104774099363,73.66491620249597,1.0057620500292177,49.4,49.4,49.4,40.66890789787279,41.09025866167774,40.98395941390449,40.934329783931844,0.1925719,0.36645133406094027,22.623728486958324,22.90074174638913,22.29655347410639,22.38506483245692,22.547194546991893,22.768236202613835,22.597772846250088,22.384649187123046,22.35876745447574,22.743406252902478,22.572887081727842,22.3597008876411,1.0,0.0,0.0,0.0,0.0,22.35876745447574,22.547194546991893,22.743406252902478,17.40975956005898,22.08070518050186,26.000229578061727,2.5129395974625856e-16,7.942072453171581e-16,1.1226527738298692e-16,5.956554339878686e-17,2.4097280338866956e-14,converged
2025-01-15T11:40:00+08:00,3.6666666666666665,-2.4166666666666665,378.33333333333337,2.5520833333333335,49.0,49.0,43.0,43.0,35.0,55.00000000000001,85.0,37.35516322744017,10.224150390242208,12.861908063098603,14.269104774099363,73.66491620249597,1.0057620500292177,49.4,49.4,49.4,40.674816611290034,41.09584157492514,40.98963691782502,40.940038001253825,0.18772781666666669,0.3662042438956772,22.642075976100376,22.92338433617598,22.315423029489143,22.399185687683044,22.565575937095584,22.790783348884617,22.616404655054957,22.398803944343,22.377419210534597,22.76594772160633,22.59151308665163,22.373849605090623,1.0,0.0,0.0,0.0,0.0,22.373849605090623,22.565575937095584,22.76594772160633,17.40975956005898,22.08070518050186,26.000229578061727,2.5129395974625856e-16,4.768458739930609e-16,1.1226527738298692e-16,4.082992796065584e-15,2.7715615477247934e-14,converged
2025-01-15T11:45:00+08:00,3.75,-2.3333333333333335,386.66666666666663,2.5416666666666665,49.0,49.0,43.0,43.0,35.0,55.00000000000001,85.0,37.35516322744017,10.224150390242208,12.861908063098603,14.269104774099363,73.66491620249597,1.0057620500292177,49.4,49.4,49.4,40.680891463002446,41.10158399544855,40.995479277757276,40.94590958390503,0.18288373333333333,0.36595008217656116,22.660915009917524,22.94661308907425,22.334847196022523,22.413690138695145,22.58448042164952,22.813941779204203,22.635556358524063,22.413374037904315,22.396632445766837,22.789100580623266,22.61065907366345,22.388413727717154,1.0,0.0,0.0,0.0,0.0,22.388413727717154,22.58448042164952,22.789100580623266,17.40975956005898,22.08070518050186,26.000229578061727,2.5129395974625856e-16,4.771770556841992e-16,1.1226527738298692e-16,1.2128250165306731e-15,2.347587937978248e-14,converged
2025-01-15T11:50:00+08:00,3.8333333333333335,-2.25,395.0,2.53125,49.0,49.0,43.0,43.0,35.0,55.00000000000001,85.0,37.35516322744017,10.224150390242208,12.861908063098603,14.269104774099363,73.66491620249597,1.0057620500292177,49.192780764804716,49.4,49.4,40.547117511151754,41.10748533411222,41.00148581014332,40.91362182011216,0.17803965,0.36489265725918263,22.6799966678217,22.97019193554258,22.354350974128355,22.428365052742787,22.603905924882135,22.837709195272016,22.655226099521858,22.428358054697355,22.416404049329767,22.81286253352126,22.63032318714835,22.40339184357163,1.0,0.0,0.0,0.0,0.0,22.40339184357163,22.603905924882135,22.81286253352126,17.40975956005898,22.08070518050186,26.000229578061727,2.5129395974625856e-16,1.5951995677491148e-16,1.1226527738298692e-16,2.6918992705766312e-15,3.452225200819967e-14,converged
2025-01-15T11:55:00+08:00,3.9166666666666665,-2.1666666666666665,403.33333333333337,2.5208333333333335,49.0,49.0,43.0,43.0,35.0,55.00000000000001,85.0,37.35516322744017,10.224150390242208,12.861908063098603,14.269104774099363,73.66491620249597,1.0057620500292177,49.0,49.16645641444015,49.4,40.42311005133488,40.952268465177774,41.00765583438957,40.82859434278622,0.1731955666666667,0.3628084359665388,22.699337858822503,22.99413660564232,22.373967965833927,22.44322505322507,22.623428276587173,22.861683396265256,22.67503209105951,22.443392724151927,22.43673092761614,22.837231292493875,22.650503578113355,22.418782545504154,1.0,0.0,0.0,0.0,0.0,22.418782545504154,22.623428276587173,22.837231292493875,17.40975956005898,22.08070518050186,26.000229578061727,2.5129395974625856e-16,6.417453966680731e-16,1.1226527738298692e-16,4.2465496170145145e-15,4.9718526225049106e-14,converged
2025-01-15T12:00:00+08:00,4.0,-2.0833333333333335,411.66666666666663,2.5104166666666665,49.0,49.0,43.0,43.0,35.0,55.00000000000001,85.0,37.35516322744017,10.224150390242208,12.861908063098603,14.269104774099363,73.66491620249597,1.0057620500292177,49.0,49.0,49.080018366244936,40.42947717827572,40.84337342617541,40.79401664971728,40.7112360167088,0.1683514833333333,0.3601167326160557,22.71916791939216,23.018664117826496,22.39413585429888,22.45846694360136,22.64316894220008,22.88597901860518,22.695083470195506,22.4585822607693,22.456793994750747,22.861658065713403,22.67067917812437,22.43408989650106,1.0,0.0,0.08333333333333333,0.0,0.0,22.43408989650106,22.64316894220008,22.861658065713403,17.40975956005898,22.08070518050186,26.000229578061727,2.5129395974625856e-16,3.2327107096979274e-16,1.1226527738298692e-16,3.833792857282386e-15,5.137716151002944e-14,converged
2025-01-15T12:05:00+08:00,4.083333333333333,-2.0,420.0,2.5,48.6,48.6,42.8,42.8,35.0,55.00000000000001,85.0,37.18141828219627,10.176596202380615,12.802085234898144,14.202736844917506,72.98125478441332,0.9917933336618455,49.0,49.0,49.0,40.403350852524284,40.818097451567766,40.713524027445686,40.66463537959279,0.1635074,0.35913263866645984,22.739458676317607,23.043747832518658,22.414800072225784,22.4740665871072,22.66338868343749,22.910843095768538,22.715614972514068,22.474150261691733,22.477151686763218,22.886516104175936,22.691204556260686,22.449651556972075,1.0,0.0,0.08333333333333333,0.0,0.0,22.449651556972075,22.66338868343749,22.886516104175936,17.49111357669477,22.183886045831308,26.12172597795921,1.2682399433652287e-16,1.6207844859104294e-15,0.0,1.4587060373193865e-15,2.795152191400499e-14,converged
2025-01-15T12:10:00+08:00,4.166666666666667,-1.916666666666667,423.3333333333333,2.5,48.6,48.6,42.8,42.8,35.0,55.00000000000001,85.0,37.18141828219627,10.176596202380615,12.802085234898144,14.202736844917506,72.98125478441332,0.9917933336618455,49.0,49.0,49.0,40.410019752840384,40.82439776085347,40.719920642468885,40.6710733599885,0.16074921666666667,0.3588552556133499,22.75998610404596,23.069096121940646,22.435755657405807,22.48986092732806,22.68387475027971,22.93599458509018,22.73640506651441,22.489943412173563,22.497812142437994,22.911661670747257,22.7119886211424,22.465438441472084,1.0,0.0,0.08333333333333333,0.0,0.0,22.465438441472084,22.68387475027971,22.911661670747257,17.49111357669477,22.183886045831308,26.12172597795921,1.2682399433652287e-16,1.1354261084956339e-15,0.0,3.284625528148084e-15,2.92009687269078e-14,converged
2025-01-15T12:15:00+08:00,4.25,-1.833333333333333,426.6666666666667,2.5,48.6,48.6,42.8,42.8,35.0,55.00000000000001,85.0,37.18141828219627,10.176596202380615,12.802085234898144,14.202736844917506,72.98125478441332,0.9917933336618455,49.0,49.0,49.0,40.41677134847925,40.83077823710158,40.726401459366684,40.67759374063685,0.1579910333333333,0.3585743223112097,22.780749565686556,23.094708311536095,22.45700116245328,22.505849515088926,22.704626086268796,22.96143240635879,22.75745282881198,22.505960946465105,22.51877368496262,22.937093685850687,22.733030449960577,22.48144978475703,1.0,0.0,0.08333333333333333,0.0,0.0,22.48144978475703,22.704626086268796,22.937093685850687,17.49111357669477,22.183886045831308,26.12172597795921,1.2682399433652287e-16,1.2986464962306693e-15,0.0,1.1363156842018357e-15,2.8256268786068083e-14,converged
2025-01-15T12:20:00+08:00,4.333333333333333,-1.75,430.0,2.5,48.6,48.6,42.8,42.8,35.0,55.00000000000001,85.0,37.18141828219627,10.176596202380615,12.802085234898144,14.202736844917506,72.98125478441332,0.9917933336618455,48.79928908613559,49.0,49.0,40.28823759024904,40.83723858474475,40.73296612707198,40.647145897624966,0.15523285,0.3575192914524434,22.801508805264767,23.120356711215695,22.47807810879218,22.521826493162397,22.725641639137557,22.9871554834229,22.778757339319466,22.52220210142105,22.54003464681143,22.962811073963007,22.75432912319821,22.497684824182922,1.0,0.0,0.08333333333333333,0.0,0.0,22.497684824182922,22.725641639137557,22.962811073963007,17.49111357669477,22.183886045831308,26.12172597795921,1.2682399433652287e-16,4.884295390914039e-16,0.0,6.766784239495491e-16,5.125503287163717e-14,converged
2025-01-15T12:25:00+08:00,4.416666666666667,-1.666666666666667,433.3333333333333,2.5,48.6,48.6,42.8,42.8,35.0,55.00000000000001,85.0,37.18141828219627,10.176596202380615,12.802085234898144,14.202736844917506,72.98125478441332,0.9917933336618455,48.6,48.77471088366651,49.0,40.16059178400503,40.688472339384525,40.73961429605033,40.56352628521123,0.15247466666666668,0.3554298105588556,22.822265851952604,23.14604312437307,22.498991699936774,22.537793578844006,22.74651349080549,23.01277726569798,22.799951457271156,22.538317315037762,22.5615933696941,22.98881276359925,22.775883724618474,22.51414279969701,1.0,0.0,0.16666666666666666,0.0,0.0,22.51414279969701,22.74651349080549,22.98881276359925,17.49111357669477,22.183886045831308,26.12172597795921,1.2682399433652287e-16,4.913008913513359e-16,0.0,2.0061453063512885e-15,3.2514332201363973e-14,converged
2025-01-15T12:30:00+08:00,4.5,-1.583333333333333,436.6666666666667,2.5,48.6,48.6,42.8,42.8,35.0,55.00000000000001,85.0,37.18141828219627,10.176596202380615,12.802085234898144,14.202736844917506,72.98125478441332,0.9917933336618455,48.6,48.6,48.68973807823673,40.16738646730154,40.57448998756283,40.53343082696717,40.44738131851178,0.14985531666666665,0.3527358610889556,22.843258314638813,23.171992575627925,22.520195419556906,22.553954513533245,22.767334181570433,23.0383852375371,22.821118303020448,22.554385783249398,22.582657577917622,23.01456818618739,22.79719027852097,22.530343814858085,1.0,0.0,0.25,0.0,0.0,22.530343814858085,22.767334181570433,23.01456818618739,17.49111357669477,22.183886045831308,26.12172597795921,1.2682399433652287e-16,6.60070804638581e-16,0.0,2.4050040743227983e-15,2.7944686871271687e-14,converged
2025-01-15T12:35:00+08:00,4.583333333333333,-1.5,440.0,2.5,48.2,48.2,42.6,42.6,35.0,55.00000000000001,85.0,37.007673336952365,10.129042014519026,12.742262406697687,14.136368915735652,72.30078059904899,0.9779545579006828,48.6,48.6,48.6,40.14201354807594,40.54992761526437,40.447081490340594,40.398995417028495,0.1473013,0.35169254208240397,22.8644590232597,23.198179576122932,22.54163660647615,22.57028584222912,22.788380645662382,23.064242045298254,22.842507185127992,22.570644700893816,22.603737707976617,23.040418753037127,22.818572846298164,22.546596193148606,1.0,0.0,0.25,0.0,0.0,22.546596193148606,22.788380645662382,23.040418753037127,17.573231480810705,22.288035745576995,26.24436318912333,6.400881267644647e-17,1.6550723699972276e-16,1.581516794159763e-16,1.396467312185161e-15,3.053586754233124e-14,converged
2025-01-15T12:40:00+08:00,4.666666666666667,-1.416666666666667,443.3333333333333,2.5,48.2,48.2,42.6,42.6,35.0,55.00000000000001,85.0,37.007673336952365,10.129042014519026,12.742262406697687,14.136368915735652,72.30078059904899,0.9779545579006828,48.6,48.6,48.6,40.14898772587106,40.5565128692408,40.45375789024529,40.405721936253336,0.14474728333333337,0.3514040814893613,22.885893975939233,23.224628364124424,22.56336534341495,22.586810194122013,22.809690187226657,23.090382570544772,22.864151625997593,22.58712643898739,22.625116645385784,23.0665531581139,22.840211071874975,22.563071469549932,1.0,0.0,0.25,0.0,0.0,22.56336534341495,22.809690187226657,23.0665531581139,17.573231480810705,22.288035745576995,26.24436318912333,6.400881267644647e-17,4.969292957563127e-16,1.581516794159763e-16,3.457799682971009e-15,3.2262002992291843e-14,converged
2025-01-15T12:45:00+08:00,4.75,-1.333333333333333,446.6666666666667,2.5,48.2,48.2,42.6,42.6,35.0,55.00000000000001,85.0,37.007673336952365,10.129042014519026,12.742262406697687,14.136368915735652,72.30078059904899,0.9779545579006828,48.6,48.6,48.6,40.15604397660182,40.563177648743576,40.460517794299435,40.412530198006905,0.14219326666666662,0.35111211544312276,22.90756254255833,23.251338272437618,22.585380202513566,22.603527124068172,22.831261763078068,23.116805747348,22.886050713414143,22.60383023998381,22.64679273587302,23.092970336095878,22.862104043590367,22.579768887005454,1.0,0.0,0.25,0.0,0.0,22.585380202513566,22.831261763078068,23.092970336095878,17.573231480810705,22.288035745576995,26.24436318912333,6.400881267644647e-17,8.289041926110432e-16,1.581516794159763e-16,7.356524709423008e-16,2.4247621101238685e-14,converged
2025-01-15T12:50:00+08:00,4.833333333333333,-1.25,450.0,2.5,48.2,48.2,42.6,42.6,35.0,55.00000000000001,85.0,37.007673336952365,10.129042014519026,12.742262406697687,14.136368915735652,72.30078059904899,0.9779545579006828,48.40585851846486,48.6,48.6,40.0324876632548,40.56992166069162,40.46736085453253,40.383648698609846,0.13963925,0.3500719516243916,22.92923251193448,23.278089233829284,22.607238047513334,22.620237669909514,22.853094334167984,23.14351051378398,22.90820353841868,22.620755348912287,22.66876433432468,23.11966922565967,22.884250853034228,22.596687691029846,1.0,0.0,0.25,0.0,0.0,22.607238047513334,22.853094334167984,23.11966922565967,17.573231480810705,22.288035745576995,26.24436318912333,6.400881267644647e-17,1.6627342077357028e-16,1.581516794159763e-16,3.6112508574259795e-15,6.34569947500479e-14,converged
2025-01-15T12:55:00+08:00,4.916666666666667,-1.166666666666667,453.3333333333333,2.5,48.2,48.2,42.6,42.6,35.0,55.00000000000001,85.0,37.007673336952365,10.129042014519026,12.742262406697687,14.136368915735652,72.30078059904899,0.9779545579006828,48.2,48.38304285964616,48.6,39.90097315807859,40.42744434981687,40.47428672449239,40.301241665072965,0.13708523333333336,0.34798615269329153,22.950890234059933,23.304868198745773,22.62891416350677,22.636930108055,22.874795347660072,23.17012487918806,22.930256791222547,22.63756537494665,22.69102980473488,23.146648769465326,22.90665059503579,22.61382712970034,1.0,0.0,0.25,0.0,0.0,22.62891416350677,22.874795347660072,23.146648769465326,17.573231480810705,22.288035745576995,26.24436318912333,6.400881267644647e-17,3.34540098581282e-16,1.581516794159763e-16,2.1170115613346755e-15,3.459280081038522e-14,converged
2025-01-15T13:00:00+08:00,5.0,-1.083333333333333,456.6666666666667,2.5,48.2,48.2,42.6,42.6,35.0,55.00000000000001,85.0,37.007673336952365,10.129042014519026,12.742262406697687,14.136368915735652,72.30078059904899,0.9779545579006828,48.2,48.2,48.29954905512987,39.90807002946356,40.308223459686396,40.27547928395319,40.186193236011725,0.13453121666666665,0.3452954554771809,22.972780970872698,23.33190744248111,22.650876662954836,22.653814736618756,22.89642718204571,23.19670775506168,22.95226644542976,22.654313657420328,22.712822476266503,23.173395557743575,22.92881559471903,22.63072283077275,1.0,0.0,0.25,0.0,0.0,22.650876662954836,22.89642718204571,23.173395557743575,17.573231480810705,22.288035745576995,26.24436318912333,6.400881267644647e-17,1.685734926138178e-16,1.581516794159763e-16,4.339450454394763e-16,2.11189416020717e-14,converged
2025-01-15T13:05:00+08:00,5.083333333333333,-1.0,460.0,2.5,47.8,47.8,42.4,42.4,35.0,55.00000000000001,85.0,36.833928391708454,10.081487826657435,12.682439578497227,14.070000986553794,71.623493646403,0.9642451155466352,48.2,48.2,48.2,39.88342038135661,40.28434582514931,40.183205287243666,40.1359779293607,0.13197720000000002,0.34419461347612307,22.994877891439227,23.35918183109981,22.67307353445223,22.670868360966384,22.918282076967643,23.223536332613463,22.9744955848032,22.671250464252786,22.734603016445426,23.20021772434117,22.951038256719087,22.647652921535133,1.0,0.0,0.25,0.0,0.0,22.670868360966384,22.918282076967643,23.20021772434117,17.656124082135282,22.393167989659904,26.368157355109762,6.461409359019447e-17,1.3529011468392499e-15,0.0,2.896054017452769e-15,2.93072298943659e-14,converged
2025-01-15T13:10:00+08:00,5.166666666666667,-0.916666666666667,463.3333333333333,2.5,47.8,47.8,42.4,42.4,35.0,55.00000000000001,85.0,36.833928391708454,10.081487826657435,12.682439578497227,14.070000986553794,71.623493646403,0.9642451155466352,48.2,48.2,48.2,39.8906968831586,40.29121284791699,40.19015787034534,40.14298970975039,0.12942318333333336,0.34389533142804973,23.017206668327695,23.38671526287535,22.695554247790582,22.68811335805485,22.940396876444712,23.25064501478685,22.996977313639153,22.688407808626163,22.75667853299226,23.227320120922013,22.973513611058465,22.66480363058998,1.0,0.0,0.3333333333333333,0.0,0.0,22.68811335805485,22.940396876444712,23.227320120922013,17.656124082135282,22.393167989659904,26.368157355109762,6.461409359019447e-17,8.46299085709538e-16,0.0,1.216554935707461e-15,2.735520475186246e-14,converged
2025-01-15T13:15:00+08:00,5.25,-0.833333333333333,466.6666666666667,2.5,47.8,47.8,42.4,42.4,35.0,55.00000000000001,85.0,36.833928391708454,10.081487826657435,12.682439578497227,14.070000986553794,71.623493646403,0.9642451155466352,48.2,48.2,48.2,39.898054851520136,40.29815877047421,40.19719327961654,40.15008259227498,0.12686916666666664,0.3435925877180752,23.039766678082668,23.414507077861938,22.71831739408438,22.705549286716913,22.962770550259933,23.27803274962153,23.01971073065968,22.70578494103693,22.779047393470144,23.2547016961057,22.996240756992396,22.682174208908005,1.0,0.0,0.4166666666666667,0.0,0.0,22.705549286716913,22.962770550259933,23.2547016961057,17.656124082135282,22.393167989659904,26.368157355109762,6.461409359019447e-17,1.185862678529596e-15,0.0,3.239946246696932e-15,3.130677196783e-14,converged
2025-01-15T13:20:00+08:00,5.333333333333333,-0.75,470.0,2.5,47.8,47.8,42.4,42.4,35.0,55.00000000000001,85.0,36.833928391708454,10.081487826657435,12.682439578497227,14.070000986553794,71.623493646403,0.9642451155466352,48.01248992657083,48.2,48.2,39.77950005808563,40.30518330216703,40.204311170094286,40.122771582401185,0.12431515,0.34256774469616735,23.062333816427564,23.442344890502948,22.740935298037506,22.722984133107953,22.985402072279925,23.305698489107932,23.04269493780273,22.723381114528774,22.80170797447632,23.282361402456434,23.019218796986898,22.69976391000299,1.0,0.0,0.5,0.0,0.0,22.722984133107953,22.985402072279925,23.282361402456434,17.656124082135282,22.393167989659904,26.368157355109762,6.461409359019447e-17,1.6991576648611027e-16,0.0,5.485093336879747e-15,3.0176631564436047e-14,converged
2025-01-15T13:25:00+08:00,5.416666666666667,-0.666666666666667,473.3333333333333,2.5,47.8,47.8,42.4,42.4,35.0,55.00000000000001,85.0,36.833928391708454,10.081487826657435,12.682439578497227,14.070000986553794,71.623493646403,0.9642451155466352,47.8,47.991453439172794,48.2,39.64409076924474,40.16902759890573,40.211511198320025,40.041579884874324,0.12176113333333334,0.34048599831154996,23.084878632861905,23.470200683394634,22.76335309330721,22.7403926288927,23.007914375397323,23.333284916568154,23.06559056464243,22.740873212700095,22.82465866159215,23.31029819646825,23.042446836707335,22.717571989923126,1.0,0.0,0.5833333333333334,0.0,0.0,22.7403926288927,23.007914375397323,23.31029819646825,17.656124082135282,22.393167989659904,26.368157355109762,6.461409359019447e-17,6.838185558538768e-16,0.0,2.612400576660514e-15,2.363668226062024e-14,converged
2025-01-15T13:30:00+08:00,5.5,-0.583333333333333,476.6666666666667,2.5,47.8,47.8,42.4,42.4,35.0,55.00000000000001,85.0,36.833928391708454,10.081487826657435,12.682439578497227,14.070000986553794,71.623493646403,0.9642451155466352,47.8,47.8,47.90945258840878,39.651486935610265,40.04453300755437,40.02011835428601,39.92762982689441,0.11920711666666664,0.3377989166328267,23.107654101238207,23.498314038240938,22.78605363383429,22.757991679341213,23.030339438882763,23.36082214583199,23.08842622462625,22.758288515190266,22.847158590362486,23.338015961623817,23.065453629836377,22.735149722282994,1.0,0.0,0.5833333333333334,0.0,0.0,22.757991679341213,23.030339438882763,23.338015961623817,17.656124082135282,22.393167989659904,26.368157355109762,6.461409359019447e-17,5.16943584310574e-16,0.0,5.882925686034398e-16,2.896448896937664e-14,converged
2025-01-15T13:35:00+08:00,5.583333333333333,-0.5,480.0,2.5,47.4,47.4,42.2,42.2,35.0,55.00000000000001,85.0,36.66018344646455,10.033933638795844,12.62261675029677,14.003633057371939,70.94939392647537,0.9506643994006087,47.8,47.8,47.8,39.62757139893456,40.02135014412716,39.92189093529625,39.87558054998208,0.1166531,0.3366405373622561,23.130633741652655,23.52666018895253,22.808985578588615,22.77575835903391,23.052984940228768,23.388602040440524,23.11147889614027,22.775890474800565,22.86961828222848,23.365789306545942,23.08849968737628,22.75274481080071,1.0,0.0,0.5833333333333334,0.0,0.0,22.77575835903391,23.052984940228768,23.365789306545942,17.73980239532075,22.499296747904733,26.493124925513122,6.52280007708205e-17,1.0374447718546259e-15,1.1439352908692974e-16,4.86302236806856e-16,2.5032048960186823e-14,converged
2025-01-15T13:40:00+08:00,5.666666666666667,-0.41666666666666696,483.3333333333333,2.5,47.4,47.4,42.2,42.2,35.0,55.00000000000001,85.0,36.66018344646455,10.033933638795844,12.62261675029677,14.003633057371939,70.94939392647537,0.9506643994006087,47.8,47.8,47.8,39.635147367090795,40.02849585194719,39.929116214320686,39.882874415533436,0.11409908333333335,0.33633068364563445,23.153842888976612,23.55526268063531,22.832197762635612,22.79371478372145,23.075887246526662,23.416658506657868,23.13478124998215,22.793710734230334,22.892369240454446,23.39383935289201,23.11179553382887,22.770558282879623,1.0,0.0,0.5833333333333334,0.0,0.0,22.793710734230334,23.075887246526662,23.39383935289201,17.73980239532075,22.499296747904733,26.493124925513122,6.52280007708205e-17,5.192002729206501e-16,1.1439352908692974e-16,1.4061674058267606e-16,2.2443330481179956e-14,converged
2025-01-15T13:45:00+08:00,5.75,-0.33333333333333304,486.6666666666667,2.5,47.4,47.4,42.2,42.2,35.0,55.00000000000001,85.0,36.66018344646455,10.033933638795844,12.62261675029677,14.003633057371939,70.94939392647537,0.9506643994006087,47.8,47.8,47.8,39.64280421107377,40.03571984920973,39.9364236608038,39.890248759766834,0.11154506666666665,0.3360174110808638,23.177280926312296,23.5841208604818,22.855688795529808,22.811860516159246,23.099045340230916,23.444990506185338,23.15833239558422,22.8117485518618,22.91540985375841,23.42216506291718,23.1353402791394,22.788589397361225,1.0,0.0,0.5833333333333334,0.0,0.0,22.8117485518618,23.099045340230916,23.42216506291718,17.73980239532075,22.499296747904733,26.493124925513122,6.52280007708205e-17,5.196843287932439e-16,1.1439352908692974e-16,3.248027054957774e-17,2.3510687321676943e-14,converged
2025-01-15T13:50:00+08:00,5.833333333333333,-0.25,490.0,2.5,47.4,47.4,42.2,42.2,35.0,55.00000000000001,85.0,36.66018344646455,10.033933638795844,12.62261675029677,14.003633057371939,70.94939392647537,0.9506643994006087,47.61918419162566,47.8,47.8,39.52927529492953,40.04302184762999,39.94381293270337,39.8645125374634,0.10899105,0.3350083386536356,23.20073191911921,23.613030084110814,22.87904658297652,22.830010544672508,23.12245820782785,23.47359700462221,23.18213144555528,22.830003188596653,22.93873851977198,23.450765402768596,23.159133036424585,22.80683741560238,1.0,0.0,0.5833333333333334,0.0,0.0,22.830003188596653,23.12245820782785,23.450765402768596,17.73980239532075,22.499296747904733,26.493124925513122,6.52280007708205e-17,5.212496603582891e-16,1.1439352908692974e-16,1.3411319386301811e-15,3.8622193310729e-14,converged
2025-01-15T13:55:00+08:00,5.916666666666667,-0.16666666666666696,493.3333333333333,2.5,47.4,47.4,42.2,42.2,35.0,55.00000000000001,85.0,36.66018344646455,10.033933638795844,12.62261675029677,14.003633057371939,70.94939392647537,0.9506643994006087,47.4,47.599943739832376,47.8,39.38994508804086,39.91322078202201,39.95128368946809,39.784539085540075,0.10643703333333333,0.3329310105880776,23.22415049370446,23.641947250052905,22.90218587152316,22.848125951136815,23.145764389844732,23.50213547468906,23.205853078492506,22.848164906916235,22.962353644991055,23.479639342470765,23.183172921961315,22.82530160146679,1.0,0.0,0.5833333333333334,0.0,0.0,22.848125951136815,23.145764389844732,23.479639342470765,17.73980239532075,22.499296747904733,26.493124925513122,6.52280007708205e-17,1.0490040109628378e-15,1.1439352908692974e-16,1.726485768043004e-15,3.945948915166039e-14,converged
2025-01-15T14:00:00+08:00,6.0,-0.08333333333333304,496.6666666666667,2.5,47.4,47.4,42.2,42.2,35.0,55.00000000000001,85.0,36.66018344646455,10.033933638795844,12.62261675029677,14.003633057371939,70.94939392647537,0.9506643994006087,47.4,47.4,47.51944999404105,39.3976377506195,39.78341719475667,39.76734443086409,39.67168937333334,0.10388301666666665,0.3302479028372951,23.247797395376285,23.671119302797507,22.925604370597963,22.86643029899694,23.168965226154963,23.530607005110546,23.229498331797714,22.866234721309556,22.985540375271146,23.508308194789816,23.207005247224973,22.84354899751486,1.0,0.0,0.5833333333333334,0.0,0.0,22.866234721309556,23.168965226154963,23.508308194789816,17.73980239532075,22.499296747904733,26.493124925513122,6.52280007708205e-17,1.4100355620945728e-15,1.1439352908692974e-16,1.3652834568523134e-15,2.6927500620137073e-14,converged
2025-01-15T14:05:00+08:00,6.083333333333333,0.0,500.0,2.5,47.0,47.0,42.0,42.0,35.0,55.00000000000001,85.0,36.48643850122064,9.986379450934251,12.56279392209631,13.937265128190075,70.27848143926602,0.9372118022635072,47.4,47.4,47.4,39.374467415302554,39.76093937016571,39.663134807172476,39.617801702360275,0.101329,0.32903196294510156,23.271646507341433,23.70052185722272,22.949251430382592,22.884900941042137,23.192383966104323,23.55931826075045,23.253358199322633,22.884489382597526,23.008658704406574,23.53701279249382,23.23085838997664,22.86179665390464,1.0,0.0,0.6666666666666666,0.0,0.0,22.884489382597526,23.192383966104323,23.53701279249382,17.824277644822285,22.606436256228093,26.619282663253667,2.634027956750749e-16,1.0614347686916836e-15,0.0,4.555324215635142e-15,2.5421639305972137e-14,converged
2025-01-15T14:10:00+08:00,6.166666666666667,-0.04166666666666652,490.62500000000006,2.5104166666666665,47.0,47.0,42.0,42.0,35.0,55.00000000000001,85.0,36.48643850122064,9.986379450934251,12.56279392209631,13.937265128190075,70.27848143926602,0.9372118022635072,47.4,47.4,47.4,39.382195440691135,39.76822129441561,39.670483700738394,39.62523130625714,0.10551960416666664,0.32871783870146304,23.294901003820637,23.72919907696829,22.972192050412254,22.902927713632767,23.215152028792506,23.587245411115706,23.276574618692372,22.902257179843453,23.03105708629032,23.564933417027376,23.254068193136057,22.879557531682202,1.0,0.0,0.6666666666666666,0.0,0.0,22.902257179843453,23.215152028792506,23.564933417027376,17.824277644822285,22.606436256228093,26.619282663253667,2.634027956750749e-16,7.082993870172139e-16,0.0,4.5375429480790265e-16,2.6285799922574072e-14,converged
2025-01-15T14:15:00+08:00,6.25,-0.08333333333333348,481.24999999999994,2.5208333333333335,47.0,47.0,42.0,42.0,35.0,55.00000000000001,85.0,36.48643850122064,9.986379450934251,12.56279392209631,13.937265128190075,70.27848143926602,0.9372118022635072,47.4,47.4,47.4,39.38971516845761,39.775302647695774,39.67762351752964,39.632454975302544,0.10971020833333334,0.3284124213997223,23.317562482469473,23.75715280847347,22.994429734365006,22.920511639211206,23.237271991432387,23.614391398752367,23.299149884083583,22.91953976641184,23.05273950210853,23.592073007480206,23.27663694818435,22.896833282258147,1.0,0.0,0.6666666666666666,0.0,0.0,22.91953976641184,23.237271991432387,23.592073007480206,17.824277644822285,22.606436256228093,26.619282663253667,2.634027956750749e-16,1.7723952299179577e-16,0.0,1.1631343696336597e-15,3.136471233979112e-14,converged
2025-01-15T14:20:00+08:00,6.333333333333333,-0.125,471.875,2.53125,47.0,47.0,42.0,42.0,35.0,55.00000000000001,85.0,36.48643850122064,9.986379450934251,12.56279392209631,13.937265128190075,70.27848143926602,0.9372118022635072,47.22594221158578,47.4,47.4,39.2805159632091,39.78218417031816,39.684555126434994,39.60758420372346,0.1139008125,0.32744974450109093,23.33942544420772,23.78418869459283,23.015572942417116,22.937476215214247,23.258746421028974,23.64075915516388,23.321086281493173,22.93633879005246,23.073709911032047,23.618434491923477,23.298566938440718,22.913625551440617,1.0,0.0,0.75,0.0,0.0,22.93633879005246,23.258746421028974,23.618434491923477,17.824277644822285,22.606436256228093,26.619282663253667,2.634027956750749e-16,8.888029673401299e-16,0.0,2.4664282343688604e-15,5.1317223997657364e-14,converged
2025-01-15T14:25:00+08:00,6.416666666666667,-0.16666666666666652,462.50000000000006,2.5416666666666665,47.0,47.0,42.0,42.0,35.0,55.00000000000001,85.0,36.48643850122064,9.986379450934251,12.56279392209631,13.937265128190075,70.27848143926602,0.9372118022635072,47.0,47.20851490049825,47.4,39.136231318507015,39.657799933216246,39.69127939256641,39.527834658729006,0.11809141666666664,0.32541936602065624,23.360430664292753,23.810250911787897,23.03551062358177,22.953770216596475,23.279233143146318,23.666024997006687,23.342075801156426,22.952360368881344,23.093972250338187,23.644020787451115,23.319860439091517,22.929935979454307,1.0,0.0,0.75,0.0,0.0,22.952360368881344,23.279233143146318,23.644020787451115,17.824277644822285,22.606436256228093,26.619282663253667,2.634027956750749e-16,3.577393787299839e-16,0.0,5.1592726026214876e-15,2.611256422856413e-14,converged
2025-01-15T14:30:00+08:00,6.5,-0.20833333333333348,453.12499999999994,2.5520833333333335,47.0,47.0,42.0,42.0,35.0,55.00000000000001,85.0,36.48643850122064,9.986379450934251,12.56279392209631,13.937265128190075,70.27848143926602,0.9372118022635072,47.0,47.0,47.129542613060295,39.142924936357595,39.52140552778577,39.5135322325063,39.414807483023786,0.12228202083333334,0.32279470114884257,23.380848910064724,23.835596297591508,23.054760262127775,22.969625362362393,23.298706155256163,23.69016468079586,23.362094826443876,22.96758140739303,23.112843362604227,23.668374692837858,23.340082587464217,22.94534986300121,1.0,0.0,0.75,0.0,0.0,22.96758140739303,23.298706155256163,23.668374692837858,17.824277644822285,22.606436256228093,26.619282663253667,2.634027956750749e-16,7.21296362131143e-16,0.0,2.8880030124391465e-16,4.395458906797558e-14,converged
2025-01-15T14:35:00+08:00,6.583333333333333,-0.25,443.75,2.5625,47.2,47.2,42.1,42.1,35.0,55.00000000000001,85.0,36.5733109738426,10.01015654486505,12.592705336196543,13.97044909278101,70.6135392787809,0.9439221239058858,47.0,47.0,47.0,39.16457727532176,39.54208735043099,39.4461429280027,39.40211310467459,0.126472625,0.3220041175830865,23.40069425547684,23.860238287477483,23.073349422343682,22.98505356464292,23.31756210665877,23.713554175291314,23.38150024700034,22.982341523646255,23.13071571884685,23.691757902615826,23.35948164441162,22.96010330604905,1.0,0.0,0.75,0.0,0.0,22.982341523646255,23.31756210665877,23.691757902615826,17.78193969317187,22.552739257994766,26.556053963340943,2.621529621085595e-16,3.6153364342273126e-16,0.0,7.540587843663267e-16,3.082132159731877e-14,converged
2025-01-15T14:40:00+08:00,6.666666666666667,-0.2916666666666665,434.37500000000006,2.5729166666666665,47.2,47.2,42.1,42.1,35.0,55.00000000000001,85.0,36.5733109738426,10.01015654486505,12.592705336196543,13.97044909278101,70.6135392787809,0.9439221239058858,47.0,47.0,47.0,39.17085588083146,39.54796193610769,39.4520085847564,39.408094860323246,0.13066322916666664,0.32175060631399566,23.41995573266057,23.884167049177226,23.091257209690035,23.000044898752126,23.335785439089786,23.736179519166694,23.40027808842274,22.99662663369361,23.14789711817853,23.71437707223021,23.378253213399205,22.97438181516661,1.0,0.0,0.8333333333333334,0.0,0.0,22.99662663369361,23.335785439089786,23.71437707223021,17.78193969317187,22.552739257994766,26.556053963340943,2.621529621085595e-16,1.8090925011859242e-16,0.0,9.30903398935181e-16,3.134089229570773e-14,converged
2025-01-15T14:45:00+08:00,6.75,-0.3333333333333335,424.99999999999994,2.5833333333333335,47.2,47.2,42.1,42.1,35.0,55.00000000000001,85.0,36.5733109738426,10.01015654486505,12.592705336196543,13.97044909278101,70.6135392787809,0.9439221239058858,47.0,47.0,47.0,39.176931789538116,39.553641478239776,39.457671698463436,39.41387661302597,0.13485383333333334,0.3215055713190328,23.438634910703623,23.907384398668484,23.10848700420829,23.01460037120312,23.353378658715897,23.758043580632034,23.41843058873584,23.010438350939705,23.16439138222069,23.73623506659631,23.396399529879048,22.988187001892616,1.0,0.0,0.9166666666666666,0.0,0.0,23.010438350939705,23.353378658715897,23.73623506659631,17.78193969317187,22.552739257994766,26.556053963340943,2.621529621085595e-16,1.8104712983560533e-16,0.0,7.551980389563789e-16,2.4996355470612998e-14,converged
2025-01-15T14:50:00+08:00,6.833333333333333,-0.375,415.625,2.59375,47.2,47.2,42.1,42.1,35.0,55.00000000000001,85.0,36.5733109738426,10.01015654486505,12.592705336196543,13.97044909278101,70.6135392787809,0.9439221239058858,47.08872241227312,47.0,47.0,39.24225187497335,39.559126696824144,39.46313310972206,39.43572960824981,0.1390444375,0.321608574725962,23.456838961414643,23.929992199125547,23.125243611058025,23.02881151413987,23.370344261775422,23.779149217131653,23.435959977983327,23.02377828330907,23.1802023114577,23.757334739886875,23.413922821339327,23.001520472297553,1.0,0.0,1.0,0.0,0.0,23.02377828330907,23.370344261775422,23.757334739886875,17.78193969317187,22.552739257994766,26.556053963340943,2.621529621085595e-16,0.0,0.0,2.9242640741842673e-15,2.6993484967748562e-14,converged
2025-01-15T14:55:00+08:00,6.916666666666667,-0.4166666666666665,406.25000000000006,2.6041666666666665,47.2,47.2,42.1,42.1,35.0,55.00000000000001,85.0,36.5733109738426,10.01015654486505,12.592705336196543,13.97044909278101,70.6135392787809,0.9439221239058858,47.2,47.097890429680206,47.0,39.32255757767153,39.63148244963582,39.468393655482174,39.48463192168847,0.14325954166666663,0.3222552854100226,23.474595831147283,23.952017278051294,23.141579961069215,23.042702004186488,23.386861037702214,23.799666307896498,23.45302716644227,23.036799171160816,23.195333685353795,23.777678935572386,23.430825307332707,23.014383827002206,1.0,0.0,1.0,0.0,0.0,23.036799171160816,23.386861037702214,23.777678935572386,17.78193969317187,22.552739257994766,26.556053963340943,2.621529621085595e-16,5.418777926891721e-16,0.0,4.450357558608468e-16,3.304057969791064e-14,converged
2025-01-15T15:00:00+08:00,7.0,-0.4583333333333335,396.87499999999994,2.6145833333333335,47.2,47.2,42.1,42.1,35.0,55.00000000000001,85.0,36.5733109738426,10.01015654486505,12.592705336196543,13.97044909278101,70.6135392787809,0.9439221239058858,47.2,47.2,47.13775784146636,39.32813242339111,39.70661393352543,39.56739587460169,39.549843933268356,0.14785439583333335,0.3232116981506712,23.49177444522192,23.97333579180856,23.157246113577845,23.056159168841102,23.402937998705337,23.81960393392808,23.469640346532994,23.049508344334996,23.210139361079626,23.797504937258523,23.44733194216478,23.02699080947451,1.0,0.0,1.0,0.0,0.0,23.049508344334996,23.402937998705337,23.797504937258523,17.78193969317187,22.552739257994766,26.556053963340943,2.621529621085595e-16,1.0805486542693046e-15,0.0,9.407884199140746e-16,3.845139839547502e-14,converged
2025-01-15T15:05:00+08:00,7.083333333333333,-0.5,387.5,2.625,47.4,47.4,42.2,42.2,35.0,55.00000000000001,85.0,36.66018344646455,10.033933638795844,12.62261675029677,14.003633057371937,70.94939392647537,0.9506643994006087,47.2,47.2,47.2,39.34867269315452,39.72623316000745,39.62956241824008,39.585967679022104,0.15244925,0.32345485346838726,23.508388850670443,23.99396113424136,23.172269545079242,23.069194914492563,23.418411336979627,23.838807108126225,23.48565205095429,23.061765129547837,23.224454676130453,23.816702884903066,23.463338167837477,23.039241646437926,1.0,0.0,1.0,0.0,0.0,23.061765129547837,23.418411336979627,23.816702884903066,17.73980239532075,22.499296747904733,26.493124925513126,1.30456001541641e-16,1.7995605967667544e-16,0.0,1.85213530398055e-15,2.6298834248762658e-14,converged
2025-01-15T15:10:00+08:00,7.166666666666667,-0.5416666666666665,378.12500000000006,2.6354166666666665,47.4,47.4,42.2,42.2,35.0,55.00000000000001,85.0,36.66018344646455,10.033933638795844,12.62261675029677,14.003633057371937,70.94939392647537,0.9506643994006087,47.2,47.2,47.2,39.353843283387796,39.731048235481396,39.63433999035144,39.59086573357277,0.15704410416666667,0.3232467771889368,23.52442806211366,24.013883465303532,23.186629277223993,23.08179929822864,23.43326544528859,23.857261831408604,23.50104826796447,23.073555403567003,23.238098692858934,23.835152472216212,23.47872898186821,23.05102603341276,1.0,0.0,1.0,0.0,0.0,23.073555403567003,23.43326544528859,23.835152472216212,17.73980239532075,22.499296747904733,26.493124925513126,1.30456001541641e-16,1.800718986888621e-16,0.0,3.1144162645645225e-15,3.019455087805626e-14,converged
2025-01-15T15:15:00+08:00,7.25,-0.5833333333333335,368.74999999999994,2.6458333333333335,47.4,47.4,42.2,42.2,35.0,55.00000000000001,85.0,36.66018344646455,10.033933638795844,12.62261675029677,14.003633057371937,70.94939392647537,0.9506643994006087,47.2,47.2,47.2,39.358815446244236,39.73567251445485,39.63891985959471,39.59556826491597,0.16163895833333333,0.3230470070116607,23.539893625630977,24.03310457531005,23.200328603046984,23.093973314071132,23.447502777224642,23.87497091359218,23.515831192885884,23.084880751244885,23.251075124879268,23.85285650585887,23.49350657710872,23.062345553454872,1.0,0.0,1.0,0.0,0.0,23.084880751244885,23.447502777224642,23.85285650585887,17.73980239532075,22.499296747904733,26.493124925513126,1.30456001541641e-16,9.009162699248649e-16,0.0,2.556676875955727e-15,3.234179336738134e-14,converged
2025-01-15T15:20:00+08:00,7.333333333333333,-0.625,359.375,2.65625,47.4,47.4,42.2,42.2,35.0,55.00000000000001,85.0,36.66018344646455,10.033933638795844,12.62261675029677,14.003633057371937,70.94939392647537,0.9506643994006087,47.29040790418717,47.2,47.2,39.42422306249292,39.740106701333126,39.64330284588569,39.616671390472305,0.1662338125,0.3232017081752948,23.55489474279649,24.051728246634685,23.213576154618302,23.105810241470135,23.461125776658264,23.891937153945367,23.530003013210592,23.09574275204975,23.263387665261984,23.86981778196581,23.507673138597134,23.07320178424749,1.0,0.0,1.0,0.0,0.0,23.09574275204975,23.461125776658264,23.86981778196581,17.73980239532075,22.499296747904733,26.493124925513126,1.30456001541641e-16,1.620873080092374e-15,0.0,4.923669368004238e-16,3.865574659082728e-14,converged
2025-01-15T15:25:00+08:00,7.416666666666667,-0.6666666666666665,350.00000000000006,2.6666666666666665,47.4,47.4,42.2,42.2,35.0,55.00000000000001,85.0,36.66018344646455,10.033933638795844,12.62261675029677,14.003633057371937,70.94939392647537,0.9506643994006087,47.4,47.30002813008381,47.2,39.502374458001455,39.81294188689603,39.64748976558446,39.66473903419495,0.17082866666666666,0.32389708340129186,23.56945533144277,24.069777486476788,23.226417130761547,23.117330311317858,23.474317102763983,23.908334089608648,23.5437281272167,23.10629748054963,23.275039986647588,23.886039086185136,23.521230843585776,23.083596298119442,1.0,0.0,1.0,0.0,0.0,23.10629748054963,23.474317102763983,23.886039086185136,17.73980239532075,22.499296747904733,26.493124925513126,1.30456001541641e-16,5.391310749286782e-16,0.0,1.40601501779061e-15,3.861245143815335e-14,converged
2025-01-15T15:30:00+08:00,7.5,-0.7083333333333335,340.62499999999994,2.6770833333333335,47.4,47.4,42.2,42.2,35.0,55.00000000000001,85.0,36.66018344646455,10.033933638795844,12.62261675029677,14.003633057371937,70.94939392647537,0.9506643994006087,47.4,47.4,47.340275002979475,39.506858110999595,39.88562835607647,39.74722701209478,39.72909130143792,0.17542352083333335,0.3249018696481198,23.583446246593038,24.08713027534718,23.23860523609809,23.128422511943324,23.48707800739819,23.924163441185332,23.557007747582386,23.116545631212322,23.2863923760874,23.90176202427823,23.53440876554414,23.093746773964135,1.0,0.0,1.0,0.0,0.0,23.116545631212322,23.48707800739819,23.90176202427823,17.73980239532075,22.499296747904733,26.493124925513126,1.30456001541641e-16,5.374637669199167e-16,0.0,1.4788626249193012e-15,3.7133907263230735e-14,converged
2025-01-15T15:35:00+08:00,7.583333333333333,-0.75,331.25,2.6875,47.6,47.6,42.3,42.3,35.0,55.00000000000001,85.0,36.747055919086506,10.057710732726639,12.652528164396998,14.036817021962865,71.28604538234937,0.9574387046475623,47.4,47.400000000000006,47.4,39.526326190222484,39.90422424527709,39.80666738239733,39.76352788121834,0.180018375,0.325176867431282,23.596881518731447,24.10379997776008,23.25016788274371,23.139098750422917,23.499248430452838,23.93927375010629,23.56969778173286,23.126349768134205,23.29726719980443,23.91686804746375,23.547094114905768,23.103545622392627,1.0,0.0,1.0,0.0,0.0,23.126349768134205,23.499248430452838,23.91686804746375,17.69786432819234,22.44610692107754,26.430493424507187,1.9475987608387911e-16,3.5800616060592404e-16,0.0,1.7606994401241723e-15,3.243883275332922e-14,converged
2025-01-15T15:40:00+08:00,7.666666666666667,-0.7916666666666665,321.87500000000006,2.6979166666666665,47.6,47.6,42.3,42.3,35.0,55.00000000000001,85.0,36.747055919086506,10.057710732726639,12.652528164396998,14.036817021962865,71.28604538234937,0.9574387046475623,47.4,47.400000000000006,47.4,39.530416075132294,39.90800692172325,39.8103874853426,39.76737073884158,0.18461322916666667,0.32501323056016235,23.60975013523814,24.119776734264235,23.261083989941948,23.14934905947949,23.510812701841306,23.953650962932898,23.581784167819276,23.135695719926062,23.307489746615715,23.931241046113662,23.55917587719104,23.112886336249115,1.0,0.0,1.0,0.0,0.0,23.135695719926062,23.510812701841306,23.931241046113662,17.69786432819234,22.44610692107754,26.430493424507187,1.9475987608387911e-16,5.372796130158714e-16,0.0,2.830499507678085e-15,4.166094269324839e-14,converged
2025-01-15T15:45:00+08:00,7.75,-0.8333333333333335,312.49999999999994,2.7083333333333335,47.6,47.6,42.3,42.3,35.0,55.00000000000001,85.0,36.747055919086506,10.057710732726639,12.652528164396998,14.036817021962865,71.28604538234937,0.9574387046475623,47.4,47.400000000000006,47.4,39.534311696291674,39.91160294851303,39.813914594572715,39.771022439488235,0.1892080833333333,0.3248577335507307,23.622053619539066,24.135062309885747,23.271356766231847,23.15917442080779,23.521773223791,23.967297832359414,23.593269059343783,23.144585043449908,23.3170636256085,23.944883769900176,23.57065620353032,23.121770470666327,1.0,0.0,1.0,0.0,0.0,23.144585043449908,23.521773223791,23.944883769900176,17.69786432819234,22.44610692107754,26.430493424507187,1.9475987608387911e-16,1.2542525059839546e-15,0.0,2.460791342269044e-15,3.5086413171761475e-14,converged
2025-01-15T15:50:00+08:00,7.833333333333333,-0.875,303.125,2.71875,47.6,47.6,42.3,42.3,35.0,55.00000000000001,85.0,36.747055919086506,10.057710732726639,12.652528164396998,14.036817021962865,71.28604538234937,0.9574387046475623,47.4920854268723,47.400000000000006,47.4,39.5998305206949,39.91501301482588,39.8172495099014,39.791403036545134,0.1938029375,0.3250631192013051,23.633903195370166,24.149762399033953,23.28119865784668,23.168669854511638,23.53213238900911,23.98021710074404,23.604154602125956,23.15301929027771,23.325992425900733,23.957798958181126,23.581537237387533,23.13019957549811,1.0,0.0,1.0,0.0,0.0,23.15301929027771,23.53213238900911,23.957798958181126,17.69786432819234,22.44610692107754,26.430493424507187,1.9475987608387911e-16,1.4325257459286378e-15,0.0,1.9557184604304838e-15,4.8860002766135273e-14,converged
2025-01-15T15:55:00+08:00,7.916666666666667,-0.9166666666666665,293.75000000000006,2.7291666666666665,47.6,47.6,42.3,42.3,35.0,55.00000000000001,85.0,36.747055919086506,10.057710732726639,12.652528164396998,14.036817021962865,71.28604538234937,0.9574387046475623,47.6,47.5021557231569,47.4,39.67585753636981,39.988349902972594,39.820393027676594,39.838663414680894,0.19839779166666666,0.32580616009156965,23.64531876789626,24.163896203656563,23.290647163822687,23.177852159189385,23.54207671215649,23.992585949763736,23.614608669424342,23.161157856514635,23.334279716751556,23.969989340038644,23.591821114587496,23.138175195337354,1.0,0.0,1.0,0.0,0.0,23.161157856514635,23.54207671215649,23.969989340038644,17.69786432819234,22.44610692107754,26.430493424507187,1.9475987608387911e-16,1.2506013584266017e-15,0.0,1.5768537127793543e-15,3.309157955195768e-14,converged
2025-01-15T16:00:00+08:00,8.0,-0.9583333333333335,284.37499999999994,2.7395833333333335,47.6,47.6,42.3,42.3,35.0,55.00000000000001,85.0,36.747055919086506,10.057710732726639,12.652528164396998,14.036817021962865,71.28604538234937,0.9574387046475623,47.6,47.600000000000016,47.5427802630197,39.67927688646182,40.0586221319475,39.920890057744195,39.90218334993363,0.20299264583333332,0.3268583256653531,23.65617311465425,24.17734352164197,23.299459622058997,23.186611977706978,23.551599716268697,24.004398769603625,23.624625522321455,23.168994827775137,23.342292192640215,23.981700827400182,23.60174101226165,23.145918929471584,1.0,0.0,1.0,0.0,0.0,23.168994827775137,23.551599716268697,23.981700827400182,17.69786432819234,22.44610692107754,26.430493424507187,1.9475987608387911e-16,5.342467027111502e-16,0.0,2.306067866316422e-15,3.4603957243744975e-14,converged
2025-01-15T16:05:00+08:00,8.083333333333334,-1.0,275.0,2.75,47.8,47.8,42.4,42.4,35.0,55.00000000000001,85.0,36.833928391708454,10.081487826657433,12.682439578497227,14.070000986553794,71.623493646403,0.9642451155466352,47.6,47.6,47.6,39.69771156332513,40.076232885174,39.97765089747016,39.93497435018238,0.2075875,0.32716435021046314,23.666480259664187,24.190117700142675,23.307663402757886,23.194961224090424,23.560545089656227,24.015507634493034,23.634064443544354,23.176396002406637,23.349839324188068,23.99280623519284,23.61117595556747,23.153315412757046,1.0,0.0,1.0,0.0,0.0,23.176396002406637,23.560545089656227,23.99280623519284,17.656124082135285,22.393167989659904,26.368157355109762,1.2922818718038895e-16,1.7791565883025677e-16,0.0,8.880892592042548e-15,3.0338407308768094e-14,converged
2025-01-15T16:10:00+08:00,8.166666666666666,-1.041666666666667,265.62499999999994,2.760416666666667,47.8,47.8,42.4,42.4,35.0,55.00000000000001,85.0,36.833928391708454,10.081487826657433,12.682439578497227,14.070000986553794,71.623493646403,0.9642451155466352,47.6,47.6,47.6,39.700747370402894,40.07900962346745,39.98034330894115,39.93778978432996,0.2121823541666667,0.32704417974717537,23.676229153616635,24.202208848998108,23.315237304972367,23.202889900723314,23.568897086021856,24.025898420628337,23.642911308811115,23.18334715229281,23.356752583410444,24.003193617582085,23.62001888972675,23.16026191161843,1.0,0.0,1.0,0.0,0.0,23.18334715229281,23.568897086021856,24.003193617582085,17.656124082135285,22.393167989659904,26.368157355109762,1.2922818718038895e-16,3.559620657885757e-16,0.0,1.1111866545038901e-15,1.6592237803248207e-14,converged
2025-01-15T16:15:00+08:00,8.25,-1.083333333333333,256.25000000000006,2.770833333333333,47.8,47.8,42.4,42.4,35.0,55.00000000000001,85.0,36.833928391708454,10.081487826657433,12.682439578497227,14.070000986553794,71.623493646403,0.9642451155466352,47.6,47.6,47.6,39.70359297436903,40.081603761105015,39.98284730849692,39.940418317208156,0.21677720833333328,0.3269319867434737,23.68542129763372,24.213618708314204,23.32218445518539,23.210398977135547,23.57665805741011,24.035573824824553,23.651168230668194,23.18984980685642,23.36303547823769,24.012865668490367,23.628271925009802,23.16675995381441,1.0,0.0,1.0,0.0,0.0,23.18984980685642,23.57665805741011,24.012865668490367,17.656124082135285,22.393167989659904,26.368157355109762,1.2922818718038895e-16,0.0,0.0,7.645352045690555e-16,3.328453146224427e-14,converged
2025-01-15T16:20:00+08:00,8.333333333333334,-1.125,246.875,2.78125,47.8,47.8,42.4,42.4,35.0,55.00000000000001,85.0,36.833928391708454,10.081487826657433,12.682439578497227,14.070000986553794,71.623493646403,0.9642451155466352,47.69375503671459,47.6,47.6,39.76924601916908,40.08401597239736,39.985163676412704,39.96010300538614,0.2213720625,0.32718706615180637,23.69416993004989,24.22445487740983,23.328721101063092,23.217585207469188,23.58383034654241,24.044536533768547,23.65883731412416,23.195905490322435,23.368691497186827,24.021825071732952,23.63593716416468,23.172811061916708,1.0,0.0,1.0,0.0,0.0,23.195905490322435,23.58383034654241,24.021825071732952,17.656124082135285,22.393167989659904,26.368157355109762,1.2922818718038895e-16,1.7790330650313833e-16,0.0,3.5061231418557295e-15,4.031555365765658e-14,converged
2025-01-15T16:25:00+08:00,8.416666666666666,-1.166666666666667,237.49999999999994,2.791666666666667,47.8,47.8,42.4,42.4,35.0,55.00000000000001,85.0,36.833928391708454,10.081487826657433,12.682439578497227,14.070000986553794,71.623493646403,0.9642451155466352,47.8,47.7042732804136,47.6,39.843177899283205,40.15787620641226,39.987293189585245,40.00658280354266,0.22596691666666668,0.3279767962210766,23.70249095912189,24.23473276794406,23.33487707383249,23.224461971389076,23.590604309374733,24.052967360359183,23.666089894460708,23.20167690772762,23.373724109468963,24.030074501055832,23.643016702444015,23.17841675332771,1.0,0.0,1.0,0.0,0.0,23.20167690772762,23.590604309374733,24.030074501055832,17.656124082135285,22.393167989659904,26.368157355109762,1.2922818718038895e-16,3.549498719673562e-16,0.0,3.111445141620689e-15,2.313982527066422e-14,converged
2025-01-15T16:30:00+08:00,8.5,-1.208333333333333,228.12500000000006,2.802083333333333,47.8,47.8,42.4,42.4,35.0,55.00000000000001,85.0,36.833928391708454,10.081487826657433,12.682439578497227,14.070000986553794,71.623493646403,0.9642451155466352,47.8,47.8,47.74527370579561,39.845559164996295,40.225764314787185,40.08857395557147,40.06929710288759,0.2305617708333333,0.32907536923617403,23.710259077748898,24.244333988447913,23.34041333267578,23.2309215600388,23.596965771450368,24.06085339414982,23.672913309135172,23.2071515621907,23.378506394581617,24.03786415863673,23.649747805217025,23.18380253277773,1.0,0.0,1.0,0.0,0.0,23.2071515621907,23.596965771450368,24.03786415863673,17.656124082135285,22.393167989659904,26.368157355109762,1.2922818718038895e-16,1.2381772216499332e-15,0.0,2.9895680202206382e-15,3.5001010107304423e-14,converged
2025-01-15T16:35:00+08:00,8.583333333333334,-1.25,218.75,2.8125,48.0,48.0,42.5,42.5,35.0,55.00000000000001,85.0,36.92080086433041,10.10526492058823,12.712350992597457,14.103184951144721,71.9617387186362,0.9710837079977129,47.8,47.8,47.8,39.86299816693936,40.2424271025698,40.142700640676516,40.100482980909376,0.235156625,0.3294116227684747,23.717488313287177,24.253271880355815,23.345357227433208,23.23697590049212,23.602762169755476,24.068050245894824,23.67917021636783,23.212198482942433,23.382835001834845,24.045058274734338,23.656001358005195,23.18884529923306,1.0,0.0,1.0,0.0,0.0,23.212198482942433,23.602762169755476,24.045058274734338,17.61458026076555,22.34047818262541,26.30611463192127,1.2862076998500542e-16,1.7670190391059265e-16,0.0,8.39612301833103e-16,2.7812207589250256e-14,converged
2025-01-15T16:40:00+08:00,8.666666666666666,-1.291666666666667,209.37499999999994,2.822916666666667,48.0,48.0,42.5,42.5,35.0,55.00000000000001,85.0,36.92080086433041,10.10526492058823,12.712350992597457,14.103184951144721,71.9617387186362,0.9710837079977129,47.8,47.8,47.8,39.865005859322615,40.24422372869343,40.144394324097796,40.10229805355862,0.2397514791666667,0.3293339677642261,23.724167570563356,24.261536511809556,23.349687419968,23.242614958979747,23.607977668923457,24.074543705991157,23.684846417547842,23.216803376862565,23.386547544200724,24.051549035115446,23.661674237955843,23.193446069338805,1.0,0.0,1.0,0.0,0.0,23.216803376862565,23.607977668923457,24.051549035115446,17.61458026076555,22.34047818262541,26.30611463192127,1.2862076998500542e-16,0.0,0.0,3.692989814570973e-15,3.989793914690438e-14,converged
2025-01-15T16:45:00+08:00,8.75,-1.333333333333333,200.00000000000006,2.833333333333333,48.0,48.0,42.5,42.5,35.0,55.00000000000001,85.0,36.92080086433041,10.10526492058823,12.712350992597457,14.103184951144721,71.9617387186362,0.9710837079977129,47.8,47.8,47.8,39.866827308979175,40.245841707619306,40.145904053617215,40.103930373024916,0.2443463333333333,0.329264131565029,23.730298328740194,24.26912959835849,23.35340695707773,23.247839693026926,23.61261457197156,24.08033641659169,23.68994398511312,23.220967746475228,23.38964743171599,24.05733907916546,23.66676851532329,23.197606344018208,1.0,0.0,1.0,0.0,0.0,23.220967746475228,23.61261457197156,24.05733907916546,17.61458026076555,22.34047818262541,26.30611463192127,1.2862076998500542e-16,8.839052804932005e-16,0.0,1.873799024772338e-15,3.1398606180974343e-14,converged
2025-01-15T16:50:00+08:00,8.833333333333334,-1.375,190.625,2.84375,48.0,48.0,42.5,42.5,35.0,55.00000000000001,85.0,36.92080086433041,10.10526492058823,12.712350992597457,14.103184951144721,71.9617387186362,0.9710837079977129,47.895416789569374,47.8,47.8,39.93263693925252,40.24728169913808,40.147230590518674,40.12294506947466,0.2489411875,0.3295679360168549,23.73599583322731,24.27616063714261,23.356735875149415,23.252748584235103,23.61667517278655,24.085431009924573,23.69446498410541,23.224693089197217,23.39213805554217,24.062431036365318,23.67128625298085,23.2013276190977,1.0,0.0,1.0,0.0,0.0,23.224693089197217,23.61667517278655,24.062431036365318,17.61458026076555,22.34047818262541,26.30611463192127,1.2862076998500542e-16,1.7661809463919006e-16,0.0,3.2384866436399864e-17,5.2173095115933906e-14,converged
2025-01-15T16:55:00+08:00,8.916666666666666,-1.416666666666667,181.24999999999994,2.854166666666667,48.0,48.0,42.5,42.5,35.0,55.00000000000001,85.0,36.92080086433041,10.10526492058823,12.712350992597457,14.103184951144721,71.9617387186362,0.9710837079977129,48.0,47.90638087269498,47.8,40.004502262867504,40.321686310959514,40.14837469279245,40.16867027372602,0.2535360416666667,0.33040340064923596,23.741272011040166,24.282641264407186,23.35969636934135,23.25735160661886,23.62035365449132,24.09001191685437,23.698584198935247,23.22814540645728,23.394022788070064,24.066827526328684,23.675229506447128,23.204611385324217,1.0,0.0,1.0,0.0,0.0,23.22814540645728,23.62035365449132,24.066827526328684,17.61458026076555,22.34047818262541,26.30611463192127,1.2862076998500542e-16,5.285144838015336e-16,0.0,1.5744077616986345e-16,3.396815771741705e-14,converged
2025-01-15T17:00:00+08:00,9.0,-1.458333333333333,171.87500000000006,2.864583333333333,48.0,48.0,42.5,42.5,35.0,55.00000000000001,85.0,36.92080086433041,10.10526492058823,12.712350992597457,14.103184951144721,71.9617387186362,0.9710837079977129,48.0,48.0,47.94775541472314,40.00587100923695,40.387219778651016,40.25046236630458,40.23060493589397,0.25813089583333326,0.3315474309928554,23.74600346332627,24.288454892626156,23.362053008138343,23.261542693374597,23.623628176264138,24.094058955897342,23.702282071230865,23.231305645075977,23.39568107145113,24.070783025641376,23.678839613982326,23.207687037999055,1.0,0.0,1.0,0.0,0.0,23.231305645075977,23.623628176264138,24.070783025641376,17.61458026076555,22.34047818262541,26.30611463192127,1.2862076998500542e-16,1.755636010786093e-16,0.0,1.3844843462135944e-15,3.4901216687728486e-14,converged
2025-01-15T17:05:00+08:00,9.083333333333334,-1.5,162.5,2.875,48.2,48.2,42.6,42.6,35.0,55.00000000000001,85.0,37.007673336952365,10.129042014519026,12.742262406697687,14.136368915735652,72.30078059904899,0.9779545579006828,48.0,48.0,48.0,40.022351031854704,40.402970766871206,40.3019990423233,40.260225050659706,0.26272575,0.3319131332679874,23.75020423030173,24.293614868842308,23.363833141687454,23.265333790561467,23.626349923575386,24.09743127753586,23.705424634525254,23.234046061569007,23.396896806637617,24.074153230711833,23.6819793664741,23.210423779580495,1.0,0.0,1.0,0.0,0.0,23.234046061569007,23.626349923575386,24.074153230711833,17.573231480810705,22.288035745576995,26.24436318912333,6.400881267644647e-17,1.7537016489935158e-16,1.581516794159763e-16,1.4317284871623545e-15,3.306609097535487e-14,converged
2025-01-15T17:10:00+08:00,9.166666666666666,-1.541666666666667,153.12499999999994,2.885416666666667,48.2,48.2,42.6,42.6,35.0,55.00000000000001,85.0,37.007673336952365,10.129042014519026,12.742262406697687,14.136368915735652,72.30078059904899,0.9779545579006828,48.0,48.0,48.0,40.02335592593045,40.40381248696046,40.302722169688224,40.26106613103468,0.2673206041666667,0.33187706430934005,23.753863162022913,24.298111208820234,23.365015278418714,23.268714822600977,23.628502959616664,24.100114571490458,23.707997604400706,23.236352289820697,23.397513706305418,24.076834427374376,23.684549545732068,23.212726353948508,1.0,0.0,1.0,0.0,0.0,23.236352289820697,23.628502959616664,24.076834427374376,17.573231480810705,22.288035745576995,26.24436318912333,6.400881267644647e-17,3.5077844884883336e-16,1.581516794159763e-16,3.0667881249520304e-15,3.5373331410213816e-14,converged
2025-01-15T17:15:00+08:00,9.25,-1.583333333333333,143.75000000000006,2.895833333333333,48.2,48.2,42.6,42.6,35.0,55.00000000000001,85.0,37.007673336952365,10.129042014519026,12.742262406697687,14.136368915735652,72.30078059904899,0.9779545579006828,48.0,48.0,48.0,40.024178440068184,40.404479420015164,40.30326568084119,40.26172850151645,0.2719154583333333,0.3318486591601686,23.756981716032595,24.301945603911225,23.36560238774797,23.271686735171905,23.63008953950761,24.102111426443155,23.71000301401671,23.23822580598685,23.397535085757497,24.078829201664384,23.686552182821696,23.214596235719263,1.0,0.0,1.0,0.0,0.0,23.23822580598685,23.63008953950761,24.078829201664384,17.573231480810705,22.288035745576995,26.24436318912333,6.400881267644647e-17,0.0,1.581516794159763e-16,3.4090140829261472e-15,3.255354655361864e-14,converged
2025-01-15T17:20:00+08:00,9.333333333333334,-1.625,134.375,2.90625,48.2,48.2,42.6,42.6,35.0,55.00000000000001,85.0,37.007673336952365,10.129042014519026,12.742262406697687,14.136368915735652,72.30078059904899,0.9779545579006828,48.09707074076758,48.0,48.0,40.09016639115806,40.404972211646616,40.30363031860623,40.280098439477655,0.2765103125,0.3322002414431237,23.759677137331966,24.305229442025404,23.36581828209067,23.274349730792583,23.6311119094256,24.103424421350276,23.711442889275407,23.239668081204623,23.396964241942474,24.080140129911154,23.687989301565786,23.216034894500506,1.0,0.0,1.0,0.0,0.0,23.239668081204623,23.6311119094256,24.080140129911154,17.573231480810705,22.288035745576995,26.24436318912333,6.400881267644647e-17,3.504371981224655e-16,1.581516794159763e-16,2.4877114184754873e-15,3.4106674570368363e-14,converged
2025-01-15T17:25:00+08:00,9.416666666666666,-1.666666666666667,124.99999999999993,2.916666666666667,48.2,48.2,42.6,42.6,35.0,55.00000000000001,85.0,37.007673336952365,10.129042014519026,12.742262406697687,14.136368915735652,72.30078059904899,0.9779545579006828,48.2,48.10847857017692,48.0,40.15999308949939,40.47994163670939,40.303816822596,40.32509435483569,0.2811051666666667,0.33308050738163836,23.76195738726982,24.307970598781534,23.365677552042442,23.27671039103407,23.631768065595136,24.10424159184416,23.712495450884596,23.24084840082065,23.39580445355624,24.08076977877431,23.688862918570294,23.21704379490857,1.0,0.0,1.0,0.0,0.0,23.24084840082065,23.631768065595136,24.08076977877431,17.573231480810705,22.288035745576995,26.24436318912333,6.400881267644647e-17,6.990221237626974e-16,1.581516794159763e-16,1.9525255106504657e-15,4.842430606399067e-14,converged
2025-01-15T17:30:00+08:00,9.5,-1.708333333333333,115.62500000000007,2.927083333333333,48.2,48.2,42.6,42.6,35.0,55.00000000000001,85.0,37.007673336952365,10.129042014519026,12.742262406697687,14.136368915735652,72.30078059904899,0.9779545579006828,48.2,48.2,48.150225472435075,40.1603742453693,40.543149318797035,40.40673381686885,40.386274699604336,0.2857000208333333,0.33426906620563934,23.763700968165285,24.310054283931773,23.36494836342579,23.278664284954914,23.632028531757296,24.104535514808692,23.713134272266593,23.24174118139621,23.3944415030873,24.080976883479014,23.689418429716603,23.217856208022965,1.0,0.0,1.0,0.0,0.0,23.24174118139621,23.632028531757296,24.080976883479014,17.573231480810705,22.288035745576995,26.24436318912333,6.400881267644647e-17,1.393073228682395e-15,1.581516794159763e-16,2.2351647184981313e-15,2.799641354259042e-14,converged
2025-01-15T17:35:00+08:00,9.583333333333334,-1.75,106.25,2.9375,48.4,48.4,42.7,42.7,35.0,55.00000000000001,85.0,37.09454580957432,10.152819108449824,12.772173820797917,14.169552880326581,72.64061928764139,0.9848577411554318,48.2,48.2,48.2,40.17593098049372,40.55802369416325,40.45572343422209,40.41436734169551,0.290294875,0.334663454120263,23.764921942347645,24.311493861143653,23.363658086511634,23.280223383380317,23.631748241241947,24.104168883150283,23.713228761726587,23.24222190291046,23.392646614788585,24.080608656615542,23.689510575636692,23.218333678702592,1.0,0.0,1.0,0.0,0.0,23.24222190291046,23.631748241241947,24.080608656615542,17.532076371956343,22.23583894055222,26.182900980249503,6.370935665347146e-17,0.0,0.0,4.880519928820781e-15,2.909883265873573e-14,converged
2025-01-15T17:40:00+08:00,9.666666666666666,-1.791666666666667,96.87499999999993,2.947916666666667,48.4,48.4,42.7,42.7,35.0,55.00000000000001,85.0,37.09454580957432,10.152819108449824,12.772173820797917,14.169552880326581,72.64061928764139,0.9848577411554318,48.2,48.2,48.2,40.1759577630119,40.5579351091964,40.455503408267575,40.41426012447953,0.29488972916666667,0.33466806282522177,23.76560909645845,24.312279283426736,23.361785060781898,23.281377563420087,23.630911143897915,24.103127271577062,23.712764537968066,23.242276118538303,23.390269560740915,24.079565453193077,23.689044016039308,23.21838465544267,1.0,0.0,1.0,0.0,0.0,23.242276118538303,23.630911143897915,24.079565453193077,17.532076371956343,22.23583894055222,26.182900980249503,6.370935665347146e-17,1.7392654806104394e-16,0.0,5.88198087603658e-16,4.806510123224686e-14,converged
2025-01-15T17:45:00+08:00,9.75,-1.833333333333333,87.50000000000007,2.958333333333333,48.4,48.4,42.7,42.7,35.0,55.00000000000001,85.0,37.09454580957432,10.152819108449824,12.772173820797917,14.169552880326581,72.64061928764139,0.9848577411554318,48.2,48.2,48.2,40.175805933368196,40.557675506258164,40.45510798683078,40.413978138611,0.2994845833333333,0.3346801839165857,23.76576386675485,24.31241221828778,23.3593321805091,23.282127759062764,23.629519448051518,24.101413216466206,23.711743595685533,23.241905278587378,23.387313564573137,24.077849807058872,23.68802074361158,23.21801058707058,1.0,0.0,1.0,0.0,0.0,23.241905278587378,23.629519448051518,24.077849807058872,17.532076371956343,22.23583894055222,26.182900980249503,6.370935665347146e-17,3.4784049794818354e-16,0.0,7.948342140144332e-17,3.8639497112197915e-14,converged
2025-01-15T17:50:00+08:00,9.833333333333334,-1.875,78.125,2.96875,48.4,48.4,42.7,42.7,35.0,55.00000000000001,85.0,37.09454580957432,10.152819108449824,12.772173820797917,14.169552880326581,72.64061928764139,0.9848577411554318,48.29871694512175,48.2,48.2,40.24199332783108,40.55724551711326,40.45453789479182,40.43172788546675,0.3040794375,0.33507861781953036,23.765505490385486,24.31200593739316,23.35652702146549,23.282575887237176,23.627575353270732,24.09902924466393,23.71016792245211,23.241110828433644,23.38378183206389,24.075464242548176,23.686442743933497,23.217212917491945,1.0,0.0,1.0,0.0,0.0,23.241110828433644,23.627575353270732,24.075464242548176,17.532076371956343,22.23583894055222,26.182900980249503,6.370935665347146e-17,5.211403338020579e-16,0.0,3.1518994576402393e-15,5.748443109304974e-14,converged
2025-01-15T17:55:00+08:00,9.916666666666666,-1.916666666666667,68.74999999999993,2.979166666666667,48.4,48.4,42.7,42.7,35.0,55.00000000000001,85.0,37.09454580957432,10.152819108449824,12.772173820797917,14.169552880326581,72.64061928764139,0.9848577411554318,48.4,48.310566442377905,48.2,40.309808701180664,40.63279960883979,40.45379385389938,40.47601915385045,0.3086742916666667,0.33600277266795187,23.764837978515633,24.31106457043563,23.353376600958683,23.282725150201646,23.625280654879187,24.096166983430603,23.708219162503728,23.24006532493266,23.379677551240434,24.072411274519933,23.684311995503244,23.215993085707346,1.0,0.0,1.0,0.0,0.0,23.24006532493266,23.625280654879187,24.072411274519933,17.532076371956343,22.23583894055222,26.182900980249503,6.370935665347146e-17,1.0394139390806155e-15,0.0,1.8397618040400015e-15,4.346296417344667e-14,converged
2025-01-15T18:00:00+08:00,10.0,-1.958333333333333,59.375000000000064,2.989583333333333,48.4,48.4,42.7,42.7,35.0,55.00000000000001,85.0,37.09454580957432,10.152819108449824,12.772173820797917,14.169552880326581,72.64061928764139,0.9848577411554318,48.4,48.4,48.35268396079002,40.30922657602364,40.69370975006947,40.55756184552713,40.536469839942775,0.3132691458333333,0.3372349518928737,23.763641727596326,24.30947511781563,23.34965267020074,23.28247274672017,23.622598271911045,24.09279179723422,23.705864048508584,23.238736680267944,23.375392822660924,24.068953881143045,23.681877936630187,23.214588223860282,1.0,0.0,1.0,0.0,0.0,23.238736680267944,23.622598271911045,24.068953881143045,17.532076371956343,22.23583894055222,26.182900980249503,6.370935665347146e-17,6.904107725104092e-16,0.0,1.6921254863790884e-15,4.263824748485733e-14,converged
2025-01-15T18:05:00+08:00,10.083333333333334,-2.0,50.0,3.0,48.6,48.6,42.8,42.8,35.0,55.00000000000001,85.0,37.181418282196276,10.176596202380617,12.802085234898145,14.202736844917508,72.98125478441331,0.9917933336618455,48.4,48.4,48.4,40.323894739013,40.707741744956486,40.6040461937868,40.56307226066177,0.317864,0.3376572791040562,23.761930831059342,24.307250970538718,23.345382638581537,23.281830678010955,23.61938688451243,24.08876992361065,23.7029753626551,23.23700359384497,23.370686264282803,24.064930840454103,23.678987301458395,23.212852257654927,1.0,0.0,1.0,0.0,0.0,23.23700359384497,23.61938688451243,24.064930840454103,17.491113576694765,22.183886045831304,26.121725977959205,2.5364798867304574e-16,5.171604272940565e-16,0.0,4.086856872301094e-15,5.565734454544048e-14,converged
2025-01-15T18:10:00+08:00,10.166666666666666,-2.041666666666667,48.95833333333333,3.0,48.6,48.6,42.8,42.8,35.0,55.00000000000001,85.0,37.181418282196276,10.176596202380617,12.802085234898145,14.202736844917508,72.98125478441331,0.9917933336618455,48.4,48.4,48.4,40.323035465890065,40.706811399025035,40.60297508372072,40.56210759767769,0.3189823541666667,0.3376988420084609,23.76011010952394,24.304907653336436,23.34096860533836,23.28109793514882,23.616046157449908,24.084612134559496,23.699962856838674,23.23516052783942,23.36582917998854,24.060771873464578,23.675972842821047,23.211006315616178,1.0,0.0,1.0,0.0,0.0,23.23516052783942,23.616046157449908,24.060771873464578,17.491113576694765,22.183886045831304,26.121725977959205,2.5364798867304574e-16,6.894623691011536e-16,0.0,5.257651358534555e-15,3.758409214376784e-14,converged
2025-01-15T18:15:00+08:00,10.25,-2.083333333333333,47.91666666666667,3.0,48.6,48.6,42.8,42.8,35.0,55.00000000000001,85.0,37.181418282196276,10.176596202380617,12.802085234898145,14.202736844917508,72.98125478441331,0.9917933336618455,48.4,48.4,48.4,40.32213690309345,40.70584246486673,40.601863154648136,40.56110330235603,0.3201007083333333,0.33774211248855307,23.758179858533612,24.302445470042915,23.33641128580859,23.280274727323555,23.612576603786856,24.080318940906004,23.69682697319821,23.233207856299675,23.360822403444004,24.05647749053454,23.67283500243153,23.209050771409107,1.0,0.0,1.0,0.0,0.0,23.233207856299675,23.612576603786856,24.05647749053454,17.491113576694765,22.183886045831304,26.121725977959205,2.5364798867304574e-16,3.446870186520801e-16,0.0,4.253911651811667e-15,4.385370158433526e-14,converged
2025-01-15T18:20:00+08:00,10.333333333333334,-2.125,46.875,3.0,48.6,48.6,42.8,42.8,35.0,55.00000000000001,85.0,37.181418282196276,10.176596202380617,12.802085234898145,14.202736844917508,72.98125478441331,0.9917933336618455,48.500355456932205,48.4,48.4,40.38888306948004,40.70483508473036,40.600710577321124,40.57858468135027,0.3212190625,0.3381723644266109,23.756260183235465,24.299978232344017,23.331939910966287,23.279463967786658,23.608978734551442,24.075890851555524,23.693568152293803,23.23114595200197,23.355666763697922,24.052048200107812,23.669574220427524,23.206985997429186,1.0,0.0,1.0,0.0,0.0,23.23114595200197,23.608978734551442,24.052048200107812,17.491113576694765,22.183886045831304,26.121725977959205,2.5364798867304574e-16,5.163727173167585e-16,0.0,7.447411168707532e-16,7.487341110978942e-14,converged
2025-01-15T18:25:00+08:00,10.416666666666666,-2.166666666666667,45.83333333333333,3.0,48.6,48.6,42.8,42.8,35.0,55.00000000000001,85.0,37.181418282196276,10.176596202380617,12.802085234898145,14.202736844917508,72.98125478441331,0.9917933336618455,48.6,48.51264455816675,48.4,40.455187306400305,40.78144248530085,40.59951752174354,40.62265350224694,0.3223374166666667,0.3391197742894075,23.75435004626475,24.297505005269194,23.327551870781665,23.278664782563602,23.605456493738405,24.07152111273958,23.69036994509432,23.229149587181606,23.350363085207455,24.04748450871918,23.66619093537661,23.2048123648066,1.0,0.0,1.0,0.0,0.0,23.229149587181606,23.605456493738405,24.04748450871918,17.491113576694765,22.183886045831304,26.121725977959205,2.5364798867304574e-16,8.5821685030659e-16,0.0,4.7736214502063204e-15,5.315214150994446e-14,converged
2025-01-15T18:30:00+08:00,10.5,-2.208333333333333,44.79166666666667,3.0,48.6,48.6,42.8,42.8,35.0,55.00000000000001,85.0,37.181418282196276,10.176596202380617,12.802085234898145,14.202736844917508,72.98125478441331,0.9917933336618455,48.6,48.6,48.55513096088163,40.4542733393723,40.84065941781335,40.70474155283736,40.68298655222231,0.3234557708333333,0.34036935157456133,23.752330620459652,24.29491324331969,23.323020415188246,23.27777528566325,23.601963596212997,24.067165953330115,23.68719077207841,23.227179155134802,23.345307501157073,24.04305167155661,23.662937115647885,23.20276981289598,1.0,0.0,1.0,0.0,0.0,23.227179155134802,23.601963596212997,24.04305167155661,17.491113576694765,22.183886045831304,26.121725977959205,2.5364798867304574e-16,3.4202645240646137e-16,0.0,1.34314709089437e-16,5.572293375973193e-14,converged
2025-01-15T18:35:00+08:00,10.583333333333334,-2.25,43.75,3.0,48.8,48.8,42.9,42.9,35.0,55.00000000000001,85.0,37.26829075481823,10.200373296311414,12.831996648998375,14.235920809508439,73.32268708936483,0.9987614113198119,48.6,48.600000000000016,48.6,40.46882355919965,40.85458142904902,40.749469219795365,40.708847797280605,0.324574125,0.3407879400609475,23.750214927511962,24.292215044120475,23.31837093906872,23.27680680503458,23.598360838493583,24.062693205805548,23.683905289703116,23.225115530265537,23.34024383392365,24.03857813103213,23.659650035087637,23.200703647032576,1.0,0.0,1.0,0.0,0.0,23.225115530265537,23.598360838493583,24.03857813103213,17.450341750175664,22.132175355747783,26.060836173814774,3.7870028817287894e-16,8.540158566505813e-16,0.0,1.91568376924503e-15,3.6608445089647955e-14,converged
2025-01-15T18:40:00+08:00,10.666666666666666,-2.291666666666667,42.70833333333333,3.0,48.8,48.8,42.9,42.9,35.0,55.00000000000001,85.0,37.26829075481823,10.200373296311414,12.831996648998375,14.235920809508439,73.32268708936483,0.9987614113198119,48.6,48.600000000000016,48.6,40.46783886472131,40.85353201533495,40.7482807364766,40.707762974818536,0.32569247916666666,0.34083478929191946,23.747990500000835,24.289398884970673,23.313579350849505,23.275748403746576,23.5946302962877,24.058086240579662,23.680497406467012,23.22294305133239,23.335031623958148,24.033970358880794,23.65624054752979,23.19852862860388,1.0,0.0,1.0,0.0,0.0,23.22294305133239,23.5946302962877,24.033970358880794,17.450341750175664,22.132175355747783,26.060836173814774,3.7870028817287894e-16,8.538984684396975e-16,0.0,2.6337120673659536e-15,3.983102175817295e-14,converged
2025-01-15T18:45:00+08:00,10.75,-2.333333333333333,41.66666666666667,3.0,48.8,48.8,42.9,42.9,35.0,55.00000000000001,85.0,37.26829075481823,10.200373296311414,12.831996648998375,14.235920809508439,73.32268708936483,0.9987614113198119,48.6,48.600000000000016,48.6,40.46681539432015,40.85244453403326,40.74705199983917,40.70663905598065,0.32681083333333333,0.3408833269421528,23.74565763059098,24.286465066676648,23.308646356620052,23.27460028929011,23.590772476583336,24.05334556219018,23.676967559522424,23.22066208862422,23.32967169409821,24.02922885919384,23.652709089716353,23.196245127527526,1.0,0.0,1.0,0.0,0.0,23.22066208862422,23.590772476583336,24.02922885919384,17.450341750175664,22.132175355747783,26.060836173814774,3.7870028817287894e-16,6.830215069256835e-16,0.0,4.1633934004546604e-16,5.483535787586588e-14,converged
2025-01-15T18:50:00+08:00,10.833333333333334,-2.375,40.625,3.0,48.8,48.8,42.9,42.9,35.0,55.00000000000001,85.0,37.26829075481823,10.200373296311414,12.831996648998375,14.235920809508439,73.32268708936483,0.9987614113198119,48.70198632999297,48.600000000000016,48.6,40.534600484646184,40.85131912549375,40.745783178267025,40.72431974725664,0.3279291875,0.34132525367416383,23.743338419511833,24.28352929083697,23.303804986737912,23.273467086084324,23.586787884356998,24.048471673278225,23.673316184460393,23.218273011170275,23.324164862623455,24.02435413416944,23.649056096831053,23.19385351246403,1.0,0.0,1.0,0.0,0.0,23.218273011170275,23.586787884356998,24.02435413416944,17.450341750175664,22.132175355747783,26.060836173814774,3.7870028817287894e-16,3.4106858655722937e-16,0.0,2.2375077524480716e-15,5.003028140836067e-14,converged
2025-01-15T18:55:00+08:00,10.916666666666666,-2.416666666666667,39.58333333333333,3.0,48.8,48.8,42.9,42.9,35.0,55.00000000000001,85.0,37.26829075481823,10.200373296311414,12.831996648998375,14.235920809508439,73.32268708936483,0.9987614113198119,48.8,48.71471298577009,48.6,40.59974212997065,40.92930381960379,40.74447443940624,40.76850039779917,0.32904754166666667,0.34228152721809724,23.741027927568513,24.280586925721458,23.299045180753097,23.27234457651868,23.58288427316562,24.04366142903128,23.669730262100735,23.21595385902679,23.318511943280722,24.019346684119817,23.645282002504914,23.191354150821088,1.0,0.0,1.0,0.0,0.0,23.21595385902679,23.58288427316562,24.019346684119817,17.450341750175664,22.132175355747783,26.060836173814774,3.7870028817287894e-16,8.502892543829609e-16,0.0,1.0593539713280974e-15,6.103368783721078e-14,converged
2025-01-15T19:00:00+08:00,11.0,-2.458333333333333,38.54166666666667,3.0,48.8,48.8,42.9,42.9,35.0,55.00000000000001,85.0,37.26829075481823,10.200373296311414,12.831996648998375,14.235920809508439,73.32268708936483,0.9987614113198119,48.8,48.800000000000004,48.75756655304741,40.598704631854375,40.98702949706424,40.85135025573502,40.828917133950945,0.33016589583333333,0.34353983192668336,23.73860922537334,24.277527223296016,23.294143810846787,23.27113250171368,23.579007852172346,24.038863947052384,23.66616145812615,23.21365859327384,23.313115416727715,24.014476019186983,23.641642818874818,23.188990834645082,1.0,0.0,1.0,0.0,0.0,23.21365859327384,23.579007852172346,24.014476019186983,17.450341750175664,22.132175355747783,26.060836173814774,3.7870028817287894e-16,1.355479755276583e-15,0.0,3.390725458741653e-15,4.818590780595699e-14,converged
2025-01-15T19:05:00+08:00,11.083333333333334,-2.5,37.5,3.0,49.0,49.0,43.0,43.0,35.0,55.00000000000001,85.0,37.35516322744018,10.22415039024221,12.861908063098605,14.269104774099366,73.66491620249595,1.0057620500292175,48.8,48.8,48.8,40.61320909203749,41.00091023088029,40.89439580880836,40.8541091002011,0.33128425,0.3439517777348944,23.73609538917708,24.27436233543504,23.289126385281474,23.269842233192474,23.5750231832707,24.03395063123122,23.6624878167064,23.21127130954036,23.307706686747903,24.009562267035076,23.637967915458766,23.186601336000656,1.0,0.0,1.0,0.0,0.0,23.21127130954036,23.5750231832707,24.009562267035076,17.409759560058976,22.080705180501855,26.000229578061717,1.884704698096939e-16,0.0,1.122652773829869e-16,2.2027463700237246e-15,3.1766374093346324e-14,converged
2025-01-15T19:10:00+08:00,11.166666666666666,-2.541666666666667,36.45833333333333,3.0,49.0,49.0,43.0,43.0,35.0,55.00000000000001,85.0,37.35516322744018,10.22415039024221,12.861908063098605,14.269104774099366,73.66491620249595,1.0057620500292175,48.8,48.8,48.8,40.612102122493695,40.999744918447455,40.893093361081874,40.8529073726844,0.33240260416666667,0.34400379661118313,23.733473891350403,24.271080679270998,23.28396868073487,23.268462787117542,23.57091224808535,24.02890475730022,23.65869316318735,23.20877627426442,23.302151331202715,24.00451593990415,23.634171991260654,23.184104085131505,1.0,0.0,1.0,0.0,0.0,23.20877627426442,23.57091224808535,24.00451593990415,17.409759560058976,22.080705180501855,26.000229578061717,1.884704698096939e-16,5.076193474043927e-16,1.122652773829869e-16,1.810421384581629e-15,3.5966497993081036e-14,converged
2025-01-15T19:15:00+08:00,11.25,-2.583333333333333,35.41666666666667,3.0,49.0,49.0,43.0,43.0,35.0,55.00000000000001,85.0,37.35516322744018,10.22415039024221,12.861908063098605,14.269104774099366,73.66491620249595,1.0057620500292175,48.8,48.8,48.8,40.61095687870309,40.998542047198036,40.89175121115722,40.85166707179786,0.33352095833333334,0.34405748520321544,23.73074502172501,24.26768255262783,23.278671394324583,23.26699436930401,23.566675547672958,24.023726823650243,23.65477792984094,23.206173854051894,23.29645016246257,23.99933753575667,23.630255478156844,23.18149944828403,1.0,0.0,1.0,0.0,0.0,23.206173854051894,23.566675547672958,23.99933753575667,17.409759560058976,22.080705180501855,26.000229578061717,1.884704698096939e-16,3.3836009048945646e-16,1.122652773829869e-16,2.03705867592603e-15,3.0478098439432754e-14,converged
2025-01-15T19:20:00+08:00,11.333333333333334,-2.625,34.375,3.0,49.0,49.0,43.0,43.0,35.0,55.00000000000001,85.0,37.35516322744018,10.22415039024221,12.861908063098605,14.269104774099366,73.66491620249595,1.0057620500292175,48.90360961759764,48.8,48.8,40.67978067555569,40.99730175562595,40.89036952511364,40.869549389866954,0.3346393125,0.34451094641322716,23.72803286801221,24.264285539820012,23.273471341420528,23.265543308812024,23.56231358110187,24.018417326798296,23.650742547394962,23.203464414261344,23.290603988396985,23.994027550684713,23.6262188064825,23.178787790459776,1.0,0.0,1.0,0.0,0.0,23.203464414261344,23.56231358110187,23.994027550684713,17.409759560058976,22.080705180501855,26.000229578061717,1.884704698096939e-16,3.3791472531993007e-16,1.122652773829869e-16,6.512251096241667e-16,5.2597812727744e-14,converged
2025-01-15T19:25:00+08:00,11.416666666666666,-2.666666666666667,33.33333333333333,3.0,49.0,49.0,43.0,43.0,35.0,55.00000000000001,85.0,37.35516322744018,10.22415039024221,12.861908063098605,14.269104774099366,73.66491620249595,1.0057620500292175,49.0,48.916771792779926,48.8,40.74376570982074,41.076662451105555,40.88894846830259,40.91384434752868,0.3357576666666667,0.3454759538814563,23.7253286041275,24.260881326509583,23.268351039991117,23.26410205717466,23.55803789679594,24.013176716976265,23.646777413282216,23.200829250142476,23.284613612399532,23.988586478916996,23.622062405037077,23.175969475419663,1.0,0.0,1.0,0.0,0.0,23.200829250142476,23.55803789679594,23.988586478916996,17.409759560058976,22.080705180501855,26.000229578061717,1.884704698096939e-16,6.739416768026673e-16,1.122652773829869e-16,6.160765377908907e-15,5.4060747371588666e-14,converged
2025-01-15T19:30:00+08:00,11.5,-2.708333333333333,32.29166666666667,3.0,49.0,49.0,43.0,43.0,35.0,55.00000000000001,85.0,37.35516322744018,10.22415039024221,12.861908063098605,14.269104774099366,73.66491620249595,1.0057620500292175,49.0,49.0,48.95999081687753,40.742607779308216,41.13290395995379,40.997474216919166,40.974347350135595,0.3368760208333333,0.3467428574727509,23.72251719125537,24.257360955308723,23.263090970822912,23.262571976441315,23.553787227487856,24.007947028238547,23.64282746468383,23.198215915566166,23.27888783811658,23.983288069133103,23.61804631410956,23.173292133011508,1.0,0.0,1.0,0.0,0.0,23.198215915566166,23.553787227487856,23.983288069133103,17.409759560058976,22.080705180501855,26.000229578061717,1.884704698096939e-16,1.6786981954788127e-16,1.122652773829869e-16,3.8559442294212705e-15,5.205923768664885e-14,converged
2025-01-15T19:35:00+08:00,11.583333333333334,-2.75,31.25,3.0,49.2,49.2,43.1,43.1,35.0,55.00000000000001,85.0,37.44203570006213,10.247927484173005,12.891819477198831,14.302288738690294,74.00794212380667,1.0127953256899493,49.0,49.0,49.0,40.757070273623164,41.14674718641953,41.03884635003046,40.99887569497263,0.337994375,0.34714810026165377,23.71961176088152,24.2537366331597,23.257716756731483,23.26096448210646,23.5494298870715,24.002603223431024,23.638774121473215,23.19551171573889,23.273145700830657,23.977944167920448,23.613992030675085,23.17058603206848,1.0,0.0,1.0,0.0,0.0,23.19551171573889,23.5494298870715,23.977944167920448,17.369365686369743,22.029473845976334,25.939904219411925,1.2506460763315014e-16,1.6767385697803016e-16,1.2425903172972742e-16,1.2831183641114903e-15,3.447091534137615e-14,converged
2025-01-15T19:40:00+08:00,11.666666666666666,-2.791666666666667,30.208333333333325,3.0,49.2,49.2,43.1,43.1,35.0,55.00000000000001,85.0,37.44203570006213,10.247927484173005,12.891819477198831,14.302288738690294,74.00794212380667,1.0127953256899493,49.0,49.0,49.0,40.7558440974933,41.14546906762152,41.03743325380115,40.9975602336137,0.3391127291666667,0.34720517472948,23.71659972457597,24.249996716292273,23.252204041994407,23.259268543070764,23.544947762446526,23.997128482796295,23.634601125207993,23.19270084434347,23.267258791251678,23.97246931117315,23.609818083042786,23.167773256761937,1.0,0.0,1.0,0.0,0.0,23.19270084434347,23.544947762446526,23.97246931117315,17.369365686369743,22.029473845976334,25.939904219411925,1.2506460763315014e-16,5.029388829715953e-16,1.2425903172972742e-16,2.857163884016961e-15,3.5038802666957115e-14,converged
2025-01-15T19:45:00+08:00,11.75,-2.833333333333333,29.166666666666675,3.0,49.2,49.2,43.1,43.1,35.0,55.00000000000001,85.0,37.44203570006213,10.247927484173005,12.891819477198831,14.302288738690294,74.00794212380667,1.0127953256899493,49.0,49.0,49.0,40.754580137033635,41.144153887188494,41.03598099232932,40.99620670927127,0.3402310833333333,0.3472639006517654,23.713481369382507,24.246141499592653,23.24655351502564,23.257484363496463,23.540341348879075,23.991523298715983,23.63030890338373,23.18978366437788,23.261227911632282,23.966863990861984,23.605524898326976,23.164854169741815,1.0,0.0,1.0,0.0,0.0,23.18978366437788,23.540341348879075,23.966863990861984,17.369365686369743,22.029473845976334,25.939904219411925,1.2506460763315014e-16,0.0,1.2425903172972742e-16,3.3472872615562933e-15,3.390956861992511e-14,converged
2025-01-15T19:50:00+08:00,11.833333333333334,-2.875,28.125,3.0,49.2,49.2,43.1,43.1,35.0,55.00000000000001,85.0,37.44203570006213,10.247927484173005,12.891819477198831,14.302288738690294,74.00794212380667,1.0127953256899493,49.10522537254521,49.0,49.0,40.82444235743069,41.14280178180082,41.03448972945113,41.01429288928284,0.3413494375,0.34772875876815423,23.710382762936355,24.24229044293467,23.241005761911662,23.255719970594722,23.53561113966959,23.985788161720116,23.625897881968637,23.18676053760482,23.255053859779455,23.961128697109505,23.601112902117485,23.16182913242519,1.0,0.0,1.0,0.0,0.0,23.18676053760482,23.53561113966959,23.961128697109505,17.369365686369743,22.029473845976334,25.939904219411925,1.2506460763315014e-16,0.0,1.2425903172972742e-16,5.300911361555274e-15,9.783541371748723e-14,converged
2025-01-15T19:55:00+08:00,11.916666666666666,-2.916666666666667,27.083333333333325,3.0,49.2,49.2,43.1,43.1,35.0,55.00000000000001,85.0,37.44203570006213,10.247927484173005,12.891819477198831,14.302288738690294,74.00794212380667,1.0127953256899493,49.2,49.11882104616095,49.0,40.88727667528928,41.2235371270137,41.03295962828479,41.05870455251308,0.3424677916666667,0.34870237308428614,23.707291207119273,24.238431563444337,23.235535907708222,23.253964497749767,23.530972463495658,23.98012710325119,23.621561861845045,23.18381600191148,23.24873742907914,23.955263918196984,23.596582518485096,23.158698505000462,1.0,0.0,1.0,0.0,0.0,23.18381600191148,23.530972463495658,23.955263918196984,17.369365686369743,22.029473845976334,25.939904219411925,1.2506460763315014e-16,0.0,1.2425903172972742e-16,1.1766819258341586e-15,5.999639588205516e-14,converged
2025-01-15T20:00:00+08:00,12.0,-2.958333333333333,26.041666666666675,3.0,49.2,49.2,43.1,43.1,35.0,55.00000000000001,85.0,37.44203570006213,10.247927484173005,12.891819477198831,14.302288738690294,74.00794212380667,1.0127953256899493,49.2,49.2,49.16240383122352,40.886001334515896,41.27830146427542,41.143133383967616,41.11929632250601,0.3435861458333333,0.3499777496810184,23.704093546526014,24.23445768759967,23.229928028235893,23.252120921791683,23.526356605760654,23.974475101373933,23.61723907783452,23.18089122882206,23.242693721814046,23.949547625017285,23.592197800343317,23.15571374031098,1.0,0.0,1.0,0.0,0.0,23.18089122882206,23.526356605760654,23.949547625017285,17.369365686369743,22.029473845976334,25.939904219411925,1.2506460763315014e-16,8.315908792276058e-16,1.2425903172972742e-16,5.5448951735069465e-17,4.036884608153651e-14,converged
2025-01-15T20:05:00+08:00,12.083333333333334,-3.0,25.0,3.0,49.4,49.4,43.2,43.2,35.0,55.00000000000001,85.0,37.52890817268408,10.271704578103801,12.921730891299063,14.335472703281223,74.35176485329698,1.0198613142018942,49.2,49.2,49.2,40.90042554160124,41.29211083884338,41.18284064227908,41.143166575523296,0.3447045,0.3503762310338693,23.7008029685237,24.230381078197077,23.224207861951236,23.250200702565685,23.521635619011313,23.968710665455166,23.61281431353281,23.1778767215089,23.23662945448003,23.943783416507113,23.58777240368628,23.15269763379427,1.0,0.0,1.0,0.0,0.0,23.1778767215089,23.521635619011313,23.943783416507113,17.329158821354998,21.978479693555087,25.87985814482995,1.8672941244326772e-16,8.306451145631614e-16,0.0,1.5602604878008916e-15,4.1129154459256314e-14,converged
2025-01-15T20:10:00+08:00,12.166666666666666,-3.041666666666667,23.958333333333325,3.0,49.4,49.4,43.2,43.2,35.0,55.00000000000001,85.0,37.52890817268408,10.271704578103801,12.921730891299063,14.335472703281223,74.35176485329698,1.0198613142018942,49.2,49.2,49.2,40.89908315159198,41.29072293114632,41.18132012309272,41.141740470494824,0.3458228541666667,0.35043824960600634,23.697406823317845,24.22619002985864,23.218350920151053,23.248192761372582,23.51679129482881,23.96281687949144,23.60827122611566,23.174756600496455,23.230422206286605,23.9378898355083,23.58322867039306,23.149575908735596,1.0,0.0,1.0,0.0,0.0,23.174756600496455,23.51679129482881,23.9378898355083,17.329158821354998,21.978479693555087,25.87985814482995,1.8672941244326772e-16,0.0,0.0,9.11683080599822e-16,3.984121496303804e-14,converged
2025-01-15T20:15:00+08:00,12.25,-3.083333333333333,22.916666666666675,3.0,49.4,49.4,43.2,43.2,35.0,55.00000000000001,85.0,37.52890817268408,10.271704578103801,12.921730891299063,14.335472703281223,74.35176485329698,1.0198613142018942,49.2,49.2,49.2,40.89770345571799,41.28929844767879,41.17976096184564,41.14027680057678,0.3469412083333333,0.35050190180313434,23.693905395208734,24.22188483457692,23.212357882806185,23.24609730074429,23.51182412282637,23.956794229989832,23.60361023840419,23.17153122524841,23.224072769706932,23.93186736813409,23.57856702291742,23.146348924261748,1.0,0.0,1.0,0.0,0.0,23.17153122524841,23.51182412282637,23.93186736813409,17.329158821354998,21.978479693555087,25.87985814482995,1.8672941244326772e-16,0.0,0.0,3.5144218803925235e-15,3.812035453620317e-14,converged
2025-01-15T20:20:00+08:00,12.333333333333334,-3.125,21.875,3.0,49.4,49.4,43.2,43.2,35.0,55.00000000000001,85.0,37.52890817268408,10.271704578103801,12.921730891299063,14.335472703281223,74.35176485329698,1.0198613142018942,49.3068336471458,49.2,49.2,40.968603753106386,41.28783752334873,41.17816332019077,41.158569000465356,0.3480595625,0.35097802193718547,23.69042672423974,24.217586820668494,23.206473092498822,23.24402403958939,23.506734590673602,23.95064320162757,23.598831771708575,23.16820095400498,23.217581932821886,23.925716498671157,23.573787882204996,23.143017038278394,1.0,0.0,1.0,0.0,0.0,23.16820095400498,23.506734590673602,23.925716498671157,17.329158821354998,21.978479693555087,25.87985814482995,1.8672941244326772e-16,1.6584417620281883e-16,0.0,2.971557851098461e-15,6.429944830360353e-14,converged
2025-01-15T20:25:00+08:00,12.416666666666666,-3.166666666666667,20.833333333333325,3.0,49.4,49.4,43.2,43.2,35.0,55.00000000000001,85.0,37.52890817268408,10.271704578103801,12.921730891299063,14.335472703281223,74.35176485329698,1.0198613142018942,49.4,49.3208608122578,49.2,41.03029316534336,41.36994610895105,41.17652735907267,41.20309969081935,0.3491779166666667,0.3519601186444703,23.686954255030784,24.213280350715593,23.200664309872728,23.241958805779227,23.501741792770186,23.944571393301217,23.59413301727123,23.164953554805816,23.210950479344397,23.919437709586493,23.568891667698683,23.139580607474244,1.0,0.0,1.0,0.0,0.0,23.164953554805816,23.501741792770186,23.919437709586493,17.329158821354998,21.978479693555087,25.87985814482995,1.8672941244326772e-16,0.0,0.0,2.8065510961102033e-16,6.809251070212411e-14,converged
2025-01-15T20:30:00+08:00,12.5,-3.208333333333333,19.791666666666675,3.0,49.4,49.4,43.2,43.2,35.0,55.00000000000001,85.0,37.52890817268408,10.271704578103801,12.921730891299063,14.335472703281223,74.35176485329698,1.0198613142018942,49.4,49.4,49.3648056742068,41.0289033618911,41.42324018406042,41.288347126812205,41.263782651906816,0.3502962708333333,0.35324384497233774,23.683376708464753,24.208860028319293,23.194719192281656,23.239806184810696,23.496769596122128,23.938506754484777,23.58944553354494,23.161723841547648,23.20459978597274,23.913313177753448,23.564146429496475,23.136294892966077,1.0,0.0,1.0,0.0,0.0,23.161723841547648,23.496769596122128,23.913313177753448,17.329158821354998,21.978479693555087,25.87985814482995,1.8672941244326772e-16,4.943411901602329e-16,0.0,1.0484179951163812e-15,4.688899713778716e-14,converged
2025-01-15T20:35:00+08:00,12.583333333333334,-3.25,18.75,3.0,49.6,49.6,43.3,43.3,35.0,55.00000000000001,85.0,37.61578064530604,10.295481672034597,12.951642305399291,14.36865666787215,74.69638439096684,1.026960091464938,49.4,49.4,49.4,41.04329284844513,41.43701925056904,41.32639791068132,41.28700021831605,0.351414625,0.35363550835160423,23.67970732840792,24.204338172885045,23.188663594828956,23.23757768124182,23.49169377860999,23.932331328651742,23.584657455895073,23.15840550379327,23.198224299758262,23.907138287642084,23.559358013952487,23.132975246430618,1.0,0.0,1.0,0.0,0.0,23.15840550379327,23.49169377860999,23.907138287642084,17.28913766934263,21.927721079944106,25.82008941932226,1.858679168794564e-16,3.291957936282467e-16,0.0,1.4608007645128057e-15,5.547994620635628e-14,converged
2025-01-15T20:40:00+08:00,12.666666666666666,-3.291666666666667,17.708333333333325,3.0,49.6,49.6,43.3,43.3,35.0,55.00000000000001,85.0,37.61578064530604,10.295481672034597,12.951642305399291,14.36865666787215,74.69638439096684,1.026960091464938,49.4,49.4,49.4,41.04183716347201,41.43552449833159,41.32477310623159,41.28546648086394,0.3525329791666667,0.35370236204791267,23.675933403165036,24.19970301675259,23.182472895317982,23.235262168452365,23.48649603595001,23.926028102847,23.5797523565625,23.15498258853624,23.19170756426991,23.900835572477817,23.554452560907905,23.129551015566445,1.0,0.0,1.0,0.0,0.0,23.15498258853624,23.48649603595001,23.900835572477817,17.28913766934263,21.927721079944106,25.82008941932226,1.858679168794564e-16,0.0,0.0,1.1393147929272832e-15,4.3804816112444755e-14,converged
2025-01-15T20:45:00+08:00,12.75,-3.333333333333333,16.666666666666675,3.0,49.6,49.6,43.3,43.3,35.0,55.00000000000001,85.0,37.61578064530604,10.295481672034597,12.951642305399291,14.36865666787215,74.69638439096684,1.026960091464938,49.4,49.4,49.4,41.04034463994596,41.43399364513705,41.323110169508894,41.28389566464212,0.3536513333333333,0.3537708319613947,23.67205521433663,24.194954849064295,23.176147765529546,23.232859847366207,23.48117685223699,23.919597557834862,23.574730653793715,23.151455451778148,23.18505036252885,23.89440551264762,23.549430488255386,23.126022556049087,1.0,0.0,1.0,0.0,0.0,23.151455451778148,23.48117685223699,23.89440551264762,17.28913766934263,21.927721079944106,25.82008941932226,1.858679168794564e-16,1.6453493520296588e-16,0.0,5.685461827766395e-15,3.627430830798572e-14,converged
2025-01-15T20:50:00+08:00,12.833333333333334,-3.375,15.625,3.0,49.6,49.6,43.3,43.3,35.0,55.00000000000001,85.0,37.61578064530604,10.295481672034597,12.951642305399291,14.36865666787215,74.69638439096684,1.026960091464938,49.50843449322629,49.4,49.4,41.112282606143644,41.432426824161226,41.32140926004112,41.302395967216526,0.3547696875,0.354258081847331,23.668202766900325,24.190216859502552,23.1699362903952,23.230482122171896,23.47573670964367,23.913040172571087,23.569592764340356,23.14782444830869,23.178253473215538,23.887848586733096,23.54429221239546,23.12239022234447,1.0,0.0,1.0,0.0,0.0,23.14782444830869,23.47573670964367,23.887848586733096,17.28913766934263,21.927721079944106,25.82008941932226,1.858679168794564e-16,1.6430863231103998e-16,0.0,3.859947924822939e-15,3.5828534468646906e-14,converged
2025-01-15T20:55:00+08:00,12.916666666666666,-3.416666666666667,14.583333333333325,3.0,49.6,49.6,43.3,43.3,35.0,55.00000000000001,85.0,37.61578064530604,10.295481672034597,12.951642305399291,14.36865666787215,74.69638439096684,1.026960091464938,49.6,49.52289115680224,49.4,41.172832841636286,41.515907184817436,41.31967053665703,41.34704793142772,0.3558880416666667,0.35524853904929693,23.664355662902747,24.185469770019115,23.16379889448058,23.228111527792766,23.470398453841135,23.906567099726438,23.564539256788915,23.14428056390538,23.171317670693778,23.88116527151726,23.539038148241875,23.118654367713038,1.0,0.0,1.0,0.0,0.0,23.14428056390538,23.470398453841135,23.88116527151726,17.28913766934263,21.927721079944106,25.82008941932226,1.858679168794564e-16,1.6385052861650215e-16,0.0,2.217257039842602e-15,4.578848810604447e-14,converged
2025-01-15T21:00:00+08:00,13.0,-3.458333333333333,13.541666666666675,3.0,49.6,49.6,43.3,43.3,35.0,55.00000000000001,85.0,37.61578064530604,10.295481672034597,12.951642305399291,14.36865666787215,74.69638439096684,1.026960091464938,49.6,49.6,49.56719642322712,41.17133145048161,41.567737821397714,41.43313425406907,41.407824432164055,0.3570063958333333,0.35654049437791396,23.66040449243227,24.180609954632743,23.157526803241954,23.225654252312722,23.465078562202084,23.900099287424347,23.55949503906416,23.140752279414475,23.16467058198743,23.874641933712006,23.53394032772393,23.115074046906077,1.0,0.0,1.0,0.0,0.0,23.140752279414475,23.465078562202084,23.874641933712006,17.28913766934263,21.927721079944106,25.82008941932226,1.858679168794564e-16,1.1427976143500622e-15,0.0,1.3715518440623688e-15,3.337670734311162e-14,converged
2025-01-15T21:05:00+08:00,13.083333333333334,-3.5,12.5,3.0,49.8,49.8,43.4,43.4,35.0,55.00000000000001,85.0,37.702653117928,10.319258765965394,12.981553719499523,14.401840632463085,75.04180073681627,1.0340917333789685,49.6,49.6,49.6,41.18568967436941,41.5814900149985,41.46953682288904,41.430394596120514,0.35812475,0.3569252850811234,23.65636255644405,24.17564979008221,23.151145989356312,23.223121845347762,23.4596565246515,23.89352230085291,23.554351586377752,23.137136459250517,23.15799443367938,23.868065776266068,23.52879681867856,23.11145719727562,1.0,0.0,1.0,0.0,0.0,23.137136459250517,23.4596565246515,23.868065776266068,17.249300946602208,21.877196376994924,25.76059612572935,3.700247389816348e-16,8.154039983499311e-16,1.1123057436563213e-16,4.3278101782685344e-16,3.604125594314292e-14,converged
2025-01-15T21:10:00+08:00,13.166666666666666,-3.541666666666667,11.458333333333325,3.0,49.8,49.8,43.4,43.4,35.0,55.00000000000001,85.0,37.702653117928,10.319258765965394,12.981553719499523,14.401840632463085,75.04180073681627,1.0340917333789685,49.6,49.6,49.6,41.18412354148385,41.579891291209705,41.46781078545289,41.42875616061989,0.35924310416666666,0.35699686737050385,23.65221708083268,24.170577445779845,23.144631696686048,23.220503132051853,23.454113940539628,23.886819029448652,23.549092385521995,23.13341707653331,23.15117870976235,23.861363306364147,23.523537543426755,23.10773677634456,1.0,0.0,1.0,0.0,0.0,23.13341707653331,23.454113940539628,23.861363306364147,17.249300946602208,21.877196376994924,25.76059612572935,3.700247389816348e-16,1.630480999516936e-16,1.1123057436563213e-16,1.3876123144774765e-15,5.1290987365923746e-14,converged
2025-01-15T21:15:00+08:00,13.25,-3.583333333333333,10.416666666666675,3.0,49.8,49.8,43.4,43.4,35.0,55.00000000000001,85.0,37.702653117928,10.319258765965394,12.981553719499523,14.401840632463085,75.04180073681627,1.0340917333789685,49.6,49.6,49.6,41.1825210264943,41.578256930485786,41.46604711250646,41.42708112080524,0.36036145833333333,0.3570700488809697,23.647968344542022,24.165393208060635,23.13798458906781,23.217798311762834,23.44845128857427,23.87998994836211,23.543717850266574,23.129594483873156,23.1442241841225,23.854534998795422,23.518162915397475,23.103913136407666,1.0,0.0,1.0,0.0,0.0,23.129594483873156,23.44845128857427,23.854534998795422,17.249300946602208,21.877196376994924,25.76059612572935,3.700247389816348e-16,1.6301468324180585e-16,1.1123057436563213e-16,2.7995320622008e-15,3.623733950170863e-14,converged
2025-01-15T21:20:00+08:00,13.333333333333334,-3.625,9.375,3.0,49.8,49.8,43.4,43.4,35.0,55.00000000000001,85.0,37.702653117928,10.319258765965394,12.981553719499523,14.401840632463085,75.04180073681627,1.0340917333789685,49.71002796213591,49.6,49.6,41.25549619357768,41.57658706430974,41.464245961509064,41.445791535781304,0.3614798125,0.35756829881739555,23.643748310051635,24.160222120935224,23.13145647971029,23.21512046756762,23.44266904556221,23.87303553095605,23.53822839290206,23.12566903267979,23.13713162635513,23.847581326564406,23.51267334654323,23.099986628561396,1.0,0.0,1.0,0.0,0.0,23.12566903267979,23.44266904556221,23.847581326564406,17.249300946602208,21.877196376994924,25.76059612572935,3.700247389816348e-16,3.2557506415406886e-16,1.1123057436563213e-16,2.6413411411834446e-16,3.693980654262948e-14,converged
2025-01-15T21:25:00+08:00,13.416666666666666,-3.666666666666667,8.333333333333325,3.0,49.8,49.8,43.4,43.4,35.0,55.00000000000001,85.0,37.702653117928,10.319258765965394,12.981553719499523,14.401840632463085,75.04180073681627,1.0340917333789685,49.8,49.7249121449202,49.6,41.314912901203,41.66143768036631,41.46240748922994,41.49056694777756,0.36259816666666667,0.3585669971198889,23.639532751440623,24.15504127955988,23.12500048526939,23.212448853935907,23.436993794075676,23.86617047007173,23.53282794641592,23.121834914123927,23.129901801788474,23.84050276089766,23.507069247345353,23.09595760270796,1.0,0.0,1.0,0.0,0.0,23.121834914123927,23.436993794075676,23.84050276089766,17.249300946602208,21.877196376994924,25.76059612572935,3.700247389816348e-16,1.2986730263746019e-15,1.1123057436563213e-16,2.908605127363951e-15,6.645968351477064e-14,converged
2025-01-15T21:30:00+08:00,13.5,-3.708333333333333,7.291666666666674,3.0,49.8,49.8,43.4,43.4,35.0,55.00000000000001,85.0,37.702653117928,10.319258765965394,12.981553719499523,14.401840632463085,75.04180073681627,1.0340917333789685,49.8,49.8,49.76957615497083,41.31330272661117,41.71181161796979,41.577513028897854,41.551439263575155,0.36371652083333333,0.3598670632051331,23.635214120959418,24.149748821702783,23.11841138594304,23.209691255492604,23.43133465045155,23.8593087395646,23.527434793896788,23.11801430043721,23.122968563812034,23.83358984229388,23.501626616297507,23.09208889267683,1.0,0.0,1.0,0.0,0.0,23.11801430043721,23.43133465045155,23.83358984229388,17.249300946602208,21.877196376994924,25.76059612572935,3.700247389816348e-16,8.087383768195479e-16,1.1123057436563213e-16,2.8836960605372007e-15,5.432451790780735e-14,converged
2025-01-15T21:35:00+08:00,13.583333333333334,-3.75,6.25,3.0,50.0,50.0,43.5,43.5,35.0,55.00000000000001,85.0,37.78952559054994,10.343035859896188,13.01146513359975,14.435024597054008,75.38801389084534,1.0412563158438723,49.8,49.8,49.8,41.32763303988402,41.725540267980335,41.612275504826286,41.57336719141072,0.364834875,0.3602449283217231,23.6308057772145,24.144357182130452,23.111715272832818,23.20685926724034,23.42557480340051,23.85233941396863,23.52194373850949,23.114107219384408,23.11600196715596,23.826621624890123,23.496135773626783,23.088181050734946,1.0,0.0,1.0,0.0,0.0,23.111715272832818,23.42557480340051,23.826621624890123,17.209647381207724,21.82690397153057,25.701376364520783,2.455502875258724e-16,8.078900816819276e-16,0.0,9.858942478370362e-16,4.52927827653357e-14,converged
2025-01-15T21:40:00+08:00,13.666666666666666,-3.791666666666667,5.208333333333326,3.0,50.0,50.0,43.5,43.5,35.0,55.00000000000001,85.0,37.78952559054994,10.343035859896188,13.01146513359975,14.435024597054008,75.38801389084534,1.0412563158438723,49.8,49.8,49.8,41.32595923614735,41.72384037595655,41.61045120362966,41.57162691736686,0.36595322916666667,0.36032113506545127,23.62629488320706,24.138854466711525,23.104887255475155,23.20394166581858,23.419695755449585,23.845245284502603,23.516338181122126,23.110097569897444,23.108897412501474,23.81952857354365,23.49053040877526,23.084170629750542,1.0,0.0,1.0,0.0,0.0,23.104887255475155,23.419695755449585,23.81952857354365,17.209647381207724,21.82690397153057,25.701376364520783,2.455502875258724e-16,4.846315293402994e-16,0.0,5.125591548036141e-16,2.6455677849930437e-14,converged
2025-01-15T21:45:00+08:00,13.75,-3.833333333333333,4.166666666666674,3.0,50.0,50.0,43.5,43.5,35.0,55.00000000000001,85.0,37.78952559054994,10.343035859896188,13.01146513359975,14.435024597054008,75.38801389084534,1.0412563158438723,49.8,49.8,49.8,41.32424949617515,41.722105300481815,41.60858975101881,41.569850502102,0.36707158333333334,0.36039892443622423,23.621681715266735,24.133240959015854,23.097927990001363,23.200938649000847,23.41369798004802,23.838026820829484,23.5106185311234,23.105985701264764,23.10165566490659,23.812311157571553,23.484810930803654,23.080057978706783,1.0,0.0,1.0,0.0,0.0,23.097927990001363,23.41369798004802,23.812311157571553,17.209647381207724,21.82690397153057,25.701376364520783,2.455502875258724e-16,4.845269253052482e-16,0.0,6.7012842362431e-16,5.608771263748165e-14,converged
2025-01-15T21:50:00+08:00,13.833333333333334,-3.875,3.125,3.0,50.0,50.0,43.5,43.5,35.0,55.00000000000001,85.0,37.78952559054994,10.343035859896188,13.01146513359975,14.435024597054008,75.38801389084534,1.0412563158438723,49.9116141047517,49.8,49.8,41.398261338313475,41.72033517138475,41.606691302439366,41.588772968080335,0.3681899375,0.3609080472289487,23.61710018598399,24.12764355038385,23.0910930038988,23.19796497242642,23.407581948764598,23.830684490844796,23.504785196438284,23.101771961585335,23.09427748518663,23.804969844526507,23.478977747311546,23.075843445399563,1.0,0.0,1.0,0.0,0.0,23.0910930038988,23.407581948764598,23.804969844526507,17.209647381207724,21.82690397153057,25.701376364520783,2.455502875258724e-16,1.2902491116035948e-15,0.0,1.688966974627377e-15,9.095336324226798e-14,converged
2025-01-15T21:55:00+08:00,13.916666666666666,-3.916666666666667,2.083333333333326,3.0,50.0,50.0,43.5,43.5,35.0,55.00000000000001,85.0,37.78952559054994,10.343035859896188,13.01146513359975,14.435024597054008,75.38801389084534,1.0412563158438723,50.0,49.92692384113878,49.8,41.45655008880383,41.80655447050304,41.60475601265566,41.6336739309457,0.3693082916666667,0.36191486968354547,23.612522255994037,24.12203572293352,23.084328133917893,23.194996622535708,23.40157796678224,23.823436514032217,23.499045461584558,23.097653735147812,23.08676362993774,23.79750510020341,23.47303126444263,23.071527376441544,1.0,0.0,1.0,0.0,0.0,23.084328133917893,23.40157796678224,23.79750510020341,17.209647381207724,21.82690397153057,25.701376364520783,2.455502875258724e-16,1.4474921925127643e-15,0.0,3.9720033601616966e-17,4.952044874641314e-14,converged
2025-01-15T22:00:00+08:00,14.0,-3.958333333333333,1.041666666666674,3.0,50.0,50.0,43.5,43.5,35.0,55.00000000000001,85.0,37.78952559054994,10.343035859896188,13.01146513359975,14.435024597054008,75.38801389084534,1.0412563158438723,50.0,50.0,49.97194494541916,41.454833866171136,41.85547836631115,41.72150118440385,41.694644266033,0.3704266458333333,0.3632229307112697,23.607842232704865,24.116317371551048,23.077431701706857,23.1919429744822,23.39558781783424,23.816189916905433,23.493311010358838,23.093546909865037,23.079554155084477,23.790211622925572,23.467251432073617,23.06737637026604,1.0,0.0,1.0,0.0,0.0,23.077431701706857,23.39558781783424,23.790211622925572,17.209647381207724,21.82690397153057,25.701376364520783,2.455502875258724e-16,3.2050653189480143e-16,0.0,2.5308913745749327e-15,5.077884289260391e-14,converged
2025-01-15T22:05:00+08:00,14.083333333333334,-4.0,0.0,3.0,50.2,50.2,43.6,43.6,35.0,55.00000000000001,85.0,37.8763980631719,10.366812953826983,13.04137654769998,14.468208561644937,75.73502385305395,1.048453914759536,50.0,50.0,50.0,41.469139518000866,41.86918669899612,41.754631555983174,41.7159350093998,0.371545,0.36359381908041855,23.603073532910127,24.110500989696014,23.07042991756982,23.188815668967685,23.389498376189962,23.808837270999966,23.487479962016906,23.0893546653881,23.072306991765267,23.782860350495397,23.46142085351614,23.063183623100162,1.0,0.0,1.0,0.0,0.0,23.07042991756982,23.389498376189962,23.782860350495397,17.170175712902203,21.77684226517385,25.642428253592982,2.444252017774346e-16,3.201795952455023e-16,0.0,5.080266877082846e-16,3.8460790009264784e-14,converged
2025-01-15T22:10:00+08:00,14.166666666666666,-4.027777777777778,0.0,3.0,50.2,50.2,43.6,43.6,35.0,55.00000000000001,85.0,37.8763980631719,10.366812953826983,13.04137654769998,14.468208561644937,75.73502385305395,1.048453914759536,50.0,50.0,50.0,41.46737336512634,41.86740057576565,41.752724715025835,41.71410823974086,0.37200086111111114,0.3636739973694142,23.598276074624373,24.10466003618257,23.063388155763942,23.185659916111046,23.38337305973105,23.80145538942356,23.48161569589805,23.085125200421857,23.065016923572966,23.77547981013488,23.45555703507065,23.058953643141418,1.0,0.0,1.0,0.0,0.0,23.063388155763942,23.38337305973105,23.77547981013488,17.170175712902203,21.77684226517385,25.642428253592982,2.444252017774346e-16,6.402180121152957e-16,0.0,6.641995776697511e-16,4.285635601936772e-14,converged
2025-01-15T22:15:00+08:00,14.25,-4.055555555555555,0.0,3.0,50.2,50.2,43.6,43.6,35.0,55.00000000000001,85.0,37.8763980631719,10.366812953826983,13.04137654769998,14.468208561644937,75.73502385305395,1.048453914759536,50.0,50.0,50.0,41.46559687619055,41.86560405554684,41.75080679389787,41.71227082880413,0.37245672222222226,0.36375464271206454,23.59344993535389,24.098794573752237,23.056306615187985,23.18247578164013,23.377212010972787,23.794044382215873,23.475718330789913,23.08085864174039,23.057684188483872,23.768070111897654,23.44966009548791,23.0546865570821,1.0,0.0,1.0,0.0,0.0,23.056306615187985,23.377212010972787,23.768070111897654,17.170175712902203,21.77684226517385,25.642428253592982,2.444252017774346e-16,1.6001901853261721e-16,0.0,3.5155894909605314e-16,5.02874888795991e-14,converged
2025-01-15T22:20:00+08:00,14.333333333333334,-4.083333333333333,0.0,3.0,50.2,50.2,43.6,43.6,35.0,55.00000000000001,85.0,37.8763980631719,10.366812953826983,13.04137654769998,14.468208561644937,75.73502385305395,1.048453914759536,50.113192971483926,50.0,50.0,41.54070766220739,41.863797176522,41.74887783905611,41.73146977051825,0.3729125833333333,0.3642717680182497,23.588730774727946,24.093033116567614,23.049444076161283,23.179379557234626,23.371015371864313,23.786604359002386,23.46978798505534,23.07655511568599,23.050309023154323,23.76063136542354,23.443730153094453,23.050382491183395,1.0,0.0,1.0,0.0,0.0,23.050309023154323,23.371015371864313,23.76063136542354,17.170175712902203,21.77684226517385,25.642428253592982,2.444252017774346e-16,1.5979185329166453e-16,0.0,4.6491412149835235e-17,4.9323201395840383e-14,converged
2025-01-15T22:25:00+08:00,14.416666666666666,-4.111111111111112,0.0,3.0,50.2,50.2,43.6,43.6,35.0,55.00000000000001,85.0,37.8763980631719,10.366812953826983,13.04137654769998,14.468208561644937,75.73502385305395,1.048453914759536,50.2,50.12892630939305,50.0,41.59796178318587,41.951468497050094,41.746937896752925,41.7765857283179,0.37336844444444445,0.3652827635802928,23.584086559185415,24.087345330396037,23.042738678075366,23.176343843760076,23.36501683277057,23.779356700858735,23.464034997673753,23.0724149696894,23.042891662928014,23.753163679940076,23.437767325794077,23.046041571276866,1.0,0.0,1.0,0.0,0.0,23.042891662928014,23.36501683277057,23.753163679940076,17.170175712902203,21.77684226517385,25.642428253592982,2.444252017774346e-16,4.780487889131356e-16,0.0,1.3677723193946326e-15,6.361272181269775e-14,converged
2025-01-15T22:30:00+08:00,14.5,-4.138888888888888,0.0,3.0,50.2,50.2,43.6,43.6,35.0,55.00000000000001,85.0,37.8763980631719,10.366812953826983,13.04137654769998,14.468208561644937,75.73502385305395,1.048453914759536,50.2,50.2,50.17430286985628,41.59625490598303,41.999057963495,41.86543504294436,41.83776838608033,0.37382430555555557,0.3665937829546842,23.579413249657488,24.081632644208536,23.035991827726846,23.173279471319137,23.3591105511559,23.77220116345385,23.458364195293942,23.06834761447366,23.03587783259276,23.745965545784966,23.43205521676973,23.041933929188076,1.0,0.0,1.0,0.0,0.0,23.035991827726846,23.3591105511559,23.745965545784966,17.170175712902203,21.77684226517385,25.642428253592982,2.444252017774346e-16,6.351189094842084e-16,0.0,2.9392426871817123e-15,4.627266661705657e-14,converged
2025-01-15T22:35:00+08:00,14.583333333333334,-4.166666666666667,0.0,3.0,50.333333333333336,50.333333333333336,43.666666666666664,43.666666666666664,35.0,55.00000000000001,85.0,37.934313044919875,10.382664349780848,13.061317490433465,14.490331204705559,75.96680649907054,1.0532706939907148,50.2,50.2,50.2,41.605302929499665,42.0077014697961,41.891839558961465,41.853307045049085,0.3742801666666667,0.3669027642503019,23.574719731963626,24.075903308789847,23.029220863847453,23.170194171748374,23.353180398910304,23.76502752609964,23.45267102056608,23.064253647329906,23.028903697727973,23.738793477625556,23.42636270229866,23.037839653416935,1.0,0.0,1.0,0.0,0.0,23.029220863847453,23.353180398910304,23.738793477625556,17.14396170418021,21.743595177746105,25.603279508167645,2.436794350059722e-16,1.5864601356275968e-16,0.0,3.45729373357986e-15,2.8198502365870583e-14,converged
2025-01-15T22:40:00+08:00,14.666666666666666,-4.194444444444445,0.0,3.0,50.333333333333336,50.333333333333336,43.666666666666664,43.666666666666664,35.0,55.00000000000001,85.0,37.934313044919875,10.382664349780848,13.061317490433465,14.490331204705559,75.96680649907054,1.0532706939907148,50.2,50.2,50.2,41.603580838261024,42.00596110998923,41.88998861770751,41.851529444937384,0.37473602777777776,0.366980903747973,23.569997254714863,24.070149181247142,23.0224087781944,23.16708032865945,23.347213741882726,23.757823982537563,23.446944137459536,23.060122126633807,23.02188514834794,23.73159147095012,23.4206364571612,23.033707811472144,1.0,0.0,1.0,0.0,0.0,23.0224087781944,23.347213741882726,23.73159147095012,17.14396170418021,21.743595177746105,25.603279508167645,2.436794350059722e-16,3.172244676439185e-16,0.0,5.071423630863952e-15,5.040717759548905e-14,converged
2025-01-15T22:45:00+08:00,14.75,-4.222222222222222,0.0,3.0,50.333333333333336,50.333333333333336,43.666666666666664,43.666666666666664,35.0,55.00000000000001,85.0,37.934313044919875,10.382664349780848,13.061317490433465,14.490331204705559,75.96680649907054,1.0532706939907148,50.2,50.2,50.2,41.601848248448846,42.00421020544261,41.88812637477206,41.84974102358144,0.3751918888888889,0.3670595189243889,23.565245895968935,24.064370324892643,23.01555577538453,23.163938008010508,23.34121072510833,23.750590645344513,23.44118366653072,23.055953180309114,23.014822430832343,23.724359638347405,23.414876601875957,23.029538531195787,1.0,0.0,1.0,0.0,0.0,23.01555577538453,23.34121072510833,23.724359638347405,17.14396170418021,21.743595177746105,25.603279508167645,2.436794350059722e-16,1.5857826295865029e-16,0.0,3.924098332732964e-15,4.6593100389827844e-14,converged
2025-01-15T22:50:00+08:00,14.833333333333334,-4.25,0.0,3.0,50.333333333333336,50.333333333333336,43.666666666666664,43.666666666666664,35.0,55.00000000000001,85.0,37.934313044919875,10.382664349780848,13.061317490433465,14.490331204705559,75.96680649907054,1.0532706939907148,50.27616102122186,50.2,50.2,41.65187578926661,42.00244879489471,41.8862528776496,41.86211149218034,0.37564775,0.3674320569115641,23.560556983659886,24.05865325383394,23.00883608997999,23.160845498578905,23.335171493046044,23.743327626673604,23.435389727904877,23.051746935843816,23.00771579019412,23.717098091982738,23.409083256530923,23.02533193999488,1.0,0.0,1.0,0.0,0.0,23.00883608997999,23.335171493046044,23.717098091982738,17.14396170418021,21.743595177746105,25.603279508167645,2.436794350059722e-16,3.168349621028151e-16,0.0,3.2288586066806536e-15,2.7181860906801038e-14,converged
2025-01-15T22:55:00+08:00,14.916666666666666,-4.277777777777778,0.0,3.0,50.333333333333336,50.333333333333336,43.666666666666664,43.666666666666664,35.0,55.00000000000001,85.0,37.934313044919875,10.382664349780848,13.061317490433465,14.490331204705559,75.96680649907054,1.0532706939907148,50.333333333333336,50.28683746192678,50.2,41.689038003049994,42.060985074103165,41.88436817362518,41.89171776797585,0.3761036111111111,0.3681327983992321,23.55590750632418,24.052976173140085,23.002205343202863,23.157783114573903,23.329253534059152,23.736184111612317,23.429704069659525,23.047638411956164,23.000565470087057,23.709806943599638,23.40325654078503,23.02108816484287,1.0,0.0,1.0,0.0,0.0,23.002205343202863,23.329253534059152,23.709806943599638,17.14396170418021,21.743595177746105,25.603279508167645,2.436794350059722e-16,0.0,0.0,3.1764575700036583e-15,5.5896905328128065e-14,converged
2025-01-15T23:00:00+08:00,15.0,-4.305555555555555,0.0,3.0,50.333333333333336,50.333333333333336,43.666666666666664,43.666666666666664,35.0,55.00000000000001,85.0,37.934313044919875,10.382664349780848,13.061317490433465,14.490331204705559,75.96680649907054,1.0532706939907148,50.333333333333336,50.333333333333336,50.3172458797822,41.68734101155973,42.091550257478985,41.96353839784154,41.93201914472182,0.37655947222222225,0.3690336686080783,23.551228950726955,24.04727416687812,22.99553277694918,23.15469213409762,23.32338310214265,23.72909024575101,23.424060373295422,23.043564486774788,22.99367144768269,23.70268706285956,23.397587310080226,23.016988999421667,1.0,0.0,0.8333333333333334,0.0,0.0,22.99553277694918,23.32338310214265,23.70268706285956,17.14396170418021,21.743595177746105,25.603279508167645,2.436794350059722e-16,3.154598935810662e-16,0.0,2.4756570520935562e-15,5.0576696397980875e-14,converged
2025-01-15T23:05:00+08:00,15.083333333333334,-4.333333333333333,0.0,3.0,50.46666666666667,50.46666666666667,43.733333333333334,43.733333333333334,35.0,55.00000000000001,85.0,37.99222802666784,10.398515745734713,13.081258433166951,14.512453847766174,76.19894328205592,1.0581022034221483,50.333333333333336,50.333333333333336,50.333333333333336,41.696438622914535,42.10024350592984,41.9833674995585,41.94507679450464,0.3770153333333333,0.36929275674631684,23.5465302324317,24.041555516464847,22.988835795341924,23.151580311359904,23.31748870568027,23.721978098118953,23.41839425072331,23.03946400814957,22.98679204737576,23.695576592201707,23.391921969672534,23.012888353616848,1.0,0.0,0.8333333333333334,0.0,0.0,22.988835795341924,23.31748870568027,23.695576592201707,17.117827616216523,21.710449453389785,25.564250118673492,1.8220280711485421e-16,4.728578601945293e-16,0.0,1.1636481857307958e-15,4.920298199961586e-14,converged
2025-01-15T23:10:00+08:00,15.166666666666666,-4.361111111111112,0.0,3.0,50.46666666666667,50.46666666666667,43.733333333333334,43.733333333333334,35.0,55.00000000000001,85.0,37.99222802666784,10.398515745734713,13.081258433166951,14.512453847766174,76.19894328205592,1.0581022034221483,50.333333333333336,50.333333333333336,50.333333333333336,41.69472635415402,42.09851402779131,41.9815326448168,41.94331177433101,0.37747119444444444,0.36937046170951315,23.54180257015433,24.03581204843251,22.982097328059492,23.1484400072778,23.311557665173375,23.714835816005493,23.412694325441603,23.03532599982354,22.97986771169637,23.68843595460414,23.386222803948957,23.00875016500295,1.0,0.0,0.8333333333333334,0.0,0.0,22.982097328059492,23.311557665173375,23.68843595460414,17.117827616216523,21.710449453389785,25.564250118673492,1.8220280711485421e-16,0.0,0.0,1.6287701037158534e-15,4.875831671788524e-14,converged
2025-01-15T23:15:00+08:00,15.25,-4.388888888888888,0.0,3.0,50.46666666666667,50.46666666666667,43.733333333333334,43.733333333333334,35.0,55.00000000000001,85.0,37.99222802666784,10.398515745734713,13.081258433166951,14.512453847766174,76.19894328205592,1.0581022034221483,50.333333333333336,50.333333333333336,50.333333333333336,41.69300355859224,42.09677398586791,41.979686438218636,41.941535899463595,0.37792705555555556,0.3694486445502964,23.53704604192015,24.03004382616619,22.975317581555487,23.145271287673832,23.30559012622772,23.7076635128603,23.406960718358448,23.031150589654406,22.9728986899438,23.68126526352825,23.380489933780797,23.00457456135789,1.0,0.0,0.8333333333333334,0.0,0.0,22.975317581555487,23.30559012622772,23.68126526352825,17.117827616216523,21.710449453389785,25.564250118673492,1.8220280711485421e-16,3.151055594442332e-16,0.0,3.0702705966328395e-15,2.6148538590087034e-14,converged
2025-01-15T23:20:00+08:00,15.333333333333334,-4.416666666666667,0.0,3.0,50.46666666666667,50.46666666666667,43.733333333333334,43.733333333333334,35.0,55.00000000000001,85.0,37.99222802666784,10.398515745734713,13.081258433166951,14.512453847766174,76.19894328205592,1.0581022034221483,50.410191263567555,50.333333333333336,50.333333333333336,41.74354544399025,42.095023418977476,41.97782892752217,41.95405698495097,0.3783829166666667,0.36982351792723395,23.532352835326485,24.0243381783605,22.96867243075438,23.14215317823375,23.299586233870492,23.700461301705932,23.401193549949515,23.026937905064266,22.965885230034235,23.674064632008683,23.374723479607436,23.000361670024688,1.0,0.0,0.8333333333333334,0.0,0.0,22.96867243075438,23.299586233870492,23.674064632008683,17.117827616216523,21.710449453389785,25.564250118673492,1.8220280711485421e-16,7.869653779687462e-16,0.0,2.83210416914031e-15,6.659346384159397e-14,converged
2025-01-15T23:25:00+08:00,15.416666666666666,-4.444444444444445,0.0,3.0,50.46666666666667,50.46666666666667,43.733333333333334,43.733333333333334,35.0,55.00000000000001,85.0,37.99222802666784,10.398515745734713,13.081258433166951,14.512453847766174,76.19894328205592,1.0581022034221483,50.46666666666667,50.42105468124294,50.333333333333336,41.78026646505138,42.1542183921726,41.97596016027468,41.98377539100996,0.37883877777777775,0.3705253934960707,23.527698261103822,24.01867172067646,22.962114297126686,23.13906455491385,23.293705117981975,23.69337992329299,23.3955360458797,23.022824371755302,22.95882757850843,23.66683417265495,23.368923561437875,22.99611161791294,1.0,0.0,0.75,0.0,0.0,22.962114297126686,23.293705117981975,23.66683417265495,17.117827616216523,21.710449453389785,25.564250118673492,1.8220280711485421e-16,7.854746521453283e-16,0.0,3.790585633249358e-15,5.161376938857761e-14,converged
2025-01-15T23:30:00+08:00,15.5,-4.472222222222222,0.0,3.0,50.46666666666667,50.46666666666667,43.733333333333334,43.733333333333334,35.0,55.00000000000001,85.0,37.99222802666784,10.398515745734713,13.081258433166951,14.512453847766174,76.19894328205592,1.0581022034221483,50.46666666666667,50.46666666666667,50.451619996835376,41.77857911760827,42.184198382578586,42.05591217437917,42.0241765490315,0.37929463888888887,0.37142735062400084,23.523014623898337,24.012980312071278,22.955513986846395,23.135947396633963,23.2878698076355,23.68634646826466,23.389918984903744,23.018744102875317,22.95202844940331,23.65977658862102,23.363282776348598,22.992007857256013,1.0,0.0,0.75,0.0,0.0,22.955513986846395,23.2878698076355,23.65977658862102,17.117827616216523,21.710449453389785,25.564250118673492,1.8220280711485421e-16,3.1342689662286897e-16,0.0,1.273959277210863e-16,3.367102572084006e-14,converged
2025-01-15T23:35:00+08:00,15.583333333333334,-4.5,0.0,3.0,50.6,50.6,43.8,43.8,35.0,55.00000000000001,85.0,38.05014300841581,10.414367141688574,13.101199375900437,14.534576490826796,76.43143420200991,1.0629484655426902,50.46666666666667,50.46666666666667,50.46666666666667,41.78772578942714,42.19294088841113,42.07508315537,42.03701319461023,0.3797505,0.3716809800351333,23.518310868837954,24.007272264380674,22.948888968701922,23.13280947987607,23.28201044128695,23.67929455386618,23.38427944518449,23.01463733805522,22.94524084484557,23.652726458424798,23.35764413913569,22.987901064117494,1.0,0.0,0.75,0.0,0.0,22.948888968701922,23.28201044128695,23.652726458424798,17.091773084076166,21.677404629259815,25.525339540106255,6.054952612159255e-17,3.1321301890651125e-16,0.0,2.750935367414984e-15,4.966481525151615e-14,converged
2025-01-15T23:40:00+08:00,15.666666666666666,-4.527777777777778,0.0,3.0,50.6,50.6,43.8,43.8,35.0,55.00000000000001,85.0,38.05014300841581,10.414367141688574,13.101199375900437,14.534576490826796,76.43143420200991,1.0629484655426902,50.46666666666667,50.46666666666667,50.46666666666667,41.78602310412945,42.19122210104034,42.07326399784138,42.03526047451979,0.3802063611111111,0.37175826111472976,23.51357818492581,24.0015393737747,22.942222110924664,23.12964314296826,23.27611429447392,23.6722122813802,23.378606010074098,23.01049306661902,22.93840780022454,23.645645937529405,23.351971583610368,22.983756750777086,1.0,0.0,0.75,0.0,0.0,22.942222110924664,23.27611429447392,23.645645937529405,17.091773084076166,21.677404629259815,25.525339540106255,6.054952612159255e-17,1.5657395410374946e-16,0.0,1.921888949054238e-15,4.7017057140088057e-14,converged
2025-01-15T23:45:00+08:00,15.75,-4.555555555555555,0.0,3.0,50.6,50.6,43.8,43.8,35.0,55.00000000000001,85.0,38.05014300841581,10.414367141688574,13.101199375900437,14.534576490826796,76.43143420200991,1.0629484655426902,50.46666666666667,50.46666666666667,50.46666666666667,41.784309865019,42.189492731506746,42.07143344013122,42.03349686755526,0.38066222222222224,0.3718360222192812,23.50881665015592,23.995781703710776,22.935513621755867,23.12644845159964,23.270181513361553,23.665099765111766,23.37289880082659,23.006311416360916,22.931529567670026,23.638535140251502,23.346265230990763,22.979575044951055,1.0,0.0,0.75,0.0,0.0,22.935513621755867,23.270181513361553,23.638535140251502,17.091773084076166,21.677404629259815,25.525339540106255,6.054952612159255e-17,0.0,0.0,1.767388560455516e-15,3.989598146698838e-14,converged
2025-01-15T23:50:00+08:00,15.833333333333334,-4.583333333333333,0.0,3.0,50.6,50.6,43.8,43.8,35.0,55.00000000000001,85.0,38.05014300841581,10.414367141688574,13.101199375900437,14.534576490826796,76.43143420200991,1.0629484655426902,50.544219384424636,50.46666666666667,50.46666666666667,41.83536489735579,42.187752818704986,42.06959153025193,42.04616802956737,0.3811180833333333,0.37221323459557204,23.504119309628344,23.990087395422524,22.928941012293834,23.12330516651473,23.26421224353412,23.65795711893553,23.367157938262228,23.002092514639678,22.924606397912864,23.631394180477745,23.34052520206179,22.975356073920928,1.0,0.0,0.75,0.0,0.0,22.928941012293834,23.26421224353412,23.631394180477745,17.091773084076166,21.677404629259815,25.525339540106255,6.054952612159255e-17,4.6914769951729055e-16,0.0,2.442802120481441e-15,6.194809395198791e-14,converged
2025-01-15T23:55:00+08:00,15.916666666666666,-4.611111111111112,0.0,3.0,50.6,50.6,43.8,43.8,35.0,55.00000000000001,85.0,38.05014300841581,10.414367141688574,13.101199375900437,14.534576490826796,76.43143420200991,1.0629484655426902,50.6,50.555269209886404,50.46666666666667,41.871645318557185,42.24760502575233,42.06773831600366,42.07599807881489,0.3815739444444444,0.3729162506713249,23.499459800480285,23.984431479151144,22.92245351228362,23.120190729026124,23.258367252186304,23.65093663527867,23.361528121858026,22.997974190555194,22.91763854029268,23.624223171666394,23.334751617176703,22.97109996453497,1.0,0.0,0.6666666666666666,0.0,0.0,22.92245351228362,23.258367252186304,23.624223171666394,17.091773084076166,21.677404629259815,25.525339540106255,6.054952612159255e-17,6.243510258261131e-16,0.0,6.073929410038282e-16,5.706003092538049e-14,converged
2025-01-16T00:00:00+08:00,16.0,-4.638888888888888,0.0,3.0,50.6,50.6,43.8,43.8,35.0,55.00000000000001,85.0,38.05014300841581,10.414367141688574,13.101199375900437,14.534576490826796,76.43143420200991,1.0629484655426902,50.6,50.6,50.58599094559717,41.86996738109032,42.27700077577073,42.14847024276933,42.11649856496184,0.38202980555555555,0.3738193013057848,23.494771243190684,23.978750586802676,22.915923488195133,23.117047817118628,23.252566351687662,23.64396235761185,23.35593723501576,22.993887799320536,22.910931438609182,23.61722664577006,23.329138810599687,22.96699182335249,1.0,0.0,0.6666666666666666,0.0,0.0,22.915923488195133,23.252566351687662,23.61722664577006,17.091773084076166,21.677404629259815,25.525339540106255,6.054952612159255e-17,0.0,0.0,6.182708311795229e-16,4.038850661574278e-14,converged
2025-01-16T00:05:00+08:00,16.083333333333332,-4.666666666666667,0.0,3.0,50.733333333333334,50.733333333333334,43.86666666666667,43.86666666666667,35.0,55.00000000000001,85.0,38.10805799016377,10.430218537642439,13.121140318633923,14.556699133887411,76.66427925893268,1.0678095028411976,50.6,50.6,50.6,41.87916259687553,42.2857920615196,42.166983755421,42.12911414977433,0.38248566666666667,0.3740674931039914,23.490062612273107,23.973053060420085,22.90936847277,23.113884229445034,23.246741306130197,23.63696944710341,23.35032381819016,22.989774968686323,22.904232785659353,23.610235626117436,23.323526415074852,22.962879100728316,1.0,0.0,0.6666666666666666,0.0,0.0,22.90936847277,23.246741306130197,23.610235626117436,17.065797745042612,21.64446024532477,25.486547230774793,3.0182812428815446e-16,1.711681132020048e-15,0.0,1.316528479008491e-16,4.1831531167171294e-14,converged
2025-01-16T00:10:00+08:00,16.166666666666668,-4.694444444444444,0.0,3.0,50.733333333333334,50.733333333333334,43.86666666666667,43.86666666666667,35.0,55.00000000000001,85.0,38.10805799016377,10.430218537642439,13.121140318633923,14.556699133887411,76.66427925893268,1.0678095028411976,50.6,50.6,50.6,41.877469263533975,42.28408377826115,42.16517991727964,42.127373457811636,0.38294152777777773,0.3741443606583733,23.485325067199422,23.96733066602246,22.902771273413528,23.110692281850245,23.24087934646708,23.629945959468532,23.344676414908527,22.98562465377033,22.897488203602926,23.603213996570336,23.31788000986129,22.958728879768305,1.0,0.0,0.6666666666666666,0.0,0.0,22.902771273413528,23.24087934646708,23.603213996570336,17.065797745042612,21.64446024532477,25.486547230774793,3.0182812428815446e-16,4.667262188133001e-16,0.0,3.089626341067398e-15,4.4678456815308154e-14,converged
2025-01-16T00:15:00+08:00,16.25,-4.722222222222222,0.0,3.0,50.733333333333334,50.733333333333334,43.86666666666667,43.86666666666667,35.0,55.00000000000001,85.0,38.10805799016377,10.430218537642439,13.121140318633923,14.556699133887411,76.66427925893268,1.0678095028411976,50.6,50.6,50.6,41.875765350546004,42.28236489511334,42.16336463242384,42.12562184802578,0.38339738888888886,0.37422171033502766,23.480558685933502,23.961583467139054,22.896132100106904,23.10747203989213,23.23498061941187,23.622892009850595,23.338995146765026,22.98143698230575,22.890697947314,23.59616187228369,23.312199716518215,22.95454128812954,1.0,0.0,0.6666666666666666,0.0,0.0,22.896132100106904,23.23498061941187,23.59616187228369,17.065797745042612,21.64446024532477,25.486547230774793,3.0182812428815446e-16,7.777162482283045e-16,0.0,7.872038870021205e-16,3.554897023915739e-14,converged
2025-01-16T00:20:00+08:00,16.333333333333332,-4.75,0.0,3.0,50.733333333333334,50.733333333333334,43.86666666666667,43.86666666666667,35.0,55.00000000000001,85.0,38.10805799016377,10.430218537642439,13.121140318633923,14.556699133887411,76.66427925893268,1.0678095028411976,50.67824539346554,50.6,50.6,41.92733234186709,42.28063545104507,42.1615379491111,42.1384425546397,0.38385325,0.37460126505631725,23.47585736892556,23.95590041550208,22.8896300959506,23.104303997531183,23.229045271095025,23.61580771295938,23.333280134918784,22.977212081590498,22.883862270252294,23.589079367979213,23.30648565617035,22.95031645303451,1.0,0.0,0.6666666666666666,0.0,0.0,22.8896300959506,23.229045271095025,23.589079367979213,17.065797745042612,21.64446024532477,25.486547230774793,3.0182812428815446e-16,9.323138976273855e-16,0.0,2.590385291842064e-15,7.644874143789057e-14,converged
2025-01-16T00:25:00+08:00,16.416666666666668,-4.777777777777778,0.0,3.0,50.733333333333334,50.733333333333334,43.86666666666667,43.86666666666667,35.0,55.00000000000001,85.0,38.10805799016377,10.430218537642439,13.121140318633923,14.556699133887411,76.66427925893268,1.0678095028411976,50.733333333333334,50.68948106012467,50.6,41.963172761693706,42.341143439175234,42.159699915385325,42.16838376839237,0.3843091111111111,0.3753054277922335,23.471193083916607,23.950254959906392,22.88321130696164,23.1011641650322,23.22323570183909,23.608846908927447,23.327677548898034,22.973089180549454,22.876981424471015,23.581966597947034,23.300737949509486,22.946054501272595,1.0,0.0,0.6666666666666666,0.0,0.0,22.88321130696164,23.22323570183909,23.581966597947034,17.065797745042612,21.64446024532477,25.486547230774793,3.0182812428815446e-16,1.550941089658068e-16,0.0,1.2083431650910468e-15,6.020915945849056e-14,converged
2025-01-16T00:30:00+08:00,16.5,-4.805555555555556,0.0,3.0,50.733333333333334,50.733333333333334,43.86666666666667,43.86666666666667,35.0,55.00000000000001,85.0,38.10805799016377,10.430218537642439,13.121140318633923,14.556699133887411,76.66427925893268,1.0678095028411976,50.733333333333334,50.733333333333334,50.72035874051267,41.96150400748809,42.36995590288664,42.241209892513695,42.20898313774621,0.3847649722222222,0.37620957824839885,23.466499765177634,23.944584503272658,22.87674965593979,23.097995917698658,23.21746851549693,23.601930601798575,23.32211238411684,22.96899688348045,22.870363576459535,23.575029918262587,23.29515266355756,22.941942189519438,1.0,0.0,0.6666666666666666,0.0,0.0,22.87674965593979,23.21746851549693,23.575029918262587,17.065797745042612,21.64446024532477,25.486547230774793,3.0182812428815446e-16,1.547213688297824e-16,0.0,2.4369548286840974e-15,3.6746103525417615e-14,converged
2025-01-16T00:35:00+08:00,16.583333333333332,-4.833333333333333,0.0,3.0,50.86666666666667,50.86666666666667,43.93333333333333,43.93333333333333,35.0,55.00000000000001,85.0,38.16597297191175,10.446069933596302,13.141081261367411,14.578821776948033,76.8974784528241,1.0726853378065244,50.733333333333334,50.733333333333334,50.733333333333334,41.97074726130497,42.378795498238816,42.259066601805436,42.22137761539416,0.3852208333333333,0.37645235324763754,23.46178641642984,23.938897417640963,22.8702627388809,23.09480707625268,23.211677097380694,23.594995492392464,23.316524639378695,22.96487820260624,22.863751122590646,23.568096805769493,23.28956605738517,22.93782375050372,1.0,0.0,0.6666666666666666,0.0,0.0,22.8702627388809,23.211677097380694,23.568096805769493,17.039901238600972,21.611615844345522,25.447872652275887,6.018256014161178e-17,3.0924317731746147e-16,0.0,6.398707742443284e-16,3.316073249261021e-14,converged
2025-01-16T00:40:00+08:00,16.666666666666668,-4.861111111111111,0.0,3.0,50.86666666666667,50.86666666666667,43.93333333333333,43.93333333333333,35.0,55.00000000000001,85.0,38.16597297191175,10.446069933596302,13.141081261367411,14.578821776948033,76.8974784528241,1.0726853378065244,50.733333333333334,50.733333333333334,50.733333333333334,41.96906305568558,42.377097536583484,42.257277716343346,42.21964868726874,0.3856766944444444,0.37652881735095034,23.45704416779451,23.933185439089144,22.863733302974502,23.09158993416186,23.205848634234098,23.58802959129001,23.310902818704236,22.96072205905029,22.857092265717164,23.56113286865284,23.283945351735895,22.933667834293008,1.0,0.0,0.6666666666666666,0.0,0.0,22.863733302974502,23.205848634234098,23.56113286865284,17.039901238600972,21.611615844345522,25.447872652275887,6.018256014161178e-17,0.0,0.0,3.2129835332897197e-15,4.1977956019448416e-14,converged
2025-01-16T00:45:00+08:00,16.75,-4.888888888888889,0.0,3.0,50.86666666666667,50.86666666666667,43.93333333333333,43.93333333333333,35.0,55.00000000000001,85.0,38.16597297191175,10.446069933596302,13.141081261367411,14.578821776948033,76.8974784528241,1.0726853378065244,50.733333333333334,50.733333333333334,50.733333333333334,41.967368245726746,42.37538895794813,42.25547733937018,42.21790881156546,0.38613255555555553,0.3766057656251852,23.452273097206486,23.927448631217786,22.85716155989538,23.088344556854977,23.1999832733084,23.58103301445625,23.30524704402212,22.956528580487237,22.85038726337399,23.554138222889183,23.27829066850438,22.9294745684876,1.0,0.0,0.6666666666666666,0.0,0.0,22.85716155989538,23.1999832733084,23.554138222889183,17.039901238600972,21.611615844345522,25.447872652275887,6.018256014161178e-17,4.636758081770707e-16,0.0,4.874382834775179e-16,4.241943263196274e-14,converged
2025-01-16T00:50:00+08:00,16.833333333333332,-4.916666666666667,0.0,3.0,50.86666666666667,50.86666666666667,43.93333333333333,43.93333333333333,35.0,55.00000000000001,85.0,38.16597297191175,10.446069933596302,13.141081261367411,14.578821776948033,76.8974784528241,1.0726853378065244,50.812269300303974,50.733333333333334,50.733333333333334,42.01944601752774,42.37366980137349,42.25366551937962,42.23087853906594,0.3865884166666667,0.37698766578121745,23.447567958321553,23.92177675422485,22.85072828059127,23.08515216967252,23.19408116126955,23.574005877419484,23.29955743682474,22.952297894156594,22.84363637166671,23.547112984018717,23.272602129149536,22.925244080253353,1.0,0.0,0.6666666666666666,0.0,0.0,22.85072828059127,23.19408116126955,23.547112984018717,17.039901238600972,21.611615844345522,25.447872652275887,6.018256014161178e-17,6.17608120338323e-16,0.0,2.3336923884517996e-15,7.05918533476952e-14,converged
2025-01-16T00:55:00+08:00,16.916666666666668,-4.944444444444444,0.0,3.0,50.86666666666667,50.86666666666667,43.93333333333333,43.93333333333333,35.0,55.00000000000001,85.0,38.16597297191175,10.446069933596302,13.141081261367411,14.578821776948033,76.8974784528241,1.0726853378065244,50.86666666666667,50.82369024415078,50.733333333333334,42.05484703985564,42.434832125077875,42.251842304650545,42.26093044679902,0.3870442777777778,0.3776929810660932,23.44289905366604,23.916141679417592,22.84437633531995,23.081987355414043,23.188306327397484,23.567103564061764,23.29398163294491,22.948170625248917,22.836839845279545,23.540057267146917,23.266879854696107,22.920976496323156,1.0,0.0,0.6666666666666666,0.0,0.0,22.84437633531995,23.188306327397484,23.540057267146917,17.039901238600972,21.611615844345522,25.447872652275887,6.018256014161178e-17,3.0822739013665463e-16,0.0,4.755372687125249e-15,5.712448523424975e-14,converged
2025-01-16T01:00:00+08:00,17.0,-4.972222222222222,0.0,3.0,50.86666666666667,50.86666666666667,43.93333333333333,43.93333333333333,35.0,55.00000000000001,85.0,38.16597297191175,10.446069933596302,13.141081261367411,14.578821776948033,76.8974784528241,1.0726853378065244,50.86666666666667,50.86666666666667,50.85472339593931,42.053187249321,42.46306225796763,42.334128484416325,42.30162826244171,0.3875001388888889,0.3785982373948859,23.438201129269803,23.910481578804273,22.837981199260902,23.078794184961833,23.182572175184742,23.56024404671668,23.288441747146596,22.94407263413981,22.830308566347625,23.53317924781416,23.26132164051061,22.916860219295213,1.0,0.0,0.6666666666666666,0.0,0.0,22.837981199260902,23.182572175184742,23.53317924781416,17.039901238600972,21.611615844345522,25.447872652275887,6.018256014161178e-17,7.68725989243785e-16,0.0,3.6915208235000704e-17,5.688865978879413e-14,converged
2025-01-16T01:05:00+08:00,17.083333333333332,-5.0,0.0,3.0,51.0,51.0,44.0,44.0,35.0,55.00000000000001,85.0,38.22388795365972,10.461921329550167,13.161022204100897,14.600944420008652,77.13103178368426,1.0775759929275268,50.86666666666667,50.86666666666667,50.86666666666667,42.06247804549428,42.471949699615436,42.35132906746654,42.313801596383826,0.387956,0.37883561611640854,23.433483217884458,23.90480485421346,22.83156053097808,23.07558050100572,23.176813706767565,23.553365561604526,23.282879232655937,22.93994831389027,22.82377964769198,23.52630286505522,23.255760380339233,22.912736272324214,1.0,0.0,0.6666666666666666,0.0,0.0,22.83156053097808,23.176813706767565,23.52630286505522,17.014083206421272,21.578870971854087,25.40931526946941,1.800009807221715e-16,3.072977219522114e-16,0.0,2.6877675822472355e-15,3.505619110961423e-14,converged
2025-01-16T01:10:00+08:00,17.166666666666668,-5.027777777777778,0.0,3.0,51.0,51.0,44.0,44.0,35.0,55.00000000000001,85.0,38.22388795365972,10.461921329550167,13.161022204100897,14.600944420008652,77.13103178368426,1.0775759929275268,50.86666666666667,50.86666666666667,50.86666666666667,42.060802750407184,42.47026188110348,42.3495547787493,42.31208417524283,0.38841186111111115,0.37891168656657176,23.42873642046055,23.89910321198996,22.82509701804525,23.072338574741956,23.171018065050855,23.54645607459914,23.277282554301873,22.935786551840554,22.81720386679297,23.519395447314047,23.25016493245952,22.908574868589433,1.0,0.0,0.6666666666666666,0.0,0.0,22.82509701804525,23.171018065050855,23.519395447314047,17.014083206421272,21.578870971854087,25.40931526946941,1.800009807221715e-16,7.680900718700951e-16,0.0,9.879197531068746e-16,3.1012420873600437e-14,converged
2025-01-16T01:15:00+08:00,17.25,-5.055555555555556,0.0,3.0,51.0,51.0,44.0,44.0,35.0,55.00000000000001,85.0,38.22388795365972,10.461921329550167,13.161022204100897,14.600944420008652,77.13103178368426,1.0775759929275268,50.86666666666667,50.86666666666667,50.86666666666667,42.05911682739213,42.46856342914162,42.3477689554064,42.310355777927846,0.38886772222222227,0.37898824318898267,23.42396081490499,23.893376715805196,22.81859087378575,23.069068471472335,23.1651853978131,23.5395157024709,23.27165183434205,22.931587475609128,22.810581483765482,23.51245711137252,23.24453541909603,22.90437613563676,1.0,0.0,0.6666666666666666,0.0,0.0,22.81859087378575,23.1651853978131,23.51245711137252,17.014083206421272,21.578870971854087,25.40931526946941,1.800009807221715e-16,1.0751088819161467e-15,0.0,8.364928982952987e-16,3.3287635814925146e-14,converged
2025-01-16T01:20:00+08:00,17.333333333333332,-5.083333333333333,0.0,3.0,51.0,51.0,44.0,44.0,35.0,55.00000000000001,85.0,38.22388795365972,10.461921329550167,13.161022204100897,14.600944420008652,77.13103178368426,1.0775759929275268,50.94629111449544,50.86666666666667,50.86666666666667,42.11170421038895,42.46685438284003,42.34597164615917,42.323474010581215,0.38932358333333333,0.3793724916214118,23.419252005942496,23.887715932297567,22.812224492856288,23.06585214608814,23.159315852245303,23.532544561550374,23.265987194596605,22.927351212379474,22.803912757280596,23.505487973573086,23.238871962036367,22.900140200577766,1.0,0.0,0.6666666666666666,0.0,0.0,22.812224492856288,23.159315852245303,23.505487973573086,17.014083206421272,21.578870971854087,25.40931526946941,1.800009807221715e-16,9.205885328905933e-16,0.0,9.986828012366809e-16,6.751084013461898e-14,converged
2025-01-16T01:25:00+08:00,17.416666666666668,-5.111111111111111,0.0,3.0,51.0,51.0,44.0,44.0,35.0,55.00000000000001,85.0,38.22388795365972,10.461921329550167,13.161022204100897,14.600944420008652,77.13103178368426,1.0775759929275268,51.0,50.95789677408389,50.86666666666667,42.14666644426126,42.52866960376889,42.344162899512895,42.353636149702666,0.38977944444444446,0.38007896508740846,23.414578635050734,23.882091159230846,22.805937577695715,23.062662757492994,23.15357508243022,23.525699575528414,23.260437733470543,22.923219780061903,22.79719794457361,23.498488149820407,23.23317468263271,22.895867190091195,1.0,0.0,0.6666666666666666,0.0,0.0,22.805937577695715,23.15357508243022,23.498488149820407,17.014083206421272,21.578870971854087,25.40931526946941,1.800009807221715e-16,6.125849232417389e-16,0.0,1.4771271110787988e-15,3.478834116605728e-14,converged
2025-01-16T01:30:00+08:00,17.5,-5.138888888888889,0.0,3.0,51.0,51.0,44.0,44.0,35.0,55.00000000000001,85.0,38.22388795365972,10.461921329550167,13.161022204100897,14.600944420008652,77.13103178368426,1.0775759929275268,51.0,51.0,50.98908492614748,42.14501540470796,42.55631836263585,42.427223448419724,42.39443198249236,0.3902353055555556,0.38098533308328303,23.40987625799274,23.876441335780967,22.799607151928857,23.05944507041451,23.147873299625914,23.518895692716363,23.254922692387787,22.919116302076468,22.790750636410557,23.491667630479743,23.227643100199728,22.891747148519777,1.0,0.0,0.6666666666666666,0.0,0.0,22.799607151928857,23.147873299625914,23.491667630479743,17.014083206421272,21.578870971854087,25.40931526946941,1.800009807221715e-16,6.111275774570909e-16,0.0,2.4860513418244448e-15,5.764692084915321e-14,converged
2025-01-16T01:35:00+08:00,17.583333333333332,-5.166666666666667,0.0,3.0,51.13333333333333,51.13333333333333,44.06666666666667,44.06666666666667,35.0,55.00000000000001,85.0,38.28180293540769,10.477772725504034,13.180963146834385,14.623067063069273,77.36493925151314,1.08248149069306,51.0,51.0,51.0,42.15435325752743,42.565253194133405,42.44376859404728,42.40638414574683,0.3906911666666667,0.3812173357629425,23.405153936374088,23.870774893357837,22.79325093601418,23.056206949408498,23.1421471184164,23.51207268050508,23.249384975087874,22.914986548702117,22.784302674899628,23.484846825425414,23.222106751479014,22.887617897466065,1.0,0.0,0.6666666666666666,0.0,0.0,22.79325093601418,23.1421471184164,23.484846825425414,16.988343292341963,21.546225176132673,25.370874550453568,2.392756805084608e-16,0.0,0.0,1.0313487362991605e-15,4.753983816205256e-14,converged
2025-01-16T01:40:00+08:00,17.666666666666668,-5.194444444444444,0.0,3.0,51.13333333333333,51.13333333333333,44.06666666666667,44.06666666666667,35.0,55.00000000000001,85.0,38.28180293540769,10.477772725504034,13.180963146834385,14.623067063069273,77.36493925151314,1.08248149069306,51.0,51.0,51.0,42.15268666260527,42.5635753442601,42.4420085565806,42.40467798195447,0.39114702777777777,0.38129302208943516,23.400402742153634,23.86508350877996,22.786851558499638,23.052940643505874,23.136383638234197,23.50521846048275,23.243813007519904,22.910819373706147,22.77780740609531,23.477994779306815,23.216536128344444,22.883451209385463,1.0,0.0,0.6666666666666666,0.0,0.0,22.786851558499638,23.136383638234197,23.477994779306815,16.988343292341963,21.546225176132673,25.370874550453568,2.392756805084608e-16,1.5265860517063008e-16,0.0,1.0311471416891856e-15,4.697295271039966e-14,converged
2025-01-16T01:45:00+08:00,17.75,-5.222222222222222,0.0,3.0,51.13333333333333,51.13333333333333,44.06666666666667,44.06666666666667,35.0,55.00000000000001,85.0,38.28180293540769,10.477772725504034,13.180963146834385,14.623067063069273,77.36493925151314,1.08248149069306,51.0,51.0,51.0,42.1510094172362,42.56188684507305,42.440236943003335,42.4029608145159,0.3916028888888889,0.3813691965434822,23.395622753211438,23.859367245789112,22.780409234313392,23.04964621788355,23.130583007374764,23.498333150209127,23.238206912265085,22.90661490465319,22.771265092614236,23.471111609695217,23.21093135334507,22.879247211771748,1.0,0.0,0.6666666666666666,0.0,0.0,22.780409234313392,23.130583007374764,23.471111609695217,16.988343292341963,21.546225176132673,25.370874550453568,2.392756805084608e-16,6.105124529304327e-16,0.0,2.3202118327242096e-15,2.844172746456501e-14,converged
2025-01-16T01:50:00+08:00,17.833333333333332,-5.25,0.0,3.0,51.13333333333333,51.13333333333333,44.06666666666667,44.06666666666667,35.0,55.00000000000001,85.0,38.28180293540769,10.477772725504034,13.180963146834385,14.623067063069273,77.36493925151314,1.08248149069306,51.08031084553755,51.0,51.0,42.20410525114224,42.56018773574957,42.43845380225613,42.41622704435077,0.39205875,0.3817557958534584,23.390910423212375,23.85371747544632,22.77410797769932,23.04640635516114,23.124745373543952,23.491416866801124,23.232566811465915,22.90237326867303,22.764675995615175,23.46419743371943,23.205292548591768,22.875006031684514,1.0,0.0,0.6666666666666666,0.0,0.0,22.77410797769932,23.124745373543952,23.46419743371943,16.988343292341963,21.546225176132673,25.370874550453568,2.392756805084608e-16,3.0494709731040274e-16,0.0,2.5871631189953527e-17,4.6571674146659194e-14,converged
2025-01-16T01:55:00+08:00,17.916666666666668,-5.277777777777778,0.0,3.0,51.13333333333333,51.13333333333333,44.06666666666667,44.06666666666667,35.0,55.00000000000001,85.0,38.28180293540769,10.477772725504034,13.180963146834385,14.623067063069273,77.36493925151314,1.08248149069306,51.13333333333333,51.092100661969795,51.0,42.23862931055211,42.62265442261224,42.43665918306241,42.446498959982144,0.39251461111111113,0.3824634328836947,23.38623273673609,23.84810292590143,22.767884331189272,23.043192793902435,23.119038011488627,23.484628069832848,23.227043262381308,22.89823787286311,22.758040374807127,23.457252368067472,23.1996198357588,22.87072779575064,1.0,0.0,0.6666666666666666,0.0,0.0,22.767884331189272,23.119038011488627,23.457252368067472,16.988343292341963,21.546225176132673,25.370874550453568,2.392756805084608e-16,9.131486449503486e-16,0.0,3.4222357904555657e-15,6.032561064926214e-14,converged
2025-01-16T02:00:00+08:00,18.0,-5.305555555555556,0.0,3.0,51.13333333333333,51.13333333333333,44.06666666666667,44.06666666666667,35.0,55.00000000000001,85.0,38.28180293540769,10.477772725504034,13.180963146834385,14.623067063069273,77.36493925151314,1.08248149069306,51.13333333333333,51.13333333333333,51.123443345321235,42.236986815973985,42.64972276547979,42.52049228150918,42.48739238833566,0.39297047222222226,0.38337091809219936,23.381526057260547,23.842463301585195,22.761616862934744,23.039950990953276,23.11336794832783,23.477878691252695,23.22155264037782,22.894129110628363,22.751674522600958,23.450488213307207,23.19411445372915,22.866604185895028,1.0,0.0,0.6666666666666666,0.0,0.0,22.761616862934744,23.11336794832783,23.450488213307207,16.988343292341963,21.546225176132673,25.370874550453568,2.392756805084608e-16,4.554935559780932e-16,0.0,1.7442582397344258e-15,3.8124087002172556e-14,converged
2025-01-16T02:05:00+08:00,18.083333333333332,-5.333333333333333,0.0,3.0,51.266666666666666,51.266666666666666,44.13333333333333,44.13333333333333,35.0,55.00000000000001,85.0,38.33971791715566,10.493624121457897,13.200904089567869,14.645189706129893,77.59920085631066,1.087401853591979,51.13333333333333,51.13333333333333,51.13333333333333,42.24637124940916,42.658704537102736,42.53638268980863,42.49912336319144,0.3934263333333333,0.38359756468755385,23.37679947506964,23.836807063283192,22.755323354627286,23.036688832633587,23.10767340673661,23.471110025412603,23.216039295815904,22.889994125859,22.745305023197176,23.443721858773035,23.18860259053048,22.86246983015982,1.0,0.0,0.6666666666666666,0.0,0.0,22.755323354627286,23.10767340673661,23.443721858773035,16.96268114235353,21.513678008192894,25.332549966540494,1.1927666962176003e-16,7.587073833599341e-16,0.0,2.7201630920670016e-15,4.3845938170419814e-14,converged
2025-01-16T02:10:00+08:00,18.166666666666668,-5.361111111111111,0.0,3.0,51.266666666666666,51.266666666666666,44.13333333333333,44.13333333333333,35.0,55.00000000000001,85.0,38.33971791715566,10.493624121457897,13.200904089567869,14.645189706129893,77.59920085631066,1.087401853591979,51.13333333333333,51.13333333333333,51.13333333333333,42.244713150892366,42.657036485226165,42.53463656821558,42.49742821411519,0.39388219444444444,0.38367287615897694,23.372044033308725,23.831125858492904,22.748986376369245,23.033398545915038,23.101941443037372,23.464309950030803,23.21049161607356,22.88582173895873,22.738887785183362,23.43692406127746,23.183056367708183,22.858298056455272,1.0,0.0,0.6666666666666666,0.0,0.0,22.748986376369245,23.101941443037372,23.43692406127746,16.96268114235353,21.513678008192894,25.332549966540494,1.1927666962176003e-16,1.972251985729462e-15,0.0,1.6574613389260526e-16,3.631387691959043e-14,converged
2025-01-16T02:15:00+08:00,18.25,-5.388888888888889,0.0,3.0,51.266666666666666,51.266666666666666,44.13333333333333,44.13333333333333,35.0,55.00000000000001,85.0,38.33971791715566,10.493624121457897,13.200904089567869,14.645189706129893,77.59920085631066,1.087401853591979,51.13333333333333,51.13333333333333,51.13333333333333,42.243044380445404,42.65535776876366,42.53287883060586,42.4957220350108,0.39433805555555557,0.3837486776685105,23.367259809832074,23.825419751025954,22.742606144651088,23.030080195851713,23.09617220603253,23.4574785834408,23.204909724050264,22.881612077440643,22.732423073602153,23.430094939165535,23.177475908130493,22.854088992225304,1.0,0.0,0.6666666666666666,0.0,0.0,22.742606144651088,23.09617220603253,23.430094939165535,16.96268114235353,21.513678008192894,25.332549966540494,1.1927666962176003e-16,1.213453789956734e-15,0.0,9.125934047776859e-16,3.3976151509123416e-14,converged
2025-01-16T02:20:00+08:00,18.333333333333332,-5.416666666666667,0.0,3.0,51.266666666666666,51.266666666666666,44.13333333333333,44.13333333333333,35.0,55.00000000000001,85.0,38.33971791715566,10.493624121457897,13.200904089567869,14.645189706129893,77.59920085631066,1.087401853591979,51.21432850287057,51.13333333333333,51.13333333333333,42.29664751375543,42.65366842695737,42.53110952613139,42.50913576160532,0.3947939166666667,0.3841376302240461,23.362544105123828,23.81978091435566,22.736368289198495,23.02681719097582,23.090365843932805,23.45061604353028,23.199293742205576,22.877365268383112,22.725911152024683,23.42323461033689,23.17186133422627,22.849842764479774,1.0,0.0,0.6666666666666666,0.0,0.0,22.736368289198495,23.090365843932805,23.42323461033689,16.96268114235353,21.513678008192894,25.332549966540494,1.1927666962176003e-16,7.576407039258053e-16,0.0,1.760192780935755e-15,3.3339492061709506e-14,converged
2025-01-16T02:25:00+08:00,18.416666666666668,-5.444444444444444,0.0,3.0,51.266666666666666,51.266666666666666,44.13333333333333,44.13333333333333,35.0,55.00000000000001,85.0,38.33971791715566,10.493624121457897,13.200904089567869,14.645189706129893,77.59920085631066,1.087401853591979,51.266666666666666,51.22630191978152,51.13333333333333,42.33073401743581,42.716785155424766,42.529328703725746,42.53951700636918,0.39524977777777776,0.38484643595997103,23.357862251000892,23.814176510933006,22.730206200519937,23.02357985305429,23.08469124802622,23.44388232184609,23.193795682948114,22.873226104551307,22.71935228255875,23.41634319224741,23.166212767986575,22.845559499795954,1.0,0.0,0.6666666666666666,0.0,0.0,22.730206200519937,23.08469124802622,23.41634319224741,16.96268114235353,21.513678008192894,25.332549966540494,1.1927666962176003e-16,1.5124905799964782e-16,0.0,1.7393447457029085e-15,5.3651409122832865e-14,converged
2025-01-16T02:30:00+08:00,18.5,-5.472222222222222,0.0,3.0,51.266666666666666,51.266666666666666,44.13333333333333,44.13333333333333,35.0,55.00000000000001,85.0,38.33971791715566,10.493624121457897,13.200904089567869,14.645189706129893,77.59920085631066,1.087401853591979,51.266666666666666,51.266666666666666,51.25779866755892,42.329099868299664,42.743274041454036,42.61393254568327,42.58050761605102,0.3957056388888889,0.38575504368509245,23.353151416645336,23.808547008537754,22.723999987390474,23.020314329330407,23.079052269358005,23.437186341604487,23.188329062842488,22.869112256249394,22.713065452302583,23.40963429106293,23.160733163499444,22.84143251353414,1.0,0.0,0.6666666666666666,0.0,0.0,22.723999987390474,23.079052269358005,23.40963429106293,16.96268114235353,21.513678008192894,25.332549966540494,1.1927666962176003e-16,4.526784175580451e-16,0.0,5.3697037221545036e-15,4.558860372013782e-14,converged
2025-01-16T02:35:00+08:00,18.583333333333332,-5.5,0.0,3.0,51.4,51.4,44.2,44.2,35.0,55.00000000000001,85.0,38.39763289890362,10.50947551741176,13.220845032301357,14.66731234919051,77.83381659807692,1.0923371041131396,51.266666666666666,51.266666666666666,51.266666666666666,42.338530415723234,42.75230231006251,42.62916892761362,42.592017393787955,0.3961615,0.3859763538823115,23.348420720844505,23.802900897126946,22.717767492085198,23.017028527786266,23.073388734356925,23.430470919929345,23.182839674994213,22.864972237385672,22.706772000320086,23.402921284170695,23.155245368340196,22.837293248137815,1.0,0.0,0.6666666666666666,0.0,0.0,22.717767492085198,23.073388734356925,23.402921284170695,16.93709640458226,21.4812290217552,25.29434099223199,2.9729283003190965e-16,7.54031436485557e-16,0.0,5.209922894941557e-15,5.0086327257233856e-14,converged
2025-01-16T02:40:00+08:00,18.666666666666668,-5.527777777777778,0.0,3.0,51.4,51.4,44.2,44.2,35.0,55.00000000000001,85.0,38.39763289890362,10.50947551741176,13.220845032301357,14.66731234919051,77.83381659807692,1.0923371041131396,51.266666666666666,51.266666666666666,51.266666666666666,42.33688061625197,42.750643889313544,42.627436396322,42.590333023591185,0.3966173611111111,0.38605129951373524,23.343661178107645,23.79722979508085,22.711491226831512,23.013714653440417,23.067687656593478,23.42372389107906,23.177315868515894,22.860794835208768,22.700430391703552,23.396176636515058,23.149723129813754,22.833116583165033,1.0,0.0,0.6666666666666666,0.0,0.0,22.711491226831512,23.067687656593478,23.396176636515058,16.93709640458226,21.4812290217552,25.29434099223199,2.9729283003190965e-16,1.5077701068947301e-16,0.0,5.5917654968204e-16,3.86356065084818e-14,converged
2025-01-16T02:45:00+08:00,18.75,-5.555555555555556,0.0,3.0,51.4,51.4,44.2,44.2,35.0,55.00000000000001,85.0,38.39763289890362,10.50947551741176,13.220845032301357,14.66731234919051,77.83381659807692,1.0923371041131396,51.266666666666666,51.266666666666666,51.266666666666666,42.33522012437005,42.74897478928401,42.62569221063728,42.58863759804196,0.39707322222222224,0.3861267370503065,23.338872866264275,23.791533766280462,22.705171409640894,23.01037277122614,23.061949185367226,23.41694537414558,23.171757766620065,22.85658017718248,22.694040893848303,23.389400467199586,23.144166571102318,22.828902646012075,1.0,0.0,0.6666666666666666,0.0,0.0,22.705171409640894,23.061949185367226,23.389400467199586,16.93709640458226,21.4812290217552,25.29434099223199,2.9729283003190965e-16,6.029902136083763e-16,0.0,4.23593325573966e-15,4.237956511607228e-14,converged
2025-01-16T02:50:00+08:00,18.833333333333332,-5.583333333333333,0.0,3.0,51.4,51.4,44.2,44.2,35.0,55.00000000000001,85.0,38.39763289890362,10.50947551741176,13.220845032301357,14.66731234919051,77.83381659807692,1.0923371041131396,51.3483440958778,51.266666666666666,51.266666666666666,42.389329414150694,42.747295049278726,42.62393641991488,42.60219832831759,0.3975290833333333,0.3865180449934292,23.33415393050472,23.78590578460847,22.698995281631746,23.00708701377917,23.056173469384,23.410135487772134,23.166165492078175,22.852328390335995,22.68760377266492,23.38259289487951,23.138575814947536,22.824651563641268,1.0,0.0,0.6666666666666666,0.0,0.0,22.698995281631746,23.056173469384,23.38259289487951,16.93709640458226,21.4812290217552,25.29434099223199,2.9729283003190965e-16,1.5059493772006672e-16,0.0,3.413021524834395e-15,3.584897956995333e-14,converged
2025-01-16T02:55:00+08:00,18.916666666666668,-5.611111111111111,0.0,3.0,51.4,51.4,44.2,44.2,35.0,55.00000000000001,85.0,38.39763289890362,10.50947551741176,13.220845032301357,14.66731234919051,77.83381659807692,1.0923371041131396,51.4,51.360500559419854,51.266666666666666,42.422978985370584,42.811060401887815,42.622169073290785,42.632688462131284,0.39798494444444443,0.3872280243419829,23.32946805400318,23.78031145071762,22.69289308914461,23.003826289599488,23.050531012365727,23.403455751582754,23.160692508758324,22.848185649595983,22.681119292587486,23.37575403776342,23.132950983652098,22.820363462582456,1.0,0.0,0.6666666666666666,0.0,0.0,22.69289308914461,23.050531012365727,23.37575403776342,16.93709640458226,21.4812290217552,25.29434099223199,2.9729283003190965e-16,1.50318823159506e-16,0.0,1.868652243237477e-15,4.855754223316561e-14,converged
2025-01-16T03:00:00+08:00,19.0,-5.638888888888889,0.0,3.0,51.4,51.4,44.2,44.2,35.0,55.00000000000001,85.0,38.39763289890362,10.50947551741176,13.220845032301357,14.66731234919051,77.83381659807692,1.0923371041131396,51.4,51.4,51.39215090687381,42.421352988412316,42.83697079129317,42.70754186598846,42.67377584604903,0.39844080555555556,0.38813775965327896,23.324753209642388,23.77469199383791,22.68674647769048,23.00053743461335,23.04492249731892,23.396812087664014,23.15524948165146,22.844066909054252,22.674909128472507,23.36909930302805,23.12749674216227,22.816233287500083,1.0,0.0,0.6666666666666666,0.0,0.0,22.68674647769048,23.04492249731892,23.36909930302805,16.93709640458226,21.4812290217552,25.29434099223199,2.9729283003190965e-16,2.9993299783800444e-16,0.0,1.9608995469796153e-15,4.0874399642838823e-14,converged
2025-01-16T03:05:00+08:00,19.083333333333332,-5.666666666666667,0.0,3.0,51.53333333333333,51.53333333333333,44.266666666666666,44.266666666666666,35.0,55.00000000000001,85.0,38.455547880651594,10.525326913365623,13.24078597503484,14.68943499225113,78.06878647681188,1.0972872647453964,51.4,51.4,51.4,42.43082919233204,42.84604512019783,42.722124942974844,42.685064426666116,0.3988966666666667,0.38835375287385787,23.320018544539067,23.76905593289508,22.68057334948997,22.99722837836298,23.03928935010803,23.390148831742728,23.14978364274884,22.839922049057453,22.668689386984,23.36243856467852,23.1220326058337,22.812089303170907,1.0,0.0,0.5833333333333334,0.0,0.0,22.68057334948997,23.03928935010803,23.36243856467852,16.911588729274158,21.448877773228464,25.256247105195495,1.7783882639574394e-16,2.9976618216110805e-16,0.0,9.687859363235611e-16,4.683760699903452e-14,converged
2025-01-16T03:10:00+08:00,19.166666666666668,-5.694444444444444,0.0,3.0,51.53333333333333,51.53333333333333,44.266666666666666,44.266666666666666,35.0,55.00000000000001,85.0,38.455547880651594,10.525326913365623,13.24078597503484,14.68943499225113,78.06878647681188,1.0972872647453964,51.4,51.4,51.4,42.42918750074446,42.84439616739218,42.72040568591447,42.68339060610697,0.39935252777777774,0.3884283414339583,23.3152550447429,23.76339485735454,22.67435615945695,22.99389130401996,23.033618541905824,23.383453775022083,23.144283303200385,22.835739823906785,22.662421083703514,23.35574599177089,23.1165339438316,22.807907937007887,1.0,0.0,0.5833333333333334,0.0,0.0,22.67435615945695,23.033618541905824,23.35574599177089,16.911588729274158,21.448877773228464,25.256247105195495,1.7783882639574394e-16,5.994172381817719e-16,0.0,8.210061035690183e-16,3.2238839560777114e-14,converged
2025-01-16T03:15:00+08:00,19.25,-5.722222222222222,0.0,3.0,51.53333333333333,51.53333333333333,44.266666666666666,44.266666666666666,35.0,55.00000000000001,85.0,38.455547880651594,10.525326913365623,13.24078597503484,14.68943499225113,78.06878647681188,1.0972872647453964,51.4,51.4,51.4,42.427535097236756,42.84273652117521,42.718674737566616,42.68170570589708,0.39980838888888887,0.3885034237239215,23.310462788059677,23.757708831166198,22.66809512708379,22.990526276398786,23.027910222499436,23.37672703733751,23.138748586526578,22.831520361018935,22.656104488308074,23.349021704152293,23.111000879647033,22.803689316361822,1.0,0.0,0.5833333333333334,0.0,0.0,22.66809512708379,23.027910222499436,23.349021704152293,16.911588729274158,21.448877773228464,25.256247105195495,1.7783882639574394e-16,2.996506973119031e-16,0.0,3.0620465408753224e-15,2.858113229319082e-14,converged
2025-01-16T03:20:00+08:00,19.333333333333332,-5.75,0.0,3.0,51.53333333333333,51.53333333333333,44.266666666666666,44.266666666666666,35.0,55.00000000000001,85.0,38.455547880651594,10.525326913365623,13.24078597503484,14.68943499225113,78.06878647681188,1.0972872647453964,51.48235763388602,51.4,51.4,42.48214940892327,42.84106622091215,42.71693214748264,42.695412953918385,0.40026425,0.3888970889776204,23.305740762280614,23.752091626626576,22.66197910080871,22.98721815043629,23.02216454108026,23.369968738072853,23.133179615805673,22.827263787376094,22.649739868977115,23.34226582121867,23.10543353632935,22.79943356814966,1.0,0.0,0.5833333333333334,0.0,0.0,22.66197910080871,23.02216454108026,23.34226582121867,16.911588729274158,21.448877773228464,25.256247105195495,1.7783882639574394e-16,1.4967368633817944e-16,0.0,2.863574249717512e-16,3.1366246488200844e-14,converged
2025-01-16T03:25:00+08:00,19.416666666666668,-5.777777777777778,0.0,3.0,51.53333333333333,51.53333333333333,44.266666666666666,44.266666666666666,35.0,55.00000000000001,85.0,38.455547880651594,10.525326913365623,13.24078597503484,14.68943499225113,78.06878647681188,1.0972872647453964,51.53333333333333,51.49469659271391,51.4,42.51536267529047,42.90547878697265,42.71517796499343,42.72601154379409,0.4007201111111111,0.3896082466181892,23.301051006042044,23.74650728647647,22.655935190631716,22.98393442488241,23.01655360971248,23.36334192104868,23.127731302688968,22.823117656573306,22.643327492400797,23.335478461916484,23.099832036487783,22.795140818855973,1.0,0.0,0.5833333333333334,0.0,0.0,22.655935190631716,23.01655360971248,23.335478461916484,16.911588729274158,21.448877773228464,25.256247105195495,1.7783882639574394e-16,1.4940048476568855e-16,0.0,1.5503119743366096e-15,6.735962727225924e-14,converged
2025-01-16T03:30:00+08:00,19.5,-5.805555555555556,0.0,3.0,51.53333333333333,51.53333333333333,44.266666666666666,44.266666666666666,35.0,55.00000000000001,85.0,38.455547880651594,10.525326913365623,13.24078597503484,14.68943499225113,78.06878647681188,1.0972872647453964,51.53333333333333,51.53333333333333,51.52650007719479,42.513744643317374,42.930811640939204,42.801317928615475,42.76719530179985,0.40117597222222223,0.3905191143577169,23.296332293931272,23.740897799504285,22.649846574927466,22.980622622638162,23.010974951369047,23.356749514796093,23.122311467795043,22.818994213352592,22.637191714293017,23.32887682986377,23.094402751596398,22.791007638333532,1.0,0.0,0.5833333333333334,0.0,0.0,22.649846574927466,23.010974951369047,23.32887682986377,16.911588729274158,21.448877773228464,25.256247105195495,1.7783882639574394e-16,5.962080602297892e-16,0.0,6.615851614623473e-16,4.1719474492330134e-14,converged
2025-01-16T03:35:00+08:00,19.583333333333332,-5.833333333333333,0.0,3.0,51.666666666666664,51.666666666666664,44.333333333333336,44.333333333333336,35.0,55.00000000000001,85.0,38.513462862399564,10.541178309319486,13.260726917768329,14.71155763531175,78.30411049251555,1.102252357977606,51.53333333333333,51.53333333333333,51.53333333333333,42.523266055116224,42.93993159977044,42.81524843216367,42.77826269375189,0.4016318333333333,0.3907298097650046,23.29159380122111,23.735271713403147,22.64373121523531,22.97729069470379,23.00537158705115,23.35013736949582,23.116868778157976,22.81484470093264,22.63104342162,23.322267304220833,23.088961872995007,22.786859121594652,1.0,0.0,0.5833333333333334,0.0,0.0,22.64373121523531,23.00537158705115,23.322267304220833,16.886157768779007,21.41662382168977,25.21826778624031,1.1820291661873165e-16,2.979432818216509e-16,0.0,1.7447939793595003e-15,4.658177577082167e-14,converged
2025-01-16T03:40:00+08:00,19.666666666666668,-5.861111111111111,0.0,3.0,51.666666666666664,51.666666666666664,44.333333333333336,44.333333333333336,35.0,55.00000000000001,85.0,38.513462862399564,10.541178309319486,13.260726917768329,14.71155763531175,78.30411049251555,1.102252357977606,51.53333333333333,51.53333333333333,51.53333333333333,42.52163228625312,42.93829195532284,42.81354214247322,42.776599199988254,0.4020876944444444,0.39080404978299743,23.286826485677413,23.729620588924554,22.637571509707982,22.973930802510097,22.999730445884094,23.3434932336951,23.11139150726475,22.810657840873986,22.624846174450244,23.315625754146463,23.083486387822614,22.782673240128368,1.0,0.0,0.5,0.0,0.0,22.637571509707982,22.999730445884094,23.315625754146463,16.886157768779007,21.41662382168977,25.21826778624031,1.1820291661873165e-16,4.468300234794534e-16,0.0,1.7444674965837089e-15,2.2843987732133506e-14,converged
2025-01-16T03:45:00+08:00,19.75,-5.888888888888889,0.0,3.0,51.666666666666664,51.666666666666664,44.333333333333336,44.333333333333336,35.0,55.00000000000001,85.0,38.513462862399564,10.541178309319486,13.260726917768329,14.71155763531175,78.30411049251555,1.102252357977606,51.53333333333333,51.53333333333333,51.53333333333333,42.519987786900536,42.93664160388356,42.811824126036825,42.77492460327093,0.40254355555555554,0.3908787853144087,23.28203042508323,23.72394449008683,22.631367679279766,22.970543010754756,22.994051678133214,23.336817227958182,23.105879778938803,22.80643376054835,22.618600244673768,23.308952300216724,23.077976419874126,22.778450121242113,1.0,0.0,0.5,0.0,0.0,22.631367679279766,22.994051678133214,23.308952300216724,16.886157768779007,21.41662382168977,25.21826778624031,1.1820291661873165e-16,2.9782972676118645e-16,0.0,2.2598173622560024e-15,5.014427538255056e-14,converged
2025-01-16T03:50:00+08:00,19.833333333333332,-5.916666666666667,0.0,3.0,51.666666666666664,51.666666666666664,44.333333333333336,44.333333333333336,35.0,55.00000000000001,85.0,38.513462862399564,10.541178309319486,13.260726917768329,14.71155763531175,78.30411049251555,1.102252357977606,51.616369126165885,51.53333333333333,51.53333333333333,42.57510599409973,42.93498058487619,42.8100944325945,42.78877789005152,0.40299941666666667,0.39127480958937977,23.277305447733127,23.718337985612177,22.625310175651865,22.96721289487991,22.988335433466144,23.33010947239494,23.100333716560208,22.802172586893064,22.612305902670524,23.302247062553693,23.072432092501607,22.774189891809563,1.0,0.0,0.5,0.0,0.0,22.625310175651865,22.988335433466144,23.302247062553693,16.886157768779007,21.41662382168977,25.21826778624031,1.1820291661873165e-16,2.97528281846475e-16,0.0,9.572153120792838e-16,3.732576035728839e-14,converged
2025-01-16T03:55:00+08:00,19.916666666666668,-5.944444444444444,0.0,3.0,51.666666666666664,51.666666666666664,44.333333333333336,44.333333333333336,35.0,55.00000000000001,85.0,38.513462862399564,10.541178309319486,13.260726917768329,14.71155763531175,78.30411049251555,1.102252357977606,51.666666666666664,51.628890031421605,51.53333333333333,42.607883587369734,43.000038960379165,42.80835311166472,42.81948450990218,0.40345527777777773,0.3919871499805504,23.272611951815307,23.71276356420142,22.619322980283183,22.963906547389396,22.98275542821317,23.323534531156625,23.094909675901018,22.798023248691475,22.605963417318794,23.295510160827178,23.06685352861587,22.769892678272118,1.0,0.0,0.5,0.0,0.0,22.619322980283183,22.98275542821317,23.295510160827178,16.886157768779007,21.41662382168977,25.21826778624031,1.1820291661873165e-16,5.939751945068153e-16,0.0,1.088378930166169e-15,3.913528023712304e-14,converged
2025-01-16T04:00:00+08:00,20.0,-5.972222222222222,0.0,3.0,51.666666666666664,51.666666666666664,44.333333333333336,44.333333333333336,35.0,55.00000000000001,85.0,38.513462862399564,10.541178309319486,13.260726917768329,14.71155763531175,78.30411049251555,1.102252357977606,51.666666666666664,51.666666666666664,51.660846192366925,42.60627333906898,43.02479524098249,42.895258479055826,42.8607642486001,0.40391113888888885,0.39289915476959436,23.267889511632855,23.70716397231652,22.61329080055504,22.960572176457042,22.977206033289036,23.31699234676498,23.08951264038188,22.79389528817267,22.599899818316942,23.28896059054431,23.061448801904636,22.765756671570426,1.0,0.0,0.5,0.0,0.0,22.61329080055504,22.977206033289036,23.28896059054431,16.886157768779007,21.41662382168977,25.21826778624031,1.1820291661873165e-16,7.407455603665246e-16,0.0,2.9563038875874113e-15,3.2456650716766035e-14,converged
2025-01-16T04:05:00+08:00,20.083333333333332,-6.0,0.0,3.0,51.8,51.8,44.4,44.4,35.0,55.00000000000001,85.0,38.571377844147534,10.55702970527335,13.280667860501813,14.733680278372367,78.53978864518791,1.1072324062986225,51.666666666666664,51.666666666666664,51.666666666666664,42.61583951875323,43.03396040556253,42.90853715037883,42.87161046854205,0.404367,0.39310457127514015,23.263147330442184,23.70154778621807,22.607231656709686,22.95721775443894,22.971631860551703,23.310430279725406,23.08409270825307,22.789741307874404,22.593820785600617,23.28240124453024,23.05603078786697,22.761603804825132,1.0,0.0,0.5,0.0,0.0,22.607231656709686,22.971631860551703,23.28240124453024,16.860803177534592,21.384466728864414,25.18040251929401,5.892410969721817e-17,2.9614339372679e-16,0.0,2.5138136551958555e-15,3.970174267866592e-14,converged
2025-01-16T04:10:00+08:00,20.166666666666668,-6.0,0.41666666666666075,3.0,51.8,51.8,44.4,44.4,35.0,55.00000000000001,85.0,38.571377844147534,10.55702970527335,13.280667860501813,14.733680278372367,78.53978864518791,1.1072324062986225,51.666666666666664,51.666666666666664,51.666666666666664,42.61422515151662,43.03234143111435,42.9068561256448,42.869969052826484,0.404193175,0.393177936129965,23.258438753519027,23.695972243465448,22.601223900690908,22.953886552360835,22.96610065468416,23.3039192125082,23.07871339718539,22.7856169458783,22.58779629483296,23.27589286438473,23.05065336942166,22.757480539002373,1.0,0.0,0.5,0.0,0.0,22.601223900690908,22.96610065468416,23.27589286438473,16.860803177534592,21.384466728864414,25.18040251929401,5.892410969721817e-17,5.921762699748936e-16,0.0,1.178062352252454e-15,3.850612341212464e-14,converged
2025-01-16T04:15:00+08:00,20.25,-6.0,0.8333333333333393,3.0,51.8,51.8,44.4,44.4,35.0,55.00000000000001,85.0,38.571377844147534,10.55702970527335,13.280667860501813,14.733680278372367,78.53978864518791,1.1072324062986225,51.666666666666664,51.666666666666664,51.666666666666664,42.61262329393268,43.030734715230075,42.90518845975341,42.868340384687876,0.40401935,0.3932507312180187,23.25376369016607,23.69043724012906,22.5952672764493,22.950578516495046,22.96061224475692,23.297458952885492,23.07337456171215,22.781522101161364,22.58182604305585,23.26943525819238,23.045316401332865,22.753386773235423,1.0,0.0,0.5,0.0,0.0,22.5952672764493,22.96061224475692,23.26943525819238,16.860803177534592,21.384466728864414,25.18040251929401,5.892410969721817e-17,2.960333257775788e-16,0.0,2.052689805092302e-15,2.849195828062463e-14,converged
2025-01-16T04:20:00+08:00,20.333333333333332,-6.0,1.25,3.0,51.8,51.8,44.4,44.4,35.0,55.00000000000001,85.0,38.571377844147534,10.55702970527335,13.280667860501813,14.733680278372367,78.53978864518791,1.1072324062986225,51.75037858193241,51.666666666666664,51.666666666666664,42.66830236431604,43.029140212390395,42.903534095899325,42.88239885756597,0.40384552500000004,0.393646451258177,23.249222639087414,23.685037971789697,22.58955335890412,22.94737982296309,22.955166460520484,23.291049309353944,23.06807605688759,22.777456673045187,22.575909728993985,23.26302823476047,23.040019738884343,22.749322407001266,1.0,0.0,0.5,0.0,0.0,22.58955335890412,22.955166460520484,23.26302823476047,16.860803177534592,21.384466728864414,25.18040251929401,5.892410969721817e-17,1.4786786652699003e-15,0.0,5.68174844160874e-16,7.235273752661365e-14,converged
2025-01-16T04:25:00+08:00,20.416666666666668,-6.0,1.6666666666666607,3.0,51.8,51.8,44.4,44.4,35.0,55.00000000000001,85.0,38.571377844147534,10.55702970527335,13.280667860501813,14.733680278372367,78.53978864518791,1.1072324062986225,51.8,51.76308088723028,51.666666666666664,42.70072608892568,43.09492319874408,42.901892977530125,42.91329639272686,0.4036717,0.3943562552499838,23.24477419454731,23.679735209808303,22.58400253511245,22.944255043750157,22.949938299400873,23.28485605139664,23.06297541129508,22.77357073523757,22.570047053045506,23.25667160361622,23.034763237877588,22.74528734011943,1.0,0.0,0.5,0.0,0.0,22.58400253511245,22.949938299400873,23.25667160361622,16.860803177534592,21.384466728864414,25.18040251929401,5.892410969721817e-17,8.856103100467271e-16,0.0,1.2192973070625845e-15,4.377026283358897e-14,converged
2025-01-16T04:30:00+08:00,20.5,-6.0,2.0833333333333393,3.0,51.8,51.8,44.4,44.4,35.0,55.00000000000001,85.0,38.571377844147534,10.55702970527335,13.280667860501813,14.733680278372367,78.53978864518791,1.1072324062986225,51.8,51.8,51.795189266152164,42.69922761299633,43.119206792243325,42.98967442959405,42.95477862186502,0.403497875,0.3952646236371232,23.240358561484815,23.674472289712156,22.5785005663481,22.941152953116035,22.94481867036006,23.278775833069183,23.057974511602726,22.76977090824276,22.564567144615104,23.25058583793975,23.02975640346672,22.741481154724614,1.0,0.0,0.5,0.0,0.0,22.5785005663481,22.94481867036006,23.25058583793975,16.860803177534592,21.384466728864414,25.18040251929401,5.892410969721817e-17,2.9452502163161234e-16,0.0,2.2281048768158458e-15,5.6485366932464585e-14,converged
2025-01-16T04:35:00+08:00,20.583333333333332,-6.0,2.5,3.0,51.8,51.8,44.4,44.4,35.0,55.00000000000001,85.0,38.571377844147534,10.55702970527335,13.280667860501813,14.733680278372367,78.53978864518791,1.1072324062986225,51.8,51.8,51.8,42.697741200294296,43.11771592718162,42.99148114056673,42.954548599360564,0.40332405,0.39535703948371603,23.235975651342343,23.669249109621095,22.57304720918181,22.938073498562535,22.939740199937226,23.272744798386128,23.05301273238884,22.765999491593448,22.559150746741572,23.24455749890495,23.024796526920206,22.737710850471196,1.0,0.0,0.5,0.0,0.0,22.57304720918181,22.939740199937226,23.24455749890495,16.860803177534592,21.384466728864414,25.18040251929401,5.892410969721817e-17,7.361404388989622e-16,0.0,0.0,3.985625988328415e-14,converged
2025-01-16T04:40:00+08:00,20.666666666666668,-6.0,2.9166666666666607,3.0,51.8,51.8,44.4,44.4,35.0,55.00000000000001,85.0,38.571377844147534,10.55702970527335,13.280667860501813,14.733680278372367,78.53978864518791,1.1072324062986225,51.8,51.8,51.8,42.69626680551222,43.11623684615849,42.98995529410776,42.95305293728098,0.403150225,0.3954238897217732,23.231625375801325,23.66406556791548,22.56764222139724,22.935016627712947,22.934702724396416,23.266762761965115,23.048089933560423,22.76225638838678,22.55378521015238,23.238578126196327,23.019875606921495,22.733968843538207,1.0,0.0,0.5,0.0,0.0,22.56764222139724,22.935016627712947,23.238578126196327,16.860803177534592,21.384466728864414,25.18040251929401,5.892410969721817e-17,2.9440639489143296e-16,0.0,1.1776255795657318e-15,4.6626549075122185e-14,converged
2025-01-16T04:45:00+08:00,20.75,-6.0,3.3333333333333393,3.0,51.8,51.8,44.4,44.4,35.0,55.00000000000001,85.0,38.571377844147534,10.55702970527335,13.280667860501813,14.733680278372367,78.53978864518791,1.1072324062986225,51.8,51.8,51.8,42.69480438353083,43.114769505418025,42.98844214322316,42.951569444031406,0.4029764,0.39549019606078023,23.22730764678156,23.658921563235513,22.562285361984948,22.931982288311755,22.929706080653045,23.260829539122525,23.043205975526156,22.758541502050424,22.54847025233399,23.232647535427894,23.014993504098634,22.730255037501017,1.0,0.0,0.5,0.0,0.0,22.562285361984948,22.931982288311755,23.232647535427894,16.860803177534592,21.384466728864414,25.18040251929401,5.892410969721817e-17,1.03024962553472e-15,0.0,2.943570358670628e-16,2.9994797840347567e-14,converged
2025-01-16T04:50:00+08:00,20.833333333333332,-6.0,3.75,3.0,51.8,51.8,44.4,44.4,35.0,55.00000000000001,85.0,38.571377844147534,10.55702970527335,13.280667860501813,14.733680278372367,78.53978864518791,1.1072324062986225,51.8,51.8,51.8,42.69335388941816,43.113313861367274,42.98694163407926,42.95009807174063,0.402802575,0.39555596064039417,23.223022376440582,23.653816994480593,22.556976391136363,22.92897042822435,22.924750106271308,23.254944945870847,23.038360719194603,22.75485473634143,22.5432055923421,23.226765542907987,23.01015007957829,22.726569336263566,1.0,0.0,0.5,0.0,0.0,22.556976391136363,22.92897042822435,23.226765542907987,16.860803177534592,21.384466728864414,25.18040251929401,5.892410969721817e-17,8.829242894365309e-16,0.0,0.0,3.5019949307664154e-14,converged
2025-01-16T04:55:00+08:00,20.916666666666668,-6.0,4.166666666666661,3.0,51.8,51.8,44.4,44.4,35.0,55.00000000000001,85.0,38.571377844147534,10.55702970527335,13.280667860501813,14.733680278372367,78.53978864518791,1.1072324062986225,51.8,51.8,51.8,42.69191527842866,43.11186987057566,42.98545371308136,42.94863877273562,0.40262875,0.3956211855914128,23.218769477172998,23.648751760808643,22.551715070237808,22.92598099543676,22.919834639461598,23.249108798916048,23.033554025972432,22.751195995345125,22.537990950792956,23.220931965636645,23.00534519498396,22.722911644057252,1.0,0.0,0.5,0.0,0.0,22.551715070237808,22.92598099543676,23.220931965636645,16.860803177534592,21.384466728864414,25.18040251929401,5.892410969721817e-17,7.35648936828964e-16,0.0,0.0,3.233239629894879e-14,converged
2025-01-16T05:00:00+08:00,21.0,-6.0,4.583333333333339,3.0,51.8,51.8,44.4,44.4,35.0,55.00000000000001,85.0,38.571377844147534,10.55702970527335,13.280667860501813,14.733680278372367,78.53978864518791,1.1072324062986225,51.8,51.8,51.8,42.69048850600238,43.11043748977436,42.98397832687265,42.9471914995407,0.40245492499999996,0.39568587303581226,23.21454886160987,23.64372576163545,22.546501161864537,22.923013938055362,22.91495951907793,23.243320915654973,23.028785757762613,22.74756518347398,22.532826049854656,23.215146621303,23.000578712434212,22.719281865439807,1.0,0.0,0.5,0.0,0.0,22.546501161864537,22.923013938055362,23.215146621303,16.860803177534592,21.384466728864414,25.18040251929401,5.892410969721817e-17,7.355286716061154e-16,0.0,0.0,3.613727498424866e-14,converged
2025-01-16T05:05:00+08:00,21.083333333333332,-6.0,5.0,3.0,51.8,51.8,44.4,44.4,35.0,55.00000000000001,85.0,38.571377844147534,10.55702970527335,13.280667860501813,14.733680278372367,78.53978864518791,1.1072324062986225,51.8,51.8,51.8,42.68907352776414,43.109016675855706,42.98251542233308,42.94575620487671,0.4022811,0.3957500250867864,23.210360442618065,23.638738896634006,22.54133442977482,22.92006920430661,22.91012458461539,23.23758111417273,23.024055776962655,22.743962205466506,22.52771061323854,23.209409328282693,22.995850494540896,22.715679905294188,1.0,0.0,0.4166666666666667,0.0,0.0,22.54133442977482,22.92006920430661,23.210360442618065,16.860803177534592,21.384466728864414,25.18040251929401,5.892410969721817e-17,5.883275524816727e-16,0.0,1.4708188812041817e-16,3.101674349152236e-14,converged
2025-01-16T05:10:00+08:00,21.166666666666668,-6.0,5.416666666666661,3.0,51.8,51.8,44.4,44.4,35.0,55.00000000000001,85.0,38.571377844147534,10.55702970527335,13.280667860501813,14.733680278372367,78.53978864518791,1.1072324062986225,51.8,51.8,51.8,42.68767029952269,43.107607385872555,42.98106494657828,42.94433284166013,0.40210727500000004,0.39581364384878415,23.206204133299615,23.63379106573385,22.536214638904053,22.917146742536758,22.905329676207575,23.231889213240095,23.01936394646283,22.740386966386126,22.52264436619062,23.203719905635282,22.99116040440739,22.712105668827466,1.0,0.0,0.4166666666666667,0.0,0.0,22.536214638904053,22.917146742536758,23.206204133299615,16.860803177534592,21.384466728864414,25.18040251929401,5.892410969721817e-17,0.0,0.0,7.352912389208209e-16,4.483840252561977e-14,converged
2025-01-16T05:15:00+08:00,21.25,-6.0,5.833333333333339,3.0,51.8,51.8,44.4,44.4,35.0,55.00000000000001,85.0,38.571377844147534,10.55702970527335,13.280667860501813,14.733680278372367,78.53978864518791,1.1072324062986225,51.8,51.8,51.8,42.68627877726992,43.10620957703775,42.97962684695843,42.94292136300222,0.40193345,0.39587673141754764,23.202079846991094,23.628882169120413,22.531141555358868,22.914246501211572,22.90057463462406,23.22624503231093,23.014710129644406,22.73683937162008,22.51762703548305,23.198078173101667,22.986508305626824,22.708559061569726,1.0,0.0,0.4166666666666667,0.0,0.0,22.531141555358868,22.914246501211572,23.202079846991094,16.860803177534592,21.384466728864414,25.18040251929401,5.892410969721817e-17,8.822088740356912e-16,0.0,0.0,3.980041373919038e-14,converged
2025-01-16T05:20:00+08:00,21.333333333333332,-6.0,6.25,3.0,51.8,51.8,44.4,44.4,35.0,55.00000000000001,85.0,38.571377844147534,10.55702970527335,13.280667860501813,14.733680278372367,78.53978864518791,1.1072324062986225,51.8,51.8,51.8,42.684898917180014,43.10482320672345,42.97820107105723,42.94152172220823,0.401759625,0.3959392898801504,23.19798749726298,23.624012107234364,22.52611494641133,22.911368428916063,22.89585930126787,23.220648391519614,23.010094190377902,22.733319326878313,22.512658349405655,23.19248395110153,22.981894062280357,22.705039989372967,1.0,0.0,0.4166666666666667,0.0,0.0,22.52611494641133,22.911368428916063,23.19798749726298,16.860803177534592,21.384466728864414,25.18040251929401,5.892410969721817e-17,1.1760926465486502e-15,0.0,4.410347424557436e-16,3.835505924491168e-14,converged
2025-01-16T05:25:00+08:00,21.416666666666668,-6.0,6.666666666666661,3.0,51.8,51.8,44.4,44.4,35.0,55.00000000000001,85.0,38.571377844147534,10.55702970527335,13.280667860501813,14.733680278372367,78.53978864518791,1.1072324062986225,51.8,51.8,51.8,42.68353067560866,43.1034482324606,42.97678756669076,42.9401338727765,0.4015858,0.3960013213150345,23.193926997919018,23.619180780770954,22.521134580493104,22.908512474354215,22.891183518172944,23.21509911167847,23.005515993021316,22.729826738192383,22.507738037757502,23.18693706073077,22.977317538935406,22.701548358409998,1.0,0.0,0.4166666666666667,0.0,0.0,22.521134580493104,22.908512474354215,23.193926997919018,16.860803177534592,21.384466728864414,25.18040251929401,5.892410969721817e-17,7.349427613040834e-16,0.0,0.0,2.784503664572758e-14,converged
2025-01-16T05:30:00+08:00,21.5,-6.0,7.083333333333339,3.0,51.8,51.8,44.4,44.4,35.0,55.00000000000001,85.0,38.571377844147534,10.55702970527335,13.280667860501813,14.733680278372367,78.53978864518791,1.1072324062986225,51.8,51.8,51.8,42.6821740090922,43.10208461193827,42.97538628190643,42.93875776839763,0.401411975,0.39606282779204843,23.189898262995598,23.614388090679366,22.516200227189696,22.905678586348696,22.886547128001652,23.209597014275214,23.000975402418387,22.726361511914355,22.50286583183851,23.181437323758963,22.972778600643917,22.698084075173348,1.0,0.0,0.4166666666666667,0.0,0.0,22.516200227189696,22.905678586348696,23.189898262995598,16.860803177534592,21.384466728864414,25.18040251929401,5.892410969721817e-17,5.878629028425678e-16,0.0,1.4696572571064195e-16,3.995949911427179e-14,converged
2025-01-16T05:35:00+08:00,21.583333333333332,-6.0,7.5,3.0,51.8,51.8,44.4,44.4,35.0,55.00000000000001,85.0,38.571377844147534,10.55702970527335,13.280667860501813,14.733680278372367,78.53978864518791,1.1072324062986225,51.8,51.8,51.8,42.68082887434688,43.100732303003156,42.97399716498188,42.93739336295367,0.40123815,0.396123811372484,23.185901206761123,23.609633938162073,22.51131165723469,22.9028667138406,22.881949974042268,23.20414192147041,22.996472283896868,22.72292355471571,22.498041464441112,23.175984562626827,22.968277112940626,22.694647046474184,1.0,0.0,0.3333333333333333,0.0,0.0,22.51131165723469,22.9028667138406,23.185901206761123,16.860803177534592,21.384466728864414,25.18040251929401,5.892410969721817e-17,4.4082930065569925e-16,0.0,2.938862004371328e-16,4.100510268726929e-14,converged
2025-01-16T05:40:00+08:00,21.666666666666668,-6.0,7.916666666666661,3.0,51.8,51.8,44.4,44.4,35.0,55.00000000000001,85.0,38.571377844147534,10.55702970527335,13.280667860501813,14.733680278372367,78.53978864518791,1.1072324062986225,51.8,51.8,51.8,42.679495228267996,43.09939126365889,42.97262016442396,42.936040610517274,0.401064325,0.3961842741091136,23.18193574371539,23.604918224674183,22.50646864250403,22.90007680588915,22.877391900206494,23.198733656094927,22.992006503266772,22.719512773586256,22.493264669841977,23.170578600443687,22.963812941841343,22.691237179441213,1.0,0.0,0.3333333333333333,0.0,0.0,22.50646864250403,22.90007680588915,23.18193574371539,16.860803177534592,21.384466728864414,25.18040251929401,5.892410969721817e-17,7.346033742045546e-16,0.0,1.4692067484091092e-16,5.010700882442518e-14,converged
2025-01-16T05:45:00+08:00,21.75,-6.0,8.33333333333334,3.0,51.8,51.8,44.4,44.4,35.0,55.00000000000001,85.0,38.571377844147534,10.55702970527335,13.280667860501813,14.733680278372367,78.53978864518791,1.1072324062986225,51.8,51.8,51.8,42.67817302792912,43.098061452065515,42.97125522896761,42.934699465350874,0.4008905,0.39624421804622756,23.178001788588947,23.600240851922788,22.501670956010337,22.897308811671454,22.872872751026982,23.19337204164742,22.98757792681866,22.71612907583305,22.488535183793754,23.165219260984962,22.959385953841217,22.687854381519607,1.0,0.0,0.3333333333333333,0.0,0.0,22.501670956010337,22.897308811671454,23.178001788588947,16.860803177534592,21.384466728864414,25.18040251929401,5.892410969721817e-17,1.0282891404783514e-15,0.0,2.937968972795289e-16,3.557827161091349e-14,converged
2025-01-16T05:50:00+08:00,21.833333333333332,-6.0,8.75,3.0,51.8,51.8,44.4,44.4,35.0,55.00000000000001,85.0,38.571377844147534,10.55702970527335,13.280667860501813,14.733680278372367,78.53978864518791,1.1072324062986225,51.8,51.8,51.8,42.67686223058131,43.0967428265389,42.96990230757483,42.93336988190587,0.40071667499999997,0.39630364521967026,23.174099256342494,23.59560172186633,22.496918371897234,22.89456268048221,22.868392371654856,23.18805690229182,22.983186421321914,22.712772369079296,22.483852743516877,23.159906368689658,22.95499601591303,22.684498560469926,1.0,0.0,0.3333333333333333,0.0,0.0,22.496918371897234,22.89456268048221,23.174099256342494,16.860803177534592,21.384466728864414,25.18040251929401,5.892410969721817e-17,8.812585240976478e-16,0.0,1.4687642068294128e-16,4.852592061884841e-14,converged
2025-01-16T05:55:00+08:00,21.916666666666668,-6.0,9.16666666666666,3.0,51.8,51.8,44.4,44.4,35.0,55.00000000000001,85.0,38.571377844147534,10.55702970527335,13.280667860501813,14.733680278372367,78.53978864518791,1.1072324062986225,51.8,51.8,51.8,42.67556279365229,43.095435345550136,42.968561349433635,42.93205181482177,0.40054284999999995,0.3963625576568772,23.17022806216624,23.59100073671396,22.492210665433717,22.89183836173344,22.863950607857255,23.182788062854797,22.978831854023024,22.70944256126329,22.479217087691413,23.154639748657868,22.950642995505483,22.68116962436704,1.0,0.0,0.3333333333333333,0.0,0.0,22.492210665433717,22.89183836173344,23.17022806216624,16.860803177534592,21.384466728864414,25.18040251929401,5.892410969721817e-17,1.909109670571193e-15,0.0,1.0279821303075642e-15,3.095654795769096e-14,converged
2025-01-16T06:00:00+08:00,22.0,-6.0,9.58333333333334,3.0,51.8,51.8,44.4,44.4,35.0,55.00000000000001,85.0,38.571377844147534,10.55702970527335,13.280667860501813,14.733680278372367,78.53978864518791,1.1072324062986225,51.8,51.8,51.8,42.67427467474571,43.09413896772497,42.96723230395698,42.930745218925445,0.40036902500000005,0.3964209573769114,23.16638812147931,23.58643779892488,22.487547613008548,22.889135804954226,22.859547306014885,23.1775653488233,22.97451409264388,22.706139560637336,22.47462795644896,23.149419226648277,22.946326760541503,22.67786748159906,1.0,0.0,0.3333333333333333,0.0,0.0,22.487547613008548,22.889135804954226,23.16638812147931,16.860803177534592,21.384466728864414,25.18040251929401,5.892410969721817e-17,1.4683295580189113e-15,0.0,7.341647790094552e-16,3.126910643488555e-14,converged
2025-01-16T06:05:00+08:00,22.083333333333332,-6.0,10.0,3.0,51.8,51.8,44.4,44.4,35.0,55.00000000000001,85.0,38.571377844147534,10.55702970527335,13.280667860501813,14.733680278372367,78.53978864518791,1.1072324062986225,51.8,51.8,51.8,42.67299783164031,43.09285365184322,42.96591512078176,42.92945004923025,0.40019520000000003,0.3964788463904995,23.162579349929096,23.581912811207722,22.48292899212467,22.886454959790424,22.85518231311957,23.172388586342045,22.970233005380067,22.702863275766667,22.470085091364563,23.144244629075697,22.94204717941653,22.674592040866262,1.0,0.0,0.3333333333333333,0.0,0.0,22.48292899212467,22.886454959790424,23.162579349929096,16.860803177534592,21.384466728864414,25.18040251929401,5.892410969721817e-17,8.808691022492168e-16,0.0,1.4681151704153612e-16,4.022255365477364e-14,converged
2025-01-16T06:10:00+08:00,22.166666666666668,-6.0,10.41666666666666,3.0,51.8,51.8,44.4,44.4,35.0,55.00000000000001,85.0,38.571377844147534,10.55702970527335,13.280667860501813,14.733680278372367,78.53978864518791,1.1072324062986225,51.8,51.8,51.8,42.67173222228917,43.091579356838196,42.96460974976771,42.928166260935235,0.400021375,0.39653622670006805,23.158801663390662,23.577425676519905,22.47835458139366,22.883795776004405,22.850855476771834,23.167257602211034,22.96598846089917,22.699613615528385,22.465588235448728,23.13911578300858,22.93780412099684,22.671343211180044,1.0,0.0,0.3333333333333333,0.0,0.0,22.47835458139366,22.883795776004405,23.158801663390662,16.860803177534592,21.384466728864414,25.18040251929401,5.892410969721817e-17,2.935805457063296e-16,0.0,5.871610914126592e-16,3.340775026072476e-14,converged
2025-01-16T06:15:00+08:00,22.25,-6.0,10.83333333333334,3.0,51.8,51.8,44.4,44.4,35.0,55.00000000000001,85.0,38.571377844147534,10.55702970527335,13.280667860501813,14.733680278372367,78.53978864518791,1.1072324062986225,51.8,51.8,51.8,42.67047780481894,43.09031604179612,42.96331614099642,42.92689380942435,0.39984755,0.39659310029977946,23.155054977966124,23.572976298066987,22.473824160530206,22.881158203474786,22.846566645178466,23.162172223883104,22.961780328339085,22.6963904891104,22.461137133139424,23.134032516166567,22.93359745461786,22.66812090186184,1.0,0.0,0.3333333333333333,0.0,0.0,22.473824160530206,22.881158203474786,23.155054977966124,16.860803177534592,21.384466728864414,25.18040251929401,5.892410969721817e-17,1.3209230009932627e-15,0.0,4.4030766699775403e-16,4.547863690753148e-14,converged
2025-01-16T06:20:00+08:00,22.333333333333332,-6.0,11.25,3.0,51.8,51.8,44.4,44.4,35.0,55.00000000000001,85.0,38.571377844147534,10.55702970527335,13.280667860501813,14.733680278372367,78.53978864518791,1.1072324062986225,51.8,51.8,51.8,42.66923453752903,43.08906366595562,42.9620342447703,42.925632650265676,0.399673725,0.39664946917556776,23.151339209984037,23.568564579302052,22.46933751034661,22.878542192196154,22.842315667150118,23.157132279461447,22.957608477306334,22.693193806010367,22.456731530294164,23.128994656918024,22.92942705008248,22.664925022542082,1.0,0.0,0.3333333333333333,0.0,0.0,22.46933751034661,22.878542192196154,23.151339209984037,16.860803177534592,21.384466728864414,25.18040251929401,5.892410969721817e-17,4.4024509374323503e-16,0.0,4.4024509374323503e-16,3.54747636667781e-14,converged
2025-01-16T06:25:00+08:00,22.416666666666668,-6.0,11.66666666666666,3.0,51.8,51.8,44.4,44.4,35.0,55.00000000000001,85.0,38.571377844147534,10.55702970527335,13.280667860501813,14.733680278372367,78.53978864518791,1.1072324062986225,51.8,51.8,51.8,42.66800237889088,43.08782218870705,42.960764011611545,42.924382739210536,0.3994999,0.3967053353051742,23.147654275998786,23.564190423925055,22.46489441274731,22.875947692278803,22.838102392098897,23.152137597697166,22.953472777874385,22.690023476034625,22.452371174182115,23.12400203427762,22.925292777659394,22.661755483159137,1.0,0.0,0.3333333333333333,0.0,0.0,22.46489441274731,22.875947692278803,23.147654275998786,16.860803177534592,21.384466728864414,25.18040251929401,5.892410969721817e-17,1.0270938909375375e-15,0.0,1.4672769870536247e-16,3.3964821026087085e-14,converged
2025-01-16T06:30:00+08:00,22.5,-6.0,12.08333333333334,3.0,51.8,51.8,44.4,44.4,35.0,55.00000000000001,85.0,38.571377844147534,10.55702970527335,13.280667860501813,14.733680278372367,78.53978864518791,1.1072324062986225,51.8,51.8,51.8,42.66678128754718,43.08659156959202,42.95950539226113,42.9231440321928,0.399326075,0.396760700658183,23.144000092789966,23.559853735882207,22.46049465072345,22.873374653948467,22.83392667003597,23.147188007986834,22.949373100581987,22.686879409297152,22.448055813476262,23.119054477903873,22.921194508081417,22.65861219395827,1.0,0.0,0.3333333333333333,0.0,0.0,22.46049465072345,22.873374653948467,23.144000092789966,16.860803177534592,21.384466728864414,25.18040251929401,5.892410969721817e-17,1.3203650143579364e-15,0.0,4.401216714526453e-16,3.3265459464292186e-14,converged
2025-01-16T06:35:00+08:00,22.583333333333332,-6.0,12.5,3.0,51.8,51.8,44.4,44.4,35.0,55.00000000000001,85.0,38.571377844147534,10.55702970527335,13.280667860501813,14.733680278372367,78.53978864518791,1.1072324062986225,51.8,51.8,51.8,42.66557122231111,43.08537176830276,42.95825833767776,42.92191648532805,0.39915225,0.3968155671960561,23.140376577361792,23.55555441936534,22.456138008347466,22.87082302754605,22.829788351569196,23.142283340370064,22.945309316431487,22.683761516218514,22.44378519824561,23.114151818096733,22.917132112543836,22.65549506549058,1.0,0.0,0.3333333333333333,0.0,0.0,22.456138008347466,22.87082302754605,23.140376577361792,16.860803177534592,21.384466728864414,25.18040251929401,5.892410969721817e-17,1.026808573245716e-15,0.0,1.4668693903510225e-16,2.9286203650201476e-14,converged
2025-01-16T06:40:00+08:00,22.666666666666668,-6.0,12.91666666666666,3.0,51.8,51.8,44.4,44.4,35.0,55.00000000000001,85.0,38.571377844147534,10.55702970527335,13.280667860501813,14.733680278372367,78.53978864518791,1.1072324062986225,51.8,51.8,51.8,42.664372142165554,43.08416274468163,42.957022799036935,42.92070005491277,0.39897842499999997,0.39686993687216887,23.136783646942476,23.551292378811272,22.451824270767688,22.868292763527354,22.82568728790073,23.13742342552708,22.941281296887194,22.68066970752481,22.439559079947426,23.109293885795168,22.91310546270276,22.652404008611978,1.0,0.0,0.3333333333333333,0.0,0.0,22.451824270767688,22.868292763527354,23.136783646942476,16.860803177534592,21.384466728864414,25.18040251929401,5.892410969721817e-17,2.9333368696161027e-16,0.0,5.866673739232205e-16,4.2288872164079474e-14,converged
2025-01-16T06:45:00+08:00,22.75,-6.0,13.33333333333334,3.0,51.8,51.8,44.4,44.4,35.0,55.00000000000001,85.0,38.571377844147534,10.55702970527335,13.280667860501813,14.733680278372367,78.53978864518791,1.1072324062986225,51.8,51.8,51.8,42.6631840062624,43.082964458720475,42.95579872772986,42.9194946974236,0.39880459999999995,0.39692381163184487,23.133221218983635,23.547067518901194,22.447553224202984,22.865783812462826,22.821623330824675,23.132608094776298,22.937288913873704,22.67760389424664,22.435377211419528,23.104480512574757,22.909114430673455,22.649338934482127,1.0,0.0,0.3333333333333333,0.0,0.0,22.447553224202984,22.865783812462826,23.132608094776298,16.860803177534592,21.384466728864414,25.18040251929401,5.892410969721817e-17,1.026528553979003e-15,0.0,1.466469362827147e-16,4.256439696382843e-14,converged
2025-01-16T06:50:00+08:00,22.833333333333332,-6.0,13.75,3.0,51.8,51.8,44.4,44.4,35.0,55.00000000000001,85.0,38.571377844147534,10.55702970527335,13.280667860501813,14.733680278372367,78.53978864518791,1.1072324062986225,51.8,51.8,51.8,42.66200677392172,43.08177687056016,42.95458607536252,42.91830036951657,0.39863077500000005,0.39697719341239057,23.12968921115968,23.542879744560036,22.443324655937428,22.863296125037287,22.817596332724722,23.127837180071936,22.93333203977426,22.674563987718066,22.431239346872626,23.099711530645294,22.90515888902872,22.64629975456343,1.0,0.0,0.3333333333333333,0.0,0.0,22.443324655937428,22.863296125037287,23.127837180071936,16.860803177534592,21.384466728864414,25.18040251929401,5.892410969721817e-17,5.865088662965051e-16,0.0,1.4662721657412627e-16,2.5557995777467733e-14,converged
2025-01-16T06:55:00+08:00,22.916666666666668,-6.0,14.16666666666666,3.0,51.8,51.8,44.4,44.4,35.0,55.00000000000001,85.0,38.571377844147534,10.55702970527335,13.280667860501813,14.733680278372367,78.53978864518791,1.1072324062986225,51.8,51.8,51.8,42.660840404631095,43.08059994048993,42.95338479375463,42.91711702802627,0.39845695000000003,0.3970300841431305,23.126187541367212,23.538728960955844,22.439138354314988,22.860829652049663,22.813606146571804,23.1231105140016,22.92941054742911,22.671549899575574,22.42714524188268,23.094986772848397,22.90123871079723,22.643286380619976,1.0,0.0,0.3333333333333333,0.0,0.0,22.439138354314988,22.860829652049663,23.1231105140016,16.860803177534592,21.384466728864414,25.18040251929401,5.892410969721817e-17,7.33038417467672e-16,0.0,0.0,3.9840957168305906e-14,converged
2025-01-16T07:00:00+08:00,23.0,-6.0,14.58333333333334,3.0,51.8,51.8,44.4,44.4,35.0,55.00000000000001,85.0,38.571377844147534,10.55702970527335,13.280667860501813,14.733680278372367,78.53978864518791,1.1072324062986225,51.8,51.8,51.8,42.65968485804483,43.0794336289469,42.95219483493869,42.91594462996512,0.398283125,0.3970824857454411,23.12271612772444,23.534615073499157,22.43499410873425,22.858384344412723,22.80965262592176,23.11842792978391,22.92552431013387,22.66856154175704,22.42309465338333,23.090306072655128,22.897353769461926,22.64029872471653,1.0,0.0,0.3333333333333333,0.0,0.0,22.43499410873425,22.858384344412723,23.11842792978391,16.860803177534592,21.384466728864414,25.18040251929401,5.892410969721817e-17,4.3976500855378525e-16,0.0,2.9317667236919017e-16,3.725301724687596e-14,converged
2025-01-16T07:05:00+08:00,23.083333333333332,-6.0,15.0,3.0,51.8,51.8,44.4,44.4,35.0,55.00000000000001,85.0,38.571377844147534,10.55702970527335,13.280667860501813,14.733680278372367,78.53978864518791,1.1072324062986225,51.8,51.8,51.8,42.65854009398319,43.07827789651549,42.951016151158974,42.91478313252257,0.3981093,0.39713440013278556,23.119274888570562,23.530537987842397,22.430891709643166,22.85596015315282,22.805735624913012,23.11378926126611,22.921673201637894,22.66559882650071,22.419087339658347,23.08566926416363,22.893503938958375,22.6373366992175,1.0,0.0,0.3333333333333333,0.0,0.0,22.430891709643166,22.85596015315282,23.11378926126611,16.860803177534592,21.384466728864414,25.18040251929401,5.892410969721817e-17,1.4656917379608802e-15,0.0,7.328458689804396e-16,4.4435923424432265e-14,converged
2025-01-16T07:10:00+08:00,23.166666666666668,-6.0,15.41666666666666,3.0,51.8,51.8,44.4,44.4,35.0,55.00000000000001,85.0,38.571377844147534,10.55702970527335,13.280667860501813,14.733680278372367,78.53978864518791,1.1072324062986225,51.8,51.8,51.8,42.65740607243171,43.07713270392688,42.94984869487055,42.91363249306441,0.397935475,0.39718582921074785,23.115863742465173,23.526497609879236,22.42683094853381,22.853557029409625,22.80185499826424,23.109194342921715,22.917857096142644,22.662661666344164,22.415123060334135,23.081076182096755,22.889689093673155,22.63440021678591,1.0,0.0,0.3333333333333333,0.0,0.0,22.42683094853381,22.853557029409625,23.109194342921715,16.860803177534592,21.384466728864414,25.18040251929401,5.892410969721817e-17,4.396505864456378e-16,0.0,4.396505864456378e-16,3.7065637149527445e-14,converged
2025-01-16T07:15:00+08:00,23.25,-6.0,15.83333333333334,3.0,51.8,51.8,44.4,44.4,35.0,55.00000000000001,85.0,38.571377844147534,10.55702970527335,13.280667860501813,14.733680278372367,78.53978864518791,1.1072324062986225,51.8,51.8,51.8,42.656282753540445,43.07599801205847,42.94869241873834,42.91249266913187,0.39776165,0.397236774877067,23.112482608187683,23.52249384574399,22.422811617937185,22.851174924435863,22.79801060127208,23.10464300984813,22.914075868300078,22.659749974123304,22.41120157637228,23.07652666179972,22.885909108442245,22.6314891903824,1.0,0.0,0.3333333333333333,0.0,0.0,22.422811617937185,22.851174924435863,23.10464300984813,16.860803177534592,21.384466728864414,25.18040251929401,5.892410969721817e-17,1.0257198028061895e-15,0.0,2.930628008017683e-16,3.5678889729615126e-14,converged
2025-01-16T07:20:00+08:00,23.333333333333332,-6.0,16.25,3.0,51.8,51.8,44.4,44.4,35.0,55.00000000000001,85.0,38.571377844147534,10.55702970527335,13.280667860501813,14.733680278372367,78.53978864518791,1.1072324062986225,51.8,51.8,51.8,42.65517009762322,43.07487378193331,42.94754727563609,42.911363618441015,0.397587825,0.3972872390216707,23.109131404736715,23.518526601811004,22.41883351141806,22.848813789597052,22.79420228980882,23.100135097764312,22.91032939321103,22.656863662971336,22.407322650062127,23.07202053923776,22.88216385854941,22.628603533264194,1.0,0.0,0.3333333333333333,0.0,0.0,22.41883351141806,22.848813789597052,23.100135097764312,16.860803177534592,21.384466728864414,25.18040251929401,5.892410969721817e-17,4.3953836315109314e-16,0.0,4.3953836315109314e-16,4.0240163763178027e-14,converged
2025-01-16T07:25:00+08:00,23.416666666666668,-6.0,16.66666666666666,3.0,51.8,51.8,44.4,44.4,35.0,55.00000000000001,85.0,38.571377844147534,10.55702970527335,13.280667860501813,14.733680278372367,78.53978864518791,1.1072324062986225,51.8,51.8,51.8,42.65406806515692,43.07375997471959,42.94641321864546,42.91024529888187,0.397414,0.3973372235267091,23.105810051329506,23.514595784694023,22.414896423569797,22.84647357637125,22.790429920320115,23.09567044300843,22.90661754642361,22.654002646317753,22.403486045013402,23.06755765099379,22.878453219724605,22.625743158984097,1.0,0.0,0.3333333333333333,0.0,0.0,22.414896423569797,22.84647357637125,23.09567044300843,16.860803177534592,21.384466728864414,25.18040251929401,5.892410969721817e-17,1.4649435659922428e-16,0.0,7.3247178299612145e-16,4.3848246401478664e-14,converged
2025-01-16T07:30:00+08:00,23.5,-6.0,17.08333333333334,3.0,51.8,51.8,44.4,44.4,35.0,55.00000000000001,85.0,38.571377844147534,10.55702970527335,13.280667860501813,14.733680278372367,78.53978864518791,1.1072324062986225,51.8,51.8,51.8,42.65297661678077,43.07265655173004,42.94529020105502,42.90913766851772,0.397240175,0.3973867302665886,23.102518467401328,23.510701301245604,22.411000150009233,22.844154236348782,22.786693349822706,23.091248882535517,22.9029402039316,22.651166837887324,22.399691526148885,23.063137834266097,22.87477706814238,22.622907981389492,1.0,0.0,0.3333333333333333,0.0,0.0,22.411000150009233,22.844154236348782,23.091248882535517,16.860803177534592,21.384466728864414,25.18040251929401,5.892410969721817e-17,7.323805311065438e-16,0.0,0.0,3.976559713024017e-14,converged
2025-01-16T07:35:00+08:00,23.583333333333332,-6.0,17.5,3.0,51.8,51.8,44.4,44.4,35.0,55.00000000000001,85.0,38.571377844147534,10.55702970527335,13.280667860501813,14.733680278372367,78.53978864518791,1.1072324062986225,51.8,51.8,51.8,42.651895713295616,43.07156347442147,42.944178176359365,42.908040685584396,0.39706634999999996,0.3974357611080054,23.099256572604897,23.506843058556484,22.407144487371585,22.841855721231987,22.782992435902138,23.086870253915155,22.89929724217285,22.648356151699087,22.39593885969711,23.058760926865993,22.871135280420276,22.620097914621326,1.0,0.0,0.3333333333333333,0.0,0.0,22.407144487371585,22.841855721231987,23.086870253915155,16.860803177534592,21.384466728864414,25.18040251929401,5.892410969721817e-17,7.322901788101695e-16,0.0,1.464580357620339e-16,4.5971096490893106e-14,converged
2025-01-16T07:40:00+08:00,23.666666666666668,-6.0,17.91666666666666,3.0,51.8,51.8,44.4,44.4,35.0,55.00000000000001,85.0,38.571377844147534,10.55702970527335,13.280667860501813,14.733680278372367,78.53978864518791,1.1072324062986225,51.8,51.8,51.8,42.65082531566318,43.07048070439417,42.943077098258044,42.906954308489446,0.396892525,0.3974843179099781,23.096024286809783,23.503020963954985,22.403329233305374,22.83957798283496,22.779327036710512,23.08253439532916,22.8956885380277,22.64557050206535,22.392227813185123,23.054426767215528,22.867527733617262,22.617312873113118,1.0,0.0,0.3333333333333333,0.0,0.0,22.403329233305374,22.83957798283496,23.08253439532916,16.860803177534592,21.384466728864414,25.18040251929401,5.892410969721817e-17,1.317961299645165e-15,0.0,4.393204332150548e-16,4.153927894447126e-14,converged
2025-01-16T07:45:00+08:00,23.75,-6.0,18.33333333333334,3.0,51.8,51.8,44.4,44.4,35.0,55.00000000000001,85.0,38.571377844147534,10.55702970527335,13.280667860501813,14.733680278372367,78.53978864518791,1.1072324062986225,51.8,51.8,51.8,42.64976538500536,43.06940820339139,42.94198692065474,42.90587849581147,0.39671870000000004,0.3975324025238818,23.092821530101826,23.499234925006398,22.399554186467373,22.83732097308329,22.77569701096422,23.07824114556926,22.89211396881738,22.642809803590687,22.38855815543125,23.050135194345184,22.863954305232138,22.614552771589963,1.0,0.0,0.3333333333333333,0.0,0.0,22.399554186467373,22.83732097308329,23.07824114556926,16.860803177534592,21.384466728864414,25.18040251929401,5.892410969721817e-17,1.1713794507097183e-15,0.0,4.392672940161442e-16,4.0889164968078644e-14,converged
2025-01-16T07:50:00+08:00,23.833333333333332,-6.0,18.75,3.0,51.8,51.8,44.4,44.4,35.0,55.00000000000001,85.0,38.571377844147534,10.55702970527335,13.280667860501813,14.733680278372367,78.53978864518791,1.1072324062986225,51.8,51.8,51.8,42.64871588260356,43.06834593329883,42.94090759765625,42.904813206299345,0.396544875,0.39758001679348026,23.089648222782554,23.49548484951238,22.39581914651759,22.835084644013804,22.772102217941704,23.07399034403483,22.888573412302456,22.640073971170935,22.38492965653795,23.045886047891585,22.860414873201968,22.61181752506753,1.0,0.0,0.3333333333333333,0.0,0.0,22.39581914651759,22.835084644013804,23.07399034403483,16.860803177534592,21.384466728864414,25.18040251929401,5.892410969721817e-17,4.392146872691258e-16,0.0,4.392146872691258e-16,4.0005425482147274e-14,converged
2025-01-16T07:55:00+08:00,23.916666666666668,-6.0,19.16666666666666,3.0,51.8,51.8,44.4,44.4,35.0,55.00000000000001,85.0,38.571377844147534,10.55702970527335,13.280667860501813,14.733680278372367,78.53978864518791,1.1072324062986225,51.8,51.8,51.8,42.64767676989791,43.06729385614407,42.93983908357156,42.90375839887147,0.39637105,0.3976271625549594,23.086504285368598,23.491770645510346,22.39212391411425,22.83286894777431,22.768542517481222,23.06978183073055,22.885066746681233,22.637362919992214,22.381342087884658,23.041679168095218,22.856909315900513,22.609107048851072,1.0,0.0,0.3333333333333333,0.0,0.0,22.39212391411425,22.83286894777431,23.06978183073055,16.860803177534592,21.384466728864414,25.18040251929401,5.892410969721817e-17,7.319376842800828e-16,0.0,1.4638753685601655e-16,4.350688446111469e-14,converged
2025-01-16T08:00:00+08:00,24.0,-6.0,19.58333333333334,3.0,51.8,51.8,44.4,44.4,35.0,55.00000000000001,85.0,38.571377844147534,10.55702970527335,13.280667860501813,14.733680278372367,78.53978864518791,1.1072324062986225,51.8,51.8,51.8,42.646648008486636,43.06625193409606,42.938781332910935,42.90271403261509,0.396197225,0.3976738416369595,23.083389638591118,23.488092221272876,22.388468290908854,22.830673836623333,22.76501776997862,23.06561544626418,22.881593850588192,22.634676565529926,22.377795222120707,23.037514395798148,22.853437512136665,22.606421258534457,1.0,0.0,0.3333333333333333,0.0,0.0,22.388468290908854,22.830673836623333,23.06561544626418,16.860803177534592,21.384466728864414,25.18040251929401,5.892410969721817e-17,8.782221230423162e-16,0.0,1.4637035384038602e-16,3.023382815893552e-14,converged
