timestamp,elapsed_hours,outdoor_temperature_c,solar_radiation_w_m2,wind_m_s,raw_supply_target_c,applied_supply_setpoint_c,raw_pump_target_hz,applied_pump_frequency_hz,near_valve_pct,mid_valve_pct,far_valve_pct,total_flow_m3_h,near_flow_m3_h,mid_flow_m3_h,far_flow_m3_h,pump_pressure_kpa,pump_power_kw,delivered_supply_near_c,delivered_supply_mid_c,delivered_supply_far_c,return_near_c,return_mid_c,return_far_c,station_return_c,required_heat_load_mw,actual_heat_supply_mw,B01_indoor_c,B02_indoor_c,B03_indoor_c,B04_indoor_c,B05_indoor_c,B06_indoor_c,B07_indoor_c,B08_indoor_c,B09_indoor_c,B10_indoor_c,B11_indoor_c,B12_indoor_c,compliance_rate,comfort_rate,overheating_rate,severe_overheating_rate,underheating_rate,P10_c,P50_c,P90_c,near_transport_delay_min,mid_transport_delay_min,far_transport_delay_min,hydraulic_residual,heat_balance_residual,mass_residual,pipe_heat_balance_residual,building_heat_balance_residual,solver_status
2025-01-15T08:05:00+08:00,0.08333333333333333,-5.0,20.0,3.0,51.0,51.0,44.0,44.0,35.0,55.00000000000001,85.0,38.223887953664445,10.461921329551462,13.161022204102524,14.600944420010457,77.13103178367335,1.0775759929275075,51.0,51.0,51.0,41.050671952118776,41.97199739888271,42.23590237204955,41.82063727286419,0.3796124,0.40658533786221945,26.886164266986338,27.001834752285987,19.08065834292907,26.724775281792077,23.030028313839786,23.140258286262398,23.07298013184336,22.979788094899977,19.099167220012056,23.110225817093685,23.04296261558046,22.9497620060997,1.0,0.0,0.6666666666666666,0.25,0.0,19.099167220012056,23.04296261558046,26.724775281792077,17.014083206419166,21.57887097185142,25.40931526946627,2.4732134751226367e-13,5.726488930419068e-16,0.0,5.726488930419068e-16,2.8920117214993086e-14,converged
2025-01-15T08:10:00+08:00,0.16666666666666666,-5.0,22.22222222222222,3.0055555555555555,51.0,51.0,44.0,44.0,35.0,55.00000000000001,85.0,38.223887953664445,10.461921329551462,13.161022204102524,14.600944420010457,77.13103178367335,1.0775759929275075,51.0,51.0,51.0,41.05062112266088,41.97180185090964,42.235675871327025,41.82046951103227,0.3786853333333333,0.4065927686069385,26.886401124785962,27.0020550113222,19.07941326072867,26.725299104813764,23.029447148715416,23.13963065798733,23.07243191463903,22.97933923808175,19.09793551076265,23.109598440750325,23.042414316723274,22.949312750561887,1.0,0.0,0.6666666666666666,0.25,0.0,19.09793551076265,23.042414316723274,26.725299104813764,17.014083206419166,21.57887097185142,25.40931526946627,2.4732134751226367e-13,1.4315960687864063e-16,0.0,1.4315960687864063e-16,3.308300984003605e-14,converged
2025-01-15T08:15:00+08:00,0.25,-5.0,24.444444444444443,3.011111111111111,51.0,51.0,44.0,44.0,35.0,55.00000000000001,85.0,38.223887953664445,10.461921329551462,13.161022204102524,14.600944420010457,77.13103178367335,1.0775759929275075,51.0,51.0,51.0,41.0506128396608,41.97164279917894,42.235484105641895,41.820339228639995,0.3777582666666667,0.4065985392592221,26.886748147746154,27.00241473104208,19.078286872792027,26.72590390035257,23.028979244441636,23.13914554078164,23.071998840535493,22.9789743502637,19.096820820665084,23.109113572184647,23.041981159326355,22.948947463888064,1.0,0.0,0.6666666666666666,0.25,0.0,19.096820820665084,23.041981159326355,26.72590390035257,17.014083206419166,21.57887097185142,25.40931526946627,2.4732134751226367e-13,7.157878754251721e-16,0.0,7.157878754251721e-16,2.9329741197746126e-14,converged
2025-01-15T08:20:00+08:00,0.3333333333333333,-5.0,26.666666666666668,3.0166666666666666,51.0,51.0,44.0,44.0,35.0,55.00000000000001,85.0,38.223887953664445,10.461921329551462,13.161022204102524,14.600944420010457,77.13103178367335,1.0775759929275075,51.0,51.0,51.0,41.05064695613801,41.97152010455307,42.23532693615663,41.82024628451777,0.37683120000000003,0.40660265607195273,26.887204979521687,27.00291348404577,19.077278643671274,26.72658944385595,23.02862413774891,23.13880238235398,23.07168048557429,22.97869313696761,19.095822561886894,23.108770659710316,23.04166271989198,22.94866585191634,1.0,0.0,0.6666666666666666,0.25,0.0,19.095822561886894,23.04166271989198,26.72658944385595,17.014083206419166,21.57887097185142,25.40931526946627,2.4732134751226367e-13,1.4315612562837497e-16,0.0,1.4315612562837497e-16,3.46576119102308e-14,converged
2025-01-15T08:25:00+08:00,0.4166666666666667,-5.0,28.88888888888889,3.022222222222222,51.0,51.0,44.0,44.0,35.0,55.00000000000001,85.0,38.223887953664445,10.461921329551462,13.161022204102524,14.600944420010457,77.13103178367335,1.0775759929275075,51.0,51.0,51.0,41.05072332563867,41.97143362842663,42.235204224599464,41.820190538039526,0.3759041333333333,0.4066051252739404,26.887771264919987,27.003550844243243,19.07638804033404,26.727355511394087,23.028381367262597,23.13860063255336,23.07147642735799,22.97849530474798,19.094940149548524,23.10856915377673,23.04145857648008,22.948467621515338,1.0,0.0,0.6666666666666666,0.25,0.0,19.094940149548524,23.04145857648008,26.727355511394087,17.014083206419166,21.57887097185142,25.40931526946627,2.4732134751226367e-13,1.4315525628028275e-16,0.0,1.4315525628028273e-16,3.8071385497654845e-14,converged
2025-01-15T08:30:00+08:00,0.5,-5.0,31.11111111111111,3.0277777777777777,51.0,51.0,44.0,44.0,35.0,55.00000000000001,85.0,38.223887953664445,10.461921329551462,13.161022204102524,14.600944420010457,77.13103178367335,1.0775759929275075,51.0,51.0,51.0,41.0508418022337,41.9713832327242,42.23511583326207,41.82017184912051,0.37497706666666664,0.4066059530700173,26.888446649897396,27.004326386850295,19.075614532152546,26.728201879658165,23.028250473495223,23.138539743360862,23.071386245044426,22.97838056118843,19.09417300170849,23.108508506960746,23.0413683087025,22.948352480580596,1.0,0.0,0.6666666666666666,0.25,0.0,19.09417300170849,23.0413683087025,26.728201879658165,17.014083206419166,21.57887097185142,25.40931526946627,2.4732134751226367e-13,5.726198593402698e-16,0.0,5.726198593402698e-16,3.060482793959251e-14,converged
2025-01-15T08:35:00+08:00,0.5833333333333334,-5.0,33.333333333333336,3.033333333333333,51.0,51.0,44.0,44.0,35.0,55.00000000000001,85.0,38.223887953664445,10.461921329551462,13.161022204102524,14.600944420010457,77.13103178367335,1.0775759929275075,51.0,51.0,51.0,41.051002240516794,41.97136877989835,42.23506162499721,41.82019007821517,0.37405,0.4066051456411324,26.889230781555465,27.005239688384542,19.074957590892748,26.72912832595865,23.028230998838744,23.138619168881384,23.071409519340985,22.978348614898078,19.093520539348635,23.10858817395844,23.041391497717306,22.94832013803095,1.0,0.0,0.6666666666666666,0.25,0.0,19.093520539348635,23.041391497717306,26.72912832595865,17.014083206419166,21.57887097185142,25.40931526946627,2.4732134751226367e-13,4.2946574732854846e-16,0.0,4.2946574732854846e-16,3.230324603180311e-14,converged
2025-01-15T08:40:00+08:00,0.6666666666666666,-5.0,35.55555555555556,3.0388888888888888,51.0,51.0,44.0,44.0,35.0,55.00000000000001,85.0,38.223887953664445,10.461921329551462,13.161022204102524,14.600944420010457,77.13103178367335,1.0775759929275075,51.0,51.0,51.0,41.05120449560249,41.97139013292763,42.2350414632164,41.820245086315055,0.37312293333333335,0.40660270914444513,26.890123308137248,27.006290326661432,19.07441669070355,26.730134628223567,23.028322487556864,23.13883836533539,23.07154583249889,22.978399175507946,19.092982186359425,23.10880761157692,23.04152772622309,22.948370303804964,1.0,0.0,0.6666666666666666,0.25,0.0,19.092982186359425,23.04152772622309,26.730134628223567,17.014083206419166,21.57887097185142,25.40931526946627,2.4732134751226367e-13,5.726244277707378e-16,0.0,5.726244277707378e-16,3.3526011020402514e-14,converged
2025-01-15T08:45:00+08:00,0.75,-5.0,37.77777777777778,3.0444444444444443,51.0,51.0,44.0,44.0,35.0,55.00000000000001,85.0,38.223887953664445,10.461921329551462,13.161022204102524,14.600944420010457,77.13103178367335,1.0775759929275075,51.0,51.0,51.0,41.051448423124235,41.97144715531453,42.23505521188757,41.82033673494667,0.37219586666666665,0.4065986497134191,26.891123879023606,27.007477880790262,19.073991308106052,26.73122056499679,23.028524485777382,23.139196791050725,23.071794768307527,22.978531953667375,19.092557369525355,23.10916627872613,23.041776578453312,22.94850268885735,1.0,0.0,0.6666666666666666,0.25,0.0,19.092557369525355,23.041776578453312,26.73122056499679,17.014083206419166,21.57887097185142,25.40931526946627,2.4732134751226367e-13,2.8631507239137966e-16,0.0,2.863150723913796e-16,3.74218415805296e-14,converged
2025-01-15T08:50:00+08:00,0.8333333333333334,-5.0,40.0,3.05,51.0,51.0,44.0,44.0,35.0,55.00000000000001,85.0,38.223887953664445,10.461921329551462,13.161022204102524,14.600944420010457,77.13103178367335,1.0775759929275075,51.0,51.0,51.0,41.05173387923245,41.97153971108347,42.23510273553278,41.82046488616943,0.3712688,0.4065929734579152,26.892232144729533,27.008801931170225,19.073680921982845,26.732385915436332,23.028836541484566,23.13969390645445,23.072155912088768,22.978746661040457,19.092245518510396,23.10966363641072,23.042137640170637,22.94871700515541,1.0,0.0,0.6666666666666666,0.25,0.0,19.092245518510396,23.042137640170637,26.732385915436332,17.014083206419166,21.57887097185142,25.40931526946627,2.4732134751226367e-13,1.4315953475150808e-16,0.0,1.4315953475150808e-16,3.3614768680847736e-14,converged
2025-01-15T08:55:00+08:00,0.9166666666666666,-5.0,42.22222222222222,3.055555555555556,51.0,51.0,44.0,44.0,35.0,55.00000000000001,85.0,38.223887953664445,10.461921329551462,13.161022204102524,14.600944420010457,77.13103178367335,1.0775759929275075,51.0,51.0,51.0,41.0520607205926,41.971667664778835,42.23518389922588,41.82062940257347,0.3703417333333333,0.4065856864642849,26.893447756900475,27.01026205948644,19.073485013567357,26.73363045931265,23.029258204511557,23.140329174064696,23.072628850691338,22.979043010302476,19.09204606584354,23.110299147721946,23.04261049866133,22.949012965675493,1.0,0.0,0.6666666666666666,0.25,0.0,19.09204606584354,23.04261049866133,26.73363045931265,17.014083206419166,21.57887097185142,25.40931526946627,2.4732134751226367e-13,4.294863015443151e-16,0.0,4.294863015443149e-16,2.7441568035877756e-14,converged
2025-01-15T09:00:00+08:00,1.0,-5.0,44.44444444444444,3.0611111111111113,51.0,51.0,44.0,44.0,35.0,55.00000000000001,85.0,38.223887953664445,10.461921329551462,13.161022204102524,14.600944420010457,77.13103178367335,1.0775759929275075,51.0,51.0,51.0,41.05242880438328,41.97183088146292,42.235298568590245,41.820830147277654,0.36941466666666667,0.40657679479546216,26.894770368308684,27.011857848706025,19.073403066433258,26.734953977006935,23.029789026532807,23.141102058482574,23.073213172485193,22.979420715136357,19.09195844690441,23.111072277829578,23.04319474272964,22.949390284399456,1.0,0.0,0.6666666666666666,0.25,0.0,19.09195844690441,23.04319474272964,26.734953977006935,17.014083206419166,21.57887097185142,25.40931526946627,2.4732134751226367e-13,4.2949569423471486e-16,0.0,4.2949569423471466e-16,2.860044509310898e-14,converged
2025-01-15T09:05:00+08:00,1.0833333333333333,-5.0,46.66666666666667,3.066666666666667,51.0,51.0,44.0,44.0,35.0,55.00000000000001,85.0,38.223887953664445,10.461921329551462,13.161022204102524,14.600944420010457,77.13103178367335,1.0775759929275075,51.0,51.0,51.0,41.052837988294336,41.972029226713985,42.23544660979647,41.82106698392743,0.36848759999999997,0.4065663044910559,26.896199632849576,27.01358888307416,19.073434566483886,26.736356249509424,23.030428561056553,23.142012026384084,23.073908467355913,22.979879490229134,19.09198209990893,23.111982493973862,23.04388996269222,22.94984867631114,1.0,0.0,0.6666666666666666,0.25,0.0,19.09198209990893,23.04388996269222,26.736356249509424,17.014083206419166,21.57887097185142,25.40931526946627,2.4732134751226367e-13,7.158446269463032e-16,0.0,7.158446269463032e-16,2.618799011346612e-14,converged
2025-01-15T09:10:00+08:00,1.1666666666666667,-5.0,48.888888888888886,3.0722222222222224,51.0,51.0,44.0,44.0,35.0,55.00000000000001,85.0,38.223887953664445,10.461921329551462,13.161022204102524,14.600944420010457,77.13103178367335,1.0775759929275075,51.0,51.0,51.0,41.05328813052489,41.97226256662427,42.23562788956008,41.82133977669275,0.36756053333333333,0.4065542215674417,26.897735205538087,27.015454748110173,19.073579001941756,26.73783705841771,23.03117636341731,23.143058546512094,23.074714326699127,22.980419051268434,19.09211646589508,23.1130292654575,23.04469575037257,22.95038785739287,1.0,0.0,0.6666666666666666,0.25,0.0,19.09211646589508,23.04469575037257,26.73783705841771,17.014083206419166,21.57887097185142,25.40931526946627,2.4732134751226367e-13,2.8634636083251965e-16,0.0,2.863463608325196e-16,3.737621202378369e-14,converged
2025-01-15T09:15:00+08:00,1.25,-5.0,51.111111111111114,3.077777777777778,51.0,51.0,44.0,44.0,35.0,55.00000000000001,85.0,38.223887953664445,10.461921329551462,13.161022204102524,14.600944420010457,77.13103178367335,1.0775759929275075,51.0,51.0,51.0,41.05377908978155,41.97253076779804,42.2358422751393,41.82164839026611,0.3666334666666667,0.40654055201785305,26.89937674250506,27.01745503060364,19.073835863338083,26.739396185935064,23.0320319907684,23.144241089668316,23.07563034341495,22.981039114938962,19.092360988708734,23.114212063637662,23.04561169909548,22.951007544621934,1.0,0.0,0.6666666666666666,0.25,0.0,19.092360988708734,23.04561169909548,26.739396185935064,17.014083206419166,21.57887097185142,25.40931526946627,2.4732134751226367e-13,4.2953398344560157e-16,0.0,4.2953398344560157e-16,3.1832745715799965e-14,converged
2025-01-15T09:20:00+08:00,1.3333333333333333,-5.0,53.333333333333336,3.0833333333333335,51.0,51.0,44.0,44.0,35.0,55.00000000000001,85.0,38.223887953664445,10.461921329551462,13.161022204102524,14.600944420010457,77.13103178367335,1.0775759929275075,51.0,51.0,51.0,41.054310725276416,41.972833697349564,42.23608963433278,41.82199268986036,0.36570640000000004,0.40652530181247243,26.90112390099363,27.01958931861048,19.074204643502377,26.741033414868742,23.032995002074518,23.145559128705333,23.076656111902444,22.981739398919004,19.09271511498953,23.11553036191805,23.046637403681533,22.951707455967124,1.0,0.0,0.6666666666666666,0.25,0.0,19.09271511498953,23.046637403681533,26.741033414868742,17.014083206419166,21.57887097185142,25.40931526946627,2.4732134751226367e-13,4.295500967882061e-16,0.0,4.295500967882061e-16,2.990117700238627e-14,converged
2025-01-15T09:25:00+08:00,1.4166666666666667,-5.0,55.55555555555556,3.088888888888889,51.0,51.0,44.0,44.0,35.0,55.00000000000001,85.0,38.223887953664445,10.461921329551462,13.161022204102524,14.600944420010457,77.13103178367335,1.0775759929275075,51.0,51.0,51.0,41.05488289672529,41.973171222901236,42.236369835477326,41.82237254120674,0.3647793333333333,0.4065084768985218,26.90297633935563,27.021857201449084,19.07468483755207,26.742748528628322,23.034064958104327,23.147012138518647,23.0777912280541,22.98251962187695,19.093178294156857,23.116983635740954,23.04777246044157,22.952487310385248,1.0,0.0,0.6666666666666666,0.25,0.0,19.093178294156857,23.04777246044157,26.742748528628322,17.014083206419166,21.57887097185142,25.40931526946627,2.4732134751226367e-13,5.727571671574071e-16,0.0,5.727571671574071e-16,4.048897375794439e-14,converged
2025-01-15T09:30:00+08:00,1.5,-5.0,57.77777777777778,3.0944444444444446,51.0,51.0,44.0,44.0,35.0,55.00000000000001,85.0,38.223887953664445,10.461921329551462,13.161022204102524,14.600944420010457,77.13103178367335,1.0775759929275075,51.0,51.0,51.0,41.055495464345746,41.973543212581546,42.23668274744571,41.822787810552825,0.36385226666666665,0.4064900832003533,26.904933717048007,27.02425826969645,19.075275942882193,26.744541311224033,23.035241421423063,23.14859959603877,23.07903528925034,22.983379503467813,19.09374997839588,23.118571362579374,23.04901646717124,22.953346827817672,1.0,0.0,0.6666666666666666,0.25,0.0,19.09374997839588,23.04901646717124,26.744541311224033,17.014083206419166,21.57887097185142,25.40931526946627,2.4732134751226367e-13,4.29587313337563e-16,0.0,4.29587313337563e-16,2.662077020703568e-14,converged
2025-01-15T09:35:00+08:00,1.5833333333333333,-5.0,60.0,3.1,51.0,51.0,44.0,44.0,35.0,55.00000000000001,85.0,38.223887953664445,10.461921329551462,13.161022204102524,14.600944420010457,77.13103178367335,1.0775759929275075,51.0,51.0,51.0,41.0561482888553,41.97394953502322,42.23702823964441,41.82323836466048,0.3629252,0.40647012661953863,26.90699569462924,27.02679211518431,19.075977459155112,26.746411547265076,23.0365239563852,23.15032098022333,23.08038789435403,22.98431876432977,19.094429622643656,23.12029302192915,23.050369023145517,22.954285729186868,1.0,0.0,0.6666666666666666,0.25,0.0,19.094429622643656,23.050369023145517,26.746411547265076,17.014083206419166,21.57887097185142,25.40931526946627,2.4732134751226367e-13,5.728112065460647e-16,0.0,5.728112065460644e-16,3.19600542063603e-14,converged
2025-01-15T09:40:00+08:00,1.6666666666666667,-5.0,62.22222222222222,3.1055555555555556,51.0,51.0,44.0,44.0,35.0,55.00000000000001,85.0,38.223887953664445,10.461921329551462,13.161022204102524,14.600944420010457,77.13103178367335,1.0775759929275075,51.0,51.0,51.0,41.05684123146952,41.974390059361234,42.23740618201138,41.82372407080389,0.36199813333333336,0.40644861303495894,26.909161933755787,27.029458330995297,19.07678888829028,26.74835902195798,23.037912129127125,23.152175772049215,23.081848643705037,22.985337126080722,19.095216684575295,23.12214809530114,23.051829729113276,22.955303736392985,1.0,0.0,0.6666666666666666,0.25,0.0,19.095216684575295,23.051829729113276,26.74835902195798,17.014083206419166,21.57887097185142,25.40931526946627,2.4732134751226367e-13,1.4321038145223275e-16,0.0,1.4321038145223272e-16,3.1890573343916036e-14,converged
2025-01-15T09:45:00+08:00,1.75,-5.0,64.44444444444444,3.111111111111111,51.0,51.0,44.0,44.0,35.0,55.00000000000001,85.0,38.223887953664445,10.461921329551462,13.161022204102524,14.600944420010457,77.13103178367335,1.0775759929275075,51.0,51.0,51.0,41.05757415390021,41.97486465523089,42.23781644501385,41.82424479676746,0.36107106666666666,0.40642554830289396,26.91143209717852,27.03225651145911,19.077709734454082,26.75038352110494,23.039405507559863,23.15416345450475,23.083417139114776,22.98643431131485,19.09611062459022,23.124136066213406,23.053398187291855,22.956400572310415,1.0,0.0,0.6666666666666666,0.25,0.0,19.09611062459022,23.053398187291855,26.75038352110494,17.014083206419166,21.57887097185142,25.40931526946627,2.4732134751226367e-13,2.864370173406884e-16,0.0,2.864370173406884e-16,3.522674766107957e-14,converged
2025-01-15T09:50:00+08:00,1.8333333333333333,-5.0,66.66666666666667,3.1166666666666667,51.0,51.0,44.0,44.0,35.0,55.00000000000001,85.0,38.223887953664445,10.461921329551462,13.161022204102524,14.600944420010457,77.13103178367335,1.0775759929275075,51.0,51.0,51.0,41.05834691835355,41.97537319276592,42.23825889964617,41.824800410843864,0.360144,0.4064009382571105,26.91380584873919,27.035186252148687,19.078739504049672,26.752484831102155,23.041003661361792,23.1562835125819,23.0850929838608,22.98761004359919,19.097110905798477,23.126256420183466,23.055074001361668,22.957575960784382,1.0,0.0,0.6666666666666666,0.25,0.0,19.097110905798477,23.055074001361668,26.752484831102155,17.014083206419166,21.57887097185142,25.40931526946627,2.4732134751226367e-13,1.4322718142112703e-16,0.0,1.43227181421127e-16,3.2307905814735904e-14,converged
2025-01-15T09:55:00+08:00,1.9166666666666667,-5.0,68.88888888888889,3.1222222222222222,51.0,51.0,44.0,44.0,35.0,55.00000000000001,85.0,38.223887953664445,10.461921329551462,13.161022204102524,14.600944420010457,77.13103178367335,1.0775759929275075,51.0,51.0,51.0,41.05915938752823,41.97591554259657,42.23873341742756,41.82539078183207,0.3592169333333333,0.4063747887089516,26.916282853366912,27.038247149876398,19.079877705706895,26.754662738938194,23.04270616197144,23.15853543326851,23.0868757826814,22.988864047470233,19.098216994007117,23.128508644720526,23.056856776460815,22.958829626627544,1.0,0.0,0.6666666666666666,0.25,0.0,19.098216994007117,23.056856776460815,26.754662738938194,17.014083206419166,21.57887097185142,25.40931526946627,2.4732134751226367e-13,5.729455914171499e-16,0.0,5.729455914171499e-16,2.925469346261264e-14,converged
2025-01-15T10:00:00+08:00,2.0,-5.0,71.11111111111111,3.1277777777777778,51.0,51.0,44.0,44.0,35.0,55.00000000000001,85.0,38.223887953664445,10.461921329551462,13.161022204102524,14.600944420010457,77.13103178367335,1.0775759929275075,51.0,51.0,51.0,41.06001142461371,41.976491575847646,42.23923987039993,41.82601577903528,0.3582898666666667,0.40634710544742403,26.91886277707463,27.04143880269025,19.08112385027225,26.756917032192348,23.044512582580275,23.16091870554057,23.088765141770224,22.990196048430512,19.099428357706646,23.13089222931779,23.058746119179727,22.960161295616604,1.0,0.0,0.6666666666666666,0.25,0.0,19.099428357706646,23.058746119179727,26.756917032192348,17.014083206419166,21.57887097185142,25.40931526946627,2.4732134751226367e-13,2.864923122775817e-16,0.0,2.864923122775817e-16,3.242631124781193e-14,converged
2025-01-15T10:05:00+08:00,2.0833333333333335,-5.0,73.33333333333334,3.1333333333333333,51.0,51.0,44.0,44.0,35.0,55.00000000000001,85.0,38.223887953664445,10.461921329551462,13.161022204102524,14.600944420010457,77.13103178367335,1.0775759929275075,51.0,51.0,51.0,41.06090289328828,41.977101164136734,42.23977813112577,41.82667527225902,0.3573628,0.40631789423928644,26.921545286955613,27.044760809870102,19.082477450798873,26.75924749903299,23.04642249812553,23.163432820354494,23.090760668770926,22.991605772945217,19.100744468057552,23.13340666544477,23.060741637555815,22.961570694488934,1.0,0.0,0.6666666666666666,0.25,0.0,19.100744468057552,23.060741637555815,26.75924749903299,17.014083206419166,21.57887097185142,25.40931526946627,2.4732134751226367e-13,4.297693633880772e-16,0.0,4.2976936338807707e-16,2.921288495009502e-14,converged
2025-01-15T10:10:00+08:00,2.1666666666666665,-5.0,75.55555555555556,3.138888888888889,51.0,51.0,44.0,44.0,35.0,55.00000000000001,85.0,38.223887953664445,10.461921329551462,13.161022204102524,14.600944420010457,77.13103178367335,1.0775759929275075,51.0,51.0,51.0,41.061833657717344,41.97774417957217,42.24034807268591,41.82736913180913,0.35643573333333334,0.4062871608291363,26.924330051179975,27.048212771923872,19.083938022536596,26.761653928215946,23.04843548528307,23.16607727063947,23.09286197277181,22.99309294843882,19.102164798876885,23.13605144653964,23.06284294106816,22.963057550939197,1.0,0.0,0.6666666666666666,0.25,0.0,19.102164798876885,23.06284294106816,26.761653928215946,17.014083206419166,21.57887097185142,25.40931526946627,2.4732134751226367e-13,0.0,0.0,0.0,3.3663918987318076e-14,converged
2025-01-15T10:15:00+08:00,2.25,-5.0,77.77777777777777,3.1444444444444444,51.0,51.0,44.0,44.0,35.0,55.00000000000001,85.0,38.223887953664445,10.461921329551462,13.161022204102524,14.600944420010457,77.13103178367335,1.0775759929275075,51.0,51.0,51.0,41.06280358255154,41.97842049475127,42.24094956867743,41.828097228489796,0.3555086666666667,0.40625491093949767,26.927216738991177,27.051794290583793,19.085505082922033,26.76413610908286,23.050551122460273,23.168851551289794,23.095068664300534,22.994657303291724,19.103688826624918,23.138826068001606,23.0650496406322,22.964621593616013,1.0,0.0,0.6666666666666666,0.25,0.0,19.103688826624918,23.0650496406322,26.76413610908286,17.014083206419166,21.57887097185142,25.40931526946627,2.4732134751226367e-13,5.731146563014579e-16,0.0,5.731146563014579e-16,4.067383731058883e-14,converged
2025-01-15T10:20:00+08:00,2.3333333333333335,-5.0,80.0,3.15,51.0,51.0,44.0,44.0,35.0,55.00000000000001,85.0,38.223887953664445,10.461921329551462,13.161022204102524,14.600944420010457,77.13103178367335,1.0775759929275075,51.0,51.0,51.0,41.063812532925,41.97912998275838,42.24158249321146,41.82885943360159,0.3545816,0.4062211502709073,26.93020502070256,27.055504968802655,19.08717815156871,26.766693831559575,23.052768989788966,23.17175515915727,23.09738035531879,22.996298566836884,19.105316030391865,23.141730027183332,23.067361348594453,22.9662625521186,1.0,0.0,0.6666666666666666,0.25,0.0,19.105316030391865,23.067361348594453,26.766693831559575,17.014083206419166,21.57887097185142,25.40931526946627,2.4732134751226367e-13,2.8658114366841286e-16,0.0,2.8658114366841286e-16,2.7842227520271987e-14,converged
2025-01-15T10:25:00+08:00,2.4166666666666665,-5.0,82.22222222222223,3.155555555555556,51.0,51.0,44.0,44.0,35.0,55.00000000000001,85.0,38.223887953664445,10.461921329551462,13.161022204102524,14.600944420010457,77.13103178367335,1.0775759929275075,51.0,51.0,51.0,41.06486037445351,41.97987251716305,42.242246720911105,41.82965561893956,0.3536545333333333,0.4061858845020012,26.93329456769388,27.059344410750064,19.088956750257257,26.769326886154513,23.05508866911834,23.17478759304361,23.09979665921704,22.99801646935649,19.10704589188467,23.144762823383356,23.069777678727252,22.967980156993455,1.0,0.0,0.6666666666666666,0.25,0.0,19.10704589188467,23.069777678727252,26.769326886154513,17.014083206419166,21.57887097185142,25.40931526946627,2.4732134751226367e-13,1.4330301257226635e-16,0.0,1.4330301257226632e-16,3.046713170364659e-14,converged
2025-01-15T10:30:00+08:00,2.5,-5.0,84.44444444444444,3.1611111111111114,51.0,51.0,44.0,44.0,35.0,55.00000000000001,85.0,38.223887953664445,10.461921329551462,13.161022204102524,14.600944420010457,77.13103178367335,1.0775759929275075,51.0,51.0,51.0,41.06594697323274,41.98064797201817,42.24294212690925,41.83048565679124,0.35272746666666666,0.40614911928960074,26.936485052407875,27.063312221808708,19.090840402925615,26.772035063957052,23.05750974400796,23.177948353692887,23.10231719080924,22.999810742078623,19.10887789541387,23.147923957838575,23.0722982462235,22.969774139731033,1.0,0.0,0.6666666666666666,0.25,0.0,19.10887789541387,23.0722982462235,26.772035063957052,17.014083206419166,21.57887097185142,25.40931526946627,2.4732134751226367e-13,4.29947953711772e-16,0.0,4.299479537117718e-16,2.7574380527147654e-14,converged
2025-01-15T10:35:00+08:00,2.5833333333333335,-5.0,86.66666666666667,3.166666666666667,51.0,51.0,44.0,44.0,35.0,55.00000000000001,85.0,38.223887953664445,10.461921329551462,13.161022204102524,14.600944420010457,77.13103178367335,1.0775759929275075,51.0,51.0,51.0,41.06707219583648,41.981456221858096,42.24366858684651,41.83134941993474,0.35180039999999996,0.40611086026879817,26.9397761483468,27.06740800857065,19.09282863565932,26.77481815663592,23.060031799720736,23.181236943784004,23.10494156632761,23.00168111717395,19.1108115278805,23.151212933716728,23.074922667691443,22.971644232762433,1.0,0.0,0.75,0.25,0.0,19.1108115278805,23.074922667691443,26.77481815663592,17.014083206419166,21.57887097185142,25.40931526946627,2.4732134751226367e-13,1.4332948612834608e-16,0.0,1.4332948612834606e-16,1.969580875046985e-14,converged
2025-01-15T10:40:00+08:00,2.6666666666666665,-5.0,88.8888888888889,3.1722222222222225,51.0,51.0,44.0,44.0,35.0,55.00000000000001,85.0,38.223887953664445,10.461921329551462,13.161022204102524,14.600944420010457,77.13103178367335,1.0775759929275075,51.0,51.0,51.0,41.06823590931483,41.982297141696826,42.244425976869074,41.832246781636805,0.3508733333333333,0.4060711130530421,26.94316753006903,27.071631378833608,19.094920976681806,26.77767595643759,23.062654423215985,23.184652867923198,23.10766940341741,23.003627327752405,19.112846278763097,23.15462925610893,23.07765056114947,22.97359016945611,1.0,0.0,0.75,0.25,0.0,19.112846278763097,23.07765056114947,26.77767595643759,17.014083206419166,21.57887097185142,25.40931526946627,2.4732134751226367e-13,1.4334351556266491e-16,0.0,1.4334351556266491e-16,3.0335205121304446e-14,converged
2025-01-15T10:45:00+08:00,2.75,-5.0,91.11111111111111,3.177777777777778,51.0,51.0,44.0,44.0,35.0,55.00000000000001,85.0,38.223887953664445,10.461921329551462,13.161022204102524,14.600944420010457,77.13103178367335,1.0775759929275075,51.0,51.0,51.0,41.06943798119246,41.98317060702614,42.24521417362663,41.83317761565092,0.34994626666666667,0.40602988323422223,26.946658873185612,27.075981941597274,19.097116956344763,26.780608256184678,23.065377203142475,23.188195632636564,23.11050032113173,23.00564910785991,19.114981640104745,23.15817243202222,23.080481546020916,22.975611684114593,1.0,0.0,0.75,0.25,0.0,19.114981640104745,23.080481546020916,26.780608256184678,17.014083206419166,21.57887097185142,25.40931526946627,2.4732134751226367e-13,1.4335807120849221e-16,0.0,1.433580712084922e-16,2.972379245669317e-14,converged
2025-01-15T10:50:00+08:00,2.8333333333333335,-5.0,93.33333333333334,3.1833333333333336,51.0,51.0,44.0,44.0,35.0,55.00000000000001,85.0,38.223887953664445,10.461921329551462,13.161022204102524,14.600944420010457,77.13103178367335,1.0775759929275075,51.0,51.0,51.0,41.07067827946684,41.984076493813795,42.24603305427026,41.83414179621538,0.34901920000000003,0.40598717638275444,26.95024985435689,27.08045930705962,19.099416107118536,26.78361484927434,23.06819972983152,23.191864746362622,23.113433939926317,23.007746192475075,19.117217106500185,23.161841970372148,23.083415243128915,22.97770851197121,1.0,0.0,0.75,0.25,0.0,19.117217106500185,23.083415243128915,26.78361484927434,17.014083206419166,21.57887097185142,25.40931526946627,2.4732134751226367e-13,1.0036120599290427e-15,0.0,1.0036120599290427e-15,2.3003526027920532e-14,converged
2025-01-15T10:55:00+08:00,2.9166666666666665,-5.0,95.55555555555556,3.188888888888889,51.0,51.0,44.0,44.0,35.0,55.00000000000001,85.0,38.223887953664445,10.461921329551462,13.161022204102524,14.600944420010457,77.13103178367335,1.0775759929275075,51.0,51.0,51.0,41.0719566726065,41.98501467850167,42.246882496450354,41.835139198051365,0.3480921333333334,0.40594299804766465,26.95394015128909,27.085063086613232,19.10181796358257,26.78669552967668,23.071121595290098,23.1956597194449,23.1164698816544,23.009918317505946,19.11955217508301,23.165637381975387,23.086451274691225,22.979880389186814,1.0,0.0,0.75,0.25,0.0,19.11955217508301,23.086451274691225,26.78669552967668,17.014083206419166,21.57887097185142,25.40931526946627,2.4732134751226367e-13,8.603325273756711e-16,0.0,8.603325273756711e-16,3.527576728381934e-14,converged
2025-01-15T11:00:00+08:00,3.0,-5.0,97.77777777777777,3.1944444444444446,51.0,51.0,44.0,44.0,35.0,55.00000000000001,85.0,38.223887953664445,10.461921329551462,13.161022204102524,14.600944420010457,77.13103178367335,1.0775759929275075,51.0,51.0,51.0,41.07327302954926,41.98598503800397,42.247762378314576,41.83616969636111,0.34716506666666663,0.40589735375667296,26.957729442730944,27.089792892841643,19.104322062415886,26.78985009193317,23.07414239319399,23.199580064124564,23.119607769561554,23.01216521978673,19.12198634551291,23.16955817954237,23.089589264315116,22.982127052846565,1.0,0.0,0.75,0.25,0.0,19.12198634551291,23.089589264315116,26.78985009193317,17.014083206419166,21.57887097185142,25.40931526946627,2.4732134751226367e-13,4.3021463708552553e-16,0.0,4.3021463708552553e-16,3.2750080286645627e-14,converged
2025-01-15T11:05:00+08:00,3.0833333333333335,-5.0,100.0,3.2,51.0,51.0,44.0,44.0,35.0,55.00000000000001,85.0,38.223887953664445,10.461921329551462,13.161022204102524,14.600944420010457,77.13103178367335,1.0775759929275075,51.0,51.0,51.0,41.07462721970053,41.98698744970541,42.248672578505754,41.83723316682597,0.346238,0.4058502490162772,26.961617408470318,27.09464833951569,19.10692794238762,26.793078331155055,23.077261718880973,23.20362529453304,23.12284722828057,23.014486637074558,19.12451911996296,23.17360387766996,23.092828836992258,22.98444824095666,1.0,0.0,0.75,0.25,0.0,19.12451911996296,23.092828836992258,26.793078331155055,17.014083206419166,21.57887097185142,25.40931526946627,2.4732134751226367e-13,5.736860928833177e-16,0.0,5.736860928833177e-16,2.878442134669609e-14,converged
2025-01-15T11:10:00+08:00,3.1666666666666665,-5.083333333333334,100.83333333333333,3.2222222222222223,51.0,51.0,44.0,44.0,35.0,55.00000000000001,85.0,38.223887953664445,10.461921329551462,13.161022204102524,14.600944420010457,77.13103178367335,1.0775759929275075,51.0,51.0,51.0,41.07597838088486,41.987983650229694,42.24957488378806,41.83829065392826,0.3472579333333333,0.40580340929945224,26.965409599535633,27.099423217275834,19.109339978791652,26.796221533059718,23.080229680979304,23.20753665650535,23.12595498032535,23.016676320883786,19.12683136168254,23.17751572211636,23.09593671513135,22.98663770489011,1.0,0.0,0.75,0.25,0.0,19.12683136168254,23.09593671513135,26.796221533059718,17.014083206419166,21.57887097185142,25.40931526946627,2.4732134751226367e-13,1.4343807760006902e-16,0.0,1.4343807760006902e-16,2.76689622977933e-14,converged
2025-01-15T11:15:00+08:00,3.25,-5.166666666666666,101.66666666666667,3.2444444444444445,51.0,51.0,44.0,44.0,35.0,55.00000000000001,85.0,38.223887953664445,10.461921329551462,13.161022204102524,14.600944420010457,77.13103178367335,1.0775759929275075,51.0,51.0,51.0,41.0772858452062,41.9889355701619,42.25043128738346,41.8393034009722,0.34827786666666666,0.40575855127267324,26.969106325724,27.10411777303857,19.11155904608577,26.799279933472185,23.083046898609716,23.211314668838945,23.128931510641657,23.018734733202056,19.12892417849286,23.18129423106554,23.09891338311341,22.98869590610645,1.0,0.0,0.75,0.25,0.0,19.12892417849286,23.09891338311341,26.799279933472185,17.014083206419166,21.57887097185142,25.40931526946627,2.4732134751226367e-13,1.4345393518115003e-16,0.0,1.4345393518115003e-16,3.416274134282012e-14,converged
2025-01-15T11:20:00+08:00,3.3333333333333335,-5.25,102.5,3.2666666666666666,51.0,51.0,44.0,44.0,35.0,55.00000000000001,85.0,38.223887953664445,10.461921329551462,13.161022204102524,14.600944420010457,77.13103178367335,1.0775759929275075,51.0,51.0,51.0,41.07854977337566,41.989843377698186,42.25124197739772,41.84027158171043,0.3492978,0.4057156672398411,26.972707895830435,27.10873225296367,19.113586014782946,26.802253767563492,23.085713988360556,23.214959848320714,23.13177730238967,23.02066233439683,19.130798672650116,23.184939920695438,23.101759323537863,22.99062330444861,1.0,0.0,0.75,0.25,0.0,19.130798672650116,23.101759323537863,26.802253767563492,17.014083206419166,21.57887097185142,25.40931526946627,2.4732134751226367e-13,5.738763928882996e-16,0.0,5.738763928882992e-16,3.158625658125938e-14,converged
2025-01-15T11:25:00+08:00,3.4166666666666665,-5.333333333333334,103.33333333333333,3.288888888888889,51.0,51.0,44.0,44.0,35.0,55.00000000000001,85.0,38.223887953664445,10.461921329551462,13.161022204102524,14.600944420010457,77.13103178367335,1.0775759929275075,51.0,51.0,51.0,41.07977032548907,41.9907072403936,42.25200714114726,41.84119536920496,0.3503177333333334,0.4056747495354492,26.97621461765112,27.113266902456512,19.115421751469142,26.8051432698525,23.08823156429814,23.218472709734776,23.134492836950564,23.022459583221075,19.132455940873445,23.188453305185732,23.104475017229106,22.9924203581486,1.0,0.0,0.75,0.25,0.0,19.132455940873445,23.104475017229106,26.8051432698525,17.014083206419166,21.57887097185142,25.40931526946627,2.4732134751226367e-13,2.8696713798491436e-16,0.0,2.8696713798491426e-16,3.463732137769748e-14,converged
2025-01-15T11:30:00+08:00,3.5,-5.416666666666666,104.16666666666667,3.3111111111111113,51.0,51.0,44.0,44.0,35.0,55.00000000000001,85.0,38.223887953664445,10.461921329551462,13.161022204102524,14.600944420010457,77.13103178367335,1.0775759929275075,51.0,51.0,51.0,41.08094766102932,41.991527325164455,42.25272696516258,41.84207493582989,0.3513376666666666,0.405635790524459,26.979626797986626,27.11772196617039,19.11706711882102,26.807948674207704,23.090600237977085,23.221853765870243,23.137078593933072,23.0241269368189,19.133897074372747,23.191834896725567,23.107060943243035,22.994087523833123,1.0,0.0,0.75,0.25,0.0,19.133897074372747,23.107060943243035,26.807948674207704,17.014083206419166,21.57887097185142,25.40931526946627,2.4732134751226367e-13,1.434973497733248e-16,0.0,1.4349734977332479e-16,3.064561564359678e-14,converged
2025-01-15T11:35:00+08:00,3.5833333333333335,-5.5,105.0,3.3333333333333335,51.4,51.4,44.2,44.2,35.0,55.00000000000001,85.0,38.39763289890362,10.50947551741176,13.220845032301357,14.667312349190514,77.83381659807692,1.0923371041131396,51.0,51.0,51.0,41.11651217063366,42.025663476139556,42.286191005951984,41.87634529429719,0.3523576,0.40595473852739855,26.982997210876015,27.122147112084697,19.118559383193,26.810715519113955,23.092865058776354,23.225145434627514,23.139574988875992,23.02570304481171,19.135162136396506,23.195127549917295,23.10955793317757,22.995663848887535,1.0,0.0,0.75,0.25,0.0,19.135162136396506,23.10955793317757,26.810715519113955,16.93709640458226,21.4812290217552,25.294340992231984,1.1891713201276387e-16,7.169230383246145e-16,0.0,2.060435343688082e-15,3.3834806016348213e-14,converged
2025-01-15T11:40:00+08:00,3.6666666666666665,-5.583333333333334,105.83333333333333,3.3555555555555556,51.4,51.4,44.2,44.2,35.0,55.00000000000001,85.0,38.39763289890362,10.50947551741176,13.220845032301357,14.667312349190514,77.83381659807692,1.0923371041131396,51.0,51.0,51.0,41.11761726119475,42.02640699289866,42.28683048630086,41.877148033886535,0.3533775333333334,0.4059190208297637,26.98627351593159,27.126492998734975,19.119862826090355,26.813398601135837,23.09498200766984,23.228306150455037,23.141942409629713,23.027150031052614,19.136213032483482,23.198289259755104,23.111925956322036,22.997111057105585,1.0,0.0,0.75,0.25,0.0,19.136213032483482,23.111925956322036,26.813398601135837,16.93709640458226,21.4812290217552,25.294340992231984,1.1891713201276387e-16,4.301916731653638e-16,0.0,4.481824641160106e-15,3.8151588036766155e-14,converged
2025-01-15T11:45:00+08:00,3.75,-5.666666666666666,106.66666666666667,3.3777777777777778,51.4,51.4,44.2,44.2,35.0,55.00000000000001,85.0,38.39763289890362,10.50947551741176,13.220845032301357,14.667312349190514,77.83381659807692,1.0923371041131396,51.0,51.0,51.0,41.11867970129477,42.027107337687454,42.28742530152891,41.87790717388244,0.3543974666666666,0.4058852430851557,26.989456017764066,27.130759869187862,19.120978299530588,26.815998152720784,23.096951689731274,23.231336421048617,23.14418133126348,23.028468348545942,19.137050838733327,23.201320533355315,23.11416548721086,22.99842960099032,1.0,0.0,0.75,0.25,0.0,19.137050838733327,23.11416548721086,26.815998152720784,16.93709640458226,21.4812290217552,25.294340992231984,1.1891713201276387e-16,4.302274736895667e-16,0.0,2.198158197927697e-15,3.2722937847414604e-14,converged
2025-01-15T11:50:00+08:00,3.8333333333333335,-5.75,107.5,3.4000000000000004,51.4,51.4,44.2,44.2,35.0,55.00000000000001,85.0,38.39763289890362,10.50947551741176,13.220845032301357,14.667312349190514,77.83381659807692,1.0923371041131396,51.245032287633414,51.0,51.0,41.27184116314934,42.02776467454229,42.28797563462194,41.9202641882827,0.35541740000000005,0.40698464605772344,26.992971461302396,27.13535198389789,19.12235260560518,26.818879978629454,23.098774707558483,23.23423675213576,23.146292227096644,23.02965844870673,19.137676625838715,23.204221875870292,23.116276998632422,22.999619931458945,1.0,0.0,0.75,0.25,0.0,19.137676625838715,23.116276998632422,26.818879978629454,16.93709640458226,21.4812290217552,25.294340992231984,1.1891713201276387e-16,5.720870453202473e-16,0.0,2.488289881240585e-15,4.520885622451899e-14,converged
2025-01-15T11:55:00+08:00,3.9166666666666665,-5.833333333333334,108.33333333333333,3.4222222222222225,51.4,51.4,44.2,44.2,35.0,55.00000000000001,85.0,38.39763289890362,10.50947551741176,13.220845032301357,14.667312349190514,77.83381659807692,1.0923371041131396,51.4,51.28150167825958,51.0,41.369243884897585,42.21933842016533,42.28848166779818,42.01307825519981,0.3564373333333334,0.4090547980434587,26.996661588360322,27.140119451564026,19.123820023547086,26.821908603738272,23.100995189888966,23.2375226084045,23.14876481500072,23.031186759019413,19.13809145911251,23.206993790496053,23.118260961635464,23.000682497848377,1.0,0.0,0.8333333333333334,0.25,0.0,19.13809145911251,23.118260961635464,26.821908603738272,16.93709640458226,21.4812290217552,25.294340992231984,1.1891713201276387e-16,1.4229795419068357e-16,0.0,5.226120790764376e-16,3.819986071599745e-14,converged
2025-01-15T12:00:00+08:00,4.0,-5.916666666666666,109.16666666666667,3.4444444444444446,51.4,51.4,44.2,44.2,35.0,55.00000000000001,85.0,38.39763289890362,10.50947551741176,13.220845032301357,14.667312349190514,77.83381659807692,1.0923371041131396,51.4,51.4,51.37645272062144,41.370432857207156,42.30049035530169,42.551392317435166,42.14177330432048,0.3574572666666666,0.4115422685652359,27.000256572725203,27.144806610158245,19.125098732128702,26.824852739505697,23.10329631182188,23.240893886754943,23.151314085268844,23.032781924448066,19.139061520318716,23.210323558313654,23.120770345910945,23.002239228154277,1.0,0.0,0.8333333333333334,0.25,0.0,19.139061520318716,23.120770345910945,26.824852739505697,16.93709640458226,21.4812290217552,25.294340992231984,1.1891713201276387e-16,5.657514705976364e-16,0.0,2.7321767788293197e-16,3.712745498976146e-14,converged
2025-01-15T12:05:00+08:00,4.083333333333333,-6.0,110.0,3.466666666666667,51.8,51.8,44.4,44.4,35.0,55.00000000000001,85.0,38.571377844147534,10.557029705273349,13.280667860501813,14.733680278372367,78.53978864518791,1.1072324062986225,51.4,51.4,51.4,41.406273195380116,42.334824938829556,42.60142453215422,42.1825162711997,0.3584772,0.41198542770178664,27.00380963189432,27.149463536931933,19.126226137421614,26.827758308644743,23.10549411507106,23.244176050366658,23.153774357939792,23.03428632426057,19.139905773339738,23.21360770154843,23.123232047905855,23.003744540259518,1.0,0.0,0.8333333333333334,0.25,0.0,19.139905773339738,23.123232047905855,26.827758308644743,16.860803177534596,21.384466728864414,25.18040251929401,1.1784821939443633e-16,9.890000932003958e-16,0.0,1.2694642889335587e-16,2.76692144084249e-14,converged
2025-01-15T12:10:00+08:00,4.166666666666667,-6.083333333333333,110.83333333333333,3.488888888888889,51.8,51.8,44.4,44.4,35.0,55.00000000000001,85.0,38.571377844147534,10.557029705273349,13.280667860501813,14.733680278372367,78.53978864518791,1.1072324062986225,51.4,51.4,51.4,41.40739029761528,42.33555053405514,42.602025334643166,42.18330135340697,0.35949713333333333,0.4119503376014448,27.007267984432964,27.15404048414654,19.127166366419594,26.830579724606856,23.1075443172867,23.247327293084727,23.15610578606884,23.03566185194822,19.14053797392844,23.216760929523808,23.125564909511958,23.00512098243062,1.0,0.0,0.8333333333333334,0.25,0.0,19.14053797392844,23.125564909511958,26.830579724606856,16.860803177534596,21.384466728864414,25.18040251929401,1.1784821939443633e-16,1.4129776237683865e-15,0.0,1.4388436479805026e-16,2.4024866488334873e-14,converged
2025-01-15T12:15:00+08:00,4.25,-6.166666666666667,111.66666666666667,3.5111111111111115,51.8,51.8,44.4,44.4,35.0,55.00000000000001,85.0,38.571377844147534,10.557029705273349,13.280667860501813,14.733680278372367,78.53978864518791,1.1072324062986225,51.4,51.4,51.4,41.408464901568976,42.33623317275958,42.602581807875964,42.1840430801499,0.36051706666666666,0.4119171853205826,27.010631937095095,27.158537697241744,19.12792026392813,26.8333172210788,23.109447522666848,23.250348122676336,23.15830884443057,23.03690895981382,19.140959187821547,23.21978374944471,23.12776940498319,23.006369006481215,1.0,0.0,0.8333333333333334,0.25,0.0,19.140959187821547,23.12776940498319,26.8333172210788,16.860803177534596,21.384466728864414,25.18040251929401,1.1784821939443633e-16,4.239274032825275e-16,0.0,8.0412170677214775e-16,3.641744577639205e-14,converged
2025-01-15T12:20:00+08:00,4.333333333333333,-6.25,112.5,3.533333333333333,51.8,51.8,44.4,44.4,35.0,55.00000000000001,85.0,38.571377844147534,10.557029705273349,13.280667860501813,14.733680278372367,78.53978864518791,1.1072324062986225,51.651135745797234,51.4,51.4,41.56575553054344,42.33687301822424,42.60309413341034,42.22750971141568,0.361537,0.4130466332927204,27.014339392920245,27.16337000896212,19.128946001786602,26.836346169038354,23.111204332936296,23.253239044939335,23.16038400605011,23.038028098572735,19.141170475399598,23.222676666550996,23.129846006827783,23.007489062640897,1.0,0.0,0.8333333333333334,0.25,0.0,19.141170475399598,23.129846006827783,26.836346169038354,16.860803177534596,21.384466728864414,25.18040251929401,1.1784821939443633e-16,1.4092273419455872e-16,0.0,7.227443092156652e-16,3.169595839717869e-14,converged
2025-01-15T12:25:00+08:00,4.416666666666667,-6.333333333333333,113.33333333333333,3.5555555555555554,51.8,51.8,44.4,44.4,35.0,55.00000000000001,85.0,38.571377844147534,10.557029705273349,13.280667860501813,14.733680278372367,78.53978864518791,1.1072324062986225,51.8,51.68924266169084,51.4,41.65957644639263,42.53402554744242,42.60356249204273,42.32124989655905,0.3625569333333333,0.415129222559552,27.018210613528673,27.16836717842726,19.130055499004754,26.839512680528244,23.11337425713751,23.256530098497603,23.162834835582412,23.03949888434515,19.14117289171384,23.225440184125077,23.131795185814696,23.008481599560767,1.0,0.0,0.8333333333333334,0.25,0.0,19.14117289171384,23.131795185814696,26.839512680528244,16.860803177534596,21.384466728864414,25.18040251929401,1.1784821939443633e-16,2.8043152710174374e-16,0.0,1.46407727297635e-15,3.68703597150728e-14,converged
2025-01-15T12:30:00+08:00,4.5,-6.416666666666667,114.16666666666667,3.577777777777778,51.8,51.8,44.4,44.4,35.0,55.00000000000001,85.0,38.571377844147534,10.557029705273349,13.280667860501813,14.733680278372367,78.53978864518791,1.1072324062986225,51.8,51.8,51.78556779845648,41.66077742037359,42.61004296249789,42.873228381918665,42.45076074220625,0.3635768666666667,0.41762797967883203,27.021986096984463,27.17328332420335,19.130977900754658,26.842594314224794,23.115610274646194,23.259892573475557,23.165349145507694,23.041024077170913,19.141751556668304,23.22877876336191,23.134286235372947,23.009984093812935,1.0,0.0,0.8333333333333334,0.25,0.0,19.141751556668304,23.134286235372947,26.842594314224794,16.860803177534596,21.384466728864414,25.18040251929401,1.1784821939443633e-16,1.2543914050588204e-15,0.0,2.102410422954088e-15,4.411489310479986e-14,converged
2025-01-15T12:35:00+08:00,4.583333333333333,-6.5,115.0,3.6,52.2,52.2,44.6,44.6,35.0,55.00000000000001,85.0,38.74512278939144,10.604583893134942,13.340490688702273,14.800048207554225,79.24894792501726,1.1222625066830707,51.8,51.8,51.8,41.69688941764541,42.64457294245419,42.91708160576798,42.489285059598295,0.3645968,0.41802705857471495,27.025719494031073,27.178168922708206,19.13175075183256,26.84563736873115,23.117743492983287,23.26316619762057,23.167774812140944,23.042458972561956,19.142188074644913,23.23205534063675,23.136714148391587,23.01142058278927,1.0,0.0,0.8333333333333334,0.25,0.0,19.142188074644913,23.136714148391587,26.84563736873115,16.785194194675697,21.28857225922825,25.067485916068474,3.503809635002956e-16,2.784875271563973e-16,0.0,7.426387424209458e-16,2.0618984084029238e-14,converged
2025-01-15T12:40:00+08:00,4.666666666666667,-6.583333333333333,115.83333333333333,3.6222222222222222,52.2,52.2,44.6,44.6,35.0,55.00000000000001,85.0,38.74512278939144,10.604583893134942,13.340490688702273,14.800048207554225,79.24894792501726,1.1222625066830707,51.8,51.8,51.8,41.6980188829604,42.645281324248096,42.917645232205125,42.49005339808093,0.36561673333333333,0.41799256216085817,27.029357592399425,27.182973830027645,19.132338026104264,26.848595882735815,23.119729371434225,23.266308929227403,23.170071758419255,23.043765237926188,19.14241458899225,23.235201027151682,23.13901334203067,23.012728441261814,1.0,0.0,0.8333333333333334,0.25,0.0,19.14241458899225,23.13901334203067,26.848595882735815,16.785194194675697,21.28857225922825,25.067485916068474,3.503809635002956e-16,2.7851051039069477e-16,0.0,7.426975066910177e-16,3.322949751210694e-14,converged
2025-01-15T12:45:00+08:00,4.75,-6.666666666666667,116.66666666666667,3.644444444444445,52.2,52.2,44.6,44.6,35.0,55.00000000000001,85.0,38.74512278939144,10.604583893134942,13.340490688702273,14.800048207554225,79.24894792501726,1.1222625066830707,51.8,51.8,51.8,41.69910599819258,42.64594696126729,42.91816485726397,42.490778619813,0.36663666666666667,0.4179600015777652,27.032900700965957,27.1876982939495,19.132740561364106,26.851470091156944,23.121568513358532,23.269321276147277,23.172240458840886,23.044943324889278,19.142432155402187,23.238216330212524,23.14118429028168,23.013908120378943,1.0,0.0,0.8333333333333334,0.25,0.0,19.142432155402187,23.14118429028168,26.851470091156944,16.785194194675697,21.28857225922825,25.067485916068474,3.503809635002956e-16,0.0,0.0,3.1713048662258184e-15,1.9302237708361968e-14,converged
2025-01-15T12:50:00+08:00,4.833333333333333,-6.75,117.5,3.666666666666667,52.2,52.2,44.6,44.6,35.0,55.00000000000001,85.0,38.74512278939144,10.604583893134942,13.340490688702273,14.800048207554225,79.24894792501726,1.1222625066830707,52.057184464425944,51.8,51.8,41.86050567293975,42.64657001605116,42.91864066110976,42.535350169552714,0.3676566,0.41911925868855776,27.03679780732899,27.19276764984267,19.13342781046962,26.85464486820423,23.123261519644963,23.272203744260995,23.17428138615497,23.04599368349123,19.142241824259614,23.241101755158894,23.143227465390698,23.014960069706714,1.0,0.0,0.8333333333333334,0.25,0.0,19.142241824259614,23.143227465390698,26.85464486820423,16.785194194675697,21.28857225922825,25.067485916068474,3.503809635002956e-16,1.38880902527843e-16,0.0,4.120749359246074e-15,4.390650632189593e-14,converged
2025-01-15T12:55:00+08:00,4.916666666666667,-6.833333333333333,118.33333333333333,3.6888888888888887,52.2,52.2,44.6,44.6,35.0,55.00000000000001,85.0,38.74512278939144,10.604583893134942,13.340490688702273,14.800048207554225,79.24894792501726,1.1222625066830707,52.2,52.09691421926174,51.8,41.95076208174677,42.84927064901633,42.919072823152526,42.63001120869191,0.36867653333333333,0.42121414866919993,27.04084783387803,27.197991440735123,19.134189506966035,26.857948033797094,23.125383165156638,23.275500837690615,23.17671184882764,23.047409020458115,19.141844640669117,23.243857805371814,23.14514333786482,23.01588473723441,1.0,0.0,0.8333333333333334,0.25,0.0,19.141844640669117,23.14514333786482,26.857948033797094,16.785194194675697,21.28857225922825,25.067485916068474,3.503809635002956e-16,5.527607379511911e-16,0.0,9.567661797600311e-16,2.0552511899561015e-14,converged
2025-01-15T13:00:00+08:00,5.0,-6.916666666666667,119.16666666666667,3.7111111111111112,52.2,52.2,44.6,44.6,35.0,55.00000000000001,85.0,38.74512278939144,10.604583893134942,13.340490688702273,14.800048207554225,79.24894792501726,1.1222625066830707,52.2,52.2,52.194601126714524,41.951975395196555,42.92018211355497,43.19545564292556,42.76033314625537,0.36969646666666667,0.4237240751161485,27.044801535508007,27.203133501915342,19.134765677014084,26.86116593610077,23.12755645809229,23.278855452381656,23.179192683406004,23.048866403098465,19.142044513062963,23.24720599438855,23.147617403543432,23.01733503260956,1.0,0.0,0.8333333333333334,0.25,0.0,19.142044513062963,23.147617403543432,26.86116593610077,16.785194194675697,21.28857225922825,25.067485916068474,3.503809635002956e-16,1.3737161594490919e-16,0.0,2.8199289362808243e-16,2.7189552001674954e-14,converged
2025-01-15T13:05:00+08:00,5.083333333333333,-7.0,120.0,3.7333333333333334,52.6,52.6,44.8,44.8,35.0,55.00000000000001,85.0,38.91886773463535,10.652138080996535,13.40031351690273,14.866416136736081,79.96129443756489,1.137428012465578,52.2,52.2,52.2,41.98835491147411,42.95490448138709,43.23316473873015,42.79664996219453,0.3707164,0.42407934661339963,27.048712986210965,27.20824469908501,19.135194003083438,26.8643452414334,23.1296274570152,23.282121471615515,23.181585219079512,23.05023394491423,19.142085982204776,23.2504759190293,23.150012985746184,23.01870483565544,1.0,0.0,0.8333333333333334,0.25,0.0,19.142085982204776,23.150012985746184,26.8643452414334,16.71026029202089,21.19353399021384,24.955577496800313,5.787659084657407e-17,0.0,0.0,2.2546114001398125e-15,2.2020692811197892e-14,converged
2025-01-15T13:10:00+08:00,5.166666666666667,-7.083333333333333,120.83333333333333,3.7555555555555555,52.6,52.6,44.8,44.8,35.0,55.00000000000001,85.0,38.91886773463535,10.652138080996535,13.40031351690273,14.866416136736081,79.96129443756489,1.137428012465578,52.2,52.2,52.2,41.989497064710186,42.955596334632006,43.23369263923626,42.7974024356008,0.37173633333333334,0.4240454110022405,27.052528552881057,27.213274502029194,19.135438307344696,26.8674396219073,23.131551367735437,23.285256623101798,23.183849153268607,23.05147309144681,19.141919433709482,23.253614973928553,23.152279964329082,23.019946240329368,1.0,0.0,0.8333333333333334,0.25,0.0,19.141919433709482,23.152279964329082,26.8674396219073,16.71026029202089,21.19353399021384,24.955577496800313,5.787659084657407e-17,1.3726751758943066e-16,0.0,1.4730161319233022e-15,3.272344727610059e-14,converged
2025-01-15T13:15:00+08:00,5.25,-7.166666666666667,121.66666666666667,3.777777777777778,52.6,52.6,44.8,44.8,35.0,55.00000000000001,85.0,38.91886773463535,10.652138080996535,13.40031351690273,14.866416136736081,79.96129443756489,1.137428012465578,52.2,52.2,52.2,41.99059701223417,42.95624565124201,43.23417685850058,42.79811202572367,0.37275626666666667,0.42401340937362303,27.056248546496544,27.218223160859207,19.13549942077668,26.870449313664075,23.133328792810147,23.288261414787996,23.18598496021306,23.05258429366858,19.141545913532973,23.25662366650494,23.15441881303873,23.02105969713806,1.0,0.0,0.8333333333333334,0.25,0.0,19.141545913532973,23.15441881303873,26.870449313664075,16.71026029202089,21.19353399021384,24.955577496800313,5.787659084657407e-17,2.745557552033796e-16,0.0,9.464196556038442e-16,2.6872207387762398e-14,converged
2025-01-15T13:20:00+08:00,5.333333333333333,-7.25,122.5,3.8,52.6,52.6,44.8,44.8,35.0,55.00000000000001,85.0,38.91886773463535,10.652138080996535,13.40031351690273,14.866416136736081,79.96129443756489,1.137428012465578,52.463179176638334,52.2,52.2,42.15608569487646,42.9568525930271,43.23461757533027,42.84378379090612,0.3737762,0.4252022428092302,27.06033296635973,27.2235264445624,19.135857989551692,26.873768631756146,23.13496033232806,23.291136352650057,23.187993112403802,23.05356800096794,19.140966462371853,23.259502502209685,23.156430003876565,23.022045655007563,1.0,0.0,0.8333333333333334,0.25,0.0,19.140966462371853,23.156430003876565,26.873768631756146,16.71026029202089,21.19353399021384,24.955577496800313,5.787659084657407e-17,6.844702949930424e-16,0.0,3.4561335123329033e-15,3.666879981788733e-14,converged
2025-01-15T13:25:00+08:00,5.416666666666667,-7.333333333333333,123.33333333333333,3.822222222222222,52.6,52.6,44.8,44.8,35.0,55.00000000000001,85.0,38.91886773463535,10.652138080996535,13.40031351690273,14.866416136736081,79.96129443756489,1.137428012465578,52.6,52.5045172807829,52.20355380025598,42.24279479366718,43.165070842966195,43.23750360349089,42.94031105998176,0.3747961333333333,0.42732764888263036,27.064559535264184,27.228973812305984,19.13628173448141,26.877207223554375,23.137035913745304,23.294440299060373,23.190404560275038,23.054929913721413,19.14018936844897,23.262258495639685,23.15832019266078,23.022910452298646,1.0,0.0,0.8333333333333334,0.25,0.0,19.14018936844897,23.15832019266078,26.877207223554375,16.71026029202089,21.19353399021384,24.955577496800313,5.787659084657407e-17,1.3621318692031253e-16,0.0,2.8810553316423516e-15,4.34034851699928e-14,converged
2025-01-15T13:30:00+08:00,5.5,-7.416666666666667,124.16666666666667,3.8444444444444446,52.6,52.6,44.8,44.8,35.0,55.00000000000001,85.0,38.91886773463535,10.652138080996535,13.40031351690273,14.866416136736081,79.96129443756489,1.137428012465578,52.6,52.6,52.6,42.244020758427084,43.2309047252785,43.5155880208586,43.069538161678224,0.37581606666666667,0.4298119301174787,27.068689198120875,27.234338752826176,19.136521478289875,26.88056016952334,23.139148796167664,23.297787966052677,23.192853364109588,23.056321596595264,19.14001542258906,23.265610552987805,23.160772400976537,23.02430464446869,1.0,0.0,0.8333333333333334,0.25,0.0,19.14001542258906,23.160772400976537,26.88056016952334,16.71026029202089,21.19353399021384,24.955577496800313,5.787659084657407e-17,4.0627765425839447e-16,0.0,4.062776542583943e-16,3.045992292495985e-14,converged
2025-01-15T13:35:00+08:00,5.583333333333333,-7.5,125.0,3.8666666666666667,53.0,53.0,45.0,45.0,35.0,55.00000000000001,85.0,39.09261267987926,10.699692268858126,13.46013634510319,14.932784065917943,80.67682818283092,1.1527295308452399,52.6,52.6,52.6,42.2806636839841,43.26581650020272,43.54967619599128,43.10460915188051,0.376836,0.43014201453233125,27.07277644238244,27.23967251144374,19.136615040014156,26.883874495680487,23.141159875706514,23.301047284632745,23.195214203723378,23.057623883915205,19.139674152524368,23.268874708464708,23.163137070691654,23.025609847300128,1.0,0.0,0.8333333333333334,0.25,0.0,19.139674152524368,23.163137070691654,26.883874495680487,16.6359924685008,21.099340505812886,24.84466381903675,1.7208982650771557e-16,4.059658829892722e-16,0.0,8.765000570052978e-16,3.1612675519772955e-14,converged
2025-01-15T13:40:00+08:00,5.666666666666667,-7.583333333333333,125.83333333333333,3.888888888888889,53.0,53.0,45.0,45.0,35.0,55.00000000000001,85.0,39.09261267987926,10.699692268858126,13.46013634510319,14.932784065917943,80.67682818283092,1.1527295308452399,52.6,52.6,52.6,42.281818824546434,43.26649248726847,43.55016977072241,43.10534660505954,0.37785593333333334,0.4301086078404822,27.076767223893654,27.24492418129955,19.13652609160791,26.88710351558872,23.14302410951698,23.3041757568038,23.197446555547494,23.058798003512216,19.139126789840997,23.27200801184854,23.16537324743632,23.026786876762756,1.0,0.0,0.8333333333333334,0.25,0.0,19.139126789840997,23.16537324743632,26.88710351558872,16.6359924685008,21.099340505812886,24.84466381903675,1.7208982650771557e-16,2.706649430046066e-16,0.0,2.540416341377966e-15,3.109034936033956e-14,converged
2025-01-15T13:45:00+08:00,5.75,-7.666666666666667,126.66666666666667,3.9111111111111114,53.0,53.0,45.0,45.0,35.0,55.00000000000001,85.0,39.09261267987926,10.699692268858126,13.46013634510319,14.932784065917943,80.67682818283092,1.1527295308452399,52.6,52.6,52.6,42.28293190008704,43.26712614232581,43.550619976844416,43.106041403338985,0.37887586666666667,0.4300771334192188,27.080661855714077,27.250094014803903,19.136255457425023,26.890247466605103,23.144742099389013,23.307173890621435,23.19955089358058,23.059844405728654,19.138374371058806,23.27501097068223,23.167481404729358,23.027836182744696,1.0,0.0,0.8333333333333334,0.25,0.0,19.138374371058806,23.167481404729358,26.890247466605103,16.6359924685008,21.099340505812886,24.84466381903675,1.7208982650771557e-16,0.0,0.0,1.2662389123681465e-15,2.649540701369485e-14,converged
2025-01-15T13:50:00+08:00,5.833333333333333,-7.75,127.5,3.9333333333333336,53.0,53.0,45.0,45.0,35.0,55.00000000000001,85.0,39.09261267987926,10.699692268858126,13.46013634510319,14.932784065917943,80.67682818283092,1.1527295308452399,52.86912060251993,52.6,52.6,42.45248963749618,43.26771762646768,43.55102699183973,43.15280867753692,0.3798958,0.43129531336027743,27.0849312766839,27.255628146208746,19.136294890259904,26.89371004282458,23.14631444464637,23.31004219216853,23.20152769007267,23.060763539324522,19.137417927484588,23.277884090540066,23.16946201434459,23.028758213554966,1.0,0.0,0.8333333333333334,0.25,0.0,19.137417927484588,23.16946201434459,26.89371004282458,16.6359924685008,21.099340505812886,24.84466381903675,1.7208982650771557e-16,6.748005265807784e-16,0.0,2.842179824868952e-15,4.49313292247735e-14,converged
2025-01-15T13:55:00+08:00,5.916666666666667,-7.833333333333333,128.33333333333334,3.9555555555555553,53.0,53.0,45.0,45.0,35.0,55.00000000000001,85.0,39.09261267987926,10.699692268858126,13.46013634510319,14.932784065917943,80.67682818283092,1.1527295308452399,53.0,52.91205275953497,52.61242689447707,42.535668521997316,43.48142319943405,43.56010704423139,43.25262510860767,0.38091573333333334,0.43347861649928265,27.089332148323294,27.261296081809345,19.136390268924877,26.897282837521903,23.148346113349167,23.313353775992738,23.20392143669595,23.062074002430393,19.136283859944896,23.280650660397498,23.17133719247665,23.029574031375216,1.0,0.0,0.8333333333333334,0.25,0.0,19.136390268924877,23.17133719247665,26.897282837521903,16.6359924685008,21.099340505812886,24.84466381903675,1.7208982650771557e-16,9.39962459243814e-16,0.0,2.5705619229880625e-15,4.104149114299604e-14,converged
2025-01-15T14:00:00+08:00,6.0,-7.916666666666667,129.16666666666666,3.977777777777778,53.0,53.0,45.0,45.0,35.0,55.00000000000001,85.0,39.09261267987926,10.699692268858126,13.46013634510319,14.932784065917943,80.67682818283092,1.1527295308452399,53.0,53.0,53.0,42.53690742505888,43.542207667656385,43.83237768672893,43.37789639358045,0.3819356666666667,0.4358821132806551,27.093635539368154,27.266880901105438,19.136303129252642,26.90076960680452,23.15040083516709,23.316695378186797,23.2063396149584,23.063402045085553,19.1357370879592,23.283997564660016,23.173759542623987,23.03090522420413,1.0,0.0,0.8333333333333334,0.25,0.0,19.136303129252642,23.173759542623987,26.90076960680452,16.6359924685008,21.099340505812886,24.84466381903675,1.7208982650771557e-16,5.341596651018231e-16,0.0,2.6707983255091143e-16,2.9885965816787654e-14,converged
2025-01-15T14:05:00+08:00,6.083333333333333,-8.0,130.0,4.0,53.4,53.4,45.2,45.2,35.0,55.00000000000001,85.0,39.26635762512316,10.747246456719719,13.519959173303649,14.999151995099796,81.39554916081525,1.1681676690211493,53.0,53.0,53.0,42.57380968145319,43.57730589683126,43.86661800583992,43.41316067843479,0.38295559999999995,0.43621479211927633,27.09789634114865,27.272434219584806,19.136071425690538,26.904217728529698,23.152354231518057,23.31994887087755,23.208670154191676,23.064641126345673,19.135025022590586,23.287256805383734,23.176094679297332,23.03214786217153,1.0,0.0,0.8333333333333334,0.25,0.0,19.136071425690538,23.176094679297332,26.904217728529698,16.56238188235699,21.005980592070348,24.734731678244557,3.4114055395697004e-16,0.0,0.0,1.4010228256312224e-15,2.931959667878156e-14,converged
2025-01-15T14:10:00+08:00,6.166666666666667,-8.083333333333332,128.19444444444446,4.006944444444445,53.4,53.4,45.2,45.2,35.0,55.00000000000001,85.0,39.26635762512316,10.747246456719719,13.519959173303649,14.999151995099796,81.39554916081525,1.1681676690211493,53.0,53.0,53.0,42.57495352519463,43.577945880876435,43.8670589753901,43.41386254893501,0.385076425,0.4361828560156161,27.101928377958345,27.277738353055742,19.13552440240539,26.90748228621998,23.154029341857328,23.32290519238965,23.210737979446673,23.065654416918523,19.13397711814493,23.290218865295078,23.17816709356966,23.03316470112131,1.0,0.0,0.8333333333333334,0.25,0.0,19.13552440240539,23.17816709356966,26.90748228621998,16.56238188235699,21.005980592070348,24.734731678244557,3.4114055395697004e-16,1.3344784213936062e-16,0.0,1.5292238142678088e-15,2.5762505686174644e-14,converged
2025-01-15T14:15:00+08:00,6.25,-8.166666666666668,126.38888888888889,4.013888888888889,53.4,53.4,45.2,45.2,35.0,55.00000000000001,85.0,39.26635762512316,10.747246456719719,13.519959173303649,14.999151995099796,81.39554916081525,1.1681676690211493,53.0,53.0,53.0,42.576006435572125,43.578502285235004,43.86741772381742,43.41447934598952,0.38719725,0.43615479087444803,27.105732392710713,27.282794068220394,19.134663483964676,26.910563790957116,23.155427307056794,23.325565497021287,23.21254406025135,23.066442710459718,19.132595064080814,23.292884897519258,23.17997775398327,23.033956533905982,1.0,0.0,0.8333333333333334,0.25,0.0,19.134663483964676,23.17997775398327,26.910563790957116,16.56238188235699,21.005980592070348,24.734731678244557,3.4114055395697004e-16,6.672821453682384e-16,0.0,1.4572561555312553e-15,3.19323596681769e-14,converged
2025-01-15T14:20:00+08:00,6.333333333333333,-8.25,124.58333333333333,4.020833333333333,53.4,53.4,45.2,45.2,35.0,55.00000000000001,85.0,39.26635762512316,10.747246456719719,13.519959173303649,14.999151995099796,81.39554916081525,1.1681676690211493,53.27500944941144,53.0,53.0,42.74949095929403,43.57897542866612,43.86769458381167,43.46223092243503,0.389318075,0.4374069362608987,27.109790618702004,27.288058307327507,19.133992047999747,26.91387552641877,23.156549263311184,23.327930934587013,23.214089362555697,23.067006797835173,19.13088054135789,23.295256050707117,23.181527625509883,23.034524150594102,1.0,0.0,0.8333333333333334,0.25,0.0,19.133992047999747,23.181527625509883,26.91387552641877,16.56238188235699,21.005980592070348,24.734731678244557,3.4114055395697004e-16,3.9922316786546203e-16,0.0,3.1216057318598546e-15,4.29909826352455e-14,converged
2025-01-15T14:25:00+08:00,6.416666666666667,-8.333333333333332,122.77777777777779,4.027777777777778,53.4,53.4,45.2,45.2,35.0,55.00000000000001,85.0,39.26635762512316,10.747246456719719,13.519959173303649,14.999151995099796,81.39554916081525,1.1681676690211493,53.4,53.31952155263437,53.02122146574044,42.82898555491911,43.7979935737178,43.88279774781089,43.565168889880134,0.3914389,0.43965443923071296,27.11383921822372,27.293281262433,19.133234901275184,26.917191420128738,23.158015643914357,23.330589408003995,23.21593231173812,23.067878421584023,19.128878577560492,23.297372409188974,23.18285466288421,23.034903570378145,1.0,0.0,0.8333333333333334,0.25,0.0,19.133234901275184,23.18285466288421,26.917191420128738,16.56238188235699,21.005980592070348,24.734731678244557,3.4114055395697004e-16,5.295764647828098e-16,0.0,2.260024329258255e-15,4.719625934803506e-14,converged
2025-01-15T14:30:00+08:00,6.5,-8.416666666666668,120.97222222222221,4.034722222222222,53.4,53.4,45.2,45.2,35.0,55.00000000000001,85.0,39.26635762512316,10.747246456719719,13.519959173303649,14.999151995099796,81.39554916081525,1.1681676690211493,53.4,53.4,53.4,42.830018089384446,43.85357097185858,44.14911293967683,43.68631593242002,0.393559725,0.441986408045892,27.11765974190076,27.298256049004966,19.13216480870141,26.920324117955037,23.15936139956722,23.333100521754336,23.21765449615806,23.06865904339625,19.127319153331584,23.29988970836486,23.184581764228643,23.035687965945538,1.0,0.0,0.8333333333333334,0.25,0.0,19.13216480870141,23.184581764228643,26.920324117955037,16.56238188235699,21.005980592070348,24.734731678244557,3.4114055395697004e-16,0.0,0.0,0.0,2.9030006754514945e-14,converged
2025-01-15T14:35:00+08:00,6.583333333333333,-8.5,119.16666666666667,4.041666666666667,53.8,53.8,45.4,45.4,35.0,55.00000000000001,85.0,39.44010257036707,10.794800644581308,13.579782001504107,15.065519924281654,82.1174573715179,1.1837430341924016,53.4,53.4,53.4,42.86691069117391,43.88862898084364,44.18329250623778,43.72154051987006,0.39568054999999996,0.44233223950998635,27.121307902757263,27.30303515510803,19.13082045730676,26.923321614529712,23.160477300583835,23.33536062409924,23.219157486437823,23.069254993413598,19.12546807528781,23.302156437912476,23.1860900941442,23.036288094637868,1.0,0.0,0.8333333333333334,0.25,0.0,19.13082045730676,23.1860900941442,26.923321614529712,16.489419847632952,20.91344323263392,24.62576810256947,1.6907076533511424e-16,3.947778776736888e-16,0.0,1.7691785734877424e-15,2.5943894938866675e-14,converged
2025-01-15T14:40:00+08:00,6.666666666666667,-8.583333333333332,117.36111111111111,4.048611111111111,53.8,53.8,45.4,45.4,35.0,55.00000000000001,85.0,39.44010257036707,10.794800644581308,13.579782001504107,15.065519924281654,82.1174573715179,1.1837430341924016,53.4,53.4,53.4,42.86777760509878,43.88900899819396,44.183470119504776,43.7219764860786,0.397801375,0.44231231465420034,27.124729280798697,27.30756744910293,19.129165814597243,26.926136796494887,23.161318347530194,23.337327410837045,23.22040081487446,23.069627412723342,19.123286890387185,23.30412983472362,23.18733874783005,23.036664679726055,1.0,0.0,0.8333333333333334,0.25,0.0,19.129165814597243,23.18733874783005,26.926136796494887,16.489419847632952,20.91344323263392,24.62576810256947,1.6907076533511424e-16,2.631971074962005e-16,0.0,1.050495219518416e-15,3.07911533564657e-14,converged
2025-01-15T14:45:00+08:00,6.75,-8.666666666666668,115.55555555555554,4.055555555555555,53.8,53.8,45.4,45.4,35.0,55.00000000000001,85.0,39.44010257036707,10.794800644581308,13.579782001504107,15.065519924281654,82.1174573715179,1.1837430341924016,53.4,53.4,53.4,42.868554886268406,43.889306722122726,44.183566879805014,43.7223287003135,0.3999222,0.44229621749414777,27.127924612975097,27.31185369087917,19.12720228275947,26.928770171780133,23.161885667625167,23.339002021711156,23.221385440086685,23.0697770873279,19.120777259635556,23.305811037417516,23.188328682956417,23.03681850643654,1.0,0.0,0.8333333333333334,0.25,0.0,19.12720228275947,23.188328682956417,26.928770171780133,16.489419847632952,20.91344323263392,24.62576810256947,1.6907076533511424e-16,1.184430088932737e-15,0.0,2.440709531539055e-15,2.4515386838842015e-14,converged
2025-01-15T14:50:00+08:00,6.833333333333333,-8.75,113.75,4.0625,53.8,53.8,45.4,45.4,35.0,55.00000000000001,85.0,39.44010257036707,10.794800644581308,13.579782001504107,15.065519924281654,82.1174573715179,1.1837430341924016,53.68084641218936,53.4,53.4,43.04578070317595,43.88952246658329,44.18358311427075,43.770916091854396,0.402043025,0.44358871825112617,27.131386921842928,27.316361044131288,19.12544415958248,26.931644276904244,23.162180383464726,23.340385592036252,23.222112317154185,23.069704800465864,19.117940835681058,23.307201180193648,23.18906085366168,23.036750357237548,1.0,0.0,0.8333333333333334,0.25,0.0,19.12544415958248,23.18906085366168,26.931644276904244,16.489419847632952,20.91344323263392,24.62576810256947,1.6907076533511424e-16,0.0,0.0,1.2262669562912447e-15,5.188882402703377e-14,converged
2025-01-15T14:55:00+08:00,6.916666666666667,-8.833333333333332,111.94444444444444,4.069444444444445,53.8,53.8,45.4,45.4,35.0,55.00000000000001,85.0,39.44010257036707,10.794800644581308,13.579782001504107,15.065519924281654,82.1174573715179,1.1837430341924016,53.8,53.72692454138928,53.42993855179444,43.12149201862038,44.11372581643399,44.20458347112937,43.87685654824537,0.40416385,0.44590460490591366,27.134831573236234,27.32081999734344,19.123594729452456,26.93451521455708,23.162837735765017,23.342080053632777,23.223153203884916,23.069954996735074,19.114840458381188,23.308356369570998,23.18958843883146,23.036510753382036,1.0,0.0,0.8333333333333334,0.25,0.0,19.123594729452456,23.18958843883146,26.93451521455708,16.489419847632952,20.91344323263392,24.62576810256947,1.6907076533511424e-16,5.221534855039165e-16,0.0,2.141804360590738e-15,2.8820684432444316e-14,converged
2025-01-15T15:00:00+08:00,7.0,-8.916666666666668,110.13888888888889,4.076388888888889,53.8,53.8,45.4,45.4,35.0,55.00000000000001,85.0,39.44010257036707,10.794800644581308,13.579782001504107,15.065519924281654,82.1174573715179,1.1837430341924016,53.8,53.8,53.8,43.12225219415589,44.16406850938793,44.46492448627475,43.99384461848663,0.406284675,0.4481682937034397,27.138050103135768,27.32503312413983,19.121437290426076,26.93720419019432,23.163363565164087,23.34361742970744,23.22406348784269,23.070104186130333,19.112170775092768,23.30990077177707,23.19050435139719,23.03666431521473,1.0,0.0,0.8333333333333334,0.25,0.0,19.121437290426076,23.19050435139719,26.93720419019432,16.489419847632952,20.91344323263392,24.62576810256947,1.6907076533511424e-16,2.5975804951514204e-16,0.0,3.896370742727131e-16,2.8117319360146237e-14,converged
2025-01-15T15:05:00+08:00,7.083333333333333,-9.0,108.33333333333333,4.083333333333333,54.2,54.2,45.6,45.6,35.0,55.00000000000001,85.0,39.61384751561098,10.8423548324429,13.639604829704565,15.131887853463514,82.84255281493891,1.1994562335580918,53.8,53.8,53.8,43.15912015055978,44.19907511737299,44.49903414152922,44.029018057322745,0.4084055,0.44852799879386945,27.141098616510018,27.32905327292592,19.119010654310703,26.939759539999816,23.163663144252546,23.344907798114736,23.224757789412877,23.070071134234304,19.109215187358668,23.311198603869332,23.191204701402263,23.036636039027226,1.0,0.0,0.8333333333333334,0.25,0.0,19.119010654310703,23.191204701402263,26.939759539999816,16.417097830757367,20.82171760442061,24.51776034773364,1.6759094080780817e-16,3.893245978177026e-16,0.0,2.205120715698514e-15,3.2543621119078886e-14,converged
2025-01-15T15:10:00+08:00,7.166666666666667,-9.083333333333332,106.52777777777779,4.090277777777778,54.2,54.2,45.6,45.6,35.0,55.00000000000001,85.0,39.61384751561098,10.8423548324429,13.639604829704565,15.131887853463514,82.84255281493891,1.1994562335580918,53.8,53.8,53.8,43.15971825820592,44.199203098570116,44.49895683539627,44.02919629601932,0.41052632499999997,0.44851981690935133,27.14392228957703,27.33282893862534,19.116278620439303,26.94213380263066,23.163691216886,23.34590861739711,23.22519541388637,23.069816763579926,19.105935053956134,23.312206862497668,23.191648354175307,23.03638642677218,1.0,0.0,0.8333333333333334,0.25,0.0,19.116278620439303,23.191648354175307,26.94213380263066,16.417097830757367,20.82171760442061,24.51776034773364,1.6759094080780817e-16,3.8933169986487937e-16,0.0,1.0753073908191255e-15,2.7131066263147833e-14,converged
2025-01-15T15:15:00+08:00,7.25,-9.166666666666668,104.72222222222221,4.097222222222222,54.2,54.2,45.6,45.6,35.0,55.00000000000001,85.0,39.61384751561098,10.8423548324429,13.639604829704565,15.131887853463514,82.84255281493891,1.1994562335580918,53.8,53.8,53.8,43.16022800229945,44.19925004088067,44.49880000806534,44.029292070793936,0.41264715,0.44851542045582743,27.146521853440703,27.3363608744373,19.11324256921359,26.94432748291878,23.163448896962688,23.346621013075218,23.225377309210483,23.069341852677283,19.10233200828273,23.312926672105746,23.19183625675115,23.035916256210037,1.0,0.0,0.8333333333333334,0.25,0.0,19.11324256921359,23.19183625675115,26.94432748291878,16.417097830757367,20.82171760442061,24.51776034773364,1.6759094080780817e-16,1.2977850539522322e-16,0.0,8.25968527316219e-16,2.4853054331357466e-14,converged
2025-01-15T15:20:00+08:00,7.333333333333333,-9.25,102.91666666666667,4.104166666666667,54.2,54.2,45.6,45.6,35.0,55.00000000000001,85.0,39.61384751561098,10.8423548324429,13.639604829704565,15.131887853463514,82.84255281493891,1.1994562335580918,54.086632173539414,53.8,53.8,43.34118325833668,44.19921625356949,44.4985639812607,44.07871793676842,0.41476797499999996,0.44984781795333156,27.14940104990612,27.340126399204216,19.11042763524686,26.946772310211628,23.162937293810888,23.34704610629465,23.225304419831602,23.06864717729797,19.09840767551533,23.31335915277091,23.19176935267072,23.035226302368244,1.0,0.0,0.8333333333333334,0.25,0.0,19.11042763524686,23.19176935267072,26.946772310211628,16.417097830757367,20.82171760442061,24.51776034773364,1.6759094080780817e-16,5.175764655549004e-16,0.0,6.146713140379899e-16,3.266879486346584e-14,converged
2025-01-15T15:25:00+08:00,7.416666666666667,-9.333333333333332,101.11111111111111,4.111111111111111,54.2,54.2,45.6,45.6,35.0,55.00000000000001,85.0,39.61384751561098,10.8423548324429,13.639604829704565,15.131887853463514,82.84255281493891,1.1994562335580918,54.2,54.134262591646355,53.83857917218131,43.413135898592145,44.428582337326596,44.5254347683265,44.18764965654843,0.4168888,0.45223139458753314,27.152254582964087,27.343836425333446,19.10751574588727,26.94920667759134,23.16280634748844,23.347799755441805,23.225561738722146,23.068289791427752,19.09424257030874,23.313576316615375,23.19151593420026,23.03438148305368,1.0,0.0,0.8333333333333334,0.25,0.0,19.10751574588727,23.19151593420026,26.94920667759134,16.417097830757367,20.82171760442061,24.51776034773364,1.6759094080780817e-16,7.722727118477507e-16,0.0,3.2195883029701937e-15,4.2014972039156976e-14,converged
2025-01-15T15:30:00+08:00,7.5,-9.416666666666668,99.30555555555554,4.118055555555555,54.2,54.2,45.6,45.6,35.0,55.00000000000001,85.0,39.61384751561098,10.8423548324429,13.639604829704565,15.131887853463514,82.84255281493891,1.1994562335580918,54.2,54.2,54.2,43.4136317160017,44.473725118034956,44.77984178103538,44.300508269985215,0.419009625,0.4544271231682755,27.15488390972422,27.347302923796452,19.104300652122447,26.951460295069275,23.162533001447972,23.348386604042016,23.225678644005495,23.067821435473316,19.09049628111977,23.314170990788114,23.191639147448328,23.03391807404844,1.0,0.0,0.8333333333333334,0.25,0.0,19.104300652122447,23.191639147448328,26.951460295069275,16.417097830757367,20.82171760442061,24.51776034773364,1.6759094080780817e-16,7.685411976421086e-16,0.0,1.2809019960701808e-16,2.0948452688334138e-14,converged
2025-01-15T15:35:00+08:00,7.583333333333333,-9.5,97.5,4.125,54.6,54.6,45.8,45.8,35.0,55.00000000000001,85.0,39.78759246085489,10.889909020304493,13.699427657905026,15.198255782645372,83.57083549107824,1.215307874317313,54.2,54.2,54.2,43.450484337420164,44.50868964759999,44.81389166962544,44.33564019346898,0.42113045,0.4548004524959708,27.1573455274532,27.35057910569047,19.100821294451883,26.95358183893411,23.16203692886666,23.348730364694344,23.225582714345855,23.067173221864664,19.086469673640728,23.31452301063753,23.191549942909884,23.03327520915305,1.0,0.0,0.8333333333333334,0.25,0.0,19.100821294451883,23.191549942909884,26.95358183893411,16.345407447216942,20.730793073396935,24.410695892066677,5.5376820089580677e-17,2.559701099417138e-16,0.0,1.4836573869819057e-15,2.6054295564391475e-14,converged
2025-01-15T15:40:00+08:00,7.666666666666667,-9.583333333333332,95.69444444444444,4.131944444444445,54.6,54.6,45.8,45.8,35.0,55.00000000000001,85.0,39.78759246085489,10.889909020304493,13.699427657905026,15.198255782645372,83.57083549107824,1.215307874317313,54.2,54.2,54.2,43.45082154424638,44.50857330408892,44.813567632181474,44.335568651271146,0.423251275,0.45480375097905423,27.15958420841306,27.353613090333905,19.097041301225644,26.955523501389905,23.161272615060312,23.34878825554297,23.22523302633311,23.066305854360415,19.082123915599905,23.314589129410805,23.191206954342267,23.032413168788953,1.0,0.0,0.8333333333333334,0.25,0.0,19.097041301225644,23.191206954342267,26.955523501389905,16.345407447216942,20.730793073396935,24.410695892066677,5.5376820089580677e-17,8.958888872775302e-16,0.0,5.727031343438782e-15,2.275788865990746e-14,converged
2025-01-15T15:45:00+08:00,7.75,-9.666666666666668,93.88888888888889,4.138888888888889,54.6,54.6,45.8,45.8,35.0,55.00000000000001,85.0,39.78759246085489,10.889909020304493,13.699427657905026,15.198255782645372,83.57083549107824,1.215307874317313,54.2,54.2,54.2,43.451071626129746,44.50837714531771,44.81316536995304,44.335415900682285,0.4253721,0.4548107936091176,27.16160067797702,27.356405624356263,19.092962031641328,26.95728578422475,23.160241160931477,23.348561388210864,23.22463051747628,23.06522010413612,19.07746061360688,23.314370457699603,23.190611118376943,23.031332723407658,1.0,0.0,0.8333333333333334,0.25,0.0,19.092962031641328,23.190611118376943,26.95728578422475,16.345407447216942,20.730793073396935,24.410695892066677,5.5376820089580677e-17,0.0,0.0,5.211905325849484e-15,2.8353642446702466e-14,converged
2025-01-15T15:50:00+08:00,7.833333333333333,-9.75,92.08333333333333,4.145833333333333,54.6,54.6,45.8,45.8,35.0,55.00000000000001,85.0,39.78759246085489,10.889909020304493,13.699427657905026,15.198255782645372,83.57083549107824,1.215307874317313,54.492367404222655,54.2,54.2,43.635744360979835,44.50810147597704,44.812685199401706,44.38568270222268,0.42749292499999997,0.4561826367492673,27.163909327841885,27.359444116069685,19.089119374743564,26.959309550163216,23.158943662864427,23.348050869998374,23.223776121820766,23.063916739653664,19.072481366183542,23.31386810178146,23.189763368188583,23.030034640752362,1.0,0.0,0.8333333333333334,0.25,0.0,19.089119374743564,23.189763368188583,26.959309550163216,16.345407447216942,20.730793073396935,24.410695892066677,5.5376820089580677e-17,7.655836442384397e-16,0.0,1.5836262720356449e-15,2.933554796423148e-14,converged
2025-01-15T15:55:00+08:00,7.916666666666667,-9.833333333333332,90.27777777777779,4.152777777777778,54.6,54.6,45.8,45.8,35.0,55.00000000000001,85.0,39.78759246085489,10.889909020304493,13.699427657905026,15.198255782645372,83.57083549107824,1.215307874317313,54.6,54.54153655412824,54.24714432863466,43.703962637167535,44.742607817107036,44.845399663959455,44.49759438125574,0.42961375,0.4586332200604976,27.166184333515755,27.362420028112997,19.085174064293863,26.961315596834616,23.15804465334117,23.347886384621447,23.223267971285125,23.06296533261357,19.06728422687557,23.313169864046845,23.18874699984213,23.02859813080926,1.0,0.0,0.8333333333333334,0.25,0.0,19.085174064293863,23.18874699984213,26.961315596834616,16.345407447216942,20.730793073396935,24.410695892066677,5.5376820089580677e-17,2.538309846189917e-16,0.0,1.4293364520774201e-15,3.202039896919563e-14,converged
2025-01-15T16:00:00+08:00,8.0,-9.916666666666668,88.47222222222221,4.159722222222222,54.6,54.6,45.8,45.8,35.0,55.00000000000001,85.0,39.78759246085489,10.889909020304493,13.699427657905026,15.198255782645372,83.57083549107824,1.215307874317313,54.6,54.6,54.6,43.70420188240954,44.782585086723394,45.09391238262829,44.60635268171877,0.431734575,0.460761307533633,27.16823700960337,27.365154668557565,19.080930224898584,26.963142084282115,23.15699238920784,23.34754539534292,23.22260962384506,23.06189303398036,19.062493996452798,23.312837460185975,23.188095608645764,23.02753133034812,1.0,0.0,0.8333333333333334,0.25,0.0,19.080930224898584,23.188095608645764,26.963142084282115,16.345407447216942,20.730793073396935,24.410695892066677,5.5376820089580677e-17,1.2632931620287707e-16,0.0,1.2632931620287707e-16,3.280191813534775e-14,converged
2025-01-15T16:05:00+08:00,8.083333333333334,-10.0,86.66666666666666,4.166666666666667,55.0,55.0,46.0,46.0,35.0,55.00000000000001,85.0,39.9613374060988,10.937463208166086,13.759250486105485,15.264623711827229,84.30230539993588,1.2312985636691602,54.6,54.6,54.6,43.74104809441304,44.81751647102524,45.12791221250812,44.64145231689144,0.4338554,0.4611480154817295,27.170124245830632,27.367701613293004,19.07642692936892,26.964838027369524,23.155720843399752,23.34696515542026,23.221741525752115,23.060643215260807,19.057428875185774,23.31226623565968,23.187234881488248,23.026287410193895,1.0,0.0,0.8333333333333334,0.25,0.0,19.07642692936892,23.187234881488248,26.964838027369524,16.274340458315997,20.640659190469126,24.30456243166639,1.0979265868875992e-16,3.786701381724166e-16,1.4646220745914323e-16,1.3879315499497162e-15,2.384707864353043e-14,converged
2025-01-15T16:10:00+08:00,8.166666666666666,-10.083333333333334,84.8611111111111,4.173611111111111,55.0,55.0,46.0,46.0,35.0,55.00000000000001,85.0,39.9613374060988,10.937463208166086,13.759250486105485,15.264623711827229,84.30230539993588,1.2312985636691602,54.6,54.6,54.6,43.741132093633226,44.81716330107057,45.127349390356116,44.64113871668006,0.43597622500000005,0.4611625372895,27.171790410526118,27.37000860411348,19.07162763252908,26.96635527346215,23.154184241110567,23.34610263974394,23.22062252340652,23.059176361348918,19.052049837192552,23.311412697440563,23.186123219062484,23.024826429154405,1.0,0.0,0.8333333333333334,0.25,0.0,19.07162763252908,23.186123219062484,26.96635527346215,16.274340458315997,20.640659190469126,24.30456243166639,1.0979265868875992e-16,6.310970233573732e-16,1.4646220745914323e-16,2.3586537952273685e-15,2.6933017492571967e-14,converged
2025-01-15T16:15:00+08:00,8.25,-10.166666666666666,83.05555555555557,4.180555555555555,55.0,55.0,46.0,46.0,35.0,55.00000000000001,85.0,39.9613374060988,10.937463208166086,13.759250486105485,15.264623711827229,84.30230539993588,1.2312985636691602,54.6,54.6,54.6,43.74113017671919,44.816731509374,45.12670960548003,44.64074513196297,0.43809704999999993,0.46118076292008275,27.173236223446008,27.37207638119768,19.066533672938494,26.967694321357357,23.152383670564816,23.344958946357472,23.21925354410749,23.057493236240536,19.04635846309158,23.310277942585028,23.184761547823992,23.02314915052631,1.0,0.0,0.8333333333333334,0.25,0.0,19.066533672938494,23.184761547823992,26.967694321357357,16.274340458315997,20.640659190469126,24.30456243166639,1.0979265868875992e-16,3.7864324963325135e-16,1.4646220745914323e-16,1.918703337468127e-15,3.0758185436986127e-14,converged
2025-01-15T16:20:00+08:00,8.333333333333334,-10.25,81.25,4.1875,55.0,55.0,46.0,46.0,35.0,55.00000000000001,85.0,39.9613374060988,10.937463208166086,13.759250486105485,15.264623711827229,84.30230539993588,1.2312985636691602,54.89805276333472,54.6,54.6,43.92950832959235,44.81622139616349,45.12599316921984,44.69185513837121,0.440217875,0.46259160800151383,27.174986657468892,27.374402377261774,19.061691612606705,26.969305108259558,23.150320215519184,23.34353516903302,23.217635511727114,23.05559460124213,19.040356325542646,23.30886306388638,23.183150790807804,23.021256334922136,1.0,0.0,0.8333333333333334,0.25,0.0,19.061691612606705,23.183150790807804,26.969305108259558,16.274340458315997,20.640659190469126,24.30456243166639,1.0979265868875992e-16,2.516589575195101e-16,1.4646220745914323e-16,2.503633123472006e-15,5.334336583501312e-14,converged
2025-01-15T16:25:00+08:00,8.416666666666666,-10.333333333333334,79.44444444444443,4.194444444444445,55.0,55.0,46.0,46.0,35.0,55.00000000000001,85.0,39.9613374060988,10.937463208166086,13.759250486105485,15.264623711827229,84.30230539993588,1.2312985636691602,55.0,54.94874726476246,54.6556350054667,43.99401626434638,45.055845517269994,45.16452457414656,44.80673539922098,0.4423387000000001,0.4651085249093995,27.17669549174169,27.376658730311473,19.056741153299498,26.970890949441383,23.148672895109044,23.342474716665002,23.21637960194381,23.054062455079325,19.0341588826218,23.30727153990131,23.181389139467313,23.019241381248854,1.0,0.0,0.8333333333333334,0.25,0.0,19.056741153299498,23.181389139467313,26.970890949441383,16.274340458315997,20.640659190469126,24.30456243166639,1.0979265868875992e-16,1.2514855737121982e-16,1.4646220745914323e-16,3.85365236144014e-17,3.437346465003851e-14,converged
2025-01-15T16:30:00+08:00,8.5,-10.416666666666666,77.6388888888889,4.201388888888888,55.0,55.0,46.0,46.0,35.0,55.00000000000001,85.0,39.9613374060988,10.937463208166086,13.759250486105485,15.264623711827229,84.30230539993588,1.2312985636691602,55.0,55.0,55.0,43.994006514281786,45.09069129158595,45.40718224955466,44.91142216582244,0.44445952499999997,0.46716928967012994,27.178183835316926,27.37867602582572,19.051496714819425,26.972298400956145,23.146861487886877,23.341228069528256,23.214963739844933,23.05239953748699,19.028356415500284,23.306034200041587,23.17998085202017,23.01758449061565,1.0,0.0,0.8333333333333334,0.25,0.0,19.051496714819425,23.17998085202017,26.972298400956145,16.274340458315997,20.640659190469126,24.30456243166639,1.0979265868875992e-16,2.4919301075876824e-16,1.4646220745914323e-16,2.491930107587682e-16,2.8091884388786546e-14,converged
2025-01-15T16:35:00+08:00,8.583333333333334,-10.5,75.83333333333333,4.208333333333333,55.3,55.3,46.2,46.2,35.0,55.00000000000001,85.0,40.13508235134271,10.985017396027677,13.819073314305943,15.330991641009087,85.0369625415119,1.2474289088127282,55.0,55.0,55.0,44.030854870515334,45.12559808761596,45.44114130769701,44.94649834760126,0.44658034999999996,0.4675691343640306,27.17950897035613,27.38050820634639,19.04599750562877,26.97357681463436,23.144834166575244,23.339745928212842,23.213341149365693,23.05056139209373,19.022284330654546,23.304561792608084,23.178366248617376,23.015752771334927,1.0,0.0,0.8333333333333334,0.25,0.0,19.04599750562877,23.178366248617376,26.97357681463436,16.203888768020256,20.55130568748008,24.19934787568515,1.0884413044424579e-16,4.979598235682448e-16,0.0,5.590828194365403e-16,3.079008373160651e-14,converged
2025-01-15T16:40:00+08:00,8.666666666666666,-10.583333333333334,74.02777777777776,4.215277777777778,55.3,55.3,46.2,46.2,35.0,55.00000000000001,85.0,40.13508235134271,10.985017396027677,13.819073314305943,15.330991641009087,85.0369625415119,1.2474289088127282,55.0,55.0,55.0,44.030693148773956,45.12501538205997,45.44034741304493,44.94595019476521,0.44870117500000006,0.46759462790408374,27.180614861459897,27.382102634463863,19.04020680473706,26.97467769469514,23.142544894898826,23.33798502177442,23.211470445425107,23.048508284962306,19.015903406322316,23.302810575703205,23.176503495592694,23.013706060642875,1.0,0.0,0.8333333333333334,0.25,0.0,19.04020680473706,23.176503495592694,26.97467769469514,16.203888768020256,20.55130568748008,24.19934787568515,1.0884413044424579e-16,0.0,0.0,2.2550998174742208e-15,2.6313041057972604e-14,converged
2025-01-15T16:45:00+08:00,8.75,-10.666666666666666,72.22222222222223,4.222222222222222,55.3,55.3,46.2,46.2,35.0,55.00000000000001,85.0,40.13508235134271,10.985017396027677,13.819073314305943,15.330991641009087,85.0369625415119,1.2474289088127282,55.0,55.0,55.0,44.03044669067646,45.12435521895173,45.43947778434915,44.945323250514136,0.45082199999999994,0.46762378588215964,27.181502222879207,27.383460044023156,19.034125930617076,26.975601536997537,23.139994748714678,23.335946434988593,23.209352545336518,23.04624097306073,19.009215197904915,23.300781633158216,23.174393509448578,23.011445114832473,1.0,0.0,0.8333333333333334,0.25,0.0,19.034125930617076,23.174393509448578,26.975601536997537,16.203888768020256,20.55130568748008,24.19934787568515,1.0884413044424579e-16,4.979016266562252e-16,0.0,1.6468408529625632e-15,3.3588087969849006e-14,converged
2025-01-15T16:50:00+08:00,8.833333333333334,-10.75,70.41666666666666,4.229166666666667,55.3,55.3,46.2,46.2,35.0,55.00000000000001,85.0,40.13508235134271,10.985017396027677,13.819073314305943,15.330991641009087,85.0369625415119,1.2474289088127282,55.22776667391879,55.0,55.0,44.17441752845003,45.1236178941651,45.438532727965175,44.98411336304035,0.452942825,0.4687190459252888,27.182572847087407,27.384961162414076,19.028173077211697,26.976692680161165,23.137184799461206,23.333631248409723,23.206988363021832,23.043760210691428,19.002221252970234,23.298476044591137,23.17203720330253,23.00897068753622,1.0,0.0,0.8333333333333334,0.25,0.0,19.028173077211697,23.17203720330253,26.976692680161165,16.203888768020256,20.55130568748008,24.19934787568515,1.0884413044424579e-16,2.483690877060941e-16,0.0,2.923139257294655e-15,4.099708644937444e-14,converged
2025-01-15T16:55:00+08:00,8.916666666666666,-10.833333333333334,68.6111111111111,4.236111111111111,55.3,55.3,46.2,46.2,35.0,55.00000000000001,85.0,40.13508235134271,10.985017396027677,13.819073314305943,15.330991641009087,85.0369625415119,1.2474289088127282,55.3,55.26692165875119,55.04803912745889,44.21992976990039,45.3069539168021,45.47151890511174,45.07229550446861,0.4550636500000001,0.47066509775569276,27.183552046747746,27.386345874978716,19.022062693310307,26.977715706183474,23.134635364759284,23.331532507369158,23.204846220068948,23.041511937789018,18.99502150378823,23.29598336023466,23.169519539280977,23.006363580751735,1.0,0.0,0.8333333333333334,0.25,0.0,19.022062693310307,23.169519539280977,26.977715706183474,16.203888768020256,20.55130568748008,24.19934787568515,1.0884413044424579e-16,7.420264794354623e-16,0.0,2.042042486638416e-15,4.0552670114715756e-14,converged
2025-01-15T17:00:00+08:00,9.0,-10.916666666666666,66.80555555555557,4.243055555555555,55.3,55.3,46.2,46.2,35.0,55.00000000000001,85.0,40.13508235134271,10.985017396027677,13.819073314305943,15.330991641009087,85.0369625415119,1.2474289088127282,55.3,55.3,55.3,44.21961652276006,45.32904216234659,45.648876230716674,45.14756286555571,0.457184475,0.47217043441821444,27.184313129457912,27.38749421629184,19.015663582168102,26.978561911897092,23.13189034002592,23.329218249242448,23.202515701362127,23.03910522021189,18.988033353301745,23.293678972330206,23.16719709339766,23.003963331538323,1.0,0.0,0.8333333333333334,0.25,0.0,19.015663582168102,23.16719709339766,26.978561911897092,16.203888768020256,20.55130568748008,24.19934787568515,1.0884413044424579e-16,2.465536029810425e-16,0.0,4.931072059620848e-16,2.5226819819700746e-14,converged
2025-01-15T17:05:00+08:00,9.083333333333334,-11.0,65.0,4.25,55.6,55.6,46.4,46.4,35.0,55.00000000000001,85.0,40.308827296586614,11.032571583889267,13.878896142506399,15.397359570190943,85.7748069158062,1.2636995169471108,55.3,55.3,55.3,44.256292626450104,45.3637668904976,45.682645817515,45.1824568379128,0.45930529999999997,0.47258458502082995,27.18491356701883,27.38846030534981,19.009014983325205,26.979280811003868,23.12893334344867,23.326672750795524,23.19998192974845,23.036525983130964,18.980781625102967,23.291143765841873,23.164671803215832,23.001390959150473,1.0,0.0,0.8333333333333334,0.25,0.0,19.009014983325205,23.164671803215832,26.979280811003868,16.13404441988224,20.46272247330991,24.095040341738233,1.0790784119789316e-16,3.695063027345791e-16,0.0,2.811112429859979e-15,2.9543557100629454e-14,converged
2025-01-15T17:10:00+08:00,9.166666666666666,-11.083333333333334,63.19444444444443,4.256944444444445,55.6,55.6,46.4,46.4,35.0,55.00000000000001,85.0,40.308827296586614,11.032571583889267,13.878896142506399,15.397359570190943,85.7748069158062,1.2636995169471108,55.3,55.3,55.3,44.25583116622611,45.36290652085149,45.68157594736632,45.18162562421753,0.4614261250000001,0.4726234105314261,27.185297120564417,27.38919131365401,19.002080098790753,26.979823738149666,23.125718219290427,23.323852628848005,23.197203416944983,23.033734397364444,18.97322700671553,23.28833388509619,23.161901730411373,22.998606204197216,1.0,0.0,0.75,0.25,0.0,19.002080098790753,23.161901730411373,26.979823738149666,16.13404441988224,20.46272247330991,24.095040341738233,1.0790784119789316e-16,1.108427844554207e-15,0.0,4.317255070279794e-15,3.4763719134541806e-14,converged
2025-01-15T17:15:00+08:00,9.25,-11.166666666666666,61.3888888888889,4.263888888888888,55.6,55.6,46.4,46.4,35.0,55.00000000000001,85.0,40.308827296586614,11.032571583889267,13.878896142506399,15.397359570190943,85.7748069158062,1.2636995169471108,55.3,55.3,55.3,44.25528633371582,45.36197004003383,45.680431750119496,45.18071699346433,0.46354694999999996,0.47266585214798845,27.185464497094678,27.38968796725213,18.99486022378834,26.980191185135926,23.122246028084284,23.320758952438613,23.194181068118763,23.030731210944428,18.96537102391661,23.285250398232705,23.15888777937585,22.995609814062444,1.0,0.0,0.75,0.25,0.0,18.99486022378834,23.15888777937585,26.980191185135926,16.13404441988224,20.46272247330991,24.095040341738233,1.0790784119789316e-16,9.851807258586217e-16,0.0,2.212633868003954e-15,2.6175665491775345e-14,converged
2025-01-15T17:20:00+08:00,9.333333333333334,-11.25,59.58333333333333,4.270833333333333,55.6,55.6,46.4,46.4,35.0,55.00000000000001,85.0,40.308827296586614,11.032571583889267,13.878896142506399,15.397359570190943,85.7748069158062,1.2636995169471108,55.53195733480706,55.3,55.3,44.40189802155806,45.36095773886303,45.67921352641341,45.22003088563589,0.465667775,0.47379496330712056,27.1858253201427,27.390338412470562,18.98778142827984,26.98073420743632,23.118517826006062,23.317392786444575,23.190915785089096,23.02751716926795,18.95721519479745,23.281894369237243,23.155630851159398,22.992402533499977,1.0,0.0,0.75,0.25,0.0,18.98778142827984,23.155630851159398,26.98073420743632,16.13404441988224,20.46272247330991,24.095040341738233,1.0790784119789316e-16,1.1056870350933374e-15,0.0,3.110170177038324e-15,3.874638637027201e-14,converged
2025-01-15T17:25:00+08:00,9.416666666666666,-11.333333333333334,57.777777777777764,4.277777777777778,55.6,55.6,46.4,46.4,35.0,55.00000000000001,85.0,40.308827296586614,11.032571583889267,13.878896142506399,15.397359570190943,85.7748069158062,1.2636995169471108,55.6,55.5722366516014,55.3542975794957,44.444543491460564,45.54798904135711,45.71641559275906,45.310311130894405,0.46778860000000005,0.4757950078173754,27.186089797354118,27.390868223166645,18.9805426168311,26.98120444069704,23.115064633317083,23.314257316282347,23.18788552697662,23.024547394924923,18.94887229573144,23.278366931081923,23.152226914626656,22.989075650033207,1.0,0.0,0.75,0.25,0.0,18.9805426168311,23.152226914626656,26.98120444069704,16.13404441988224,20.46272247330991,24.095040341738233,1.0790784119789316e-16,3.670130620778347e-16,0.0,2.02288479389871e-15,5.075608508854616e-14,converged
2025-01-15T17:30:00+08:00,9.5,-11.416666666666666,55.97222222222223,4.284722222222222,55.6,55.6,46.4,46.4,35.0,55.00000000000001,85.0,40.308827296586614,11.032571583889267,13.878896142506399,15.397359570190943,85.7748069158062,1.2636995169471108,55.6,55.6,55.6,44.443935488360644,45.566169979167896,45.88933324852314,45.38245658951474,0.46990942499999994,0.4772555387429023,27.18613848571606,27.39116430055613,18.973020189951022,26.981499396961027,23.1114092879799,23.31090062731749,23.184660925629398,23.021412904663283,18.94073422409993,23.27502063775115,23.14901085367367,22.985948045420095,1.0,0.0,0.75,0.25,0.0,18.973020189951022,23.14901085367367,26.981499396961027,16.13404441988224,20.46272247330991,24.095040341738233,1.0790784119789316e-16,1.2196330097454122e-16,0.0,7.317798058472467e-16,3.018080345264733e-14,converged
2025-01-15T17:35:00+08:00,9.583333333333334,-11.5,54.166666666666664,4.291666666666667,55.9,55.9,46.6,46.6,35.0,55.00000000000001,85.0,40.48257224183052,11.08012577175086,13.93871897070686,15.463727499372801,86.51583852281891,1.2801109952714036,55.6,55.6,55.6,44.480451521640184,45.600724766623124,45.92292602834394,45.41718069986899,0.47203025,0.4776837404555518,27.18602905122263,27.39128094605481,18.965253423904038,26.98166875400889,23.10754582505548,23.307316862702514,23.181236477577603,23.018108551554462,18.93233844270812,23.271447685955252,23.145595351052325,22.98265097164331,1.0,0.0,0.75,0.25,0.0,18.965253423904038,23.145595351052325,26.98166875400889,16.064799594045834,20.37489963007682,23.99162815143034,1.0698358128967932e-16,6.092698576882334e-16,0.0,1.2946360378347837e-15,2.8783662687047546e-14,converged
2025-01-15T17:40:00+08:00,9.666666666666666,-11.583333333333334,52.36111111111109,4.298611111111111,55.9,55.9,46.6,46.6,35.0,55.00000000000001,85.0,40.48257224183052,11.08012577175086,13.93871897070686,15.463727499372801,86.51583852281891,1.2801109952714036,55.6,55.6,55.6,44.47969896317261,45.599595187885804,45.92158900108738,45.416075069823215,0.4741510750000001,0.4777356063956474,27.18570504719437,27.391165134308412,18.957205439217763,26.98166367479927,23.103427964613317,23.303462521403148,23.177570587103283,23.014594408338116,18.923645543663135,23.267604100580606,23.141938359514285,22.979144069830667,1.0,0.0,0.75,0.25,0.0,18.957205439217763,23.141938359514285,26.98166367479927,16.064799594045834,20.37489963007682,23.99162815143034,1.0698358128967932e-16,2.4368148462964442e-16,0.0,8.210825438664979e-16,2.3878317075014274e-14,converged
2025-01-15T17:45:00+08:00,9.75,-11.666666666666666,50.555555555555564,4.305555555555555,55.9,55.9,46.6,46.6,35.0,55.00000000000001,85.0,40.48257224183052,11.08012577175086,13.93871897070686,15.463727499372801,86.51583852281891,1.2801109952714036,55.6,55.6,55.6,44.47886436355902,45.59839081069519,45.92017901592352,45.414893362051565,0.47627189999999997,0.4777910411992954,27.185167173515985,27.390817583702756,18.94887750848227,26.981484647141063,23.09905675222965,23.29933865707613,23.173664147487855,23.010871214293857,18.914657023992746,23.263490934428415,23.138040771599762,22.975428078639602,1.0,0.0,0.75,0.25,0.0,18.94887750848227,23.138040771599762,26.981484647141063,16.064799594045834,20.37489963007682,23.99162815143034,1.0698358128967932e-16,1.2182660597268906e-16,0.0,5.843082017744142e-16,2.7293413100990365e-14,converged
2025-01-15T17:50:00+08:00,9.833333333333334,-11.75,48.74999999999999,4.3125,55.9,55.9,46.6,46.6,35.0,55.00000000000001,85.0,40.48257224183052,11.08012577175086,13.93871897070686,15.463727499372801,86.51583852281891,1.2801109952714036,55.836112024357256,55.6,55.6,44.62811095279194,45.59711192093919,45.91869636792961,45.45473563345201,0.47839272499999996,0.47895357679549444,27.184832834723814,27.390633812097406,18.940703518824222,26.981489400433873,23.094433229183394,23.294946319275148,23.1695180487078,23.00693970609615,18.90537437318194,23.259109236204345,23.133903476550152,22.971503734127246,1.0,0.0,0.75,0.25,0.0,18.940703518824222,23.133903476550152,26.981489400433873,16.064799594045834,20.37489963007682,23.99162815143034,1.0698358128967932e-16,6.076545174055685e-16,0.0,3.12943464041597e-15,2.4467534198601928e-14,converged
2025-01-15T17:55:00+08:00,9.916666666666666,-11.833333333333334,46.94444444444443,4.319444444444445,55.9,55.9,46.6,46.6,35.0,55.00000000000001,85.0,40.48257224183052,11.08012577175086,13.93871897070686,15.463727499372801,86.51583852281891,1.2801109952714036,55.9,55.87750602219539,55.660502310914175,44.667910328477745,45.78782491076767,45.960097657784836,45.54710859581279,0.48051355000000007,0.481007021843012,27.184397229867876,27.39032517318847,18.932366947938146,26.98141670649413,23.090099041700096,23.290798760892763,23.16561981838304,23.00326412319776,18.895923114636407,23.254571638870246,23.129633371322242,22.967472734413594,1.0,0.0,0.75,0.25,0.0,18.932366947938146,23.129633371322242,26.98141670649413,16.064799594045834,20.37489963007682,23.99162815143034,1.0698358128967932e-16,9.6809665173603e-16,0.0,2.5768226364656277e-15,4.2728325974960315e-14,converged
2025-01-15T18:00:00+08:00,10.0,-11.916666666666666,45.1388888888889,4.326388888888888,55.9,55.9,46.6,46.6,35.0,55.00000000000001,85.0,40.48257224183052,11.08012577175086,13.93871897070686,15.463727499372801,86.51583852281891,1.2801109952714036,55.9,55.9,55.9,44.66701608030505,45.80212644822229,46.12860740234518,45.61615622162512,0.48263437499999995,0.48242287499410547,27.183748119382326,27.38978539133329,18.923751736933124,26.98117025318957,23.085556121708635,23.286424258679144,23.161521271420174,22.999417562739033,18.886669834745653,23.25020802183098,23.125543803015155,22.963633453731855,1.0,0.0,0.6666666666666666,0.25,0.0,18.923751736933124,23.125543803015155,26.98117025318957,16.064799594045834,20.37489963007682,23.99162815143034,1.0698358128967932e-16,4.826277022139849e-16,0.0,4.826277022139849e-16,3.14054484778127e-14,converged
2025-01-15T18:05:00+08:00,10.083333333333334,-12.0,43.33333333333333,4.333333333333333,56.2,56.2,46.8,46.8,35.0,55.00000000000001,85.0,40.65631718707443,11.12767995961245,13.998541798907315,15.530095428554658,87.26005736254989,1.296663950984699,55.9,55.9,55.9,44.70338378393639,45.83652296911884,46.162035546416725,45.650722352230275,0.4847552,0.4828648768278357,27.18294336772355,27.38906895600767,18.914897204116052,26.98079988442765,23.08080885220957,23.281826758006208,23.157226215927018,22.995403745321454,18.87716454575809,23.24562181927097,23.12125812787693,22.95962730730056,1.0,0.0,0.6666666666666666,0.25,0.0,18.914897204116052,23.12125812787693,26.98079988442765,15.996146604327693,20.28782740943547,23.88909982599688,1.060711455299036e-16,2.410929587418354e-16,0.0,1.1638639278680074e-15,2.7295811545766142e-14,converged
2025-01-15T18:10:00+08:00,10.166666666666666,-12.083333333333334,41.52777777777776,4.340277777777778,56.2,56.2,46.8,46.8,35.0,55.00000000000001,85.0,40.65631718707443,11.12767995961245,13.998541798907315,15.530095428554658,87.26005736254989,1.296663950984699,55.9,55.9,55.9,44.70234853995323,45.83513240433941,46.16043992264221,45.6493507097339,0.48687602500000005,0.48292949777067923,27.1819263163349,27.388122639558087,18.905766384351974,26.980256589524803,23.075810824663023,23.276962634708383,23.15269294478061,22.99118264296217,18.867367740007328,23.240768931315195,23.116734185733694,22.955413834103705,1.0,0.0,0.6666666666666666,0.25,0.0,18.905766384351974,23.116734185733694,26.980256589524803,15.996146604327693,20.28782740943547,23.88909982599688,1.060711455299036e-16,4.821213960395314e-16,0.0,9.295063058615557e-16,2.7701848172566308e-14,converged
2025-01-15T18:15:00+08:00,10.25,-12.166666666666666,39.72222222222223,4.347222222222222,56.2,56.2,46.8,46.8,35.0,55.00000000000001,85.0,40.65631718707443,11.12767995961245,13.998541798907315,15.530095428554658,87.26005736254989,1.296663950984699,55.9,55.9,55.9,44.70123255387577,45.83366832103228,46.158772673461996,45.64790429475532,0.48899685,0.4829976414013304,27.180697658119353,27.386947152842033,18.89636052819742,26.979540852361627,23.070563070047317,23.271832927407903,23.14792233963228,22.98675498636831,18.857280886621428,23.235650395772485,23.111972857528723,22.950993764251447,1.0,0.0,0.6666666666666666,0.25,0.0,18.89636052819742,23.111972857528723,26.979540852361627,15.996146604327693,20.28782740943547,23.88909982599688,1.060711455299036e-16,1.2051334400844772e-16,0.0,1.6319015242516578e-15,2.7625960067109757e-14,converged
2025-01-15T18:20:00+08:00,10.333333333333334,-12.25,37.916666666666664,4.354166666666667,56.2,56.2,46.8,46.8,35.0,55.00000000000001,85.0,40.65631718707443,11.12767995961245,13.998541798907315,15.530095428554658,87.26005736254989,1.296663950984699,56.14023120374034,55.9,55.9,44.853107952415314,45.83213100027669,46.157034088542424,45.688279328789186,0.491117675,0.48419318216215035,27.179682529022045,27.38594533828631,18.887121281738864,26.979017033731797,23.06506661510197,23.26643867068107,23.14291527887031,22.982121503671163,18.846905447324644,23.23026724641303,23.106975020948195,22.946367825282838,1.0,0.0,0.6666666666666666,0.25,0.0,18.887121281738864,23.106975020948195,26.979017033731797,15.996146604327693,20.28782740943547,23.88909982599688,1.060711455299036e-16,0.0,0.0,1.9577228421080813e-15,3.314149613791979e-14,converged
2025-01-15T18:25:00+08:00,10.416666666666666,-12.333333333333334,36.11111111111109,4.361111111111111,56.2,56.2,46.8,46.8,35.0,55.00000000000001,85.0,40.65631718707443,11.12767995961245,13.998541798907315,15.530095428554658,87.26005736254989,1.296663950984699,56.2,56.182730355433876,55.966654010440195,44.89008162635189,46.026512009640385,46.202617867365255,45.78273949133737,0.4932385000000001,0.48629944499130695,27.17856121503188,27.38481441990924,18.877716811832265,26.978411123385357,23.059873656150337,23.261303113054343,23.138168790310157,22.977755486089784,18.836379596566545,23.2247435343103,23.101858423223902,22.94164805177536,1.0,0.0,0.6666666666666666,0.25,0.0,18.877716811832265,23.101858423223902,26.978411123385357,15.996146604327693,20.28782740943547,23.88909982599688,1.060711455299036e-16,4.787804017708301e-16,0.0,8.784006166826014e-16,2.8678082776253055e-14,converged
2025-01-15T18:30:00+08:00,10.5,-12.416666666666666,34.305555555555564,4.368055555555555,56.2,56.2,46.8,46.8,35.0,55.00000000000001,85.0,40.65631718707443,11.12767995961245,13.998541798907315,15.530095428554658,87.26005736254989,1.296663950984699,56.2,56.2,56.2,44.88890941982525,46.03696169608936,46.366751044122644,45.84871301075769,0.49535932499999996,0.4876707499633115,27.17722863450667,27.383454902107104,18.868038544156757,26.97763294598864,23.054465368899006,23.255934864534293,23.13321600656828,22.97321223928772,18.826044802100654,23.219386626234765,23.09691502833704,22.937112456653697,1.0,0.0,0.6666666666666666,0.25,0.0,18.868038544156757,23.09691502833704,26.97763294598864,15.996146604327693,20.28782740943547,23.88909982599688,1.060711455299036e-16,5.96792619998703e-16,0.0,5.967926199987026e-16,2.888949204074492e-14,converged
2025-01-15T18:35:00+08:00,10.583333333333334,-12.5,32.49999999999999,4.375,56.5,56.5,47.0,47.0,35.0,55.00000000000001,85.0,40.83006213231833,11.175234147474042,14.058364627107775,15.596463357736516,88.00746343499924,1.313358991286094,56.2,56.2,56.2,44.92514010726014,46.07121118633027,46.40002624761163,45.88313259417374,0.49748015,0.48812630471070306,27.175742854359935,27.38192146774316,18.858125844065626,26.976732513470342,23.048856415822165,23.25034760894808,23.128069985667626,22.968504291507656,18.81546353655663,23.21381112007825,23.091778794879673,22.932412549454444,1.0,0.0,0.6666666666666666,0.25,0.0,18.858125844065626,23.091778794879673,26.976732513470342,15.928077895373105,20.201496228969788,23.787444082056467,1.0517033308529473e-16,7.154827799902966e-16,0.0,9.415052812898014e-17,2.6695559227656965e-14,converged
2025-01-15T18:40:00+08:00,10.666666666666666,-12.583333333333334,30.694444444444425,4.381944444444445,56.5,56.5,47.0,47.0,35.0,55.00000000000001,85.0,40.83006213231833,11.175234147474042,14.058364627107775,15.596463357736516,88.00746343499924,1.313358991286094,56.2,56.2,56.2,44.923830368964815,46.06956763283264,46.398180337621206,45.88150310916859,0.49960097500000006,0.4882034012229341,27.174047000366443,27.380160681732818,18.84794165686691,26.975660639703015,23.043000255656892,23.24449759404801,23.122688905362796,22.963591511582777,18.80459618846629,23.207972786212174,23.086407446005524,22.92750776453896,1.0,0.0,0.6666666666666666,0.25,0.0,18.84794165686691,23.086407446005524,26.975660639703015,15.928077895373105,20.201496228969788,23.787444082056467,1.0517033308529473e-16,2.384565972611377e-16,0.0,1.1368741975359266e-15,2.7821012299087682e-14,converged
2025-01-15T18:45:00+08:00,10.75,-12.666666666666666,28.888888888888896,4.388888888888888,56.5,56.5,47.0,47.0,35.0,55.00000000000001,85.0,40.83006213231833,11.175234147474042,14.058364627107775,15.596463357736516,88.00746343499924,1.313358991286094,56.2,56.2,56.2,44.922441156357195,46.06785180878765,46.396264099072404,45.87980012374778,0.5017217999999999,0.48828397529137335,27.172141758578963,27.378173247536886,18.837487211668243,26.974417804702412,23.03689790513451,23.23838584376199,23.11707363592549,22.95847462182432,18.793444199883396,23.201872647791728,23.080801851310312,22.922398823645967,1.0,0.0,0.6666666666666666,0.25,0.0,18.837487211668243,23.080801851310312,26.974417804702412,15.928077895373105,20.201496228969788,23.787444082056467,1.0517033308529473e-16,7.152517452009338e-16,0.0,1.484215532817272e-15,2.880951842308355e-14,converged
2025-01-15T18:50:00+08:00,10.833333333333334,-12.75,27.08333333333333,4.395833333333333,56.5,56.5,47.0,47.0,35.0,55.00000000000001,85.0,40.83006213231833,11.175234147474042,14.058364627107775,15.596463357736516,88.00746343499924,1.313358991286094,56.444315326277625,56.2,56.2,45.076939134553555,46.06606399058464,46.39427781636695,45.920712094212675,0.503842625,0.4895121092140074,27.17045994721359,27.376369285615805,18.827211855950743,26.97337495851601,23.03055037680465,23.232013378027844,23.111225044405348,22.953154341996395,18.78200900559275,23.195511723989085,23.07496287717349,22.917086445971663,1.0,0.0,0.6666666666666666,0.25,0.0,18.827211855950743,23.07496287717349,26.97337495851601,15.928077895373105,20.201496228969788,23.787444082056467,1.0517033308529473e-16,5.945477120773318e-16,0.0,2.333051888366291e-15,3.1243226629375105e-14,converged
2025-01-15T18:55:00+08:00,10.916666666666666,-12.833333333333334,25.27777777777776,4.402777777777778,56.5,56.5,47.0,47.0,35.0,55.00000000000001,85.0,40.83006213231833,11.175234147474042,14.058364627107775,15.596463357736516,88.00746343499924,1.313358991286094,56.5,56.48791022626181,56.27275335507662,45.111107220095356,46.26409928169135,46.44402728695987,46.01725381560681,0.5059634500000001,0.49167061628845066,27.168667033855392,27.374431979963255,18.816768560464716,26.97224538984153,23.02452034202068,23.225913369919894,23.105649591229266,22.948112950674073,18.77044133616627,23.189025402970795,23.069019044102202,22.91169292919107,1.0,0.0,0.6666666666666666,0.25,0.0,18.816768560464716,23.069019044102202,26.97224538984153,15.928077895373105,20.201496228969788,23.787444082056467,1.0517033308529473e-16,5.919375592634404e-16,0.0,2.2280093948547196e-15,3.4379215071529366e-14,converged
2025-01-15T19:00:00+08:00,11.0,-12.916666666666666,23.47222222222223,4.409722222222222,56.5,56.5,47.0,47.0,35.0,55.00000000000001,85.0,40.83006213231833,11.175234147474042,14.058364627107775,15.596463357736516,88.00746343499924,1.313358991286094,56.5,56.5,56.5,45.10966512366405,46.27072431513599,46.60381483235784,46.08017661888457,0.508084275,0.4929975042511181,27.166665049676727,27.372268572303923,18.806056180043544,26.970945021472865,23.018268368491235,23.219574903071234,23.09986185995141,22.94288808882179,18.759057730896927,23.182698699109736,23.063241085019612,22.906476069597723,1.0,0.0,0.6666666666666666,0.25,0.0,18.806056180043544,23.063241085019612,26.970945021472865,15.928077895373105,20.201496228969788,23.787444082056467,1.0517033308529473e-16,3.5420662627016975e-16,0.0,3.5420662627016975e-16,2.787424840356267e-14,converged
2025-01-15T19:05:00+08:00,11.083333333333334,-13.0,21.66666666666666,4.416666666666667,56.8,56.8,47.2,47.2,35.0,55.00000000000001,85.0,41.00380707756224,11.222788335335634,14.118187455308236,15.662831286918372,88.75805674016695,1.3301967233746816,56.5,56.5,56.5,45.145769694662825,46.30483758673276,46.63694833086485,46.11446065294453,0.5102051000000001,0.49346636845678576,27.164512267778875,27.36993394391381,18.795114131790182,26.96952403510617,23.011819330168272,23.21302133640631,23.09388409729088,22.937501032914383,18.747433034442434,23.176157300745736,23.05727349024929,22.901097402699946,1.0,0.0,0.6666666666666666,0.25,0.0,18.795114131790182,23.05727349024929,26.96952403510617,15.860586039884236,20.115896668677536,23.68664982747148,1.0428094736848966e-16,8.256968507671536e-16,0.0,2.3645535450288943e-15,2.520378041184333e-14,converged
2025-01-15T19:10:00+08:00,11.166666666666666,-13.083333333333334,19.861111111111093,4.423611111111111,56.8,56.8,47.2,47.2,35.0,55.00000000000001,85.0,41.00380707756224,11.222788335335634,14.118187455308236,15.662831286918372,88.75805674016695,1.3301967233746816,56.5,56.5,56.5,45.14419343755995,46.30294882217467,46.63486020196203,46.11258126787957,0.5123259250000001,0.49355566697965936,27.162151594738983,27.367374447446227,18.783905267834907,26.96793306751621,23.00512654924159,23.20620878495781,23.087674362404787,22.931911546314716,18.735527527817407,23.16935684382021,23.05107386276992,22.895516255934066,1.0,0.0,0.6666666666666666,0.25,0.0,18.783905267834907,23.05107386276992,26.96793306751621,15.860586039884236,20.115896668677536,23.68664982747148,1.0428094736848966e-16,8.255474582790355e-16,0.0,2.3641377377391067e-15,2.7140380410465227e-14,converged
2025-01-15T19:15:00+08:00,11.25,-13.166666666666666,18.05555555555556,4.430555555555555,56.8,56.8,47.2,47.2,35.0,55.00000000000001,85.0,41.00380707756224,11.222788335335634,14.118187455308236,15.662831286918372,88.75805674016695,1.3301967233746816,56.5,56.5,56.5,45.142538943454525,46.300989003929914,46.63270300669894,46.11062962217476,0.51444675,0.49364839894920687,27.159583709889084,27.364590779095064,18.77243079640616,26.966172594916543,22.998191028538564,23.199138258292322,23.081233514430675,22.92612034311141,18.72334262680303,23.162298337166337,23.044643061074098,22.889733342839886,1.0,0.0,0.5833333333333334,0.25,0.0,18.77243079640616,23.044643061074098,26.966172594916543,15.860586039884236,20.115896668677536,23.68664982747148,1.0428094736848966e-16,9.433055759908434e-16,0.0,6.482284904551573e-16,3.190486617371623e-14,converged
2025-01-15T19:20:00+08:00,11.333333333333334,-13.25,16.249999999999993,4.4375,56.8,56.8,47.2,47.2,35.0,55.00000000000001,85.0,41.00380707756224,11.222788335335634,14.118187455308236,15.662831286918372,88.75805674016695,1.3301967233746816,56.748364837606935,56.5,56.5,45.299653139755776,46.29895840381368,46.63047702435489,46.15208249964441,0.5165675750000001,0.4949087211660036,27.157249065029696,27.362000291248116,18.761147709445094,26.964620114855258,22.991013766760634,23.19181076204098,23.074562409324166,22.920128134874094,18.71087974004245,23.154982785688663,23.037981940478115,22.883749374442687,1.0,0.0,0.5833333333333334,0.25,0.0,18.761147709445094,23.037981940478115,26.964620114855258,15.860586039884236,20.115896668677536,23.68664982747148,1.0428094736848966e-16,1.2937421440859508e-15,0.0,6.759192838956835e-16,3.8747576220187746e-14,converged
2025-01-15T19:25:00+08:00,11.416666666666666,-13.333333333333334,14.444444444444425,4.444444444444445,56.8,56.8,47.2,47.2,35.0,55.00000000000001,85.0,41.00380707756224,11.222788335335634,14.118187455308236,15.662831286918372,88.75805674016695,1.3301967233746816,56.8,56.793046199879356,56.57880101035171,45.331035476757194,46.50063417398698,46.6843753328356,46.25070001969249,0.5186884,0.4971189080039133,27.15479840313227,27.359272216706795,18.749693895048637,26.962976295251096,22.984167836010933,23.18476932348565,23.068176873249115,22.91442612380032,18.6983020603597,23.147556834476013,23.03122971857103,22.877696838923505,1.0,0.0,0.5833333333333334,0.25,0.0,18.749693895048637,23.03122971857103,26.962976295251096,15.860586039884236,20.115896668677536,23.68664982747148,1.0428094736848966e-16,8.196301123011486e-16,0.0,1.8852266702481116e-15,4.7986655893446357e-14,converged
2025-01-15T19:30:00+08:00,11.5,-13.416666666666666,12.638888888888895,4.451388888888888,56.8,56.8,47.2,47.2,35.0,55.00000000000001,85.0,41.00380707756224,11.222788335335634,14.118187455308236,15.662831286918372,88.75805674016695,1.3301967233746816,56.8,56.8,56.8,45.329331346341405,46.503461407610196,46.83984778443416,46.31059516781438,0.5208092249999999,0.49840151164409735,27.152140823484086,27.356320492201352,18.737975582394125,26.96116311870561,22.977093342659515,23.177483638775236,23.061573072521547,22.90853441159872,18.6859013866149,23.140283304055675,23.024636047681092,22.87181345910446,1.0,0.0,0.5833333333333334,0.25,0.0,18.737975582394125,23.024636047681092,26.96116311870561,15.860586039884236,20.115896668677536,23.68664982747148,1.0428094736848966e-16,8.175208479006976e-16,0.0,8.175208479006976e-16,3.2362956338399276e-14,converged
2025-01-15T19:35:00+08:00,11.583333333333334,-13.5,10.833333333333327,4.458333333333333,57.1,57.1,47.4,47.4,35.0,55.00000000000001,85.0,41.17755202280615,11.270342523197225,14.178010283508693,15.72919921610023,89.51183727805292,1.3471777544495551,56.8,56.8,56.8,45.365320300165266,46.537448862570756,46.87285036992814,46.34475423010369,0.52293005,0.49888344557398184,27.149334808850316,27.35320020215421,18.72603224474981,26.959230938285735,22.969825304612222,23.169986678982603,23.054782381781532,22.90248296404504,18.67326484784995,23.132798900464977,23.017855879789533,22.865770728687522,1.0,0.0,0.5833333333333334,0.25,0.0,18.72603224474981,23.017855879789533,26.959230938285735,15.793663735918479,20.03101946754388,23.586706157313376,1.0340279593076966e-16,1.1667587174895645e-16,0.0,2.0203184920497897e-16,3.514852549542497e-14,converged
2025-01-15T19:40:00+08:00,11.666666666666666,-13.583333333333334,9.027777777777759,4.465277777777778,57.1,57.1,47.4,47.4,35.0,55.00000000000001,85.0,41.17755202280615,11.270342523197225,14.178010283508693,15.72919921610023,89.51183727805292,1.3471777544495551,56.8,56.8,56.8,45.36348528973026,46.53532245084157,46.870527853492106,46.34263266621965,0.525050875,0.49898467830669463,27.146323043334068,27.34985748241573,18.713826637708717,26.95713021215702,22.96231690396443,23.16223442208381,23.047762738346265,22.896231436913542,18.6603526141445,23.125059120841733,23.01084669443174,22.859527866050904,1.0,0.0,0.5833333333333334,0.25,0.0,18.713826637708717,23.01084669443174,26.95713021215702,15.793663735918479,20.03101946754388,23.586706157313376,1.0340279593076966e-16,6.999132050827117e-16,0.0,5.91801136169094e-16,2.644462622149975e-14,converged
2025-01-15T19:45:00+08:00,11.75,-13.666666666666666,7.2222222222222285,4.472222222222222,57.1,57.1,47.4,47.4,35.0,55.00000000000001,85.0,41.17755202280615,11.270342523197225,14.178010283508693,15.72919921610023,89.51183727805292,1.3471777544495551,56.8,56.8,56.8,45.36157324990676,46.53312617197113,46.86813749922087,46.34044005004329,0.5271716999999999,0.49908930137696617,27.143106199674072,27.346293022040776,18.701359949175234,26.954861412792663,22.954569129974914,23.154227863610142,23.04051499045972,22.889780536240227,18.647166075785922,23.117064960021754,23.00360933923677,22.85308557670475,1.0,0.0,0.5833333333333334,0.25,0.0,18.701359949175234,23.00360933923677,26.954861412792663,15.793663735918479,20.03101946754388,23.586706157313376,1.0340279593076966e-16,5.831387364232708e-16,0.0,7.688303985276526e-16,2.6436095772519694e-14,converged
2025-01-15T19:50:00+08:00,11.833333333333334,-13.75,5.41666666666666,4.479166666666667,57.1,57.1,47.4,47.4,35.0,55.00000000000001,85.0,41.17755202280615,11.270342523197225,14.178010283508693,15.72919921610023,89.51183727805292,1.3471777544495551,57.05238017584488,56.8,56.8,45.521297176350906,46.530860293313204,46.8656795814095,46.38243760806695,0.529292525,0.5003814140232801,27.14013231501478,27.34293135966054,18.689096759237422,26.952808543870717,22.946582967830953,23.145967995210817,23.033039983223215,22.883130965569645,18.633706616050578,23.108817408965393,22.996144658696476,22.846444563672126,1.0,0.0,0.5,0.25,0.0,18.689096759237422,22.996144658696476,26.952808543870717,15.793663735918479,20.03101946754388,23.586706157313376,1.0340279593076966e-16,2.3265316929121318e-16,0.0,6.615798146574667e-16,5.04075876561557e-14,converged
2025-01-15T19:55:00+08:00,11.916666666666666,-13.833333333333334,3.611111111111091,4.486111111111111,57.1,57.1,47.4,47.4,35.0,55.00000000000001,85.0,41.17755202280615,11.270342523197225,14.178010283508693,15.72919921610023,89.51183727805292,1.3471777544495551,57.1,57.09813883194736,56.8847976305612,45.54991333664523,46.736162679931624,46.92370982296298,46.48312505312385,0.5314133500000001,0.5026427250355373,27.137037500647196,27.339427864905307,18.676659985529344,26.950659732072168,22.938941816881982,23.138007628770417,23.025862842363015,22.876782787655767,18.620149797180435,23.100474290349084,22.988602492083547,22.839747433806426,1.0,0.0,0.5,0.25,0.0,18.676659985529344,22.988602492083547,26.950659732072168,15.793663735918479,20.03101946754388,23.586706157313376,1.0340279593076966e-16,6.948194972007452e-16,0.0,4.748585926201684e-16,4.798887279167981e-14,converged
2025-01-15T20:00:00+08:00,12.0,-13.916666666666666,1.8055555555555614,4.493055555555555,57.1,57.1,47.4,47.4,35.0,55.00000000000001,85.0,41.17755202280615,11.270342523197225,14.178010283508693,15.72919921610023,89.51183727805292,1.3471777544495551,57.1,57.1,57.1,45.547954821222426,46.735218628485015,47.07489732731239,46.540015284549675,0.5335341749999999,0.5038811785009516,27.133737879678705,27.33570312757124,18.663963177358774,26.948342981833406,22.93106546727543,23.129797210382527,23.018461447396767,22.870238689078707,18.60676286351488,23.09227638774491,22.981211560019585,22.833211978121255,1.0,0.0,0.5,0.25,0.0,18.663963177358774,22.981211560019585,26.948342981833406,15.793663735918479,20.03101946754388,23.586706157313376,1.0340279593076966e-16,3.4655587505750116e-16,0.0,3.46555875057501e-16,2.7464472018529077e-14,converged
2025-01-15T20:05:00+08:00,12.083333333333334,-14.0,0.0,4.5,57.4,57.4,47.6,47.6,35.0,55.00000000000001,85.0,41.351296968050065,11.31789671105882,14.237833111709154,15.79556714528209,90.26880504865726,1.3643026917098113,57.1,57.1,57.1,45.583838269412404,46.769090272261536,47.10777936352353,46.57405954641393,0.535655,0.5043759461105013,27.130292147769413,27.331812439679496,18.65104586829976,26.94590881905776,22.922999013820764,23.121379260731235,23.010876240554254,22.863537266459613,18.593145141545527,23.08387135264736,22.973637206607197,22.82651958129917,1.0,0.0,0.5,0.25,0.0,18.65104586829976,22.973637206607197,26.94590881905776,15.727303804254953,19.946855520201254,23.487602349929702,3.0760707107383303e-16,3.4621592105454e-16,0.0,2.3493400370998333e-16,3.01746839504466e-14,converged
2025-01-15T20:10:00+08:00,12.166666666666666,-14.0,0.0,4.493055555555555,57.4,57.4,47.6,47.6,35.0,55.00000000000001,85.0,41.351296968050065,11.31789671105882,14.237833111709154,15.79556714528209,90.26880504865726,1.3643026917098113,57.1,57.1,57.1,45.5817941026336,46.76677245992469,47.10526869995213,46.57174296493417,0.535655,0.5044869507262645,27.12685768894821,27.327933811699936,18.638187078842556,26.94348148384716,22.91496577066464,23.11299414800596,23.003319145573762,22.856859499674485,18.579596106171362,23.075499071185213,22.96609089664961,22.819850784730573,1.0,0.0,0.5,0.25,0.0,18.638187078842556,22.96609089664961,26.94348148384716,15.727303804254953,19.946855520201254,23.487602349929702,3.0760707107383303e-16,3.4613974155131907e-16,0.0,2.3488374227269027e-16,2.886112451639825e-14,converged
2025-01-15T20:15:00+08:00,12.25,-14.0,0.0,4.486111111111112,57.4,57.4,47.6,47.6,35.0,55.00000000000001,85.0,41.351296968050065,11.31789671105882,14.237833111709154,15.79556714528209,90.26880504865726,1.3643026917098113,57.1,57.1,57.1,45.579757956362656,46.764463520237236,47.10276846068614,46.56943561558072,0.535655,0.5045975129623211,27.123434466333954,27.324067206250614,18.625386543874374,26.941060957051025,22.906965601077342,23.10464174411569,22.995790058268714,22.850205305218896,18.566115410943222,23.067159415720617,22.958572526318115,22.813205505190876,1.0,0.0,0.4166666666666667,0.25,0.0,18.625386543874374,22.958572526318115,26.941060957051025,15.727303804254953,19.946855520201254,23.487602349929702,3.0760707107383303e-16,1.1535463298610003e-16,0.0,6.834712237287052e-16,2.930081765101331e-14,converged
2025-01-15T20:20:00+08:00,12.333333333333334,-14.0,0.0,4.479166666666667,57.4,57.4,47.6,47.6,35.0,55.00000000000001,85.0,41.351296968050065,11.31789671105882,14.237833111709154,15.79556714528209,90.26880504865726,1.3643026917098113,57.3563617717447,57.103188668787915,57.1,45.74229448197109,46.76438667332956,47.100278601431434,46.61294449844634,0.535655,0.505927486316726,27.120477353763796,27.32064358574574,18.613114949188535,26.93903722090894,22.899004615101717,23.09632783893766,22.988294496439654,22.843579953793927,18.55270271115941,23.058852259113113,22.95108199216841,22.80658365974898,1.0,0.0,0.4166666666666667,0.25,0.0,18.613114949188535,22.95108199216841,26.93903722090894,15.727303804254953,19.946855520201254,23.487602349929702,3.0760707107383303e-16,3.451541722148753e-16,0.0,3.4100250945766318e-15,3.2787509913353505e-14,converged
2025-01-15T20:25:00+08:00,12.416666666666666,-14.0,0.0,4.472222222222222,57.4,57.4,47.6,47.6,35.0,55.00000000000001,85.0,41.351296968050065,11.31789671105882,14.237833111709154,15.79556714528209,90.26880504865726,1.3643026917098113,57.4,57.4,57.19074385900423,45.76845652432764,46.969125999117104,47.16269272303644,46.7144409544578,0.535655,0.5081942903498999,27.11760722437565,27.31730382889292,18.600978932626152,26.937085454470598,22.891656624363183,23.088596106410037,22.981349020282945,22.837475468424056,18.539544151894344,23.050745422947543,22.94377874666761,22.80013712747104,1.0,0.0,0.4166666666666667,0.25,0.0,18.600978932626152,22.94377874666761,26.937085454470598,15.727303804254953,19.946855520201254,23.487602349929702,3.0760707107383303e-16,1.2599202356391991e-15,0.0,1.1625700164745702e-15,5.413367440850862e-14,converged
2025-01-15T20:30:00+08:00,12.5,-14.0,0.0,4.465277777777778,57.4,57.4,47.6,47.6,35.0,55.00000000000001,85.0,41.351296968050065,11.31789671105882,14.237833111709154,15.79556714528209,90.26880504865726,1.3643026917098113,57.4,57.4,57.4,45.76662679435008,46.96700754326391,47.309970069575066,46.76946844977917,0.535655,0.509387681978902,27.11474648492911,27.31397442423886,18.58889789615703,26.935139162527406,22.88433888594898,23.08089453399735,22.974429285054793,22.8313925317164,18.5268809205707,23.0430567132104,22.936869795648025,22.794063135109493,1.0,0.0,0.4166666666666667,0.25,0.0,18.58889789615703,22.936869795648025,26.935139162527406,15.727303804254953,19.946855520201254,23.487602349929702,3.0760707107383303e-16,5.713493177469323e-16,0.0,5.71349317746932e-16,2.182629717116865e-14,converged
2025-01-15T20:35:00+08:00,12.583333333333334,-14.0,0.0,4.458333333333333,57.4,57.4,47.6,47.6,35.0,55.00000000000001,85.0,41.351296968050065,11.31789671105882,14.237833111709154,15.79556714528209,90.26880504865726,1.3643026917098113,57.4,57.4,57.4,45.76480432099908,46.96489719697878,47.307666092066874,46.76736293045629,0.535655,0.5094885730399163,27.111895104703958,27.31065533969499,18.576871590703504,26.933198329723997,22.877051275307632,23.073223004050345,22.96753519535563,22.825331067604782,18.51428156147515,23.035397965655754,22.929986424482596,22.788010562242818,1.0,0.0,0.4166666666666667,0.25,0.0,18.576871590703504,22.929986424482596,26.933198329723997,15.727303804254953,19.946855520201254,23.487602349929702,3.0760707107383303e-16,0.0,0.0,0.0,2.6931543005279646e-14,converged
2025-01-15T20:40:00+08:00,12.666666666666666,-14.0,0.0,4.451388888888889,57.4,57.4,47.6,47.6,35.0,55.00000000000001,85.0,41.351296968050065,11.31789671105882,14.237833111709154,15.79556714528209,90.26880504865726,1.3643026917098113,57.4,57.4,57.4,45.76298907457247,46.9627949291145,47.305371694779524,46.76526583016348,0.535655,0.509589060682701,27.109053053080476,27.3073465432722,18.56489976831632,26.93126294074807,22.869793668400447,23.065581399378708,22.960666656139455,22.819291000291543,18.501745752441774,23.027769063523778,22.923128538463903,22.781979333336714,1.0,0.0,0.4166666666666667,0.25,0.0,18.56489976831632,22.923128538463903,26.93126294074807,15.727303804254953,19.946855520201254,23.487602349929702,3.0760707107383303e-16,2.2844941308389187e-16,0.0,2.284494130838918e-16,2.940345715158167e-14,converged
2025-01-15T20:45:00+08:00,12.75,-14.0,0.0,4.444444444444445,57.4,57.4,47.6,47.6,35.0,55.00000000000001,85.0,41.351296968050065,11.31789671105882,14.237833111709154,15.79556714528209,90.26880504865726,1.3643026917098113,57.4,57.4,57.4,45.76118102549286,46.96070070864388,47.30308683694311,46.76317711454881,0.535655,0.5096891465533127,27.10622029953913,27.304048003080545,18.5529821821695,26.929332980330276,22.86256594169941,23.05796960324925,22.953823572712526,22.81327225424658,18.489273172929632,23.020169890509653,22.91629604323517,22.775969373123253,1.0,0.0,0.4166666666666667,0.25,0.0,18.5529821821695,22.91629604323517,26.929332980330276,15.727303804254953,19.946855520201254,23.487602349929702,3.0760707107383303e-16,4.568091065472902e-16,0.0,4.5680910654729e-16,3.524051182392515e-14,converged
2025-01-15T20:50:00+08:00,12.833333333333334,-14.0,0.0,4.4375,57.4,57.4,47.6,47.6,35.0,55.00000000000001,85.0,41.351296968050065,11.31789671105882,14.237833111709154,15.79556714528209,90.26880504865726,1.3643026917098113,57.4,57.4,57.4,45.75938014430712,46.95861450465928,47.30081147796539,46.76109674940338,0.535655,0.509788832290954,27.10339681366023,27.300759687328927,18.54111858655528,26.92740843324409,22.85536797218508,23.05038749938415,22.94700585073204,22.807274754206418,18.476863504014567,23.01260033076179,22.909488844788974,22.769980606599923,1.0,0.0,0.4166666666666667,0.25,0.0,18.54111858655528,22.909488844788974,26.92740843324409,15.727303804254953,19.946855520201254,23.487602349929702,3.0760707107383303e-16,1.1417994515863835e-16,0.0,1.1417994515863835e-16,2.480180076410817e-14,converged
2025-01-15T20:55:00+08:00,12.916666666666666,-14.0,0.0,4.430555555555555,57.4,57.4,47.6,47.6,35.0,55.00000000000001,85.0,41.351296968050065,11.31789671105882,14.237833111709154,15.79556714528209,90.26880504865726,1.3643026917098113,57.4,57.4,57.4,45.75758640168583,46.9565362863722,47.29854557743098,46.759024700660696,0.535655,0.5098881195280032,27.1005825651236,27.297481564324787,18.529308736879027,26.925489284305698,22.848199637344504,23.042834971959156,22.94021339620485,22.801298425173254,18.464516428381046,23.005060268880055,22.902706849465943,22.764012959028708,1.0,0.0,0.4166666666666667,0.25,0.0,18.529308736879027,22.902706849465943,26.925489284305698,15.727303804254953,19.946855520201254,23.487602349929702,3.0760707107383303e-16,5.707885581581062e-16,0.0,5.707885581581062e-16,3.093469743943448e-14,converged
2025-01-15T21:00:00+08:00,13.0,-14.0,0.0,4.423611111111112,57.4,57.4,47.6,47.6,35.0,55.00000000000001,85.0,41.351296968050065,11.31789671105882,14.237833111709154,15.79556714528209,90.26880504865726,1.3643026917098113,57.4,57.4,57.4,45.7557997684227,46.954466023112715,47.29628909510057,46.75696093439608,0.535655,0.5099870098900429,27.09777752370827,27.294213602473803,18.5175523896542,26.923575518373877,22.841060815169126,23.03531190560183,22.93344611548616,22.795343192414027,18.452231630314046,22.99754958991403,22.89594996395347,22.758066355935153,1.0,0.0,0.3333333333333333,0.25,0.0,18.5175523896542,22.89594996395347,26.923575518373877,15.727303804254953,19.946855520201254,23.487602349929702,3.0760707107383303e-16,3.4240672674790733e-16,0.0,3.4240672674790733e-16,2.528253483326768e-14,converged
2025-01-15T21:05:00+08:00,13.083333333333334,-14.0,0.0,4.416666666666667,57.4,57.4,47.6,47.6,35.0,55.00000000000001,85.0,41.351296968050065,11.31789671105882,14.237833111709154,15.79556714528209,90.26880504865726,1.3643026917098113,57.4,57.4,57.4,45.754020215434146,46.952403684329134,47.29404199091011,46.75490541682609,0.535655,0.5100855049958891,27.094981659292138,27.290955770279588,18.505849302497328,26.92166712034987,22.833951384152705,23.02781818538978,22.926703915278228,22.78940898145948,18.440008795690982,22.990068179361238,22.889218095284434,22.75214072310743,1.0,0.0,0.3333333333333333,0.25,0.0,18.505849302497328,22.889218095284434,26.92166712034987,15.727303804254953,19.946855520201254,23.487602349929702,3.0760707107383303e-16,5.70567682705829e-16,0.0,5.705676827058287e-16,2.2311997398915413e-14,converged
2025-01-15T21:10:00+08:00,13.166666666666666,-14.0,0.0,4.409722222222222,57.4,57.4,47.6,47.6,35.0,55.00000000000001,85.0,41.351296968050065,11.31789671105882,14.237833111709154,15.79556714528209,90.26880504865726,1.3643026917098113,57.4,57.4,57.4,45.75224771375869,46.95034923958747,47.2918042249701,46.752858114307905,0.535655,0.5101836064576196,27.09219494185165,27.287708036343385,18.494199234123023,26.919764075177273,22.826871223289253,23.020353696848908,22.919986702629096,22.783495718103236,18.42784761197368,22.982615923165415,22.882511150835917,22.746235986595412,1.0,0.0,0.3333333333333333,0.25,0.0,18.494199234123023,22.882511150835917,26.919764075177273,15.727303804254953,19.946855520201254,23.487602349929702,3.0760707107383303e-16,3.422747821178922e-16,0.0,3.4227478211789206e-16,2.9768850891168895e-14,converged
2025-01-15T21:15:00+08:00,13.25,-14.0,0.0,4.402777777777778,57.4,57.4,47.6,47.6,35.0,55.00000000000001,85.0,41.351296968050065,11.31789671105882,14.237833111709154,15.79556714528209,90.26880504865726,1.3643026917098113,57.4,57.4,57.4,45.75048223455645,46.94830265857098,47.289575757564734,46.7508189933387,0.535655,0.510281315880603,27.089417341461473,27.28447036936376,18.482601944338995,26.917866367841913,22.819820212070972,23.01291832595166,22.913294384931294,22.777603328400854,18.415747768200376,22.975192707714758,22.87582903832793,22.74035207270975,1.0,0.0,0.3333333333333333,0.25,0.0,18.482601944338995,22.87582903832793,26.917866367841913,15.727303804254953,19.946855520201254,23.487602349929702,3.0760707107383303e-16,4.5627899044680675e-16,0.0,4.562789904468065e-16,2.5329480626278676e-14,converged
2025-01-15T21:20:00+08:00,13.333333333333334,-14.0,0.0,4.395833333333333,57.4,57.4,47.6,47.6,35.0,55.00000000000001,85.0,41.351296968050065,11.31789671105882,14.237833111709154,15.79556714528209,90.26880504865726,1.3643026917098113,57.4,57.4,57.4,45.74872374910862,46.94626391107977,47.28735654915116,46.74878802055509,0.535655,0.5103786348635267,27.086648828294187,27.281242738136303,18.471057194041105,26.91597398337173,22.812798230486216,23.005511959115278,22.906626869920572,22.771731738668926,18.403708954977777,22.967798419840197,22.86917166582214,22.73448890802096,1.0,0.0,0.3333333333333333,0.25,0.0,18.471057194041105,22.86917166582214,26.91597398337173,15.727303804254953,19.946855520201254,23.487602349929702,3.0760707107383303e-16,1.1404799679561803e-16,0.0,1.1404799679561803e-16,2.956057941554609e-14,converged
2025-01-15T21:25:00+08:00,13.416666666666666,-14.0,0.0,4.388888888888889,57.4,57.4,47.6,47.6,35.0,55.00000000000001,85.0,41.351296968050065,11.31789671105882,14.237833111709154,15.79556714528209,90.26880504865726,1.3643026917098113,57.4,57.4,57.4,45.746972228816986,46.94423296703027,47.28514656035872,46.74676516273252,0.535655,0.510475564998426,27.083889372619947,27.278025111553333,18.45956474520843,26.914086906836665,22.805805159017424,22.99813448320008,22.89998406567462,22.76588087548414,18.391730864473136,22.960432946813675,22.86253894172062,22.7286464193585,1.0,0.0,0.25,0.25,0.0,18.45956474520843,22.86253894172062,26.914086906836665,15.727303804254953,19.946855520201254,23.487602349929702,3.0760707107383303e-16,3.4207902339251176e-16,0.0,3.4207902339251176e-16,3.443835603418026e-14,converged
2025-01-15T21:30:00+08:00,13.5,-14.0,0.0,4.381944444444445,57.4,57.4,47.6,47.6,35.0,55.00000000000001,85.0,41.351296968050065,11.31789671105882,14.237833111709154,15.79556714528209,90.26880504865726,1.3643026917098113,57.4,57.4,57.4,45.74522764520334,46.94220979645486,47.28294575198816,46.74475038678468,0.535655,0.5105721078707112,27.081138944806174,27.27481745860359,18.448124360898355,26.91220512334852,22.798840878639105,22.990785785507708,22.893365880611807,22.76005066568236,18.379813190406388,22.953096176346428,22.85593077476456,22.722824533809856,1.0,0.0,0.25,0.25,0.0,18.448124360898355,22.85593077476456,26.91220512334852,15.727303804254953,19.946855520201254,23.487602349929702,3.0760707107383303e-16,2.2800956031937e-16,0.0,2.2800956031937e-16,3.2037793567139085e-14,converged
2025-01-15T21:35:00+08:00,13.583333333333334,-14.0,0.0,4.375,57.4,57.4,47.6,47.6,35.0,55.00000000000001,85.0,41.351296968050065,11.31789671105882,14.237833111709154,15.79556714528209,90.26880504865726,1.3643026917098113,57.4,57.4,57.4,45.74348996990902,46.94019436950138,47.280754085010884,46.74274365976292,0.535655,0.5106682650591972,27.07839751531724,27.271619748371936,18.436735805241703,26.910328618060873,22.79190527081581,22.98346575377943,22.886772223489917,22.75424103635773,18.36795562804232,22.945787996587267,22.84934707403304,22.71702317871964,1.0,0.0,0.25,0.25,0.0,18.436735805241703,22.84934707403304,26.910328618060873,15.727303804254953,19.946855520201254,23.487602349929702,3.0760707107383303e-16,6.838998805620308e-16,0.0,6.838998805620308e-16,3.239692184384581e-14,converged
2025-01-15T21:40:00+08:00,13.666666666666666,-14.0,0.0,4.368055555555555,57.4,57.4,47.6,47.6,35.0,55.00000000000001,85.0,41.351296968050065,11.31789671105882,14.237833111709154,15.79556714528209,90.26880504865726,1.3643026917098113,57.4,57.4,57.4,45.741759174694394,46.93818665643265,47.27857152056818,46.74074494885565,0.535655,0.51076403813613,27.07566505471414,27.268431950039066,18.425398843437854,26.90845737616894,22.784998217500107,22.976174276194417,22.880203003404894,22.748451914861736,18.356157874182777,22.938508296120876,22.84278774894177,22.711242281688673,1.0,0.0,0.25,0.25,0.0,18.425398843437854,22.84278774894177,26.90845737616894,15.727303804254953,19.946855520201254,23.487602349929702,3.0760707107383303e-16,1.1396194048014352e-16,0.0,1.139619404801435e-16,2.7248266577181545e-14,converged
2025-01-15T21:45:00+08:00,13.75,-14.0,0.0,4.361111111111112,57.4,57.4,47.6,47.6,35.0,55.00000000000001,85.0,41.351296968050065,11.31789671105882,14.237833111709154,15.79556714528209,90.26880504865726,1.3643026917098113,57.4,57.4,57.4,45.74003523143832,46.9361866276261,47.27639801997047,46.7387542213878,0.535655,0.510859428667216,27.072941533654188,27.265254032881202,18.414113241749913,26.906591382909458,22.778119601130573,22.968911241368026,22.87365812978958,22.742683228802324,18.34441962715891,22.931256963966117,22.83625270924183,22.705481770573087,1.0,0.0,0.25,0.25,0.0,18.414113241749913,22.83625270924183,26.906591382909458,15.727303804254953,19.946855520201254,23.487602349929702,3.0760707107383303e-16,2.278813217378632e-16,0.0,2.278813217378632e-16,2.833100544049153e-14,converged
2025-01-15T21:50:00+08:00,13.833333333333334,-14.0,0.0,4.354166666666667,57.4,57.4,47.6,47.6,35.0,55.00000000000001,85.0,41.351296968050065,11.31789671105882,14.237833111709154,15.79556714528209,90.26880504865726,1.3643026917098113,57.4,57.4,57.4,45.73831811213767,46.93419425357328,47.27423354469656,46.736771444820185,0.535655,0.5109544382116483,27.070226922890694,27.2620859662698,18.40287876749989,26.904730623560578,22.7712693046298,22.96167653835011,22.867137512412473,22.736934906042972,18.33274058682346,22.924033889574332,22.82974186501845,22.699741573483426,1.0,0.0,0.25,0.25,0.0,18.40287876749989,22.82974186501845,26.904730623560578,15.727303804254953,19.946855520201254,23.487602349929702,3.0760707107383303e-16,3.4175842243701113e-16,0.0,3.4175842243701113e-16,2.089901912018928e-14,converged
2025-01-15T21:55:00+08:00,13.916666666666666,-14.0,0.0,4.347222222222222,57.4,57.4,47.6,47.6,35.0,55.00000000000001,85.0,41.351296968050065,11.31789671105882,14.237833111709154,15.79556714528209,90.26880504865726,1.3643026917098113,57.4,57.4,57.4,45.736607788906795,46.93220950487943,47.27207805639287,46.734796586748956,0.535655,0.5110490683221357,27.067521193272647,27.25892771967126,18.391695189063892,26.902875083441746,22.7644472114024,22.95447005662331,22.860641061376487,22.731206874701805,18.321120454543077,22.916838962827665,22.823255126689755,22.694021618783747,1.0,0.0,0.25,0.25,0.0,18.391695189063892,22.823255126689755,26.902875083441746,15.727303804254953,19.946855520201254,23.487602349929702,3.0760707107383303e-16,3.4169513959534315e-16,0.0,3.4169513959534305e-16,3.2552629280438005e-14,converged
2025-01-15T22:00:00+08:00,14.0,-14.0,0.0,4.340277777777778,57.4,57.4,47.6,47.6,35.0,55.00000000000001,85.0,41.351296968050065,11.31789671105882,14.237833111709154,15.79556714528209,90.26880504865726,1.3643026917098113,57.4,57.4,57.4,45.73490423397706,46.93023235226304,47.26993151687275,46.73282961490505,0.535655,0.5111433205449293,27.064824315744413,27.255779262646616,18.380562275867373,26.901024747913578,22.757653205333007,22.947291686101394,22.854168687117703,22.725499063150682,18.309558933190704,22.909672074037374,22.81679240500555,22.688321835090726,1.0,0.0,0.25,0.25,0.0,18.380562275867373,22.81679240500555,26.901024747913578,15.727303804254953,19.946855520201254,23.487602349929702,3.0760707107383303e-16,3.4163213275336724e-16,0.0,3.4163213275336714e-16,2.4012346306303125e-14,converged
2025-01-15T22:05:00+08:00,14.083333333333334,-14.0,0.0,4.333333333333333,57.4,57.4,47.6,47.6,35.0,55.00000000000001,85.0,41.351296968050065,11.31789671105882,14.237833111709154,15.79556714528209,90.26880504865726,1.3643026917098113,57.4,57.4,57.4,45.733207419696306,46.928262766555406,47.267793888115634,46.73087049715358,0.535655,0.5112371964198499,27.06213626134541,27.252640564851262,18.369479798380354,26.899179602377757,22.750887170784328,22.94014131712754,22.847720300404134,22.71981140001431,18.29805572713796,22.90253311394217,22.81035361104607,22.682642151272766,1.0,0.0,0.25,0.25,0.0,18.369479798380354,22.81035361104607,26.899179602377757,15.727303804254953,19.946855520201254,23.487602349929702,3.0760707107383303e-16,4.554258674532342e-16,0.0,4.554258674532342e-16,2.6362780180529713e-14,converged
2025-01-15T22:10:00+08:00,14.166666666666666,-14.0,0.0,4.326388888888889,57.4,57.4,47.6,47.6,35.0,55.00000000000001,85.0,41.351296968050065,11.31789671105882,14.237833111709154,15.79556714528209,90.26880504865726,1.3643026917098113,57.4,57.4,57.4,45.73151731852837,46.9263007187002,47.26566513226638,46.728919201493255,0.535655,0.5113306974803162,27.059457001209815,27.249511596034647,18.358447528112706,26.897339632276914,22.74414899259515,22.933018840472688,22.84129581233451,22.714143814169354,18.286610542247587,22.895421973706537,22.803938656220776,22.676982496449114,1.0,0.0,0.25,0.25,0.0,18.358447528112706,22.803938656220776,26.897339632276914,15.727303804254953,19.946855520201254,23.487602349929702,3.0760707107383303e-16,1.1383564726369303e-16,0.0,1.1383564726369303e-16,2.446965273644093e-14,converged
2025-01-15T22:15:00+08:00,14.25,-14.0,0.0,4.319444444444445,57.4,57.4,47.6,47.6,35.0,55.00000000000001,85.0,41.351296968050065,11.31789671105882,14.237833111709154,15.79556714528209,90.26880504865726,1.3643026917098113,57.4,57.4,57.4,45.729833903052565,46.92434617975305,47.26354521163451,46.726975696055874,0.535655,0.5114238252533709,27.056786506566226,27.246392326039988,18.34746523760943,26.89550482309451,22.737438556078388,22.925924147333856,22.834895134337035,22.708496234743535,18.27522308586593,22.888338544919087,22.797547452267125,22.671342799988963,1.0,0.0,0.25,0.25,0.0,18.34746523760943,22.797547452267125,26.89550482309451,15.727303804254953,19.946855520201254,23.487602349929702,3.0760707107383303e-16,3.414447550500606e-16,0.0,3.414447550500605e-16,2.6107464249262307e-14,converged
2025-01-15T22:20:00+08:00,14.333333333333334,-14.0,0.0,4.3125,57.4,57.4,47.6,47.6,35.0,55.00000000000001,85.0,41.351296968050065,11.31789671105882,14.237833111709154,15.79556714528209,90.26880504865726,1.3643026917098113,57.4,57.4,57.4,45.72815714596325,46.92239912088108,47.261434088693484,46.725039949105714,0.535655,0.5115165812597082,27.054124748737383,27.24328272480398,18.33653270044598,26.89367516035472,22.73075574701914,22.91885712933248,22.828518178168174,22.702868591114758,18.26389306681546,22.8812827195909,22.791179911249362,22.66572299151059,1.0,0.0,0.25,0.25,0.0,18.33653270044598,22.791179911249362,26.89367516035472,15.727303804254953,19.946855520201254,23.487602349929702,3.0760707107383303e-16,1.1379427968907638e-16,0.0,1.1379427968907638e-16,3.182763598162167e-14,converged
2025-01-15T22:25:00+08:00,14.416666666666666,-14.0,0.0,4.305555555555555,57.4,57.4,47.6,47.6,35.0,55.00000000000001,85.0,41.351296968050065,11.31789671105882,14.237833111709154,15.79556714528209,90.26880504865726,1.3643026917098113,57.4,57.4,57.4,45.726487020069236,46.92045951336249,47.25933172607996,46.72311192903896,0.535655,0.5116089670137008,27.051471699139846,27.240182762356504,18.32564969122357,26.891850629622333,22.724100451672726,22.91181767851277,22.82216485591144,22.697260812910216,18.25262019538731,22.874254390153876,22.784835945557308,22.66012300088047,1.0,0.0,0.25,0.25,0.0,18.32564969122357,22.784835945557308,26.891850629622333,15.727303804254953,19.946855520201254,23.487602349929702,3.0760707107383303e-16,1.0239635776500718e-15,0.0,1.0239635776500709e-15,2.9593480501121235e-14,converged
2025-01-15T22:30:00+08:00,14.5,-14.0,0.0,4.298611111111112,57.4,57.4,47.6,47.6,35.0,55.00000000000001,85.0,41.351296968050065,11.31789671105882,14.237833111709154,15.79556714528209,90.26880504865726,1.3643026917098113,57.4,57.4,57.4,45.7248234982934,46.91852732858614,47.25723808659306,46.7211916043832,0.535655,0.5117009840234266,27.048827329283682,27.237092408820338,18.314815985564568,26.890031216502614,22.717472556762775,22.904805687340048,22.815835079976164,22.69167283000552,18.241404183333888,22.8672534494591,22.778515467905148,22.65454275821239,1.0,0.0,0.25,0.25,0.0,18.314815985564568,22.778515467905148,26.890031216502614,15.727303804254953,19.946855520201254,23.487602349929702,3.0760707107383303e-16,3.412598142129187e-16,0.0,3.412598142129186e-16,2.8321088915955405e-14,converged
2025-01-15T22:35:00+08:00,14.583333333333334,-14.0,0.0,4.291666666666667,57.4,57.4,47.6,47.6,35.0,55.00000000000001,85.0,41.351296968050065,11.31789671105882,14.237833111709154,15.79556714528209,90.26880504865726,1.3643026917098113,57.4,57.4,57.4,45.72316655367211,46.9166025380511,47.25515313319367,46.7192789437968,0.535655,0.5117926337906951,27.04619161077217,27.234011634410873,18.304031360107825,26.88821690664121,22.71087194947928,22.897821048699107,22.809528763096313,22.686104572523814,18.230244743861494,22.860279790775206,22.77221839133024,22.64898219386659,1.0,0.0,0.25,0.25,0.0,18.304031360107825,22.77221839133024,26.88821690664121,15.727303804254953,19.946855520201254,23.487602349929702,3.0760707107383303e-16,1.1373290092579227e-16,0.0,1.1373290092579224e-16,2.407422059774966e-14,converged
2025-01-15T22:40:00+08:00,14.666666666666666,-14.0,0.0,4.284722222222222,57.4,57.4,47.6,47.6,35.0,55.00000000000001,85.0,41.351296968050065,11.31789671105882,14.237833111709154,15.79556714528209,90.26880504865726,1.3643026917098113,57.4,57.4,57.4,45.721516159354806,46.91468511336625,47.25307682900371,46.7173739160684,0.535655,0.5118839178110748,27.04356451530149,27.230940409435817,18.293295592504098,26.886407685724027,22.70429851747668,22.890863655892584,22.803245818329273,22.680555970834906,18.219141591622993,22.85333330778675,22.76594462919192,22.64344123844889,1.0,0.0,0.25,0.25,0.0,18.293295592504098,22.76594462919192,26.886407685724027,15.727303804254953,19.946855520201254,23.487602349929702,3.0760707107383303e-16,2.274252379812041e-16,0.0,2.2742523798120407e-16,2.4880022629645294e-14,converged
2025-01-15T22:45:00+08:00,14.75,-14.0,0.0,4.277777777777778,57.4,57.4,47.6,47.6,35.0,55.00000000000001,85.0,41.351296968050065,11.31789671105882,14.237833111709154,15.79556714528209,90.26880504865726,1.3643026917098113,57.4,57.4,57.4,45.71987228860347,46.91277502624981,47.2510091373054,46.71547649011632,0.535655,0.5119748375739187,27.040946014660424,27.22787870429492,18.28260846141146,26.884603539477126,22.697752148871952,22.883933402639315,22.796986159054647,22.675026955554404,18.208094442710514,22.846413894592594,22.759694095170296,22.637919822809824,1.0,0.0,0.25,0.25,0.0,18.28260846141146,22.759694095170296,26.884603539477126,15.727303804254953,19.946855520201254,23.487602349929702,3.0760707107383303e-16,6.821545510630304e-16,0.0,6.821545510630299e-16,2.97555145315831e-14,converged
2025-01-15T22:50:00+08:00,14.833333333333334,-14.0,0.0,4.270833333333333,57.4,57.4,47.6,47.6,35.0,55.00000000000001,85.0,41.351296968050065,11.31789671105882,14.237833111709154,15.79556714528209,90.26880504865726,1.3643026917098113,57.4,57.4,57.4,45.71823491479218,46.91087224852899,47.24895002154059,46.71358663498808,0.535655,0.5120653945623913,27.03833608073005,27.224826489479682,18.271969746490733,26.882804453666605,22.691232732242707,22.877030183072726,22.79074969897307,22.66951745754283,18.197103014648196,22.839521445704275,22.75346670326507,22.63241787804377,1.0,0.0,0.25,0.25,0.0,18.271969746490733,22.75346670326507,26.882804453666605,15.727303804254953,19.946855520201254,23.487602349929702,3.0760707107383303e-16,6.820339143973367e-16,0.0,6.820339143973363e-16,2.181857325186108e-14,converged
2025-01-15T22:55:00+08:00,14.916666666666666,-14.0,0.0,4.263888888888889,57.4,57.4,47.6,47.6,35.0,55.00000000000001,85.0,41.351296968050065,11.31789671105882,14.237833111709154,15.79556714528209,90.26880504865726,1.3643026917098113,57.4,57.4,57.4,45.71660401140658,46.908976752139495,47.24689944530998,46.71170431985976,0.535655,0.5121555902534944,27.03573468548344,27.22178373557307,18.261379228400944,26.88101041409848,22.684740156625292,22.87015389173921,22.784536352105007,22.66402740790478,18.18616702638495,22.83265585604442,22.747262367794352,22.62693533548811,1.0,0.0,0.25,0.25,0.0,18.261379228400944,22.747262367794352,26.88101041409848,15.727303804254953,19.946855520201254,23.487602349929702,3.0760707107383303e-16,1.2501753026482226e-15,0.0,1.250175302648221e-15,2.1720779895112303e-14,converged
2025-01-15T23:00:00+08:00,15.0,-14.0,0.0,4.256944444444445,57.4,57.4,47.6,47.6,35.0,55.00000000000001,85.0,41.351296968050065,11.31789671105882,14.237833111709154,15.79556714528209,90.26880504865726,1.3643026917098113,57.4,57.4,57.4,45.71497955204349,46.90708850912515,47.2448573723725,46.70982951403555,0.535655,0.5122454261180938,27.033141800985355,27.218750413249236,18.250836688794813,26.879221406618584,22.678274311512897,22.863304423596514,22.77834603278959,22.658556737988032,18.1752861982873,22.825817020945124,22.74108100339349,22.621472126722345,1.0,0.0,0.25,0.25,0.0,18.250836688794813,22.74108100339349,26.879221406618584,15.727303804254953,19.946855520201254,23.487602349929702,3.0760707107383303e-16,0.0,0.0,0.0,2.2986520853686453e-14,converged
2025-01-15T23:05:00+08:00,15.083333333333334,-14.0,0.0,4.25,57.4,57.4,47.6,47.6,35.0,55.00000000000001,85.0,41.351296968050065,11.31789671105882,14.237833111709154,15.79556714528209,90.26880504865726,1.3643026917098113,57.4,57.4,57.4,45.71336151041028,46.90520749163746,47.242823766644534,46.70796218694707,0.535655,0.5123349036209445,27.030557399391952,27.21572649327323,18.240341910314235,26.87743741711245,22.671835086853683,22.856481674012134,22.772178655683405,22.653105379382716,18.164460252132205,22.819004836146373,22.73492252501388,22.616028183567266,1.0,0.0,0.25,0.25,0.0,18.240341910314235,22.73492252501388,26.87743741711245,15.727303804254953,19.946855520201254,23.487602349929702,3.0760707107383303e-16,1.0225127051050885e-15,0.0,1.0225127051050873e-15,2.56255947141355e-14,converged
2025-01-15T23:10:00+08:00,15.166666666666666,-14.0,0.0,4.243055555555555,57.4,57.4,47.6,47.6,35.0,55.00000000000001,85.0,41.351296968050065,11.31789671105882,14.237833111709154,15.79556714528209,90.26880504865726,1.3643026917098113,57.4,57.4,57.4,45.7117498603246,46.903333671935236,47.24079859219926,46.70610230815304,0.535655,0.5124240242207173,27.027981452950485,27.212711946500722,18.229894676585815,26.8756584315052,22.6654223730489,22.849685538761722,22.766034135759345,22.647673263920446,18.153688911099962,22.812219197794438,22.728786847921807,22.61060343808409,1.0,0.0,0.25,0.25,0.0,18.229894676585815,22.728786847921807,26.8756584315052,15.727303804254953,19.946855520201254,23.487602349929702,3.0760707107383303e-16,4.543710533633803e-16,0.0,4.543710533633803e-16,1.8256249582974948e-14,converged
2025-01-15T23:15:00+08:00,15.25,-14.0,0.0,4.236111111111112,57.4,57.4,47.6,47.6,35.0,55.00000000000001,85.0,41.351296968050065,11.31789671105882,14.237833111709154,15.79556714528209,90.26880504865726,1.3643026917098113,57.4,57.4,57.4,45.710144575713734,46.901467022384104,47.23878181326594,46.7042498473385,0.535655,0.5125127893700244,27.025413933998998,27.20970674387772,18.219494772216397,26.873884435761436,22.659036060951035,22.84291591402749,22.759912388305423,22.642260323673465,18.14297189976712,22.8054600024403,22.72267388769728,22.60519782257362,1.0,0.0,0.25,0.25,0.0,18.219494772216397,22.72267388769728,26.873884435761436,15.727303804254953,19.946855520201254,23.487602349929702,3.0760707107383303e-16,5.678654476604933e-16,0.0,5.67865447660493e-16,3.1750864163420336e-14,converged
2025-01-15T23:20:00+08:00,15.333333333333334,-14.0,0.0,4.229166666666667,57.4,57.4,47.6,47.6,35.0,55.00000000000001,85.0,41.351296968050065,11.31789671105882,14.237833111709154,15.79556714528209,90.26880504865726,1.3643026917098113,57.4,57.4,57.4,45.708545630614196,46.899607515456154,47.236773394229225,46.702404774314495,0.535655,0.5126012005154449,27.02285481496604,27.206710856440296,18.209141982788623,26.87211541588513,22.65267604186193,22.836172696396623,22.753813328923606,22.6368664909538,18.13230894409944,22.79872714703807,22.71658356023286,22.59981126957538,1.0,0.0,0.25,0.25,0.0,18.209141982788623,22.71658356023286,26.87211541588513,15.727303804254953,19.946855520201254,23.487602349929702,3.0760707107383303e-16,1.1355350095734624e-16,0.0,1.1355350095734624e-16,3.09990592127409e-14,converged
2025-01-15T23:25:00+08:00,15.416666666666666,-14.0,0.0,4.222222222222222,57.4,57.4,47.6,47.6,35.0,55.00000000000001,85.0,41.351296968050065,11.31789671105882,14.237833111709154,15.79556714528209,90.26880504865726,1.3643026917098113,57.4,57.4,57.4,45.70695299917131,46.89775512372951,47.234773299628465,46.70056705901737,0.535655,0.5126892590975504,27.020304068370358,27.20372425531429,18.19883609485652,26.870351357919503,22.64634220753096,22.829455782859704,22.747736873528652,22.631491698312416,18.121699771444888,22.792020528943414,22.71051578173251,22.594443711866806,1.0,0.0,0.25,0.25,0.0,18.19883609485652,22.71051578173251,26.870351357919503,15.727303804254953,19.946855520201254,23.487602349929702,3.0760707107383303e-16,4.541359888516185e-16,0.0,4.541359888516182e-16,2.6814325074069276e-14,converged
2025-01-15T23:30:00+08:00,15.5,-14.0,0.0,4.215277777777778,57.4,57.4,47.6,47.6,35.0,55.00000000000001,85.0,41.351296968050065,11.31789671105882,14.237833111709154,15.79556714528209,90.26880504865726,1.3643026917098113,57.4,57.4,57.4,45.70536665563864,46.89590981988794,47.232781494157,46.69873667150834,0.535655,0.5127769665509305,27.01776166682061,27.200746911715058,18.188576895941097,26.868592247946932,22.640034450153166,22.822765070809133,22.741682938346948,22.62613587853837,18.111144110526663,22.785340045912008,22.704470468710447,22.589095082462382,1.0,0.0,0.25,0.25,0.0,18.188576895941097,22.704470468710447,26.868592247946932,15.727303804254953,19.946855520201254,23.487602349929702,3.0760707107383303e-16,0.0,0.0,0.0,2.6340424017888826e-14,converged
2025-01-15T23:35:00+08:00,15.583333333333334,-14.0,0.0,4.208333333333333,57.4,57.4,47.6,47.6,35.0,55.00000000000001,85.0,41.351296968050065,11.31789671105882,14.237833111709154,15.79556714528209,90.26880504865726,1.3643026917098113,57.4,57.4,57.4,45.70378657437761,46.8940715767204,47.23079794266155,46.696913581972936,0.535655,0.5128643243042182,27.015227583015072,27.197778796947162,18.178364174525953,26.86683807208883,22.633752662367442,22.81610045803757,22.73565143991536,22.620798964657975,18.100641691436262,22.77868559609795,22.69844753798998,22.583765314612812,1.0,0.0,0.25,0.25,0.0,18.178364174525953,22.69844753798998,26.86683807208883,15.727303804254953,19.946855520201254,23.487602349929702,3.0760707107383303e-16,2.269904852221309e-16,0.0,2.269904852221309e-16,2.577118910366931e-14,converged
2025-01-15T23:40:00+08:00,15.666666666666666,-14.0,0.0,4.201388888888889,57.4,57.4,47.6,47.6,35.0,55.00000000000001,85.0,41.351296968050065,11.31789671105882,14.237833111709154,15.79556714528209,90.26880504865726,1.3643026917098113,57.4,57.4,57.4,45.70221272985703,46.892240367120664,47.228822610141435,46.69509776072044,0.535655,0.5129513337801154,27.01270178974133,27.194819882404122,18.16819772005293,26.86508881650553,22.627496737254692,22.809461842736365,22.72964229508009,22.615480889933952,18.090192245626575,22.77205707805223,22.69244690670238,22.578454341804186,1.0,0.0,0.25,0.25,0.0,18.16819772005293,22.69244690670238,26.86508881650553,15.727303804254953,19.946855520201254,23.487602349929702,3.0760707107383303e-16,9.078079276568414e-16,0.0,9.078079276568404e-16,2.5997109047581082e-14,converged
2025-01-15T23:45:00+08:00,15.75,-14.0,0.0,4.194444444444445,57.4,57.4,47.6,47.6,35.0,55.00000000000001,85.0,41.351296968050065,11.31789671105882,14.237833111709154,15.79556714528209,90.26880504865726,1.3643026917098113,57.4,57.4,57.4,45.700645096652615,46.89041616408692,47.22685546174796,46.69328917818344,0.535655,0.513037996395417,27.01018425987601,27.191870139568127,18.158077322917766,26.863344467396196,22.621266568336015,22.802849123494003,22.723655420995502,22.61018158786461,18.07979550590502,22.765454390721175,22.686468492285726,22.573162097757148,1.0,0.0,0.25,0.25,0.0,18.158077322917766,22.686468492285726,26.863344467396196,15.727303804254953,19.946855520201254,23.487602349929702,3.0760707107383303e-16,5.672841127015146e-16,0.0,5.672841127015143e-16,2.61716393221843e-14,converged
2025-01-15T23:50:00+08:00,15.833333333333334,-14.0,0.0,4.1875,57.4,57.4,47.6,47.6,35.0,55.00000000000001,85.0,41.351296968050065,11.31789671105882,14.237833111709154,15.79556714528209,90.26880504865726,1.3643026917098113,57.4,57.4,57.4,45.69908364944652,46.88859894072136,47.22489646278372,46.691487804917244,0.535655,0.5131243135610373,27.007674966384464,27.188929540009763,18.148002774465773,26.86160501099869,22.615062049570895,22.796262199294556,22.717690735123014,22.604900992183,18.069451206426713,22.758877433444905,22.680512212483787,22.56788851642608,1.0,0.0,0.25,0.25,0.0,18.148002774465773,22.680512212483787,26.86160501099869,15.727303804254953,19.946855520201254,23.487602349929702,3.0760707107383303e-16,2.2687547393539545e-16,0.0,2.2687547393539545e-16,2.4165141356103908e-14,converged
2025-01-15T23:55:00+08:00,15.916666666666666,-14.0,0.0,4.180555555555555,57.4,57.4,47.6,47.6,35.0,55.00000000000001,85.0,41.351296968050065,11.31789671105882,14.237833111709154,15.79556714528209,90.26880504865726,1.3643026917098113,57.4,57.4,57.4,45.69752836302691,46.88678867022976,47.22294557870192,46.68969361159934,0.535655,0.5132102866820338,27.0051738823205,27.185998055387735,18.137973866987544,26.859870433589485,22.608883075355394,22.78970096951615,22.71174815522993,22.599639036856107,18.059159082687664,22.752326105955802,22.674577985344868,22.562633531998262,1.0,0.0,0.25,0.25,0.0,18.137973866987544,22.674577985344868,26.859870433589485,15.727303804254953,19.946855520201254,23.487602349929702,3.0760707107383303e-16,7.939311369390284e-16,0.0,7.939311369390278e-16,3.437648391518874e-14,converged
2025-01-16T00:00:00+08:00,16.0,-14.0,0.0,4.173611111111112,57.4,57.4,47.6,47.6,35.0,55.00000000000001,85.0,41.351296968050065,11.31789671105882,14.237833111709154,15.79556714528209,90.26880504865726,1.3643026917098113,57.4,57.4,57.4,45.69597921228752,46.88498532592111,47.22100277510573,46.68790656902898,0.535655,0.5132959171576327,27.002680980826074,27.1830756574486,18.12799039371465,26.858140721483544,22.602729540520354,22.783165333929414,22.705827599388332,22.594395656083993,18.048918871518023,22.745800308376985,22.6686657292207,22.557397078893057,1.0,0.0,0.25,0.25,0.0,18.12799039371465,22.6686657292207,26.858140721483544,15.727303804254953,19.946855520201254,23.487602349929702,3.0760707107383303e-16,3.4019943838122457e-16,0.0,3.401994383812245e-16,2.478604269383812e-14,converged
2025-01-16T00:05:00+08:00,16.083333333333332,-14.0,0.0,4.166666666666667,57.4,57.4,47.6,47.6,35.0,55.00000000000001,85.0,41.351296968050065,11.31789671105882,14.237833111709154,15.79556714528209,90.26880504865726,1.3643026917098113,57.4,57.4,57.4,45.69443617222714,46.88318888120719,47.21906801774761,46.68612664812657,0.535655,0.5133812063812531,27.000196235131025,27.180162318026493,18.1180521488154,26.85641586103421,22.596601340329606,22.776655192695948,22.69992898597393,22.589170784299004,18.03873031107534,22.739299941220782,22.662775362765302,22.552179091761097,1.0,0.0,0.25,0.25,0.0,18.1180521488154,22.662775362765302,26.85641586103421,15.727303804254953,19.946855520201254,23.487602349929702,3.0760707107383303e-16,3.401429202508081e-16,0.0,3.401429202508081e-16,2.6818753760007134e-14,converged
2025-01-16T00:10:00+08:00,16.166666666666668,-14.0,0.0,4.159722222222222,57.4,57.4,47.6,47.6,35.0,55.00000000000001,85.0,41.351296968050065,11.31789671105882,14.237833111709154,15.79556714528209,90.26880504865726,1.3643026917098113,57.4,57.4,57.4,45.69289921794926,46.88139930960218,47.21714127252861,46.68435381993316,0.535655,0.5134661557405319,26.997719618552757,27.17725800904285,18.108158927390587,26.854695838633113,22.59049837047819,22.770170446366812,22.69405223366495,22.583964356164934,18.02859314083788,22.732824905387215,22.656906804933886,22.546979505483463,1.0,0.0,0.25,0.25,0.0,18.108158927390587,22.656906804933886,26.854695838633113,15.727303804254953,19.946855520201254,23.487602349929702,3.0760707107383303e-16,2.2672443066678493e-16,0.0,2.267244306667849e-16,2.5764384944749705e-14,converged
2025-01-16T00:15:00+08:00,16.25,-14.0,0.0,4.152777777777778,57.4,57.4,47.6,47.6,35.0,55.00000000000001,85.0,41.351296968050065,11.31789671105882,14.237833111709154,15.79556714528209,90.26880504865726,1.3643026917098113,57.4,57.4,57.4,45.691368324661504,46.8796165847223,47.21522250549778,46.68258805561001,0.535655,0.5135507666173483,26.99525110449598,27.17436270250614,18.098310525469255,26.852980640710044,22.584420527090582,22.763710995881,22.68819726144101,22.57877630657621,18.018507101597958,22.72637510216249,22.65105997498171,22.54179825517087,1.0,0.0,0.25,0.25,0.0,18.098310525469255,22.65105997498171,26.852980640710044,15.727303804254953,19.946855520201254,23.487602349929702,3.0760707107383303e-16,2.266870763210777e-16,0.0,2.2668707632107767e-16,2.9772455868046796e-14,converged
2025-01-16T00:20:00+08:00,16.333333333333332,-14.0,0.0,4.145833333333333,57.4,57.4,47.6,47.6,35.0,55.00000000000001,85.0,41.351296968050065,11.31789671105882,14.237833111709154,15.79556714528209,90.26880504865726,1.3643026917098113,57.4,57.4,57.4,45.68984346767532,46.87784068028533,47.21331168285143,46.680829326438015,0.535655,0.5136350403878479,26.992790666452414,27.17147637051161,18.088506740004515,26.85127025373286,22.578367706718918,22.757276742563914,22.682363988581997,22.573606570657084,18.008471935455304,22.719950433217488,22.645234792462993,22.53663527616287,1.0,0.0,0.25,0.25,0.0,18.088506740004515,22.645234792462993,26.85127025373286,15.727303804254953,19.946855520201254,23.487602349929702,3.0760707107383303e-16,1.1332494151784225e-16,0.0,1.1332494151784225e-16,2.453378727887377e-14,converged
2025-01-16T00:25:00+08:00,16.416666666666668,-14.0,0.0,4.138888888888889,57.4,57.4,47.6,47.6,35.0,55.00000000000001,85.0,41.351296968050065,11.31789671105882,14.237833111709154,15.79556714528209,90.26880504865726,1.3643026917098113,57.4,57.4,57.4,45.688324622405396,46.876071570110334,47.211408770932586,46.679077603817205,0.535655,0.5137189784224672,26.990338278000493,27.168598985240987,18.078747368869337,26.849564664207374,22.57233980634124,22.750867588125878,22.676552334666955,22.568455083760817,17.99848738581048,22.713550800606274,22.639431177229795,22.53149050402702,0.9166666666666666,0.0,0.25,0.25,0.08333333333333333,18.078747368869337,22.639431177229795,26.849564664207374,15.727303804254953,19.946855520201254,23.487602349929702,3.0760707107383303e-16,3.3991927508038743e-16,0.0,3.3991927508038733e-16,2.8308591931009547e-14,converged
2025-01-16T00:30:00+08:00,16.5,-14.0,0.0,4.131944444444445,57.4,57.4,47.6,47.6,35.0,55.00000000000001,85.0,41.351296968050065,11.31789671105882,14.237833111709154,15.79556714528209,90.26880504865726,1.3643026917098113,57.4,57.4,57.4,45.68681176436937,46.87430922811714,47.20951373623021,46.67733285926627,0.535655,0.5138025820859574,26.987893912805106,27.165730518962235,18.069032210852395,26.84786385867725,22.56633672335974,22.744483434660626,22.67076221957299,22.56332178146887,17.98855319735831,22.707176106764603,22.633649049430918,22.526363874558108,0.9166666666666666,0.0,0.25,0.25,0.08333333333333333,18.069032210852395,22.633649049430918,26.84786385867725,15.727303804254953,19.946855520201254,23.487602349929702,3.0760707107383303e-16,1.1328798831090627e-16,0.0,1.1328798831090627e-16,3.296373292587403e-14,converged
2025-01-16T00:35:00+08:00,16.583333333333332,-14.0,0.0,4.125,57.4,57.4,47.6,47.6,35.0,55.00000000000001,85.0,41.351296968050065,11.31789671105882,14.237833111709154,15.79556714528209,90.26880504865726,1.3643026917098113,57.4,57.4,57.4,45.68530486918723,46.87255362832607,47.20762654537862,46.67559506442202,0.535655,0.5138858527374094,26.98545754461729,27.16287094402928,18.059361065653917,26.8461678237239,22.560358355599014,22.738124184643805,22.66499356347414,22.558206599590097,17.978669116081353,22.700826254508417,22.627888329510807,22.52125532377733,0.9166666666666666,0.0,0.25,0.25,0.08333333333333333,18.059361065653917,22.627888329510807,26.8461678237239,15.727303804254953,19.946855520201254,23.487602349929702,3.0760707107383303e-16,1.1326963099568133e-16,0.0,1.1326963099568133e-16,2.671009021506388e-14,converged
2025-01-16T00:40:00+08:00,16.666666666666668,-14.0,0.0,4.118055555555555,57.4,57.4,47.6,47.6,35.0,55.00000000000001,85.0,41.351296968050065,11.31789671105882,14.237833111709154,15.79556714528209,90.26880504865726,1.3643026917098113,57.4,57.4,57.4,45.68380391258099,46.87080474485747,47.20574716515689,46.673864191038916,0.535655,0.5139687917302764,26.98302914727396,27.160020232881735,18.049733733881553,26.844476545966362,22.554404601304327,22.731789740931486,22.659246286840308,22.55310947415995,17.968834889243414,22.694501147032383,22.62214893820845,22.516164787931494,0.9166666666666666,0.0,0.25,0.25,0.08333333333333333,18.049733733881553,22.62214893820845,26.844476545966362,15.727303804254953,19.946855520201254,23.487602349929702,3.0760707107383303e-16,4.530054108344693e-16,0.0,4.530054108344691e-16,2.1880273250144166e-14,converged
2025-01-16T00:45:00+08:00,16.75,-14.0,0.0,4.111111111111111,57.4,57.4,47.6,47.6,35.0,55.00000000000001,85.0,41.351296968050065,11.31789671105882,14.237833111709154,15.79556714528209,90.26880504865726,1.3643026917098113,57.4,57.4,57.4,45.68230887037424,46.869062551931364,47.20387556248811,46.672140210988566,0.535655,0.5140514004123989,26.980608694697633,27.157178358044646,18.040150017046265,26.842790012061215,22.54847535913987,22.725480006758684,22.653520310436132,22.54803034143967,17.959050265383077,22.68820068790841,22.616430796556305,22.51109220349224,0.9166666666666666,0.0,0.25,0.25,0.08333333333333333,18.040150017046265,22.616430796556305,26.842790012061215,15.727303804254953,19.946855520201254,23.487602349929702,3.0760707107383303e-16,4.529326123167463e-16,0.0,4.529326123167461e-16,2.551056381606926e-14,converged
2025-01-16T00:50:00+08:00,16.833333333333332,-14.0,0.0,4.104166666666667,57.4,57.4,47.6,47.6,35.0,55.00000000000001,85.0,41.351296968050065,11.31789671105882,14.237833111709154,15.79556714528209,90.26880504865726,1.3643026917098113,57.4,57.4,57.4,45.680819718491676,46.86732702386705,47.2020117044388,46.67042309625921,0.535655,0.514133680126028,26.978196160896132,27.154345292128223,18.030609717558235,26.841108208702465,22.54257052818705,22.719194885737874,22.647815555319912,22.542969137915495,17.94931499430727,22.681924781084174,22.610733825879187,22.50603750715523,0.9166666666666666,0.0,0.25,0.25,0.08333333333333333,18.030609717558235,22.610733825879187,26.841108208702465,15.727303804254953,19.946855520201254,23.487602349929702,3.0760707107383303e-16,5.660751586941275e-16,0.0,5.660751586941272e-16,2.6370315186285993e-14,converged
2025-01-16T00:55:00+08:00,16.916666666666668,-14.0,0.0,4.097222222222222,57.4,57.4,47.6,47.6,35.0,55.00000000000001,85.0,41.351296968050065,11.31789671105882,14.237833111709154,15.79556714528209,90.26880504865726,1.3643026917098113,57.4,57.4,57.4,45.67933643295866,46.86559813508272,47.20015555821828,46.668712818955264,0.535655,0.5142156322078486,26.975791519962325,27.151521007827572,18.02111263872279,26.839431122621434,22.536690007942756,22.71293428185752,22.64213194284252,22.537925800297867,17.939628827084878,22.67567333088166,22.60505794779321,22.501000635839365,0.9166666666666666,0.0,0.25,0.25,0.08333333333333333,18.02111263872279,22.60505794779321,26.839431122621434,15.727303804254953,19.946855520201254,23.487602349929702,3.0760707107383303e-16,4.527879532836883e-16,0.0,4.527879532836881e-16,2.873463356937494e-14,converged
2025-01-16T01:00:00+08:00,17.0,-14.0,0.0,4.090277777777778,57.4,57.4,47.6,47.6,35.0,55.00000000000001,85.0,41.351296968050065,11.31789671105882,14.237833111709154,15.79556714528209,90.26880504865726,1.3643026917098113,57.4,57.4,57.4,45.67785898990083,46.86387586009509,47.19830709117802,46.66700935129678,0.535655,0.5142972579890039,26.97339474607383,27.14870547792244,18.01165858473635,26.83775874058667,22.530833698317664,22.70669809948062,22.636469394646312,22.532900265520635,17.92999151604037,22.669446241995704,22.599403084204692,22.495981526685995,0.9166666666666666,0.0,0.25,0.25,0.08333333333333333,18.01165858473635,22.599403084204692,26.83775874058667,15.727303804254953,19.946855520201254,23.487602349929702,3.0760707107383303e-16,4.527160898432162e-16,0.0,4.52716089843216e-16,2.489708425337884e-14,converged
2025-01-16T01:05:00+08:00,17.083333333333332,-14.0,0.0,4.083333333333333,57.4,57.4,47.6,47.6,35.0,55.00000000000001,85.0,41.351296968050065,11.31789671105882,14.237833111709154,15.79556714528209,90.26880504865726,1.3643026917098113,57.4,57.4,57.4,45.67638736554367,46.862160173519,47.196466270811,46.665312665618984,0.535655,0.5143785587951182,26.97100581349275,27.14589867527695,18.002247360682382,26.836091049403823,22.525001499634527,22.70048624334322,22.630827832664046,22.527892470740273,17.920402814747476,22.66324341949253,22.593769157309094,22.49098011705814,0.9166666666666666,0.0,0.25,0.25,0.08333333333333333,18.002247360682382,22.593769157309094,26.836091049403823,15.727303804254953,19.946855520201254,23.487602349929702,3.0760707107383303e-16,6.789668027743598e-16,0.0,6.789668027743594e-16,2.64557640420152e-14,converged
2025-01-16T01:10:00+08:00,17.166666666666668,-14.0,0.0,4.076388888888889,57.4,57.4,47.6,47.6,35.0,55.00000000000001,85.0,41.351296968050065,11.31789671105882,14.237833111709154,15.79556714528209,90.26880504865726,1.3643026917098113,57.4,57.4,57.4,45.674921536212054,46.86045105006706,47.194633064751116,46.66362273437182,0.535655,0.5144595359463202,26.968624696565392,27.14310057283933,17.9928787725274,26.83442803591556,22.519193312626477,22.69429861855299,22.62520717911781,22.522902353335088,17.910862478022867,22.65706476880832,22.588156089589933,22.4859963445397,0.8333333333333334,0.0,0.25,0.25,0.16666666666666666,17.9928787725274,22.588156089589933,26.83442803591556,15.727303804254953,19.946855520201254,23.487602349929702,3.0760707107383303e-16,1.1314332196486084e-16,0.0,1.1314332196486084e-16,3.0599223269871005e-14,converged
2025-01-16T01:15:00+08:00,17.25,-14.0,0.0,4.069444444444445,57.4,57.4,47.6,47.6,35.0,55.00000000000001,85.0,41.351296968050065,11.31789671105882,14.237833111709154,15.79556714528209,90.26880504865726,1.3643026917098113,57.4,57.4,57.4,45.67346147832983,46.85874846454925,47.192807440772526,46.66193953011939,0.535655,0.5145401907572666,26.96625136972199,27.140311143641664,17.983552627116943,26.832769687001452,22.51340903843533,22.68813513058774,22.61960735651795,22.517929850904444,17.901370261919904,22.650910195747752,22.582563803817735,22.48103014693469,0.8333333333333334,0.0,0.25,0.25,0.16666666666666666,17.983552627116943,22.582563803817735,26.832769687001452,15.727303804254953,19.946855520201254,23.487602349929702,3.0760707107383303e-16,1.1312558660928153e-16,0.0,1.1312558660928153e-16,2.53556064555988e-14,converged
2025-01-16T01:20:00+08:00,17.333333333333332,-14.0,0.0,4.0625,57.4,57.4,47.6,47.6,35.0,55.00000000000001,85.0,41.351296968050065,11.31789671105882,14.237833111709154,15.79556714528209,90.26880504865726,1.3643026917098113,57.4,57.4,57.4,45.67200716841941,46.857052391872536,47.19098936678902,46.66026302553953,0.535655,0.514620524537165,26.96388580747644,27.13753036079963,17.974268732171602,26.831115989577867,22.50764857860992,22.68199568529401,22.614028287661995,22.512974901267974,17.891925923722393,22.644779606482583,22.57699222304895,22.476081462266443,0.8333333333333334,0.0,0.25,0.25,0.16666666666666666,17.974268732171602,22.57699222304895,26.831115989577867,15.727303804254953,19.946855520201254,23.487602349929702,3.0760707107383303e-16,6.786475642317342e-16,0.0,6.786475642317337e-16,2.6634184527895513e-14,converged
2025-01-16T01:25:00+08:00,17.416666666666668,-14.0,0.0,4.055555555555555,57.4,57.4,47.6,47.6,35.0,55.00000000000001,85.0,41.351296968050065,11.31789671105882,14.237833111709154,15.79556714528209,90.26880504865726,1.3643026917098113,57.4,57.4,57.4,45.670558583101354,46.85536280704054,47.189178810853434,46.658593193423336,0.535655,0.5147005385897971,26.96152798442601,27.134758197512237,17.965026896283064,26.829466930597874,22.501911835104405,22.67588018888561,22.6084698956336,22.508037442464804,17.882529221938377,22.638672907550205,22.571441270624916,22.471150228776857,0.8333333333333334,0.0,0.25,0.25,0.16666666666666666,17.965026896283064,22.571441270624916,26.829466930597874,15.727303804254953,19.946855520201254,23.487602349929702,3.0760707107383303e-16,2.2618068779546157e-16,0.0,2.2618068779546157e-16,2.8732976558098544e-14,converged
2025-01-16T01:30:00+08:00,17.5,-14.0,0.0,4.048611111111111,57.4,57.4,47.6,47.6,35.0,55.00000000000001,85.0,41.351296968050065,11.31789671105882,14.237833111709154,15.79556714528209,90.26880504865726,1.3643026917098113,57.4,57.4,57.4,45.66911569909392,46.85367968515312,47.187375741157,46.656930006674614,0.535655,0.5147802342135414,26.959177875251072,27.13199462706157,17.955826928910152,26.827822497051137,22.49619871027661,22.669788547942193,22.602932103801486,22.503117412752786,17.873179916293964,22.632590005852226,22.56591087017079,22.466236384925608,0.8333333333333334,0.0,0.25,0.25,0.16666666666666666,17.955826928910152,22.56591087017079,26.827822497051137,15.727303804254953,19.946855520201254,23.487602349929702,3.0760707107383303e-16,1.1307283583332317e-16,0.0,1.1307283583332317e-16,2.3204939123273686e-14,converged
2025-01-16T01:35:00+08:00,17.583333333333332,-14.0,0.0,4.041666666666667,57.4,57.4,47.6,47.6,35.0,55.00000000000001,85.0,41.351296968050065,11.31789671105882,14.237833111709154,15.79556714528209,90.26880504865726,1.3643026917098113,57.4,57.4,57.4,45.66767849321267,46.852003001406004,47.18558012602877,46.65527343830949,0.535655,0.5148596127013961,26.95683545471485,27.12923962281253,17.946668640374902,26.826182675963814,22.49050910688636,22.663720669407827,22.597414835818377,22.498214750607715,17.863877767727185,22.62653080865305,22.5604009455945,22.4613398693894,0.8333333333333334,0.0,0.25,0.25,0.16666666666666666,17.946668640374902,22.5604009455945,26.826182675963814,15.727303804254953,19.946855520201254,23.487602349929702,3.0760707107383303e-16,1.130554028273066e-16,0.0,1.130554028273066e-16,2.6526068669521412e-14,converged
2025-01-16T01:40:00+08:00,17.666666666666668,-14.0,0.0,4.034722222222222,57.4,57.4,47.6,47.6,35.0,55.00000000000001,85.0,41.351296968050065,11.31789671105882,14.237833111709154,15.79556714528209,90.26880504865726,1.3643026917098113,57.4,57.4,57.4,45.66624694237006,46.85033273109046,47.183791933934955,46.65362346145589,0.535655,0.5149386753410025,26.954500697663114,27.12649315821258,17.937551841858657,26.824547454398452,22.48484292809383,22.657676460589578,22.59191801561995,22.493329394722565,17.854622538381875,22.620495223578462,22.5549114210857,22.456460621061176,0.8333333333333334,0.0,0.25,0.25,0.16666666666666666,17.937551841858657,22.5549114210857,26.824547454398452,15.727303804254953,19.946855520201254,23.487602349929702,3.0760707107383303e-16,2.2607608906020183e-16,0.0,2.2607608906020183e-16,2.389984873689661e-14,converged
2025-01-16T01:45:00+08:00,17.75,-14.0,0.0,4.027777777777778,57.4,57.4,47.6,47.6,35.0,55.00000000000001,85.0,41.351296968050065,11.31789671105882,14.237833111709154,15.79556714528209,90.26880504865726,1.3643026917098113,57.4,57.4,57.4,45.664821023575,46.848668849592876,47.18201113347837,46.651980049353035,0.535655,0.5150174234146663,26.952173579023945,27.123755206791483,17.928476345398163,26.822916819453884,22.47920007745789,22.651655829156084,22.586441567423787,22.488461284006725,17.845413991601596,22.614483158614224,22.549442221114724,22.45159857904938,0.8333333333333334,0.0,0.25,0.25,0.16666666666666666,17.928476345398163,22.549442221114724,26.822916819453884,15.727303804254953,19.946855520201254,23.487602349929702,3.0760707107383303e-16,6.781245635637633e-16,0.0,6.781245635637628e-16,2.7185426871159683e-14,converged
2025-01-16T01:50:00+08:00,17.833333333333332,-14.0,0.0,4.020833333333333,57.4,57.4,47.6,47.6,35.0,55.00000000000001,85.0,41.351296968050065,11.31789671105882,14.237833111709154,15.79556714528209,90.26880504865726,1.3643026917098113,57.4,57.4,57.4,45.66340071393246,46.847011332394416,47.180237693397785,46.650343175351075,0.535655,0.5150958581993814,26.94985407380744,27.121025742161056,17.91944196388171,26.821290758265132,22.473580458934464,22.645658683136162,22.580985415728335,22.48361035758523,17.836251891923585,22.608494522104664,22.543993270431553,22.446753682677183,0.8333333333333334,0.0,0.25,0.25,0.16666666666666666,17.91944196388171,22.543993270431553,26.821290758265132,15.727303804254953,19.946855520201254,23.487602349929702,3.0760707107383303e-16,9.040284053837078e-16,0.0,9.04028405383707e-16,2.454772435130568e-14,converged
2025-01-16T01:55:00+08:00,17.916666666666668,-14.0,0.0,4.013888888888889,57.4,57.4,47.6,47.6,35.0,55.00000000000001,85.0,41.351296968050065,11.31789671105882,14.237833111709154,15.79556714528209,90.26880504865726,1.3643026917098113,57.4,57.4,57.4,45.66198599064309,46.845360155070665,47.178471582567354,46.64871281291052,0.535655,0.5151739809668519,26.947542157105456,27.11830473801491,17.910448511045253,26.819669258003305,22.4679839768749,22.639684930917383,22.57554948531186,22.47877655479801,17.827136005072735,22.602529222751286,22.538564494064772,22.441925871481725,0.8333333333333334,0.0,0.25,0.25,0.16666666666666666,17.910448511045253,22.538564494064772,26.819669258003305,15.727303804254953,19.946855520201254,23.487602349929702,3.0760707107383303e-16,2.259728288459999e-16,0.0,2.2597282884599987e-16,3.000305835352886e-14,converged
2025-01-16T02:00:00+08:00,18.0,-14.0,0.0,4.006944444444445,57.4,57.4,47.6,47.6,35.0,55.00000000000001,85.0,41.351296968050065,11.31789671105882,14.237833111709154,15.79556714528209,90.26880504865726,1.3643026917098113,57.4,57.4,57.4,45.66057683100274,46.84371529329125,47.176712769995994,46.647088935601786,0.535655,0.515251792983514,26.945237804091338,27.115592168128195,17.901495801468595,26.81805230587549,22.462410536024347,22.633734481244684,22.570133701231406,22.47395981519911,17.818066097955594,22.59658716961138,22.533155817320544,22.437115085213364,0.8333333333333334,0.0,0.25,0.25,0.16666666666666666,17.901495801468595,22.533155817320544,26.81805230587549,15.727303804254953,19.946855520201254,23.487602349929702,3.0760707107383303e-16,0.0,0.0,0.0,2.864727615061334e-14,converged
2025-01-16T02:05:00+08:00,18.083333333333332,-14.0,0.0,4.0,57.4,57.4,47.6,47.6,35.0,55.00000000000001,85.0,41.351296968050065,11.31789671105882,14.237833111709154,15.79556714528209,90.26880504865726,1.3643026917098113,57.4,57.4,57.4,45.6591732124021,46.842076722819456,47.17496122482678,46.64547151710479,0.535655,0.5153292955105595,26.942940990019654,27.112888006357355,17.892583650571545,26.816439889124663,22.456860041520116,22.627807243218975,22.564737988821765,22.46916007855595,17.80904193865442,22.59066827209662,22.527767165781576,22.432321263834925,0.8333333333333334,0.0,0.25,0.25,0.16666666666666666,17.892583650571545,22.527767165781576,26.816439889124663,15.727303804254953,19.946855520201254,23.487602349929702,3.0760707107383303e-16,4.518094462749184e-16,0.0,4.518094462749184e-16,2.57941478671842e-14,converged
2025-01-16T02:10:00+08:00,18.166666666666668,-13.972222222222223,0.27777777777777385,3.993055555555556,57.4,57.4,47.6,47.6,35.0,55.00000000000001,85.0,41.351296968050065,11.31789671105882,14.237833111709154,15.79556714528209,90.26880504865726,1.3643026917098113,57.4,57.4,57.4,45.657786226073455,46.84045493826806,47.17322748675164,46.64387123254727,0.5350832555555556,0.5154059770233709,26.940707154853822,27.110249155769754,17.883800839146975,26.814877962188334,22.451406320374566,22.621977542179128,22.559430480322874,22.464439080285054,17.800160273246647,22.58484685600127,22.522466672061803,22.42760614306726,0.8333333333333334,0.0,0.25,0.25,0.16666666666666666,17.883800839146975,22.522466672061803,26.814877962188334,15.727303804254953,19.946855520201254,23.487602349929702,3.0760707107383303e-16,3.388066699360066e-16,0.0,3.388066699360066e-16,2.3770248354791567e-14,converged
2025-01-16T02:15:00+08:00,18.25,-13.944444444444445,0.5555555555555596,3.986111111111111,57.4,57.4,47.6,47.6,35.0,55.00000000000001,85.0,41.351296968050065,11.31789671105882,14.237833111709154,15.79556714528209,90.26880504865726,1.3643026917098113,57.4,57.4,57.4,45.656426909795925,46.838860380646366,47.17152203801204,46.642298702025165,0.5345115111111112,0.5154813286343142,26.938536092551477,27.107675413921207,17.8751467812451,26.813366383448002,22.44604897416327,22.61624499765069,22.554210848838416,22.459796542442167,17.79142038300557,22.579122541449355,22.517254009763754,22.42296944537835,0.8333333333333334,0.0,0.25,0.25,0.16666666666666666,17.8751467812451,22.517254009763754,26.813366383448002,15.727303804254953,19.946855520201254,23.487602349929702,3.0760707107383303e-16,1.1291904804327122e-16,0.0,1.1291904804327122e-16,3.485999890735202e-14,converged
2025-01-16T02:20:00+08:00,18.333333333333332,-13.916666666666666,0.8333333333333334,3.9791666666666665,57.4,57.4,47.6,47.6,35.0,55.00000000000001,85.0,41.351296968050065,11.31789671105882,14.237833111709154,15.79556714528209,90.26880504865726,1.3643026917098113,57.4,57.4,57.4,45.6550951611477,46.83729294568391,47.169844762045436,46.64075381707862,0.5339397666666666,0.515555355540507,26.936427597744345,27.105166578995043,17.86662089357068,26.811905011682384,22.440787606102138,22.61060923064337,22.5490787686836,22.455232188064183,17.78282155282968,22.573494950045244,22.512128853698417,22.418410894214883,0.8333333333333334,0.0,0.25,0.25,0.16666666666666666,17.86662089357068,22.512128853698417,26.811905011682384,15.727303804254953,19.946855520201254,23.487602349929702,3.0760707107383303e-16,3.3870850310017224e-16,0.0,3.3870850310017224e-16,2.5399784627217675e-14,converged
2025-01-16T02:25:00+08:00,18.416666666666668,-13.88888888888889,1.1111111111111072,3.9722222222222223,57.4,57.4,47.6,47.6,35.0,55.00000000000001,85.0,41.351296968050065,11.31789671105882,14.237833111709154,15.79556714528209,90.26880504865726,1.3643026917098113,57.4,57.4,57.4,45.65379087810087,46.83575252951093,47.16819554278054,46.639236469681165,0.5333680222222221,0.5156280629182982,26.93438146573603,27.102722449800158,17.858222595470995,26.81049370606631,22.435621821040687,22.60506986364525,22.54403391538067,22.45074574116566,17.77436307122439,22.567963704867882,22.507090879880764,22.413930213998785,0.8333333333333334,0.0,0.25,0.25,0.16666666666666666,17.858222595470995,22.507090879880764,26.81049370606631,15.727303804254953,19.946855520201254,23.487602349929702,3.0760707107383303e-16,1.1288691423044302e-16,0.0,1.1288691423044302e-16,3.3160996229459725e-14,converged
2025-01-16T02:30:00+08:00,18.5,-13.86111111111111,1.3888888888888928,3.9652777777777777,57.4,57.4,47.6,47.6,35.0,55.00000000000001,85.0,41.351296968050065,11.31789671105882,14.237833111709154,15.79556714528209,90.26880504865726,1.3643026917098113,57.4,57.4,57.4,45.65251395901982,46.83423902865675,47.16657426463525,46.637746552238035,0.5327962777777778,0.5156994559233529,26.932397492499835,27.100342825769083,17.849951308923867,26.809132326169614,22.430551225455297,22.59962652061703,22.53907596565443,22.446336926735384,17.766044230283814,22.562528430465036,22.5021397655253,22.40952713012379,0.8333333333333334,0.0,0.25,0.25,0.16666666666666666,17.849951308923867,22.5021397655253,26.809132326169614,15.727303804254953,19.946855520201254,23.487602349929702,3.0760707107383303e-16,4.514851450385758e-16,0.0,4.514851450385758e-16,2.3498483784642364e-14,converged
2025-01-16T02:35:00+08:00,18.583333333333332,-13.833333333333334,1.6666666666666667,3.9583333333333335,57.3,57.3,47.53333333333333,47.53333333333333,35.0,55.00000000000001,85.0,41.29338198630209,11.302045315104953,14.217892168975666,15.773444502221468,90.01612832148712,1.3585783522321466,57.4,57.4,57.4,45.638391605415876,46.82044452687043,47.152926335620734,46.6239183056105,0.5322245333333333,0.5156388736965273,26.930455854752598,27.0980090204014,17.84179333721507,26.807803843061095,22.42555917726516,22.59426350476558,22.53419001466938,22.441991544325084,17.757850249256844,22.55717326754631,22.497260451169716,22.405187294503417,0.8333333333333334,0.0,0.25,0.25,0.16666666666666666,17.84179333721507,22.497260451169716,26.807803843061095,15.749361733854192,19.97483147464754,23.520544288709413,2.056470193962205e-16,7.901918322668463e-16,0.0,7.108198848293283e-16,2.1092717499054444e-14,converged
2025-01-16T02:40:00+08:00,18.666666666666668,-13.805555555555555,1.9444444444444406,3.951388888888889,57.3,57.3,47.53333333333333,47.53333333333333,35.0,55.00000000000001,85.0,41.29338198630209,11.302045315104953,14.217892168975666,15.773444502221468,90.01612832148712,1.3585783522321466,57.4,57.4,57.4,45.63716160865471,46.81897830480521,47.15135458506446,46.62247642839779,0.5316527888888889,0.5157078679713534,26.928576032682724,27.095739376824,17.83376128561696,26.80652505264402,22.420661600963456,22.58899582262945,22.529390376320656,22.43772329471352,17.749794571891595,22.551913386867025,22.492467406809773,22.400924556815855,0.8333333333333334,0.0,0.25,0.25,0.16666666666666666,17.83376128561696,22.492467406809773,26.80652505264402,15.749361733854192,19.97483147464754,23.520544288709413,2.056470193962205e-16,9.02955561138745e-16,0.0,2.484891378211898e-15,2.7876617266541197e-14,converged
2025-01-16T02:45:00+08:00,18.75,-13.777777777777777,2.2222222222222263,3.944444444444444,57.3,57.3,47.53333333333333,47.53333333333333,35.0,55.00000000000001,85.0,41.29338198630209,11.302045315104953,14.217892168975666,15.773444502221468,90.01612832148712,1.3585783522321466,57.4,57.4,57.4,45.6359587234761,46.817538737759534,47.14981048035144,46.62106170964604,0.5310810444444445,0.515775562705343,26.926757824093215,27.09353369619454,17.82585458371225,26.805295815563127,22.41585810764492,22.583823102370644,22.52467673075731,22.433531905654757,17.741876500645517,22.546748417163467,22.487760313073878,22.396738645211773,0.8333333333333334,0.0,0.25,0.25,0.16666666666666666,17.82585458371225,22.487760313073878,26.805295815563127,15.749361733854192,19.97483147464754,23.520544288709413,2.056470193962205e-16,1.128546312046211e-16,0.0,1.2749046618897039e-15,3.345866541307713e-14,converged
2025-01-16T02:50:00+08:00,18.833333333333332,-13.75,2.5,3.9375,57.3,57.3,47.53333333333333,47.53333333333333,35.0,55.00000000000001,85.0,41.29338198630209,11.302045315104953,14.217892168975666,15.773444502221468,90.01612832148712,1.3585783522321466,57.314987234677076,57.39949662949296,57.4,45.5802443184861,46.81577493395323,47.1482939076468,46.60462600385082,0.5305093000000001,0.5154403376920275,26.924850227037997,27.091248906273,17.817916517489238,26.80398670965205,22.41114732418739,22.57874403966825,22.520047872076677,22.429416260875765,17.734095341494157,22.541677988618552,22.483138851772758,22.392629288800393,0.8333333333333334,0.0,0.25,0.25,0.16666666666666666,17.817916517489238,22.483138851772758,26.80398670965205,15.749361733854192,19.97483147464754,23.520544288709413,2.056470193962205e-16,1.2422083085602577e-15,0.0,2.0282932538210457e-15,2.6975139325363232e-14,converged
2025-01-16T02:55:00+08:00,18.916666666666668,-13.722222222222223,2.777777777777774,3.930555555555556,57.3,57.3,47.53333333333333,47.53333333333333,35.0,55.00000000000001,85.0,41.29338198630209,11.302045315104953,14.217892168975666,15.773444502221468,90.01612832148712,1.3585783522321466,57.3,57.3,57.370410885774184,45.569424022769276,46.74502340679836,47.125654658273675,46.56865588155751,0.5299375555555556,0.514785143383117,26.92297779264043,27.089002977484242,17.81007591001998,26.802704482233857,22.40633539854009,22.573574961389074,22.515329326464443,22.425210211927038,17.726389604726865,22.536646981949644,22.478550691032012,22.38854667838711,0.8333333333333334,0.0,0.25,0.25,0.16666666666666666,17.81007591001998,22.478550691032012,26.802704482233857,15.749361733854192,19.97483147464754,23.520544288709413,2.056470193962205e-16,3.392152725946931e-16,0.0,2.9323570244220934e-15,2.25188698262236e-14,converged
2025-01-16T03:00:00+08:00,19.0,-13.694444444444445,3.05555555555556,3.923611111111111,57.3,57.3,47.53333333333333,47.53333333333333,35.0,55.00000000000001,85.0,41.29338198630209,11.302045315104953,14.217892168975666,15.773444502221468,90.01612832148712,1.3585783522321466,57.3,57.3,57.3,45.56824097434791,46.743608452199915,47.0738299782784,46.54804865077157,0.529365811111111,0.5144842291463437,26.921166947558405,27.086820938149465,17.802359785003457,26.801471817790368,22.401617203284392,22.568500460394418,22.510696473130157,22.42108080398925,17.718675395342093,22.531579962077434,22.473924176053504,22.38442258223989,0.8333333333333334,0.0,0.25,0.25,0.16666666666666666,17.802359785003457,22.473924176053504,26.801471817790368,15.749361733854192,19.97483147464754,23.520544288709413,2.056470193962205e-16,2.262757830693791e-16,0.0,2.2627578306937907e-16,2.513768562021191e-14,converged
2025-01-16T03:05:00+08:00,19.083333333333332,-13.666666666666666,3.3333333333333335,3.9166666666666665,57.2,57.2,47.46666666666667,47.46666666666667,35.0,55.00000000000001,85.0,41.23546700455412,11.286193919151088,14.197951226242179,15.75132185916085,89.76380573128567,1.3528700473083468,57.3,57.3,57.3,45.55421520293457,46.72990920556227,47.06028381719579,46.53431851028983,0.5287940666666666,0.514418722449674,26.91939788265546,27.084684114158218,17.79475444113323,26.800271700740474,22.39697609525764,22.563504838038998,22.506134405682637,22.417013835499844,17.71108297608441,22.526591608895064,22.46936825128532,22.380360744264873,0.8333333333333334,0.0,0.25,0.25,0.16666666666666666,17.79475444113323,22.46936825128532,26.800271700740474,15.771481623929832,20.002886013235532,23.553578761025012,1.0311254261164666e-16,0.0,0.0,2.623718924932921e-15,2.6534714583579717e-14,converged
2025-01-16T03:10:00+08:00,19.166666666666668,-13.63888888888889,3.611111111111107,3.9097222222222223,57.2,57.2,47.46666666666667,47.46666666666667,35.0,55.00000000000001,85.0,41.23546700455412,11.286193919151088,14.197951226242179,15.75132185916085,89.76380573128567,1.3528700473083468,57.3,57.3,57.3,45.5530785014291,46.728540928542415,47.05881884011499,46.53297667779595,0.5282223222222222,0.5144828395014278,26.91769006782792,27.082610840209536,17.787272511464323,26.799120915749373,22.39242801229032,22.55860311423952,22.501657448752823,22.413023015517492,17.70362582379767,22.521697106489906,22.46489739741364,22.37637502237329,0.8333333333333334,0.0,0.25,0.25,0.16666666666666666,17.787272511464323,22.46489739741364,26.799120915749373,15.771481623929832,20.002886013235532,23.553578761025012,1.0311254261164666e-16,2.262763942520414e-16,0.0,2.962806537237667e-15,2.6860625829212813e-14,converged
2025-01-16T03:15:00+08:00,19.25,-13.61111111111111,3.888888888888893,3.9027777777777777,57.2,57.2,47.46666666666667,47.46666666666667,35.0,55.00000000000001,85.0,41.23546700455412,11.286193919151088,14.197951226242179,15.75132185916085,89.76380573128567,1.3528700473083468,57.3,57.3,57.3,45.55196857577659,46.72719895520945,47.0573810886873,46.53166163039845,0.5276505777777778,0.5145456766755384,26.91604330276832,27.080600919395735,17.779913436972155,26.798019324500395,22.38797257147646,22.553794922797017,22.49726528698011,22.40910807530074,17.69630325630309,22.516896089217635,22.46051129954188,22.37246514820847,0.8333333333333334,0.0,0.25,0.25,0.16666666666666666,17.779913436972155,22.46051129954188,26.798019324500395,15.771481623929832,20.002886013235532,23.553578761025012,1.0311254261164666e-16,7.918706635080786e-16,0.0,4.34645080706778e-15,3.1614388984905225e-14,converged
2025-01-16T03:20:00+08:00,19.333333333333332,-13.583333333333334,4.166666666666667,3.8958333333333335,57.2,57.2,47.46666666666667,47.46666666666667,35.0,55.00000000000001,85.0,41.23546700455412,11.286193919151088,14.197951226242179,15.75132185916085,89.76380573128567,1.3528700473083468,57.2154296324786,57.3,57.3,45.49666368009231,46.72588318486484,47.055970450883414,46.515532737507506,0.5270788333333334,0.5142103288062426,26.91430742563337,27.078512075622434,17.772521354110168,26.796838224617595,22.383609391486186,22.54907989894068,22.492957606172407,22.40526874705657,17.689114594862254,22.512188192858474,22.456209643939083,22.36863085435987,0.8333333333333334,0.0,0.25,0.25,0.16666666666666666,17.772521354110168,22.456209643939083,26.796838224617595,15.771481623929832,20.002886013235532,23.553578761025012,1.0311254261164666e-16,4.527926231944702e-16,0.0,4.756975625318467e-15,4.7858168809603674e-14,converged
2025-01-16T03:25:00+08:00,19.416666666666668,-13.555555555555555,4.444444444444441,3.888888888888889,57.2,57.2,47.46666666666667,47.46666666666667,35.0,55.00000000000001,85.0,41.23546700455412,11.286193919151088,14.197951226242179,15.75132185916085,89.76380573128567,1.3528700473083468,57.2,57.20005772026472,57.271071575220496,45.485657988048985,46.654953587447395,47.0339187407748,46.47967499100622,0.526507088888889,0.5135496251070455,26.912605374630562,27.076460751353554,17.765223448365994,26.795682980152943,22.379142809610926,22.54427265436673,22.488558302442797,22.401337329290676,17.681999731868558,22.507519538441027,22.451941276238426,22.364823452363954,0.8333333333333334,0.0,0.25,0.25,0.16666666666666666,17.765223448365994,22.451941276238426,26.795682980152943,15.771481623929832,20.002886013235532,23.553578761025012,1.0311254261164666e-16,5.667189504941657e-16,0.0,3.572543134013611e-15,4.1465609858051744e-14,converged
2025-01-16T03:30:00+08:00,19.5,-13.527777777777777,4.722222222222227,3.881944444444444,57.2,57.2,47.46666666666667,47.46666666666667,35.0,55.00000000000001,85.0,41.23546700455412,11.286193919151088,14.197951226242179,15.75132185916085,89.76380573128567,1.3528700473083468,57.2,57.2,57.2,45.48456685183617,46.653594925045795,46.98175103683186,46.45898126895464,0.5259353444444445,0.5132402568953511,26.91096435454613,27.074472712209204,17.758047564232434,26.794576941933837,22.374768421867138,22.53955846703628,22.484243404804115,22.397481485120828,17.674872082313534,22.502812266648352,22.44763223786679,22.360972515745868,0.8333333333333334,0.0,0.25,0.25,0.16666666666666666,17.758047564232434,22.44763223786679,26.794576941933837,15.771481623929832,20.002886013235532,23.553578761025012,1.0311254261164666e-16,4.536484434449643e-16,0.0,1.1341211086124094e-15,2.4276106357445655e-14,converged
2025-01-16T03:35:00+08:00,19.583333333333332,-13.5,5.0,3.875,57.1,57.1,47.4,47.4,35.0,55.00000000000001,85.0,41.17755202280615,11.270342523197225,14.178010283508693,15.72919921610023,89.51183727805292,1.3471777544495551,57.2,57.2,57.2,45.47063639495038,46.6399896036447,46.96830498052666,46.4453477944507,0.5253635999999999,0.5131699499310263,26.909364571127497,27.072529297249897,17.75097999655188,26.793503108238976,22.370469697864262,22.534921744361537,22.479998107746873,22.393687109348814,17.667863245887375,22.498182251197246,22.443392607381302,22.35718286867436,0.8333333333333334,0.0,0.25,0.25,0.16666666666666666,17.75097999655188,22.443392607381302,26.793503108238976,15.793663735918479,20.03101946754388,23.586706157313376,1.0340279593076966e-16,2.268552978259578e-16,0.0,3.705893966828733e-15,2.7409363520488805e-14,converged
2025-01-16T03:40:00+08:00,19.666666666666668,-13.472222222222223,5.277777777777774,3.868055555555556,57.1,57.1,47.4,47.4,35.0,55.00000000000001,85.0,41.17755202280615,11.270342523197225,14.178010283508693,15.72919921610023,89.51183727805292,1.3471777544495551,57.2,57.2,57.2,45.46959104447008,46.638717235466366,46.96694434682349,46.44410384518349,0.5247918555555555,0.5132293063259115,26.907825483164068,27.07064883188989,17.74403340479207,26.792478251949092,22.366262587627627,22.530377518523633,22.475836745708875,22.389967918552163,17.66098673082734,22.493644688385622,22.439236875222893,22.35346837652699,0.8333333333333334,0.0,0.25,0.25,0.16666666666666666,17.74403340479207,22.439236875222893,26.792478251949092,15.793663735918479,20.03101946754388,23.586706157313376,1.0340279593076966e-16,7.93901714832181e-16,0.0,1.9227307156091882e-15,2.6469690868606692e-14,converged
2025-01-16T03:45:00+08:00,19.75,-13.444444444444445,5.55555555555556,3.861111111111111,57.1,57.1,47.4,47.4,35.0,55.00000000000001,85.0,41.17755202280615,11.270342523197225,14.178010283508693,15.72919921610023,89.51183727805292,1.3471777544495551,57.2,57.2,57.2,45.46857214205345,46.637470827610706,46.9656105290998,46.442886316582126,0.5242201111111111,0.5132874020299344,26.906346892201363,27.068831121120475,17.73720724101326,26.791502235769016,22.36214671410306,22.52592542883107,22.47175900772032,22.386323647419943,17.654241869857042,22.48919921805754,22.435164730870877,22.3498287743661,0.8333333333333334,0.0,0.25,0.25,0.16666666666666666,17.73720724101326,22.435164730870877,26.791502235769016,15.793663735918479,20.03101946754388,23.586706157313376,1.0340279593076966e-16,7.938118581965696e-16,0.0,1.1747706740721554e-15,2.7984990238367208e-14,converged
2025-01-16T03:50:00+08:00,19.833333333333332,-13.416666666666666,5.833333333333334,3.8541666666666665,57.1,57.1,47.4,47.4,35.0,55.00000000000001,85.0,41.17755202280615,11.270342523197225,14.178010283508693,15.72919921610023,89.51183727805292,1.3471777544495551,57.115873274718375,57.2,57.2,45.413675348957014,46.63625028071057,46.96430341708562,46.42694145388051,0.5236483666666666,0.5129495378982499,26.904779478232005,27.06693468663341,17.7303464939028,26.79044707861202,22.35812170178822,22.52156511599887,22.46776458396351,22.38275403157745,17.64762799906507,22.484845481460063,22.43117586495386,22.34626379818799,0.8333333333333334,0.0,0.25,0.25,0.16666666666666666,17.7303464939028,22.43117586495386,26.79044707861202,15.793663735918479,20.03101946754388,23.586706157313376,1.0340279593076966e-16,0.0,0.0,4.062100085515814e-15,4.47565643995139e-14,converged
2025-01-16T03:55:00+08:00,19.916666666666668,-13.38888888888889,6.111111111111107,3.8472222222222223,57.1,57.1,47.4,47.4,35.0,55.00000000000001,85.0,41.17755202280615,11.270342523197225,14.178010283508693,15.72919921610023,89.51183727805292,1.3471777544495551,57.1,57.10062038935088,57.17173412314627,45.40248190250311,46.56584296286828,46.94283775106068,46.3914360069235,0.5230766222222222,0.5122884782661125,26.903244563115706,27.065074439680327,17.723576706984595,26.78941675833393,22.35399303732061,22.517112280775653,22.463678404516617,22.379092353685532,17.64108639590759,22.480530842712334,22.427220303276666,22.342725882816765,0.8333333333333334,0.0,0.25,0.25,0.16666666666666666,17.723576706984595,22.427220303276666,26.78941675833393,15.793663735918479,20.03101946754388,23.586706157313376,1.0340279593076966e-16,2.2724563749892093e-16,0.0,3.954606699444112e-16,3.743016055966463e-14,converged
2025-01-16T04:00:00+08:00,20.0,-13.36111111111111,6.388888888888893,3.8402777777777777,57.1,57.1,47.4,47.4,35.0,55.00000000000001,85.0,41.17755202280615,11.270342523197225,14.178010283508693,15.72919921610023,89.51183727805292,1.3471777544495551,57.1,57.1,57.1,45.40148076577181,46.56418709836055,46.89032381121521,46.3705323301127,0.5225048777777778,0.5119682423669231,26.901770131356272,27.063276884684146,17.716926547240085,26.788435293482493,22.34995407726479,22.51275007928531,22.45967448163113,22.375504355234668,17.63452777815926,22.476175012411932,22.42322177796393,22.339142401793982,0.8333333333333334,0.0,0.25,0.25,0.16666666666666666,17.716926547240085,22.42322177796393,26.788435293482493,15.793663735918479,20.03101946754388,23.586706157313376,1.0340279593076966e-16,4.547755590804829e-16,0.0,4.547755590804829e-16,2.328238292003277e-14,converged
2025-01-16T04:05:00+08:00,20.083333333333332,-13.333333333333334,6.666666666666667,3.8333333333333335,57.0,57.0,47.333333333333336,47.333333333333336,35.0,55.00000000000001,85.0,41.11963704105818,11.254491127243364,14.15806934077521,15.707076573039613,89.2602229617889,1.3415014511669179,57.1,57.1,57.1,45.38764439100902,46.5506744070747,46.87697624325784,46.35699412089598,0.5219331333333334,0.5118932563556361,26.900336404315503,27.06152337465057,17.71038230638888,26.787485696702895,22.345989393236387,22.50846396221403,22.455739000959408,22.37197687519724,17.62808508654203,22.471895061746977,22.419291505069516,22.33561926269584,0.8333333333333334,0.0,0.25,0.25,0.16666666666666666,17.71038230638888,22.419291505069516,26.787485696702895,15.81590833272963,20.05923217101929,23.619926870210996,1.0369427653584326e-16,1.1371054451443648e-15,1.1314572396235037e-16,1.879777439004278e-15,2.2884116714485742e-14,converged
2025-01-16T04:10:00+08:00,20.166666666666668,-13.305555555555555,6.944444444444441,3.826388888888889,57.0,57.0,47.333333333333336,47.333333333333336,35.0,55.00000000000001,85.0,41.11963704105818,11.254491127243364,14.15806934077521,15.707076573039613,89.2602229617889,1.3415014511669179,57.1,57.1,57.1,45.38668849271059,46.54949595696139,46.875717582849084,46.35584594435178,0.5213613888888889,0.5119479657951265,26.89896282886927,27.059832224860383,17.703956668971202,26.78658472854867,22.342114946333247,22.504268972911884,22.451886305831106,22.368523636919008,17.62177185902687,22.467706198122745,22.415443983867448,22.332170337609977,0.8333333333333334,0.0,0.25,0.25,0.16666666666666666,17.703956668971202,22.415443983867448,26.78658472854867,15.81590833272963,20.05923217101929,23.619926870210996,1.0369427653584326e-16,5.684919640520772e-16,1.1314572396235037e-16,1.6788278313412902e-15,2.4940347167417397e-14,converged
2025-01-16T04:15:00+08:00,20.25,-13.277777777777777,7.222222222222227,3.819444444444444,57.0,57.0,47.333333333333336,47.333333333333336,35.0,55.00000000000001,85.0,41.11963704105818,11.254491127243364,14.15806934077521,15.707076573039613,89.2602229617889,1.3415014511669179,57.1,57.1,57.1,45.38575872243769,46.54834313159759,46.87448533899814,46.354723832763035,0.5207896444444444,0.5120014332661137,26.897649208380283,27.05820324216886,17.697649097832635,26.785732252729364,22.338330365209185,22.500164756066397,22.448116089569925,22.36514437844718,17.61558744279236,22.46360806674378,22.41167890811606,22.32879536494568,0.8333333333333334,0.0,0.25,0.25,0.16666666666666666,17.697649097832635,22.41167890811606,26.785732252729364,15.81590833272963,20.05923217101929,23.619926870210996,1.0369427653584326e-16,4.5474607789399585e-16,1.1314572396235037e-16,1.1972611582052859e-15,3.3455915076807575e-14,converged
2025-01-16T04:20:00+08:00,20.333333333333332,-13.25,7.5,3.8125,57.0,57.0,47.333333333333336,47.333333333333336,35.0,55.00000000000001,85.0,41.11963704105818,11.254491127243364,14.15806934077521,15.707076573039613,89.2602229617889,1.3415014511669179,57.016318166654585,57.1,57.1,45.33126867123088,46.547215832917246,46.87327940314934,46.33896105020768,0.5202179,0.511661170490588,26.89624706641637,27.0564957477002,17.691305435679226,26.784801010951192,22.33463528004619,22.49615095775048,22.444428046635636,22.361838838753243,17.609531188308914,22.459600314196614,22.407995972706996,22.32549408403429,0.8333333333333334,0.0,0.25,0.25,0.16666666666666666,17.691305435679226,22.407995972706996,26.784801010951192,15.81590833272963,20.05923217101929,23.619926870210996,1.0369427653584326e-16,0.0,1.1314572396235037e-16,8.647698866581644e-16,4.445188559480099e-14,converged
2025-01-16T04:25:00+08:00,20.416666666666668,-13.222222222222223,7.777777777777774,3.805555555555556,57.0,57.0,47.333333333333336,47.333333333333336,35.0,55.00000000000001,85.0,41.11963704105818,11.254491127243364,14.15806934077521,15.707076573039613,89.2602229617889,1.3415014511669179,57.0,57.00118464342038,57.072398537404226,45.319885156357714,46.47732961179748,46.85239834747409,46.303806314510744,0.5196461555555555,0.5109998778921463,26.894876105047963,27.05482311823332,17.68504957968511,26.783893591940267,22.330836329391186,22.4920443702005,22.440648143408897,22.35844128689886,17.603545761080746,22.455631550483456,22.404346386292644,22.32222005555489,0.8333333333333334,0.0,0.25,0.25,0.16666666666666666,17.68504957968511,22.404346386292644,26.783893591940267,15.81590833272963,20.05923217101929,23.619926870210996,1.0369427653584326e-16,4.5563737630288e-16,1.1314572396235037e-16,9.878075931566346e-17,3.1174897817345653e-14,converged
2025-01-16T04:30:00+08:00,20.5,-13.194444444444445,8.05555555555556,3.798611111111111,57.0,57.0,47.333333333333336,47.333333333333336,35.0,55.00000000000001,85.0,41.11963704105818,11.254491127243364,14.15806934077521,15.707076573039613,89.2602229617889,1.3415014511669179,57.0,57.0,57.0,45.318972151016155,46.475373883755516,46.79953501679148,46.28269005013768,0.5190744111111111,0.5106688715751903,26.893565090091304,27.053212598503194,17.678911021030803,26.783034683343942,22.327124624908596,22.488026022551328,22.4369483705118,22.35511553813252,17.597539174444208,22.451619050251676,22.40065156615141,22.31889844780819,0.8333333333333334,0.0,0.25,0.25,0.16666666666666666,17.678911021030803,22.40065156615141,26.783034683343942,15.81590833272963,20.05923217101929,23.619926870210996,1.0369427653584326e-16,6.838990683014088e-16,1.1314572396235037e-16,6.838990683014084e-16,3.367945394568854e-14,converged
2025-01-16T04:35:00+08:00,20.583333333333332,-13.166666666666666,8.333333333333334,3.7916666666666665,56.9,56.9,47.266666666666666,47.266666666666666,35.0,55.00000000000001,85.0,41.06172205931021,11.2386397312895,14.138128398041722,15.684953929978994,89.00896278249354,1.3358411149715779,57.0,57.0,57.0,45.30522866040371,46.461952561493256,46.786284366308024,46.26924574406019,0.5185026666666667,0.5105893248308583,26.892294259246555,27.051645556228287,17.672876049029174,26.78220731267761,22.32348584363323,22.484082412043385,22.433315907800758,22.351849378416265,17.5916457142377,22.447681085806483,22.39702386922169,22.315636254924502,0.8333333333333334,0.0,0.25,0.25,0.16666666666666666,17.672876049029174,22.39702386922169,26.78220731267761,15.838215678756049,20.0875244589897,23.653241294569547,1.0398699135578746e-16,7.980065516043603e-16,0.0,4.2215971591569958e-16,2.5721486242041434e-14,converged
2025-01-16T04:40:00+08:00,20.666666666666668,-13.13888888888889,8.611111111111107,3.7847222222222223,56.9,56.9,47.266666666666666,47.266666666666666,35.0,55.00000000000001,85.0,41.06172205931021,11.2386397312895,14.138128398041722,15.684953929978994,89.00896278249354,1.3358411149715779,57.0,57.0,57.0,45.30436035975067,46.46086608308365,46.78512536761323,46.26819127950207,0.5179309222222223,0.5106394982235156,26.89108304667749,27.050140295715273,17.66695737198165,26.781428227628474,22.319935956632772,22.48022859211802,22.429765106595855,22.348656537123595,17.585878946547624,22.443832874575225,22.393477802702616,22.31244735495552,0.8333333333333334,0.0,0.25,0.25,0.16666666666666666,17.66695737198165,22.393477802702616,26.781428227628474,15.838215678756049,20.0875244589897,23.653241294569547,1.0398699135578746e-16,1.1398973466793773e-15,0.0,8.014903218839371e-17,2.5641525159964096e-14,converged
2025-01-16T04:45:00+08:00,20.75,-13.11111111111111,8.888888888888893,3.7777777777777777,56.9,56.9,47.266666666666666,47.266666666666666,35.0,55.00000000000001,85.0,41.06172205931021,11.2386397312895,14.138128398041722,15.684953929978994,89.00896278249354,1.3358411149715779,57.0,57.0,57.0,45.303517874651554,46.459804901468075,46.7839923960489,46.267162532700546,0.5173591777777778,0.510688447917291,26.889931257528936,27.04869662564911,17.661154463227792,26.78069729289428,22.316474598128806,22.476464212716376,22.42629566441919,22.345536755589052,17.58023823257359,22.440074066998086,22.39001306453683,22.309331489586945,0.8333333333333334,0.0,0.25,0.25,0.16666666666666666,17.661154463227792,22.39001306453683,26.78069729289428,15.838215678756049,20.0875244589897,23.653241294569547,1.0398699135578746e-16,0.0,0.0,1.2199294369301166e-15,2.9395343523941924e-14,converged
2025-01-16T04:50:00+08:00,20.833333333333332,-13.083333333333334,9.166666666666668,3.7708333333333335,56.9,56.9,47.266666666666666,47.266666666666666,35.0,55.00000000000001,85.0,41.06172205931021,11.2386397312895,14.138128398041722,15.684953929978994,89.00896278249354,1.3358411149715779,56.916764313575115,57.0,57.0,45.24943324958532,46.458768919851934,46.782885344729756,46.2515799298754,0.5167874333333333,0.5103459013625167,26.88869126068939,27.047174668238558,17.655314021292913,26.779887974482907,22.313101403848,22.472788925144336,22.422907279913243,22.342489776059733,17.574722936736116,22.436404314876675,22.386629353784677,22.30628840141489,0.8333333333333334,0.0,0.25,0.25,0.16666666666666666,17.655314021292913,22.386629353784677,26.779887974482907,15.838215678756049,20.0875244589897,23.653241294569547,1.0398699135578746e-16,5.702765590755715e-16,0.0,4.439246589553902e-15,2.4102903214792657e-14,converged
2025-01-16T04:55:00+08:00,20.916666666666668,-13.055555555555555,9.444444444444441,3.763888888888889,56.9,56.9,47.266666666666666,47.266666666666666,35.0,55.00000000000001,85.0,41.06172205931021,11.2386397312895,14.138128398041722,15.684953929978994,89.00896278249354,1.3358411149715779,56.9,56.9017504891798,56.97306482589139,45.23785739529327,46.389402658353575,46.762587525630884,46.21677436758294,0.5162156888888889,0.5096844960451448,26.887481134988825,27.04568626252021,17.649558292608322,26.77910146904854,22.30962416682315,22.46902061557339,22.419426958109305,22.339350856253432,17.56927711559892,22.43277347690205,22.383279064633893,22.303272779551524,0.8333333333333334,0.0,0.25,0.25,0.16666666666666666,17.649558292608322,22.383279064633893,26.77910146904854,15.838215678756049,20.0875244589897,23.653241294569547,1.0398699135578746e-16,6.852199119077586e-16,0.0,1.7768430397972672e-15,4.447535052454383e-14,converged
2025-01-16T05:00:00+08:00,21.0,-13.027777777777777,9.722222222222227,3.756944444444444,56.9,56.9,47.266666666666666,47.266666666666666,35.0,55.00000000000001,85.0,41.06172205931021,11.2386397312895,14.138128398041722,15.684953929978994,89.00896278249354,1.3358411149715779,56.9,56.9,56.9,45.23703069682289,46.38714444750622,46.709371704708204,46.1954429304981,0.5156439444444444,0.5093428137826349,26.88633042915647,27.04425939505571,17.643917594279486,26.778363134721953,22.306231748355184,22.46533818098296,22.416024663117454,22.336281880547617,17.563806070826583,22.42909638588954,22.379881293955787,22.300207581782885,0.8333333333333334,0.0,0.25,0.25,0.16666666666666666,17.643917594279486,22.379881293955787,26.778363134721953,15.838215678756049,20.0875244589897,23.653241294569547,1.0398699135578746e-16,3.428397888713978e-16,0.0,3.428397888713978e-16,3.0224281630432615e-14,converged
2025-01-16T05:05:00+08:00,21.083333333333332,-13.0,10.0,3.75,56.8,56.8,47.2,47.2,35.0,55.00000000000001,85.0,41.00380707756224,11.222788335335634,14.118187455308233,15.662831286918372,88.75805674016695,1.3301967233746816,56.9,56.9,56.9,45.22337892601418,46.373813266461944,46.696216445242044,46.18209120304287,0.5150722,0.5092588217852156,26.885219397948475,27.04287544903739,17.638378213916564,26.777656014389567,22.30291093430827,22.46172916844531,22.412688572039638,22.333271584714,17.558445437457703,22.425492518905667,22.376549542961445,22.29720089194206,0.8333333333333334,0.0,0.25,0.25,0.16666666666666666,17.638378213916564,22.376549542961445,26.777656014389567,15.860586039884236,20.11589666867754,23.68664982747148,2.0856189473697931e-16,1.1429877779911488e-16,0.0,1.0001143057422552e-16,2.3287724724098997e-14,converged
2025-01-16T05:10:00+08:00,21.166666666666668,-12.972222222222223,10.277777777777775,3.743055555555556,56.8,56.8,47.2,47.2,35.0,55.00000000000001,85.0,41.00380707756224,11.222788335335634,14.118187455308233,15.662831286918372,88.75805674016695,1.3301967233746816,56.9,56.9,56.9,45.222596411722854,46.37281685682056,46.695154853710996,46.18112843830905,0.5145004555555556,0.5093045673166706,26.884167462025793,27.041552716965025,17.632952882299055,26.77699684233661,22.299677704636384,22.45820864043277,22.409433043298257,22.330333703423285,17.553208808115983,22.421977102332033,22.37329832588047,22.294266593308752,0.8333333333333334,0.0,0.25,0.25,0.16666666666666666,17.632952882299055,22.37329832588047,26.77699684233661,15.860586039884236,20.11589666867754,23.68664982747148,2.0856189473697931e-16,3.428655345865508e-16,0.0,1.4286063941106285e-17,2.481253596400963e-14,converged
2025-01-16T05:15:00+08:00,21.25,-12.944444444444445,10.55555555555556,3.736111111111111,56.8,56.8,47.2,47.2,35.0,55.00000000000001,85.0,41.00380707756224,11.222788335335634,14.118187455308233,15.662831286918372,88.75805674016695,1.3301967233746816,56.9,56.9,56.9,45.22183940790036,46.37184542346594,46.69411890962628,46.18019105244099,0.513928711111111,0.5093491069775105,26.883174428281013,27.04029100931961,17.627641082977078,26.776385484232833,22.29653169899215,22.454776252017663,22.406257778520835,22.327467981228033,17.548095557601243,22.41854979172255,22.370127344747246,22.291404430776076,0.8333333333333334,0.0,0.25,0.25,0.16666666666666666,17.627641082977078,22.370127344747246,26.776385484232833,15.860586039884236,20.11589666867754,23.68664982747148,2.0856189473697931e-16,4.571140706135565e-16,0.0,1.2856333236006276e-16,2.5962906585393506e-14,converged
2025-01-16T05:20:00+08:00,21.333333333333332,-12.916666666666666,10.833333333333334,3.7291666666666665,56.8,56.8,47.2,47.2,35.0,55.00000000000001,85.0,41.00380707756224,11.222788335335634,14.118187455308233,15.662831286918372,88.75805674016695,1.3301967233746816,56.81721172079768,56.9,56.9,45.16815893713045,46.37089887084594,46.693108507730315,46.164786777375724,0.5133569666666666,0.5090043888235742,26.882093512674956,27.038951251052445,17.622290372111415,26.775696131901423,22.293472558510764,22.451431659616894,22.403162480439953,22.324674163581918,17.543105063865422,22.415210243972485,22.367036302698594,22.28861415013615,0.8333333333333334,0.0,0.25,0.25,0.16666666666666666,17.622290372111415,22.367036302698594,26.775696131901423,15.860586039884236,20.11589666867754,23.68664982747148,2.0856189473697931e-16,4.574236465661811e-16,0.0,5.985817249987135e-17,4.769774853148832e-14,converged
2025-01-16T05:25:00+08:00,21.416666666666668,-12.88888888888889,11.111111111111107,3.7222222222222223,56.8,56.8,47.2,47.2,35.0,55.00000000000001,85.0,41.00380707756224,11.222788335335634,14.118187455308233,15.662831286918372,88.75805674016695,1.3301967233746816,56.8,56.80231793337355,56.87373299654943,45.15638851438887,46.30205147664553,46.67339260994747,46.13032889988773,0.5127852222222222,0.508342988384657,26.881041167336228,27.03764374017898,17.617021340990163,26.77502858697383,22.290309233300352,22.44799384579643,22.399975195096367,22.321788499123862,17.538182777569027,22.41190956928069,22.363978782157243,22.285851571523118,0.8333333333333334,0.0,0.25,0.25,0.16666666666666666,17.617021340990163,22.363978782157243,26.77502858697383,15.860586039884236,20.11589666867754,23.68664982747148,2.0856189473697931e-16,5.725234953906985e-16,0.0,1.300701816090743e-15,5.0233840896076304e-14,converged
2025-01-16T05:30:00+08:00,21.5,-12.86111111111111,11.388888888888893,3.7152777777777777,56.8,56.8,47.2,47.2,35.0,55.00000000000001,85.0,41.00380707756224,11.222788335335634,14.118187455308233,15.662831286918372,88.75805674016695,1.3301967233746816,56.8,56.8,56.8,45.155646340808296,46.299488204902126,46.61982125346349,46.108779751421494,0.5122134777777778,0.5079907219198467,26.880047725513265,27.03639720660747,17.611865134384868,26.77440887945257,22.28722832881978,22.444639570199072,22.39686385519087,22.318970936716774,17.533231281458878,22.408560152731432,22.36087155400954,22.283037436917823,0.8333333333333334,0.0,0.25,0.25,0.16666666666666666,17.611865134384868,22.36087155400954,26.77440887945257,15.860586039884236,20.11589666867754,23.68664982747148,2.0856189473697931e-16,2.2916820485808675e-16,0.0,2.291682048580867e-16,2.967309912096752e-14,converged
2025-01-16T05:35:00+08:00,21.583333333333332,-12.833333333333334,11.666666666666668,3.7083333333333335,56.7,56.7,47.13333333333333,47.13333333333333,35.0,55.00000000000001,85.0,40.94589209581427,11.206936939381771,14.098246512574748,15.640708643857756,88.507504834809,1.3245682538873715,56.8,56.8,56.8,45.14208515829711,46.286245969829906,46.60675990186723,46.09551931481425,0.5116417333333334,0.507902397386303,26.879093459729628,27.035193049758902,17.606808038895302,26.77382006809311,22.284217743170192,22.441357433004143,22.393817638111955,22.316211164763235,17.52838756385698,22.40528267979549,22.35782926712801,22.280280923006995,0.8333333333333334,0.0,0.25,0.25,0.16666666666666666,17.606808038895302,22.35782926712801,26.77382006809311,15.883019683505005,20.14434913921315,23.72015286824584,1.0457615160122077e-16,2.2920805734726833e-16,0.0,4.637881785386133e-16,2.553802057604869e-14,converged
2025-01-16T05:40:00+08:00,21.666666666666668,-12.805555555555555,11.944444444444441,3.701388888888889,56.7,56.7,47.13333333333333,47.13333333333333,35.0,55.00000000000001,85.0,40.94589209581427,11.206936939381771,14.098246512574748,15.640708643857756,88.507504834809,1.3245682538873715,56.8,56.8,56.8,45.1413866613085,46.28533776848003,46.60579351854531,46.09464628515573,0.5110699888888889,0.5079438205874451,26.878197776360395,27.034049549501066,17.601862806523336,26.773278873246472,22.281293464126993,22.43816250467165,22.390850908509194,22.31352292251031,17.52366524238519,22.402092384757967,22.35486644189115,22.27759591757206,0.8333333333333334,0.0,0.25,0.25,0.16666666666666666,17.601862806523336,22.35486644189115,26.773278873246472,15.883019683505005,20.14434913921315,23.72015286824584,1.0457615160122077e-16,5.729734131438918e-16,0.0,1.265913134664786e-15,2.5155176916344766e-14,converged
2025-01-16T05:45:00+08:00,21.75,-12.777777777777777,12.222222222222227,3.694444444444444,56.7,56.7,47.13333333333333,47.13333333333333,35.0,55.00000000000001,85.0,40.94589209581427,11.206936939381771,14.098246512574748,15.640708643857756,88.507504834809,1.3245682538873715,56.8,56.8,56.8,45.140713376914476,46.28445423019216,46.60485241248435,46.093798303581586,0.5104982444444445,0.5079840553159776,26.877360484012264,27.032966518078,17.597028930753915,26.77278516153849,22.278455136640535,22.43505444528555,22.387963372024675,22.31090595766078,17.51906370503542,22.398988928167476,22.351982784334602,22.27498216864603,0.8333333333333334,0.0,0.25,0.25,0.16666666666666666,17.597028930753915,22.351982784334602,26.77278516153849,15.883019683505005,20.14434913921315,23.72015286824584,1.0457615160122077e-16,3.437568185713679e-16,0.0,2.0911873129758212e-15,2.3631569846429126e-14,converged
2025-01-16T05:50:00+08:00,21.833333333333332,-12.75,12.5,3.6875,56.7,56.7,47.13333333333333,47.13333333333333,35.0,55.00000000000001,85.0,40.94589209581427,11.206936939381771,14.098246512574748,15.640708643857756,88.507504834809,1.3245682538873715,56.71766039367011,56.8,56.8,45.08743583148272,46.28359526062833,46.603936480012756,46.07857055159946,0.5099265,0.5076372751261347,26.876435647476224,27.03180568484736,17.59215482721494,26.77221385212631,22.275702407121777,22.43203291625472,22.385154735390547,22.308360018807324,17.514582342884985,22.395971971894383,22.349178001581514,22.272439425149745,0.8333333333333334,0.0,0.25,0.25,0.16666666666666666,17.59215482721494,22.349178001581514,26.77221385212631,15.883019683505005,20.14434913921315,23.72015286824584,1.0457615160122077e-16,1.1466388259019063e-16,0.0,1.116181232088887e-15,5.350390261324251e-14,converged
2025-01-16T05:55:00+08:00,21.916666666666668,-12.722222222222223,12.777777777777775,3.680555555555556,56.7,56.7,47.13333333333333,47.13333333333333,35.0,55.00000000000001,85.0,40.94589209581427,11.206936939381771,14.098246512574748,15.640708643857756,88.507504834809,1.3245682538873715,56.7,56.70288698278427,56.77440305736492,45.07546865221539,46.215265685228005,46.58480124538856,46.04445891842744,0.5093547555555555,0.5069759945805734,26.875538088708826,27.030675803515354,17.587359427643317,26.771663348659146,22.27284538535661,22.42891799901091,22.382254088026574,22.305722347784677,17.510168003754018,22.39299388047748,22.346406867001114,22.269924640838976,0.8333333333333334,0.0,0.25,0.25,0.16666666666666666,17.587359427643317,22.346406867001114,26.771663348659146,15.883019683505005,20.14434913921315,23.72015286824584,1.0457615160122077e-16,2.2962689174907863e-16,0.0,1.87513678594316e-15,2.890815937002572e-14,converged
2025-01-16T06:00:00+08:00,22.0,-12.694444444444445,13.05555555555556,3.673611111111111,56.7,56.7,47.13333333333333,47.13333333333333,35.0,55.00000000000001,85.0,40.94589209581427,11.206936939381771,14.098246512574748,15.640708643857756,88.507504834809,1.3245682538873715,56.7,56.7,56.7,45.074809263069696,46.21239481472413,46.53087136069116,46.02268956524529,0.5087830111111111,0.5066132329945541,26.8746989270896,27.029606348862192,17.582674706232858,26.77116035440414,22.27006841546785,22.425884310664195,22.37942732631217,22.30315095328308,17.505720544212476,22.389964585353535,22.343583819899763,22.26735633658206,0.8333333333333334,0.0,0.25,0.25,0.16666666666666666,17.582674706232858,22.343583819899763,26.77116035440414,15.883019683505005,20.14434913921315,23.72015286824584,1.0457615160122077e-16,8.042696081700097e-16,0.0,8.042696081700097e-16,3.28227430107647e-14,converged
2025-01-16T06:05:00+08:00,22.083333333333332,-12.666666666666666,13.333333333333334,3.6666666666666665,56.6,56.6,47.06666666666666,47.06666666666666,35.0,55.00000000000001,85.0,40.887977114066295,11.191085543427905,14.078305569841257,15.618586000797132,88.25730706641976,1.318955684020794,56.7,56.7,56.7,45.061337569424325,46.199240362228075,46.517902476047674,46.00951916758829,0.5082112666666666,0.5065206859480135,26.873898453614903,27.02857873728609,17.578086949253905,26.770687944481068,22.267360511199094,22.422921507774152,22.376664630963177,22.300636479158523,17.501378309948922,22.387005984039615,22.34082466020104,22.264844785072633,0.8333333333333334,0.0,0.25,0.25,0.16666666666666666,17.578086949253905,22.34082466020104,26.770687944481068,15.905516878524137,20.172882211648304,23.753750818484153,3.1461783339316554e-16,3.447499531308867e-16,0.0,5.47649665129794e-16,3.4231444398439906e-14,converged
2025-01-16T06:10:00+08:00,22.166666666666668,-12.63888888888889,13.611111111111107,3.6597222222222223,56.6,56.6,47.06666666666666,47.06666666666666,35.0,55.00000000000001,85.0,40.887977114066295,11.191085543427905,14.078305569841257,15.618586000797132,88.25730706641976,1.318955684020794,56.7,56.7,56.7,45.06072136190113,46.198418550206476,46.51702915617858,46.00873395453513,0.5076395222222222,0.5065578897614376,26.87315605959837,27.02761123520529,17.57360892870164,26.77026282477785,22.26473766710047,22.42004466776169,22.373980371993873,22.298192668523093,17.49715494208204,22.3841333176902,22.338143913563503,22.26240387787711,0.8333333333333334,0.0,0.25,0.25,0.16666666666666666,17.57360892870164,22.338143913563503,26.77026282477785,15.905516878524137,20.172882211648304,23.753750818484153,3.1461783339316554e-16,9.192656885218816e-16,0.0,1.1221504986839374e-15,3.036765280814039e-14,converged
2025-01-16T06:15:00+08:00,22.25,-12.61111111111111,13.888888888888893,3.6527777777777777,56.6,56.6,47.06666666666666,47.06666666666666,35.0,55.00000000000001,85.0,40.887977114066295,11.191085543427905,14.078305569841257,15.618586000797132,88.25730706641976,1.318955684020794,56.7,56.7,56.7,45.06013007613776,46.197621095142686,46.51618075264549,46.0079734667007,0.5070677777777778,0.5065939220808053,26.872471555327834,27.026703656594506,17.569240147727626,26.76988486286076,22.262199533290076,22.417253455605717,22.371374258972093,22.295819272163442,17.49304984140005,22.381346251732406,22.335541289935605,22.260033366102316,0.8333333333333334,0.0,0.25,0.25,0.16666666666666666,17.569240147727626,22.335541289935605,26.76988486286076,15.905516878524137,20.172882211648304,23.753750818484153,3.1461783339316554e-16,1.14900038031216e-16,0.0,3.1777041768008177e-16,3.4817314306844534e-14,converged
2025-01-16T06:20:00+08:00,22.333333333333332,-12.583333333333334,14.166666666666668,3.6458333333333335,56.6,56.6,47.06666666666666,47.06666666666666,35.0,55.00000000000001,85.0,40.887977114066295,11.191085543427905,14.078305569841257,15.618586000797132,88.25730706641976,1.318955684020794,56.618110337570485,56.7,56.7,45.00725426897828,46.19684790388523,46.51535716332231,45.99292047929458,0.5064960333333334,0.5062451868674258,26.871699856188474,27.02571853688744,17.564829883273816,26.769429706744546,22.259745761325203,22.414547537590806,22.368846002541062,22.29351604174514,17.489062411711835,22.378644452895944,22.333016500338708,22.257733001731978,0.8333333333333334,0.0,0.25,0.25,0.16666666666666666,17.564829883273816,22.333016500338708,26.769429706744546,15.905516878524137,20.172882211648304,23.753750818484153,3.1461783339316554e-16,4.599167551490078e-16,0.0,2.712790235449226e-16,3.7301415387819836e-14,converged
2025-01-16T06:25:00+08:00,22.416666666666668,-12.555555555555555,14.444444444444441,3.638888888888889,56.6,56.6,47.06666666666666,47.06666666666666,35.0,55.00000000000001,85.0,40.887977114066295,11.191085543427905,14.078305569841257,15.618586000797132,88.25730706641976,1.318955684020794,56.6,56.603457644232975,56.67507501636969,44.99508818507364,46.129035141682316,46.496801389428875,45.959153696945656,0.5059242888888889,0.5055841387134261,26.870954150484287,27.024763082183647,17.56049540311003,26.768994359127973,22.257187623284874,22.411748096497757,22.36622573787979,22.291121214583104,17.485140901085195,22.375981542904835,22.330525511811892,22.255460874753954,0.8333333333333334,0.0,0.25,0.25,0.16666666666666666,17.56049540311003,22.330525511811892,26.768994359127973,15.905516878524137,20.172882211648304,23.753750818484153,3.1461783339316554e-16,8.059066635894282e-16,0.0,3.2380178447789526e-17,2.728156409813126e-14,converged
2025-01-16T06:30:00+08:00,22.5,-12.527777777777777,14.722222222222227,3.631944444444444,56.6,56.6,47.06666666666666,47.06666666666666,35.0,55.00000000000001,85.0,40.887977114066295,11.191085543427905,14.078305569841257,15.618586000797132,88.25730706641976,1.318955684020794,56.6,56.6,56.6,44.994509880448504,46.12585417384681,46.442510035158854,45.93716168993137,0.5053525444444444,0.505210968490207,26.87026634534348,27.02386751366597,17.55626951262346,26.768606197940255,22.25470719644627,22.40902760169276,22.363677320119297,22.28879085452211,17.481182432640573,22.373264993614367,22.327980426469235,22.25313327959984,0.8333333333333334,0.0,0.25,0.25,0.16666666666666666,17.55626951262346,22.327980426469235,26.768606197940255,15.905516878524137,20.172882211648304,23.753750818484153,3.1461783339316554e-16,1.1521456291302927e-16,0.0,1.1521456291302927e-16,2.428632978112344e-14,converged
2025-01-16T06:35:00+08:00,22.583333333333332,-12.5,15.0,3.625,56.5,56.5,47.0,47.0,35.0,55.00000000000001,85.0,40.830062132318325,11.17523414747404,14.058364627107775,15.596463357736512,88.00746343499924,1.3133589912860937,56.6,56.6,56.6,44.98112660756498,46.11278637168786,46.4296322177311,45.92408011435926,0.5047808,0.5051143063273639,26.869616750934664,27.023013265452416,17.55213849842485,26.768248315158047,22.252294613599062,22.406376769387077,22.361191936343573,22.286516563695642,17.477326713516568,22.3706179182293,22.325498198676094,22.250861588126025,0.8333333333333334,0.0,0.25,0.25,0.16666666666666666,17.55213849842485,22.325498198676094,26.768248315158047,15.928077895373109,20.201496228969788,23.787444082056474,3.1551099925588416e-16,1.152366111676574e-15,0.0,9.903146272220556e-16,2.609320100494664e-14,converged
2025-01-16T06:40:00+08:00,22.666666666666668,-12.472222222222223,15.277777777777775,3.618055555555556,56.5,56.5,47.0,47.0,35.0,55.00000000000001,85.0,40.830062132318325,11.17523414747404,14.058364627107775,15.596463357736512,88.00746343499924,1.3133589912860937,56.6,56.6,56.6,44.98059100191319,46.112049170620764,46.42884986939547,45.92338084461454,0.5042090555555555,0.505147391172119,26.869024742741768,27.022218589701453,17.54811515129963,26.767937401680538,22.249965875039155,22.40381068295192,22.358783961081546,22.284312088378744,17.473587406864063,22.368055563755615,22.323093358514694,22.248659694976496,0.8333333333333334,0.0,0.25,0.25,0.16666666666666666,17.54811515129963,22.323093358514694,26.767937401680538,15.928077895373109,20.201496228969788,23.787444082056474,3.1551099925588416e-16,1.1522906369644953e-16,0.0,4.681180712668262e-17,2.071425691961387e-14,converged
2025-01-16T06:45:00+08:00,22.75,-12.444444444444445,15.55555555555556,3.611111111111111,56.5,56.5,47.0,47.0,35.0,55.00000000000001,85.0,40.830062132318325,11.17523414747404,14.058364627107775,15.596463357736512,88.00746343499924,1.3133589912860937,56.6,56.6,56.6,44.98008003405874,46.11133602736955,46.428092085499316,45.92270598494981,0.5036373111111111,0.5051793210924512,26.86849013270148,27.021483302086754,17.54419898380505,26.767673325999084,22.247720635925653,22.401329012147194,22.356453107739966,22.282177182377016,17.469963925883746,22.365577600385464,22.32076561975985,22.246527354267247,0.8333333333333334,0.0,0.25,0.25,0.16666666666666666,17.54419898380505,22.32076561975985,26.767673325999084,15.928077895373109,20.201496228969788,23.787444082056474,3.1551099925588416e-16,3.456653418884599e-16,0.0,2.9615598302422738e-15,2.510330745848427e-14,converged
2025-01-16T06:50:00+08:00,22.833333333333332,-12.416666666666666,15.833333333333334,3.6041666666666665,56.5,56.5,47.0,47.0,35.0,55.00000000000001,85.0,40.830062132318325,11.17523414747404,14.058364627107775,15.596463357736512,88.00746343499924,1.3133589912860937,56.51856155790746,56.6,56.6,44.92760481902853,46.11064684994212,46.427358765422426,45.90782604868597,0.5030655666666667,0.5048287353812844,26.867868688563394,27.020670745793584,17.540240136059154,26.767332466514677,22.245558552835952,22.39893142801969,22.35419909078665,22.280111600364222,17.466455686734175,22.363183699594906,22.318514697245007,22.244464320980466,0.8333333333333334,0.0,0.25,0.25,0.16666666666666666,17.540240136059154,22.318514697245007,26.767332466514677,15.928077895373109,20.201496228969788,23.787444082056474,3.1551099925588416e-16,3.4590539424922774e-16,0.0,5.667804012021201e-15,4.442372277046047e-14,converged
2025-01-16T06:55:00+08:00,22.916666666666668,-12.38888888888889,16.111111111111107,3.5972222222222223,56.5,56.5,47.0,47.0,35.0,55.00000000000001,85.0,40.830062132318325,11.17523414747404,14.058364627107775,15.596463357736512,88.00746343499924,1.3133589912860937,56.5,56.5040299245794,56.57574888164112,44.91523772137426,46.04334993731968,46.409381304223515,45.874402769574424,0.5024938222222222,0.5041680296644674,26.867271961488548,27.019886576008073,17.53635420744062,26.76701042199867,22.243292062770493,22.396440217194403,22.351853093550773,22.27795457742954,17.46301234084374,22.360828743151608,22.316297754414297,22.24242982395736,0.8333333333333334,0.0,0.25,0.25,0.16666666666666666,17.53635420744062,22.316297754414297,26.76701042199867,15.928077895373109,20.201496228969788,23.787444082056474,3.1551099925588416e-16,8.081702972428445e-16,0.0,3.395938804820658e-15,3.068400551547313e-14,converged
2025-01-16T07:00:00+08:00,23.0,-12.36111111111111,16.388888888888893,3.5902777777777777,56.5,56.5,47.0,47.0,35.0,55.00000000000001,85.0,40.830062132318325,11.17523414747404,14.058364627107775,15.596463357736512,88.00746343499924,1.3133589912860937,56.5,56.5,56.5,44.914738840934085,46.03985641196273,46.35472558897399,45.852185702740854,0.5019220777777778,0.5037845347543881,26.86673264797709,27.019161761851763,17.532574836315874,26.76673524644434,22.241100970635483,22.39402569606727,22.349576924972887,22.27586022788468,17.45952827059665,22.35841773737769,22.314024550559814,22.24033792585151,0.8333333333333334,0.0,0.25,0.25,0.16666666666666666,17.532574836315874,22.314024550559814,26.76673524644434,15.928077895373109,20.201496228969788,23.787444082056474,3.1551099925588416e-16,2.310815711794154e-16,0.0,4.621631423588308e-16,2.6297443623016442e-14,converged
2025-01-16T07:05:00+08:00,23.083333333333332,-12.333333333333334,16.666666666666668,3.5833333333333335,56.4,56.4,46.93333333333334,46.93333333333334,35.0,55.00000000000001,85.0,40.772147150570376,11.15938275152018,14.038423684374292,15.574340714675898,87.75797394054744,1.3077781531944155,56.5,56.5,56.5,44.90144295130828,46.026874158381425,46.34193747918236,45.83919176659754,0.5013503333333333,0.5036838623111941,26.8662310780636,27.018477755899116,17.528888310295113,26.766490049175236,22.238976531668786,22.39167964377122,22.347362781546202,22.27382111496644,17.45614454866579,22.3560750148067,22.311813197880745,22.238301100840694,0.8333333333333334,0.0,0.25,0.25,0.16666666666666666,17.528888310295113,22.311813197880745,26.766490049175236,15.95070300601994,20.230191536113203,23.821233065127565,1.0546932464189733e-16,5.778193949511987e-16,0.0,2.7988126942948686e-16,2.198849613682366e-14,converged
2025-01-16T07:10:00+08:00,23.166666666666668,-12.305555555555555,16.944444444444443,3.576388888888889,56.4,56.4,46.93333333333334,46.93333333333334,35.0,55.00000000000001,85.0,40.772147150570376,11.15938275152018,14.038423684374292,15.574340714675898,87.75797394054744,1.3077781531944155,56.5,56.5,56.5,44.90098629922269,46.026219829581336,46.34124406197176,45.83857661095869,0.5007785888888889,0.5037129261458783,26.865786610641173,27.017852795245773,17.52530743777618,26.76629150557932,22.23693475090039,22.389417148632926,22.345225041476304,22.271850987419814,17.452874858805224,22.353815827294074,22.309678230038767,22.23633324594817,0.8333333333333334,0.0,0.25,0.25,0.16666666666666666,17.52530743777618,22.309678230038767,26.76629150557932,15.95070300601994,20.230191536113203,23.821233065127565,1.0546932464189733e-16,9.244576883716521e-16,0.0,3.3367144689664314e-15,2.7487212664880097e-14,converged
2025-01-16T07:15:00+08:00,23.25,-12.277777777777777,17.22222222222223,3.569444444444444,56.4,56.4,46.93333333333334,46.93333333333334,35.0,55.00000000000001,85.0,40.772147150570376,11.15938275152018,14.038423684374292,15.574340714675898,87.75797394054744,1.3077781531944155,56.5,56.5,56.5,44.90055400768115,46.02558926626266,46.340574866106316,45.837985557803606,0.5002068444444444,0.5037408512271166,26.865399059263716,27.01728669723326,17.521831740468194,26.76613948505795,22.23497528840683,22.38723788508205,22.343163421924007,22.26994960200582,17.449718626255848,22.351639849686244,22.307619364550543,22.234434118235836,0.8333333333333334,0.0,0.25,0.25,0.16666666666666666,17.521831740468194,22.307619364550543,26.76613948505795,15.95070300601994,20.230191536113203,23.821233065127565,1.0546932464189733e-16,6.93304830509653e-16,0.0,6.3607107236601756e-15,2.5814905372533908e-14,converged
2025-01-16T07:20:00+08:00,23.333333333333332,-12.25,17.5,3.5625,56.4,56.4,46.93333333333334,46.93333333333334,35.0,55.00000000000001,85.0,40.772147150570376,11.15938275152018,14.038423684374292,15.574340714675898,87.75797394054744,1.3077781531944155,56.4190140601204,56.5,56.5,44.84847827861428,46.02498237756624,46.33992979243326,45.82327700325222,0.4996351,0.5033885171199145,26.864925045821682,27.016643614479808,17.518312223542285,26.765911097932026,22.23309780566255,22.385141528816796,22.341177641097172,22.268116716343123,17.44667527915553,22.34954675809527,22.30563631997741,22.232603475621307,0.8333333333333334,0.0,0.25,0.25,0.16666666666666666,17.518312223542285,22.30563631997741,26.765911097932026,15.95070300601994,20.230191536113203,23.821233065127565,1.0546932464189733e-16,2.312633639181781e-16,0.0,3.0696598070076923e-15,5.1502948518913935e-14,converged
2025-01-16T07:25:00+08:00,23.416666666666668,-12.222222222222223,17.777777777777775,3.555555555555556,56.4,56.4,46.93333333333334,46.93333333333334,35.0,55.00000000000001,85.0,40.772147150570376,11.15938275152018,14.038423684374292,15.574340714675898,87.75797394054744,1.3077781531944155,56.4,56.404603830722266,56.47642466130254,44.83590809615543,45.95820039200422,46.322529548981194,45.790195924637985,0.49906335555555553,0.5027282614957986,26.86447448083281,27.016027647941918,17.514862813553496,26.76570053605973,22.231115907230546,22.382951472813396,22.339099932876735,22.266192565598928,17.44369587543079,22.34749269720401,22.303687458915615,22.23080168843121,0.8333333333333334,0.0,0.25,0.25,0.16666666666666666,17.514862813553496,22.303687458915615,26.76570053605973,15.95070300601994,20.230191536113203,23.821233065127565,1.0546932464189733e-16,3.473506387344042e-16,0.0,4.145141411459394e-15,3.025535779345943e-14,converged
2025-01-16T07:30:00+08:00,23.5,-12.194444444444445,18.05555555555556,3.548611111111111,56.4,56.4,46.93333333333334,46.93333333333334,35.0,55.00000000000001,85.0,40.772147150570376,11.15938275152018,14.038423684374292,15.574340714675898,87.75797394054744,1.3077781531944155,56.4,56.4,56.4,44.83548701820514,45.95439188642585,46.2675066299914,45.76775143406426,0.49849161111111107,0.502334523377314,26.864080851798153,27.01547051622128,17.51151798364791,26.765536530904996,22.229207120104796,22.3808358752558,22.33709005505555,22.26432930984939,17.440672049428336,22.345380201831865,22.301680192188012,22.228940582182698,0.8333333333333334,0.0,0.25,0.25,0.16666666666666666,17.51151798364791,22.301680192188012,26.765536530904996,15.95070300601994,20.230191536113203,23.821233065127565,1.0546932464189733e-16,0.0,0.0,0.0,3.1312561591960984e-14,converged
2025-01-16T07:35:00+08:00,23.583333333333332,-12.166666666666666,18.333333333333336,3.5416666666666665,56.3,56.3,46.86666666666667,46.86666666666667,35.0,55.00000000000001,85.0,40.71423216882239,11.143531355566315,14.018482741640803,15.552218071615279,87.50883858306432,1.3022131472569018,56.4,56.4,56.4,44.82227750422299,45.94149410948086,46.25480690741831,45.75484398810071,0.49791986666666666,0.502229942993,26.863724509306348,27.014953691079715,17.50826402308371,26.76540220962571,22.22736382537226,22.37878758146743,22.335141216577593,22.262520476262342,17.437746243440753,22.34333482748224,22.29973379322127,22.227133736536548,0.8333333333333334,0.0,0.25,0.25,0.16666666666666666,17.50826402308371,22.29973379322127,26.76540220962571,15.97339248398014,20.258968479976815,23.85511817617327,3.173087790897288e-16,4.635937122074675e-16,0.0,1.1879588875316354e-15,2.552593240735383e-14,converged
2025-01-16T07:40:00+08:00,23.666666666666668,-12.13888888888889,18.611111111111107,3.5347222222222223,56.3,56.3,46.86666666666667,46.86666666666667,35.0,55.00000000000001,85.0,40.71423216882239,11.143531355566315,14.018482741640803,15.552218071615279,87.50883858306432,1.3022131472569018,56.4,56.4,56.4,44.82189819575607,45.940920953063646,46.2542004311433,45.75431116040715,0.4973481222222222,0.5022550813772438,26.863424794905498,27.014495393754007,17.505113756717925,26.765314231579236,22.225602031802183,22.37682168375097,22.333267798498934,22.26077981536858,17.43493216043081,22.341371829873466,22.29786279842416,22.225395050205886,0.8333333333333334,0.0,0.25,0.25,0.16666666666666666,17.505113756717925,22.29786279842416,26.765314231579236,15.97339248398014,20.258968479976815,23.85511817617327,3.173087790897288e-16,3.476778816484345e-16,0.0,1.7438218751429292e-15,2.5099243126346937e-14,converged
2025-01-16T07:45:00+08:00,23.75,-12.11111111111111,18.888888888888893,3.5277777777777777,56.3,56.3,46.86666666666667,46.86666666666667,35.0,55.00000000000001,85.0,40.71423216882239,11.143531355566315,14.018482741640803,15.552218071615279,87.50883858306432,1.3022131472569018,56.4,56.4,56.4,44.82154297712994,45.940371276449554,46.253617841701136,45.75380213496388,0.4967763777777778,0.5022790967903644,26.863181523735733,27.01409544322302,17.502066715164602,26.765272467062093,22.223921404268037,22.374937861097223,22.3314695216515,22.259107086822382,17.43222923731861,22.339490888398085,22.296066928972586,22.22372428313661,0.8333333333333334,0.0,0.25,0.25,0.16666666666666666,17.502066715164602,22.296066928972586,26.765272467062093,15.97339248398014,20.258968479976815,23.85511817617327,3.173087790897288e-16,1.1588708605518868e-16,0.0,1.7672780623416274e-15,3.077236952108008e-14,converged
2025-01-16T07:50:00+08:00,23.833333333333332,-12.083333333333334,19.166666666666668,3.5208333333333335,56.3,56.3,46.86666666666667,46.86666666666667,35.0,55.00000000000001,85.0,40.71423216882239,11.143531355566315,14.018482741640803,15.552218071615279,87.50883858306432,1.3022131472569018,56.319467849679604,56.4,56.4,44.76986566691489,45.93984498988652,46.25305904136889,45.739263335655934,0.49620463333333337,0.5019251140259111,26.862852173611028,27.013618803225246,17.49897477053976,26.765154759853814,22.222321609021314,22.37313579374763,22.329746107900554,22.25750205112538,17.42963691386214,22.33769168369644,22.294345907073485,22.22212119612008,0.8333333333333334,0.0,0.25,0.25,0.16666666666666666,17.49897477053976,22.294345907073485,26.765154759853814,15.97339248398014,20.258968479976815,23.85511817617327,3.173087790897288e-16,1.1596881544058885e-16,0.0,2.5485959205810662e-15,3.9479220144027025e-14,converged
2025-01-16T07:55:00+08:00,23.916666666666668,-12.055555555555555,19.444444444444443,3.513888888888889,56.3,56.3,46.86666666666667,46.86666666666667,35.0,55.00000000000001,85.0,40.71423216882239,11.143531355566315,14.018482741640803,15.552218071615279,87.50883858306432,1.3022131472569018,56.3,56.30517936959952,56.37710236352347,44.757090365735266,45.87357704909287,46.2362349725351,45.706523198609034,0.49563288888888896,0.5012654138208034,26.862545010895477,27.013168017161874,17.495950172133607,26.765053891904802,22.220617420841545,22.37123998354856,22.327930844091085,22.255805945836286,17.427107657647912,22.33593162625124,22.292659297234135,22.22054730361126,0.8333333333333334,0.0,0.25,0.25,0.16666666666666666,17.495950172133607,22.292659297234135,26.765053891904802,15.97339248398014,20.258968479976815,23.85511817617327,3.173087790897288e-16,3.483643154419346e-16,0.0,1.6397617191700435e-15,2.886277641988026e-14,converged
2025-01-16T08:00:00+08:00,24.0,-12.027777777777777,19.72222222222223,3.506944444444444,56.3,56.3,46.86666666666667,46.86666666666667,35.0,55.00000000000001,85.0,40.71423216882239,11.143531355566315,14.018482741640803,15.552218071615279,87.50883858306432,1.3022131472569018,56.3,56.3,56.3,44.75674550630491,45.869451177211566,46.18084205441792,45.68384896140393,0.49506114444444443,0.5008615115606838,26.862294315725702,27.01277555466158,17.493028229686733,26.76499927356084,22.218984083253126,22.369416425214744,22.326181431895712,22.254168972078205,17.424530347668828,22.33411077339157,22.290912156143214,22.21891218861518,0.8333333333333334,0.0,0.25,0.25,0.16666666666666666,17.493028229686733,22.290912156143214,26.76499927356084,15.97339248398014,20.258968479976815,23.85511817617327,3.173087790897288e-16,0.0,0.0,0.0,2.422038742675503e-14,converged
