timestamp,elapsed_hours,outdoor_temperature_c,solar_radiation_w_m2,wind_m_s,raw_supply_target_c,applied_supply_setpoint_c,raw_pump_target_hz,applied_pump_frequency_hz,near_valve_pct,mid_valve_pct,far_valve_pct,total_flow_m3_h,near_flow_m3_h,mid_flow_m3_h,far_flow_m3_h,pump_pressure_kpa,pump_power_kw,delivered_supply_near_c,delivered_supply_mid_c,delivered_supply_far_c,return_near_c,return_mid_c,return_far_c,station_return_c,required_heat_load_mw,actual_heat_supply_mw,B01_indoor_c,B02_indoor_c,B03_indoor_c,B04_indoor_c,B05_indoor_c,B06_indoor_c,B07_indoor_c,B08_indoor_c,B09_indoor_c,B10_indoor_c,B11_indoor_c,B12_indoor_c,compliance_rate,comfort_rate,overheating_rate,severe_overheating_rate,underheating_rate,P10_c,P50_c,P90_c,near_transport_delay_min,mid_transport_delay_min,far_transport_delay_min,hydraulic_residual,heat_balance_residual,mass_residual,pipe_heat_balance_residual,building_heat_balance_residual,solver_status
2025-01-15T08:05:00+08:00,0.08333333333333333,-8.0,20.0,3.0,53.4,53.4,45.2,45.2,35.0,55.00000000000001,85.0,39.26635762512317,10.747246456719719,13.519959173303649,14.9991519950998,81.39554916081524,1.1681676690211493,53.4,53.4,53.4,42.74548770355508,43.753819243141436,44.04267834997826,43.588177551098106,0.42884540000000004,0.44645184364685864,26.990540393210605,27.14514686491635,18.608432282751004,26.819238428913774,22.83754459932657,22.979602235501083,22.90019672297266,22.788346333146666,18.60705632079825,22.947197346015397,22.867841199798452,22.756006376423535,1.0,0.0,0.25,0.25,0.0,18.608432282751004,22.867841199798452,26.819238428913774,16.56238188235699,21.005980592070348,24.734731678244554,5.685675899282834e-17,3.9113509155654467e-16,0.0,2.607567277043631e-16,2.0908241057682807e-14,converged
2025-01-15T08:10:00+08:00,0.16666666666666666,-7.916666666666667,22.5,2.995833333333333,53.4,53.4,45.2,45.2,35.0,55.00000000000001,85.0,39.26635762512317,10.747246456719719,13.519959173303649,14.9991519950998,81.39554916081524,1.1681676690211493,53.4,53.4,53.4,42.74524668008033,43.75341118149876,44.0422170078771,43.58779485566517,0.4264348666666667,0.44646925683207234,26.990594498864233,27.145077144403,18.606069388018927,26.819633365103645,22.83637176971449,22.978293793810074,22.899044496993962,22.787385342651564,18.604706962133267,22.945890498461893,22.866689998839078,22.755045894867738,1.0,0.0,0.25,0.25,0.0,18.606069388018927,22.866689998839078,26.819633365103645,16.56238188235699,21.005980592070348,24.734731678244554,5.685675899282834e-17,7.822396730267233e-16,0.0,0.0,2.87783240533274e-14,converged
2025-01-15T08:15:00+08:00,0.25,-7.833333333333333,25.0,2.9916666666666667,53.4,53.4,45.2,45.2,35.0,55.00000000000001,85.0,39.26635762512317,10.747246456719719,13.519959173303649,14.9991519950998,81.39554916081524,1.1681676690211493,53.4,53.4,53.4,42.7451071648838,43.75309673183087,44.041848557756566,43.58750765840736,0.42402433333333334,0.4464823247148137,26.990898022652782,27.145283528889998,18.604068871620665,26.820226923155357,22.835508677072315,22.977318742573296,22.898185987784093,22.7866749136448,18.60274347803487,22.944917030518607,22.865832506972442,22.7543359699276,1.0,0.0,0.25,0.25,0.0,18.604068871620665,22.865832506972442,26.820226923155357,16.56238188235699,21.005980592070348,24.734731678244554,5.685675899282834e-17,6.5184731501574e-16,0.0,1.30369463003148e-16,2.716386836240032e-14,converged
2025-01-15T08:20:00+08:00,0.3333333333333333,-7.75,27.5,2.9875,53.4,53.4,45.2,45.2,35.0,55.00000000000001,85.0,39.26635762512317,10.747246456719719,13.519959173303649,14.9991519950998,81.39554916081524,1.1681676690211493,53.4,53.4,53.4,42.74506879653388,43.75287553708953,44.04157262299989,43.58731559360183,0.4216138,0.4464910639359904,26.991450154591696,27.14576516884671,18.60242909638496,26.821018550062934,22.834954051590618,22.976675786806496,22.89762011140141,22.786214165401244,18.60116392733796,22.944275648601238,22.865267641421887,22.753875721818762,1.0,0.0,0.25,0.25,0.0,18.60242909638496,22.865267641421887,26.821018550062934,16.56238188235699,21.005980592070348,24.734731678244554,5.685675899282834e-17,9.12568378866111e-16,0.0,1.3036691126658726e-16,3.359215209749257e-14,converged
2025-01-15T08:25:00+08:00,0.4166666666666667,-7.666666666666667,30.0,2.9833333333333334,53.4,53.4,45.2,45.2,35.0,55.00000000000001,85.0,39.26635762512317,10.747246456719719,13.519959173303649,14.9991519950998,81.39554916081524,1.1681676690211493,53.4,53.4,53.4,42.745131214936826,43.75274724159285,44.041388828550495,43.587218296958326,0.4192032666666667,0.4464954910713263,26.992250087326845,27.14652121735638,18.601148432537045,26.822007694360092,22.834706628665728,22.976363636555515,22.897345787904484,22.786002220291525,18.599966378642577,22.943965064144873,22.864994323402488,22.753664273846077,1.0,0.0,0.25,0.25,0.0,18.601148432537045,22.864994323402488,26.822007694360092,16.56238188235699,21.005980592070348,24.734731678244554,5.685675899282834e-17,7.821937118397764e-16,0.0,1.3036561863996272e-16,2.9525081659137365e-14,converged
2025-01-15T08:30:00+08:00,0.5,-7.583333333333333,32.5,2.9791666666666665,53.4,53.4,45.2,45.2,35.0,55.00000000000001,85.0,39.26635762512317,10.747246456719719,13.519959173303649,14.9991519950998,81.39554916081524,1.1681676690211493,53.4,53.4,53.4,42.74529406133155,43.752711491019994,44.0412968009054,43.587215405613414,0.41679273333333333,0.44649562263162224,26.993297016125975,27.147550830108067,18.600225257665233,26.823193806115945,22.834765148878393,22.97638100687675,22.897361941337337,22.786038203771138,18.599148910264788,22.9439839935845,22.865011478106318,22.75370075239275,1.0,0.0,0.25,0.25,0.0,18.600225257665233,22.865011478106318,26.823193806115945,16.56238188235699,21.005980592070348,24.734731678244554,5.685675899282834e-17,1.3036558022762786e-15,0.0,5.214623209105112e-16,3.025791990316006e-14,converged
2025-01-15T08:35:00+08:00,0.5833333333333334,-7.5,35.0,2.975,53.0,53.0,45.0,45.0,35.0,55.00000000000001,85.0,39.09261267987926,10.699692268858126,13.46013634510319,14.932784065917943,80.67682818283092,1.1527295308452399,53.4,53.4,53.4,42.709058317988216,43.71754201462395,44.00671522614848,43.55197866024241,0.41438220000000003,0.44611620585156225,26.994534506661477,27.148800764597265,18.599619800082248,26.824528333945217,22.835081561982083,22.976682485402055,22.897625460912113,22.786281057744585,18.598668744868455,22.94428656311341,22.865275555219664,22.753943679211297,1.0,0.0,0.25,0.25,0.0,18.599619800082248,22.865275555219664,26.824528333945217,16.6359924685008,21.099340505812886,24.84466381903675,1.7208982650771557e-16,6.523822733850094e-16,0.0,1.924527706485778e-15,2.871199878801976e-14,converged
2025-01-15T08:40:00+08:00,0.6666666666666666,-7.416666666666667,37.5,2.970833333333333,53.0,53.0,45.0,45.0,35.0,55.00000000000001,85.0,39.09261267987926,10.699692268858126,13.46013634510319,14.932784065917943,80.67682818283092,1.1527295308452399,53.4,53.4,53.4,42.70940397760515,43.7176771400923,44.006793381330425,43.552149647361354,0.4119716666666667,0.4461084601205042,26.996017575159584,27.15032274648761,18.599368780524923,26.82605887019883,22.83570160741695,22.977311101664128,22.898177473105836,22.78677024216653,18.598565050607665,22.94491626805236,22.865828124484292,22.754432937579377,1.0,0.0,0.25,0.25,0.0,18.599368780524923,22.865828124484292,26.82605887019883,16.6359924685008,21.099340505812886,24.84466381903675,1.7208982650771557e-16,6.523936006251055e-16,0.0,1.6391389215705777e-15,2.896236915730246e-14,converged
2025-01-15T08:45:00+08:00,0.75,-7.333333333333333,40.0,2.966666666666667,53.0,53.0,45.0,45.0,35.0,55.00000000000001,85.0,39.09261267987926,10.699692268858126,13.46013634510319,14.932784065917943,80.67682818283092,1.1527295308452399,53.4,53.4,53.4,42.70984940034285,43.71790414206418,44.006962577559456,43.55241435042822,0.4095611333333333,0.44609646904901973,26.997745424623233,27.152115939275248,18.59947059808287,26.82778486950072,22.83662404086429,22.978265585439694,22.8990169136531,22.787504891506757,18.59883593406279,22.945871839523964,22.86666812275673,22.755167662874022,1.0,0.0,0.25,0.25,0.0,18.59947059808287,22.86666812275673,26.82778486950072,16.6359924685008,21.099340505812886,24.84466381903675,1.7208982650771557e-16,1.3048222739254903e-16,0.0,1.2722017170773531e-15,2.4512640269357972e-14,converged
2025-01-15T08:50:00+08:00,0.8333333333333334,-7.25,42.5,2.9625,53.0,53.0,45.0,45.0,35.0,55.00000000000001,85.0,39.09261267987926,10.699692268858126,13.46013634510319,14.932784065917943,80.67682818283092,1.1527295308452399,53.13087939748006,53.4,53.4,42.541907658517665,43.718222670267366,44.00722244603602,43.50665744545023,0.4071506,0.44483251929620293,26.999246633845292,27.153733626410673,18.599432726912696,26.829302330594004,22.83784762310475,22.97954467143755,22.900142722214632,22.788484143276268,18.59947951133696,22.947152013572495,22.867794490811374,22.756146993507087,1.0,0.0,0.25,0.25,0.0,18.59947951133696,22.867794490811374,26.829302330594004,16.6359924685008,21.099340505812886,24.84466381903675,1.7208982650771557e-16,9.159708625595302e-16,0.0,2.3267295571266636e-15,4.7642188987291675e-14,converged
2025-01-15T08:55:00+08:00,0.9166666666666666,-7.166666666666667,45.0,2.9583333333333335,53.0,53.0,45.0,45.0,35.0,55.00000000000001,85.0,39.09261267987926,10.699692268858126,13.46013634510319,14.932784065917943,80.67682818283092,1.1527295308452399,53.0,53.087947240465034,53.38757310552295,42.46040206683779,43.50547627650717,43.99885656770295,43.40790205904537,0.40474006666666673,0.44260115074342005,27.00076406050412,27.155405721091533,18.599508518644768,26.83081935389663,22.838766748804982,22.98057448884962,22.901009821198507,22.7891889870692,18.600468533301544,22.94873274578264,22.869184527166656,22.757349455468404,1.0,0.0,0.25,0.25,0.0,18.600468533301544,22.869184527166656,26.83081935389663,16.6359924685008,21.099340505812886,24.84466381903675,1.7208982650771557e-16,1.315126741439742e-15,0.0,2.3836672188595325e-16,4.127493055313657e-14,converged
2025-01-15T09:00:00+08:00,1.0,-7.083333333333333,47.5,2.9541666666666666,53.0,53.0,45.0,45.0,35.0,55.00000000000001,85.0,39.09261267987926,10.699692268858126,13.46013634510319,14.932784065917943,80.67682818283092,1.1527295308452399,53.0,53.0,53.0,42.46089355448858,43.44569996661919,43.727347200096325,43.283742302500784,0.4023295333333333,0.4401473016295356,27.002526156622746,27.157348565095973,18.599935671364975,26.832531877846126,22.839817053633674,22.981767548259164,22.902010145338494,22.789992762019587,18.60103723640144,22.94992639923921,22.87018504519409,22.758153050376286,1.0,0.0,0.25,0.25,0.0,18.60103723640144,22.87018504519409,26.832531877846126,16.6359924685008,21.099340505812886,24.84466381903675,1.7208982650771557e-16,2.644917312816326e-16,0.0,9.257210594857134e-16,2.5794163094775047e-14,converged
2025-01-15T09:05:00+08:00,1.0833333333333333,-7.0,50.0,2.95,52.6,52.6,44.8,44.8,35.0,55.00000000000001,85.0,38.918867734635356,10.652138080996535,13.400313516902731,14.866416136736085,79.96129443756487,1.137428012465578,53.0,52.999999999999986,53.0,42.425258452358946,43.41105540122286,43.693275651540354,43.24904550980769,0.399919,0.43975587343155076,27.00447696358317,27.159509371751827,18.600674575050878,26.834391754237878,22.84112144673925,22.983240399231015,22.90325443889648,22.79100093029017,18.601936414381758,22.951399388064715,22.871429098848605,22.759160624530917,1.0,0.0,0.25,0.25,0.0,18.601936414381758,22.871429098848605,26.834391754237878,16.71026029202089,21.193533990213837,24.955577496800306,1.7362977253972222e-16,6.618178906771054e-16,0.0,1.3484539522546023e-15,3.104123702898339e-14,converged
2025-01-15T09:10:00+08:00,1.1666666666666667,-6.916666666666667,52.5,2.9458333333333333,52.6,52.6,44.8,44.8,35.0,55.00000000000001,85.0,38.918867734635356,10.652138080996535,13.400313516902731,14.866416136736085,79.96129443756487,1.137428012465578,53.0,52.999999999999986,53.0,42.42593227352573,43.41149916028798,43.69366950826203,43.24953317519305,0.39750846666666667,0.43973388033152133,27.006671037911875,27.16193942963243,18.601761845618995,26.83644618087896,22.84272542556938,22.985035842077973,22.904783608869742,22.79225274142291,18.603205127527367,22.953194974945163,22.872958035215536,22.760411847833716,1.0,0.0,0.25,0.25,0.0,18.603205127527367,22.872958035215536,26.83644618087896,16.71026029202089,21.193533990213837,24.955577496800306,1.7362977253972222e-16,2.6474039648518262e-16,0.0,1.745631989324173e-15,2.7392939195088727e-14,converged
2025-01-15T09:15:00+08:00,1.25,-6.833333333333333,55.0,2.9416666666666664,52.6,52.6,44.8,44.8,35.0,55.00000000000001,85.0,38.918867734635356,10.652138080996535,13.400313516902731,14.866416136736085,79.96129443756487,1.137428012465578,53.0,52.999999999999986,53.0,42.42670501302104,43.41203395722162,43.69415345840785,43.25011367457434,0.3950979333333333,0.43970770053417924,27.009107590625963,27.164637911372225,18.603195909965006,26.838694616804002,22.844627762850113,22.987152624698314,22.906596604728215,22.793747339652715,18.604841517738688,22.95531190907758,22.8747708048515,22.76190586540173,1.0,0.0,0.25,0.25,0.0,18.604841517738688,22.8747708048515,26.838694616804002,16.71026029202089,21.193533990213837,24.955577496800306,1.7362977253972222e-16,1.3237807944403472e-16,0.0,1.4727061338148863e-15,2.7904596318462544e-14,converged
2025-01-15T09:20:00+08:00,1.3333333333333333,-6.75,57.5,2.9375,52.6,52.6,44.8,44.8,35.0,55.00000000000001,85.0,38.918867734635356,10.652138080996535,13.400313516902731,14.866416136736085,79.96129443756487,1.137428012465578,52.73682082336168,52.999999999999986,53.0,42.26314553331509,43.41265944509783,43.69472713728339,43.205781761027595,0.3926874,0.4384584414626079,27.011326145968777,27.16716847250344,18.60449538314229,26.84074244298441,22.846827236335113,22.989589499850197,22.908692379815836,22.79548387222027,18.606843736259055,22.957748944508705,22.876866362179026,22.763641825351506,1.0,0.0,0.25,0.25,0.0,18.606843736259055,22.876866362179026,26.84074244298441,16.71026029202089,21.193533990213837,24.955577496800306,1.7362977253972222e-16,5.310210082332869e-16,0.0,3.733741464140298e-15,4.5619852175495153e-14,converged
2025-01-15T09:25:00+08:00,1.4166666666666667,-6.666666666666667,60.0,2.933333333333333,52.6,52.6,44.8,44.8,35.0,55.00000000000001,85.0,38.918867734635356,10.652138080996535,13.400313516902731,14.866416136736085,79.96129443756487,1.137428012465578,52.6,52.695482719217104,52.99644619974402,42.17842195738597,43.20572175653049,43.69290154599491,43.1106439178659,0.3902768666666667,0.43627037401518814,27.013548506237683,27.169741080146792,18.605891808900903,26.842779708918385,22.848733298959353,22.991786866772465,22.91053941165061,22.796956236794912,18.609202690868667,22.96049832901073,22.879237479916792,22.76561298777871,1.0,0.0,0.25,0.25,0.0,18.609202690868667,22.879237479916792,26.842779708918385,16.71026029202089,21.193533990213837,24.955577496800306,1.7362977253972222e-16,2.6684214368148223e-16,0.0,1.8095232868400513e-15,4.0293806540332834e-14,converged
2025-01-15T09:30:00+08:00,1.5,-6.583333333333333,62.5,2.9291666666666667,52.6,52.6,44.8,44.8,35.0,55.00000000000001,85.0,38.918867734635356,10.652138080996535,13.400313516902731,14.866416136736085,79.96129443756487,1.137428012465578,52.6,52.599999999999994,52.6,42.179237640126246,43.141216383599165,43.41592342229406,42.982855629233136,0.3878663333333333,0.4337212041075265,27.016013253152895,27.17258167361693,18.607633632399526,26.845011031853293,22.85075207454643,22.994129277908606,22.912503070011443,22.798512468168052,18.611116790788476,22.96284042161989,22.881200567121667,22.767168397091275,1.0,0.0,0.25,0.25,0.0,18.611116790788476,22.881200567121667,26.845011031853293,16.71026029202089,21.193533990213837,24.955577496800306,1.7362977253972222e-16,5.368209841918338e-16,0.0,5.368209841918335e-16,3.1200357524214235e-14,converged
2025-01-15T09:35:00+08:00,1.5833333333333333,-6.5,65.0,2.925,52.2,52.2,44.6,44.6,35.0,55.00000000000001,85.0,38.745122789391445,10.604583893134944,13.340490688702275,14.800048207554228,79.24894792501725,1.1222625066830707,52.6,52.6,52.6,42.14421005528944,43.10710308191525,43.3823676191977,42.9487050432068,0.3854558,0.4333182218605413,27.018664921029913,27.17563794079233,18.60968141684488,26.847388679526173,22.853021247028185,22.99674728515678,22.914707393786166,22.800270682373117,18.613354759252342,22.965457665934455,22.883403895802775,22.76892538325877,1.0,0.0,0.25,0.25,0.0,18.613354759252342,22.883403895802775,26.847388679526173,16.785194194675693,21.288572259228246,25.06748591606847,2.3358730900019705e-16,6.71650278905198e-16,0.0,1.2845311584061911e-15,2.5456928114200396e-14,converged
2025-01-15T09:40:00+08:00,1.6666666666666667,-6.416666666666667,67.5,2.9208333333333334,52.2,52.2,44.6,44.6,35.0,55.00000000000001,85.0,38.745122789391445,10.604583893134944,13.340490688702275,14.800048207554228,79.24894792501725,1.1222625066830707,52.6,52.6,52.6,42.14520763107989,43.10785098090878,43.3830720835571,42.94950468765152,0.38304526666666666,0.4332823198898258,27.02155758911615,27.178960714046056,18.612071660192726,26.849959442270407,22.855586056707114,22.999683443585315,22.917193056985038,22.80226990750299,18.61595553405264,22.968393075834545,22.88588857675682,22.770923391666688,1.0,0.0,0.25,0.25,0.0,18.61595553405264,22.88588857675682,26.849959442270407,16.785194194675693,21.288572259228246,25.06748591606847,2.3358730900019705e-16,6.717059321537554e-16,0.0,2.3845560591458314e-15,3.059030686915318e-14,converged
2025-01-15T09:45:00+08:00,1.75,-6.333333333333333,70.0,2.9166666666666665,52.2,52.2,44.6,44.6,35.0,55.00000000000001,85.0,38.745122789391445,10.604583893134944,13.340490688702275,14.800048207554228,79.24894792501725,1.1222625066830707,52.6,52.6,52.6,42.14630330092411,43.10868909970445,43.38386571851151,42.95039630630876,0.38063473333333336,0.43324228851446467,27.024690476295994,27.1825491749868,18.614802816397884,26.85272278346466,22.858445292943504,23.002936518796382,22.919959022514366,22.80450929735772,18.618917291355658,22.971645418175388,22.888653573942584,22.77316157697283,1.0,0.0,0.3333333333333333,0.25,0.0,18.618917291355658,22.888653573942584,26.85272278346466,16.785194194675693,21.288572259228246,25.06748591606847,2.3358730900019705e-16,2.6870719898121867e-16,0.0,1.8221706930913894e-15,2.725330166428673e-14,converged
2025-01-15T09:50:00+08:00,1.8333333333333333,-6.25,72.5,2.9125,52.2,52.2,44.6,44.6,35.0,55.00000000000001,85.0,38.745122789391445,10.604583893134944,13.340490688702275,14.800048207554228,79.24894792501725,1.1222625066830707,52.342815535574054,52.6,52.6,41.9871419625557,43.109617094642275,43.384748163364094,42.90749027036401,0.3782242,0.4320082541349895,27.027614124262538,27.185977419394412,18.617404727549395,26.855293528034426,22.86159775005523,23.0065052811815,22.92300425710347,22.80698800870841,18.62223821649611,22.975213464591636,22.891697855133934,22.775639096799882,1.0,0.0,0.3333333333333333,0.25,0.0,18.62223821649611,22.891697855133934,26.855293528034426,16.785194194675693,21.288572259228246,25.06748591606847,2.3358730900019705e-16,5.38949525675306e-16,0.0,2.3452725453214485e-15,2.6426634393586637e-14,converged
2025-01-15T09:55:00+08:00,1.9166666666666667,-6.166666666666667,75.0,2.908333333333333,52.2,52.2,44.6,44.6,35.0,55.00000000000001,85.0,38.745122789391445,10.604583893134944,13.340490688702275,14.800048207554228,79.24894792501725,1.1222625066830707,52.2,52.303085780738265,52.6,41.89917924945183,42.90851462487816,43.38571905890874,42.814543235077764,0.3758136666666667,0.4298364098072737,27.030529141443328,27.18943533713652,18.6200869582316,26.857843556031504,22.86446805086243,23.009844505698933,22.92581089383091,22.809212943020583,18.62591650393108,22.97909599147883,22.895020391905767,22.778355111725023,1.0,0.0,0.3333333333333333,0.25,0.0,18.62591650393108,22.895020391905767,26.857843556031504,16.785194194675693,21.288572259228246,25.06748591606847,2.3358730900019705e-16,2.708363441783168e-16,0.0,1.0918090124688397e-15,3.1570451054751704e-14,converged
2025-01-15T10:00:00+08:00,2.0,-6.083333333333333,77.5,2.904166666666667,52.2,52.2,44.6,44.6,35.0,55.00000000000001,85.0,38.745122789391445,10.604583893134944,13.340490688702275,14.800048207554228,79.24894792501725,1.1222625066830707,52.2,52.2,52.205398873285475,41.900314799739576,42.83924825728285,43.110783926548564,42.68598360878335,0.3734031333333333,0.42724736013500775,27.033684305281163,27.193158527561703,18.62310878358196,26.860586220095584,22.86743258731615,23.013310578280592,22.928717539752878,22.811506642552974,18.629147488612706,22.9825707678677,22.89793513255515,22.780656322040063,1.0,0.0,0.3333333333333333,0.25,0.0,18.629147488612706,22.89793513255515,26.860586220095584,16.785194194675693,21.288572259228246,25.06748591606847,2.3358730900019705e-16,4.087163527124482e-16,0.0,6.884449111688031e-16,4.1900182862564024e-14,converged
2025-01-15T10:05:00+08:00,2.0833333333333335,-6.0,80.0,2.9,51.8,51.8,44.4,44.4,35.0,55.00000000000001,85.0,38.571377844147534,10.55702970527335,13.280667860501813,14.733680278372367,78.53978864518791,1.1072324062986225,52.2,52.2,52.2,41.86590179441471,42.8056727580932,43.073975135865304,42.65094381499449,0.37099259999999995,0.42680541808126743,27.03702466043378,27.197095172009526,18.626430951674205,26.86347421683178,22.870643940075908,23.017048170242727,22.931861638059377,22.813999979972518,18.63268493847454,22.986306746945562,22.901077521686855,22.783147829719116,1.0,0.0,0.3333333333333333,0.25,0.0,18.63268493847454,22.901077521686855,26.86347421683178,16.860803177534592,21.384466728864414,25.18040251929401,5.892410969721817e-17,1.3637985472430008e-16,0.0,5.369956779769315e-16,2.4980318635646132e-14,converged
2025-01-15T10:10:00+08:00,2.1666666666666665,-5.916666666666666,82.5,2.895833333333333,51.8,51.8,44.4,44.4,35.0,55.00000000000001,85.0,38.571377844147534,10.55702970527335,13.280667860501813,14.733680278372367,78.53978864518791,1.1072324062986225,52.2,52.2,52.2,41.867218836084625,42.80672041853806,43.07498525149857,42.65205086383751,0.36858206666666665,0.4267559373331051,27.040603791111945,27.201295627357645,18.63008982933172,26.866553916007057,22.874147077049873,23.02109957528159,22.935283616157765,22.81673175077811,18.636578666628537,22.990356561457396,22.904497809803424,22.78587778697796,1.0,0.0,0.3333333333333333,0.25,0.0,18.636578666628537,22.904497809803424,26.866553916007057,16.860803177534592,21.384466728864414,25.18040251929401,5.892410969721817e-17,4.091870023687566e-16,0.0,3.733831396614904e-15,2.5515301611976993e-14,converged
2025-01-15T10:15:00+08:00,2.25,-5.833333333333334,85.0,2.8916666666666666,51.8,51.8,44.4,44.4,35.0,55.00000000000001,85.0,38.571377844147534,10.55702970527335,13.280667860501813,14.733680278372367,78.53978864518791,1.1072324062986225,52.2,52.2,52.2,41.86863316760634,42.80785750086249,43.07608363912191,42.65324904879267,0.3661715333333334,0.4267023831576118,27.044420923923784,27.205759084028443,18.634083896842352,26.869824785278805,22.877940803832768,23.025463576295923,22.938982450098845,22.819701118139523,18.640826882485186,22.994718995510734,22.90819497397495,22.788845357820424,1.0,0.0,0.3333333333333333,0.25,0.0,18.640826882485186,22.90819497397495,26.869824785278805,16.860803177534592,21.384466728864414,25.18040251929401,5.892410969721817e-17,2.7282557215982153e-16,0.0,6.735381312695593e-16,3.380655164676878e-14,converged
2025-01-15T10:20:00+08:00,2.3333333333333335,-5.75,87.5,2.8874999999999997,51.8,51.8,44.4,44.4,35.0,55.00000000000001,85.0,38.571377844147534,10.55702970527335,13.280667860501813,14.733680278372367,78.53978864518791,1.1072324062986225,51.94886425420277,52.2,52.2,41.71388607697925,42.80908366459378,43.07726994193111,42.611769930274846,0.363761,0.4254841011485909,27.048037690703293,27.210070146870613,18.6379543105062,26.87291115584273,22.88202393090856,23.030138960904914,22.94295711970654,22.822907248163553,18.64542780445415,22.999392837923843,22.912167995036874,22.792049709181317,1.0,0.0,0.3333333333333333,0.25,0.0,18.64542780445415,22.912167995036874,26.87291115584273,16.860803177534592,21.384466728864414,25.18040251929401,5.892410969721817e-17,4.104101240657615e-16,0.0,3.1635780396735783e-16,2.3195922535855578e-14,converged
2025-01-15T10:25:00+08:00,2.4166666666666665,-5.666666666666666,90.0,2.8833333333333333,51.8,51.8,44.4,44.4,35.0,55.00000000000001,85.0,38.571377844147534,10.55702970527335,13.280667860501813,14.733680278372367,78.53978864518791,1.1072324062986225,51.8,51.910757338309146,52.2,41.62266311432481,42.61384325622512,43.078543804595476,42.52006468002125,0.3613504666666666,0.4233105582608385,27.051633366210275,27.21439849608373,18.641888482485395,26.875966618656637,22.885836363849634,23.034594986642148,22.9467035151911,22.825870142897003,18.650379659899038,23.00437688220747,22.91641585757612,22.795490010916136,1.0,0.0,0.4166666666666667,0.25,0.0,18.650379659899038,22.91641585757612,26.875966618656637,16.860803177534592,21.384466728864414,25.18040251929401,5.892410969721817e-17,6.875290466721668e-16,0.0,3.3903776114021227e-15,4.7632552748055575e-14,converged
2025-01-15T10:30:00+08:00,2.5,-5.583333333333334,92.5,2.8791666666666664,51.8,51.8,44.4,44.4,35.0,55.00000000000001,85.0,38.571377844147534,10.55702970527335,13.280667860501813,14.733680278372367,78.53978864518791,1.1072324062986225,51.8,51.8,51.81443220154352,41.62411432103266,42.539783897834326,42.81066355514459,42.39263601318475,0.35893993333333335,0.420718735902377,27.055466990262374,27.218989454141393,18.646156601798435,26.879213318869486,22.889724540291397,23.03915966227048,22.95053328094626,22.828886661807143,18.654896614937126,23.008965966684247,22.920268725524345,22.79852840629688,1.0,0.0,0.4166666666666667,0.25,0.0,18.654896614937126,22.920268725524345,26.879213318869486,16.860803177534592,21.384466728864414,25.18040251929401,5.892410969721817e-17,2.767058176699496e-16,0.0,1.6897564983834105e-15,3.180164805749004e-14,converged
2025-01-15T10:35:00+08:00,2.5833333333333335,-5.5,95.0,2.875,51.4,51.4,44.2,44.2,35.0,55.00000000000001,85.0,38.39763289890362,10.50947551741176,13.220845032301357,14.667312349190514,77.83381659807692,1.0923371041131396,51.8,51.8,51.8,41.59032314497338,42.50675292773029,42.7680831230631,42.35574922447193,0.3565294,0.42021958062159476,27.059484135459144,27.223791714953133,18.650719613102694,26.88260439505067,22.89385606087588,23.04399189686163,22.954597375333595,22.832100538092494,18.659695443338197,23.01379578779927,22.924330436656486,22.80173988256081,1.0,0.0,0.4166666666666667,0.25,0.0,18.659695443338197,22.924330436656486,26.88260439505067,16.93709640458226,21.4812290217552,25.294340992231984,1.1891713201276387e-16,9.696207534916881e-16,0.0,1.2899418952701922e-15,3.188206724634835e-14,converged
2025-01-15T10:40:00+08:00,2.6666666666666665,-5.416666666666666,97.5,2.870833333333333,51.4,51.4,44.2,44.2,35.0,55.00000000000001,85.0,38.39763289890362,10.50947551741176,13.220845032301357,14.667312349190514,77.83381659807692,1.0923371041131396,51.8,51.8,51.8,41.59195547977061,42.50809608421083,42.76939406820978,42.357159225144436,0.35411886666666664,0.42015684299366024,27.063737873032736,27.228855140414467,18.6556137388799,26.886185783140718,22.8982756057647,23.049133706502474,22.958935965427603,22.83555032340012,18.66484421660805,23.01893521400784,22.92866666883056,22.805187288771183,1.0,0.0,0.4166666666666667,0.25,0.0,18.66484421660805,22.92866666883056,26.886185783140718,16.93709640458226,21.4812290217552,25.294340992231984,1.1891713201276387e-16,4.1561380149421277e-16,0.0,3.0478345442908934e-15,2.7679684442467104e-14,converged
2025-01-15T10:45:00+08:00,2.75,-5.333333333333334,100.0,2.8666666666666667,51.4,51.4,44.2,44.2,35.0,55.00000000000001,85.0,38.39763289890362,10.50947551741176,13.220845032301357,14.667312349190514,77.83381659807692,1.0923371041131396,51.8,51.8,51.8,41.59368431985567,42.509527884376354,42.77079241041009,42.35865954503728,0.35170833333333335,0.4200900866345639,27.068227437174716,27.23417892960431,18.66083748504509,26.88995695501175,22.90298199639769,23.054583890991122,22.96354804013863,22.83923519007854,18.670341176411263,23.024383046273947,22.933276411943996,22.80886979808758,1.0,0.0,0.4166666666666667,0.25,0.0,18.670341176411263,22.933276411943996,26.88995695501175,16.93709640458226,21.4812290217552,25.294340992231984,1.1891713201276387e-16,2.7711989768567057e-16,0.0,3.1868788233852112e-15,3.074078873616285e-14,converged
2025-01-15T10:50:00+08:00,2.8333333333333335,-5.25,102.5,2.8625,51.4,51.4,44.2,44.2,35.0,55.00000000000001,85.0,38.39763289890362,10.50947551741176,13.220845032301357,14.667312349190514,77.83381659807692,1.0923371041131396,51.554967712366576,51.8,51.8,41.44336780822674,42.51104799086448,42.77227779664992,42.31860853494962,0.3492978,0.4188880785757708,27.07252562325124,27.23935826592449,18.665943410336524,26.893551811043196,22.9079740590372,23.06034125477878,22.968432592101312,22.843154313379966,18.676184573247372,23.030138090205206,22.938158659610913,22.812786586567327,1.0,0.0,0.4166666666666667,0.25,0.0,18.676184573247372,22.938158659610913,26.893551811043196,16.93709640458226,21.4812290217552,25.294340992231984,1.1891713201276387e-16,2.7791509899911595e-16,0.0,5.219592953077146e-15,5.4895530848080234e-14,converged
2025-01-15T10:55:00+08:00,2.9166666666666665,-5.166666666666666,105.0,2.8583333333333334,51.4,51.4,44.2,44.2,35.0,55.00000000000001,85.0,38.39763289890362,10.50947551741176,13.220845032301357,14.667312349190514,77.83381659807692,1.0923371041131396,51.4,51.51849832174041,51.8,41.348863522615716,42.32169681430967,42.773849875372,42.228146842237315,0.3468872666666666,0.4167132582870329,27.076790231231644,27.244542486237943,18.671096599235096,26.897105532316967,22.91270709614297,23.06588964603052,22.97309937136527,22.846840893796994,18.682372666406458,23.03619915603486,22.94331240914843,22.81693683315533,1.0,0.0,0.4166666666666667,0.25,0.0,18.682372666406458,22.94331240914843,26.897105532316967,16.93709640458226,21.4812290217552,25.294340992231984,1.1891713201276387e-16,1.3968276688085086e-16,0.0,3.57064072839175e-15,4.740666174819231e-14,converged
2025-01-15T11:00:00+08:00,3.0,-5.083333333333334,107.5,2.8541666666666665,51.4,51.4,44.2,44.2,35.0,55.00000000000001,85.0,38.39763289890362,10.50947551741176,13.220845032301357,14.667312349190514,77.83381659807692,1.0923371041131396,51.4,51.4,51.42354727937855,41.35062628888063,42.24281240196362,42.51305956154623,42.10185036335068,0.3444767333333334,0.4141190639814646,27.08129063059482,27.24998669983489,18.676578239553383,26.90084911414893,22.917497366140537,23.071528483363362,22.97783285751836,22.850565915647753,18.68813860212106,23.04187827877006,22.948084161187605,22.820698239440496,1.0,0.0,0.4166666666666667,0.25,0.0,18.68813860212106,22.948084161187605,26.90084911414893,16.93709640458226,21.4812290217552,25.294340992231984,1.1891713201276387e-16,0.0,0.0,2.8635904680960416e-15,3.1738149941762985e-14,converged
2025-01-15T11:05:00+08:00,3.0833333333333335,-5.0,110.0,2.8499999999999996,51.0,51.0,44.0,44.0,35.0,55.00000000000001,85.0,38.22388795365971,10.461921329550167,13.161022204100895,14.600944420008652,77.13103178368428,1.077575992927527,51.4,51.4,51.4,41.31746438085072,42.21033287717715,42.46467740444162,42.06310950558028,0.3420662,0.413562780892551,27.08597293967862,27.2556401325086,18.682349484333123,26.904736150343204,22.922527614243062,23.077431033216953,22.98279763617695,22.854486077714615,18.694161876000468,23.04777766248366,22.953045921437074,22.824615461853735,1.0,0.0,0.4166666666666667,0.25,0.0,18.694161876000468,22.953045921437074,26.904736150343204,17.014083206421272,21.57887097185409,25.40931526946941,1.2000065381478102e-16,2.8149371076306075e-16,0.0,3.1843976030071246e-15,3.218500968679077e-14,converged
2025-01-15T11:10:00+08:00,3.1666666666666665,-4.916666666666666,112.5,2.845833333333333,51.0,51.0,44.0,44.0,35.0,55.00000000000001,85.0,38.22388795365971,10.461921329550167,13.161022204100895,14.600944420008652,77.13103178368428,1.077575992927527,51.4,51.4,51.4,41.31940794988464,42.2119673752634,42.46628448908989,42.0648181252174,0.33965566666666663,0.41348710029106633,27.090889698604,27.261552131487502,18.68844639846104,26.908812129582056,22.927842217403754,23.083639017715125,22.98803360023309,22.858639676417535,18.700528949969634,23.05398251831436,22.95827889836512,22.828766146413628,1.0,0.0,0.4166666666666667,0.25,0.0,18.700528949969634,22.95827889836512,26.908812129582056,17.014083206421272,21.57887097185409,25.40931526946941,1.2000065381478102e-16,0.0,0.0,3.783264063010081e-16,2.5806510246714405e-14,converged
2025-01-15T11:15:00+08:00,3.25,-4.833333333333334,115.0,2.8416666666666663,51.0,51.0,44.0,44.0,35.0,55.00000000000001,85.0,38.22388795365971,10.461921329550167,13.161022204100895,14.600944420008652,77.13103178368428,1.077575992927527,51.4,51.4,51.4,41.321447258855265,42.21368975816117,42.46797811898161,42.06661626792803,0.33724513333333334,0.41340745440678633,27.096040149008864,27.26772190435326,18.694867512793216,26.91307652788966,22.93344001252842,23.09015125316798,22.993539751178478,22.863025893097177,18.707238096987716,23.060491663696588,22.96378209441929,22.833149475249563,1.0,0.0,0.4166666666666667,0.25,0.0,18.707238096987716,22.96378209441929,26.91307652788966,17.014083206421272,21.57887097185409,25.40931526946941,1.2000065381478102e-16,5.631989485723399e-16,0.0,8.007985050012958e-16,2.340754016448568e-14,converged
2025-01-15T11:20:00+08:00,3.3333333333333335,-4.75,117.5,2.8375,51.0,51.0,44.0,44.0,35.0,55.00000000000001,85.0,38.22388795365971,10.461921329550167,13.161022204100895,14.600944420008652,77.13103178368428,1.077575992927527,51.161126656513694,51.4,51.4,41.17557788002343,42.21549969154303,42.469757944792775,42.02799470603077,0.3348346,0.41222223600840585,27.101008323891218,27.27375528321609,18.701176877800386,26.9171728783472,22.93931984128026,23.096966560472932,22.999315094181323,22.867643911965228,18.714287598689467,23.067303920642807,22.969554515716197,22.837764633356116,1.0,0.0,0.4166666666666667,0.25,0.0,18.714287598689467,22.969554515716197,26.9171728783472,17.014083206421272,21.57887097185409,25.40931526946941,1.2000065381478102e-16,4.236136905939285e-16,0.0,4.059631201525148e-15,3.162207202091949e-14,converged
2025-01-15T11:25:00+08:00,3.4166666666666665,-4.666666666666666,120.0,2.833333333333333,51.0,51.0,44.0,44.0,35.0,55.00000000000001,85.0,38.22388795365971,10.461921329550167,13.161022204100895,14.600944420008652,77.13103178368428,1.077575992927527,51.0,51.12630967774833,51.4,41.07777123554182,42.03206524391366,42.4716236186399,41.9387785158225,0.33242406666666663,0.4100465529097493,27.10593040596646,27.27978112666496,18.70751707298864,26.921217830230923,22.944952518427566,23.10358348770007,23.004883342991178,22.872040230919577,18.721675745341653,23.074418115725788,22.975595172028015,22.842610808583007,1.0,0.0,0.5,0.25,0.0,18.721675745341653,22.975595172028015,26.921217830230923,17.014083206421272,21.57887097185409,25.40931526946941,1.2000065381478102e-16,7.097689335566594e-16,0.0,1.1578105728643006e-15,4.813987444604837e-14,converged
2025-01-15T11:30:00+08:00,3.5,-4.583333333333334,122.5,2.8291666666666666,51.0,51.0,44.0,44.0,35.0,55.00000000000001,85.0,38.22388795365971,10.461921329550167,13.161022204100895,14.600944420008652,77.13103178368428,1.077575992927527,51.0,51.0,51.03274522155754,41.07984157667326,41.948323644999974,42.21795872488645,41.81361562508074,0.3300135333333334,0.4074503805328585,27.111086162302687,27.28606439510586,18.71418037090333,26.925451287228295,22.950623895804515,23.11027264799035,23.010501608010568,22.87645976464195,18.728654814062494,23.081163609461594,22.9812670231062,22.847081377461077,1.0,0.0,0.5,0.25,0.0,18.728654814062494,22.9812670231062,26.925451287228295,17.014083206421272,21.57887097185409,25.40931526946941,1.2000065381478102e-16,8.571496853777998e-16,0.0,1.10491951630732e-16,5.2614486307869556e-14,converged
2025-01-15T11:35:00+08:00,3.5833333333333335,-4.5,125.0,2.8249999999999997,50.6,50.6,43.8,43.8,35.0,55.00000000000001,85.0,38.05014300841581,10.414367141688576,13.101199375900439,14.534576490826796,76.43143420200991,1.0629484655426902,51.0,51.0,51.0,41.04731656600377,41.916402673326544,42.163744693650216,41.77301371722187,0.327603,0.4068370444552892,27.116422274975644,27.292554865740993,18.721128144860707,26.929827311827353,22.956531989141453,23.117221786061744,23.01634821542865,22.881072283724354,18.73586673484475,23.088108875271985,22.987110014846397,22.851690447156024,1.0,0.0,0.5,0.25,0.0,18.73586673484475,22.987110014846397,26.929827311827353,17.091773084076163,21.67740462925981,25.525339540106255,1.210990522431851e-16,1.4307365001975464e-16,0.0,4.775083069409311e-15,1.9088165544175844e-14,converged
2025-01-15T11:40:00+08:00,3.6666666666666665,-4.416666666666666,127.5,2.8208333333333333,50.6,50.6,43.8,43.8,35.0,55.00000000000001,85.0,38.05014300841581,10.414367141688576,13.101199375900439,14.534576490826796,76.43143420200991,1.0629484655426902,51.0,51.0,51.0,41.04956742217293,41.91832446755169,42.16564335676024,41.77501674033845,0.3251924666666666,0.40674872699390485,27.121990734665548,27.29930135124185,18.728396288848582,26.934390931843904,22.96272085660499,23.124472313598172,23.022462769980226,22.88591581786232,18.743416493787016,23.095355575197985,22.993220990755617,22.85653056186315,1.0,0.0,0.5,0.25,0.0,18.743416493787016,22.993220990755617,26.934390931843904,17.091773084076163,21.67740462925981,25.525339540106255,1.210990522431851e-16,5.724188625607145e-16,0.0,3.461345309546821e-15,2.9775166229025386e-14,converged
2025-01-15T11:45:00+08:00,3.75,-4.333333333333334,130.0,2.8166666666666664,50.6,50.6,43.8,43.8,35.0,55.00000000000001,85.0,38.05014300841581,10.414367141688576,13.101199375900439,14.534576490826796,76.43143420200991,1.0629484655426902,51.0,51.0,51.0,41.05191327172473,41.92033340663782,42.16762773590081,41.777108510673735,0.3227819333333333,0.4066564964827925,27.127790790322653,27.30630306754234,18.735983357997096,26.939141627392786,22.969189350197716,23.132023063043995,23.02884428546676,22.890989557206325,18.75130239421316,23.102902542768014,22.999598965560875,22.861600912499974,1.0,0.0,0.5,0.25,0.0,18.75130239421316,22.999598965560875,26.939141627392786,17.091773084076163,21.67740462925981,25.525339540106255,1.210990522431851e-16,2.8627434415488525e-16,0.0,3.175856005468258e-15,3.1812342261637565e-14,converged
2025-01-15T11:50:00+08:00,3.8333333333333335,-4.25,132.5,2.8125,50.6,50.6,43.8,43.8,35.0,55.00000000000001,85.0,38.05014300841581,10.414367141688576,13.101199375900439,14.534576490826796,76.43143420200991,1.0629484655426902,50.7673418467261,51.0,51.0,40.91050779973868,41.92242915921869,42.169697485340315,41.73991788311568,0.32037140000000003,0.40548857780964837,27.133417787393405,27.31317656629529,18.74346498488685,26.943732628386737,22.975936326616036,23.139872871366578,23.035491779319486,22.896292694745867,18.75952274796801,23.110748616024438,23.006242957611658,22.866900692817293,1.0,0.0,0.5833333333333334,0.25,0.0,18.75952274796801,23.006242957611658,26.943732628386737,17.091773084076163,21.67740462925981,25.525339540106255,1.210990522431851e-16,1.4354944651681971e-16,0.0,1.5969875924996194e-15,4.400184107454065e-14,converged
2025-01-15T11:55:00+08:00,3.9166666666666665,-4.166666666666666,135.0,2.808333333333333,50.6,50.6,43.8,43.8,35.0,55.00000000000001,85.0,38.05014300841581,10.414367141688576,13.101199375900439,14.534576490826796,76.43143420200991,1.0629484655426902,50.6,50.73419237034078,51.0,40.80937779658949,41.744939263206405,42.17185226077191,41.65194931102308,0.3179608666666666,0.40331244014263434,27.138986147518924,27.320030091594386,18.750961064688372,26.94826192920497,22.982448229662623,23.147535097049424,23.041943034017947,22.90138512585448,18.768075875374585,23.11889263750609,23.013151988866593,22.872429099389258,1.0,0.0,0.5833333333333334,0.25,0.0,18.768075875374585,23.013151988866593,26.94826192920497,17.091773084076163,21.67740462925981,25.525339540106255,1.210990522431851e-16,2.8864798166345604e-16,0.0,1.8085600101100914e-15,3.279612410006632e-14,converged
2025-01-15T12:00:00+08:00,4.0,-4.083333333333334,137.5,2.8041666666666667,50.6,50.6,43.8,43.8,35.0,55.00000000000001,85.0,38.05014300841581,10.414367141688576,13.101199375900439,14.534576490826796,76.43143420200991,1.0629484655426902,50.6,50.6,50.6420271632085,40.81175183803479,41.65630827333005,41.92534870249636,41.52792157866986,0.3155503333333334,0.40071467691812557,27.14478610393348,27.32713851987513,18.758775041659295,26.952978400664694,22.98898027467465,23.15525133003893,23.048427584130927,22.906485498929364,18.776233337054983,23.126681423514736,23.01970560199431,22.877595301620683,1.0,0.0,0.5833333333333334,0.25,0.0,18.776233337054983,23.01970560199431,26.952978400664694,17.091773084076163,21.67740462925981,25.525339540106255,1.210990522431851e-16,1.4525961804329032e-16,0.0,2.748300624971393e-15,2.939168194839131e-14,converged
2025-01-15T12:05:00+08:00,4.083333333333333,-4.0,140.0,2.8,50.2,50.2,43.6,43.6,35.0,55.00000000000001,85.0,37.8763980631719,10.366812953826985,13.041376547699977,14.468208561644937,75.73502385305395,1.048453914759536,50.6,50.600000000000016,50.6,40.77987154626315,41.62495315614439,41.865272582709686,41.485451734003256,0.31313979999999997,0.40004435225784646,27.150764920659707,27.33445219949191,18.76686852137543,26.957836587570448,22.995745875227236,23.16322391556299,23.055137610994578,22.911776763791096,18.78459920642019,23.134649475858936,23.026411452787325,22.882882636531487,1.0,0.0,0.5833333333333334,0.25,0.0,18.78459920642019,23.026411452787325,26.957836587570448,17.1701757129022,21.776842265173855,25.642428253592982,1.8331890133307594e-16,1.455030188151487e-15,0.0,1.67328471637421e-15,2.5536564882754435e-14,converged
2025-01-15T12:10:00+08:00,4.166666666666667,-3.916666666666667,141.66666666666666,2.7875,50.2,50.2,43.6,43.6,35.0,55.00000000000001,85.0,37.8763980631719,10.366812953826985,13.041376547699977,14.468208561644937,75.73502385305395,1.048453914759536,50.6,50.600000000000016,50.6,40.78241788109082,41.62715155015623,41.86745200239295,41.48773811190438,0.3110769166666667,0.399944001418751,27.156932421070337,27.341966837458994,18.77523480944977,26.962850133581153,23.002747173537898,23.171441408650363,23.06206999530996,22.917265773669705,18.793255567269238,23.142862487241317,23.03333970355133,22.88836775066621,1.0,0.0,0.6666666666666666,0.25,0.0,18.793255567269238,23.03333970355133,26.962850133581153,17.1701757129022,21.776842265173855,25.642428253592982,1.8331890133307594e-16,8.732371638076789e-16,0.0,9.460069274583189e-16,3.962517265788542e-14,converged
2025-01-15T12:15:00+08:00,4.25,-3.833333333333333,143.33333333333334,2.775,50.2,50.2,43.6,43.6,35.0,55.00000000000001,85.0,37.8763980631719,10.366812953826985,13.041376547699977,14.468208561644937,75.73502385305395,1.048453914759536,50.6,50.600000000000016,50.6,40.785042575349074,41.62942288618913,41.86970359069196,41.49009861914859,0.3090140333333333,0.3998403969872473,27.163287995672675,27.349681818746706,18.783872675831752,26.968018608443323,23.009983206292937,23.179902860925903,23.06922391899787,22.922951835621404,18.80220096106876,23.151319510112423,23.040489536934945,22.89404995171024,1.0,0.0,0.6666666666666666,0.25,0.0,18.80220096106876,23.040489536934945,26.968018608443323,17.1701757129022,21.776842265173855,25.642428253592982,1.8331890133307594e-16,1.0190406708886579e-15,0.0,2.738671803013268e-15,2.3500291250583726e-14,converged
2025-01-15T12:20:00+08:00,4.333333333333333,-3.75,145.0,2.7624999999999997,50.2,50.2,43.6,43.6,35.0,55.00000000000001,85.0,37.8763980631719,10.366812953826985,13.041376547699977,14.468208561644937,75.73502385305395,1.048453914759536,50.37361405703217,50.600000000000016,50.6,40.648078274122796,41.63176688711889,41.87202705615405,41.45430593610997,0.30695115,0.39869180217789096,27.169438511845243,27.357224646410998,18.792369617019986,26.973005089014293,23.017453014115787,23.188607327686945,23.076598566988906,22.928834259130635,18.811433936608562,23.160019600588107,23.047860138590664,22.899928549772383,1.0,0.0,0.6666666666666666,0.25,0.0,18.811433936608562,23.047860138590664,26.973005089014293,17.1701757129022,21.776842265173855,25.642428253592982,1.8331890133307594e-16,2.919932669570965e-16,0.0,8.668550112788802e-17,3.820371035477127e-14,converged
2025-01-15T12:25:00+08:00,4.416666666666667,-3.666666666666667,146.66666666666666,2.75,50.2,50.2,43.6,43.6,35.0,55.00000000000001,85.0,37.8763980631719,10.366812953826985,13.041376547699977,14.468208561644937,75.73502385305395,1.048453914759536,50.2,50.34214738121391,50.6,40.54354842250039,41.46020264161605,41.87442210852957,41.367538888598766,0.3048882666666667,0.39651773539744634,27.17547661847021,27.36468297237803,18.800822851861646,26.97788887563702,23.024658956452814,23.1970832914337,23.083746051637473,22.934486545760528,18.82095304996486,23.168961818435356,23.05545069716383,22.90600285737636,1.0,0.0,0.6666666666666666,0.25,0.0,18.82095304996486,23.05545069716383,26.97788887563702,17.1701757129022,21.776842265173855,25.642428253592982,1.8331890133307594e-16,1.4679711830575102e-16,0.0,1.669817220727918e-15,3.364925907597066e-14,converged
2025-01-15T12:30:00+08:00,4.5,-3.583333333333333,148.33333333333334,2.7375,50.2,50.2,43.6,43.6,35.0,55.00000000000001,85.0,37.8763980631719,10.366812953826985,13.041376547699977,14.468208561644937,75.73502385305395,1.048453914759536,50.2,50.20000000000001,50.25139426028744,40.54615113049585,41.366589606130084,41.63505918699211,41.24458596890601,0.3028253833333333,0.3939214870358412,27.181703217259255,27.372341814007626,18.80954727298146,26.982927950468515,23.031825547548227,23.20554329983649,23.090868277086113,22.94010098592278,18.83004950530941,23.1775107683381,23.062657617626478,22.91169806308444,1.0,0.0,0.6666666666666666,0.25,0.0,18.83004950530941,23.062657617626478,26.982927950468515,17.1701757129022,21.776842265173855,25.642428253592982,1.8331890133307594e-16,0.0,0.0,3.774924410923134e-15,3.4308894896737885e-14,converged
2025-01-15T12:35:00+08:00,4.583333333333333,-3.5,150.0,2.7249999999999996,49.8,49.8,43.4,43.4,35.0,55.00000000000001,85.0,37.702653117927994,10.319258765965392,12.981553719499521,14.401840632463081,75.0418007368163,1.0340917333789685,50.2,50.2,50.2,40.5148356230473,41.335733278651254,41.56902024872269,41.20016474059731,0.3007625,0.3931975422117752,27.188066303590265,27.380152267653692,18.818504917181205,26.98807743804649,23.039181893527132,23.21420462103881,23.098171548345533,22.945873923289277,18.839289428534393,23.186166935414445,23.069956185302082,22.9174666163055,1.0,0.0,0.6666666666666666,0.25,0.0,18.839289428534393,23.069956185302082,26.98807743804649,17.24930094660221,21.877196376994927,25.760596125729354,1.2334157966054493e-16,5.921467421799591e-16,1.5523644108572789e-16,4.62614642328093e-16,3.4285889894757827e-14,converged
2025-01-15T12:40:00+08:00,4.666666666666667,-3.416666666666667,151.66666666666666,2.7125,49.8,49.8,43.4,43.4,35.0,55.00000000000001,85.0,37.702653117927994,10.319258765965392,12.981553719499521,14.401840632463081,75.0418007368163,1.0340917333789685,50.2,50.2,50.2,40.51758670085395,41.33813074792715,41.571406504781486,41.202654709649124,0.2986996166666667,0.3930887569192514,27.194616846743585,27.388162176017833,18.827731483999028,26.993381488004694,23.046771535033407,23.223108196329786,23.10569500532499,22.95184292599191,18.84881546645896,23.19506541345648,23.077474985608706,22.92343127255407,1.0,0.0,0.6666666666666666,0.25,0.0,18.84881546645896,23.077474985608706,26.993381488004694,17.24930094660221,21.877196376994927,25.760596125729354,1.2334157966054493e-16,2.9615530787325197e-16,1.5523644108572789e-16,3.618647668076298e-15,3.3988099454457085e-14,converged
2025-01-15T12:45:00+08:00,4.75,-3.333333333333333,153.33333333333334,2.6999999999999997,49.8,49.8,43.4,43.4,35.0,55.00000000000001,85.0,37.702653117927994,10.319258765965392,12.981553719499521,14.401840632463081,75.0418007368163,1.0340917333789685,50.2,50.2,50.2,40.52041569826046,41.340600711503654,41.573864398146014,41.205218330553066,0.2966367333333333,0.392976753820357,27.201354241607515,27.396370929093564,18.837225761218658,26.998839672591618,23.054593518951158,23.232253087983164,23.113437838258,22.958007307246568,18.858626182883103,23.204205265535197,23.08521320948599,22.929591345659258,1.0,0.0,0.6666666666666666,0.25,0.0,18.858626182883103,23.08521320948599,26.998839672591618,17.24930094660221,21.877196376994927,25.760596125729354,1.2334157966054493e-16,1.481198578480703e-16,1.5523644108572789e-16,4.175128493092482e-15,3.374506594362577e-14,converged
2025-01-15T12:50:00+08:00,4.833333333333333,-3.25,155.0,2.6875,49.8,49.8,43.4,43.4,35.0,55.00000000000001,85.0,37.702653117927994,10.319258765965392,12.981553719499521,14.401840632463081,75.0418007368163,1.0340917333789685,49.97994407572818,50.2,50.2,40.387855066001755,41.34314289407794,41.576393639713935,41.170777776760715,0.29457384999999997,0.39185004742401297,27.207896817163704,27.404416890189268,18.84658700637989,27.004124894155172,23.062646896058393,23.24163836190248,23.121399240356126,22.964366382674825,18.868720148816063,23.213585558344363,23.09317005084579,22.935946151851113,1.0,0.0,0.6666666666666666,0.25,0.0,18.868720148816063,23.09317005084579,27.004124894155172,17.24930094660221,21.877196376994927,25.760596125729354,1.2334157966054493e-16,4.45637263255059e-16,1.5523644108572789e-16,2.8687898822044425e-15,5.1759288448671696e-14,converged
2025-01-15T12:55:00+08:00,4.916666666666667,-3.166666666666667,156.66666666666666,2.675,49.8,49.8,43.4,43.4,35.0,55.00000000000001,85.0,37.702653117927994,10.319258765965392,12.981553719499521,14.401840632463081,75.0418007368163,1.0340917333789685,49.8,49.9501757101596,50.2,40.27986579020825,41.177500132592016,41.578993941575355,41.08518113335635,0.29251096666666665,0.3896798949802899,27.214315166788424,27.412366817360734,18.855889383823488,27.009297546956617,23.0704498881221,23.25080753107372,23.1291456028933,22.970507252572126,18.879095942440134,23.2232053621865,23.10134470656126,22.94249500975221,1.0,0.0,0.6666666666666666,0.25,0.0,18.879095942440134,23.10134470656126,27.009297546956617,17.24930094660221,21.877196376994927,25.760596125729354,1.2334157966054493e-16,2.9874603059216884e-16,1.5523644108572789e-16,1.7878082768250104e-15,1.9825887583412203e-14,converged
2025-01-15T13:00:00+08:00,5.0,-3.083333333333333,158.33333333333334,2.6624999999999996,49.8,49.8,43.4,43.4,35.0,55.00000000000001,85.0,37.702653117927994,10.319258765965392,12.981553719499521,14.401840632463081,75.0418007368163,1.0340917333789685,49.8,49.8,49.860847690058336,40.282670870053096,41.0788536403767,41.34679049085743,40.963285322196114,0.29044808333333333,0.38708636775663563,27.220920794845224,27.42051577268852,18.865459129939083,27.014624698028516,23.078195901218074,23.259943672526823,23.136850830505807,22.97659553888565,18.889064356161313,23.232446997833538,23.109150412895115,22.94867913839125,1.0,0.0,0.6666666666666666,0.25,0.0,18.889064356161313,23.109150412895115,27.014624698028516,17.24930094660221,21.877196376994927,25.760596125729354,1.2334157966054493e-16,3.007476664745943e-16,1.5523644108572789e-16,1.5639466054464987e-15,3.99818394570803e-14,converged
2025-01-15T13:05:00+08:00,5.083333333333333,-3.0,160.0,2.65,49.4,49.4,43.2,43.2,35.0,55.00000000000001,85.0,37.52890817268409,10.271704578103803,12.921730891299065,14.335472703281226,74.35176485329696,1.0198613142018942,49.8,49.8,49.8,40.25191969065246,41.04849645358982,41.274751503578564,40.91689848471589,0.2883852,0.3863090453578108,27.227662308095095,27.428815454860246,18.87525853033661,27.020061977416177,23.086129690454396,23.269278894393548,23.144735309586213,22.982840978423972,18.899153057708297,23.241776479600972,23.117029689926895,22.9549197632662,1.0,0.0,0.6666666666666666,0.25,0.0,18.899153057708297,23.117029689926895,27.020061977416177,17.329158821354994,21.978479693555084,25.879858144829946,2.48972549924357e-16,3.013528241853812e-16,0.0,4.896983393012445e-16,3.4819738997429796e-14,converged
2025-01-15T13:10:00+08:00,5.166666666666667,-2.916666666666667,161.66666666666666,2.6375,49.4,49.4,43.2,43.2,35.0,55.00000000000001,85.0,37.52890817268409,10.271704578103803,12.921730891299065,14.335472703281226,74.35176485329696,1.0198613142018942,49.8,49.8,49.8,40.25487316593247,41.05109048633316,41.27734162958762,40.91958940497458,0.2863223166666667,0.38619202239747646,27.23459007197916,27.437313113409644,18.885323070711124,27.02565303335567,23.094294429340046,23.27885377651778,23.15283784873718,22.989280837143415,18.909523626308214,23.25134568372608,23.12512707819236,22.961354848391913,1.0,0.0,0.6666666666666666,0.25,0.0,18.909523626308214,23.12512707819236,27.02565303335567,17.329158821354994,21.978479693555084,25.879858144829946,2.48972549924357e-16,6.028882787595123e-16,0.0,1.884025871123476e-16,3.0019696498887374e-14,converged
2025-01-15T13:15:00+08:00,5.25,-2.833333333333333,163.33333333333334,2.625,49.4,49.4,43.2,43.2,35.0,55.00000000000001,85.0,37.52890817268409,10.271704578103803,12.921730891299065,14.335472703281226,74.35176485329696,1.0198613142018942,49.8,49.8,49.8,40.257904133258215,41.05375657815406,41.28000287709074,40.92235351317771,0.2842594333333333,0.38607181663382706,27.241703485697634,27.446008143272888,18.89565155620954,27.031397440566455,23.102689174722016,23.288667391586184,23.161157646331773,22.995914434299653,18.920174647438373,23.261153683665242,23.133441776749656,22.967983713621813,1.0,0.0,0.6666666666666666,0.25,0.0,18.920174647438373,23.133441776749656,27.031397440566455,17.329158821354994,21.978479693555084,25.879858144829946,2.48972549924357e-16,3.0153799581115207e-16,0.0,1.0930752348154263e-15,2.095348790318172e-14,converged
2025-01-15T13:20:00+08:00,5.333333333333333,-2.75,165.0,2.6125,49.4,49.4,43.2,43.2,35.0,55.00000000000001,85.0,37.52890817268409,10.271704578103803,12.921730891299065,14.335472703281226,74.35176485329696,1.0198613142018942,49.586332705708394,49.8,49.8,40.12976585861725,41.05649445552284,41.28273495926892,40.889268226164155,0.28219655,0.38496740666362506,27.248632416910198,27.454549840991213,18.90585509927872,27.03697799292327,23.111312987298955,23.29871881587345,23.169693903689964,23.00274109153194,18.93110471367472,23.271199556455997,23.141972987598123,22.974805681188215,1.0,0.0,0.75,0.25,0.0,18.93110471367472,23.141972987598123,27.03697799292327,17.329158821354994,21.978479693555084,25.879858144829946,2.48972549924357e-16,7.560076503350298e-16,0.0,4.2525430331345426e-17,3.051355428015895e-14,converged
2025-01-15T13:25:00+08:00,5.416666666666667,-2.666666666666667,166.66666666666666,2.6,49.4,49.4,43.2,43.2,35.0,55.00000000000001,85.0,37.52890817268409,10.271704578103803,12.921730891299065,14.335472703281226,74.35176485329696,1.0198613142018942,49.4,49.55827837548441,49.8,40.01829752217147,40.89680317357833,41.28553759048533,40.80484582477484,0.28013366666666667,0.3828014729369642,27.255425255552808,27.462983930643215,18.915984624129095,27.042436051971706,23.11970007201729,23.30856670728566,23.178027399725494,23.00936161141891,18.94231242465623,23.281482382703192,23.1507199156675,22.981820075694,1.0,0.0,0.75,0.25,0.0,18.94231242465623,23.1507199156675,27.042436051971706,17.329158821354994,21.978479693555084,25.879858144829946,2.48972549924357e-16,7.60285226528536e-16,0.0,3.8964617859587465e-16,3.3149842513051675e-14,converged
2025-01-15T13:30:00+08:00,5.5,-2.583333333333333,168.33333333333334,2.5875,49.4,49.4,43.2,43.2,35.0,55.00000000000001,85.0,37.52890817268409,10.271704578103803,12.921730891299065,14.335472703281226,74.35176485329696,1.0198613142018942,49.4,49.4,49.4703886515864,40.02130267498531,40.7930919892707,41.06053201615438,40.68401040850943,0.27807078333333335,0.380210949596839,27.26240417926623,27.471615585891033,18.926377801250883,27.04804783010427,23.128012489183796,23.318364447227125,23.18630382598827,23.015914744169056,18.953128319543005,23.291402334140653,23.15911275663485,22.988484268652325,1.0,0.0,0.75,0.25,0.0,18.953128319543005,23.15911275663485,27.04804783010427,17.329158821354994,21.978479693555084,25.879858144829946,2.48972549924357e-16,4.592792052032318e-16,0.0,2.257524739117448e-15,4.642446974466126e-14,converged
2025-01-15T13:35:00+08:00,5.583333333333333,-2.5,170.0,2.575,49.0,49.0,43.0,43.0,35.0,55.00000000000001,85.0,37.35516322744017,10.224150390242208,12.861908063098603,14.269104774099363,73.66491620249597,1.0057620500292177,49.4,49.4,49.4,39.99112349679853,40.763241214885646,40.98246203591771,40.635650745645734,0.27600790000000003,0.37938017835117027,27.269518421780848,27.48039712424303,18.93699717573414,27.053769474969684,23.136510772188085,23.328359107357965,23.19475776656729,23.022623729341053,18.96404130443577,23.301390702230993,23.16756102502833,22.995188031783975,1.0,0.0,0.75,0.25,0.0,18.96404130443577,23.16756102502833,27.053769474969684,17.40975956005898,22.08070518050186,26.000229578061727,2.5129395974625856e-16,6.137132537228969e-16,1.1226527738298692e-16,2.4932100932492685e-16,3.198410411354391e-14,converged
2025-01-15T13:40:00+08:00,5.666666666666667,-2.416666666666667,171.66666666666666,2.5625,49.0,49.0,43.0,43.0,35.0,55.00000000000001,85.0,37.35516322744017,10.224150390242208,12.861908063098603,14.269104774099363,73.66491620249597,1.0057620500292177,49.4,49.4,49.4,39.994277097657076,40.76602937086136,40.98525315267767,40.63854005527346,0.27394501666666665,0.3792551095331589,27.276817728928755,27.489375185371674,18.947878007778048,27.059644121219655,23.1452377138353,23.338590892075032,23.203427686551564,23.029525520294793,18.975232033888847,23.31161626205674,23.17622532810632,23.002084645041755,1.0,0.0,0.8333333333333334,0.25,0.0,18.975232033888847,23.17622532810632,27.059644121219655,17.40975956005898,22.08070518050186,26.000229578061727,2.5129395974625856e-16,1.534789102383292e-16,1.1226527738298692e-16,3.1750949555554358e-15,3.0158004126343256e-14,converged
2025-01-15T13:45:00+08:00,5.75,-2.333333333333333,173.33333333333334,2.55,49.0,49.0,43.0,43.0,35.0,55.00000000000001,85.0,37.35516322744017,10.224150390242208,12.861908063098603,14.269104774099363,73.66491620249597,1.0057620500292177,49.4,49.4,49.4,39.9975077750143,40.76888916293648,40.98811489026755,40.64150210222651,0.2718821333333333,0.37912689215287004,27.284301504154687,27.49854916907705,18.959019119434835,27.065671346014312,23.154192380706675,23.349058884247874,23.212312792284692,23.036619442208668,18.98669911442117,23.322078097230516,23.185104872877126,23.0091734341868,1.0,0.0,0.8333333333333334,0.25,0.0,18.98669911442117,23.185104872877126,27.065671346014312,17.40975956005898,22.08070518050186,26.000229578061727,2.5129395974625856e-16,7.676540772791864e-16,1.1226527738298692e-16,9.59567596598983e-17,2.221206764033172e-14,converged
2025-01-15T13:50:00+08:00,5.833333333333333,-2.25,175.0,2.5375,49.0,49.0,43.0,43.0,35.0,55.00000000000001,85.0,37.35516322744017,10.224150390242208,12.861908063098603,14.269104774099363,73.66491620249597,1.0057620500292177,49.192780764804716,49.4,49.4,39.87381072762316,40.77182031930712,40.99104696408622,40.60977532657682,0.26981925,0.3780451838830555,27.291611231621946,27.507579378824516,18.970043573070264,27.071543901432754,23.1633738431938,23.35976217029323,23.221412293026706,23.043904822622945,18.998441159542956,23.332775294905396,23.194198869259868,23.016453727337495,1.0,0.0,0.8333333333333334,0.25,0.0,18.998441159542956,23.194198869259868,27.071543901432754,17.40975956005898,22.08070518050186,26.000229578061727,2.5129395974625856e-16,1.5397011625857232e-16,1.1226527738298692e-16,2.4442755956048354e-15,2.4902979292753902e-14,converged
2025-01-15T13:55:00+08:00,5.916666666666667,-2.166666666666667,176.66666666666666,2.525,49.0,49.0,43.0,43.0,35.0,55.00000000000001,85.0,37.35516322744017,10.224150390242208,12.861908063098603,14.269104774099363,73.66491620249597,1.0057620500292177,49.0,49.16645641444015,49.4,39.75884369558597,40.618110804206985,40.994049090704756,40.52653113891497,0.2677563666666667,0.37588376977994964,27.29877294846698,27.516490363260306,18.980978864932784,27.077283988452034,23.172332411660594,23.370274668776837,23.23032146528874,23.050996271126476,19.010456789720624,23.343706945761223,23.203506530073792,23.02392485496126,1.0,0.0,0.8333333333333334,0.25,0.0,19.010456789720624,23.203506530073792,27.077283988452034,17.40975956005898,22.08070518050186,26.000229578061727,2.5129395974625856e-16,6.194219127635483e-16,1.1226527738298692e-16,4.0988309383650426e-15,4.025079246555691e-14,converged
2025-01-15T14:00:00+08:00,6.0,-2.083333333333333,178.33333333333334,2.5124999999999997,49.0,49.0,43.0,43.0,35.0,55.00000000000001,85.0,37.35516322744017,10.224150390242208,12.861908063098603,14.269104774099363,73.66491620249597,1.0057620500292177,49.0,49.0,49.080018366244936,39.7620466950309,40.509303582934166,40.77628019583021,40.406759537895546,0.26569348333333326,0.37329652925395423,27.306119576911946,27.525597475131654,18.992174191049735,27.083177025888503,23.181198560363583,23.380719837955716,23.239157571545796,23.05800546062229,19.022096451346364,23.354291208903526,23.21247513998996,23.031060464457806,1.0,0.0,0.8333333333333334,0.25,0.0,19.022096451346364,23.21247513998996,27.083177025888503,17.40975956005898,22.08070518050186,26.000229578061727,2.5129395974625856e-16,4.677862478105333e-16,1.1226527738298692e-16,4.634007517373095e-15,3.134306841720354e-14,converged
2025-01-15T14:05:00+08:00,6.083333333333333,-2.0,180.0,2.5,48.6,48.6,42.8,42.8,35.0,55.00000000000001,85.0,37.18141828219627,10.176596202380615,12.802085234898144,14.202736844917506,72.98125478441332,0.9917933336618455,49.0,49.0,49.0,39.73244736077982,40.479966665882074,40.6921481859991,40.35641990408109,0.2636306,0.3724122301467599,27.313600993465926,27.53485366748162,19.00359236677867,27.08917969127939,23.190248731750664,23.391359837969073,23.24816951123534,23.065169244300954,19.033809981710444,23.364924398056907,23.22148096498693,23.038218641340695,1.0,0.0,0.8333333333333334,0.25,0.0,19.033809981710444,23.22148096498693,27.08917969127939,17.49111357669477,22.183886045831308,26.12172597795921,1.2682399433652287e-16,9.377940282551243e-16,0.0,9.377940282551243e-16,2.2755399442720173e-14,converged
2025-01-15T14:10:00+08:00,6.166666666666667,-2.0416666666666665,176.66666666666669,2.5104166666666665,48.6,48.6,42.8,42.8,35.0,55.00000000000001,85.0,37.18141828219627,10.176596202380615,12.802085234898144,14.202736844917506,72.98125478441332,0.9917933336618455,49.0,49.0,49.0,39.735708184523375,40.48286404682113,40.69505634049656,40.359420875062085,0.2657049916666667,0.372282932068506,27.3208295133823,27.543812285480655,19.014677250428292,27.094988643328563,23.199005554217894,23.40166322232867,23.256897560137464,23.07210712660054,19.04517382419963,23.37522104236969,23.230202957452885,23.045150963559408,1.0,0.0,0.8333333333333334,0.25,0.0,19.04517382419963,23.230202957452885,27.094988643328563,17.49111357669477,22.183886045831308,26.12172597795921,1.2682399433652287e-16,7.817664456177147e-16,0.0,3.635213972122373e-15,3.363285468750429e-14,converged
2025-01-15T14:15:00+08:00,6.25,-2.0833333333333335,173.33333333333331,2.5208333333333335,48.6,48.6,42.8,42.8,35.0,55.00000000000001,85.0,37.18141828219627,10.176596202380615,12.802085234898144,14.202736844917506,72.98125478441332,0.9917933336618455,49.0,49.0,49.0,39.73886470013649,40.485668014023624,40.697872747347695,40.362326086919744,0.2677793833333333,0.3721577598117611,27.32780595129605,27.55247423730734,19.02543034318409,27.10060441701015,23.207470224770255,23.411631292436223,23.265342761035317,23.07881989785441,19.056189732795488,23.385182441542067,23.238642158812837,23.051858220416644,1.0,0.0,0.8333333333333334,0.25,0.0,19.056189732795488,23.238642158812837,27.10060441701015,17.49111357669477,22.183886045831308,26.12172597795921,1.2682399433652287e-16,1.4076528956058359e-15,0.0,1.2512470183162986e-15,2.0549455762670523e-14,converged
2025-01-15T14:20:00+08:00,6.333333333333333,-2.125,170.0,2.53125,48.6,48.6,42.8,42.8,35.0,55.00000000000001,85.0,37.18141828219627,10.176596202380615,12.802085234898144,14.202736844917506,72.98125478441332,0.9917933336618455,48.79928908613559,49.0,49.0,39.619175900629784,40.48837892249159,40.70059777604351,40.331541450704215,0.269853775,0.371117239827734,27.334184888938676,27.560512406764484,19.03548940418616,27.10573074269861,23.215643935528366,23.421265344662057,23.27350615288171,23.085308345630885,19.066859452681882,23.394809890254916,23.24679960667065,23.05834119845669,1.0,0.0,0.8333333333333334,0.25,0.0,19.066859452681882,23.24679960667065,27.10573074269861,17.49111357669477,22.183886045831308,26.12172597795921,1.2682399433652287e-16,3.1368880055524433e-16,0.0,1.323374627342437e-16,2.9536317365247244e-14,converged
2025-01-15T14:25:00+08:00,6.416666666666667,-2.1666666666666665,166.66666666666669,2.5416666666666665,48.6,48.6,42.8,42.8,35.0,55.00000000000001,85.0,37.18141828219627,10.176596202380615,12.802085234898144,14.202736844917506,72.98125478441332,0.9917933336618455,48.6,48.77471088366651,49.0,39.500058800921636,40.34010718085705,40.703231794555144,40.24889307500826,0.2719281666666667,0.36898591279770093,27.33997125780741,27.56793151867399,19.044860950386866,27.110371481849192,23.223095329549906,23.430156866824785,23.280999436223077,23.091202441602814,19.077184720289093,23.404104678189203,23.25467633482306,23.064600681475078,1.0,0.0,0.8333333333333334,0.25,0.0,19.077184720289093,23.25467633482306,27.110371481849192,17.49111357669477,22.183886045831308,26.12172597795921,1.2682399433652287e-16,4.732510827212541e-16,0.0,1.1436901165763642e-15,3.933315249345639e-14,converged
2025-01-15T14:30:00+08:00,6.5,-2.2083333333333335,163.33333333333331,2.5520833333333335,48.6,48.6,42.8,42.8,35.0,55.00000000000001,85.0,37.18141828219627,10.176596202380615,12.802085234898144,14.202736844917506,72.98125478441332,0.9917933336618455,48.6,48.6,48.68973807823673,39.502646675390544,40.22543512438424,40.49201399097297,40.129436185680845,0.27400255833333337,0.3664346588866159,27.34551019015519,27.575058662888857,19.053908422760777,27.114822268861595,23.229925147094075,23.438401346994624,23.28791303458379,23.096588017557437,19.08653913192655,23.412505270483912,23.261738654590207,23.070128160082476,1.0,0.0,0.8333333333333334,0.25,0.0,19.08653913192655,23.261738654590207,27.114822268861595,17.49111357669477,22.183886045831308,26.12172597795921,1.2682399433652287e-16,1.270789419108487e-15,0.0,2.7916414045747475e-15,2.264483993834875e-14,converged
2025-01-15T14:35:00+08:00,6.583333333333333,-2.25,160.0,2.5625,48.8,48.8,42.9,42.9,35.0,55.00000000000001,85.0,37.26829075481823,10.200373296311414,12.831996648998375,14.235920809508439,73.32268708936483,0.9987614113198119,48.6,48.600000000000016,48.6,39.52129713415239,40.24350904233744,40.448128064231426,40.12400018425676,0.27607695,0.3660452165868357,27.35082679160551,27.58191751200509,19.062651048530743,27.119104695778923,23.23649191216536,23.446338427803635,23.29456952262272,23.101772217419025,19.095393483595,23.420435628829882,23.268389167739954,23.07530692945647,1.0,0.0,0.8333333333333334,0.25,0.0,19.095393483595,23.268389167739954,27.119104695778923,17.450341750175664,22.132175355747783,26.060836173814774,3.7870028817287894e-16,3.180353588893792e-16,0.0,6.990839472498754e-16,3.4094710767463376e-14,converged
2025-01-15T14:40:00+08:00,6.666666666666667,-2.2916666666666665,156.66666666666669,2.5729166666666665,48.8,48.8,42.9,42.9,35.0,55.00000000000001,85.0,37.26829075481823,10.200373296311414,12.831996648998375,14.235920809508439,73.32268708936483,0.9987614113198119,48.6,48.600000000000016,48.6,39.523685489232676,40.24562082352708,40.45027171404257,40.12619983736202,0.27815134166666666,0.3659502221891442,27.355897463817225,27.588486096038544,19.07107242804176,27.123198155994714,23.242775456432717,23.45394933664457,23.3009507669694,23.106737437985444,19.103912482999707,23.42803987416098,23.274764485404987,23.0802667580031,1.0,0.0,0.8333333333333334,0.25,0.0,19.103912482999707,23.274764485404987,27.123198155994714,17.450341750175664,22.132175355747783,26.060836173814774,3.7870028817287894e-16,6.362358308216283e-16,0.0,2.6125176626143684e-15,3.875208627529123e-14,converged
2025-01-15T14:45:00+08:00,6.75,-2.3333333333333335,153.33333333333331,2.5833333333333335,48.8,48.8,42.9,42.9,35.0,55.00000000000001,85.0,37.26829075481823,10.200373296311414,12.831996648998375,14.235920809508439,73.32268708936483,0.9987614113198119,48.6,48.600000000000016,48.6,39.52597274345317,40.2476423288975,40.452326841087086,40.12830692146168,0.28022573333333334,0.3658592254840484,27.360722999262663,27.594765301174444,19.079174008416345,27.12710317155945,23.248776935810152,23.461235334800662,23.307057778851654,23.11148444552952,19.11209781243253,23.43531926615136,23.280865617528598,23.085008411021338,1.0,0.0,0.8333333333333334,0.25,0.0,19.11209781243253,23.280865617528598,27.12710317155945,17.450341750175664,22.132175355747783,26.060836173814774,3.7870028817287894e-16,6.363940757427234e-16,0.0,1.6320059992198294e-15,3.1423046801809244e-14,converged
2025-01-15T14:50:00+08:00,6.833333333333333,-2.375,150.0,2.59375,48.8,48.8,42.9,42.9,35.0,55.00000000000001,85.0,37.26829075481823,10.200373296311414,12.831996648998375,14.235920809508439,73.32268708936483,0.9987614113198119,48.70198632999297,48.600000000000016,48.6,39.590597056625256,40.24957390156754,40.45429380169282,40.14741108570964,0.282300125,0.36623967799665574,27.365480230671018,27.600922795513505,19.087142111402457,27.13097117465451,23.254497501494022,23.46819767867785,23.312891565782106,23.11601400364266,19.11995114574613,23.44227505960944,23.286693570347673,23.089532651135105,1.0,0.0,0.8333333333333334,0.25,0.0,19.11995114574613,23.286693570347673,27.13097117465451,17.450341750175664,22.132175355747783,26.060836173814774,3.7870028817287894e-16,6.357329848242048e-16,0.0,2.3998672560135527e-15,5.765167466010669e-14,converged
2025-01-15T14:55:00+08:00,6.916666666666667,-2.4166666666666665,146.66666666666669,2.6041666666666665,48.8,48.8,42.9,42.9,35.0,55.00000000000001,85.0,37.26829075481823,10.200373296311414,12.831996648998375,14.235920809508439,73.32268708936483,0.9987614113198119,48.8,48.71471298577009,48.6,39.65278636262929,40.3283183748287,40.45617295072284,40.192263005028174,0.2843745166666667,0.36716696207269905,27.370162247960657,27.60695220903269,19.094969735974512,27.134796188616217,23.260158634772623,23.4750463709267,23.318651456133562,23.12051576327023,19.127474148396292,23.448908504496696,23.2922493464063,23.093840238302587,1.0,0.0,0.8333333333333334,0.25,0.0,19.127474148396292,23.2922493464063,27.134796188616217,17.450341750175664,22.132175355747783,26.060836173814774,3.7870028817287894e-16,3.1706371719763986e-16,0.0,5.186844738518613e-16,3.6225208574560055e-14,converged
2025-01-15T15:00:00+08:00,7.0,-2.4583333333333335,143.33333333333331,2.6145833333333335,48.8,48.8,42.9,42.9,35.0,55.00000000000001,85.0,37.26829075481823,10.200373296311414,12.831996648998375,14.235920809508439,73.32268708936483,0.9987614113198119,48.8,48.800000000000004,48.75756655304741,39.654901231725646,40.38733883025824,40.56661776498636,40.25535166089636,0.2864489083333333,0.36830987703936013,27.37460038086975,27.61269388975293,19.102480236106313,27.138433499552235,23.2657037236702,23.481728002183715,23.32428657640902,23.124941122013233,19.134987565839992,23.455506793294397,23.297805615247295,23.098190681640784,1.0,0.0,0.8333333333333334,0.25,0.0,19.134987565839992,23.297805615247295,27.138433499552235,17.450341750175664,22.132175355747783,26.060836173814774,3.7870028817287894e-16,4.741197389114298e-16,0.0,4.109561346953477e-15,4.900271070596521e-14,converged
2025-01-15T15:05:00+08:00,7.083333333333333,-2.5,140.0,2.625,49.0,49.0,43.0,43.0,35.0,55.00000000000001,85.0,37.35516322744018,10.22415039024221,12.861908063098605,14.269104774099366,73.66491620249595,1.0057620500292175,48.8,48.8,48.8,39.673136850293574,40.405037025330614,40.613404566891916,40.28430835522134,0.2885233,0.36861659904466265,27.37881982873181,27.618171588876983,19.109692824434045,27.141904787761106,23.270991049255677,23.488108314588327,23.3296693242792,23.1291685098098,19.142277106652873,23.46188117710445,23.30318304822909,23.102413182985263,1.0,0.0,0.8333333333333334,0.25,0.0,19.142277106652873,23.30318304822909,27.141904787761106,17.409759560058976,22.080705180501855,26.000229578061717,1.884704698096939e-16,3.158168192334431e-16,0.0,2.5215932916290836e-15,3.0806419573747187e-14,converged
2025-01-15T15:10:00+08:00,7.166666666666667,-2.5416666666666665,136.66666666666669,2.6354166666666665,49.0,49.0,43.0,43.0,35.0,55.00000000000001,85.0,37.35516322744018,10.22415039024221,12.861908063098605,14.269104774099366,73.66491620249595,1.0057620500292175,48.8,48.8,48.8,39.675056708549256,40.40673180323024,40.61513554995976,40.28607856769294,0.29059769166666666,0.36853997230333796,27.382796878108028,27.623363233837782,19.11659105465846,27.145189346867625,23.276000371543518,23.494168470021147,23.33478150415912,23.13318026353256,19.14923914049055,23.467935453195608,23.308289953847886,23.10642008313071,1.0,0.0,0.8333333333333334,0.25,0.0,19.14923914049055,23.308289953847886,27.145189346867625,17.409759560058976,22.080705180501855,26.000229578061717,1.884704698096939e-16,0.0,0.0,2.1556045500087305e-15,3.663831583835476e-14,converged
2025-01-15T15:15:00+08:00,7.25,-2.5833333333333335,133.33333333333331,2.6458333333333335,49.0,49.0,43.0,43.0,35.0,55.00000000000001,85.0,37.35516322744018,10.22415039024221,12.861908063098605,14.269104774099366,73.66491620249595,1.0057620500292175,48.8,48.8,48.8,39.67687727934492,40.40833804566043,40.61677982602574,40.28775800030995,0.29267208333333333,0.36846727512670996,27.386532310369162,27.628269698272916,19.12317634306075,27.148287692922736,23.280732825384742,23.49990970675828,23.339624110301067,23.1369771379023,19.15587531049868,23.473670858300146,23.313127325119925,23.110212135857857,1.0,0.0,0.8333333333333334,0.25,0.0,19.15587531049868,23.313127325119925,27.148287692922736,17.409759560058976,22.080705180501855,26.000229578061717,1.884704698096939e-16,9.478344185673054e-16,0.0,2.9856295954069134e-15,2.835218869909472e-14,converged
2025-01-15T15:20:00+08:00,7.333333333333333,-2.625,130.0,2.65625,49.0,49.0,43.0,43.0,35.0,55.00000000000001,85.0,37.35516322744018,10.22415039024221,12.861908063098605,14.269104774099366,73.66491620249595,1.0057620500292175,48.90360961759764,48.8,48.8,39.74210117504077,40.40985608917141,40.618337744017914,40.30672763900357,0.29474647499999995,0.36887366976275443,27.390205864969438,27.633061402235693,19.129637982038062,27.151353753676013,23.28518954099775,23.505333258286537,23.344198133303756,23.14055988499829,19.162187251579038,23.479088624372235,23.31769615141642,23.113790092312076,1.0,0.0,0.8333333333333334,0.25,0.0,19.162187251579038,23.31769615141642,27.151353753676013,17.409759560058976,22.080705180501855,26.000229578061717,1.884704698096939e-16,4.733950863251181e-16,0.0,4.543805947213651e-16,3.0176081833681675e-14,converged
2025-01-15T15:25:00+08:00,7.416666666666667,-2.6666666666666665,126.66666666666669,2.6666666666666665,49.0,49.0,43.0,43.0,35.0,55.00000000000001,85.0,37.35516322744018,10.22415039024221,12.861908063098605,14.269104774099366,73.66491620249595,1.0057620500292175,49.0,48.916771792779926,48.8,39.802899736555695,40.48964215152857,40.61980965143035,40.35140198364821,0.2968208666666667,0.3698222548022252,27.393805003324285,27.63772664144269,19.135963043335728,27.154376731588492,23.28959602589844,23.51065293901419,23.34870652795309,23.144121614420033,19.168176590430885,23.484189978606402,23.321997418476926,23.117154701012602,1.0,0.0,0.8333333333333334,0.25,0.0,19.168176590430885,23.321997418476926,27.154376731588492,17.409759560058976,22.080705180501855,26.000229578061717,1.884704698096939e-16,3.1478722633712726e-16,0.0,6.071077223577917e-15,3.5595593838874377e-14,converged
2025-01-15T15:30:00+08:00,7.5,-2.7083333333333335,123.33333333333331,2.6770833333333335,49.0,49.0,43.0,43.0,35.0,55.00000000000001,85.0,37.35516322744018,10.22415039024221,12.861908063098605,14.269104774099366,73.66491620249595,1.0057620500292175,49.0,49.0,48.95999081687753,39.804553166031866,40.546924949202015,40.731616290344846,40.41428623929194,0.2988952583333333,0.3709860816931753,27.39716374275904,27.642108307819033,19.141977745115852,27.157214219364317,23.293887702951192,23.515807790511452,23.353091253873785,23.147606902659554,19.174169036089882,23.48926661099966,23.326308073941508,23.12056955056596,1.0,0.0,0.8333333333333334,0.25,0.0,19.174169036089882,23.326308073941508,27.157214219364317,17.409759560058976,22.080705180501855,26.000229578061717,1.884704698096939e-16,1.5689985092650498e-16,0.0,3.604414249658382e-15,3.328891058203016e-14,converged
2025-01-15T15:35:00+08:00,7.583333333333333,-2.75,120.0,2.6875,49.2,49.2,43.1,43.1,35.0,55.00000000000001,85.0,37.44203570006213,10.247927484173005,12.891819477198831,14.302288738690294,74.00794212380667,1.0127953256899493,49.0,49.0,49.0,39.82238987956464,40.564262626456916,40.77639354206667,40.44224200386626,0.30096965000000003,0.3712989971909504,27.400307382965888,27.646230239379395,19.147701291353375,27.159887989494738,23.297926785874523,23.520667273392974,23.35722824915969,23.150897559465875,19.179940380483174,23.494120902310723,23.330440370055026,23.123855832453845,1.0,0.0,0.8333333333333334,0.25,0.0,19.179940380483174,23.330440370055026,27.159887989494738,17.369365686369743,22.029473845976334,25.939904219411925,1.2506460763315014e-16,9.406057331773385e-16,0.0,1.9675024214726618e-15,3.8972269129599824e-14,converged
2025-01-15T15:40:00+08:00,7.666666666666667,-2.7916666666666665,116.66666666666669,2.6979166666666665,49.2,49.2,43.1,43.1,35.0,55.00000000000001,85.0,37.44203570006213,10.247927484173005,12.891819477198831,14.302288738690294,74.00794212380667,1.0127953256899493,49.0,49.0,49.0,39.82385270181268,40.56555135025963,40.777723249262806,40.4435940336438,0.3030440416666667,0.3712403361139728,27.403212089116177,27.65007025314208,19.153117184764444,27.162377232058414,23.301692957772783,23.525212477739174,23.361099251211435,23.15397585849632,19.185391831307477,23.498660955031983,23.334306706272965,23.12692978404991,1.0,0.0,0.8333333333333334,0.25,0.0,19.185391831307477,23.334306706272965,27.162377232058414,17.369365686369743,22.029473845976334,25.939904219411925,1.2506460763315014e-16,3.1358478727159295e-16,0.0,3.4424639103170894e-15,3.096381168202508e-14,converged
2025-01-15T15:45:00+08:00,7.75,-2.8333333333333335,113.33333333333331,2.7083333333333335,49.2,49.2,43.1,43.1,35.0,55.00000000000001,85.0,37.44203570006213,10.247927484173005,12.891819477198831,14.302288738690294,74.00794212380667,1.0127953256899493,49.0,49.0,49.0,39.82521800847655,40.56675323724646,40.778968018466735,40.44485702913628,0.3051184333333333,0.37118553800446435,27.405878631683926,27.65362921041459,19.158226811603964,27.164682457201422,23.305187332935745,23.52944461933683,23.364705237668986,23.15684254315555,19.190524993714874,23.502887983469446,23.33790805904619,23.129792147851507,1.0,0.0,0.8333333333333334,0.25,0.0,19.190524993714874,23.33790805904619,27.164682457201422,17.369365686369743,22.029473845976334,25.939904219411925,1.2506460763315014e-16,7.840777044601254e-16,0.0,2.3703274733076082e-15,3.565366028474515e-14,converged
2025-01-15T15:50:00+08:00,7.833333333333333,-2.875,110.0,2.71875,49.2,49.2,43.1,43.1,35.0,55.00000000000001,85.0,37.44203570006213,10.247927484173005,12.891819477198831,14.302288738690294,74.00794212380667,1.0127953256899493,49.10522537254521,49.0,49.0,39.891050211489414,40.56786861755555,40.78012819140024,40.46370258705752,0.307192825,0.37161744867638574,27.408489647221288,27.65708027410891,19.163222423652517,27.166960079916496,23.308411021103556,23.533364909269444,23.36804718257906,23.159498354245766,19.195341464803157,23.506803197236703,23.34124540124061,23.132443663759556,1.0,0.0,0.8333333333333334,0.25,0.0,19.195341464803157,23.34124540124061,27.166960079916496,17.369365686369743,22.029473845976334,25.939904219411925,1.2506460763315014e-16,7.83166413751419e-16,0.0,4.352575071413304e-15,6.224699029427132e-14,converged
2025-01-15T15:55:00+08:00,7.916666666666667,-2.9166666666666665,106.66666666666669,2.7291666666666665,49.2,49.2,43.1,43.1,35.0,55.00000000000001,85.0,37.44203570006213,10.247927484173005,12.891819477198831,14.302288738690294,74.00794212380667,1.0127953256899493,49.2,49.11882104616095,49.0,39.950471548887926,40.64870297951165,40.78120410838114,40.508209665872194,0.3092672166666667,0.37258692315696273,27.411026987686164,27.660406423740326,19.168085189938108,27.169194498015564,23.31159354103533,23.537190959556227,23.37133165357929,23.162139847000784,19.19984283365626,23.510407801273054,23.34431970215033,23.134885069087613,1.0,0.0,0.8333333333333334,0.25,0.0,19.19984283365626,23.34431970215033,27.169194498015564,17.369365686369743,22.029473845976334,25.939904219411925,1.2506460763315014e-16,6.249028862341021e-16,0.0,4.847560231465458e-16,2.973127471757142e-14,converged
2025-01-15T16:00:00+08:00,8.0,-2.9583333333333335,103.33333333333331,2.7395833333333335,49.2,49.2,43.1,43.1,35.0,55.00000000000001,85.0,37.44203570006213,10.247927484173005,12.891819477198831,14.302288738690294,74.00794212380667,1.0127953256899493,49.2,49.2,49.16240383122352,39.95167483466087,40.7042625444613,40.89437853502352,40.57089985754298,0.31134160833333335,0.3737712546616245,27.413327349187043,27.663453086825136,19.17264418199132,27.17124560318328,23.31466238127873,23.540854291947042,23.374493471058855,23.16470480300941,19.20435975364012,23.513997966327604,23.347412171468182,23.137384016549465,1.0,0.0,0.8333333333333334,0.25,0.0,19.20435975364012,23.347412171468182,27.17124560318328,17.369365686369743,22.029473845976334,25.939904219411925,1.2506460763315014e-16,6.229228191040305e-16,0.0,1.451168800098617e-15,3.907251890868087e-14,converged
2025-01-15T16:05:00+08:00,8.083333333333334,-3.0,100.0,2.75,49.4,49.4,43.2,43.2,35.0,55.00000000000001,85.0,37.52890817268408,10.271704578103801,12.921730891299063,14.335472703281223,74.35176485329698,1.0198613142018942,49.2,49.2,49.2,39.96912815777352,40.72125448596298,40.93716626759405,40.59787167995699,0.313416,0.3740900600588175,27.41541613820245,27.666244196138944,19.176918600821274,27.173135263916084,23.317483679311646,23.544228078464805,23.37741210546393,23.167078402715042,19.20865814683044,23.517367243835892,23.35032667990096,23.139753721595365,1.0,0.0,0.8333333333333334,0.25,0.0,19.20865814683044,23.35032667990096,27.173135263916084,17.329158821354998,21.978479693555087,25.87985814482995,1.8672941244326772e-16,3.1119597726983454e-16,0.0,1.1594767590662153e-15,2.8797333781532086e-14,converged
2025-01-15T16:10:00+08:00,8.166666666666666,-3.041666666666667,96.66666666666664,2.760416666666667,49.4,49.4,43.2,43.2,35.0,55.00000000000001,85.0,37.52890817268408,10.271704578103801,12.921730891299063,14.335472703281223,74.35176485329698,1.0198613142018942,49.2,49.2,49.2,39.9701451374949,40.72214783609883,40.938105789970365,40.59881650474442,0.3154903916666667,0.37404897144117233,27.417269392437156,27.66875745070447,19.180891894008482,27.17484256309191,23.32003703628627,23.547293331342193,23.3800692225616,23.169242853394074,19.212644034745487,23.520428018721503,23.35297969735837,23.14191429990405,1.0,0.0,0.8333333333333334,0.25,0.0,19.212644034745487,23.35297969735837,27.17484256309191,17.329158821354998,21.978479693555087,25.87985814482995,1.8672941244326772e-16,0.0,0.0,7.033646812398603e-16,3.4107583706618495e-14,converged
2025-01-15T16:15:00+08:00,8.25,-3.083333333333333,93.33333333333336,2.770833333333333,49.4,49.4,43.2,43.2,35.0,55.00000000000001,85.0,37.52890817268408,10.271704578103801,12.921730891299063,14.335472703281223,74.35176485329698,1.0198613142018942,49.2,49.2,49.2,39.971066332966394,40.72295600737826,40.93896209784167,40.59967399831965,0.3175647833333333,0.3740116806904277,27.41888787166976,27.670993699713215,19.1845654185754,27.176368005045273,23.32232354642125,23.550051244383152,23.38246578373521,23.171198887366288,19.216318985662927,23.523181483368575,23.35537218408012,23.14386648291978,1.0,0.0,0.8333333333333334,0.25,0.0,19.216318985662927,23.35537218408012,27.176368005045273,17.329158821354998,21.978479693555087,25.87985814482995,1.8672941244326772e-16,6.225223854614994e-16,0.0,2.8422504279419056e-15,2.896368604729462e-14,converged
2025-01-15T16:20:00+08:00,8.333333333333334,-3.125,90.0,2.78125,49.4,49.4,43.2,43.2,35.0,55.00000000000001,85.0,37.52890817268408,10.271704578103801,12.921730891299063,14.335472703281223,74.35176485329698,1.0198613142018942,49.3068336471458,49.2,49.2,40.03751530942266,40.723679323680166,40.93973552591177,40.61840564401611,0.319639175,0.374468690169238,27.42045709996728,27.67312883988343,19.1881343744714,27.177870483726334,23.324344299466667,23.55250300677246,23.38460274683389,23.1729472343873,19.219684559990178,23.525628825552598,23.35750509677975,23.1456109995285,1.0,0.0,0.8333333333333334,0.25,0.0,19.219684559990178,23.35750509677975,27.177870483726334,17.329158821354998,21.978479693555087,25.87985814482995,1.8672941244326772e-16,4.663219845202087e-16,0.0,3.3984471656824e-15,3.649858916647806e-14,converged
2025-01-15T16:25:00+08:00,8.416666666666666,-3.166666666666667,86.66666666666664,2.791666666666667,49.4,49.4,43.2,43.2,35.0,55.00000000000001,85.0,37.52890817268408,10.271704578103801,12.921730891299063,14.335472703281223,74.35176485329698,1.0198613142018942,49.4,49.3208608122578,49.2,40.09557267429572,40.805568443834666,40.94042640750979,40.66275549242502,0.32171356666666673,0.3754586513458239,27.42195333878153,27.675140552499066,19.19157405235637,27.179329608445368,23.326332810516345,23.554870014064996,23.38669027885672,23.174687882375476,19.222742310303904,23.527771228458228,23.35937938865758,23.1471485760668,1.0,0.0,0.8333333333333334,0.25,0.0,19.222742310303904,23.35937938865758,27.179329608445368,17.329158821354998,21.978479693555087,25.87985814482995,1.8672941244326772e-16,7.751540776171122e-16,0.0,1.0292571382016228e-15,5.773492558217218e-14,converged
2025-01-15T16:30:00+08:00,8.5,-3.208333333333333,83.33333333333336,2.802083333333333,49.4,49.4,43.2,43.2,35.0,55.00000000000001,85.0,37.52890817268408,10.271704578103801,12.921730891299063,14.335472703281223,74.35176485329698,1.0198613142018942,49.4,49.4,49.3648056742068,40.09633684885361,40.85941892505437,41.05497430965891,40.72526168407003,0.3237879583333333,0.37666308887405986,27.423215954239623,27.676876792391774,19.19471636635797,27.18060756228694,23.32820866446191,23.55707629726319,23.388656088439046,23.17635184407146,19.225827815142534,23.529909326909305,23.361280515499775,23.148750914056833,1.0,0.0,0.8333333333333334,0.25,0.0,19.225827815142534,23.361280515499775,27.18060756228694,17.329158821354998,21.978479693555087,25.87985814482995,1.8672941244326772e-16,1.545350809060284e-16,0.0,3.6615066713581326e-16,3.4545671410204407e-14,converged
2025-01-15T16:35:00+08:00,8.583333333333334,-3.25,80.0,2.8125,49.6,49.6,43.3,43.3,35.0,55.00000000000001,85.0,37.61578064530604,10.295481672034597,12.951642305399291,14.36865666787215,74.69638439096684,1.026960091464938,49.4,49.4,49.4,40.11342188618984,40.87607950080487,41.09579208757848,40.75126611961741,0.32586234999999997,0.37698748732765447,27.424270465818694,27.6783615947972,19.19758051999252,27.181726313443292,23.32984191350626,23.558998732556883,23.390383170194834,23.177827661438872,19.228697173012982,23.53182788359173,23.363004003679002,23.150223286937294,1.0,0.0,0.8333333333333334,0.25,0.0,19.228697173012982,23.363004003679002,27.181726313443292,17.28913766934263,21.927721079944106,25.82008941932226,1.858679168794564e-16,9.264126190407514e-16,1.5559495480648014e-16,1.976007808181161e-15,3.130046550892154e-14,converged
2025-01-15T16:40:00+08:00,8.666666666666666,-3.291666666666667,76.66666666666664,2.822916666666667,49.6,49.6,43.3,43.3,35.0,55.00000000000001,85.0,37.61578064530604,10.295481672034597,12.951642305399291,14.36865666787215,74.69638439096684,1.026960091464938,49.4,49.4,49.4,40.11400395587471,40.87658789544522,41.09635222431216,40.75181444389418,0.3279367416666667,0.37696358655857065,27.425092777890114,27.679572533406112,19.20014990173662,27.182664834056943,23.331212072014193,23.560618248516707,23.391853113813905,23.179097472328397,19.23126119536331,23.533443543396793,23.364470373319982,23.15148967062458,1.0,0.0,0.8333333333333334,0.25,0.0,19.23126119536331,23.364470373319982,27.182664834056943,17.28913766934263,21.927721079944106,25.82008941932226,1.858679168794564e-16,4.632356783704099e-16,1.5559495480648014e-16,1.5233653331440284e-15,3.902814050887249e-14,converged
2025-01-15T16:45:00+08:00,8.75,-3.333333333333333,73.33333333333336,2.833333333333333,49.6,49.6,43.3,43.3,35.0,55.00000000000001,85.0,37.61578064530604,10.295481672034597,12.951642305399291,14.36865666787215,74.69638439096684,1.026960091464938,49.4,49.4,49.4,40.11449193306085,40.877012729472746,41.09683082570511,40.752277098592224,0.3300111333333333,0.3769434200192222,27.425683639734945,27.680510445504666,19.202425840153488,27.183423622742822,23.332320214612047,23.561936017459225,23.393066864771317,23.180161998201648,19.233521414683437,23.53475747728016,23.365680568798147,23.15255078573562,1.0,0.0,0.8333333333333334,0.25,0.0,19.233521414683437,23.365680568798147,27.183423622742822,17.28913766934263,21.927721079944106,25.82008941932226,1.858679168794564e-16,7.721007692679596e-16,1.5559495480648014e-16,5.947566977905865e-15,2.6764149605134663e-14,converged
2025-01-15T16:50:00+08:00,8.833333333333334,-3.375,70.0,2.84375,49.6,49.6,43.3,43.3,35.0,55.00000000000001,85.0,37.61578064530604,10.295481672034597,12.951642305399291,14.36865666787215,74.69638439096684,1.026960091464938,49.50843449322629,49.4,49.4,40.181565896732515,40.87735432065631,41.09722821962648,40.77090473133768,0.33208552500000005,0.3774251197423357,27.42623145339582,27.68135395260625,19.20460647219773,27.184164044161847,23.333167411536724,23.56295320716406,23.3940253650657,23.181021957993593,19.235479355771663,23.535770851670758,23.36663553102032,23.153407350366376,1.0,0.0,0.8333333333333334,0.25,0.0,19.235479355771663,23.36663553102032,27.184164044161847,17.28913766934263,21.927721079944106,25.82008941932226,1.858679168794564e-16,0.0,1.5559495480648014e-16,3.7788359002856825e-15,3.939591124404803e-14,converged
2025-01-15T16:55:00+08:00,8.916666666666666,-3.416666666666667,66.66666666666664,2.854166666666667,49.6,49.6,43.3,43.3,35.0,55.00000000000001,85.0,37.61578064530604,10.295481672034597,12.951642305399291,14.36865666787215,74.69638439096684,1.026960091464938,49.6,49.52289115680224,49.4,40.23827227813325,40.960304412117225,41.09754473259922,40.81510711825915,0.33415991666666667,0.37843517345578653,27.426706908676522,27.68207545564489,19.206661234349426,27.18486093519186,23.3339911593838,23.563894982717628,23.394942367637885,23.18188075942704,19.237136535773264,23.536484828488266,23.367336197437446,23.154060080100685,1.0,0.0,0.8333333333333334,0.25,0.0,19.237136535773264,23.367336197437446,27.18486093519186,17.28913766934263,21.927721079944106,25.82008941932226,1.858679168794564e-16,1.0766801158399079e-15,1.5559495480648014e-16,8.669262754479158e-16,4.3359280635872895e-14,converged
2025-01-15T17:00:00+08:00,9.0,-3.458333333333333,63.33333333333336,2.864583333333333,49.6,49.6,43.3,43.3,35.0,55.00000000000001,85.0,37.61578064530604,10.295481672034597,12.951642305399291,14.36865666787215,74.69638439096684,1.026960091464938,49.6,49.6,49.56719642322712,40.23860811678546,41.01245968897383,41.21347153049289,40.87743910840241,0.3362343083333333,0.37965932694760396,27.42695203299754,27.682525428528763,19.208424872610337,27.185378762771897,23.334703169868558,23.564677913276252,23.395738496691404,23.182662672299966,19.238833439331934,23.537204490039723,23.368072254054095,23.15478471005299,1.0,0.0,0.8333333333333334,0.25,0.0,19.238833439331934,23.368072254054095,27.185378762771897,17.28913766934263,21.927721079944106,25.82008941932226,1.858679168794564e-16,3.066310072319152e-16,1.5559495480648014e-16,8.970425211628341e-17,5.61388035241748e-14,converged
2025-01-15T17:05:00+08:00,9.083333333333334,-3.5,60.0,2.875,49.8,49.8,43.4,43.4,35.0,55.00000000000001,85.0,37.702653117928,10.319258765965394,12.981553719499523,14.401840632463085,75.04180073681627,1.0340917333789685,49.6,49.6,49.6,40.255339573320995,41.02880286757239,41.25233846431802,40.902492291379055,0.3383087,0.37998902822413405,27.42699246483698,27.682728016408852,19.209916598261866,27.185739598361593,23.33517740074675,23.565182571787833,23.39630026271455,23.18325959086747,19.240316387165628,23.53770585039736,23.368630919747954,23.155378605372604,1.0,0.0,0.8333333333333334,0.25,0.0,19.240316387165628,23.368630919747954,27.185739598361593,17.249300946602208,21.877196376994924,25.76059612572935,3.700247389816348e-16,1.072277345213078e-15,0.0,2.573642685387576e-16,2.6502004016000156e-14,converged
2025-01-15T17:10:00+08:00,9.166666666666666,-3.541666666666667,56.66666666666664,2.885416666666667,49.8,49.8,43.4,43.4,35.0,55.00000000000001,85.0,37.702653117928,10.319258765965394,12.981553719499523,14.401840632463085,75.04180073681627,1.0340917333789685,49.6,49.6,49.6,40.25549741065868,41.02893646897807,41.25252973044266,40.902654553233184,0.3403830916666667,0.37998193909856637,27.42680396957052,27.682660660546194,19.211119736884918,27.185922299950455,23.33539327496087,23.56538979757287,23.396609175046443,23.183653580627162,19.241500957079477,23.53790979227784,23.368936744879544,23.155769584348583,1.0,0.0,0.8333333333333334,0.25,0.0,19.241500957079477,23.368936744879544,27.185922299950455,17.249300946602208,21.877196376994924,25.76059612572935,3.700247389816348e-16,1.5318533573346624e-16,0.0,1.4553044948901838e-15,3.159403751176782e-14,converged
2025-01-15T17:15:00+08:00,9.25,-3.583333333333333,53.33333333333336,2.895833333333333,49.8,49.8,43.4,43.4,35.0,55.00000000000001,85.0,37.702653117928,10.319258765965394,12.981553719499523,14.401840632463085,75.04180073681627,1.0340917333789685,49.6,49.6,49.6,40.255562808600786,41.028988089253524,41.252641097235376,40.90273276673337,0.34245748333333326,0.37997852199645776,27.42638728617617,27.682324186528845,19.212035589336573,27.185927360524477,23.335351848012692,23.565300741945165,23.396666163594993,23.183845352404752,19.24238864683075,23.537817465691017,23.368990658299758,23.15595835699183,1.0,0.0,0.8333333333333334,0.25,0.0,19.24238864683075,23.368990658299758,27.185927360524477,17.249300946602208,21.877196376994924,25.76059612572935,3.700247389816348e-16,1.5318671331115402e-16,0.0,2.6345454443438174e-15,2.7359893886553834e-14,converged
2025-01-15T17:20:00+08:00,9.333333333333334,-3.625,50.0,2.90625,49.8,49.8,43.4,43.4,35.0,55.00000000000001,85.0,37.702653117928,10.319258765965394,12.981553719499523,14.401840632463085,75.04180073681627,1.0340917333789685,49.71002796213591,49.6,49.6,40.32326972706343,41.02895804020321,41.25267288590909,40.921266023311595,0.344531875,0.38048451187973875,27.425933685176492,27.681899931695288,19.212865218464174,27.1859186072475,23.33505417109179,23.564916551761975,23.39647215484824,23.183835614536044,19.24298094665847,23.537430016200062,23.3687935854472,23.1559456308289,1.0,0.0,0.8333333333333334,0.25,0.0,19.24298094665847,23.3687935854472,27.1859186072475,17.249300946602208,21.877196376994924,25.76059612572935,3.700247389816348e-16,3.0596599386345235e-16,0.0,9.847413740506932e-17,3.509322122455237e-14,converged
2025-01-15T17:25:00+08:00,9.416666666666666,-3.666666666666667,46.66666666666664,2.916666666666667,49.8,49.8,43.4,43.4,35.0,55.00000000000001,85.0,37.702653117928,10.319258765965394,12.981553719499523,14.401840632463085,75.04180073681627,1.0340917333789685,49.8,49.7249121449202,49.6,40.378637857598605,41.11297507684396,41.25262541635821,40.96533045789613,0.3466062666666667,0.3815142723697944,27.425408303492517,27.681355034423028,19.213572230597,27.185866120556394,23.334741707537674,23.564466147707893,23.396244474339273,23.183831181737354,19.243279339321163,23.53674858493867,23.368346448360732,23.155732110910684,1.0,0.0,0.8333333333333334,0.25,0.0,19.243279339321163,23.368346448360732,27.185866120556394,17.249300946602208,21.877196376994924,25.76059612572935,3.700247389816348e-16,1.0679905206779129e-15,0.0,2.4340749718132505e-15,5.505889589618794e-14,converged
2025-01-15T17:30:00+08:00,9.5,-3.708333333333333,43.33333333333336,2.927083333333333,49.8,49.8,43.4,43.4,35.0,55.00000000000001,85.0,37.702653117928,10.319258765965394,12.981553719499523,14.401840632463085,75.04180073681627,1.0340917333789685,49.8,49.8,49.76957615497083,40.37855588457296,41.16344876533556,41.36993627023937,41.02749778634474,0.34868065833333334,0.3827577601092316,27.424655821151944,27.68054247949477,19.21399419293635,27.185636643734203,23.334318326189493,23.56385866582429,23.39589668900333,23.183749606621085,19.243629196591073,23.53608268519089,23.36794314747238,23.155597550810107,1.0,0.0,0.8333333333333334,0.25,0.0,19.243629196591073,23.36794314747238,27.185636643734203,17.249300946602208,21.877196376994924,25.76059612572935,3.700247389816348e-16,6.082976438868915e-16,0.0,2.55959312082308e-15,4.513706935856441e-14,converged
2025-01-15T17:35:00+08:00,9.583333333333334,-3.75,40.0,2.9375,50.0,50.0,43.5,43.5,35.0,55.00000000000001,85.0,37.78952559054994,10.343035859896188,13.01146513359975,14.435024597054008,75.38801389084534,1.0412563158438723,49.8,49.8,49.8,40.39494807565675,41.179488124367616,41.40687102882101,41.05161544104885,0.35075505,0.3830924804471324,27.42370200143166,27.679486529194246,19.214150329578562,27.185252354963282,23.33366188105211,23.562978368247396,23.395318816805354,23.18348612645346,19.243767106685358,23.535199622122335,23.36736263064579,23.155331440816372,1.0,0.0,0.8333333333333334,0.25,0.0,19.243767106685358,23.36736263064579,27.185252354963282,17.209647381207724,21.82690397153057,25.701376364520783,2.455502875258724e-16,3.0388307724301673e-16,0.0,3.3422756404367625e-16,3.552079607401132e-14,converged
2025-01-15T17:40:00+08:00,9.666666666666666,-3.791666666666667,36.66666666666664,2.947916666666667,50.0,50.0,43.5,43.5,35.0,55.00000000000001,85.0,37.78952559054994,10.343035859896188,13.01146513359975,14.435024597054008,75.38801389084534,1.0412563158438723,49.8,49.8,49.8,40.39469210957463,41.17925684508453,41.406703662749784,41.0514018188368,0.3528294416666667,0.38310183498139455,27.42252246524857,27.678164485487667,19.21402389958744,27.18469199477686,23.332751699204778,23.561805999678878,23.394492282625666,23.183022731565735,19.243613390504073,23.534024494446342,23.366533458752418,23.154865423924566,1.0,0.0,0.8333333333333334,0.25,0.0,19.243613390504073,23.366533458752418,27.18469199477686,17.209647381207724,21.82690397153057,25.701376364520783,2.455502875258724e-16,3.0387565706279787e-16,0.0,1.1140652843853302e-16,3.285595946643213e-14,converged
2025-01-15T17:45:00+08:00,9.75,-3.833333333333333,33.33333333333336,2.958333333333333,50.0,50.0,43.5,43.5,35.0,55.00000000000001,85.0,37.78952559054994,10.343035859896188,13.01146513359975,14.435024597054008,75.38801389084534,1.0412563158438723,49.8,49.8,49.8,40.3943453194645,41.17894512632489,41.40645799133617,41.05110573009155,0.3549038333333333,0.38311480073193804,27.421117941468797,27.676577162468913,19.213616176847427,27.183956050621347,23.331588817481613,23.56034269090381,23.393418001139096,23.182360122365587,19.243169512096266,23.532558431699055,23.365456545451323,23.154200199756552,1.0,0.0,0.8333333333333334,0.25,0.0,19.243169512096266,23.365456545451323,27.183956050621347,17.209647381207724,21.82690397153057,25.701376364520783,2.455502875258724e-16,0.0,0.0,3.7134280790683715e-17,3.2010314377256687e-14,converged
2025-01-15T17:50:00+08:00,9.833333333333334,-3.875,30.0,2.96875,50.0,50.0,43.5,43.5,35.0,55.00000000000001,85.0,37.78952559054994,10.343035859896188,13.01146513359975,14.435024597054008,75.38801389084534,1.0412563158438723,49.9116141047517,49.8,49.8,40.462692920104395,41.178553274070914,41.40613432931048,41.069553991407865,0.356978225,0.38364468898587284,27.419682559642506,27.674908604372366,19.213131139037127,27.183210803994292,23.330174268479954,23.55858956832931,23.39209688365595,23.181498996806788,19.242436928161027,23.530802559048226,23.364132801044406,23.1533364654857,1.0,0.0,0.8333333333333334,0.25,0.0,19.242436928161027,23.364132801044406,27.183210803994292,17.209647381207724,21.82690397153057,25.701376364520783,2.455502875258724e-16,9.103370267004138e-16,0.0,1.888457830376988e-15,3.756166409470872e-14,converged
2025-01-15T17:55:00+08:00,9.916666666666666,-3.916666666666667,26.666666666666643,2.979166666666667,50.0,50.0,43.5,43.5,35.0,55.00000000000001,85.0,37.78952559054994,10.343035859896188,13.01146513359975,14.435024597054008,75.38801389084534,1.0412563158438723,50.0,49.92692384113878,49.8,40.51673528187736,41.26364299663564,41.40573299011149,41.113489729605014,0.3590526166666667,0.3846937787081975,27.418175922481037,27.673120704724965,19.212526586206355,27.182421594805753,23.32875346760019,23.556779294375197,23.390749815021866,23.180649563856957,19.241417088084393,23.52875799731011,23.362563132488752,23.152274915845457,1.0,0.0,0.8333333333333334,0.25,0.0,19.241417088084393,23.362563132488752,27.182421594805753,17.209647381207724,21.82690397153057,25.701376364520783,2.455502875258724e-16,3.026181557129874e-16,0.0,1.607983553314058e-15,3.198451159740146e-14,converged
2025-01-15T18:00:00+08:00,10.0,-3.958333333333333,23.333333333333357,2.989583333333333,50.0,50.0,43.5,43.5,35.0,55.00000000000001,85.0,37.78952559054994,10.343035859896188,13.01146513359975,14.435024597054008,75.38801389084534,1.0412563158438723,50.0,50.0,49.97194494541916,40.51624577626866,41.31244845550047,41.524432807569575,41.175501683984876,0.3611270083333333,0.38595622714130123,27.416445353972033,27.671068951018565,19.21164289612977,27.181457435207097,23.327222470927538,23.554813600530267,23.389283331910086,23.179722684552736,19.240460231880885,23.526738674324427,23.361045638936364,23.15129930781511,1.0,0.0,0.8333333333333334,0.25,0.0,19.240460231880885,23.361045638936364,27.181457435207097,17.209647381207724,21.82690397153057,25.701376364520783,2.455502875258724e-16,6.032566060104758e-16,0.0,2.6832617971698323e-15,4.828717607668809e-14,converged
2025-01-15T18:05:00+08:00,10.083333333333334,-4.0,20.0,3.0,50.2,50.2,43.6,43.6,35.0,55.00000000000001,85.0,37.8763980631719,10.366812953826983,13.04137654769998,14.468208561644937,75.73502385305395,1.048453914759536,50.0,50.0,50.0,40.53231263740872,41.328197191663094,41.559453629951214,41.19869913542664,0.3632014,0.3862956891160465,27.414516747789616,27.66877772965502,19.21049931056728,27.180340613445193,23.325463019286573,23.552580430394936,23.38759095126487,23.178616929842402,19.239293260074255,23.52450322563679,23.35935103336597,23.150191289964788,1.0,0.0,0.8333333333333334,0.25,0.0,19.239293260074255,23.35935103336597,27.180340613445193,17.170175712902203,21.77684226517385,25.642428253592982,2.444252017774346e-16,6.027264870251382e-16,1.545243473192796e-16,7.735015322681641e-16,4.211572542153202e-14,converged
2025-01-15T18:10:00+08:00,10.166666666666666,-4.041666666666667,19.58333333333333,3.004166666666667,50.2,50.2,43.6,43.6,35.0,55.00000000000001,85.0,37.8763980631719,10.366812953826983,13.04137654769998,14.468208561644937,75.73502385305395,1.048453914759536,50.0,50.0,50.0,40.53168095298568,41.32763435314255,41.55895995571939,41.19814387341217,0.3640590166666667,0.38632005998187824,27.412511172791287,27.666408125163237,19.20922743301078,27.179157932659496,23.323599874754496,23.550244282525195,23.385802485757637,23.177422355598274,19.237986680617418,23.522164798449765,23.35756034417758,23.148994456138777,1.0,0.0,0.8333333333333334,0.25,0.0,19.237986680617418,23.35756034417758,27.179157932659496,17.170175712902203,21.77684226517385,25.642428253592982,2.444252017774346e-16,1.506721160588913e-16,1.545243473192796e-16,1.1049340290402979e-16,3.068221212847527e-14,converged
2025-01-15T18:15:00+08:00,10.25,-4.083333333333333,19.16666666666667,3.0083333333333333,50.2,50.2,43.6,43.6,35.0,55.00000000000001,85.0,37.8763980631719,10.366812953826983,13.04137654769998,14.468208561644937,75.73502385305395,1.048453914759536,50.0,50.0,50.0,40.53101569331648,41.327039764859194,41.558434120211366,41.19755620480618,0.3649166333333333,0.3863458531972922,27.41042887760443,27.663960377433472,19.20782784190898,27.17790957524083,23.321633461131615,23.54780555568996,23.383918288895895,23.176139273064326,19.236541194468668,23.519723791104326,23.355673924492084,23.1477091172322,1.0,0.0,0.8333333333333334,0.25,0.0,19.236541194468668,23.355673924492084,27.17790957524083,17.170175712902203,21.77684226517385,25.642428253592982,2.444252017774346e-16,1.5066205688958943e-16,1.545243473192796e-16,1.8414365004796346e-16,3.2656640702695966e-14,converged
2025-01-15T18:20:00+08:00,10.333333333333334,-4.125,18.75,3.0125,50.2,50.2,43.6,43.6,35.0,55.00000000000001,85.0,37.8763980631719,10.366812953826983,13.04137654769998,14.468208561644937,75.73502385305395,1.048453914759536,50.113192971483926,50.0,50.0,40.60015051756791,41.32641354737618,41.557876254107455,41.21604977247079,0.36577425,0.3868939378989961,27.408466372602103,27.66162066752013,19.2065067526009,27.17676397011526,23.319564200486134,23.545264647113957,23.381938712886555,23.174767992393857,19.23495749906685,23.517180600400582,23.35369212613262,23.146335583051915,1.0,0.0,0.8333333333333334,0.25,0.0,19.23495749906685,23.35369212613262,27.17676397011526,17.170175712902203,21.77684226517385,25.642428253592982,2.444252017774346e-16,7.522431241693855e-16,1.545243473192796e-16,8.418848731657955e-16,4.2268082425398195e-14,converged
2025-01-15T18:25:00+08:00,10.416666666666666,-4.166666666666667,18.33333333333333,3.0166666666666666,50.2,50.2,43.6,43.6,35.0,55.00000000000001,85.0,37.8763980631719,10.366812953826983,13.04137654769998,14.468208561644937,75.73502385305395,1.048453914759536,50.2,50.12892630939305,50.0,40.65307368496624,41.412746138428055,41.55728648754486,41.260035146612736,0.3666318666666667,0.38795455562483877,27.406577277586223,27.659345102248842,19.20521551941547,27.175681434556456,23.31764085571029,23.542857240711403,23.38008764642818,23.17352172782384,19.233236288349033,23.514535621603738,23.351615299629323,23.144874162320324,1.0,0.0,0.8333333333333334,0.25,0.0,19.233236288349033,23.351615299629323,27.175681434556456,17.170175712902203,21.77684226517385,25.642428253592982,2.444252017774346e-16,4.501119530846979e-16,1.545243473192796e-16,1.2887425246683345e-15,5.755573541564627e-14,converged
2025-01-15T18:30:00+08:00,10.5,-4.208333333333333,17.91666666666667,3.0208333333333335,50.2,50.2,43.6,43.6,35.0,55.00000000000001,85.0,37.8763980631719,10.366812953826983,13.04137654769998,14.468208561644937,75.73502385305395,1.048453914759536,50.2,50.2,50.17430286985628,40.652436122336084,41.46010779192851,41.67757958600723,41.322118064260984,0.36748948333333326,0.38922606191834297,27.404611086124067,27.656991105934107,19.203796659956264,27.174532945021216,23.315751112531938,23.540476988101233,23.37826408252807,23.17230429928955,19.231731932345212,23.51210647781007,23.349745187551648,23.143612225863123,1.0,0.0,0.8333333333333334,0.25,0.0,19.231731932345212,23.349745187551648,27.174532945021216,17.170175712902203,21.77684226517385,25.642428253592982,2.444252017774346e-16,2.990943649897678e-16,1.545243473192796e-16,2.619142043136287e-15,4.954879782126001e-14,converged
2025-01-15T18:35:00+08:00,10.583333333333334,-4.25,17.5,3.025,50.4,50.4,43.7,43.7,35.0,55.00000000000001,85.0,37.96327053579386,10.390590047757783,13.071287961800211,14.501392526235868,76.08283062344216,1.0556846060258467,50.2,50.2,50.2,40.66849383318877,41.47583493689294,41.71094632265146,41.34467374148623,0.3683471,0.38955834198687705,27.402593360527696,27.654582636336936,19.20226877956718,27.173340604906617,23.313780001787638,23.538014802961406,23.37636448831101,23.171017227025136,19.230160970784702,23.50964247102588,23.347843764124832,23.142323238752475,1.0,0.0,0.8333333333333334,0.25,0.0,19.230160970784702,23.347843764124832,27.173340604906617,17.130884692964205,21.727009674178024,25.58374992806988,1.8248087316691398e-16,1.4941962381446893e-16,0.0,1.2739791721303224e-15,2.990570249189957e-14,converged
2025-01-15T18:40:00+08:00,10.666666666666666,-4.291666666666667,17.08333333333333,3.029166666666667,50.4,50.4,43.7,43.7,35.0,55.00000000000001,85.0,37.96327053579386,10.390590047757783,13.071287961800211,14.501392526235868,76.08283062344216,1.0556846060258467,50.2,50.2,50.2,40.667799024723095,41.47520617638576,41.71037804342782,41.34405000650953,0.36920471666666665,0.3895857809717627,27.4004989562752,27.652096145022714,19.20061434083543,27.172082616076093,23.3117060648577,23.53545052885051,23.374369573015947,23.169641971530314,19.228452430994444,23.50707637179933,23.34584701860041,23.140946070073586,1.0,0.0,0.8333333333333334,0.25,0.0,19.228452430994444,23.34584701860041,27.172082616076093,17.130884692964205,21.727009674178024,25.58374992806988,1.8248087316691398e-16,1.045863700102043e-15,0.0,2.1505478910549967e-15,4.2275069715365614e-14,converged
2025-01-15T18:45:00+08:00,10.75,-4.333333333333333,16.66666666666667,3.033333333333333,50.4,50.4,43.7,43.7,35.0,55.00000000000001,85.0,37.96327053579386,10.390590047757783,13.071287961800211,14.501392526235868,76.08283062344216,1.0556846060258467,50.2,50.2,50.2,40.667070951899966,41.47454598025639,41.70977797808983,41.34339420150104,0.3700623333333333,0.38961463076276026,27.398328121141688,27.64953187085756,19.19883391446639,27.170759160400447,23.30952972208332,23.532784561174086,23.37227968740975,23.168178841880483,19.2266070038287,23.504408575122923,23.343755301370663,23.139481028562628,1.0,0.0,0.8333333333333334,0.25,0.0,19.2266070038287,23.343755301370663,27.170759160400447,17.130884692964205,21.727009674178024,25.58374992806988,1.8248087316691398e-16,5.975921468812659e-16,0.0,2.4243274738152774e-15,2.681616390543809e-14,converged
2025-01-15T18:50:00+08:00,10.833333333333334,-4.375,16.25,3.0375,50.4,50.4,43.7,43.7,35.0,55.00000000000001,85.0,37.96327053579386,10.390590047757783,13.071287961800211,14.501392526235868,76.08283062344216,1.0556846060258467,50.31476461228144,50.2,50.2,40.73718930122956,41.473854467895414,41.70914625575505,41.36210626718821,0.37091995,0.39017328384353195,27.396280214611178,27.647078694096837,19.197136626399338,27.16954110974754,23.307251392087394,23.530017293806203,23.370095180968537,23.166628146067755,19.224625376672574,23.501639474460966,23.34156896153987,23.137928421874843,1.0,0.0,0.8333333333333334,0.25,0.0,19.224625376672574,23.34156896153987,27.16954110974754,17.130884692964205,21.727009674178024,25.58374992806988,1.8248087316691398e-16,0.0,0.0,2.349283585639034e-15,2.397147756753286e-14,converged
2025-01-15T18:55:00+08:00,10.916666666666666,-4.416666666666667,15.83333333333333,3.0416666666666665,50.4,50.4,43.7,43.7,35.0,55.00000000000001,85.0,37.96327053579386,10.390590047757783,13.071287961800211,14.501392526235868,76.08283062344216,1.0556846060258467,50.4,50.33091961303288,50.2,40.789137797993305,41.56154695879098,41.708483005004595,41.40626503567462,0.3717775666666667,0.39123997527225157,27.394303368178555,27.644687521878986,19.195468089619226,27.168384077281004,23.305123774889935,23.5273881410037,23.368043487110345,23.16520647507257,19.222508233459443,23.498769461755455,23.339288346929045,23.136288556588326,1.0,0.0,0.8333333333333334,0.25,0.0,19.222508233459443,23.339288346929045,27.168384077281004,17.130884692964205,21.727009674178024,25.58374992806988,1.8248087316691398e-16,8.926643174378466e-16,0.0,5.944573027606552e-15,5.3237334372956904e-14,converged
2025-01-15T19:00:00+08:00,11.0,-4.458333333333333,15.41666666666667,3.0458333333333334,50.4,50.4,43.7,43.7,35.0,55.00000000000001,85.0,37.96327053579386,10.390590047757783,13.071287961800211,14.501392526235868,76.08283062344216,1.0556846060258467,50.4,50.4,50.3766500028772,40.78843819229779,41.60754161871907,41.83043397892356,41.46849358018783,0.3726351833333333,0.3925172405815142,27.392249710995173,27.64221827498757,19.193673628775922,27.16716129828353,23.303026817333834,23.52478342251859,23.366016633842243,23.1638110157821,19.220614796280643,23.49612055809425,23.33721937935059,23.134852784801776,1.0,0.0,0.8333333333333334,0.25,0.0,19.220614796280643,23.33721937935059,27.16716129828353,17.130884692964205,21.727009674178024,25.58374992806988,1.8248087316691398e-16,1.4829325923934646e-16,0.0,1.293810777996477e-15,3.8345573460635867e-14,converged
2025-01-15T19:05:00+08:00,11.083333333333334,-4.5,15.0,3.05,50.6,50.6,43.8,43.8,35.0,55.00000000000001,85.0,38.05014300841581,10.414367141688574,13.101199375900437,14.534576490826796,76.43143420200991,1.0629484655426902,50.4,50.4,50.4,40.80451664981762,41.623272888167676,41.862176260452706,41.49043583874544,0.3734928,0.39284124194646675,27.390144946592585,27.63969504828386,19.191771888948285,27.165894991891722,23.30084942572816,23.52209772614325,23.36391457593437,23.162346607059114,19.21865202183329,23.493433481639794,23.33511587523533,23.133386798989108,1.0,0.0,0.8333333333333334,0.25,0.0,19.21865202183329,23.33511587523533,27.165894991891722,17.091773084076166,21.677404629259815,25.525339540106255,6.054952612159255e-17,2.9634190455695323e-16,0.0,2.3458579695936015e-15,3.679443881468941e-14,converged
2025-01-15T19:10:00+08:00,11.166666666666666,-4.541666666666667,14.58333333333333,3.0541666666666667,50.6,50.6,43.8,43.8,35.0,55.00000000000001,85.0,38.05014300841581,10.414367141688574,13.101199375900437,14.534576490826796,76.43143420200991,1.0629484655426902,50.4,50.4,50.4,40.80376054853815,41.62258003266421,41.86153558158621,41.48974560348415,0.3743504166666667,0.3928716758568547,27.387963787157055,27.637094153881424,19.18974527780699,27.164563242929617,23.298570052987582,23.519310808581764,23.361717943545784,23.160794637700317,19.21655363791943,23.490645177906394,23.3329177934239,23.131833252360607,1.0,0.0,0.8333333333333334,0.25,0.0,19.21655363791943,23.3329177934239,27.164563242929617,17.091773084076166,21.677404629259815,25.525339540106255,6.054952612159255e-17,1.4815947417567395e-16,0.0,1.7524676670219654e-15,2.6289140910420522e-14,converged
2025-01-15T19:15:00+08:00,11.25,-4.583333333333333,14.16666666666667,3.0583333333333336,50.6,50.6,43.8,43.8,35.0,55.00000000000001,85.0,38.05014300841581,10.414367141688574,13.101199375900437,14.534576490826796,76.43143420200991,1.0629484655426902,50.4,50.4,50.4,40.80297148636687,41.621856048583844,41.860863482289744,41.489023626655865,0.3752080333333333,0.39290350931904733,27.385706479631587,27.63441582964383,19.187594358522055,27.163166232758904,23.296189116081,23.516423061955887,23.35942708476461,23.159155414659462,19.214320325591032,23.487756038617277,23.33062548164149,23.130192451540175,1.0,0.0,0.8333333333333334,0.25,0.0,19.214320325591032,23.33062548164149,27.163166232758904,17.091773084076166,21.677404629259815,25.525339540106255,6.054952612159255e-17,1.481474701367489e-16,0.0,2.055703550025798e-15,3.0559516932263546e-14,converged
2025-01-15T19:20:00+08:00,11.333333333333334,-4.625,13.75,3.0625,50.6,50.6,43.8,43.8,35.0,55.00000000000001,85.0,38.05014300841581,10.414367141688574,13.101199375900437,14.534576490826796,76.43143420200991,1.0629484655426902,50.51632907663695,50.4,50.4,40.87407257130591,41.62110105417117,41.86016009015858,41.50795543365345,0.37606565000000003,0.39347263196871823,27.38357522312672,27.63185164604734,19.18553115625657,27.161877268060092,23.293707030272454,23.513434876868335,23.357042346397808,23.157429243814246,19.21195276247973,23.484766453979802,23.328239286334856,23.12846470207796,1.0,0.0,0.8333333333333334,0.25,0.0,19.21195276247973,23.328239286334856,27.161877268060092,17.091773084076166,21.677404629259815,25.525339540106255,6.054952612159255e-17,1.479331881920952e-16,0.0,1.542719306761883e-16,4.50799155395279e-14,converged
2025-01-15T19:25:00+08:00,11.416666666666666,-4.666666666666667,13.33333333333333,3.066666666666667,50.6,50.6,43.8,43.8,35.0,55.00000000000001,85.0,38.05014300841581,10.414367141688574,13.101199375900437,14.534576490826796,76.43143420200991,1.0629484655426902,50.6,50.53290381482961,50.4,40.92505035888405,41.71015123321296,41.85942553225802,41.552288750814185,0.37692326666666665,0.3945453112933795,27.38151267906995,27.629347327818497,19.183495565593685,27.160647273497613,23.291380417912272,23.51058938390333,23.35479469325994,23.15583608019259,19.209451622813972,23.481676812691322,23.325759552676995,23.12665030845412,1.0,0.0,0.8333333333333334,0.25,0.0,19.209451622813972,23.325759552676995,27.160647273497613,17.091773084076166,21.677404629259815,25.525339540106255,6.054952612159255e-17,2.95061982729709e-16,0.0,3.4334110274552433e-15,3.457189753271433e-14,converged
2025-01-15T19:30:00+08:00,11.5,-4.708333333333333,12.91666666666667,3.0708333333333333,50.6,50.6,43.8,43.8,35.0,55.00000000000001,85.0,38.05014300841581,10.414367141688574,13.101199375900437,14.534576490826796,76.43143420200991,1.0629484655426902,50.6,50.6,50.57898641839575,40.92429051211215,41.754784261268235,41.983031443531225,41.61466413919688,0.3777808833333333,0.39582825263853916,27.379373603505147,27.626765283982206,19.18133570728483,27.159351735733484,23.28908151622033,23.507765598650373,23.352569214650757,23.154266502651627,19.20718096150439,23.478813517303113,23.32349636601478,23.125044589073983,1.0,0.0,0.8333333333333334,0.25,0.0,19.20718096150439,23.32349636601478,27.159351735733484,17.091773084076166,21.677404629259815,25.525339540106255,6.054952612159255e-17,7.352641016079926e-16,0.0,1.1303195427897016e-15,4.4917039408161204e-14,converged
2025-01-15T19:35:00+08:00,11.583333333333334,-4.75,12.5,3.075,50.8,50.8,43.9,43.9,35.0,55.00000000000001,85.0,38.137015481037764,10.438144235619372,13.131110790000665,14.567760455417725,76.78083458875732,1.0702455692099553,50.6,50.6,50.6,40.94039153348521,41.77052154756887,42.01315633979886,41.63599682859824,0.3786385,0.39614394931364244,27.377183840550895,27.624129746051853,19.17907026707773,27.158012989062044,23.2867030929025,23.504861769743968,23.350269340304134,23.152628656521536,19.204838192004797,23.47590873504234,23.32119541615075,23.123405493390695,1.0,0.0,0.8333333333333334,0.25,0.0,19.204838192004797,23.32119541615075,27.158012989062044,17.05283966019444,21.628025575434624,25.46719525869371,6.027398824866414e-17,1.4693563037960768e-16,0.0,5.3898311363468e-17,3.5504492704537234e-14,converged
2025-01-15T19:40:00+08:00,11.666666666666666,-4.791666666666667,12.08333333333333,3.0791666666666666,50.8,50.8,43.9,43.9,35.0,55.00000000000001,85.0,38.137015481037764,10.438144235619372,13.131110790000665,14.567760455417725,76.78083458875732,1.0702455692099553,50.6,50.6,50.6,40.9395759229211,41.76976637856778,42.01244540628963,41.63524201395881,0.3794961166666667,0.39617730664814393,27.37491795977285,27.621416887177773,19.17668159718931,27.156609001870827,23.284223512358736,23.5018575669279,23.347875621253138,23.15090385891941,19.20236172292244,23.472903570239865,23.318800616236796,23.121679444265435,1.0,0.0,0.8333333333333334,0.25,0.0,19.20236172292244,23.318800616236796,27.156609001870827,17.05283966019444,21.628025575434624,25.46719525869371,6.027398824866414e-17,4.407697760828329e-16,0.0,5.2097409859191505e-16,3.2130376744065154e-14,converged
2025-01-15T19:45:00+08:00,11.75,-4.833333333333333,11.66666666666667,3.0833333333333335,50.8,50.8,43.9,43.9,35.0,55.00000000000001,85.0,38.137015481037764,10.438144235619372,13.131110790000665,14.567760455417725,76.78083458875732,1.0702455692099553,50.6,50.6,50.6,40.9387276476995,41.768980381110175,42.01170340881469,41.634455778331656,0.38035373333333333,0.39621205256249453,27.372576207301726,27.61862694424219,19.174170253456758,27.155139955023145,23.28164318827041,23.498753379117975,23.3453884029677,23.14909241472336,19.19975222579997,23.46979841142705,23.31631231139129,23.119866746255575,1.0,0.0,0.8333333333333334,0.25,0.0,19.19975222579997,23.31631231139129,27.155139955023145,17.05283966019444,21.628025575434624,25.46719525869371,6.027398824866414e-17,2.938207484452347e-16,0.0,3.7722474413492086e-16,2.968009727967527e-14,converged
2025-01-15T19:50:00+08:00,11.833333333333334,-4.875,11.25,3.0875,50.8,50.8,43.9,43.9,35.0,55.00000000000001,85.0,38.137015481037764,10.438144235619372,13.131110790000665,14.567760455417725,76.78083458875732,1.0702455692099553,50.71788641359223,50.6,50.6,41.01081063826094,41.76816367232053,42.01093047348637,41.653608520435135,0.38121135,0.3967915477826266,27.37036361243532,27.615954169004976,19.171751148953458,27.153781581921805,23.278962532627148,23.495549593723087,23.342808029645983,23.147194627742497,19.197010368807028,23.466593645631438,23.313730845463482,23.117967702851768,1.0,0.0,0.8333333333333334,0.25,0.0,19.197010368807028,23.313730845463482,27.153781581921805,17.05283966019444,21.628025575434624,25.46719525869371,6.027398824866414e-17,5.867832743791728e-16,0.0,4.23466423731733e-15,4.5633149212758384e-14,converged
2025-01-15T19:55:00+08:00,11.916666666666666,-4.916666666666667,10.83333333333333,3.091666666666667,50.8,50.8,43.9,43.9,35.0,55.00000000000001,85.0,38.137015481037764,10.438144235619372,13.131110790000665,14.567760455417725,76.78083458875732,1.0702455692099553,50.8,50.73487897698261,50.6,41.06082162640388,41.85856929653316,42.01012672589334,41.698117492921966,0.3820689666666667,0.3978701309547114,27.368217384686236,27.613339120973542,19.16935848266357,27.15248013426851,23.276442075393117,23.492493043716426,23.340368984249388,23.145433804426244,19.1941368167572,23.46328965838258,23.311056561038182,23.11598261648168,1.0,0.0,0.8333333333333334,0.25,0.0,19.1941368167572,23.311056561038182,27.15248013426851,17.05283966019444,21.628025575434624,25.46719525869371,6.027398824866414e-17,2.925962839874152e-16,0.0,9.496579611930441e-17,3.895964953038082e-14,converged
2025-01-15T20:00:00+08:00,12.0,-4.958333333333333,10.41666666666667,3.095833333333333,50.8,50.8,43.9,43.9,35.0,55.00000000000001,85.0,38.137015481037764,10.438144235619372,13.131110790000665,14.567760455417725,76.78083458875732,1.0702455692099553,50.8,50.8,50.78131218965225,41.06000329360741,41.901845998372636,42.135384596308235,41.76064089471419,0.3829265833333333,0.39915866708595593,27.365994898340148,27.610646689225053,19.166843160555626,27.151113342693076,23.273946373262664,23.48945546807392,23.337949443516084,23.14369394048004,19.191500438246553,23.460217217257753,23.308603691374774,23.114210756973495,1.0,0.0,0.8333333333333334,0.25,0.0,19.191500438246553,23.308603691374774,27.151113342693076,17.05283966019444,21.628025575434624,25.46719525869371,6.027398824866414e-17,2.916517450988121e-16,0.0,3.446542158185227e-15,3.216428540441105e-14,converged
2025-01-15T20:05:00+08:00,12.083333333333334,-5.0,10.0,3.1,51.0,51.0,44.0,44.0,35.0,55.00000000000001,85.0,38.22388795365972,10.461921329550169,13.161022204100897,14.600944420008652,77.13103178368426,1.0775759929275268,50.8,50.8,50.8,41.07612862991492,41.91759112966117,42.16389907604472,41.78136778563421,0.3837842,0.3994660342915437,27.363722137460716,27.60790124146366,19.164223909930016,27.149703656061174,23.271372041311686,23.48633876304498,23.335456299509183,23.141886475589377,19.188789142980163,23.45709997124558,23.306109830616936,23.112402360154295,1.0,0.0,0.8333333333333334,0.25,0.0,19.188789142980163,23.306109830616936,27.149703656061174,17.01408320642127,21.578870971854087,25.40931526946941,1.800009807221715e-16,8.742820052277912e-16,0.0,5.924833355195724e-16,4.124661280065322e-14,converged
2025-01-15T20:10:00+08:00,12.166666666666666,-5.041666666666667,9.58333333333333,3.104166666666667,51.0,51.0,44.0,44.0,35.0,55.00000000000001,85.0,38.22388795365972,10.461921329550169,13.161022204100897,14.600944420008652,77.13103178368426,1.0775759929275268,50.8,50.8,50.8,41.075255247135246,41.91677538427618,42.16311997419835,41.78055026210415,0.3846418166666667,0.39950224520188277,27.361373529673084,27.60507881237765,19.161483027052597,27.14822892693107,23.268697355403123,23.483122511334162,23.332870024111482,23.139992655232167,19.18594600086142,23.453883167460038,23.303522831056544,23.110507604159505,1.0,0.0,0.8333333333333334,0.25,0.0,19.18594600086142,23.303522831056544,27.14822892693107,17.01408320642127,21.578870971854087,25.40931526946941,1.800009807221715e-16,1.4570046004135218e-16,0.0,1.2026790631583048e-16,2.954735676874232e-14,converged
2025-01-15T20:15:00+08:00,12.25,-5.083333333333333,9.16666666666667,3.1083333333333334,51.0,51.0,44.0,44.0,35.0,55.00000000000001,85.0,38.22388795365972,10.461921329550169,13.161022204100897,14.600944420008652,77.13103178368426,1.0775759929275268,50.8,50.8,50.8,41.07434948888784,41.91592910379644,42.16231015588063,41.77970163048406,0.3854994333333333,0.3995398339958142,27.3589493203151,27.602179637888753,19.158621060624938,27.146689335678264,23.265922726013603,23.47980709872744,23.330190960234027,23.13801278225594,19.182971674208073,23.45056719131632,23.300843035264123,23.108526791524813,1.0,0.0,0.8333333333333334,0.25,0.0,19.182971674208073,23.300843035264123,27.146689335678264,17.01408320642127,21.578870971854087,25.40931526946941,1.800009807221715e-16,5.827470100423301e-16,0.0,4.498496492128271e-16,2.73416332133161e-14,converged
2025-01-15T20:20:00+08:00,12.333333333333334,-5.125,8.75,3.1125000000000003,51.0,51.0,44.0,44.0,35.0,55.00000000000001,85.0,38.22388795365972,10.461921329550169,13.161022204100897,14.600944420008652,77.13103178368426,1.0775759929275268,50.91943667174315,50.8,50.8,41.147413515805866,41.91505240425164,42.161469745759206,41.79907645334054,0.38635705,0.400129606560097,27.356657359477502,27.599400642145667,19.15585580037978,27.14526303437609,23.263048561940785,23.476392909515702,23.32741944952525,23.13594715844615,19.179866822010776,23.447152426737574,23.29807078455021,23.10646022372606,1.0,0.0,0.8333333333333334,0.25,0.0,19.179866822010776,23.29807078455021,27.14526303437609,17.01408320642127,21.578870971854087,25.40931526946941,1.800009807221715e-16,1.0183041187507698e-15,0.0,6.315620202403762e-16,4.0059350325953355e-14,converged
2025-01-15T20:25:00+08:00,12.416666666666666,-5.166666666666667,8.33333333333333,3.1166666666666667,51.0,51.0,44.0,44.0,35.0,55.00000000000001,85.0,38.22388795365972,10.461921329550169,13.161022204100897,14.600944420008652,77.13103178368426,1.0775759929275268,51.0,50.93684516112583,50.8,41.196461563766135,42.00681120045102,42.160598867984234,41.843762141447726,0.3872146666666667,0.40121401125021233,27.354429422823863,27.596677236547432,19.15311577236688,27.143891617226036,23.260339286126644,23.473130465198967,23.32479347991647,23.134022429117262,19.17663209994983,23.443639256160676,23.29520641896997,23.10430820118295,1.0,0.0,0.8333333333333334,0.25,0.0,19.17663209994983,23.29520641896997,27.143891617226036,17.01408320642127,21.578870971854087,25.40931526946941,1.800009807221715e-16,4.3523650182670385e-16,0.0,5.653491861583294e-15,6.063682008651328e-14,converged
2025-01-15T20:30:00+08:00,12.5,-5.208333333333333,7.91666666666667,3.1208333333333336,51.0,51.0,44.0,44.0,35.0,55.00000000000001,85.0,38.22388795365972,10.461921329550169,13.161022204100897,14.600944420008652,77.13103178368426,1.0775759929275268,51.0,51.0,50.98362738922121,41.19558645427927,42.048736826787575,42.28750568078439,41.90643468003537,0.3880722833333333,0.4025080626088536,27.352125494271547,27.593876782072794,19.150254656947318,27.142455051449062,23.25765180367424,23.469884255534208,23.322184341583927,23.132116031562656,19.1736411712804,23.440362795841665,23.292568304159254,23.102373930344754,1.0,0.0,0.8333333333333334,0.25,0.0,19.1736411712804,23.292568304159254,27.142455051449062,17.01408320642127,21.578870971854087,25.40931526946941,1.800009807221715e-16,1.4461240983893542e-16,0.0,3.6012514944236894e-15,5.884443384503305e-14,converged
2025-01-15T20:35:00+08:00,12.583333333333334,-5.25,7.5,3.125,51.2,51.2,44.1,44.1,35.0,55.00000000000001,85.0,38.31076042628167,10.485698423480963,13.190933618201127,14.634128384599583,77.48202578679083,1.084939812595293,51.0,51.0,51.0,41.21173779240162,42.06449156871649,42.31441661415292,41.92655946641206,0.38892990000000005,0.40280707674262584,27.3497716971783,27.591023782142592,19.147291223809592,27.140975899891348,23.254886563052175,23.466559811204093,23.319502376332853,23.130142687760287,19.17057248116324,23.43703820901783,23.28988596937768,23.100399962626256,1.0,0.0,0.8333333333333334,0.25,0.0,19.17057248116324,23.28988596937768,27.140975899891348,16.975502518878365,21.5299392916458,25.3516977745273,1.7918557528916655e-16,7.22525301493887e-16,0.0,1.8866531199707915e-15,2.95422877711751e-14,converged
2025-01-15T20:40:00+08:00,12.666666666666666,-5.291666666666667,7.08333333333333,3.129166666666667,51.2,51.2,44.1,44.1,35.0,55.00000000000001,85.0,38.31076042628167,10.485698423480963,13.190933618201127,14.634128384599583,77.48202578679083,1.084939812595293,51.0,51.0,51.0,41.21080832922234,42.06361694075644,42.3135713731888,41.92568105537647,0.38978751666666667,0.4028460729954932,27.347342317917263,27.588094133496377,19.14420771280958,27.13943189989327,23.252021751589826,23.463136627820923,23.3167279768926,23.128083571605753,19.167373741446898,23.433614869667363,23.28711119099099,23.098340217156856,1.0,0.0,0.8333333333333334,0.25,0.0,19.167373741446898,23.28711119099099,27.13943189989327,16.975502518878365,21.5299392916458,25.3516977745273,1.7918557528916655e-16,1.1559285755106487e-15,0.0,2.3105998249338467e-15,3.814187448750841e-14,converged
2025-01-15T20:45:00+08:00,12.75,-5.333333333333333,6.66666666666667,3.1333333333333333,51.2,51.2,44.1,44.1,35.0,55.00000000000001,85.0,38.31076042628167,10.485698423480963,13.190933618201127,14.634128384599583,77.48202578679083,1.084939812595293,51.0,51.0,51.0,41.209846772902324,42.062712064467156,42.312695754521066,41.92477184166561,0.3906451333333333,0.40288643670489843,27.344837601052518,27.585088071115898,19.141004665705303,27.137823231352925,23.24905777663992,23.459615088115257,23.313861483673367,23.125938983960175,19.16404560550032,23.430093160163313,23.284244309079625,23.0961949944945,1.0,0.0,0.8333333333333334,0.25,0.0,19.16404560550032,23.284244309079625,27.137823231352925,16.975502518878365,21.5299392916458,25.3516977745273,1.7918557528916655e-16,2.889531918201688e-16,0.0,2.398724122433103e-15,2.5432407781411948e-14,converged
2025-01-15T20:50:00+08:00,12.833333333333334,-5.375,6.25,3.1375,51.2,51.2,44.1,44.1,35.0,55.00000000000001,85.0,38.31076042628167,10.485698423480963,13.190933618201127,14.634128384599583,77.48202578679083,1.084939812595293,51.12097989924487,51.0,51.0,41.28389092883893,42.06177705480825,42.31178988140991,41.944369844082324,0.39150275,0.40348639312045,27.342468208118056,27.58220518268614,19.137902737700028,27.13633045700071,23.24599504388866,23.455995573334114,23.310903235831706,23.123709224629355,19.160588723409923,23.42647346139818,23.281285662472925,23.093964594144,1.0,0.0,0.8333333333333334,0.25,0.0,19.160588723409923,23.281285662472925,27.13633045700071,16.975502518878365,21.5299392916458,25.3516977745273,1.7918557528916655e-16,4.327853075537872e-16,0.0,6.30832335394765e-16,3.1884921138623475e-14,converged
2025-01-15T20:55:00+08:00,12.916666666666666,-5.416666666666667,5.83333333333333,3.1416666666666666,51.2,51.2,44.1,44.1,35.0,55.00000000000001,85.0,38.31076042628167,10.485698423480963,13.190933618201127,14.634128384599583,77.48202578679083,1.084939812595293,51.2,51.138802428334174,51.0,41.331979846540264,42.15488672064376,42.310853876603964,41.98923326303183,0.3923603666666667,0.4045765386799346,27.340160498908173,27.579375748526992,19.13482480443671,27.13489052892693,23.243101854699685,23.45253227971794,23.30809471316415,23.121624265305382,19.157003741996096,23.42275615278964,23.27823558875376,23.09164931456074,1.0,0.0,0.8333333333333334,0.25,0.0,19.157003741996096,23.27823558875376,27.13489052892693,16.975502518878365,21.5299392916458,25.3516977745273,1.7918557528916655e-16,8.632383049702672e-16,0.0,1.637031775091225e-15,6.299970877466965e-14,converged
2025-01-15T21:00:00+08:00,13.0,-5.458333333333333,5.41666666666667,3.1458333333333335,51.2,51.2,44.1,44.1,35.0,55.00000000000001,85.0,38.31076042628167,10.485698423480963,13.190933618201127,14.634128384599583,77.48202578679083,1.084939812595293,51.2,51.2,51.18593208901891,41.33104962516695,42.19546646831902,42.43940657800993,42.05205601692191,0.39321798333333335,0.4058760273603774,27.337777058402192,27.576469593406312,19.131627309903934,27.13338564360169,23.24022749135697,23.44908247504621,23.305300345139663,23.119555009471497,19.153669100253584,23.419280683014737,23.27541657048367,23.08955628409476,1.0,0.0,0.8333333333333334,0.25,0.0,19.153669100253584,23.27541657048367,27.13338564360169,16.975502518878365,21.5299392916458,25.3516977745273,1.7918557528916655e-16,1.434124141108359e-15,0.0,5.2859261176292775e-15,6.144716880127379e-14,converged
2025-01-15T21:05:00+08:00,13.083333333333334,-5.5,5.0,3.1500000000000004,51.4,51.4,44.2,44.2,35.0,55.00000000000001,85.0,38.39763289890362,10.50947551741176,13.220845032301357,14.66731234919051,77.83381659807692,1.0923371041131396,51.2,51.2,51.2,41.34722858963455,42.21123252576085,42.464720739089735,42.07158231799799,0.39407559999999997,0.4061666659688152,27.335344148592306,27.57351135597528,19.128329066967094,27.131838477256697,23.23727622179445,23.445555311299223,23.30243391076615,23.11741944938468,19.150253817717196,23.415753761839476,23.27255010262044,23.087420398783095,1.0,0.0,0.8333333333333334,0.25,0.0,19.150253817717196,23.27255010262044,27.131838477256697,16.93709640458226,21.4812290217552,25.29434099223199,2.9729283003190965e-16,1.4330979322152573e-16,0.0,5.442958298378198e-15,3.251168888304837e-14,converged
2025-01-15T21:10:00+08:00,13.166666666666666,-5.541666666666667,4.58333333333333,3.154166666666667,51.4,51.4,44.2,44.2,35.0,55.00000000000001,85.0,38.39763289890362,10.50947551741176,13.220845032301357,14.66731234919051,77.83381659807692,1.0923371041131396,51.2,51.2,51.2,41.34624469379356,42.21030066678381,42.46381133270462,42.07064479302145,0.3949332166666667,0.40620838090860545,27.332835915296204,27.570476795549716,19.12491225865013,27.13022665262969,23.23422614483617,23.44193019696897,23.299475723636693,23.115198687430915,19.14671022898498,23.41212887430029,23.269591870641374,23.085199304564103,1.0,0.0,0.8333333333333334,0.25,0.0,19.14671022898498,23.269591870641374,27.13022665262969,16.93709640458226,21.4812290217552,25.29434099223199,2.9729283003190965e-16,2.8659015248906837e-16,0.0,2.4977250042065382e-15,2.994868780750584e-14,converged
2025-01-15T21:15:00+08:00,13.25,-5.583333333333333,4.16666666666667,3.1583333333333337,51.4,51.4,44.2,44.2,35.0,55.00000000000001,85.0,38.39763289890362,10.50947551741176,13.220845032301357,14.66731234919051,77.83381659807692,1.0923371041131396,51.2,51.2,51.2,41.345228980453115,42.20933883980527,42.462871878893615,42.06967676349482,0.3957908333333333,0.4062514531407369,27.330252602322933,27.567366146191517,19.12137741995458,27.1285503491516,23.231077664789893,23.43820751180335,23.296426121717456,23.112893022528198,19.143038978745132,23.408406399800487,23.266542212193343,23.082893300061034,1.0,0.0,0.8333333333333334,0.25,0.0,19.143038978745132,23.266542212193343,27.1285503491516,16.93709640458226,21.4812290217552,25.29434099223199,2.9729283003190965e-16,4.298396507640501e-16,0.0,1.3319817935809892e-15,2.8330601519063628e-14,converged
2025-01-15T21:20:00+08:00,13.333333333333334,-5.625,3.75,3.1625,51.4,51.4,44.2,44.2,35.0,55.00000000000001,85.0,38.39763289890362,10.50947551741176,13.220845032301357,14.66731234919051,77.83381659807692,1.0923371041131396,51.322516143816706,51.2,51.2,41.42025232117233,42.20834715873883,42.46190249954555,42.08949899871289,0.39664845,0.4068615016102867,27.32780767334447,27.56438165031144,19.11794806042716,27.126992532234553,23.227831184308997,23.434387634078007,23.29328544172973,23.11050275254581,19.139240708446554,23.40458671627403,23.263401463680832,23.080502682850593,1.0,0.0,0.8333333333333334,0.25,0.0,19.139240708446554,23.263401463680832,27.126992532234553,16.93709640458226,21.4812290217552,25.29434099223199,2.9729283003190965e-16,2.8613009922586265e-16,0.0,1.055998798725735e-15,4.227922738139492e-14,converged
2025-01-15T21:25:00+08:00,13.416666666666666,-5.666666666666667,3.3333333333333304,3.166666666666667,51.4,51.4,44.2,44.2,35.0,55.00000000000001,85.0,38.39763289890362,10.50947551741176,13.220845032301357,14.66731234919051,77.83381659807692,1.0923371041131396,51.4,51.34075083912978,51.2,41.46738587034811,42.30280536370925,42.46090331604362,42.1345411199054,0.3975060666666667,0.40795730903369887,27.32542209017997,27.56144847409841,19.114541427695737,27.125485527173648,23.22475886870196,23.430728421062643,23.290298642302307,23.108261163134564,19.135316056315112,23.400670200191218,23.260169960270527,23.078027749466592,1.0,0.0,0.8333333333333334,0.25,0.0,19.135316056315112,23.260169960270527,27.125485527173648,16.93709640458226,21.4812290217552,25.29434099223199,2.9729283003190965e-16,1.4268076493430156e-16,0.0,3.3444419883558995e-15,3.30043048685636e-14,converged
2025-01-15T21:30:00+08:00,13.5,-5.708333333333333,2.9166666666666696,3.1708333333333334,51.4,51.4,44.2,44.2,35.0,55.00000000000001,85.0,38.39763289890362,10.50947551741176,13.220845032301357,14.66731234919051,77.83381659807692,1.0923371041131396,51.4,51.4,51.38822636031072,41.466402158518136,42.3420443767415,42.59109881672933,42.1975151239673,0.3983636833333333,0.40926215874628363,27.322961030341126,27.55843889803489,19.111016718670523,27.123913752380567,23.221702406045065,23.427079945648657,23.287323317907585,23.10603264843282,19.131648218271803,23.397000616481275,23.257174286083586,23.075779535520358,1.0,0.0,0.8333333333333334,0.25,0.0,19.131648218271803,23.257174286083586,27.123913752380567,16.93709640458226,21.4812290217552,25.29434099223199,2.9729283003190965e-16,2.8445171228035495e-16,0.0,4.943264912429483e-15,3.599834537746061e-14,converged
2025-01-15T21:35:00+08:00,13.583333333333334,-5.75,2.5,3.1750000000000003,51.6,51.6,44.3,44.3,35.0,55.00000000000001,85.0,38.48450537152558,10.533252611342554,13.250756446401583,14.70049631378144,78.18640421754262,1.0997679433809535,51.4,51.4,51.4,41.48261031331086,42.3578233954484,42.614822885928575,42.2164464862759,0.3992213,0.40954440049670043,27.320450893786703,27.555377695504273,19.107392790137567,27.12229999687361,23.21856986986059,23.423354968024785,23.284276672264625,23.103738459012604,19.1278968268618,23.393276253513996,23.254127932167606,23.073485310528387,1.0,0.0,0.8333333333333334,0.25,0.0,19.1278968268618,23.254127932167606,27.12229999687361,16.898863681321355,21.432738662789614,25.237243157035078,1.1838086603519818e-16,4.2638351917061333e-16,0.0,2.7819708599351173e-16,3.772154034624751e-14,converged
2025-01-15T21:40:00+08:00,13.666666666666666,-5.791666666666667,2.0833333333333304,3.1791666666666667,51.6,51.6,44.3,44.3,35.0,55.00000000000001,85.0,38.48450537152558,10.533252611342554,13.250756446401583,14.70049631378144,78.18640421754262,1.0997679433809535,51.4,51.4,51.4,41.48157358961212,42.35683591579033,42.61385123381679,42.21545157435044,0.4000789166666667,0.4095887690091123,27.31786568648314,27.55224048893484,19.10365176790251,27.120621769406842,23.215339270519326,23.419532809558714,23.281138939867013,23.101359625838292,19.124018820389686,23.38945469168953,23.250990478251612,23.071106433146998,1.0,0.0,0.8333333333333334,0.25,0.0,19.124018820389686,23.250990478251612,27.120621769406842,16.898863681321355,21.432738662789614,25.237243157035078,1.1838086603519818e-16,1.421124437915739e-16,0.0,5.563351853238557e-16,4.0596524281770645e-14,converged
2025-01-15T21:45:00+08:00,13.75,-5.833333333333333,1.6666666666666696,3.1833333333333336,51.6,51.6,44.3,44.3,35.0,55.00000000000001,85.0,38.48450537152558,10.533252611342554,13.250756446401583,14.70049631378144,78.18640421754262,1.0997679433809535,51.4,51.4,51.4,41.48050531754187,42.355818742175366,42.61284985629677,42.21442644889878,0.40093653333333334,0.40963448490633064,27.315205651502836,27.549027511488443,19.099794180392543,27.11887924895408,23.21201100936115,23.415613847086846,23.27791045629252,23.098896445927164,19.120014835123147,23.385536307512222,23.247762259604247,23.068643200106955,1.0,0.0,0.8333333333333334,0.25,0.0,19.120014835123147,23.247762259604247,27.11887924895408,16.898863681321355,21.432738662789614,25.237243157035078,1.1838086603519818e-16,2.8419316760783705e-16,0.0,2.820485147348627e-15,3.206150155729289e-14,converged
2025-01-15T21:50:00+08:00,13.833333333333334,-5.875,1.25,3.1875,51.6,51.6,44.3,44.3,35.0,55.00000000000001,85.0,38.48450537152558,10.533252611342554,13.250756446401583,14.70049631378144,78.18640421754262,1.0997679433809535,51.524045452747146,51.4,51.4,41.556506863052746,42.35477198749464,42.61181887392123,42.23447392583334,0.40179415,0.4102545352912653,27.3126870453946,27.54594365153284,19.096046380432146,27.117257795671726,23.208585486083386,23.411598455984326,23.27459155588259,23.09634921525425,19.115885504132486,23.38152147602801,23.244443610260277,23.066095907098898,1.0,0.0,0.8333333333333334,0.25,0.0,19.115885504132486,23.244443610260277,27.117257795671726,16.898863681321355,21.432738662789614,25.237243157035078,1.1838086603519818e-16,1.4188182190878683e-16,0.0,8.100665600268641e-16,7.560645857778393e-14,converged
2025-01-15T21:55:00+08:00,13.916666666666666,-5.916666666666667,0.8333333333333304,3.191666666666667,51.6,51.6,44.3,44.3,35.0,55.00000000000001,85.0,38.48450537152558,10.533252611342554,13.250756446401583,14.70049631378144,78.18640421754262,1.0997679433809535,51.6,51.54269045348842,51.4,41.60268875835456,42.45057637393846,42.61075840674292,42.27969567806589,0.4026517666666667,0.4113559271797291,27.31022544981151,27.542908977993633,19.092320009891086,27.11568512330302,23.205338715541327,23.407748140913625,23.271430663136552,23.093954521078235,19.111631457306693,23.377410570830076,23.241034863025153,23.063464848776984,1.0,0.0,0.8333333333333334,0.25,0.0,19.111631457306693,23.241034863025153,27.11568512330302,16.898863681321355,21.432738662789614,25.237243157035078,1.1838086603519818e-16,4.2450581407109803e-16,0.0,1.4660698139185906e-16,5.1021105884752353e-14,converged
2025-01-15T22:00:00+08:00,14.0,-5.958333333333333,0.4166666666666696,3.1958333333333333,51.6,51.6,44.3,44.3,35.0,55.00000000000001,85.0,38.48450537152558,10.533252611342554,13.250756446401583,14.70049631378144,78.18640421754262,1.0997679433809535,51.6,51.6,51.59051027371859,41.60165313524918,42.48847974454624,42.742593583269205,42.34282192473947,0.4035093833333333,0.4126660632144278,27.30768862630795,27.53979821903113,19.08847700795411,27.11404786492792,23.202104820055315,23.40390580681657,23.26827856309805,23.091570272522166,19.10764062878517,23.373551657019206,23.237866688297657,23.061064953454604,1.0,0.0,0.8333333333333334,0.25,0.0,19.10764062878517,23.237866688297657,27.11404786492792,16.898863681321355,21.432738662789614,25.237243157035078,1.1838086603519818e-16,1.4105269636195354e-16,0.0,3.534575070035612e-16,2.624631570621599e-14,converged
2025-01-15T22:05:00+08:00,14.083333333333334,-6.0,0.0,3.2,51.8,51.8,44.4,44.4,35.0,55.00000000000001,85.0,38.571377844147534,10.557029705273349,13.280667860501813,14.733680278372367,78.53978864518791,1.1072324062986225,51.6,51.6,51.6,41.617891985545576,42.504273312766465,42.764734149669245,42.36116182403479,0.404367,0.41293988786764363,27.305103112133526,27.536636282251457,19.08453627602823,27.11236892174866,23.19879566490981,23.39998780904803,23.265055871753955,23.089120966558735,19.103563302481646,23.36963463344141,23.234644603418232,23.058615892809232,1.0,0.0,0.8333333333333334,0.25,0.0,19.103563302481646,23.234644603418232,27.11236892174866,16.860803177534596,21.384466728864414,25.18040251929401,1.1784821939443633e-16,7.047958143985869e-16,0.0,2.0264692187343393e-16,3.561486940596977e-14,converged
2025-01-15T22:10:00+08:00,14.166666666666666,-6.027777777777778,0.0,3.1972222222222224,51.8,51.8,44.4,44.4,35.0,55.00000000000001,85.0,38.571377844147534,10.557029705273349,13.280667860501813,14.733680278372367,78.53978864518791,1.1072324062986225,51.6,51.6,51.6,41.61681248542568,42.50323957209481,42.7637098183932,42.3601191531966,0.4048228611111111,0.41298649117108993,27.302484373266083,27.533444635675025,19.080538499666954,27.110658976187874,23.195439993720544,23.396028100046582,23.261790988781744,23.08662876020985,19.099423344325718,23.365675878565227,23.231380311931535,23.056123921670746,1.0,0.0,0.8333333333333334,0.25,0.0,19.099423344325718,23.231380311931535,27.110658976187874,16.860803177534596,21.384466728864414,25.18040251929401,1.1784821939443633e-16,2.818865127932402e-16,0.0,6.164959370421706e-16,3.163471992718017e-14,converged
2025-01-15T22:15:00+08:00,14.25,-6.055555555555555,0.0,3.1944444444444446,51.8,51.8,44.4,44.4,35.0,55.00000000000001,85.0,38.571377844147534,10.557029705273349,13.280667860501813,14.733680278372367,78.53978864518791,1.1072324062986225,51.6,51.6,51.6,41.61571863649994,42.50219194491336,42.762671432938525,42.35906240527071,0.4052787222222222,0.4130337236652315,27.299832517320112,27.530223370474662,19.076483936335848,27.10891811433674,23.192037996898808,23.392026841586212,23.25848406965182,23.0840938040431,19.095221069093615,23.361675554070207,23.228073969197617,23.053589190481883,1.0,0.0,0.8333333333333334,0.25,0.0,19.095221069093615,23.228073969197617,27.10891811433674,16.860803177534596,21.384466728864414,25.18040251929401,1.1784821939443633e-16,1.4092713882279835e-16,0.0,2.875222119182223e-15,3.678269655507517e-14,converged
2025-01-15T22:20:00+08:00,14.333333333333334,-6.083333333333333,0.0,3.191666666666667,51.8,51.8,44.4,44.4,35.0,55.00000000000001,85.0,38.571377844147534,10.557029705273349,13.280667860501813,14.733680278372367,78.53978864518791,1.1072324062986225,51.72556787289861,51.6,51.6,41.69273967417109,42.50113048393667,42.76161905044391,42.37937568025681,0.4057345833333333,0.4136619179074393,27.297366450201125,27.527179871572464,19.072601507761867,27.107333991017335,23.188589864076448,23.387984194813484,23.255135269261707,23.08151624809762,19.09095678997956,23.3576338210095,23.22472573000466,23.051011849157938,1.0,0.0,0.8333333333333334,0.25,0.0,19.09095678997956,23.22472573000466,27.107333991017335,16.860803177534596,21.384466728864414,25.18040251929401,1.1784821939443633e-16,5.628524975943463e-16,0.0,3.613657216719442e-15,5.6319292828554425e-14,converged
2025-01-15T22:25:00+08:00,14.416666666666666,-6.111111111111112,0.0,3.188888888888889,51.8,51.8,44.4,44.4,35.0,55.00000000000001,85.0,38.571377844147534,10.557029705273349,13.280667860501813,14.733680278372367,78.53978864518791,1.1072324062986225,51.8,51.74462133084542,51.6,41.738032703221414,42.59833289884588,42.76055272781029,42.42483327295939,0.40619044444444447,0.41476634575376053,27.294996257252723,27.524228987174546,19.06879700999821,27.105829631669383,23.185375238999463,23.384165087643826,23.251996288624582,23.079135825379314,19.086630818603723,23.353550839812293,23.221335748571082,23.0483920470886,1.0,0.0,0.8333333333333334,0.25,0.0,19.086630818603723,23.221335748571082,27.105829631669383,16.860803177534596,21.384466728864414,25.18040251929401,1.1784821939443633e-16,4.2101531266491136e-16,0.0,2.012016011054096e-15,5.012311716711752e-14,converged
2025-01-15T22:30:00+08:00,14.5,-6.138888888888888,0.0,3.1861111111111113,51.8,51.8,44.4,44.4,35.0,55.00000000000001,85.0,38.571377844147534,10.557029705273349,13.280667860501813,14.733680278372367,78.53978864518791,1.1072324062986225,51.8,51.8,51.79278389922824,41.73702258323796,42.63497526197754,42.89409318075546,42.48818370693923,0.4066463055555556,0.41607852181288507,27.292592142187704,27.52124774530654,19.064934852916977,27.10429378513432,23.18222050103393,23.380405074097418,23.248910952965886,23.07680384111732,19.08263550009776,23.349778750217425,23.218238590744097,23.046048447886793,1.0,0.0,0.8333333333333334,0.25,0.0,19.08263550009776,23.218238590744097,27.10429378513432,16.860803177534596,21.384466728864414,25.18040251929401,1.1784821939443633e-16,1.3989585585877469e-16,0.0,1.3351387560055135e-15,3.6713535505033526e-14,converged
2025-01-15T22:35:00+08:00,14.583333333333334,-6.166666666666667,0.0,3.1833333333333336,51.93333333333334,51.93333333333334,44.46666666666667,44.46666666666667,35.0,55.00000000000001,85.0,38.62929282589551,10.572881101227217,13.300608803235303,14.755802921432991,78.77582093482899,1.112227432197302,51.8,51.8,51.8,41.74759624189444,42.64524858935971,42.90921505467383,42.500391306438026,0.4071021666666667,0.4162802002777193,27.29017184565694,27.518252787747794,19.061027589127367,27.10274177030929,23.179033606868337,23.376616842799606,23.245796383591653,23.07444144586684,19.078604934004257,23.345991770913123,23.21512486555486,23.043686505807504,1.0,0.0,0.8333333333333334,0.25,0.0,19.078604934004257,23.21512486555486,27.10274177030929,16.835524612051028,21.35240605910599,25.14265079137902,1.7624267447066096e-16,4.1948423831809283e-16,0.0,3.590604144935181e-15,3.085741360934974e-14,converged
2025-01-15T22:40:00+08:00,14.666666666666666,-6.194444444444445,0.0,3.180555555555556,51.93333333333334,51.93333333333334,44.46666666666667,44.46666666666667,35.0,55.00000000000001,85.0,38.62929282589551,10.572881101227217,13.300608803235303,14.755802921432991,78.77582093482899,1.112227432197302,51.8,51.8,51.8,41.74656403546985,42.644251676567364,42.908220545213496,42.49938565177496,0.4075580277777778,0.4163252165938189,27.28771779104787,27.515227610021366,19.05706313132444,27.10115840159954,23.175799697871028,23.37278639886971,23.242639225653306,23.072035846270914,19.074511502683766,23.34216255838773,23.211968536384855,23.041281348880926,1.0,0.0,0.8333333333333334,0.25,0.0,19.074511502683766,23.211968536384855,27.10115840159954,16.835524612051028,21.35240605910599,25.14265079137902,1.7624267447066096e-16,2.796259202826851e-16,0.0,4.212641292835034e-15,2.948288410299898e-14,converged
2025-01-15T22:45:00+08:00,14.75,-6.222222222222222,0.0,3.177777777777778,51.93333333333334,51.93333333333334,44.46666666666667,44.46666666666667,35.0,55.00000000000001,85.0,38.62929282589551,10.572881101227217,13.300608803235303,14.755802921432991,78.77582093482899,1.112227432197302,51.8,51.8,51.8,41.74551735218501,42.64324075902256,42.90721188984545,42.498365809223834,0.4080138888888889,0.4163708680051224,27.285230087726873,27.512172304886867,19.053041737670306,27.099543766091656,23.172518966519632,23.368913906047272,23.23943963610395,23.069587193983317,19.07035552211063,23.33829127628651,23.20876976007709,23.038833128636412,1.0,0.0,0.8333333333333334,0.25,0.0,19.07035552211063,23.20876976007709,27.099543766091656,16.835524612051028,21.35240605910599,25.14265079137902,1.7624267447066096e-16,1.3979763087736317e-16,0.0,3.0385451751489576e-15,3.3330781827375625e-14,converged
2025-01-15T22:50:00+08:00,14.833333333333334,-6.25,0.0,3.1750000000000003,51.93333333333334,51.93333333333334,44.46666666666667,44.46666666666667,35.0,55.00000000000001,85.0,38.62929282589551,10.572881101227217,13.300608803235303,14.755802921432991,78.77582093482899,1.112227432197302,51.88438601034531,51.8,51.8,41.796998276906194,42.64221588990026,42.90618914606832,42.51171264706261,0.40846975,0.4168072961134959,27.28285594456021,27.509226330105147,19.04911736627607,27.098024054711214,23.169191604503787,23.3649995274367,23.23619777131826,23.067095640125483,19.06613730667105,23.334378087620628,23.205528692897154,23.03634199607199,1.0,0.0,0.8333333333333334,0.25,0.0,19.06613730667105,23.205528692897154,27.098024054711214,16.835524612051028,21.35240605910599,25.14265079137902,1.7624267447066096e-16,2.793025048084454e-16,0.0,7.849732575723866e-16,6.852702351585981e-14,converged
2025-01-15T22:55:00+08:00,14.916666666666666,-6.277777777777778,0.0,3.1722222222222225,51.93333333333334,51.93333333333334,44.46666666666667,44.46666666666667,35.0,55.00000000000001,85.0,38.62929282589551,10.572881101227217,13.300608803235303,14.755802921432991,78.77582093482899,1.112227432197302,51.93333333333334,51.89726917175718,51.8,41.82646830384038,42.70731501706935,42.90515237114156,42.54179713950926,0.40892561111111114,0.41755947844994945,27.280533079364073,27.50633069817954,19.045224829538448,27.096545943566,23.16600580650423,23.361221548371088,23.233083015802098,23.064722515817735,19.061857169171034,23.330423154769626,23.202245490535372,23.033808101656223,1.0,0.0,0.8333333333333334,0.25,0.0,19.061857169171034,23.202245490535372,27.096545943566,16.835524612051028,21.35240605910599,25.14265079137902,1.7624267447066096e-16,2.7879937550235464e-16,0.0,2.3884245704374615e-15,2.8344484033681766e-14,converged
2025-01-15T23:00:00+08:00,15.0,-6.305555555555555,0.0,3.1694444444444447,51.93333333333334,51.93333333333334,44.46666666666667,44.46666666666667,35.0,55.00000000000001,85.0,38.62929282589551,10.572881101227217,13.300608803235303,14.755802921432991,78.77582093482899,1.112227432197302,51.93333333333334,51.93333333333334,51.9295293122299,41.82546274452816,42.73085008805295,42.994600507935026,42.583793201896064,0.40938147222222226,0.41845024655747415,27.278176140440404,27.503404541210138,19.0412750323126,27.095036273265833,23.162842551853778,23.357467230686744,23.229988301022864,23.062365880194207,19.05777887180041,23.326663192174713,23.19914505434235,23.03144565761197,1.0,0.0,0.8333333333333334,0.25,0.0,19.05777887180041,23.19914505434235,27.095036273265833,16.835524612051028,21.35240605910599,25.14265079137902,1.7624267447066096e-16,2.78205886565167e-16,0.0,3.634586170413053e-16,3.7928937214818946e-14,converged
2025-01-15T23:05:00+08:00,15.083333333333334,-6.333333333333333,0.0,3.166666666666667,52.06666666666666,52.06666666666666,44.53333333333333,44.53333333333333,35.0,55.00000000000001,85.0,38.687207807643475,10.58873249718108,13.320549745968787,14.777925564493607,79.01220736143875,1.1172374581624995,51.93333333333334,51.93333333333334,51.93333333333334,41.83607936307812,42.74115410608265,43.007365526428934,42.59512284382603,0.40983733333333333,0.41863483886960867,27.27580293236532,27.50046456429276,19.037280550879462,27.09351041384439,23.159647218012193,23.353684715400977,23.22686442486386,23.05997895354145,19.05365885335018,23.322882119831238,23.1960221949523,23.0290593447535,1.0,0.0,0.8333333333333334,0.25,0.0,19.05365885335018,23.1960221949523,27.09351041384439,16.810321730895264,21.320441379376792,25.10501209258953,1.7571539675718453e-16,1.390416074081145e-16,0.0,1.4265333231760616e-15,3.2813963833354863e-14,converged
2025-01-15T23:10:00+08:00,15.166666666666666,-6.361111111111112,0.0,3.163888888888889,52.06666666666666,52.06666666666666,44.53333333333333,44.53333333333333,35.0,55.00000000000001,85.0,38.687207807643475,10.58873249718108,13.320549745968787,14.777925564493607,79.01220736143875,1.1172374581624995,51.93333333333334,51.93333333333334,51.93333333333334,41.835051763768206,42.74015535218726,43.006364239326075,42.59411522726133,0.41029319444444445,0.4186800106290887,27.273395815374283,27.497494200456078,19.03322927062212,27.091953128839084,23.156404905572472,23.349859967194046,23.223697995918577,23.057548909731082,19.049476420945034,23.319058793278202,23.192856766700892,23.026629903590646,1.0,0.0,0.8333333333333334,0.25,0.0,19.049476420945034,23.192856766700892,27.091953128839084,16.810321730895264,21.320441379376792,25.10501209258953,1.7571539675718453e-16,5.561064243407019e-16,0.0,2.8634717296647417e-15,2.840041589132964e-14,converged
2025-01-15T23:15:00+08:00,15.25,-6.388888888888888,0.0,3.1611111111111114,52.06666666666666,52.06666666666666,44.53333333333333,44.53333333333333,35.0,55.00000000000001,85.0,38.687207807643475,10.58873249718108,13.320549745968787,14.777925564493607,79.01220736143875,1.1172374581624995,51.93333333333334,51.93333333333334,51.93333333333334,41.83400970668711,42.73914262232166,43.00534886120594,42.59309345891071,0.4107490555555556,0.41872581681746984,27.270954899346627,27.494493542992178,19.029121447940103,27.09036450555496,23.1531158068884,23.34599314990506,23.220489171028248,23.055075900130113,19.0452318883161,23.315193376263267,23.18964892632201,23.024157485368775,1.0,0.0,0.8333333333333334,0.25,0.0,19.0452318883161,23.18964892632201,27.09036450555496,16.810321730895264,21.320441379376792,25.10501209258953,1.7571539675718453e-16,1.390113973766303e-16,0.0,5.032485261089466e-15,3.70463195445133e-14,converged
2025-01-15T23:20:00+08:00,15.333333333333334,-6.416666666666667,0.0,3.1583333333333337,52.06666666666666,52.06666666666666,44.53333333333333,44.53333333333333,35.0,55.00000000000001,85.0,38.687207807643475,10.58873249718108,13.320549745968787,14.777925564493607,79.01220736143875,1.1172374581624995,52.01839142050946,51.93333333333334,51.93333333333334,41.885950430245906,42.738115969560006,43.004319449326914,42.60656298296522,0.4112049166666667,0.41916564563384884,27.26862862503963,27.491603216888162,19.02511229340762,27.0888717909112,23.149780113526173,23.342084426737525,23.217238106456012,23.052560075574156,19.040925567617496,23.31128603189952,23.18639882997246,23.021642240802848,1.0,0.0,0.8333333333333334,0.25,0.0,19.040925567617496,23.18639882997246,27.0888717909112,16.810321730895264,21.320441379376792,25.10501209258953,1.7571539675718453e-16,0.0,0.0,2.6892433601883903e-15,6.898221423317806e-14,converged
2025-01-15T23:25:00+08:00,15.416666666666666,-6.444444444444445,0.0,3.155555555555556,52.06666666666666,52.06666666666666,44.53333333333333,44.53333333333333,35.0,55.00000000000001,85.0,38.687207807643475,10.58873249718108,13.320549745968787,14.777925564493607,79.01220736143875,1.1172374581624995,52.06666666666666,52.031454896549945,51.93333333333334,41.91502764235135,42.803831639022114,43.00327606070935,42.63674971940248,0.41166077777777776,0.4199192828599942,27.266352339524634,27.48876198869002,19.021134153403406,27.087419628643282,23.146587716333233,23.338313690386745,23.214115713712637,23.050164221480834,19.036557769434268,23.307336922667943,23.1831066332341,23.019084320079294,1.0,0.0,0.8333333333333334,0.25,0.0,19.036557769434268,23.1831066332341,27.087419628643282,16.810321730895264,21.320441379376792,25.10501209258953,1.7571539675718453e-16,0.0,0.0,1.4027109680427528e-15,5.446345699278474e-14,converged
2025-01-15T23:30:00+08:00,15.5,-6.472222222222222,0.0,3.152777777777778,52.06666666666666,52.06666666666666,44.53333333333333,44.53333333333333,35.0,55.00000000000001,85.0,38.687207807643475,10.58873249718108,13.320549745968787,14.777925564493607,79.01220736143875,1.1172374581624995,52.06666666666666,52.06666666666666,52.0638663441976,41.91402669780274,42.82679947531494,43.09346794816843,42.6788358394273,0.4121166388888889,0.4208113797104667,27.264041831023295,27.48589007040024,19.017099140807005,27.08593583604963,23.143416264491464,23.33456504787904,23.211011926868437,23.047783542035706,19.032394342453056,23.30358465779882,23.179999037640798,23.016699649994052,1.0,0.0,0.8333333333333334,0.25,0.0,19.032394342453056,23.179999037640798,27.08593583604963,16.810321730895264,21.320441379376792,25.10501209258953,1.7571539675718453e-16,2.7664489944885217e-16,0.0,1.5766996290044552e-15,3.0762959115672016e-14,converged
2025-01-15T23:35:00+08:00,15.583333333333334,-6.5,0.0,3.1500000000000004,52.2,52.2,44.6,44.6,35.0,55.00000000000001,85.0,38.745122789391445,10.604583893134945,13.340490688702275,14.800048207554228,79.24894792501725,1.1222625066830707,52.06666666666666,52.06666666666666,52.06666666666666,41.924686115767535,42.837134118165096,43.10555660925821,42.68992938191013,0.4125725,0.4209912913524894,27.26171496746855,27.48300422984759,19.01301985562888,27.084435833909964,23.140212808924723,23.330788227711427,23.207879049641523,23.045372689256933,19.028187616283354,23.29980946768823,23.176867346177822,23.01428956811975,1.0,0.0,0.8333333333333334,0.25,0.0,19.028187616283354,23.176867346177822,27.084435833909964,16.78519419467569,21.288572259228246,25.06748591606847,2.9198413625024633e-16,4.147900118774503e-16,0.0,1.8254750000150376e-15,3.628860772713771e-14,converged
2025-01-15T23:40:00+08:00,15.666666666666666,-6.527777777777778,0.0,3.147222222222222,52.2,52.2,44.6,44.6,35.0,55.00000000000001,85.0,38.745122789391445,10.604583893134945,13.340490688702275,14.800048207554228,79.24894792501725,1.1222625066830707,52.06666666666666,52.06666666666666,52.06666666666666,41.92366317620666,42.83613362701451,43.10454880922726,42.68891995472304,0.41302836111111113,0.42103661202663417,27.259354046499865,27.48008783813723,19.00888415597902,27.08290433528132,23.136962409695794,23.326969154404065,23.20470365428407,23.04291880440232,19.023918913700417,23.2959920024646,23.173693119865096,23.01183644239252,1.0,0.0,0.8333333333333334,0.25,0.0,19.023918913700417,23.173693119865096,27.08290433528132,16.78519419467569,21.288572259228246,25.06748591606847,2.9198413625024633e-16,2.7649690906113066e-16,0.0,1.3524546086492363e-15,3.0702499564953834e-14,converged
2025-01-15T23:45:00+08:00,15.75,-6.555555555555555,0.0,3.1444444444444444,52.2,52.2,44.6,44.6,35.0,55.00000000000001,85.0,38.745122789391445,10.604583893134945,13.340490688702275,14.800048207554228,79.24894792501725,1.1222625066830707,52.06666666666666,52.06666666666666,52.06666666666666,41.922625797378764,42.835119188240554,43.10352697179752,42.6878964110563,0.41348422222222225,0.4210825664942629,27.256959178502115,27.477140989086163,19.004692296542938,27.081341427685025,23.133665259039834,23.323107991895316,23.20148589752948,23.04042203855937,19.019588546260746,23.292132425977627,23.170476515331377,23.009340423780948,1.0,0.0,0.8333333333333334,0.25,0.0,19.019588546260746,23.170476515331377,27.081341427685025,16.78519419467569,21.288572259228246,25.06748591606847,2.9198413625024633e-16,0.0,0.0,2.0976762873675744e-15,3.497402719233574e-14,converged
2025-01-15T23:50:00+08:00,15.833333333333334,-6.583333333333333,0.0,3.1416666666666666,52.2,52.2,44.6,44.6,35.0,55.00000000000001,85.0,38.745122789391445,10.604583893134945,13.340490688702275,14.800048207554228,79.24894792501725,1.1222625066830707,52.15239482147532,52.06666666666666,52.06666666666666,41.97502561599532,42.834090854818186,43.10249115399308,42.701488564305656,0.4139400833333333,0.421525782111492,27.254680033410068,27.474305472337292,19.00060073713819,27.07987541171398,23.130321548404783,23.319204903487485,23.198225935533394,23.037882542285125,19.01519682395464,23.288230901441953,23.167217688628657,23.00680166272411,1.0,0.0,0.8333333333333334,0.25,0.0,19.01519682395464,23.167217688628657,27.07987541171398,16.78519419467569,21.288572259228246,25.06748591606847,2.9198413625024633e-16,5.523520826830155e-16,0.0,1.5568476654180392e-16,3.99429370858949e-14,converged
2025-01-15T23:55:00+08:00,15.916666666666666,-6.611111111111112,0.0,3.138888888888889,52.2,52.2,44.6,44.6,35.0,55.00000000000001,85.0,38.745122789391445,10.604583893134945,13.340490688702275,14.800048207554228,79.24894792501725,1.1222625066830707,52.2,52.16563807308725,52.06666666666666,42.00371069041981,42.90042201235296,43.10144141260101,42.7317774667528,0.41439594444444444,0.42228086400502146,27.252449592731562,27.471517813385518,18.99653936458868,27.07844890317213,23.127122860599616,23.315441385250605,23.195096203029042,23.03546455169673,19.010744055214072,23.284287591439643,23.163916795234297,23.00422030913346,1.0,0.0,0.8333333333333334,0.25,0.0,19.010744055214072,23.163916795234297,27.07844890317213,16.78519419467569,21.288572259228246,25.06748591606847,2.9198413625024633e-16,1.37841104996828e-16,0.0,1.659174846343141e-15,4.178745517948013e-14,converged
2025-01-16T00:00:00+08:00,16.0,-6.638888888888888,0.0,3.136111111111111,52.2,52.2,44.6,44.6,35.0,55.00000000000001,85.0,38.745122789391445,10.604583893134945,13.340490688702275,14.800048207554228,79.24894792501725,1.1222625066830707,52.2,52.2,52.1982003755715,42.00271441103138,42.92282374411373,43.19237584446412,42.77395358656517,0.41485180555555556,0.4231742801080197,27.250184782118996,27.468699301778337,18.99242149670012,27.07699069391989,23.12394352291459,23.311698397216457,23.191983644115233,23.033060423103592,19.006498169781,23.280542995291707,23.16080233240808,23.00181400013781,1.0,0.0,0.8333333333333334,0.25,0.0,19.006498169781,23.16080233240808,27.07699069391989,16.78519419467569,21.288572259228246,25.06748591606847,2.9198413625024633e-16,4.126502742459392e-16,0.0,9.792845561001087e-16,3.534811560145404e-14,converged
2025-01-16T00:05:00+08:00,16.083333333333332,-6.666666666666667,0.0,3.1333333333333333,52.333333333333336,52.333333333333336,44.666666666666664,44.666666666666664,35.0,55.00000000000001,85.0,38.803037771139415,10.620435289088807,13.360431631435759,14.822170850614844,79.48604262556444,1.1273026002478708,52.2,52.2,52.2,42.01341646461446,42.93318894348571,43.203789623947536,42.78481152498572,0.4153076666666667,0.4233495154543377,27.24790353230047,27.465866767501073,18.988259757263318,27.075516255096026,23.120732255461302,23.30792725125742,23.18884206450307,23.03062623665225,19.00220739905404,23.276773662753467,23.157662104048356,22.999380738273114,1.0,0.0,0.75,0.25,0.0,19.00220739905404,23.157662104048356,27.075516255096026,16.760141666026925,21.256798270781637,25.03007175798479,5.822263845145757e-17,5.499726234574672e-16,0.0,1.4976605635710823e-15,3.704754840767813e-14,converged
2025-01-16T00:10:00+08:00,16.166666666666668,-6.694444444444444,0.0,3.1305555555555555,52.333333333333336,52.333333333333336,44.666666666666664,44.666666666666664,35.0,55.00000000000001,85.0,38.803037771139415,10.620435289088807,13.360431631435759,14.822170850614844,79.48604262556444,1.1273026002478708,52.2,52.2,52.2,42.01239823379282,42.93218681625758,43.20277556788603,42.78380043355275,0.41576352777777775,0.4233949787044219,27.2455880788689,27.463003520299317,18.984041977158483,27.074010249661207,23.11747407801686,23.304113832010678,23.185658000319492,23.028149101144912,18.99785507613119,23.27296203428351,23.154479373767842,22.99690451495929,1.0,0.0,0.75,0.25,0.0,18.99785507613119,23.154479373767842,27.074010249661207,16.760141666026925,21.256798270781637,25.03007175798479,5.822263845145757e-17,4.124351764273261e-16,0.0,2.0672729073364818e-15,3.5689029047629315e-14,converged
2025-01-16T00:15:00+08:00,16.25,-6.722222222222222,0.0,3.1277777777777778,52.333333333333336,52.333333333333336,44.666666666666664,44.666666666666664,35.0,55.00000000000001,85.0,38.803037771139415,10.620435289088807,13.360431631435759,14.822170850614844,79.48604262556444,1.1273026002478708,52.2,52.2,52.2,42.01136558164525,42.931170769327494,43.20174752680874,42.78277526017388,0.4162193888888889,0.4234410751425711,27.243238532707394,27.460109654507583,18.979768409404404,27.07247276535091,23.114169182702856,23.30025830351354,23.18243160819403,23.025629167396705,18.9934415104609,23.269108273833208,23.151254298094074,22.994385480895193,1.0,0.0,0.75,0.25,0.0,18.9934415104609,23.151254298094074,27.07247276535091,16.760141666026925,21.256798270781637,25.03007175798479,5.822263845145757e-17,2.749268520720107e-16,0.0,1.931506674650768e-15,3.4570703031397236e-14,converged
2025-01-16T00:20:00+08:00,16.333333333333332,-6.75,0.0,3.125,52.333333333333336,52.333333333333336,44.666666666666664,44.666666666666664,35.0,55.00000000000001,85.0,38.803037771139415,10.620435289088807,13.360431631435759,14.822170850614844,79.48604262556444,1.1273026002478708,52.28639622223928,52.2,52.2,42.06422378929452,42.93014085557273,43.200705557511164,42.79648998111193,0.41667525,0.42388766386665067,27.241005790223404,27.457328121862325,18.97559675985359,27.071033154119228,23.110817760854058,23.29636082916679,23.17916304417876,23.023066585693172,18.988967009935884,23.265212544718402,23.147987032978122,22.991823786251057,1.0,0.0,0.75,0.25,0.0,18.988967009935884,23.147987032978122,27.071033154119228,16.760141666026925,21.256798270781637,25.03007175798479,5.822263845145757e-17,5.492744033407752e-16,0.0,7.529286596079716e-16,7.106697684835275e-14,converged
2025-01-16T00:25:00+08:00,16.416666666666668,-6.777777777777778,0.0,3.1222222222222222,52.333333333333336,52.333333333333336,44.666666666666664,44.666666666666664,35.0,55.00000000000001,85.0,38.803037771139415,10.620435289088807,13.360431631435759,14.822170850614844,79.48604262556444,1.1273026002478708,52.333333333333336,52.29981871277915,52.2,42.092517398669386,42.99708644698227,43.1996497165528,42.82688096741545,0.4171311111111111,0.424644180408583,27.238820472526378,27.454593211698295,18.971454462212172,27.069632008265394,23.107613083051103,23.292604504442355,23.176026262460745,23.020627039266284,18.984431880900956,23.26127500962188,23.144677733796716,22.989219580670355,1.0,0.0,0.75,0.25,0.0,18.984431880900956,23.144677733796716,27.069632008265394,16.760141666026925,21.256798270781637,25.03007175798479,5.822263845145757e-17,2.74147927130245e-16,0.0,1.259602038867783e-15,3.588134096408618e-14,converged
2025-01-16T00:30:00+08:00,16.5,-6.805555555555556,0.0,3.1194444444444445,52.333333333333336,52.333333333333336,44.666666666666664,44.666666666666664,35.0,55.00000000000001,85.0,38.803037771139415,10.620435289088807,13.360431631435759,14.822170850614844,79.48604262556444,1.1273026002478708,52.333333333333336,52.333333333333336,52.332531419787074,42.091525831280116,43.01892319953788,43.29132548258375,42.86914702500929,0.41758697222222224,0.4255389064721866,27.23660064021839,27.45182728875807,18.967256036124688,27.06819909209187,23.104426162921555,23.28886715016429,23.172905224565586,23.018200043595694,18.980106128731528,23.257538053274256,23.141556689094454,22.986792207389996,1.0,0.0,0.75,0.25,0.0,18.980106128731528,23.141556689094454,27.06819909209187,16.760141666026925,21.256798270781637,25.03007175798479,5.822263845145757e-17,1.3678575572800623e-16,0.0,4.646916887943936e-15,5.109680544420759e-14,converged
2025-01-16T00:35:00+08:00,16.583333333333332,-6.833333333333333,0.0,3.1166666666666667,52.46666666666667,52.46666666666667,44.733333333333334,44.733333333333334,35.0,55.00000000000001,85.0,38.86095275288738,10.63628668504267,13.380372574169245,14.844293493675465,79.72349146308031,1.1323577613457547,52.333333333333336,52.333333333333336,52.333333333333336,42.10227035353729,43.029318884742594,43.302065844179126,42.87976984845366,0.4180428333333333,0.4257094700420738,27.234364286267702,27.449047244614132,18.963014129206396,27.066749926712898,23.101207385503567,23.285101657491794,23.16975523436923,23.015743103364873,18.97573389753459,23.253774553716607,23.138408212213115,22.984336342082816,1.0,0.0,0.75,0.25,0.0,18.97573389753459,23.138408212213115,27.066749926712898,16.735163809594695,21.22511898870894,24.99276911751089,1.1609845571975586e-16,5.469238061132595e-16,0.0,6.362258299818065e-16,2.9912669426208674e-14,converged
2025-01-16T00:40:00+08:00,16.666666666666668,-6.861111111111111,0.0,3.113888888888889,52.46666666666667,52.46666666666667,44.733333333333334,44.733333333333334,35.0,55.00000000000001,85.0,38.86095275288738,10.63628668504267,13.380372574169245,14.844293493675465,79.72349146308031,1.1323577613457547,52.333333333333336,52.333333333333336,52.333333333333336,42.101256876937526,43.02831522000745,43.301045781394365,42.878757234394286,0.41849869444444443,0.4257550697141196,27.23209358476368,27.446236328209665,18.9587165451553,27.065269125373405,23.097941730532465,23.28129387145438,23.1665627920889,23.013243295079228,18.97130052542892,23.24996873749319,23.135217265281913,22.98183759572556,1.0,0.0,0.75,0.25,0.0,18.97130052542892,23.135217265281913,27.065269125373405,16.735163809594695,21.22511898870894,24.99276911751089,1.1609845571975586e-16,5.468652288984079e-16,0.0,3.045978104117843e-15,2.98840003794366e-14,converged
2025-01-16T00:45:00+08:00,16.75,-6.888888888888889,0.0,3.111111111111111,52.46666666666667,52.46666666666667,44.733333333333334,44.733333333333334,35.0,55.00000000000001,85.0,38.86095275288738,10.63628668504267,13.380372574169245,14.844293493675465,79.72349146308031,1.1323577613457547,52.333333333333336,52.333333333333336,52.333333333333336,42.10022899641087,43.02729766307607,43.300011784776736,42.87773057217285,0.41895455555555555,0.4258013019979454,27.229788647080497,27.443394634389385,18.954363535369495,27.063756776020917,23.09462939002125,23.277443956188,23.163328054254126,23.010700769288473,18.96680631981951,23.246120768656684,23.131984004730977,22.979296118754263,1.0,0.0,0.75,0.25,0.0,18.96680631981951,23.131984004730977,27.063756776020917,16.735163809594695,21.22511898870894,24.99276911751089,1.1609845571975586e-16,8.202087777610638e-16,0.0,5.0128988316616e-16,3.6356083928773535e-14,converged
2025-01-16T00:50:00+08:00,16.833333333333332,-6.916666666666667,0.0,3.1083333333333334,52.46666666666667,52.46666666666667,44.733333333333334,44.733333333333334,35.0,55.00000000000001,85.0,38.86095275288738,10.63628668504267,13.380372574169245,14.844293493675465,79.72349146308031,1.1323577613457547,52.42039563174414,52.333333333333336,52.333333333333336,42.15354488495839,43.02626626672956,43.29896391089868,42.891567794952756,0.4194104166666667,0.4262512503427284,27.22760159340212,27.44066627442927,18.950114048539444,27.062343279665523,23.091270555196424,23.273552075191617,23.160051176817287,23.0081156760136,18.962251586565785,23.24223081062377,23.12870858641426,22.976712061077198,1.0,0.0,0.75,0.25,0.0,18.962251586565785,23.12870858641426,27.062343279665523,16.735163809594695,21.22511898870894,24.99276911751089,1.1609845571975586e-16,1.365571616896499e-16,0.0,3.986584227491811e-16,4.45236039799227e-14,converged
2025-01-16T00:55:00+08:00,16.916666666666668,-6.944444444444444,0.0,3.1055555555555556,52.46666666666667,52.46666666666667,44.733333333333334,44.733333333333334,35.0,55.00000000000001,85.0,38.86095275288738,10.63628668504267,13.380372574169245,14.844293493675465,79.72349146308031,1.1323577613457547,52.46666666666667,52.433996826967764,52.33352615686638,42.18144769753057,43.09382523789702,43.29803717369963,42.92211233068143,0.41986627777777774,0.4270101870873142,27.22546068958859,27.43798330637958,18.945893071664567,27.060967209514676,23.08806018023569,23.269802919380744,23.156907629664335,23.00565514202968,18.95763702344318,23.238299379369362,23.125391501143877,22.974085891631272,1.0,0.0,0.75,0.25,0.0,18.95763702344318,23.125391501143877,27.060967209514676,16.735163809594695,21.22511898870894,24.99276911751089,1.1609845571975586e-16,0.0,0.0,1.1744099865765285e-16,4.2034321745918205e-14,converged
2025-01-16T01:00:00+08:00,17.0,-6.972222222222222,0.0,3.102777777777778,52.46666666666667,52.46666666666667,44.733333333333334,44.733333333333334,35.0,55.00000000000001,85.0,38.86095275288738,10.63628668504267,13.380372574169245,14.844293493675465,79.72349146308031,1.1323577613457547,52.46666666666667,52.46666666666667,52.46666666666667,42.18046088555554,43.115098131806384,43.390183144698035,42.964365156528714,0.42032213888888886,0.4279042232625695,27.22328512871844,27.43526916783546,18.94161632315179,27.05955930019959,23.084865973302634,23.26607117813006,23.15377839911887,23.003205849007184,18.95323352569683,23.234569680794387,23.122263817727625,22.971637696888383,1.0,0.0,0.75,0.25,0.0,18.95323352569683,23.122263817727625,27.05955930019959,16.735163809594695,21.22511898870894,24.99276911751089,1.1609845571975586e-16,5.441185924238954e-16,0.0,5.441185924238951e-16,2.9698792816314084e-14,converged
2025-01-16T01:05:00+08:00,17.083333333333332,-7.0,0.0,3.1,52.6,52.6,44.8,44.8,35.0,55.00000000000001,85.0,38.91886773463535,10.652138080996535,13.400313516902731,14.866416136736085,79.96129443756489,1.137428012465578,52.46666666666667,52.46666666666666,52.46666666666667,42.191247706559366,43.12552422984337,43.40038649793836,42.97480489972146,0.420778,0.4280711150906222,27.221092965451636,27.432540811394063,18.937296474478398,27.05813512242978,23.081639980115877,23.262311317812753,23.15062028340712,23.000726722586798,18.94878234137198,23.2308119896957,23.119107374046205,22.96915979246426,1.0,0.0,0.75,0.25,0.0,18.94878234137198,23.119107374046205,27.05813512242978,16.71026029202089,21.193533990213837,24.955577496800306,1.1575318169314814e-16,4.07929842926764e-16,0.0,8.569380382721144e-16,3.703871585434132e-14,converged
2025-01-16T01:10:00+08:00,17.166666666666668,-7.027777777777778,0.0,3.0972222222222223,52.6,52.6,44.8,44.8,35.0,55.00000000000001,85.0,38.91886773463535,10.652138080996535,13.400313516902731,14.866416136736085,79.96129443756489,1.137428012465578,52.46666666666667,52.46666666666666,52.46666666666667,42.190239026288566,43.12451912362626,43.399360670367514,42.97379090003954,0.4212338611111111,0.42811684521029736,27.218866312910652,27.429781425746633,18.93292130221188,27.056679240111723,23.078367140612233,23.258509144124172,23.147419747051565,22.998204807136464,18.944270414877934,23.22701196128162,23.115908491151913,22.96663908542641,1.0,0.0,0.6666666666666666,0.25,0.0,18.944270414877934,23.115908491151913,27.056679240111723,16.71026029202089,21.193533990213837,24.955577496800306,1.1575318169314814e-16,5.438483588271322e-16,0.0,9.909266394198462e-16,2.7194066695806364e-14,converged
2025-01-16T01:15:00+08:00,17.25,-7.055555555555556,0.0,3.0944444444444446,52.6,52.6,44.8,44.8,35.0,55.00000000000001,85.0,38.91886773463535,10.652138080996535,13.400313516902731,14.866416136736085,79.96129443756489,1.137428012465578,52.46666666666667,52.46666666666666,52.46666666666667,42.189215958968354,43.12350015231241,43.39832095898096,42.97276288525148,0.42168972222222223,0.4281632073937618,27.216605282953683,27.426991106240912,18.928491056174447,27.055191741402925,23.075047646700924,23.2546648212986,23.144176946485512,22.9956402529473,18.93969805163893,23.22316975970577,23.112667325381196,22.964075725954817,1.0,0.0,0.6666666666666666,0.25,0.0,18.93969805163893,23.112667325381196,27.055191741402925,16.71026029202089,21.193533990213837,24.955577496800306,1.1575318169314814e-16,1.0875789401481483e-15,0.0,1.5270790326213553e-15,4.164858268094288e-14,converged
2025-01-16T01:20:00+08:00,17.333333333333332,-7.083333333333333,0.0,3.091666666666667,52.6,52.6,44.8,44.8,35.0,55.00000000000001,85.0,38.91886773463535,10.652138080996535,13.400313516902731,14.866416136736085,79.96129443756489,1.137428012465578,52.55439305887944,52.46666666666666,52.46666666666667,42.24298881830158,43.12246736858824,43.39726742013344,42.98672253982594,0.4221455833333333,0.4286165020757927,27.21446321685368,27.424315121146513,18.924165924708827,27.053804074071557,23.071681689505006,23.250778512932868,23.140892037565404,22.993033209782542,18.935065555543485,23.219285548485303,23.109384032494592,22.96146986370253,1.0,0.0,0.6666666666666666,0.25,0.0,18.935065555543485,23.109384032494592,27.053804074071557,16.71026029202089,21.193533990213837,24.955577496800306,1.1575318169314814e-16,8.14821556774888e-16,0.0,9.901618189317563e-16,3.9626029838238536e-14,converged
2025-01-16T01:25:00+08:00,17.416666666666668,-7.111111111111111,0.0,3.088888888888889,52.6,52.6,44.8,44.8,35.0,55.00000000000001,85.0,38.91886773463535,10.652138080996535,13.400313516902731,14.866416136736085,79.96129443756489,1.137428012465578,52.6,52.56817242692763,52.46785126675199,42.27050149806135,43.19063866553476,43.39702965518164,43.01763430507059,0.4226014444444444,0.42938197518806914,27.21236603035417,27.42168330208965,18.919868454493013,27.052452796632423,23.068465902639822,23.247036501442256,23.137742002134818,22.99055224440159,18.930375646538444,23.215361660871864,23.106060829530698,22.95882361146747,1.0,0.0,0.6666666666666666,0.25,0.0,18.930375646538444,23.106060829530698,27.052452796632423,16.71026029202089,21.193533990213837,24.955577496800306,1.1575318169314814e-16,2.711229826914484e-16,0.0,3.8408361636917234e-16,4.7961406928950565e-14,converged
2025-01-16T01:30:00+08:00,17.5,-7.138888888888889,0.0,3.0861111111111112,52.6,52.6,44.8,44.8,35.0,55.00000000000001,85.0,38.91886773463535,10.652138080996535,13.400313516902731,14.866416136736085,79.96129443756489,1.137428012465578,52.6,52.599999999999994,52.6,42.269519481621145,43.21134881665139,43.48852535353474,43.05944628893302,0.42305730555555554,0.4302670609785748,27.210234046544734,27.419020157182956,18.915515559630705,27.051069611938786,23.065264696973603,23.243310352482077,23.134604858659568,22.98808121166054,18.9258952123198,23.21163772733492,23.102925388789526,22.95635382107972,1.0,0.0,0.6666666666666666,0.25,0.0,18.9258952123198,23.102925388789526,27.051069611938786,16.71026029202089,21.193533990213837,24.955577496800306,1.1575318169314814e-16,8.116957981549863e-16,0.0,0.0,3.904033919523892e-14,converged
2025-01-16T01:35:00+08:00,17.583333333333332,-7.166666666666667,0.0,3.0833333333333335,52.733333333333334,52.733333333333334,44.86666666666667,44.86666666666667,35.0,55.00000000000001,85.0,38.97678271638331,10.667989476950398,13.420254459636217,14.888538779796702,80.1994515490182,1.1425133760961967,52.6,52.6,52.6,42.28034842861957,43.221805252285854,43.49875276887914,43.069917199077736,0.42351316666666666,0.43043441165280516,27.208085381235048,27.41634269949251,18.91111993549252,27.049670139918565,23.06203177467444,23.23955610358233,23.13143889591516,22.985580454589325,18.9213675077253,23.207885820244968,23.0997612535203,22.953854429891877,1.0,0.0,0.6666666666666666,0.25,0.0,18.9213675077253,23.0997612535203,27.049670139918565,16.685430781928734,21.162042855012928,24.91849640096554,1.7311416845151868e-16,0.0,1.1936621695879463e-16,3.3674452052084423e-15,3.26937679861255e-14,converged
2025-01-16T01:40:00+08:00,17.666666666666668,-7.194444444444444,0.0,3.0805555555555557,52.733333333333334,52.733333333333334,44.86666666666667,44.86666666666667,35.0,55.00000000000001,85.0,38.97678271638331,10.667989476950398,13.420254459636217,14.888538779796702,80.1994515490182,1.1425133760961967,52.6,52.6,52.6,42.279344583537174,43.22079879812647,43.497721411302884,43.06890194629881,0.42396902777777773,0.4304802664204609,27.205902087111127,27.413634058001517,18.90666933157107,27.048238895513816,23.058752036123217,23.235759521375908,23.12823054294371,22.983036985578256,18.91677944752485,23.20409155527422,23.09655470886482,22.95131231260514,1.0,0.0,0.6666666666666666,0.25,0.0,18.91677944752485,23.09655470886482,27.048238895513816,16.685430781928734,21.162042855012928,24.91849640096554,1.7311416845151868e-16,1.3521563113096227e-16,1.1936621695879463e-16,2.729511017464202e-16,3.431541288533372e-14,converged
2025-01-16T01:45:00+08:00,17.75,-7.222222222222222,0.0,3.077777777777778,52.733333333333334,52.733333333333334,44.86666666666667,44.86666666666667,35.0,55.00000000000001,85.0,38.97678271638331,10.667989476950398,13.420254459636217,14.888538779796702,80.1994515490182,1.1425133760961967,52.6,52.6,52.6,42.27832636778096,43.21977850557293,43.4966762187956,43.06787271076305,0.42442488888888885,0.4305267527313921,27.20368427650824,27.410894328553674,18.902163996156304,27.046775967089943,23.055425673130085,23.23192077019511,23.124979956086012,22.980450954666527,18.912131335222792,23.20025509667689,23.093305911069496,22.948727619150063,1.0,0.0,0.6666666666666666,0.25,0.0,18.912131335222792,23.093305911069496,27.046775967089943,16.685430781928734,21.162042855012928,24.91849640096554,1.7311416845151868e-16,9.46407218156044e-16,1.1936621695879463e-16,2.981308656019467e-15,2.7347956799203812e-14,converged
2025-01-16T01:50:00+08:00,17.833333333333332,-7.25,0.0,3.075,52.733333333333334,52.733333333333334,44.86666666666667,44.86666666666667,35.0,55.00000000000001,85.0,38.97678271638331,10.667989476950398,13.420254459636217,14.888538779796702,80.1994515490182,1.1425133760961967,52.6883885124819,52.6,52.6,42.33255548593639,43.21874442721841,43.49561724749966,43.08195472302057,0.42488075,0.43098338066488345,27.201586509109376,27.4082699338745,18.897765354068817,27.04541384688258,23.052052876719337,23.228040013734322,23.12168729110624,22.97782251136628,18.907423472797273,23.19637660807025,23.090015015805086,22.946100498931074,1.0,0.0,0.6666666666666666,0.25,0.0,18.907423472797273,23.090015015805086,27.04541384688258,16.685430781928734,21.162042855012928,24.91849640096554,1.7311416845151868e-16,4.051733560375557e-16,1.1936621695879463e-16,2.4724007162018158e-15,5.2289144623274236e-14,converged
2025-01-16T01:55:00+08:00,17.916666666666668,-7.277777777777778,0.0,3.0722222222222224,52.733333333333334,52.733333333333334,44.86666666666667,44.86666666666667,35.0,55.00000000000001,85.0,38.97678271638331,10.667989476950398,13.420254459636217,14.888538779796702,80.1994515490182,1.1425133760961967,52.733333333333334,52.70234552386631,52.60217342930758,42.35967869274088,43.28752699615866,43.49606735779208,43.11323311651324,0.42533661111111115,0.43175536801118136,27.199532355658434,27.405688484011428,18.893393518024816,27.04408708309923,23.048831955799635,23.224305121979203,23.118531038077936,22.975321658875334,18.9026605971216,23.19246023550847,23.08668596209262,22.94343470457044,1.0,0.0,0.6666666666666666,0.25,0.0,18.9026605971216,23.08668596209262,27.04408708309923,16.685430781928734,21.162042855012928,24.91849640096554,1.7311416845151868e-16,4.0444889786727544e-16,1.1936621695879463e-16,1.170097562651603e-15,5.307806117152269e-14,converged
2025-01-16T02:00:00+08:00,18.0,-7.305555555555556,0.0,3.0694444444444446,52.733333333333334,52.733333333333334,44.86666666666667,44.86666666666667,35.0,55.00000000000001,85.0,38.97678271638331,10.667989476950398,13.420254459636217,14.888538779796702,80.1994515490182,1.1425133760961967,52.733333333333334,52.733333333333334,52.733333333333334,42.358701508786766,43.30767551569176,43.58691421940398,43.15460519960293,0.4257924722222223,0.4326315200771827,27.19744326679843,27.403075555266856,18.88896659476998,27.042728344715087,23.04562403208256,23.220584544567476,23.11538625492648,22.972829432204612,18.898105598894972,23.188742042821097,23.083543034074488,22.940943861207145,1.0,0.0,0.6666666666666666,0.25,0.0,18.898105598894972,23.083543034074488,27.042728344715087,16.685430781928734,21.162042855012928,24.91849640096554,1.7311416845151868e-16,0.0,1.1936621695879463e-16,0.0,3.021634868090004e-14,converged
2025-01-16T02:05:00+08:00,18.083333333333332,-7.333333333333333,0.0,3.066666666666667,52.86666666666667,52.86666666666667,44.93333333333333,44.93333333333333,35.0,55.00000000000001,85.0,39.03469769813128,10.68384087290426,13.440195402369703,14.910661422857318,80.43796279744019,1.147613874726465,52.733333333333334,52.73333333333335,52.733333333333334,42.369572406356305,43.318162211529774,43.597165797649126,43.165107240540976,0.42624833333333334,0.4327993218300526,27.195337418953073,27.400448220626746,18.8844973035935,27.04135330050292,23.042384459969703,23.216835886144345,23.112212717189163,22.970307588217064,18.89350373460035,23.184995895362288,23.080371476061746,22.93842352388148,1.0,0.0,0.6666666666666666,0.25,0.0,18.89350373460035,23.080371476061746,27.04135330050292,16.66067494990807,21.13064516531706,24.8815253380561,2.3013447684543585e-16,1.7483844213882796e-15,0.0,2.2590715200190916e-15,2.627362565524321e-14,converged
2025-01-16T02:10:00+08:00,18.166666666666668,-7.361111111111111,0.0,3.063888888888889,52.86666666666667,52.86666666666667,44.93333333333333,44.93333333333333,35.0,55.00000000000001,85.0,39.03469769813128,10.68384087290426,13.440195402369703,14.910661422857318,80.43796279744019,1.147613874726465,52.733333333333334,52.73333333333335,52.733333333333334,42.36857343219772,43.31715450054125,43.596129137898956,43.16409086284558,0.42670419444444446,0.43284529561589574,27.193196804896214,27.397789549903674,18.879973366972525,27.039946416811087,23.03909810052791,23.213044874550167,23.10899681864154,22.96774310748564,18.888841889447175,23.181207369541305,23.077157537502067,22.935860535090598,1.0,0.0,0.6666666666666666,0.25,0.0,18.888841889447175,23.077157537502067,27.039946416811087,16.66067494990807,21.13064516531706,24.8815253380561,2.3013447684543585e-16,1.7481987202803443e-15,0.0,1.3635902270653076e-15,2.7911995246523455e-14,converged
2025-01-16T02:15:00+08:00,18.25,-7.388888888888889,0.0,3.0611111111111113,52.86666666666667,52.86666666666667,44.93333333333333,44.93333333333333,35.0,55.00000000000001,85.0,39.03469769813128,10.68384087290426,13.440195402369703,14.910661422857318,80.43796279744019,1.147613874726465,52.733333333333334,52.73333333333335,52.733333333333334,42.36756010325816,43.316132977473366,43.59507869100242,43.16306053405681,0.4271600555555556,0.432891900451183,27.19102153743339,27.39509963943035,18.87539503170721,27.038507782210885,23.03576514547285,23.209211674214952,23.105738715535484,22.965136139804155,18.884120365078942,23.177376629712587,23.073901374555376,22.933255044522106,1.0,0.0,0.6666666666666666,0.25,0.0,18.884120365078942,23.073901374555376,27.038507782210885,16.66067494990807,21.13064516531706,24.8815253380561,2.3013447684543585e-16,1.0756987756583164e-15,0.0,8.329864244838069e-16,2.6859999719272458e-14,converged
2025-01-16T02:20:00+08:00,18.333333333333332,-7.416666666666667,0.0,3.0583333333333336,52.86666666666667,52.86666666666667,44.93333333333333,44.93333333333333,35.0,55.00000000000001,85.0,39.03469769813128,10.68384087290426,13.440195402369703,14.910661422857318,80.43796279744019,1.147613874726465,52.822382001335775,52.73333333333335,52.733333333333334,42.42224476654409,43.31509769482736,43.59401451289449,43.177264825953806,0.4276159166666667,0.43335184874312654,27.188967391987223,27.392526063858543,18.870924955932878,27.037170931122024,23.032385785734622,23.20533644893034,23.10243856354652,22.962486834440167,18.879339461622187,23.173503839593163,23.0706031428062,22.930607201338272,1.0,0.0,0.6666666666666666,0.25,0.0,18.879339461622187,23.0706031428062,27.037170931122024,16.66067494990807,21.13064516531706,24.8815253380561,2.3013447684543585e-16,9.402374250301027e-16,0.0,1.2222593217533189e-15,5.209297880989792e-14,converged
2025-01-16T02:25:00+08:00,18.416666666666668,-7.444444444444444,0.0,3.055555555555556,52.86666666666667,52.86666666666667,44.93333333333333,44.93333333333333,35.0,55.00000000000001,85.0,39.03469769813128,10.68384087290426,13.440195402369703,14.910661422857318,80.43796279744019,1.147613874726465,52.86666666666667,52.836516128924885,52.73649265765184,42.448979156236874,43.38449048222373,43.59515139779452,43.208909244025335,0.4280717777777778,0.4341303284194473,27.186955599402914,27.38999421648709,18.866480824738122,27.035868405816306,23.029160001385918,23.201608652337296,23.099276357264003,22.959966627496833,18.874505927650667,23.169594953581846,23.067268499029325,22.9279223939636,1.0,0.0,0.6666666666666666,0.25,0.0,18.874505927650667,23.067268499029325,27.035868405816306,16.66067494990807,21.13064516531706,24.8815253380561,2.3013447684543585e-16,5.36315084231834e-16,0.0,2.68570586905233e-16,4.80050224971638e-14,converged
2025-01-16T02:30:00+08:00,18.5,-7.472222222222222,0.0,3.0527777777777776,52.86666666666667,52.86666666666667,44.93333333333333,44.93333333333333,35.0,55.00000000000001,85.0,39.03469769813128,10.68384087290426,13.440195402369703,14.910661422857318,80.43796279744019,1.147613874726465,52.86666666666667,52.86666666666668,52.86666666666667,42.44800683867189,43.40407847679803,43.6853508489758,43.249842361477015,0.4285276388888889,0.43499756350658947,27.18490873542705,27.387430739487765,18.861981934466577,27.034533839297307,23.025945633090593,23.19789362572968,23.096124201363505,22.95745374108361,18.86987866737641,23.165882477627825,23.06411834752929,22.925411028767726,1.0,0.0,0.6666666666666666,0.25,0.0,18.86987866737641,23.06411834752929,27.034533839297307,16.66067494990807,21.13064516531706,24.8815253380561,2.3013447684543585e-16,5.352458569583291e-16,0.0,1.3381146423958227e-16,3.643086117661232e-14,converged
2025-01-16T02:35:00+08:00,18.583333333333332,-7.5,0.0,3.0500000000000003,53.0,53.0,45.0,45.0,35.0,55.00000000000001,85.0,39.09261267987926,10.699692268858126,13.46013634510319,14.932784065917943,80.67682818283092,1.1527295308452399,52.86666666666667,52.86666666666667,52.86666666666667,42.45891950886546,43.4145953533596,43.695626683175824,43.26037549268326,0.4289835,0.43516580874390326,27.182845036567944,27.38485276522393,18.85744102834538,27.033182948812367,23.022699683282735,23.194150536841768,23.092943354370078,22.954911342351934,18.865204933793144,23.16214206549639,23.060939629387608,22.922870274442907,1.0,0.0,0.6666666666666666,0.25,0.0,18.865204933793144,23.060939629387608,27.033182948812367,16.6359924685008,21.099340505812886,24.84466381903675,1.7208982650771557e-16,1.3375972961084092e-16,0.0,1.0142010211139174e-15,2.4669557954618168e-14,converged
2025-01-16T02:40:00+08:00,18.666666666666668,-7.527777777777778,0.0,3.0472222222222225,53.0,53.0,45.0,45.0,35.0,55.00000000000001,85.0,39.09261267987926,10.699692268858126,13.46013634510319,14.932784065917943,80.67682818283092,1.1527295308452399,52.86666666666667,52.86666666666667,52.86666666666667,42.45792543836166,43.413586474286014,43.69458494233546,43.25935811403636,0.42943936111111114,0.4352118960832999,27.18074643620554,27.382243304868577,18.85284580189929,27.03180015248366,23.01940697395635,23.190365074989547,23.089720175005912,22.952326380218093,18.86047158263272,23.158359254605216,23.05771855857357,22.920286941444928,1.0,0.0,0.6666666666666666,0.25,0.0,18.86047158263272,23.05771855857357,27.03180015248366,16.6359924685008,21.099340505812886,24.84466381903675,1.7208982650771557e-16,5.349822597893915e-16,0.0,2.191022524034339e-15,2.9431570259401436e-14,converged
2025-01-16T02:45:00+08:00,18.75,-7.555555555555556,0.0,3.0444444444444443,53.0,53.0,45.0,45.0,35.0,55.00000000000001,85.0,39.09261267987926,10.699692268858126,13.46013634510319,14.932784065917943,80.67682818283092,1.1527295308452399,52.86666666666667,52.86666666666667,52.86666666666667,42.456917028505465,43.41256380906883,43.693529461064706,43.258326815293735,0.42989522222222226,0.4352586140042189,27.17861304760894,27.37960245523659,18.84819650048,27.03038553908637,23.01606769673709,23.186537404700424,23.086454819437492,22.949699004236926,18.855678913735094,23.15453420940861,23.054455291164096,22.9176611792248,1.0,0.0,0.6666666666666666,0.25,0.0,18.855678913735094,23.054455291164096,27.03038553908637,16.6359924685008,21.099340505812886,24.84466381903675,1.7208982650771557e-16,5.349248381598091e-16,0.0,1.4096902647207754e-15,2.82353314317658e-14,converged
2025-01-16T02:50:00+08:00,18.833333333333332,-7.583333333333333,0.0,3.0416666666666665,53.0,53.0,45.0,45.0,35.0,55.00000000000001,85.0,39.09261267987926,10.699692268858126,13.46013634510319,14.932784065917943,80.67682818283092,1.1527295308452399,52.95637353417331,52.86666666666667,52.86666666666667,42.512056521621005,43.41152741011877,43.69246029509616,43.27265330498294,0.43035108333333333,0.4357218699496271,27.176601859278527,27.37707894038442,18.843657012385666,27.0290736829481,23.012682042465304,23.18266768986298,23.083147443255196,22.947029363437785,18.850827225432212,23.150667093722998,23.05114998266094,22.914993136708958,1.0,0.0,0.6666666666666666,0.25,0.0,18.850827225432212,23.05114998266094,27.0290736829481,16.6359924685008,21.099340505812886,24.84466381903675,1.7208982650771557e-16,1.0687122208521997e-15,0.0,2.864812649763202e-15,4.475188614357143e-14,converged
2025-01-16T02:55:00+08:00,18.916666666666668,-7.611111111111111,0.0,3.038888888888889,53.0,53.0,45.0,45.0,35.0,55.00000000000001,85.0,39.09261267987926,10.699692268858126,13.46013634510319,14.932784065917943,80.67682818283092,1.1527295308452399,53.0,52.97068425317833,52.87080896482569,42.53840274614761,43.481529362734044,43.69428285052588,43.304663141686184,0.43080694444444445,0.43650682027670296,27.17463176724583,27.374595941677416,18.83914260138608,27.027795124762925,23.009451658263412,23.178946963872715,23.07997954186352,22.944490323308834,18.84592527279113,23.146765665850133,23.04781000337927,22.912289834116507,1.0,0.0,0.6666666666666666,0.25,0.0,18.84592527279113,23.04781000337927,27.027795124762925,16.6359924685008,21.099340505812886,24.84466381903675,1.7208982650771557e-16,1.3334880054467281e-16,0.0,2.0676942534006814e-15,3.458184871632435e-14,converged
2025-01-16T03:00:00+08:00,19.0,-7.638888888888889,0.0,3.036111111111111,53.0,53.0,45.0,45.0,35.0,55.00000000000001,85.0,39.09261267987926,10.699692268858126,13.46013634510319,14.932784065917943,80.67682818283092,1.1527295308452399,53.0,53.0,53.0,42.53743532594366,43.50055793444839,43.78383630819524,43.34515822268644,0.4312628055555556,0.43736515521180824,27.172626469918875,27.37208116484369,18.834573750389577,27.026484459475775,23.00623111182682,23.1752374673254,23.07682027395227,22.941957299976426,18.841227984003915,23.14305888258663,23.04465288607529,22.90975846694068,1.0,0.0,0.6666666666666666,0.25,0.0,18.841227984003915,23.04465288607529,27.026484459475775,16.6359924685008,21.099340505812886,24.84466381903675,1.7208982650771557e-16,2.6617420349949217e-16,0.0,9.316097122482216e-16,2.5475026631157117e-14,converged
2025-01-16T03:05:00+08:00,19.083333333333332,-7.666666666666667,0.0,3.033333333333333,53.13333333333333,53.13333333333333,45.06666666666667,45.06666666666667,35.0,55.00000000000001,85.0,39.15052766162723,10.715543664811992,13.480077287836679,14.954906708978562,80.91604770519032,1.1578603669413752,53.0,53.0,53.0,42.54838958843321,43.51110491023894,43.794136483914905,43.355722399429624,0.4317186666666667,0.43753383650827665,27.170604263367256,27.369551801087937,18.82996322657497,27.025157452441483,23.002979049436053,23.171499927033654,23.073632377273658,22.939394867347616,18.836484603453627,23.139324181553764,23.04146726432487,22.907197813503398,1.0,0.0,0.6666666666666666,0.25,0.0,18.836484603453627,23.04146726432487,27.025157452441483,16.611383012186444,21.06812846364452,24.807911357765985,1.1438737439541372e-16,3.9910737906346805e-16,0.0,2.2246168251898516e-15,3.9530026353157286e-14,converged
2025-01-16T03:10:00+08:00,19.166666666666668,-7.694444444444444,0.0,3.0305555555555554,53.13333333333333,53.13333333333333,45.06666666666667,45.06666666666667,35.0,55.00000000000001,85.0,39.15052766162723,10.715543664811992,13.480077287836679,14.954906708978562,80.91604770519032,1.1578603669413752,53.0,53.0,53.0,42.547400451426526,43.51009494951131,43.7930898765157,43.35470413970622,0.43217452777777776,0.4375800320971837,27.168547022089356,27.366990803468376,18.825298698581168,27.023798473920376,22.99968025425274,23.1677199940555,23.070402175709077,22.936789942843134,18.831681957481134,23.13554706144719,23.03823931683402,22.90459465238213,1.0,0.0,0.5833333333333334,0.25,0.0,18.831681957481134,23.03823931683402,27.023798473920376,16.611383012186444,21.06812846364452,24.807911357765985,1.1438737439541372e-16,3.9906524505583376e-16,0.0,1.2280246256407025e-15,3.970899047673494e-14,converged
2025-01-16T03:15:00+08:00,19.25,-7.722222222222222,0.0,3.0277777777777777,53.13333333333333,53.13333333333333,45.06666666666667,45.06666666666667,35.0,55.00000000000001,85.0,39.15052766162723,10.715543664811992,13.480077287836679,14.954906708978562,80.91604770519032,1.1578603669413752,53.0,53.0,53.0,42.546396990049566,43.50907122820553,43.79202957436397,43.35367199023852,0.4326303888888889,0.43762685782484934,27.166454859811264,27.364398269275327,18.820580410351663,27.022407612889552,22.996334917816878,23.16389783301544,23.067129825343066,22.9341426757851,18.82682034417848,23.131727686820724,23.03496919960006,22.901949132797505,1.0,0.0,0.5833333333333334,0.25,0.0,18.82682034417848,23.03496919960006,27.022407612889552,16.611383012186444,21.06812846364452,24.807911357765985,1.1438737439541372e-16,6.65037575650393e-16,0.0,1.4902832706461726e-15,2.8143073691925686e-14,converged
2025-01-16T03:20:00+08:00,19.333333333333332,-7.75,0.0,3.025,53.13333333333333,53.13333333333333,45.06666666666667,45.06666666666667,35.0,55.00000000000001,85.0,39.15052766162723,10.715543664811992,13.480077287836679,14.954906708978562,80.91604770519032,1.1578603669413752,53.09036311967503,53.0,53.0,42.60199059619943,43.50803379864314,43.790955632994674,43.368120592193556,0.43308625,0.4380934089021239,27.164485975457712,27.36192406945636,18.81597347720672,27.021120481315513,22.992943230883398,23.160033607898686,23.06381548168429,22.931453214970904,18.821900060138358,23.12786622158984,23.031657068045355,22.899261403446317,1.0,0.0,0.5833333333333334,0.25,0.0,18.821900060138358,23.031657068045355,27.021120481315513,16.611383012186444,21.06812846364452,24.807911357765985,1.1438737439541372e-16,1.3286586771377744e-16,0.0,1.613611826806357e-15,5.163276425256146e-14,converged
2025-01-16T03:25:00+08:00,19.416666666666668,-7.777777777777778,0.0,3.022222222222222,53.13333333333333,53.13333333333333,45.06666666666667,45.06666666666667,35.0,55.00000000000001,85.0,39.15052766162723,10.715543664811992,13.480077287836679,14.954906708978562,80.91604770519032,1.1578603669413752,53.13333333333333,53.104849907636144,53.00512236379291,42.6279493037192,43.5786438635919,43.79346275162145,43.400495239422966,0.43354211111111113,0.43888480842060557,27.162556935315745,27.35948917824351,18.81139074788099,27.019865622658955,22.98970850352503,23.15631992796868,23.06064213726512,22.928895851766093,18.8169318617328,23.12397222353365,23.028312001827285,22.896540112349076,1.0,0.0,0.5833333333333334,0.25,0.0,18.8169318617328,23.028312001827285,27.019865622658955,16.611383012186444,21.06812846364452,24.807911357765985,1.1438737439541372e-16,5.305051329795317e-16,0.0,1.170979255754517e-15,3.8717211090448e-14,converged
2025-01-16T03:30:00+08:00,19.5,-7.805555555555556,0.0,3.0194444444444444,53.13333333333333,53.13333333333333,45.06666666666667,45.06666666666667,35.0,55.00000000000001,85.0,39.15052766162723,10.715543664811992,13.480077287836679,14.954906708978562,80.91604770519032,1.1578603669413752,53.13333333333333,53.13333333333333,53.13333333333333,42.62698680903044,43.59711411007651,43.88237162350156,43.440553207335824,0.43399797222222225,0.43973426010757405,27.160592558020383,27.35702236261542,18.80675388882495,27.01857859172564,22.986482038518517,23.152615940741093,23.057476012027156,22.926343203207015,18.812166711558927,23.120271108992345,23.02514817041316,22.89398925198685,1.0,0.0,0.5833333333333334,0.25,0.0,18.812166711558927,23.02514817041316,27.01857859172564,16.611383012186444,21.06812846364452,24.807911357765985,1.1438737439541372e-16,5.294803356848095e-16,0.0,2.6474016784240464e-16,3.456216759214877e-14,converged
2025-01-16T03:35:00+08:00,19.583333333333332,-7.833333333333333,0.0,3.0166666666666666,53.266666666666666,53.266666666666666,45.13333333333333,45.13333333333333,35.0,55.00000000000001,85.0,39.20844264337519,10.731395060765854,13.500018230570161,14.97702935203918,81.15562136451842,1.1630064055037261,53.13333333333333,53.13333333333333,53.13333333333333,42.63798248124448,43.60769110165634,43.892696219061804,43.451148380833835,0.4344538333333333,0.4399033702024958,27.158611198685247,27.35454087208845,18.802075691177368,27.017275201614012,22.98322412181965,23.1488839281115,23.054281319202556,22.923761246435177,18.80735584028085,23.1165420949053,23.021955895612304,22.891409206302335,1.0,0.0,0.5833333333333334,0.25,0.0,18.80735584028085,23.021955895612304,27.017275201614012,16.586846257367856,21.03700862839542,24.771267470974603,1.140496996736375e-16,3.969575924367662e-16,0.0,2.569647592826307e-16,2.940389408623369e-14,converged
2025-01-16T03:40:00+08:00,19.666666666666668,-7.861111111111111,0.0,3.013888888888889,53.266666666666666,53.266666666666666,45.13333333333333,45.13333333333333,35.0,55.00000000000001,85.0,39.20844264337519,10.731395060765854,13.500018230570161,14.97702935203918,81.15562136451842,1.1630064055037261,53.13333333333333,53.13333333333333,53.13333333333333,42.636998304800436,43.606680143447484,43.891644953272525,43.450129355940994,0.43490969444444444,0.4399496688930166,27.156594673433638,27.352027602124647,18.797343796761215,27.015939775083744,22.97991949799741,23.145109503144617,23.051044348043842,22.921136867537175,18.802486044938693,23.112770641513954,23.018721321081905,22.888786722158077,1.0,0.0,0.5833333333333334,0.25,0.0,18.802486044938693,23.018721321081905,27.015939775083744,16.586846257367856,21.03700862839542,24.771267470974603,1.140496996736375e-16,3.969158180747844e-16,0.0,3.82144420992752e-15,2.946243071730095e-14,converged
2025-01-16T03:45:00+08:00,19.75,-7.888888888888889,0.0,3.011111111111111,53.266666666666666,53.266666666666666,45.13333333333333,45.13333333333333,35.0,55.00000000000001,85.0,39.20844264337519,10.731395060765854,13.500018230570161,14.97702935203918,81.15562136451842,1.1630064055037261,53.13333333333333,53.13333333333333,53.13333333333333,42.63599981853912,43.605655449864045,43.89058003740005,43.44909647102797,0.43536555555555556,0.43999659730395924,27.154543096442154,27.349482650483164,18.792558448150952,27.0145724013119,22.97656835851037,23.141292830561728,23.047765254556978,22.91847021560855,18.797557621930544,23.108956913471282,23.015444602742996,22.886121948550407,1.0,0.0,0.5833333333333334,0.25,0.0,18.797557621930544,23.015444602742996,27.0145724013119,16.586846257367856,21.03700862839542,24.771267470974603,1.140496996736375e-16,1.058329292001434e-15,0.0,3.9556146203650393e-16,2.6862970993663447e-14,converged
2025-01-16T03:50:00+08:00,19.833333333333332,-7.916666666666667,0.0,3.0083333333333333,53.266666666666666,53.266666666666666,45.13333333333333,45.13333333333333,35.0,55.00000000000001,85.0,39.20844264337519,10.731395060765854,13.500018230570161,14.97702935203918,81.15562136451842,1.1630064055037261,53.22435076647019,53.13333333333333,53.13333333333333,42.69204681954479,43.604617073139686,43.889501526786354,43.46366709616431,0.4358214166666667,0.440466431170384,27.152615874414927,27.34705703249714,18.7878859845594,27.013309727642035,22.973170894032283,23.137434074444368,23.04444419417227,22.915761439220844,18.792570866163555,23.105101074791442,23.01212589594186,22.88341503395255,1.0,0.0,0.5833333333333334,0.25,0.0,18.792570866163555,23.01212589594186,27.013309727642035,16.586846257367856,21.03700862839542,24.771267470974603,1.140496996736375e-16,1.3215005002492722e-16,0.0,1.8868146788166825e-15,4.927475146685173e-14,converged
2025-01-16T03:55:00+08:00,19.916666666666668,-7.944444444444444,0.0,3.0055555555555555,53.266666666666666,53.266666666666666,45.13333333333333,45.13333333333333,35.0,55.00000000000001,85.0,39.20844264337519,10.731395060765854,13.500018230570161,14.97702935203918,81.15562136451842,1.1630064055037261,53.266666666666666,53.23901310324278,53.13943286744067,42.717618654538995,43.67583419793841,43.89269209820375,43.49640594377186,0.43627727777777775,0.4412642586361526,27.150727248947945,27.34466952005049,18.783236845944685,27.012078304632254,22.969932073501596,23.133727416051496,23.041265652876042,22.913186252121996,18.78753853014517,23.101214478321367,23.008775985495074,22.88067625020756,1.0,0.0,0.5833333333333334,0.25,0.0,18.78753853014517,23.008775985495074,27.012078304632254,16.586846257367856,21.03700862839542,24.771267470974603,1.140496996736375e-16,3.9573334871970396e-16,0.0,2.421740373171648e-15,4.9548074315572206e-14,converged
2025-01-16T04:00:00+08:00,20.0,-7.972222222222222,0.0,3.0027777777777778,53.266666666666666,53.266666666666666,45.13333333333333,45.13333333333333,35.0,55.00000000000001,85.0,39.20844264337519,10.731395060765854,13.500018230570161,14.97702935203918,81.15562136451842,1.1630064055037261,53.266666666666666,53.266666666666666,53.266666666666666,42.71666111081136,43.69374721241092,43.980957783011604,43.53602771626075,0.43673313888888887,0.4421048440519825,27.14880315647643,27.342249939073874,18.77853387928759,27.01081464487511,22.966699942796822,23.13002891740897,23.038092919072906,22.91061447912633,18.782707621260663,23.09751900860951,23.00560568581054,22.878106394620044,1.0,0.0,0.5833333333333334,0.25,0.0,18.782707621260663,23.00560568581054,27.01081464487511,16.586846257367856,21.03700862839542,24.771267470974603,1.140496996736375e-16,6.583015510527111e-16,0.0,0.0,3.346013887637322e-14,converged
2025-01-16T04:05:00+08:00,20.083333333333332,-8.0,0.0,3.0,53.4,53.4,45.2,45.2,35.0,55.00000000000001,85.0,39.26635762512317,10.747246456719719,13.519959173303649,14.9991519950998,81.39554916081524,1.1681676690211493,53.266666666666666,53.266666666666666,53.266666666666666,42.727698008067854,43.704354134462974,43.99130686972762,43.546653833831385,0.437189,0.44227437584503987,27.14686201064669,27.339815596871873,18.773789899689827,27.009534608851933,22.963436423392686,23.126302411515177,23.034891677741086,22.908013497100296,18.777831351360238,23.09379565739264,23.002407002685292,22.875507452757958,1.0,0.0,0.5833333333333334,0.25,0.0,18.777831351360238,23.002407002685292,27.009534608851933,16.56238188235699,21.005980592070348,24.734731678244554,5.685675899282834e-17,0.0,0.0,4.233640157066848e-15,3.721764990301615e-14,converged
2025-01-16T04:10:00+08:00,20.166666666666668,-8.0,0.41666666666666075,3.0,53.4,53.4,45.2,45.2,35.0,55.00000000000001,85.0,39.26635762512317,10.747246456719719,13.519959173303649,14.9991519950998,81.39554916081524,1.1681676690211493,53.266666666666666,53.266666666666666,53.266666666666666,42.72673168302562,43.703354332537906,43.99026321959269,43.545646445217045,0.437015175,0.4423202134563993,27.14494796816841,27.337415020032825,18.769088554645897,27.00827359136024,22.96020707383601,23.122616645087533,23.03172346113641,22.905437106516693,18.77300039271504,23.090113018277012,22.999241322508496,22.872933085614978,1.0,0.0,0.5,0.25,0.0,18.77300039271504,22.999241322508496,27.00827359136024,16.56238188235699,21.005980592070348,24.734731678244554,5.685675899282834e-17,0.0,0.0,2.8559444010257484e-15,3.242685192234033e-14,converged
2025-01-16T04:15:00+08:00,20.25,-8.0,0.8333333333333393,3.0,53.4,53.4,45.2,45.2,35.0,55.00000000000001,85.0,39.26635762512317,10.747246456719719,13.519959173303649,14.9991519950998,81.39554916081524,1.1681676690211493,53.266666666666666,53.266666666666666,53.266666666666666,42.725776733740666,43.702364902304545,43.989230041742765,43.54464974153341,0.43684134999999996,0.4423655648882505,27.143060941023545,27.335048104666146,18.764429651539245,27.007031539448352,22.95701175404279,23.11897145988225,23.028588147383374,22.90288522093646,18.76821451738409,23.086470933290958,22.99610852361275,22.870383206901415,1.0,0.0,0.5,0.25,0.0,18.76821451738409,22.99610852361275,27.007031539448352,16.56238188235699,21.005980592070348,24.734731678244554,5.685675899282834e-17,1.3158271242964336e-16,0.0,4.362581769321884e-15,3.668911562053282e-14,converged
2025-01-16T04:20:00+08:00,20.333333333333332,-8.0,1.25,3.0,53.4,53.4,45.2,45.2,35.0,55.00000000000001,85.0,39.26635762512317,10.747246456719719,13.519959173303649,14.9991519950998,81.39554916081524,1.1681676690211493,53.35833648313715,53.266666666666666,53.266666666666666,42.78234052754006,43.701385804108135,43.988207293493055,43.55940352424807,0.436667525,0.442835883463763,27.141361339078358,27.33286680650278,18.75998031845682,27.005945991651643,22.953850324503314,23.115366698270215,23.02548561505626,22.900357754224363,18.763473498573077,23.082869245075766,22.993008484779185,22.867857730630565,1.0,0.0,0.5,0.25,0.0,18.763473498573077,22.993008484779185,27.005945991651643,16.56238188235699,21.005980592070348,24.734731678244554,5.685675899282834e-17,2.628859272115897e-16,0.0,2.8416561423431492e-15,4.2094837751005484e-14,converged
2025-01-16T04:25:00+08:00,20.416666666666668,-8.0,1.6666666666666607,3.0,53.4,53.4,45.2,45.2,35.0,55.00000000000001,85.0,39.26635762512317,10.747246456719719,13.519959173303649,14.9991519950998,81.39554916081524,1.1681676690211493,53.4,53.37317385087812,53.27374048858014,42.80761573624884,43.773292980115485,43.99216421937768,43.592591515004514,0.4364937,0.44363622497634636,27.13976088295069,27.330787498978648,18.75564816286522,27.00494136840755,22.950929080198858,23.111997789090854,23.02260156417519,22.898031605365638,18.7587915623222,23.079320776928814,22.989953416342626,22.86536831508369,1.0,0.0,0.5,0.25,0.0,18.7587915623222,22.989953416342626,27.00494136840755,16.56238188235699,21.005980592070348,24.734731678244554,5.685675899282834e-17,1.3120583405147067e-16,0.0,1.2717611642991643e-15,5.3310806942237177e-14,converged
2025-01-16T04:30:00+08:00,20.5,-8.0,2.0833333333333393,3.0,53.4,53.4,45.2,45.2,35.0,55.00000000000001,85.0,39.26635762512317,10.747246456719719,13.519959173303649,14.9991519950998,81.39554916081524,1.1681676690211493,53.4,53.4,53.4,42.80677816836402,43.790757702690094,44.07989590837213,43.6318877935248,0.436319875,0.4444629655949701,27.138186423785818,27.32874086443293,18.751356781268022,27.00395499688654,22.948092490695593,23.10871739713143,23.01979608405096,22.89577358095422,18.75441125629759,23.076043571258825,22.98715051139379,22.863112337596043,1.0,0.0,0.5,0.25,0.0,18.75441125629759,22.98715051139379,27.00395499688654,16.56238188235699,21.005980592070348,24.734731678244554,5.685675899282834e-17,6.548088976946489e-16,0.0,1.309617795389298e-16,3.1952158500955776e-14,converged
2025-01-16T04:35:00+08:00,20.583333333333332,-8.0,2.5,3.0,53.4,53.4,45.2,45.2,35.0,55.00000000000001,85.0,39.26635762512317,10.747246456719719,13.519959173303649,14.9991519950998,81.39554916081524,1.1681676690211493,53.4,53.4,53.4,42.805951524881,43.789884563077095,44.07897559708458,43.631009361092175,0.43614605,0.44450293551708236,27.136637877158694,27.326726802336136,18.7471059894544,27.002986826271894,22.945288320781774,23.10547601180354,23.017022168124207,22.893538942487172,18.750073766552244,23.072805346549792,22.98437915033279,22.860879730569973,1.0,0.0,0.5,0.25,0.0,18.750073766552244,22.98437915033279,27.002986826271894,16.56238188235699,21.005980592070348,24.734731678244554,5.685675899282834e-17,9.16650023740087e-16,0.0,1.3095000339144096e-16,3.0207825683931744e-14,converged
2025-01-16T04:40:00+08:00,20.666666666666668,-8.0,2.9166666666666607,3.0,53.4,53.4,45.2,45.2,35.0,55.00000000000001,85.0,39.26635762512317,10.747246456719719,13.519959173303649,14.9991519950998,81.39554916081524,1.1681676690211493,53.4,53.4,53.4,42.80513576661168,43.789021311989075,44.07806525973659,43.630141122606425,0.435972225,0.44454244160014755,27.135115158918442,27.324745212468084,18.742895604045767,27.002036805888373,22.94251643754882,23.10227348159423,23.01427969990942,22.891327607762758,18.745778877696306,23.069605951547235,22.981639216871137,22.858670411944324,1.0,0.0,0.5,0.25,0.0,18.745778877696306,22.981639216871137,27.002036805888373,16.56238188235699,21.005980592070348,24.734731678244554,5.685675899282834e-17,1.1784452938520791e-15,0.0,3.928150979506929e-16,3.792916042070197e-14,converged
2025-01-16T04:45:00+08:00,20.75,-8.0,3.3333333333333393,3.0,53.4,53.4,45.2,45.2,35.0,55.00000000000001,85.0,39.26635762512317,10.747246456719719,13.519959173303649,14.9991519950998,81.39554916081524,1.1681676690211493,53.4,53.4,53.4,42.80433085451393,43.78816791162045,44.077164855700175,43.62928303884542,0.43579840000000003,0.44458148562882827,27.13361818518746,27.32279599491695,18.738725442492008,27.00110488520183,22.93977670863303,23.099109655579067,23.01156856335097,22.889139494868182,18.741526375423454,23.066445235583572,22.97893059514906,22.85648429994608,1.0,0.0,0.5,0.25,0.0,18.741526375423454,22.97893059514906,27.00110488520183,16.56238188235699,21.005980592070348,24.734731678244554,5.685675899282834e-17,6.546343335815805e-16,0.0,0.0,2.853505393727415e-14,converged
2025-01-16T04:50:00+08:00,20.833333333333332,-8.0,3.75,3.0,53.4,53.4,45.2,45.2,35.0,55.00000000000001,85.0,39.26635762512317,10.747246456719719,13.519959173303649,14.9991519950998,81.39554916081524,1.1681676690211493,53.4,53.4,53.4,42.80353674969117,43.78732432431062,44.07627434451642,43.62843507074135,0.435624575,0.4446200693807652,27.13214687236054,27.320879050078336,18.73459532306775,27.000191013818817,22.937069002213345,23.095984383419843,23.00888864282152,22.886974522178576,18.73731604650544,23.06332304857585,22.976253169733898,22.854321313089354,1.0,0.0,0.5,0.25,0.0,18.73731604650544,22.976253169733898,27.000191013818817,16.56238188235699,21.005980592070348,24.734731678244554,5.685675899282834e-17,9.16408534958271e-16,0.0,1.309155049940387e-16,2.8171916792280523e-14,converged
2025-01-16T04:55:00+08:00,20.916666666666668,-8.0,4.166666666666661,3.0,53.4,53.4,45.2,45.2,35.0,55.00000000000001,85.0,39.26635762512317,10.747246456719719,13.519959173303649,14.9991519950998,81.39554916081524,1.1681676690211493,53.4,53.4,53.4,42.80275341339173,43.7864905125434,44.075393685894724,43.62759717938009,0.43545075,0.4446581946266058,27.130701137103983,27.318994278654294,18.730505064868623,26.999295141486193,22.934393187009128,23.09289751536231,23.006239823120456,22.884832608355982,18.733147678786686,23.060239241023467,22.973606825618546,22.852181370174385,1.0,0.0,0.5,0.25,0.0,18.733147678786686,22.973606825618546,26.999295141486193,16.56238188235699,21.005980592070348,24.734731678244554,5.685675899282834e-17,1.0472342417950274e-15,0.0,2.618085604487568e-16,2.533716340607366e-14,converged
2025-01-16T05:00:00+08:00,21.0,-8.0,4.583333333333339,3.0,53.4,53.4,45.2,45.2,35.0,55.00000000000001,85.0,39.26635762512317,10.747246456719719,13.519959173303649,14.9991519950998,81.39554916081524,1.1681676690211493,53.4,53.4,53.4,42.80198080700828,43.78566643894651,44.074522839712145,43.62676932600062,0.435276925,0.44469586313003207,27.129280896354715,27.31714158165241,18.72645448780756,26.998417218090733,22.93174913227794,23.089848902233914,23.003621989472297,22.88271367234834,18.729021061178862,23.057193664005915,22.970991448219877,22.850064390286526,1.0,0.0,0.5,0.25,0.0,18.729021061178862,22.970991448219877,26.998417218090733,16.56238188235699,21.005980592070348,24.734731678244554,5.685675899282834e-17,6.54465959091316e-16,0.0,0.0,3.7613548438550284e-14,converged
2025-01-16T05:05:00+08:00,21.083333333333332,-8.0,5.0,3.0,53.4,53.4,45.2,45.2,35.0,55.00000000000001,85.0,39.26635762512317,10.747246456719719,13.519959173303649,14.9991519950998,81.39554916081524,1.1681676690211493,53.4,53.4,53.4,42.80121889207733,43.78485206629096,44.07366176601263,43.625951471994355,0.43510309999999996,0.444733076647789,27.12788606731941,27.315320860384855,18.722443412611092,26.997557193658732,22.929136707813342,23.086838395441525,23.00103502752513,22.8806176333885,18.724935983655534,23.05418616918053,22.968406923377184,22.847970292795253,1.0,0.0,0.5,0.25,0.0,18.724935983655534,22.968406923377184,26.997557193658732,16.56238188235699,21.005980592070348,24.734731678244554,5.685675899282834e-17,9.16175674329164e-16,0.0,2.6176447837976107e-16,3.652357427872183e-14,converged
2025-01-16T05:10:00+08:00,21.166666666666668,-8.0,5.416666666666661,3.0,53.4,53.4,45.2,45.2,35.0,55.00000000000001,85.0,39.26635762512317,10.747246456719719,13.519959173303649,14.9991519950998,81.39554916081524,1.1681676690211493,53.4,53.4,53.4,42.80046763027863,43.78404735749053,44.072810425006296,43.62514357890458,0.434929275,0.444769836929712,27.12651656747361,27.313532016467438,18.718471660815695,26.99671501835563,22.926555783942693,23.083865846969193,22.99847882334906,22.878544410993197,18.720892237246826,23.051216608780244,22.965853137350624,22.845898997353157,1.0,0.0,0.4166666666666667,0.25,0.0,18.720892237246826,22.965853137350624,26.99671501835563,16.56238188235699,21.005980592070348,24.734731678244554,5.685675899282834e-17,1.177842795809903e-15,0.0,3.926142652699676e-16,2.8315801404805556e-14,converged
2025-01-16T05:15:00+08:00,21.25,-8.0,5.833333333333339,3.0,53.4,53.4,45.2,45.2,35.0,55.00000000000001,85.0,39.26635762512317,10.747246456719719,13.519959173303649,14.9991519950998,81.39554916081524,1.1681676690211493,53.4,53.4,53.4,42.799726983434624,43.78325227560122,44.07196877706878,43.6243456084258,0.43475545,0.44480614571875504,27.125172314560864,27.311774951818684,18.714539054764103,26.995890642485612,22.924006231524963,23.080931109375904,22.995953263434632,22.87649392496207,18.716889614034088,23.048284835611366,22.963329976819654,22.843850423894953,1.0,0.0,0.4166666666666667,0.25,0.0,18.716889614034088,22.963329976819654,26.995890642485612,16.56238188235699,21.005980592070348,24.734731678244554,5.685675899282834e-17,1.4394681283315375e-15,0.0,7.851644336353836e-16,3.004656881447169e-14,converged
2025-01-16T05:20:00+08:00,21.333333333333332,-8.0,6.25,3.0,53.4,53.4,45.2,45.2,35.0,55.00000000000001,85.0,39.26635762512317,10.747246456719719,13.519959173303649,14.9991519950998,81.39554916081524,1.1681676690211493,53.4,53.4,53.4,42.79899691350989,43.7824667838207,44.071136782740524,43.62355752240318,0.434581625,0.44484200475101826,27.123853226591834,27.310049568658904,18.710645417601686,26.99508401649123,22.921487921948557,23.078034035793348,22.9934582346913,22.874466095376665,18.71292790714462,23.045390703051343,22.9608373288815,22.841824492636498,1.0,0.0,0.4166666666666667,0.25,0.0,18.71292790714462,22.9608373288815,26.99508401649123,16.56238188235699,21.005980592070348,24.734731678244554,5.685675899282834e-17,0.0,0.0,7.851011409686464e-16,2.6013006670203063e-14,converged
2025-01-16T05:25:00+08:00,21.416666666666668,-8.0,6.666666666666661,3.0,53.4,53.4,45.2,45.2,35.0,55.00000000000001,85.0,39.26635762512317,10.747246456719719,13.519959173303649,14.9991519950998,81.39554916081524,1.1681676690211493,53.4,53.4,53.4,42.79827738261063,43.78169084548775,44.07031440272601,43.62277928283186,0.4344078,0.44487741575577533,27.122559221843453,27.30835576950926,18.706790573272816,26.994295090953013,22.919000727129134,23.07517447992369,22.99099362444586,22.872460842599438,18.709006910746417,23.04253406504655,22.95837508104961,22.83982112407379,1.0,0.0,0.4166666666666667,0.25,0.0,18.709006910746417,22.95837508104961,26.994295090953013,16.56238188235699,21.005980592070348,24.734731678244554,5.685675899282834e-17,6.541988742514826e-16,0.0,0.0,3.747557680951167e-14,converged
2025-01-16T05:30:00+08:00,21.5,-8.0,7.083333333333339,3.0,53.4,53.4,45.2,45.2,35.0,55.00000000000001,85.0,39.26635762512317,10.747246456719719,13.519959173303649,14.9991519950998,81.39554916081524,1.1681676690211493,53.4,53.4,53.4,42.79756835298408,43.78092442408177,44.06950159789313,43.62201085185644,0.434233975,0.44491238045550124,27.121290218858046,27.306693457190832,18.702974346517255,26.993523816589082,22.916544519507458,23.072352296037362,22.98855932044093,22.870478087272772,18.70512642004291,23.039714776110078,22.955943121252123,22.837840238981993,1.0,0.0,0.4166666666666667,0.25,0.0,18.70512642004291,22.955943121252123,26.993523816589082,16.56238188235699,21.005980592070348,24.734731678244554,5.685675899282834e-17,1.04663593948767e-15,0.0,2.6165898487191747e-16,2.904432360271952e-14,converged
2025-01-16T05:35:00+08:00,21.583333333333332,-8.0,7.5,3.0,53.4,53.4,45.2,45.2,35.0,55.00000000000001,85.0,39.26635762512317,10.747246456719719,13.519959173303649,14.9991519950998,81.39554916081524,1.1681676690211493,53.4,53.4,53.4,42.796869787017975,43.78016748322214,44.06869832927248,43.62125219177034,0.43406015000000003,0.4449469005658993,27.120046136442472,27.305062534823712,18.699196562866568,26.992770144254777,22.914119172047236,23.069567338970852,22.986155210833406,22.868517750318,18.701286231267776,23.036932691319542,22.95354133783033,22.83588175841446,1.0,0.0,0.4166666666666667,0.25,0.0,18.701286231267776,22.95354133783033,26.992770144254777,16.56238188235699,21.005980592070348,24.734731678244554,5.685675899282834e-17,5.232773694068828e-16,0.0,1.308193423517207e-16,3.0525575163452104e-14,converged
2025-01-16T05:40:00+08:00,21.666666666666668,-8.0,7.916666666666661,3.0,53.4,53.4,45.2,45.2,35.0,55.00000000000001,85.0,39.26635762512317,10.747246456719719,13.519959173303649,14.9991519950998,81.39554916081524,1.1681676690211493,53.4,53.4,53.4,42.79618164724002,43.779419986667804,44.067904558056625,43.62050326501518,0.433886325,0.4449809777959286,27.118826893667265,27.303462905826077,18.69545704864054,26.99203402494226,22.911724558232983,23.066819464124503,22.983781184192924,22.866579752934403,18.697486141679754,23.03418766631489,22.95116961953717,22.83394560370174,1.0,0.0,0.4166666666666667,0.25,0.0,18.697486141679754,22.95116961953717,26.99203402494226,16.56238188235699,21.005980592070348,24.734731678244554,5.685675899282834e-17,2.616186480679713e-16,0.0,3.9242797210195703e-16,2.7203110478631426e-14,converged
2025-01-16T05:45:00+08:00,21.75,-8.0,8.33333333333334,3.0,53.4,53.4,45.2,45.2,35.0,55.00000000000001,85.0,39.26635762512317,10.747246456719719,13.519959173303649,14.9991519950998,81.39554916081524,1.1681676690211493,53.4,53.4,53.4,42.79550389631733,43.778681898316634,44.06712024559947,43.619764034180214,0.4337125,0.4450146138478309,27.117632409865777,27.301894473913265,18.69175563094362,26.991315409780142,22.909360552067877,23.064108527460323,22.981437129500353,22.864664016598258,18.693725949557482,23.031479557296212,22.94882785553569,22.83203169645062,1.0,0.0,0.4166666666666667,0.25,0.0,18.693725949557482,22.94882785553569,26.991315409780142,16.56238188235699,21.005980592070348,24.734731678244554,5.685675899282834e-17,1.1771949323002218e-15,0.0,5.231977476889872e-16,3.1349575391193555e-14,converged
2025-01-16T05:50:00+08:00,21.833333333333332,-8.0,8.75,3.0,53.4,53.4,45.2,45.2,35.0,55.00000000000001,85.0,39.26635762512317,10.747246456719719,13.519959173303649,14.9991519950998,81.39554916081524,1.1681676690211493,53.4,53.4,53.4,42.79483649705592,43.77795318220494,44.06634535341555,43.61903446200176,0.433538675,0.445047810417158,27.116462604633323,27.30035714309687,18.68809213766137,26.990614250033108,22.90702702807164,23.06143438549981,22.979122936146272,22.862770463061853,18.69000545419437,23.028808221021574,22.946515935397553,22.83013995854316,1.0,0.0,0.4166666666666667,0.25,0.0,18.69000545419437,22.946515935397553,26.990614250033108,16.56238188235699,21.005980592070348,24.734731678244554,5.685675899282834e-17,2.615793609181335e-16,0.0,5.23158721836267e-16,3.0155197441188915e-14,converged
2025-01-16T05:55:00+08:00,21.916666666666668,-8.0,9.16666666666666,3.0,53.4,53.4,45.2,45.2,35.0,55.00000000000001,85.0,39.26635762512317,10.747246456719719,13.519959173303649,14.9991519950998,81.39554916081524,1.1681676690211493,53.4,53.4,53.4,42.79417941240012,43.77723380250694,44.06557984317931,43.61831451136251,0.43336484999999997,0.4450805691927981,27.11531739782633,27.298850817683828,18.684466397456944,26.98993049710153,22.90472386127841,23.058796895321766,22.976838493929453,22.860899014352512,18.686324455893498,23.026173514804853,22.94423374910152,22.828270312135704,1.0,0.0,0.4166666666666667,0.25,0.0,18.686324455893498,22.94423374910152,26.98993049710153,16.56238188235699,21.005980592070348,24.734731678244554,5.685675899282834e-17,3.923401622701704e-16,0.0,2.615601081801136e-16,3.6851541404333834e-14,converged
2025-01-16T06:00:00+08:00,22.0,-8.0,9.58333333333334,3.0,53.4,53.4,45.2,45.2,35.0,55.00000000000001,85.0,39.26635762512317,10.747246456719719,13.519959173303649,14.9991519950998,81.39554916081524,1.1681676690211493,53.4,53.4,53.4,42.79353260543211,43.77652372353422,44.06482367672448,43.617604145291075,0.433191025,0.44511289185700303,27.1141967095615,27.2973754022755,18.680878239767566,26.989264102521084,22.90245092723465,23.056195914560146,22.974583693055358,22.859049592771637,18.682682755962528,23.023575296513577,22.94198118703195,22.826422679657934,1.0,0.0,0.4166666666666667,0.25,0.0,18.682682755962528,22.94198118703195,26.989264102521084,16.56238188235699,21.005980592070348,24.734731678244554,5.685675899282834e-17,1.176935015374717e-15,0.0,5.230822290554296e-16,3.3255170873766484e-14,converged
2025-01-16T06:05:00+08:00,22.083333333333332,-8.0,10.0,3.0,53.4,53.4,45.2,45.2,35.0,55.00000000000001,85.0,39.26635762512317,10.747246456719719,13.519959173303649,14.9991519950998,81.39554916081524,1.1681676690211493,53.4,53.4,53.4,42.792896039371335,43.7758229097352,44.06407681604339,43.616903326961314,0.4330172,0.4451447800854148,27.113100460214945,27.29593080176678,18.677327494801037,26.988615017962392,22.900208101997038,23.053631301401893,22.97235842413464,22.857222120893738,18.679080156708658,23.02101342456678,22.939758139977307,22.82459698381191,1.0,0.0,0.4166666666666667,0.25,0.0,18.679080156708658,22.939758139977307,26.988615017962392,16.56238188235699,21.005980592070348,24.734731678244554,5.685675899282834e-17,5.230447577284717e-16,0.0,1.3076118943211793e-16,2.5117214066263244e-14,converged
2025-01-16T06:10:00+08:00,22.166666666666668,-8.0,10.41666666666666,3.0,53.4,53.4,45.2,45.2,35.0,55.00000000000001,85.0,39.26635762512317,10.747246456719719,13.519959173303649,14.9991519950998,81.39554916081524,1.1681676690211493,53.4,53.4,53.4,42.79226967757397,43.77513132569461,44.06333922328626,43.616212019691744,0.432843375,0.4451762355470921,27.112028570421362,27.294516921345185,18.67381399353226,26.987983195230633,22.897995262130365,23.051102914584796,22.970162578181647,22.855416521565477,18.675516461433592,23.01848775793286,22.937564499128673,22.822793147571108,1.0,0.0,0.4166666666666667,0.25,0.0,18.675516461433592,22.937564499128673,26.987983195230633,16.56238188235699,21.005980592070348,24.734731678244554,5.685675899282834e-17,5.230078001979064e-16,0.0,1.307519500494766e-16,2.3769704421140708e-14,converged
2025-01-16T06:15:00+08:00,22.25,-8.0,10.83333333333334,3.0,53.4,53.4,45.2,45.2,35.0,55.00000000000001,85.0,39.26635762512317,10.747246456719719,13.519959173303649,14.9991519950998,81.39554916081524,1.1681676690211493,53.4,53.4,53.4,42.79165348353243,43.77444893613297,44.06261086076055,43.61553018694501,0.43266955,0.4452072599045367,27.110980961073185,27.293133666489954,18.67033756769976,26.987368586265166,22.895812284705467,23.048610613395343,22.967996046612928,22.853632717904713,18.671991474428538,23.015998156127445,22.93540015607826,22.821011094179465,1.0,0.0,0.4166666666666667,0.25,0.0,18.671991474428538,22.93540015607826,26.987368586265166,16.56238188235699,21.005980592070348,24.734731678244554,5.685675899282834e-17,7.844570314412467e-16,0.0,1.307428385735411e-16,2.683216264602688e-14,converged
2025-01-16T06:20:00+08:00,22.333333333333332,-8.0,11.25,3.0,53.4,53.4,45.2,45.2,35.0,55.00000000000001,85.0,39.26635762512317,10.747246456719719,13.519959173303649,14.9991519950998,81.39554916081524,1.1681676690211493,53.4,53.4,53.4,42.79104742087483,43.7737757059061,44.061891690930324,43.614857792327285,0.432495725,0.4452378548137198,27.10995755331975,27.29178094297115,18.666898049802246,26.986771143139165,22.89365904729715,23.046154257666593,22.965858721245752,22.851870633299544,18.668505000969223,23.013544479211276,22.933265002817926,22.819250747150438,1.0,0.0,0.4166666666666667,0.25,0.0,18.668505000969223,22.933265002817926,26.986771143139165,16.56238188235699,21.005980592070348,24.734731678244554,5.685675899282834e-17,1.307338544648692e-16,0.0,7.844031267892152e-16,2.9295936355730696e-14,converged
2025-01-16T06:25:00+08:00,22.416666666666668,-8.0,11.66666666666666,3.0,53.4,53.4,45.2,45.2,35.0,55.00000000000001,85.0,39.26635762512317,10.747246456719719,13.519959173303649,14.9991519950998,81.39554916081524,1.1681676690211493,53.4,53.4,53.4,42.79045145336444,43.773111600004505,44.06118167641551,43.61419479958765,0.43232190000000004,0.4452680219241085,27.108958268566454,27.290458656848767,18.663495273095172,26.986190818059242,22.89153542798211,23.04373370777606,22.963750494296633,22.85013019140736,18.665056847310954,23.01112658778809,22.931158931737716,22.817512030266048,1.0,0.0,0.4166666666666667,0.25,0.0,18.665056847310954,22.931158931737716,26.986190818059242,16.56238188235699,21.005980592070348,24.734731678244554,5.685675899282834e-17,7.843499831216937e-16,0.0,1.3072499718694893e-16,2.891624234054398e-14,converged
2025-01-16T06:30:00+08:00,22.5,-8.0,12.08333333333334,3.0,53.4,53.4,45.2,45.2,35.0,55.00000000000001,85.0,39.26635762512317,10.747246456719719,13.519959173303649,14.9991519950998,81.39554916081524,1.1681676690211493,53.4,53.4,53.4,42.7898655448992,43.77245658355297,44.06048077999131,43.61354117261761,0.432148075,0.44529776287869166,27.10798302847394,27.289166714471833,18.660129071587324,26.985627563365075,22.889441305336888,23.041348824643585,22.961671258379848,22.848411316153893,18.661646820683675,23.008744343002505,22.929081835624384,22.81579486757595,1.0,0.0,0.4166666666666667,0.25,0.0,18.661646820683675,22.929081835624384,26.985627563365075,16.56238188235699,21.005980592070348,24.734731678244554,5.685675899282834e-17,1.1764463958556185e-15,0.0,5.228650648247191e-16,3.5740192500298885e-14,converged
2025-01-16T06:35:00+08:00,22.583333333333332,-8.0,12.5,3.0,53.4,53.4,45.2,45.2,35.0,55.00000000000001,85.0,39.26635762512317,10.747246456719719,13.519959173303649,14.9991519950998,81.39554916081524,1.1681676690211493,53.4,53.4,53.4,42.78928965951117,43.77181062180998,44.059788964587504,43.61289687545044,0.43197425,0.44532707931400595,27.10703175495725,27.287905022477535,18.656799280037404,26.985081331529038,22.887376558435818,23.038999469729237,22.959620906505975,22.846713931732282,18.658274729287076,23.006397606537934,22.92703360765993,22.814099183396472,1.0,0.0,0.4166666666666667,0.25,0.0,18.658274729287076,22.92703360765993,26.985081331529038,16.56238188235699,21.005980592070348,24.734731678244554,5.685675899282834e-17,1.43778427091039e-15,0.0,6.535383049592677e-16,3.8681546161973836e-14,converged
2025-01-16T06:40:00+08:00,22.666666666666668,-8.0,12.91666666666666,3.0,53.4,53.4,45.2,45.2,35.0,55.00000000000001,85.0,39.26635762512317,10.747246456719719,13.519959173303649,14.9991519950998,81.39554916081524,1.1681676690211493,53.4,53.4,53.4,42.78872376136602,43.771173680167216,44.05910619328782,43.61226187226066,0.431800425,0.44535597286016193,27.106104370185015,27.286673487790313,18.653505733950656,26.984552075155836,22.885341066848987,23.03668550503122,22.95759933208043,22.845037962602124,18.654940382285705,23.004086240614484,22.925014141420146,22.812424902309704,1.0,0.0,0.4166666666666667,0.25,0.0,18.654940382285705,22.925014141420146,26.984552075155836,16.56238188235699,21.005980592070348,24.734731678244554,5.685675899282834e-17,6.534959050806772e-16,0.0,0.0,3.215239843588541e-14,converged
2025-01-16T06:45:00+08:00,22.75,-8.0,13.33333333333334,3.0,53.4,53.4,45.2,45.2,35.0,55.00000000000001,85.0,39.26635762512317,10.747246456719719,13.519959173303649,14.9991519950998,81.39554916081524,1.1681676690211493,53.4,53.4,53.4,42.78816781476253,43.77054572414904,44.05843242932922,43.61163612736343,0.43162659999999997,0.44538444514086967,27.105200796578615,27.28547201762099,18.65024826957548,26.98403974698213,22.8833347106402,23.034406793083768,22.955606428902012,22.843383333488543,18.651643589804127,23.001810107986877,22.92302333087316,22.810771949162543,1.0,0.0,0.4166666666666667,0.25,0.0,18.651643589804127,22.92302333087316,26.98403974698213,16.56238188235699,21.005980592070348,24.734731678244554,5.685675899282834e-17,7.8414495452427e-16,0.0,0.0,3.053328080391067e-14,converged
2025-01-16T06:50:00+08:00,22.833333333333332,-8.0,13.75,3.0,53.4,53.4,45.2,45.2,35.0,55.00000000000001,85.0,39.26635762512317,10.747246456719719,13.519959173303649,14.9991519950998,81.39554916081524,1.1681676690211493,53.4,53.4,53.4,42.787621784132064,43.769926719411984,44.057767636101346,43.61101960521404,0.431452775,0.4454124977734645,27.104320956811364,27.284300519465884,18.647026723900087,26.983544299876172,22.881357370364952,23.03216319695508,22.95364209116144,22.84174996938125,18.64838416292208,22.99956907194238,22.921061070378002,22.80914024906578,1.0,0.0,0.3333333333333333,0.25,0.0,18.64838416292208,22.921061070378002,26.983544299876172,16.56238188235699,21.005980592070348,24.734731678244554,5.685675899282834e-17,1.0454607574675043e-15,0.0,2.6136518936687604e-16,3.4150009183718135e-14,converged
2025-01-16T06:55:00+08:00,22.916666666666668,-8.0,14.16666666666666,3.0,53.4,53.4,45.2,45.2,35.0,55.00000000000001,85.0,39.26635762512317,10.747246456719719,13.519959173303649,14.9991519950998,81.39554916081524,1.1681676690211493,53.4,53.4,53.4,42.78708563403806,43.769316631744275,44.05711177714577,43.6104122704073,0.43127895,0.44544013236893265,27.103464773807705,27.28315890110593,18.64384093464915,26.98306568683744,22.879408927068425,23.029954580245228,22.951706213439923,22.84013779553362,18.645161913669682,22.99736299629873,22.919127254683143,22.807529727393163,1.0,0.0,0.3333333333333333,0.25,0.0,18.645161913669682,22.919127254683143,26.98306568683744,16.56238188235699,21.005980592070348,24.734731678244554,5.685675899282834e-17,5.226979491399515e-16,0.0,2.6134897456997573e-16,3.3389449924794244e-14,converged
2025-01-16T07:00:00+08:00,23.0,-8.0,14.58333333333334,3.0,53.4,53.4,45.2,45.2,35.0,55.00000000000001,85.0,39.26635762512317,10.747246456719719,13.519959173303649,14.9991519950998,81.39554916081524,1.1681676690211493,53.4,53.4,53.4,42.7865593291755,43.76871542706528,44.056464816155426,43.609814087676995,0.431105125,0.4454673505319368,27.102632170742375,27.282047070605817,18.64069074028047,26.982603860996267,22.87748926228347,23.02778080708411,22.949798690707706,22.83854673746177,18.64197665502264,22.995191745402085,22.917221778925075,22.805940309780475,1.0,0.0,0.3333333333333333,0.25,0.0,18.64197665502264,22.917221778925075,26.982603860996267,16.56238188235699,21.005980592070348,24.734731678244554,5.685675899282834e-17,9.146655212951691e-16,0.0,1.3066650304216702e-16,2.962843603571653e-14,converged
2025-01-16T07:05:00+08:00,23.083333333333332,-8.0,15.0,3.0,53.4,53.4,45.2,45.2,35.0,55.00000000000001,85.0,39.26635762512317,10.747246456719719,13.519959173303649,14.9991519950998,81.39554916081524,1.1681676690211493,53.4,53.4,53.4,42.786042834370456,43.76812307142502,44.05582671697391,43.60922502189534,0.43093129999999996,0.4454941538608413,27.101823071039608,27.28096493631309,18.637575979981683,26.98215877561349,22.875598258028607,23.025641742129377,22.94791941832264,22.836976720943614,18.638828200897496,22.993055184124966,22.91534453862688,22.804371922124616,1.0,0.0,0.3333333333333333,0.25,0.0,18.638828200897496,22.91534453862688,26.98215877561349,16.56238188235699,21.005980592070348,24.734731678244554,5.685675899282834e-17,3.9197592432368727e-16,0.0,2.613172828824582e-16,3.136999074645307e-14,converged
2025-01-16T07:10:00+08:00,23.166666666666668,-8.0,15.41666666666666,3.0,53.4,53.4,45.2,45.2,35.0,55.00000000000001,85.0,39.26635762512317,10.747246456719719,13.519959173303649,14.9991519950998,81.39554916081524,1.1681676690211493,53.4,53.4,53.4,42.785536114579536,43.767539531003685,44.0551974435949,43.6086450380724,0.430757475,0.44552054394773744,27.10103739837231,27.279912406857303,18.634496493666948,26.981730384080073,22.873735796806038,23.02353725056439,22.946068292028755,22.83542767201797,18.635716366146905,22.99095317786422,22.913495429696795,22.802824490582687,1.0,0.0,0.3333333333333333,0.25,0.0,18.635716366146905,22.913495429696795,26.981730384080073,16.56238188235699,21.005980592070348,24.734731678244554,5.685675899282834e-17,3.919527059135721e-16,0.0,2.6130180394238143e-16,3.3097898725510615e-14,converged
2025-01-16T07:15:00+08:00,23.25,-8.0,15.83333333333334,3.0,53.4,53.4,45.2,45.2,35.0,55.00000000000001,85.0,39.26635762512317,10.747246456719719,13.519959173303649,14.9991519950998,81.39554916081524,1.1681676690211493,53.4,53.4,53.4,42.78503913488941,43.766964772111116,44.05457696016145,43.60807410135556,0.43058365000000004,0.44554652237846876,27.10027507666126,27.27888939114914,18.631452121973666,26.981318639916747,22.87190176159967,23.02146719809618,22.944245207954822,22.833899516983625,18.63264096655491,22.98888559253898,22.9116743484268,22.801297941571075,1.0,0.0,0.3333333333333333,0.25,0.0,18.63264096655491,22.9116743484268,26.981318639916747,16.56238188235699,21.005980592070348,24.734731678244554,5.685675899282834e-17,9.145029888666958e-16,0.0,2.612865682476273e-16,2.7550650795312165e-14,converged
2025-01-16T07:20:00+08:00,23.333333333333332,-8.0,16.25,3.0,53.4,53.4,45.2,45.2,35.0,55.00000000000001,85.0,39.26635762512317,10.747246456719719,13.519959173303649,14.9991519950998,81.39554916081524,1.1681676690211493,53.4,53.4,53.4,42.78455186051626,43.766398761186295,44.05396523096543,43.60751217702897,0.430409825,0.4455720907326563,27.099536030074308,27.277895798379546,18.628442706259214,26.980923496773656,22.870096035873125,23.019431450953398,22.94245006261295,22.832392182398422,18.629601818832263,22.986852294588644,22.9098811914912,22.799792201764543,1.0,0.0,0.3333333333333333,0.25,0.0,18.629601818832263,22.9098811914912,26.980923496773656,16.56238188235699,21.005980592070348,24.734731678244554,5.685675899282834e-17,2.6127157478717427e-16,0.0,3.9190736218076143e-16,3.2680287768172534e-14,converged
2025-01-16T07:25:00+08:00,23.416666666666668,-8.0,16.66666666666666,3.0,53.4,53.4,45.2,45.2,35.0,55.00000000000001,85.0,39.26635762512317,10.747246456719719,13.519959173303649,14.9991519950998,81.39554916081524,1.1681676690211493,53.4,53.4,53.4,42.784074256805376,43.76584146479688,44.053362220446836,43.60695923051296,0.430236,0.44559725058372296,27.098820183025566,27.276931538018886,18.625468088597692,26.980544908429987,22.86831850356779,23.017429875884318,22.940682752897157,22.830905595078363,18.62659874061177,22.98485315097085,22.908115855945216,22.79830719809532,1.0,0.0,0.3333333333333333,0.25,0.0,18.62659874061177,22.908115855945216,26.980544908429987,16.56238188235699,21.005980592070348,24.734731678244554,5.685675899282834e-17,1.175655701499391e-15,0.0,3.9188523383313013e-16,3.064531636028542e-14,converged
2025-01-16T07:30:00+08:00,23.5,-8.0,17.08333333333334,3.0,53.4,53.4,45.2,45.2,35.0,55.00000000000001,85.0,39.26635762512317,10.747246456719719,13.519959173303649,14.9991519950998,81.39554916081524,1.1681676690211493,53.4,53.4,53.4,42.78360628923055,43.76529284963869,44.052767893193185,43.60641522736358,0.430062175,0.44562200349891906,27.098127460174613,27.275996519816054,18.622528111776692,26.98018282879362,22.86656904910084,23.01546234015479,22.938943176081974,22.829439682096684,18.623631550443633,22.982888029159472,22.90637823922358,22.7968428577522,1.0,0.0,0.3333333333333333,0.25,0.0,18.623631550443633,22.90637823922358,26.98018282879362,16.56238188235699,21.005980592070348,24.734731678244554,5.685675899282834e-17,2.6124231055214757e-16,0.0,5.224846211042951e-16,3.850592814086835e-14,converged
2025-01-16T07:35:00+08:00,23.583333333333332,-8.0,17.5,3.0,53.4,53.4,45.2,45.2,35.0,55.00000000000001,85.0,39.26635762512317,10.747246456719719,13.519959173303649,14.9991519950998,81.39554916081524,1.1681676690211493,53.4,53.4,53.4,42.783147923393656,43.764752882535205,44.05218221393889,43.605880133271924,0.42988835,0.4456463510393467,27.097457786425693,27.27509065379764,18.61962261929406,26.979837211900765,22.86484755736331,23.013528711546247,22.937231229821023,22.82799437078296,18.620700067790864,22.980956797142614,22.90466823913915,22.795399108179645,1.0,0.0,0.3333333333333333,0.25,0.0,18.620700067790864,22.90466823913915,26.979837211900765,16.56238188235699,21.005980592070348,24.734731678244554,5.685675899282834e-17,1.306140188912445e-16,0.0,5.22456075564978e-16,2.7475554639991754e-14,converged
2025-01-16T07:40:00+08:00,23.666666666666668,-8.0,17.91666666666666,3.0,53.4,53.4,45.2,45.2,35.0,55.00000000000001,85.0,39.26635762512317,10.747246456719719,13.519959173303649,14.9991519950998,81.39554916081524,1.1681676690211493,53.4,53.4,53.4,42.78269912502413,43.7642215304371,44.05160514756464,43.60535391406373,0.429714525,0.4456702947599844,27.096811086926927,27.274213850267067,18.616751455354695,26.979508011915602,22.86315391371813,23.011628858353696,22.93554681214564,22.826569588722208,18.61780411302467,22.979059323420614,22.90298575388148,22.793975877076875,1.0,0.0,0.3333333333333333,0.25,0.0,18.61780411302467,22.90298575388148,26.979508011915602,16.56238188235699,21.005980592070348,24.734731678244554,5.685675899282834e-17,0.0,0.0,7.836420097706776e-16,3.7609390391906154e-14,converged
2025-01-16T07:45:00+08:00,23.75,-8.0,18.33333333333334,3.0,53.4,53.4,45.2,45.2,35.0,55.00000000000001,85.0,39.26635762512317,10.747246456719719,13.519959173303649,14.9991519950998,81.39554916081524,1.1681676690211493,53.4,53.4,53.4,42.78225985997848,43.76369876042172,44.05103665909676,43.604836535698716,0.4295407,0.4456938362097119,27.09618728706951,27.27336601980374,18.613914464867364,26.97919518312993,22.861488003998204,23.00976264938372,22.933889821463456,22.82516526375398,18.614943507419884,22.977195477004056,22.901330682015473,22.792573092396985,1.0,0.0,0.3333333333333333,0.25,0.0,18.614943507419884,22.901330682015473,26.97919518312993,16.56238188235699,21.005980592070348,24.734731678244554,5.685675899282834e-17,1.3060010299554382e-15,0.0,5.224004119821749e-16,2.861165619857751e-14,converged
2025-01-16T07:50:00+08:00,23.833333333333332,-8.0,18.75,3.0,53.4,53.4,45.2,45.2,35.0,55.00000000000001,85.0,39.26635762512317,10.747246456719719,13.519959173303649,14.9991519950998,81.39554916081524,1.1681676690211493,53.4,53.4,53.4,42.78183009423979,43.763184539692645,44.050476713706615,43.60432796427017,0.429366875,0.4457169769313346,27.09558631248694,27.272547073262192,18.611111493441506,26.978898679962814,22.859849714504485,23.0079299539525,22.932260156557035,22.823781323971474,18.61211807315044,22.975365127411795,22.89970292247997,22.791190682346052,1.0,0.0,0.3333333333333333,0.25,0.0,18.61211807315044,22.89970292247997,26.978898679962814,16.56238188235699,21.005980592070348,24.734731678244554,5.685675899282834e-17,1.1753399025272306e-15,0.0,5.223732900121022e-16,2.750862728449114e-14,converged
2025-01-16T07:55:00+08:00,23.916666666666668,-8.0,19.16666666666666,3.0,53.4,53.4,45.2,45.2,35.0,55.00000000000001,85.0,39.26635762512317,10.747246456719719,13.519959173303649,14.9991519950998,81.39554916081524,1.1681676690211493,53.4,53.4,53.4,42.78140979391725,43.76267883557916,44.049925276709985,43.60382816600429,0.42919304999999996,0.4457397184616076,27.09500808905421,27.271756921771253,18.608342387384077,26.978618456960216,22.85823893200404,23.006130641883836,22.930657716582466,22.822417697720642,18.609327633284828,22.973568144668974,22.89810237458639,22.78982857538224,1.0,0.0,0.3333333333333333,0.25,0.0,18.609327633284828,22.89810237458639,26.978618456960216,16.56238188235699,21.005980592070348,24.734731678244554,5.685675899282834e-17,6.529332983199359e-16,0.0,0.0,3.008728958747179e-14,converged
2025-01-16T08:00:00+08:00,24.0,-8.0,19.58333333333334,3.0,53.4,53.4,45.2,45.2,35.0,55.00000000000001,85.0,39.26635762512317,10.747246456719719,13.519959173303649,14.9991519950998,81.39554916081524,1.1681676690211493,53.4,53.4,53.4,42.780998925245655,43.762181615535766,44.04938231356644,43.60333710725971,0.429019225,0.4457620623312603,27.09445254288704,27.270995476733184,18.605606993696394,26.97835446879466,22.85665554372816,23.00436458350715,22.929082401068005,22.821074313599297,18.606572011781605,22.971804399305068,22.896528938017333,22.788486700214925,1.0,0.0,0.3333333333333333,0.25,0.0,18.606572011781605,22.896528938017333,26.97835446879466,16.56238188235699,21.005980592070348,24.734731678244554,5.685675899282834e-17,1.305801139941142e-15,0.0,5.223204559764566e-16,3.3928120872117043e-14,converged
